symbol,R1_P1_T00,R1_P1_T02,R1_P1_T08,R1_P1_T10,R1_P1_T14,R1_P1_T16,R1_P1_T18,R1_P1_T20,R1_P1_T22,R1_P2_T24,R1_P2_T26,R1_P2_T28,R1_P2_T30,R1_P2_T32,R1_P2_T34,R1_P2_T36,R1_P2_T38,R1_P2_T40,R1_P2_T42,R1_P2_T44,R1_P2_T46,R2_P1_T00,R2_P1_T02,R2_P1_T04,R2_P1_T06,R2_P1_T08,R2_P1_T10,R2_P1_T12,R2_P1_T16,R2_P1_T20,R2_P2_T24,R2_P2_T26,R2_P2_T28,R2_P2_T30,R2_P2_T32,R2_P2_T34,R2_P2_T36,R2_P2_T38,R2_P2_T40,R2_P2_T42,R2_P2_T44,R2_P2_T46
gene0,0.468501265154379,1.03726890378009,0.239448985438019,-0.156512120538271,-0.368726095710769,-0.181231154982516,-0.283955001482826,0.15770630669274,0.282517326294109,0.647014463694983,1.37965535216384,0.787589062887459,0.807000723037235,-0.34713179088178,0.33673474886731,-0.718812080005779,-0.820392598285436,-0.573171299455528,-0.582475381127803,-0.0703777683471459,0.421559567919001,0.554756594509512,0.279666633247114,0.619404202077495,0.23508788111722,0.186567671461855,-0.458703512409302,-0.755467747642153,-0.161303932449009,-0.737286999973946,0.662991944953393,1.04792814265449,0.871618476640913,0.579389017483059,-0.054792386046252,-0.266886268151667,-0.394491858958879,-0.748729250463669,-0.820042176721541,-0.401603741816811,0.385882754482975,0.353976570862741
gene1,-0.873885785086034,-0.75054001537758,0.0404194613325072,1.1262339498168,1.03303537336846,0.425429242653934,0.169252117535263,-0.11205703521962,-0.533491331881371,-0.611074352650663,-0.786071031210787,-0.442564809946488,-0.172192493868534,0.13524830039241,0.645765125716516,1.07457212055343,1.42233398165421,0.532843176748703,0.345093866339934,-0.17654054589956,-0.745434657912392,-1.04723896108948,-0.584614308616521,-0.135929183727686,-0.282530412380301,0.566238515430882,1.08617769283499,0.873907439525035,0.361361941034471,-0.469011207132582,-0.516965669247306,-1.18658897112294,-0.571350656578414,0.0007963329563513,0.604763167530765,1.04372873249265,1.5708179728704,1.08998305993354,0.663151039276708,0.409781489181619,-0.105551070980251,-0.306958418474384
gene2,-0.812035941701433,-1.24639798292148,-0.194888970311392,0.469136056106682,1.09468680662009,0.445963853045415,-0.0063260639257011,-0.271332164609845,-0.484898615666482,-0.719643212629607,-0.494676778221206,-0.549458554064051,-0.387467663570628,-0.194599455709405,0.338497459332297,0.556404686444122,0.601526518034092,0.883991609394989,0.0059274892543392,0.0848437060833075,0.0629240623133563,-0.971310980447423,-0.80780438905586,-0.484961864219716,-0.220242051559069,0.494720534781757,0.557627311761463,0.9922261995717,1.005961984144,-0.163718930261244,-0.369706322663947,-0.993399244960407,-0.958603332733443,-0.311175191826364,-0.0768555500338467,0.759126395664992,0.627727321560748,1.15256086430416,0.56999061645656,0.346010225852658,-0.513352167015342,-0.564006548489179
gene3,0.426021788657005,-0.443253926162138,-1.16703884496299,-0.486090914550052,0.378034634960883,0.985671262687767,0.424624453193748,0.821938870100313,0.953836830477355,0.289756649358256,-0.318514114156892,-0.423704690274486,-1.16705813215231,-0.343101423093093,-0.15562658708904,0.121922853461283,0.463117968019281,0.86265476550014,1.01801992687008,0.548225593535573,0.910298571739086,0.215607700143581,-1.05558770755645,-1.13726641534812,-0.749016502947446,-0.975344945533254,-0.875675697335535,-0.457173410432898,0.919127391713518,0.581601427331308,-0.432756398355212,-0.522482248771577,-0.375826741548097,-0.753542289402792,-0.576679007270566,-0.365600461051694,0.0370751022109773,0.535970715360963,0.950149982147505,0.766260587269917,0.617287395229183,0.590336185299548
gene4,0.441529070273429,0.466739110895019,0.48337847266585,0.0651868623209711,-0.426987005293199,-0.902052324181727,-0.930294045909122,-0.518030741529518,-0.115614845228965,0.422339909863702,0.613236467606032,0.15698177225959,0.767660595936071,0.79914912963385,0.150736990692569,-0.563948705662795,-0.854956491750028,-0.825113144846542,-0.979317406838411,-0.514708959441705,-0.239802558923586,0.257283344838618,0.104030096374305,0.924073386904316,0.812774689007416,0.336886124853994,0.182167433225541,-0.394680273037789,-0.394723165181205,-0.284091278265529,-0.0050564701701708,0.942069678491689,0.623124940406436,0.764198762578489,0.407324493734848,0.0266118652925564,-0.656574077631986,-0.418437593917098,-1.05073674307626,-0.513465366132783,-0.260674556455444,-0.0817744544864294
gene5,-0.773616820368863,-0.479734066560568,0.30744906609846,0.681598701430941,0.445100498386827,0.228123258188428,-0.228808397257859,-0.476979208826055,-0.666187762483824,-0.707811795179843,-0.728261901110155,-0.200595629532041,-0.0658547893055385,0.234329804284205,0.393288090778202,0.308899775790136,0.715557082777828,0.473969065052781,0.160672245488035,-0.518272368840482,-0.912012976483565,-1.03667103450168,-0.679874999143744,-0.471783547132858,-0.0282585205026403,0.372276771712617,0.498495740023197,0.99947669091539,0.249428992472923,-0.440903479480863,-0.797745492098793,-0.730773688561971,-0.399316340702333,-0.201355700229394,0.300105540661716,0.540064059750178,0.795958580614986,0.217511124463668,0.621180988540921,0.0323113185301012,-0.254422880987206,-0.592596526285754
gene6,-0.132440272786326,-0.647452009304007,-1.33740933588986,-0.87811512611225,0.535865560037536,0.644730388039725,1.3293700325511,0.911017535264942,0.748643042203138,0.563934941989752,-0.382038868380863,-0.79340711801995,-1.27891905514466,-0.285515124425287,-0.569445054104155,0.260363012457742,0.296138594484313,0.614158894663167,0.755218598574081,0.641366050228891,0.968531817082078,0.554144552054638,0.010793967615532,-1.1374683636603,-1.11273592790336,-0.954505776966938,-0.567072864375786,-0.170754743010562,0.999743817474247,0.887724547567433,-0.128304603686286,0.198680487851673,-0.480030181926548,-1.01028763259004,-0.934454557812288,-0.17734386773621,-0.3127649561104,0.72519181360754,1.06787945022523,0.795911708251649,0.969680585661303,0.623368347528594
gene7,-0.737220034321148,-0.63069039899772,0.502394679726423,0.882875278849954,0.562818080605154,0.096709276365407,-0.128611397776822,-0.622431235724452,-0.610326916117054,-0.716507536576852,-0.445871802606053,-0.0559727152875082,0.235904287096416,0.454735169457035,0.626674307667979,0.573459168980008,0.943774613299189,0.136041868355052,-0.190233554754717,-0.63216744134299,-0.662135321800237,-0.862224342797914,-0.747199594213718,-0.273728000692724,0.404549642083924,0.828784877948167,0.483659916339452,0.547817285678106,0.0281352764825722,-0.408060402697355,-0.533510806915437,-0.394741559714364,-0.251036709502167,0.262541237226073,0.699568845080126,0.569605282148129,0.623378662369947,0.531221149712214,0.0846531293567837,0.0286392040212837,-0.456134385669124,-0.81851579250618
gene8,0.417670221784941,0.244596351879081,-0.60937012296513,-0.760158819222806,-0.0843599514047386,0.206195560623143,0.432885372073768,0.849399838239362,0.460340278473229,0.581091417506605,0.165489477289956,-0.287481105343401,-0.850839667581807,-0.651463602896078,-0.635534222851102,-0.784385289352412,-0.0306218849534312,0.23569550227172,0.601872455746001,0.456385014929068,0.537097166347441,0.32683418479732,0.110142000288973,-0.497290749381912,-0.492303151798015,-0.637907734117437,-0.631175189644212,-0.532294450162031,0.248048029244955,0.807477986418999,0.585806183785293,0.0168626009965739,0.125659151948753,-0.24533242634932,-0.643933975337861,-0.569282139811132,-0.52611982617066,0.0382277771383267,0.572399291985661,0.445923983298014,0.525498923392729,0.641250062739627
gene9,0.263402035726241,0.102822862829966,-0.745220221020802,-0.42716094510301,0.692501718292813,0.46060492655365,0.662950980479621,0.731717850572058,0.645790231990097,0.673882758699198,-0.288584647990042,-0.81221105114982,-1.41460909410554,-1.0223195835751,-0.972569353061549,-0.122419859140914,0.331531354227204,0.950404729804032,0.968163800306939,1.30358462622801,1.54910191875389,0.0172195482553686,-0.257972058310272,-0.696071206189921,-0.58622346718261,-1.06245857271095,-0.860313408776751,-0.198494247847896,0.614805096138813,1.03649244974887,0.406238027346169,-0.439899090004151,-0.390136796844048,-1.39908912561213,-1.19975595119363,-0.65578176996381,0.0502211593915407,0.0749995541256256,0.73956751187861,1.06134959997414,0.583926304360855,0.941744738285545
gene10,0.486243983626533,0.928417702168022,0.56534027261073,-0.522342676744776,-0.870625267913554,-0.507713979706957,-0.456582817138092,-0.298840022047296,-0.0253306174982875,1.02426793347377,0.97774665529967,0.572155312400558,0.305422755339089,0.177225308489987,-0.164096510570061,-0.592761026127701,-0.489525629138627,-0.749440626609253,-0.568234215146597,0.200740370281883,0.645690421534116,0.766718581218032,0.15446366701077,0.603409748125435,0.616895408130328,0.584283269356739,-0.311648267226128,-0.353374387641693,-0.31868850187591,0.0282641644945328,0.243941110487269,0.292351313969206,0.470550534413508,0.65812772127648,-0.0236691584852175,-0.255419479450732,-0.295110546647648,-0.610841784640739,-0.918721340081052,-0.566178951597133,0.124329886323856,0.318182903400143
gene11,-0.533987768310046,-0.355013738693959,0.426354002479099,0.614856526479263,0.264750654774922,-0.18370837212677,0.262097549662176,-0.758255680190531,-0.534243471046167,-0.437649069554801,-0.353187748371468,0.0023633708514304,0.285231964427377,0.631611636942284,1.0211379827163,0.45793378371355,0.949878674678997,-0.0087946353133691,-0.280145841143294,-0.74940698696837,-0.814991097665746,-0.658081208001582,-0.23065945755299,-0.221559490412233,0.159346234573273,0.795557448302047,0.448705936181988,0.808757717805696,0.27411936398952,-0.892309563129356,-0.765329694385702,-0.316370305882251,0.0497841784213329,0.222899463467581,0.808788090632802,0.76033128982344,0.485335804412414,0.439792563418753,-0.105606730566005,-0.500446927461368,-0.672274451709811,-0.801623165083485
gene12,-0.207154754600845,0.245452980505963,0.541759241235594,0.46523678517668,-0.177287512128561,-0.186344361629652,-0.854565565143443,-0.823660686354717,-0.423578590562376,-0.0649467473593101,-0.0427062942129388,0.33426241793479,0.681332085290576,0.63491001501161,0.486211356902183,-0.15992867914861,-0.125925290415083,-0.180346950387311,-0.608382954726924,-0.688162314803673,-0.357374860791536,-0.212254424747696,0.330856062562719,0.132719858801044,0.373430351379612,0.225914642930191,0.752712252677839,0.327318142910199,-0.484877258404847,-0.636936195084587,-0.496055049270757,0.0293816445650592,0.267444868375731,0.283315886263632,0.688200481475413,0.442772326474944,0.194303043626995,-0.415143035596694,-0.313799812916507,-0.311860108560875,-0.701168990565258,-0.423107871361146
gene13,-0.586748820710801,-0.625265751234016,1.16154393442665,1.12168532492798,0.742700156895431,-0.2938224319442,-0.595157388527013,-0.417344664750924,-1.40079993463014,-2.04558605081433,-0.51082229174816,0.426064541997668,1.34979588783062,1.06087759944408,1.14745412860373,1.66875241148049,0.663077881843939,-0.117835201286307,-0.736948594762543,-0.857806228449768,-1.54734069068619,-0.509408031399269,-0.437035544250564,-0.663666528195402,0.261929424242503,0.748224311265132,1.09753585427089,1.16677908505906,1.30322746370902,-0.226554549369704,-0.508618093001988,-0.506617713864922,-0.396961232110754,0.678009669500387,0.88525310631856,0.501051608811365,1.8263978758702,1.58258621558912,0.660493792242421,-1.03163191667434,-0.65265885124026,-1.52635881798761
gene14,-0.161543816433201,0.227508523448155,0.262011852136058,0.781975499777427,-0.136318582667178,-0.375233270159278,-1.00392432168371,-0.250013569438312,-0.809242516045347,0.647334683139029,0.195186844761378,0.671349476518048,1.10977362736193,1.01225420966737,0.564404313797218,-0.562687383266373,-0.518949052154105,-0.5224165903031,-0.818168940960851,-0.722614516855612,-0.760259860260865,-0.313972346140102,0.0744922188941961,0.590183625857724,0.640361806419353,0.553303034027161,0.241910944811922,0.0768249121475947,-0.586887343211389,-0.575729262035377,-0.03342133604698,0.496413702386848,0.611393976217093,0.646716047145828,0.688643859246646,0.181907745846396,0.0467140254418361,-0.0997192381665717,-0.862670361760107,-0.467646470604106,-0.42553774066845,-0.508952745547696
gene15,-0.0857183665251992,-0.0333305262628454,-0.633279348170033,-0.33018060503134,0.259460203339936,0.454622563526766,0.532782008014557,0.75998948452899,0.434991786931364,0.130442476769746,-0.142430114869227,-0.270763373350427,-0.558665839988077,-0.340320150580563,-0.122769628080798,-0.18500973024473,0.302365647978618,0.565638365130245,0.298776693385175,0.457263720704702,0.238483508038311,0.143604705680745,-0.313348672164539,-0.33164370744847,-0.41123623919219,-0.375880087053224,-0.416774155431643,-0.137309955454868,0.361088714471826,0.518200360963217,0.371889205540373,-0.14768817259302,-0.374064696755947,-0.591493740505057,-0.428950605111966,-0.320864398497682,-0.298593807318598,0.272848014562105,0.294541650434571,0.753950002168824,0.435505502542392,0.136253641882387
gene16,-0.714492659446378,-0.604045390945957,-0.0881800687920723,0.233039961788566,0.776061824491449,0.666115430829252,0.641724348086254,-0.114627225830202,-0.150237155716384,-0.335605216351434,-0.870775592161779,-0.532594681686145,-0.787133884862214,-0.0034172609983298,0.314653229746641,0.862755278194464,0.537452376833238,0.547055060847479,0.537276199607885,0.0737066615600702,-0.349639170790747,-0.823819169286297,-0.641978356729262,-0.738598499207977,-0.423087281560349,0.020682463546799,0.187055731201228,0.553532479620076,0.458540646795735,0.299959281853615,-0.623209383947813,-0.680826635940294,-0.892201388893278,-0.321555286161868,0.177812607784539,0.17361543559056,0.611324042634064,0.660933857332087,0.780588146141323,0.494582745385881,0.0853089066374929,-0.485114255753684
gene17,-0.100796307975297,-0.0770856516237329,-0.402928162920585,-0.0155386341482025,0.557446818274712,0.439683364236676,0.416143877294731,0.39497823459583,-0.0431031654118398,-0.403105419555304,-0.627856876696385,-0.513497684797356,-0.525768805989415,-0.483289465956812,-0.0031230694496015,0.21925697221208,0.359603347213224,0.756080032898238,0.497914828128959,0.2636647281767,-0.0624415796540542,-0.133315747708871,-0.404734342857857,-0.663607953651783,-0.627843663720885,-0.269065138164621,0.0090704683453544,0.334789519912575,0.602209637455279,0.32491505092628,-0.387924374156737,-0.852129227491143,-0.48187622352835,-0.257370756221378,-0.414280693081969,-0.164288502353903,0.219219492701249,0.409136215441471,0.286737672846103,0.397008434111574,0.321009630870037,-0.0566512772794909
gene18,-1.04953005808981,-0.549795115540504,0.609078490690579,0.669019495525793,0.590228727217915,-0.107357096577513,0.40219769845338,-0.598769526509045,-0.373979531145026,-0.57708079088997,-0.153673500190486,0.948690495736472,1.11997788481341,0.399031036539678,1.32343115293622,1.04869082131487,0.102845323995669,0.0971344817006882,-0.896428296881418,-1.21671376312687,-0.398542073984013,-0.287843686831939,-0.362160716517341,0.583107373079706,0.405942655387564,1.24362915568815,1.01436501572607,-0.117621085461476,-0.432976551716735,-0.218888550942043,-0.271546785735781,-1.24172296643189,-0.486589231827639,0.415388491844387,1.10405923894335,0.997676388510054,0.792312551670601,0.285789073395336,-0.613091764789544,0.118433162417151,-0.258320693119505,-1.54391075689869
gene19,0.306238951469581,0.761922078064592,0.432572132750804,-0.190549465192267,-1.06131938930457,-1.22901166816084,-1.468719947358,-0.927352099668826,-0.406043124228268,0.396552070003608,0.350526309690645,0.958289757526377,1.13009660415152,0.151216074608714,0.1286912736956,-0.0306596787136792,-0.781949070899211,-0.704852357423403,-1.51520125856122,-0.15213095253514,-0.592479653888271,0.218665478273848,0.976432072719016,0.963645912426342,0.562216437048302,0.257456201234721,0.0300042635412523,-0.292617020430029,-0.242248149409567,0.227625945915365,-0.076100633315031,0.962325340725763,1.33219572809491,0.687235167271885,0.157488132480511,0.145154186951563,-0.772167338285442,-1.29341894019404,-0.982595530668819,-0.648691231934708,0.458435855829405,-0.102567556232095
gene20,-0.927825987354193,-0.470061069967673,0.995793023143503,1.59978731067834,0.621945506656141,0.0961934899148249,-0.382316791501731,-0.822365854220467,-1.21809448668008,-1.02906175432575,-0.865606637902906,-0.330344209065432,0.51296394436499,0.581531667165116,0.571517542883754,1.11095950333281,0.672610829498856,0.335632799291339,0.171751328712864,-0.824228197984402,-0.780952128863075,-0.782576126499117,-0.493033529071087,-0.270740723166053,0.774314647912428,0.232209639778712,1.12183201433178,0.683682049636695,0.13692684739664,-0.876305396947164,-1.83930137152196,-0.659918236909406,-0.306467782292031,-0.446904582792272,0.791024931292722,1.32121229510502,0.594214408820736,0.527629299143324,0.0945671851910974,0.0026603285779132,-0.7933086083519,-0.783338247523723
gene21,-0.511098553794398,-0.934438594862645,0.0433270233661088,-0.563355008966164,0.789155728620886,1.21975505107177,0.20621798926682,0.542246818778971,0.155529519119146,-0.393240291101825,-1.33846196423833,-0.383664932807244,-0.0753440364602418,0.15186663906765,0.128879596686612,0.479686231676832,1.04311293372043,1.00734121999173,0.705058242395176,0.572069136097613,-0.240514785656986,-0.392591673822756,-0.251903193040806,-0.960046821256079,-0.74654734026295,-0.628927574624225,0.236842216739389,0.790617239394777,0.514861816180486,-0.0696580808552733,-0.51943627840804,-0.309199337003033,-0.236725014813449,-0.435393613939066,-1.03936644545587,-0.188872613535984,0.949126755002662,1.18406399595252,1.1199927112751,0.364898756088847,0.468698337706954,0.289140425783549
gene22,-0.324359233274071,-0.347928425485279,0.643401270701525,0.518779842350774,0.218297685985018,-0.177607761771952,-0.257650515975876,-0.39556422667507,-0.586530421123533,-0.215662430568168,-0.125543399647062,-0.0909586950273099,0.625071178957644,0.491293068562979,0.543953990200527,0.242308986047433,0.0472849815988032,0.0766256424588179,-0.483826524310381,-0.336403763298138,-0.346395348292038,-0.316102294736869,-0.184591405202609,0.287941189169994,0.52453908607,0.472258871654958,0.560011166794698,0.471173237353863,-0.189367206378212,-0.506788465670563,-0.519592535794973,-0.109344950920807,0.0950648161173716,0.413901526378881,0.411928548823596,0.612147089762055,0.449511392668708,-0.0072956161191404,-0.0452898949936501,-0.28495449741818,-0.506080735359141,-0.315852830917773
gene23,0.388039781639376,0.708580537868152,0.104214296219714,-0.490021257303365,-0.293369016363543,-0.483281565982577,-0.0871822266002069,-0.350003220441114,0.596314202110187,0.0784407193232733,0.868061889040619,0.189578819766156,0.306473785695442,-0.0777011569178417,-0.058335078775998,-0.654305089942289,-0.470773310019255,-0.742895446636811,-0.426982483292603,0.0859624317170461,0.114514670457903,0.673764648790679,0.479653284962481,0.497859976294424,0.433240778396041,0.0195209814524758,0.0713430100197127,-0.722034928783845,-0.897228298024011,-0.238609522636882,0.549999584873538,0.467767532904505,0.460787695083451,0.0759318401244987,-0.096323340811157,-0.502975025939814,-0.560457479022304,-0.647325020019667,-0.572821396879839,-0.153632476542756,0.36259031956778,0.441459818494029
gene24,-0.28936266291006,-0.443249103777198,0.370576420590779,0.39537854694629,0.527635279453379,0.384323132396241,0.535795063294359,0.174223694651503,-0.558378047328864,-0.578168486949895,-0.724298913945185,-0.632641876626121,-0.109199077539515,0.528863733057792,0.333672021736105,0.768235404180684,0.477845096423483,0.19982391909455,0.258874886876463,-0.126299152809139,-0.301923282413632,-0.49105891724233,-0.554004457497988,-0.514410404555086,-0.0490269548299278,-0.0216254129895767,0.394415271184799,0.562009145331562,0.325335519830174,0.246696581239793,-0.223921614036037,-0.313476850352645,-0.269124600277573,-0.170534184469433,-0.073249027333731,0.301393229343104,0.300401330791299,0.563805598617475,0.574249976269004,0.307772866311666,-0.003778561275719,-0.441225468694041
gene25,-0.406926068313565,0.235095628409368,1.13707621723392,0.464844660525665,-0.364615549521104,-0.600612637395601,-0.561184076943033,-0.276081369888042,-0.512270033258728,-0.455063608032013,0.315571424810637,0.507542326383776,0.683306079537205,0.531110825317534,0.320391730184209,0.441152352143129,-0.279820489912124,-0.580572283126389,-0.378787373556784,-0.780358671762442,-0.749946176943571,-0.479616131659279,0.111526872408518,0.744118252632386,0.703568943941595,0.67712556064738,0.686959666473366,0.256841348925482,-0.294710250546931,-0.613867634313018,-0.116390147422501,0.0264354513385268,0.419085080713814,0.517099618480755,0.729100484282738,0.585331697302363,0.24584631629893,0.18896613298498,-0.483787825626538,-0.774885757189058,-0.575197378152863,-0.77968016362408
gene26,-0.582631439535467,-0.286944738838491,0.691959821558736,0.823175584130903,0.38965299013556,0.190927472510614,-0.626071889592722,-0.509261048748832,-0.338761035923839,-0.260168795014947,-0.387454852960287,0.173225282330164,0.11397987829118,0.407051711990502,0.626428319476732,0.576658532762607,0.533317218356569,0.3068304003891,0.576226029208046,-0.834454973217117,-0.89950130026082,-0.622152386704777,-0.0261370474061008,0.0902290961945873,0.435874666351942,0.565706753625937,0.441984160181908,0.594256136284528,0.193378135292757,-0.619725656251391,-0.393298214245386,-0.384585017608501,0.178176251547303,0.499495097820684,0.885339910736882,0.688623092229572,0.370929158750806,0.334596013267034,0.041530137872014,-0.300711700619174,-0.955518129087942,-0.596815975788505
gene27,-0.555653357705298,-0.450828751503493,0.963649712739122,0.389322928987219,0.181795043496889,-0.467187088575896,-0.370310206684896,-0.758350424782127,-0.545125997648871,-1.10328936994881,0.144470158892949,-0.125848193365689,0.156849752579044,1.27133038396139,1.5122792038041,0.597727948142833,0.466701003442226,-0.186197297103891,-0.427113345969807,-0.609051722071052,-0.872271093566995,-0.109000838886147,-0.546735966847177,0.7326852702773,0.367588931736889,0.778734969645853,0.973326584700085,0.488740285213151,-0.122815129756058,-0.940775195117102,-0.822987121524535,-0.345020407959773,-0.213071566593717,0.33384148123893,0.812277232169079,0.532179320874462,0.891645046024615,-0.123821638634838,0.215558741194138,-0.927110661788267,-1.02177850784231,-0.790706125219489
gene28,0.770376487437631,0.285605593255326,0.442949611995973,-0.463822734880905,-0.988706368556211,-1.24383719745357,-0.319940263375584,-0.165985704649905,0.117543197223086,-0.284816451729675,0.472994607914213,0.724009930610729,1.14470808396174,0.369449812759172,-0.555035141212247,-0.88030692723131,-0.673096551226903,-0.503293408239074,-0.636943741509809,0.172318228422714,0.279888719988746,0.275465414513151,0.0437916813943242,0.50015645802893,0.418188137754919,-0.0087001140379258,-0.116885953489097,-0.339753135184718,-1.27973340466895,-1.12522386392813,0.706229220538865,0.284401279537901,0.916835634395954,0.711535729151158,0.18263985394111,-0.212274220159248,-0.55751564741099,-0.75925263055275,-1.51129975260193,-0.630827736990446,-0.041256078465863,0.202877669214307
gene29,-0.104571419965019,0.363488820522757,1.0054901033257,0.512381474070383,-0.303940666659325,-0.209185746523504,-0.872858235273586,-1.32305374689387,-0.763412100100566,-0.202391177543407,-0.0930747084395623,0.195858517784941,0.844466387297863,0.689681976784092,0.832650926483656,0.137818961064511,-0.234120963628032,-0.347981442130619,-1.11381385272818,-1.34924681602101,-0.81839193467018,-0.105300819836606,0.452299176581718,0.558253711530121,1.15432022089654,1.41496526727534,0.915317044726628,0.0768471175554387,-0.629982538409455,-1.2676557757533,-0.140279296672236,0.326093069439167,0.232219136314748,0.76784933684387,1.26832200764234,0.83977642081702,0.553706203893601,-0.359294925367028,-0.506351625396384,-1.18934365951432,-1.16553819654975,-0.96887545507885
gene30,-0.574311001230648,-0.58833023677411,1.10762657046255,0.478246588357901,0.38693468672428,-0.0910911126326157,-0.724145114851512,-0.840843227401229,-0.753263009415486,-0.649811329660954,-0.515194360139171,-0.0787284273195116,0.595019589497654,1.18242635788885,0.659817346331656,0.581053966176323,0.379124019096924,0.084717811529551,-0.499293069337409,-0.746636753161587,-0.608856468616961,-0.719637399120997,-0.668845843594155,0.0291726924028833,0.528982572050654,0.824608229164444,0.714747349220237,0.71817756138293,-0.0454450357653831,-0.606429539086277,-1.15961742441,-0.337928344466228,0.1403208371478,0.484195081102431,1.0089612103167,0.720732690852898,0.609830714692197,0.143088752341036,0.200903213776717,-0.246902478781817,-0.819449696348667,-0.975358051260354
gene31,0.112591424595693,-0.146269669095177,-1.07350908020723,-0.319157735826178,0.0250581738044076,0.476620121315091,0.607332464574137,0.735257226400111,0.202343255581433,-0.127293619964245,-0.207420901094023,-0.91329634845836,-0.225914171691047,-0.566480766136179,-1.02267588786863,-0.0393998478555374,0.325991607539096,0.805947525862334,0.983406875411537,1.10314544566105,0.424730770717135,0.619559308048309,-0.43040969095958,-0.0185181266813964,-0.391579448305405,-0.588317891792072,-0.551751670111404,0.0351757563876931,0.599359751477928,0.917018808542108,-0.303847870930693,-0.0385453871348537,-0.480880453047957,-0.47954228516492,-1.04913474035229,-0.255386003688927,-0.0232069004804615,0.0266643171249982,0.325875899872101,1.16203635808064,0.828458844201258,0.283391987050308
gene32,-0.748981875070461,-0.321834416790479,0.622312783944301,0.725288989253899,0.766956250058073,-0.0919832490645119,-0.562261166902527,-0.596582673397797,-1.17484603399126,-0.898979197246717,-0.46751444571042,0.0121758196223931,0.298378423724908,0.563275119204138,0.849613738338772,0.634531546114736,0.535908218062213,0.112947854453709,-0.143035981125495,-0.213939678718192,-0.903695531534523,-1.19474928025558,-0.601444845721645,-0.169301208916556,0.242960375174446,0.910976637352182,0.476733644788374,1.04712263786719,0.136191164111006,-0.453645375014754,-0.817187273930819,-0.498022502432528,0.0355146901022169,0.458949295126726,0.665077404529733,0.875504376727589,0.816575181091575,0.709734887565098,-0.0631225981010748,0.0654508542517882,-0.761638269046573,-0.630281091137511
gene33,0.125388317978668,0.622550964536397,0.19706525181512,0.114827548800871,-0.450822977061204,-0.730063798464288,-0.975360816003036,-0.683846098911214,-0.401485487005743,-0.112184138722736,0.393869767124901,0.717260550677571,0.593372311114482,0.561372905551353,0.305912072135738,-0.480998783739606,-0.526196023845337,-0.965933446466914,-0.467534889854088,-0.825992917445548,-0.239586714103204,0.0602489062158496,0.380436076911054,0.563001260590977,0.659572739231416,0.563168344229548,0.348009241803265,-0.366704764477623,-0.444611482978743,-0.615267883609476,0.404477399423921,0.375880839665461,0.728901049565615,0.46717318485653,0.470136584875801,0.280483316880782,-0.197027284110066,-0.724799845864982,-0.752494339500423,-0.54006147080563,-0.37802575144743,-0.317738058928425
gene34,-0.307994584271133,-0.685612855162606,-0.315046762200083,0.0678003582463372,0.749180146855079,0.55765044988949,0.719310999846114,0.338432088265419,0.268657314036464,-0.297234709398617,-0.485809542794864,-0.967520622288819,-0.617927906890328,-0.200378836324229,0.168010865997372,0.371663553017939,0.710323418662347,1.02820080256705,0.497179749282771,0.715606913770424,0.25525766866476,-0.517719298250598,-0.780773973808232,-0.747920396164049,-0.812106229601073,-0.274556684854288,0.377319499208283,0.722466849876798,0.703134162066031,0.319727516352974,-0.527923055164431,-0.749880906932699,-0.526451482938732,-0.686714056136688,-0.791199043691787,-0.148836616829823,0.440677019590487,0.965807465702932,0.665337127476752,0.750527645008715,-0.154865646047337,-0.0557907793803241
gene35,0.133920362504261,-0.0844247561324259,-0.159121670867513,-0.356254275908267,0.111104457841441,0.540821139428415,0.583382629530291,0.530211674528365,0.366826774495645,0.0338186982427051,-0.104009449295219,-0.520534219028959,-0.544942287199779,-0.400114524951886,-0.189228791033071,-0.143338927486345,0.255218724466121,0.347667002741875,0.442124674096696,0.589818139109256,0.145002191586067,0.159371541698788,-0.154738002861931,-0.307986770211507,-0.367634182416452,-0.408088656676589,-0.241430049001743,0.035178522660492,0.761806370663865,0.26009705210111,0.245903818930809,-0.066364917276811,-0.358765961671812,-0.37204636401091,-0.596400833228345,-0.241548985297963,-0.0845922091675418,0.457007796569045,0.423009700488705,0.513514242402788,0.420891940025489,0.220692954158183
gene36,-0.786541919032833,-0.621502984482513,0.747825351167141,0.628225445812331,0.399539100405217,-0.246097433925441,-0.439344150259339,-0.259720747187248,-0.735209850480127,-0.605783943235259,-0.670855856913419,-0.588297090341163,-0.180003667157124,0.636689845431861,0.934825786047455,0.692018231576185,0.379354638461626,0.254986116711446,-0.308744199125074,-1.11766953193872,-0.986405031024923,-0.525421083465783,-0.603286670773295,-0.236799145702135,0.0534784876979442,0.492292210577196,1.14352207727156,0.695731782836506,0.054722419127206,-0.929936737134925,-0.503904698320297,-0.825591811584789,0.0032458081128379,0.364847132800705,0.471706754987924,0.823140895802695,1.1763991109867,0.758965338794284,0.001868590000085,-0.365467906545547,-0.699050010786235,-0.740895218107181
gene37,1.09547611347505,1.16582963899784,0.294984141095254,0.0489689412483959,-1.0304324082788,-0.984705484370968,-1.63862185793393,-0.0634526150104791,-0.368311088034564,0.502459342847754,1.13055706903858,0.0689030527358861,0.532654854543757,0.277317307084413,-0.493773624391955,-0.298554943673458,-0.382061125802366,-0.717076466468778,-1.16338650399554,0.0738490052907922,0.508878673326115,0.485108725441051,0.560159269441754,1.49388782610975,0.752985391267435,-0.0490789244360195,0.484391343218142,-0.755764638526917,-0.727076942024726,-0.127410269873825,0.153023361347302,0.715275872113969,0.787841510118704,0.435358510085171,-0.15186788158945,0.307685192547068,-0.268411101217979,-0.246694938201757,-0.43478346008648,-1.04578121245818,-0.679041076156126,-0.191646045696602
gene38,-0.662291803962943,-0.950890301871239,0.193956093536038,0.546607682568937,0.697469028766966,0.661090254222694,-0.0004124767883038,-0.433059637841833,-0.596250331001014,-0.84691629983578,-0.627170584296233,-0.125081558192901,-0.152947837818002,0.433085849222618,0.822992144040118,0.717856645169301,0.628925516682542,0.33331269995041,-0.0636013863728681,-0.425702380614098,-0.50349638608444,-1.09725951781279,-0.391225149990567,-0.365122923308655,-0.0645538954925409,-0.0701104039690403,0.561719009658411,0.692298776596646,0.127476177756156,-0.469319537400822,-1.03778377733527,-0.364062383926849,-0.561077560494994,-0.128137526853614,0.726895206549404,0.755110130399333,0.650123534204231,0.580363481568726,0.505848929890721,0.217155094623365,-0.070445665477385,-0.446836960479325
gene39,-0.610925742934714,-0.341586840786694,0.24334172880872,0.378682234140691,0.383357020362893,0.2882676336272,-0.0110777487558257,-0.210061022577376,-0.215243733587196,-0.515086809004807,-0.520122254514045,-0.192190708914323,-0.0696886838339205,0.217415742624454,0.403418315117395,0.419325106691891,0.582737576718235,0.15825885105262,0.277860690702076,-0.253446196466269,-0.516783713139932,-0.612113125595435,-0.708328836238149,-0.363010111197161,-0.0976860422484309,0.262758247120275,0.380393877580511,0.791013185688132,0.410525855443358,0.0105742314964423,-0.407777390757175,-0.541038756047603,-0.300746101403156,0.0537138308858929,0.280962313653707,0.348311796872715,0.491780401181757,0.55031242777461,0.410134050665612,0.0725484735577041,-0.137642467340367,-0.326146040793713
gene40,0.545382012398716,0.715395108291105,0.583233254654769,0.706957599550315,-0.960616905413056,-0.724430697953835,-0.732002216648933,-0.623463998736298,-0.385833494084933,0.283638257720189,0.479116472016501,0.478782739390879,0.599062557816226,0.407824903376579,0.161208825315227,0.0466075994414987,-0.069310359811989,-0.587570246162842,-0.498029655311162,0.0431862319580915,-0.171125038014645,0.336805934153902,-0.0013812128033076,1.22525790532934,0.636003154689338,0.0021926659445619,0.626321069454497,-0.23494231271724,-0.812141813675422,-0.827700661097339,0.0643364781708416,0.0789311587313345,0.385277712633792,0.785795449669532,1.03891249608066,0.254017996428459,0.752467446463516,-0.0861207900287855,-0.782186013678554,-0.678403648847301,-0.0714690327295338,0.425444149161841
gene41,-1.15112238014618,-0.688604805790878,0.421242897714626,0.581269575491645,0.913089540094586,0.512519960444091,-0.0353104438169027,-0.488355111151902,-0.3971159365074,-0.896229697343325,-0.303688009723941,-0.322822807061846,-0.076441532660725,0.381396927076954,0.869578144935113,0.688049562570658,0.566984336357842,0.463368663389382,0.42275731522414,-0.386301230177729,-0.55939371688644,-0.750828345239807,-0.557748521061523,-0.536560826217273,-0.21721766834754,0.605628249368387,0.429138840995736,0.655702852281566,0.52235227096749,-0.223745760850066,-0.798857965327941,-0.567391854769439,-0.510289693761738,-0.0272901735936517,0.599552860590731,1.37811649934849,1.25009126856131,0.502590906874596,0.694128374605438,0.0286458895815278,-0.573123420563737,-0.969040196111748
gene42,0.460487589942059,-0.170315257395006,-0.605209082102005,-0.259494680892036,0.404616543383228,0.228912980093089,0.707110922712165,0.825310231509636,0.748974984287989,0.464164233137141,-0.323169210234451,-0.234775374338923,-0.555843182081902,-0.574374506939964,-0.329623209349576,-0.0140672446037172,0.0288717668810831,0.400097553908117,0.915315714387788,1.22721871758963,0.675231660356873,0.289246398449016,-0.0131045129570123,-0.543770223038799,-0.736939594795734,-0.588259502543302,-0.182575293006724,-0.216545412664528,0.720934494630147,0.799631791974496,0.295709885627898,-0.109586450635477,-0.679478602609274,-0.856432778797324,-0.69666901628154,-0.486038163310196,-0.326326479088066,0.27123779801298,0.2848613891644,0.71084456010409,0.760758397590795,0.785496904635735
gene43,1.01560693716644,0.771030738540435,-1.04367985796455,-1.13143772618327,-0.606651913607919,-0.13357526409519,0.198307226524183,0.618293469129433,1.123739650159,0.561547101849342,0.846535579337797,0.528457389926786,0.0310520936483899,-0.12065195479316,-1.0913492086168,-0.985040172943904,-0.707243525576344,-0.514821507910537,0.286658804335574,0.323208789055304,1.08604089901553,0.706662612514758,1.03141254835972,0.573293335075555,-0.12705046133132,-0.591086448694065,-0.695111919246117,-0.841097124354157,-0.519946442033961,0.259222245441842,1.06037500846986,0.853222984629425,0.218456663744677,-0.376595486413129,-0.696647383725615,-0.765099256912175,-0.996692497097918,-1.00534568211922,-0.356335401360882,0.0127976119409797,1.28072538728128,1.41266294041533
gene44,-0.725390399354085,-0.776493885004639,0.0865390963991763,0.522455117971257,0.814983699832199,0.442007418308942,0.279038919569202,-0.350422214628477,-0.299924866057586,-0.683088147926321,-0.510858093850596,-0.695728065385363,-0.359261391020921,0.0796845443792508,0.286729026474537,0.605212374999021,0.835793550058829,0.451835748178131,0.458983205644083,-0.337430361230481,-0.284881249098072,-0.336646859701079,-0.682297004719631,-0.182711848752451,-0.307604903677337,0.0769440378655415,0.38993327312526,0.755382699316849,0.844989576703742,0.171802818319138,-0.603766184296876,-0.677760882850439,-0.416291973854736,-0.384840247278552,-0.166365621116375,0.121817255252842,0.482527500056246,0.441243238979134,0.325293830921741,0.414754215548593,0.06037851787734,-0.519488975974562
gene45,1.14891697518054,0.920053993489976,-0.0699364748290637,-0.689688464197518,-0.568010013955595,-0.335406213465403,-0.116125042236807,-0.0294176286702487,0.668119458550555,1.12249757512542,0.848094951510252,1.45642763966123,0.379165356277945,-0.312117683731168,-0.835468273515657,-0.97323639496652,-0.712544625483609,-0.494340260133105,-0.219165216271306,0.0914217973954508,0.709870281259172,1.11192371902736,1.10247827710387,0.543818032558636,-0.137434420678368,-0.817937182272711,-0.532451909573075,-0.941440125324466,-0.989711441347191,0.242350848252302,0.980795899311765,0.567864318537338,0.566310680042021,0.0584947353240339,-0.218858611312091,-0.0962665080695101,-0.493987365579821,-1.04557150847106,-0.334119714416761,-0.227955027884723,0.158234051264137,0.642998649959444
gene46,-0.850426457106039,-0.0639709026620945,0.480685374135018,0.822629895676776,0.347718965748225,0.197009971435121,-0.366586168355713,-0.649653495347587,-1.10970092264258,-0.728020536232129,-0.557463446297787,-0.0577484861022756,0.346218076971258,0.413799566220493,0.919002429786899,0.738129974695819,0.491125067551314,0.0332327228494622,-0.208948704968766,-0.904491407221578,-1.01440148197017,-0.865823404951267,-0.491190618711506,0.0804753567021856,0.777813118873873,1.19580175027679,0.943695249739946,0.709248501520903,-0.0067847295157086,-0.711144387841186,-0.881356024570008,-0.495491577261393,-0.0525878518064284,0.706880089806186,0.888347410794556,0.627934975459861,0.605661383344096,0.613385282657298,0.0956485505322835,-0.784426195722878,-0.515558096993694,-1.18930957912846
gene47,0.302476394100915,-0.0625071111743631,-0.402843539265029,-0.586278525488077,-0.0383719593134793,0.56479749420895,0.355974827004375,0.68769965357594,0.256096638286922,0.42330104422604,0.0193994734889545,-0.0706395203240916,-0.69071943505805,-0.410493294975273,-0.669364596520796,0.157488227871165,0.262067742973791,0.44933495127351,0.164743940158692,0.90330333141602,0.490286431780887,0.146082512922706,-0.529420689817297,-0.573692313821317,-0.459363835426332,-0.527382469988117,-0.127368639735347,0.192198719693858,0.414043498613476,0.733028152063402,-0.010247115339123,-0.0734806513132294,-0.141546928779452,-0.347930731065416,-0.563453370865873,-0.142845112690301,-0.167267418374825,0.180806841129789,0.255583708429292,0.676918810131586,0.823939944970569,0.592860522865008
gene48,0.114838482595157,0.601528173349386,0.330650324691467,0.0334259685524787,-0.372215071144332,-0.650306912339753,-0.419414619790946,-0.241852805352067,0.0302784377445822,0.0440309498992891,0.426418965618993,0.551800807789783,0.51359624446666,0.300025206044584,0.0305895934131855,-0.0738656690771163,-0.59949235841519,-0.379180549398598,-0.428205448213883,-0.382647686911066,-0.125031642144187,0.165370058947773,0.607478467230056,0.556859321235471,0.806498617388382,0.294549282841744,0.0646115774053957,-0.210197222074202,-0.466322411784014,-0.585949721198186,0.262612798115727,0.451220002673828,0.582153598018007,0.49440104416081,-0.0131597902401067,0.090052381804366,-0.167780833375939,-0.619303249236061,-0.565725637156045,-0.502204425561387,-0.514005061415268,-0.174153793417823
gene49,0.390100133844338,0.66708155665844,0.514538945884651,-0.0455210188854959,-0.682453095771163,-0.581721237071096,-0.590692510069797,-0.242597123099915,0.300127520474203,0.458102634660495,0.603011255230751,0.808251561934948,0.491809977560899,0.378003356400733,-0.15983119401566,-0.3802520741701,-0.556983645350796,-0.869037179302055,-0.46437871438003,-0.254011393514586,0.11862334446769,0.72922938957179,0.969331199679972,0.709768567280565,0.513344797152148,0.421133987326984,-0.257788984033077,-0.244291914548659,-0.639062091167893,-0.282380637449627,0.573927837431263,0.777941732812,0.790948359496496,0.703199006823761,0.174872357905551,-0.0569866425440238,-0.217851002879536,-0.326826361422073,-0.665569000759779,-0.523177287861424,-0.162976622675275,-0.108771545899894
gene50,0.475287279273325,-0.211793691869884,-1.27255994009667,-1.03349440055524,-0.100725102876715,0.290093131847316,0.828938715553608,1.03671112367551,0.74940527800553,0.85349766225916,-0.0162782000373108,-0.673275919562183,-1.09937437985271,-1.1961081436068,-1.28888555129786,-0.818667121134037,0.0101558161427878,0.424436475786769,0.705654645620404,1.00767855939903,0.644048189570888,0.268880994322534,-0.194110895906345,-0.0273821784975625,-0.621248380563435,-1.03078454912041,-0.838465244915557,-0.540222468437045,-0.128990233997672,0.795487765469492,-0.0165461219959153,-0.097202073138954,-0.437712903679958,-0.979181572583767,-0.871152087039158,-0.925245628234413,-0.531965395290313,0.0462574856383881,0.332365222149383,0.713172585989303,0.952194870772816,0.785478681567387
gene51,0.799129049666247,0.78071490282663,0.260282953465026,-0.371656853973356,-0.622436627825402,-0.746668844053612,-0.411056708139212,-0.0984879095880988,0.376827637411801,0.954121841694063,1.13676379191196,0.993350640474987,0.645397800199797,0.0302259428643035,0.0181532335215096,-0.654992208397796,-0.64817248796946,-0.74382541269555,-0.345881356041411,0.0947393233012148,0.229298552765101,0.892098145114069,0.762465909941579,0.772597033877161,0.574357323328158,0.0447491744706527,-0.396369205140721,-0.497314960351945,-0.685453731876197,-0.224998322544227,0.684236681509248,0.740061583122002,0.843785735836266,0.619031782050773,0.233564963545138,-0.508279824290101,-0.633848156270962,-0.510391994123845,-0.555718583995969,-0.281498835036705,0.527921140705181,0.773248444225224
gene52,-0.598906222247329,-0.420892777631823,0.232902674128615,0.557275592800818,0.610526666348003,0.0138765769271762,-0.500743563798451,-0.274276962010287,-0.604053104742725,-1.18246875612098,-0.359873944650469,-0.591531396198731,0.104431417561211,-0.186888477892572,0.463173464050616,0.2751087999017,0.647909282918121,0.470780230525527,-0.212629308909945,-0.167132855803215,-0.994206367530295,-0.251525404142979,-0.453981873920909,-0.473267363338171,0.096561877732804,0.61190730624674,0.757424499740371,0.644474880244148,0.474915410820161,-0.0733491899933041,-0.898906078796366,-0.745245765300664,-0.22081227874301,-0.104487847156413,0.197610112326299,0.426319556600526,0.35465592222776,0.609508003812661,0.0128007629118777,0.383117348725641,-0.378448882703738,-0.701952224679445
gene53,-0.928057650971946,-0.549077588044342,-0.0227035645186601,0.780166450648816,0.591752134455367,0.0991244027195264,-0.163643010255753,-0.353113878271435,-0.811531242601696,-0.776016418419803,-0.93839968537461,-0.318788776840933,-0.128204145146342,0.346083925157609,1.16858336782209,0.605337707596915,0.768586172034004,-0.0039948658177028,0.0421364218377499,-0.530431313919387,-0.942307134193097,-0.714533097592842,-0.479564562564092,-0.454491463947886,0.234476732365512,0.400596874251912,1.2608238194742,1.11960683832796,0.21148622627023,-0.213393961133993,-0.643560371278345,-0.742581554952562,-0.806700555441437,0.113273839866899,0.494349616115716,0.757041905048892,1.1880099976727,0.855332442637945,0.477163888307179,0.286129407929022,0.0829353811330695,-0.59161100010088
gene54,0.137465209608497,-0.248755646834295,-0.352681741208467,-0.165681914973836,0.231013667791701,0.660544501638968,0.448818337850536,0.747596380267314,0.345988822868609,-0.164021206348433,-0.546178441512366,-0.635219489412163,-0.698096338744389,-0.383745565284893,-0.303789237238312,0.0022223973095213,0.165551713086408,0.45946665041553,0.586858608657547,0.532675164300564,0.388886719250635,0.0469407582634267,-0.110718388352614,-0.579063056795891,-0.619020640026755,-0.658970214341517,-0.439534689685196,0.0383196190335792,0.438267159777969,0.41749905654567,0.0508777263659318,-0.229529493846174,-0.298599710965764,-0.427854210687405,-0.597896349749138,-0.517722678400531,-0.0405267376912987,0.212784705933359,0.370332979284159,0.465921879519465,0.557418055588281,0.295848644545609
gene55,0.294023377618619,0.113209971051597,0.236933154113986,0.155352957150625,-0.492525146908381,-0.591519497143379,-0.362117856686036,-0.101203404096146,0.107960362205737,0.315714869963204,0.561898635049548,0.325189535203883,0.307078036735149,0.0862742841553043,0.0540894077463449,-0.18223631697472,-0.3461553199251,-0.569173748780043,-0.389550565622029,-0.198556798369348,-0.003257537493522,0.39540869875197,0.699875861791325,0.417556096691693,0.498608165172784,0.119538846934137,-0.27413041118555,-0.261069949057326,-0.557828717095349,-0.388867267774156,0.175965879349692,0.390934895470841,0.444749932833821,0.287873213918346,0.243960982573634,-0.205137710980425,-0.357121642801118,-0.494848237151398,-0.720219101690517,-0.416339725050648,-0.299085851091748,-0.0296795262011843
gene56,0.300083375377428,0.673898782553276,0.278957455321655,-0.115020432493417,-0.657200835800745,-0.773808135710941,-0.596827746240609,-0.596443817555792,0.13775844496769,0.217340112294335,0.451538518168277,0.4308289050422,0.592997228134703,0.134730549263622,0.113944218476078,-0.129347410014525,-0.83927135794204,-0.549805626012366,-0.532428109344168,-0.324987509441665,0.159924075586174,0.257877073322859,0.289376976538134,0.851391522143248,0.675300327514247,0.269797560788955,0.086620543802054,-0.38039173875138,-0.609473275626025,-0.161568329418163,0.0520942322148359,0.523136820398327,0.84939835029586,0.710170457440535,0.661914465386745,0.148818108741489,-0.458805423116204,-0.532029698568521,-0.665333439102131,-0.325969164058949,-0.603084556004781,-0.0916309969262772
gene57,-0.592278765332873,-0.520109060386175,-0.164282964258277,0.102745316592307,0.330456979157141,0.119680157304536,0.178126878525706,0.0206922447876426,-0.399959901145494,0.0152709996163394,-0.864750002502771,-0.451094984202215,-0.318528611637029,-0.103932629989165,0.713296950431588,0.75124842445711,0.637775278641275,0.717997525258802,0.311783695790809,0.122836587135721,-0.056371539756235,-0.577137804268359,-0.581618023493849,-0.568748787785731,-0.0558076637219748,-0.0344997885446011,0.315845236318397,0.148210600693695,0.556498769294318,0.082030851547845,-0.56264380846424,-0.432539554201651,-0.372344628889267,0.0041414218301017,-0.0505275948846491,-0.149069594288414,0.227762678523211,0.825757546270739,0.275755763839524,-0.106653510963847,-0.273515174838271,-0.381022077532362
gene58,-0.264308853187234,-0.518427039776473,0.388554826242441,0.238023136293674,0.610994888782961,0.594328823104738,0.0110654501403189,-0.281511433105405,-0.297326926067861,-0.439336810666438,-0.483016671459839,-0.733545019980709,0.142777876775148,-0.137976276337453,0.246771981528714,0.528852400245124,0.555428709537638,0.255729635763456,-0.0088212775032518,-0.235544516918164,-0.381009934958615,-0.462887014165976,-0.420203931131373,-0.162064582185689,-0.027819706700551,0.61063104894966,0.493642008204808,0.751531887738063,0.607989448212825,-0.122801389678796,-0.634929307253479,-0.448895702878055,-0.29706581716742,0.161352891305626,0.257459657740291,0.186672252399515,0.960631734518174,0.472752003704547,0.186329596852495,-0.0129279707940088,-0.146489473706885,-0.316576386519701
gene59,0.601025283499741,0.655250911180635,0.354010279301192,-0.2332328954894,-0.724461598011228,-0.592561937029074,-0.580715778432571,-0.12544289168867,0.276292857961463,0.502943726089919,0.897704264378724,0.629524371658044,0.572357077370909,0.518371914208561,-0.140977660530352,-0.606875700495691,-0.711247814022514,-1.09635631894996,-0.762913816736134,-0.276380909773663,0.232873235807718,0.358960695222289,0.770840339148815,1.15790378054244,0.877962627303658,0.380298128863456,0.145307146796627,-0.554379235249066,-0.88037461803384,-0.479729152188725,0.541422107738533,0.532479762447038,0.875788179717914,0.511819678952558,0.351564722099877,-0.255463827262373,-0.835857400307567,-0.965652580959448,-1.04748495356717,-0.900022513080564,-0.307385555938437,0.55749107696218
gene60,1.13898288655256,0.96213668525764,-0.390930129522245,-0.815490387001427,-0.625726208363482,-0.212667185792384,-0.218240504954497,0.526816460517797,0.977443638941284,0.623459069110921,0.257395075300568,0.278340100036951,-0.349274464619261,-0.943692218837768,-1.07736250902204,-1.34023867276542,-0.535725914674218,-0.389146956304412,-0.00322618138414,0.958365021529831,1.05833454095418,0.887722332868141,1.33434772649438,0.354208113143397,-0.323258599403876,-0.478674456653079,-0.378837641560361,-0.906037192262849,-0.585092489605817,0.661764682099495,0.342330213507893,1.03535876026511,0.564756020985709,0.188311668617207,-0.586676302907826,-0.864561297781749,-1.44604869602236,-0.996383365239991,-0.820003166691166,0.111663805689372,0.545926895952315,1.16812830698237
gene61,0.261076145114873,0.498744748587609,0.530116270615358,-0.297441648501274,-0.710637900134391,-0.72381940032644,-0.684046250617835,-0.804370160643779,0.244297462241033,0.194172433696673,0.760757982826804,0.97909155573548,0.661096618206353,0.349285152020023,-0.208794262301152,-0.805816952278603,-0.524784627591218,-0.745490136555973,-0.647183877280469,-0.252793373078125,-0.152377755766834,0.336852798797917,0.613661378989914,0.755405878368526,0.54917922613295,0.275507445356545,0.0840730392469819,-0.515216788176021,-0.824203090857469,-0.399126441695991,0.56384176547404,0.737722024436431,0.453881083780896,0.559074825728795,0.433688604048301,0.0024504931470566,-0.869382675481382,-0.849728390638561,-0.681137910702607,-0.614017649881657,-0.247111465050599,0.0285911521568811
gene62,0.402738673288631,0.954610959822385,0.364267455601802,-0.173518294099665,-0.822211850509034,-0.510362589964288,-0.787908801388363,-0.302245528339431,0.19926313058869,0.464664195511417,0.948482058924286,0.817817581314475,0.373291970779441,0.699963110078495,-0.235068765753182,-0.717810528112561,-0.509126597834384,-0.743133756318285,-0.526295384114242,-0.0833821168954725,0.0572654122733039,0.815932124886194,0.789374279632539,0.79133377570718,0.314718830111074,0.58382192656018,-0.077745695172692,-0.31780370776694,-0.628103688287291,-0.546620956128893,0.82093950072341,0.581921700152509,0.877814709204421,0.617082023295245,0.277806973051485,0.0924717761387093,-0.377875364391557,-0.781451939434846,-1.18685759927391,-0.977888424341332,-0.174798684885394,0.188713373616413
gene63,0.610580631168859,0.388972983161991,0.252684124850241,-0.0019172351185832,-1.37876037432483,-0.555754705213343,-0.637025260071136,-0.616534673781113,0.218820986470986,0.632967490160711,0.693192187931387,0.654928213626354,0.853548978293857,0.593407796811655,-0.270118252499016,-0.676736566166306,-0.932808828329959,-1.06103994493178,-0.561814284641277,-0.278463234275915,-0.122480076844524,0.663205609934964,0.844563758010133,1.04252307168529,0.826902247330841,0.27329500335841,-0.12102389988133,-0.570811612258313,-0.939089664605306,-0.119504444729707,0.815080715655903,0.975397524007907,0.729305105307544,0.668166728558392,0.214599603717487,-0.0337233256847867,-0.643486843530419,-0.661153503077864,-1.07651403488016,-0.498245212988041,-0.250291136013947,0.486922654096628
gene64,-0.983095155482775,-0.323263042345825,0.974007090085981,1.24001499807182,0.193015131920222,-0.361319747306613,-1.11527482918962,-0.737588672584957,-0.414938172928501,-0.508197483209558,-0.393347409332288,0.530530213046937,0.541346337865963,1.13729831423802,0.119060498222198,0.509509086153979,0.298543758970137,-0.228211094972789,-0.766598427439966,-0.982516283711854,-0.943261891880997,-0.249342185243124,-0.361110392297373,0.21136227529449,0.878240396113983,0.875453950228975,0.965476230644326,0.584534157192291,-0.0994761033378174,-0.976319052798869,-0.58250279897647,-0.301923557990688,0.0285958906172111,1.05379402771694,0.935265065763753,1.29400714208043,0.588906277485971,0.104348193682165,-0.329604154769023,-0.670253752145179,-0.834432782859741,-0.911476147352911
gene65,-0.382782176247704,-0.220945292341736,0.150431787872672,0.432378514653723,0.249060077248111,0.118989839669519,0.0620239699363743,-0.20924293172771,-0.640153973152932,-0.396173279324234,-0.32411780514329,-0.372541238130545,-0.0827491889426433,0.136258525490183,0.416965325192686,0.387130414935738,0.358704606224315,0.260476175623657,-0.034178977231224,0.063849494533658,-0.64260487538016,-0.586059601977206,-0.335631089685147,-0.336790277254444,-0.0448240971720473,0.100405443419104,0.22070548687582,0.576324611868488,0.0970260308949994,-0.358513674700918,-0.513855031067212,-0.461207748351944,-0.240793439251294,0.0276172827188285,0.328493177704756,0.532054923114882,0.605760530259994,0.270007374831134,0.512471482559931,0.135976407430005,-0.301346843128035,-0.520428178847471
gene66,-0.544740017817418,-0.853325343576942,-0.293347363481484,0.152081128985633,0.717285802307954,0.910348431586106,0.725512765595928,0.287624771962241,-0.314036147748062,-0.471835847015485,-0.906544357176781,-1.01835644508328,-0.498221844631133,-0.42333660168048,0.212025557319198,0.803546726969757,0.389601590925743,0.598649611332282,0.636340700163976,0.332434214350383,-0.0839831272064787,-0.316700558156675,-0.892353453230851,-0.94483689407681,-0.785445834022875,-0.631965870075939,0.307434440054503,0.609479716743736,0.798943909810442,0.183849114185871,-0.393703078934535,-1.00550266631303,-0.89262066593536,-0.785916016634658,-0.381912184274527,-0.135253864880359,0.463803344415185,0.900513080391369,0.96511602315922,0.679452290749192,0.240740117231811,-0.0314812039459981
gene67,0.525753082296384,0.472898520341535,-0.877122456253508,-0.770039303787243,-0.165232628284849,-0.151524558422183,0.357836048060244,0.553557207585017,0.814756569540367,0.264071541739265,0.411706114094,0.384462681707963,-0.467508035313425,-0.345630231196006,-0.619425921257516,-0.408586427989588,-0.121230176051053,0.295106533299889,0.613425667193915,0.249445237028647,0.347881191473375,0.537392186036698,0.587225414142957,0.103998764879182,-0.2567213502245,-0.492059864906197,-0.913489050450321,-0.90538197161173,0.150701459524826,0.90142375838079,0.604037877823397,0.135748994067131,0.0717991672184212,-0.316152625120748,-0.490742191828711,-0.439092522946733,-0.671254766965344,-0.0385600722220524,-0.0485374606291815,-0.0116566206596677,0.3526584136668,0.833562554947369
gene68,-0.330477142067362,-0.336445934319453,0.988537071013906,0.649602679782852,-0.104554755953682,-0.740611300482194,-0.105172380062292,-0.610711368790963,-0.668310640020248,-0.279800341817174,0.192544676632255,0.221552176097812,0.742510251847613,0.548188381600776,0.50928149043451,0.311785485628026,-0.286267331474607,-0.625155670328806,-0.754707359088679,-0.332531917134623,-0.758366614362473,-0.457243824322806,0.101142106384413,0.405230087323502,0.902770900334859,0.803321681800381,0.262109407816272,-0.557201905145951,-0.626383455619272,-0.615733916018239,-0.365119901076024,-0.0292376163008337,0.822941124976831,0.530205996241074,0.636564982295106,0.557713148219958,0.351666941579237,-0.210486566050146,-0.458085154844719,-0.755754908161419,-0.467551297852045,-0.120545888132476
gene69,0.890466262315413,0.421080994342188,-0.680885932645784,-0.71913430320337,-1.02009357555201,0.02648972989758,0.221092248855499,0.523880676598705,0.596313294599332,0.47745265246869,0.311344655705924,-0.0659752131715057,-0.797981125159222,-0.914549117657558,-0.946049034623331,-1.09010261787155,-0.636951232585246,-0.105907449563423,0.489933182671582,-0.0255994474558257,0.738096867873777,1.09512018753196,0.375672210722004,-0.138479272398226,-0.210117428894265,-0.389302482146654,-1.05047783674416,-0.556656365709583,-3.85692176851221e-05,0.383098181279529,0.50937545094246,0.550150928037494,0.546868128491721,0.0650487884869265,-0.267523351458475,-0.848373495719697,-0.682049784111867,-0.668312035279695,0.371177860332271,0.377729684999105,0.325104884222265,0.850191251866695
gene70,-0.509591079760344,0.218136306412319,0.969706926712591,1.04803981113869,0.527361060338988,-0.442129471233611,-0.911627936149528,-0.856531510934674,-0.700433434071579,-0.820402051197601,0.0168172977120852,-0.134829891900096,0.402969360087959,1.14661932679778,0.759254979353332,0.520149306982932,0.283905257343472,0.147365956093092,-0.830549106794783,-0.773286145118556,-0.838419769509449,-0.539100031059961,-0.333049720787163,0.399382984487024,0.70434433584465,1.35013453944848,1.25614357193542,0.683698362868193,0.0725498230193309,-0.831341714528615,-0.708067386085478,-0.32231582098219,0.476767592217039,0.385899450092529,1.30848693427736,0.842954274882898,0.677949685384949,0.457785256995981,-0.433420959062265,-0.601474750753713,-0.969066468860824,-0.661342716559226
gene71,-0.69070439342215,-0.56988459808139,0.191103292117848,0.735353843179981,0.537811893583634,0.350371660240307,0.211637037466303,-0.31624406976026,-0.493533502536564,-0.536089612041254,-0.499471460755795,-0.453357792109007,0.0841744568891958,0.29070154889949,0.625436119106231,0.384505262417386,0.531253870926905,0.265014503721302,-0.051483387571578,-0.144861462534426,-0.716968461866745,-0.640305133708847,-0.867212284703219,-0.449713887624992,0.0156288779190018,0.536358300849635,0.378685144466312,0.745332793108277,0.13696775006736,-0.120855294564698,-0.457920834220561,-0.457677072620524,0.0113576204123942,-0.0076392667430165,0.140857703686134,0.376708952495038,0.568552532817554,0.28548474531437,0.472032394923127,-0.143664243346663,-0.377564600286508,-0.470590450516388
gene72,-0.758246585365542,-0.807163090376141,0.67063339531717,0.685744497642445,0.820483405029154,0.655170072172119,-0.250886632616131,-0.0764133612230124,-0.807276099211903,-0.980807613997679,-0.674533533017817,-0.236327336956624,-0.0397901076584828,0.782920202905099,0.418677169980599,0.830542606995631,0.952615634037059,-0.026760993864623,0.504658969531349,-0.58040030455865,-1.06122385515323,-1.4552980756585,-0.758443008792361,-0.609988293604134,0.228568817711789,0.895470553965722,0.650594285249732,1.34714729005645,0.824932118628101,-0.626542207950872,-1.09714268272152,-1.11847607813212,-0.393348794234239,-0.201478199409301,0.346737224494364,0.655038830242565,1.16444064094044,0.252666341545703,0.306600121396159,0.108435950886579,-0.211849952138224,-0.692669322956077
gene73,-0.381573769205068,-0.400062406947861,-0.276238032616411,0.0109236546828631,0.806440568393309,0.54493039169257,0.413021949854512,0.508042072525223,0.145688840655139,-0.288242482088955,-0.44215991342989,-0.947301849880393,-0.795395167578416,-0.431590845759625,-0.125126707979861,0.338365291614622,0.177663227822955,0.55566824004584,0.538310634071463,0.224015474822479,0.181813263693209,-0.124095792720497,-0.478497548761712,-0.871252707723508,-0.751048564283026,-0.344248406114848,-0.229242938409565,-0.0294955512152481,0.871095436682107,0.350222066482486,-0.562480246335751,-0.69625467207032,-0.497064662576376,-0.498119831838289,-0.749862299991312,-0.216900344981938,0.365024225444956,0.499690009950457,0.649731198504413,0.58707235784265,0.546306330131938,-0.0639852702521668
gene74,-0.143121782723589,-0.546585970364333,-0.821569485725944,-0.919507444977666,0.476123663191835,0.869859585204251,0.902181596063196,0.631594702010925,0.297186491752815,-0.0243470696894851,-0.609955334357758,-0.6748598645844,-0.630173007778618,-0.368328864688298,-0.300177576121881,0.225194877031005,0.134010180203679,0.84215074670212,0.815897439094101,0.955393866039488,0.465183380988415,0.0658870177243402,-0.767891129618341,-0.707963654447782,-1.16860672528638,-0.753714983669738,-0.119370801994622,-0.109136458128281,0.919260777232867,0.625612499828777,0.0257386537313174,-0.299712617536378,-0.787405690129707,-0.490333930220254,-1.02470518807037,-0.652946896511916,-0.118106005283779,0.445251937784379,0.61905106930289,0.798315862759655,0.904015934227153,0.0346795804075376
gene75,-0.453437106974186,-0.848460926069001,0.190850605139252,0.657270949225636,0.935131692592572,0.300492322855839,0.45441973474327,-0.336128568335445,-0.328339987593572,-0.925844092351455,-0.798039742069691,-0.418191795519435,-0.0651172986035886,-0.266061131659138,0.577348782253703,0.809200564119748,0.82109607764854,0.474556050646837,0.203177193740613,-0.288021343935415,-0.519185777792996,-1.09684767545075,-0.881422267911117,-0.592280803727523,-0.0911583551061915,0.512948271439208,0.66924137729477,1.13826233146594,0.579793257635295,0.154928589076415,-0.745275110331731,-1.10522586415991,-0.880445101818753,-0.248052147972934,-0.0944686008033357,0.723712455332851,0.876033063557065,0.733895342770668,0.310596991382854,0.0775224230793725,-0.386310045395413,-0.491273258381623
gene76,-0.458122395965509,-0.626062985907014,-0.210989167165609,-0.541397676063662,0.516702256549209,0.652711344083155,0.553826435372291,0.728377505929753,0.0975242698647449,-0.0136498277279597,-0.808156208848029,-0.506884495177145,-0.67278450349073,-0.321186523522548,-0.128897913970718,-0.14500278594939,0.451767413688107,0.585017234500404,0.242809013738016,0.29045823271655,-0.157581291411967,-0.621991512094105,-0.516684760030942,-0.804066580863885,-1.05447029224311,-0.265268402024673,-0.335885499200455,-0.0751478184578628,0.569051530425808,0.414828269644722,-0.123724792039375,-0.527344036503353,-0.525274728370947,-0.654667638238398,-0.472023730401949,0.0615544261175939,0.329682295193925,0.766212577158695,0.570368425249678,0.592168623197042,0.736644698818956,-0.341768561550678
gene77,-0.59580828913954,-0.397240853905162,0.311299568797004,0.34926154378818,0.338509761249635,0.15484017539568,0.203079940465616,-0.308534514782509,-0.374008999139697,-0.249808232273229,-0.48849254360911,-0.234705783402039,-0.153197040682417,0.197789283905907,0.203014727555629,0.487925281776814,0.628849710127548,0.36710226711227,0.151279445796867,-0.270579654038139,-0.52704987353797,-0.449174718414758,-0.360189448869811,-0.251032571500985,-0.11340253271712,0.151980313116743,0.357955893596933,0.6605734741061,0.296948324764451,-0.220558204488419,-0.463371832899806,-0.590906923463371,-0.534203548801176,-0.122416916550364,0.294679302875792,0.395777172390053,0.590550003238855,0.4614888985453,0.472647627002822,0.0076070130934515,-0.166531990523016,-0.430510709560286
gene78,0.0928416671866276,0.509252221854178,0.912235376869644,0.256693659123893,-0.361674080585309,-1.04260783419987,-1.15577372561869,-0.848474259992853,-0.477024180301771,0.0966531987738022,0.462869992262966,0.926035722752708,0.747210171916126,0.602352236803993,0.390097637392535,-0.302596908363494,-0.375515750791631,-0.506515409225948,-1.122275335697,-0.968000532946152,-0.175032359690444,-0.0427302292030734,0.375311038445882,0.849071345299512,0.580979879139491,0.779435847385261,0.579864676625441,0.125475042915203,-1.18789835928518,-0.889166729082957,0.446321939785258,0.581976120098746,0.767721669161458,0.959467251253574,0.43494291444286,0.393904080129192,-0.213314478101236,-0.660523922523037,-0.759845233023951,-0.87402228089446,-1.12427357053515,-0.519879824415115
gene79,-0.59304401380876,-0.197832784864526,0.202105085375246,0.402190258860983,0.252992325277043,0.352553938028226,0.384529579955805,-0.0714893850104631,-0.112224999116228,-0.197763564983486,-0.594166280716587,-0.653527569719587,-0.643916758750597,-0.335990224973023,0.691395711688314,0.430313779093335,0.367202012013984,0.669261735196921,0.406927607072826,0.0468346607387165,-0.214969233632649,-0.386849294219561,-0.486138185861011,-0.845209248031154,-0.298160167087205,0.178972337997309,0.124364205440876,0.284233169613397,0.242658205043035,0.21284477878163,-0.885266471910555,-0.49806694469996,-0.538873006019984,-0.482810859813555,0.343629324268494,0.445778200447289,0.320966473773997,0.558340854677374,0.689136921339947,0.682408021027845,0.299206921849517,0.0354036061716326
gene80,-0.690161620809668,-0.995014074575427,0.303779860577121,0.542494716886674,0.809741391482765,0.594738770501622,-0.024801008276102,-0.363565001256763,-0.438781017875354,-0.948270738146761,-0.554615255999427,-0.42588374951328,-0.188581472725512,0.364311342612096,0.57637043933048,0.903508569294822,1.06578254614282,0.374128969616288,0.340788217053427,-0.181710469879323,-0.527416853262126,-0.674219462278173,-0.594675319652809,-0.289650909756431,-0.268097370812943,0.317624055958148,0.448901986460425,0.743732687677706,0.325218462321211,-0.255719390633182,-0.570725820638341,-0.71932970217444,-0.741277689330504,0.0250929482831442,0.419129332375118,0.441894741892484,0.856107588500817,0.793239482630464,0.37996282740917,0.0631918187017394,-0.197799442059468,-0.670031866018525
gene81,0.246591847105817,0.443808842060582,0.0457363674435257,0.306799475947364,-0.652677937302986,-0.516700905648226,-0.426336483140846,-0.306071529791483,0.0543481926651364,0.73156476846086,0.203990692735287,0.913382287316303,0.845925982384797,0.534803684692809,0.0819566501154039,-0.418012776414156,-0.5370055779175,-0.628733958277811,-0.495600411447601,-0.542002429117232,-0.169212947425791,0.0371660295421049,0.481645404365652,0.616736179090047,0.580327205528373,0.145430886922085,0.208633422985171,-0.340025887105388,-0.718895990254538,-0.0879249002242639,0.359545960649071,0.449015858152407,0.176569982813804,0.364638915586455,0.412744863183804,-0.206958717632068,-0.0011490960275586,-0.944998240522073,-0.613331468947592,-0.78320766207108,-0.507893195877318,-0.409230785825991
gene82,-0.597928582357158,-0.74964031340635,0.114009352237697,0.444850974082269,1.1824570353717,0.948275450472474,0.55896848785438,0.0831460732679058,-0.523090266707778,-0.675068097392902,-1.00481652417088,-0.921544104532051,-0.748879788007679,0.0865375318836261,0.118476340971285,0.413768602999715,0.997925626833702,1.07768039554567,0.68550395567369,0.174332033233474,-0.238769075201095,-1.0604494041828,-0.780993368878758,-1.06335451137636,-0.58518725825776,-0.0208071294130201,0.128999593944399,0.34205514753498,1.14202746284326,-0.0966676699394018,-0.533617909537365,-1.01293897991368,-0.77876130399544,-0.472003503532168,0.0749113858667296,0.397971667800843,0.761615185251215,0.640452345141967,0.971442825353137,0.760602423538643,-0.0995219821328598,-0.432979592049436
gene83,-0.461311553254395,-0.688844868206413,0.123009814733631,0.009470173904323,0.58922672983039,0.528872346084196,0.611045976844181,0.0290134372990474,-0.0043521214749332,-0.272557023826654,-0.63791270115114,-0.578591719141423,-0.379506244463964,0.0355859072464019,0.372052657500554,0.620779981259295,0.436518633555081,0.589630164882102,0.41206269405372,0.0607077983049498,-0.312254672287309,-0.528606046606627,-0.665176971665252,-0.644092177205031,-0.476187705964742,0.0505890226227836,0.207225105262162,0.554212982546592,0.538908356340369,-0.150750953871718,-0.548936262837935,-0.544597767206123,-0.737436227777921,-0.186071786298019,0.146816827841146,0.153500595676418,0.231594118422027,0.414410041131775,0.472932341430248,0.630914780314668,0.227260131348632,0.004522317422459
gene84,-0.160052783039772,0.509045795914215,0.597580439580562,0.399014947353442,-0.53085060618225,-0.492575024143861,-1.03990334362696,-0.704923789071693,-0.132964416996259,0.0680637579553266,0.227716427875313,0.748698370498871,0.832211482136822,0.875586657556433,0.215357669306334,-0.0405508827227057,-0.509643726434403,-0.732997554843646,-1.11494177444714,-0.827916809100145,-0.295747978729558,0.0596100842056919,0.121849232164942,0.728010973903101,0.775367096748451,0.503472496018347,0.512812700277453,0.0471919296819535,-0.520338342383668,-0.595684667591724,-0.0854680119460697,0.441187823634849,0.801361370915468,0.939253150968181,0.718211386470003,0.386257952995362,0.223590299372793,-0.171547631133066,-0.583040900047534,-1.01413646371219,-0.500358202252041,-0.414257043634785
gene85,0.0660194348572993,-0.511529683355854,1.01325553926305,0.474042886757301,0.812900828734747,0.56587593770869,0.211274507474828,-0.76209417727458,-0.335531195745341,-0.347676405973392,-1.0728276496948,-0.475972329912463,0.69169971823441,1.10234363155351,0.379168605068025,0.751768919094912,0.361956896651344,0.308879345978541,-0.217777786037874,-0.330956521413437,-0.547997509035485,-0.247730040246581,-0.719432534294816,-0.722005480118566,0.257117344509487,1.16594037124798,0.543032563154578,0.837037312449899,0.213804154380822,-0.392699002598736,-0.433369651652387,-0.587793538809695,-0.0871715476036377,-0.0137731522698272,0.374828195387202,1.46798166740754,0.829052368729318,0.734468127621255,0.0977124105863816,-0.506993575395433,-0.584466678164272,-0.332275538555397
gene86,0.922245916065625,0.670587243678787,-0.388041552764617,-0.592856452611216,-0.439939399120392,-0.566974725238828,-0.245765818549331,0.668776870599522,0.893835855251947,1.21657103771379,0.747439111578242,0.309194119834446,0.176430993406925,-0.524931502363274,-0.272459414830253,-0.854689450817737,-0.653423063406649,-0.423268371328806,0.184082207900206,0.256800981493357,0.607138878284095,0.377643553911321,0.39860565550677,0.755050712189472,0.193463725919859,-0.282062108704009,-0.515259902061311,-0.887389319755522,-0.729334173597475,0.0209066448780493,0.260304634221207,0.812661447506681,0.665889519303237,0.217785314831661,0.0481738375910587,-0.52434745273249,-0.626943959373301,-0.672789889137055,-0.725911166343226,-0.247721342212147,0.0996837116425623,0.631302086373751
gene87,-0.173834549907677,-0.449825997386815,-0.183577534198993,-0.0951702419707609,0.871715605209132,1.16505195147994,0.70470323705572,0.97441534116929,-0.0672963734449692,-0.0772586279372208,-0.869889454970081,-0.708059596068923,-0.912860303092507,-0.830142680062034,-0.165032872906253,-0.0496275117230828,0.934932675650934,1.21209439874635,0.962296943314215,0.309512126481371,0.535180359782368,-0.715307054825849,-0.870684076636932,-0.568537096240173,-0.548953188918461,-0.560283383521999,-0.132336315648464,0.199865799386379,0.921690780934721,0.742021684662591,-0.190998903483357,-0.962623766745795,-0.886211904560439,-0.897952116342391,-0.600571515420905,-0.58815595675537,0.490886048567169,0.60961978372878,1.30390546647254,0.802768014799331,0.369614943893563,0.0103297005158464
gene88,0.643081650570078,0.409970556933947,-0.684872701696694,-0.960093872717737,-0.654201422220713,-0.605044538709032,0.650569337955278,0.529734269443429,0.997647183964569,1.14131352731733,0.84734874203275,0.291266917140726,0.146070136156904,-1.11811980574842,-0.910861027160644,-1.3237921276965,-1.10897582348628,-0.425130088840646,-0.0221251182223907,-0.0440351594344734,1.09885782392342,0.64144414958879,0.636091079574474,0.0067351254392865,-0.489470329735094,-0.218725872376346,-1.07992088827256,-0.559489304014389,-0.608390202589393,0.571925355734606,0.807863517929326,0.451456577860726,0.0647590033946191,-0.431092343948792,-0.778264989952798,-0.770949306006673,-0.76829580685405,-0.640003623659194,-0.502370987345345,0.149445075714963,0.99345420556281,0.644827335586889
gene89,-0.98953723119874,-1.34558181831773,0.790242281880108,1.1530723758009,0.834216649777809,0.328475062858385,-0.0266330883205756,-0.479350002276766,-0.833557804202589,-1.3191241657031,-0.298990893109761,0.409336907305858,-0.560432948301879,0.704318784228865,1.05359436990087,0.901691195692644,0.696505627566647,-0.0529382911125368,0.156490740458582,-0.639501674619461,-0.459718912138325,-1.01970461459893,-0.834658286500142,-0.697308386797071,-0.0715383858871681,0.498343181661129,0.230227074187532,1.73033597619724,0.862058533430745,-0.384499301309104,-0.593655550881712,-1.11018272293467,-0.67659916388039,0.254534912313984,0.54113235905403,0.361075415906833,1.09292436810374,0.453968676849165,0.289894347487774,0.407078155376153,-1.17698792480759,-0.330568661504401
gene90,1.10087160623893,1.01731671736249,-0.589770589316868,-1.19428050588635,-1.29414595902541,-0.535826866495579,-0.763167240188999,1.1587695386821,0.92446290560097,1.73242323604725,1.43905801116669,1.57212802112453,0.103610572776831,-0.111724028650375,-0.782079204099001,-1.37815879618098,-0.815891712569599,-0.76104908513377,-0.580709131629062,0.279870483296496,0.734741326506904,0.887998673153814,1.03515560675795,1.27655883948628,0.213928366861308,0.915484900330914,-1.26998041928244,-1.39432611289491,-0.909184697913821,0.296014782288322,0.935768781977402,0.954181283728537,0.644156221903116,0.153865272997052,0.269339761854758,-0.25105563162503,-1.33766532669881,-0.949111802403612,-1.12259412102092,-0.301097125264795,0.439778273770995,0.348373970318553
gene91,-0.418188960474037,-0.0661008431257819,0.436840512266458,0.19705873362554,-0.0742606100802173,-0.194144454630579,-0.519427549003169,-0.46063286362511,-0.418266650378906,-0.123805402218047,0.306448009584913,0.355230265394715,0.545292896228039,0.630331536729569,0.347494595514065,0.369378979338258,-0.171825250410545,-0.0501851140105048,-0.417915478929202,-0.723508817948267,-0.546607383531993,-0.223581088763609,0.171190366904499,0.388130782236018,0.629040393885779,0.515253888770263,0.405834423084728,0.390210861983518,-0.136947363719113,-0.747589265278936,-0.387510617846424,-0.0253052575272705,0.325774415477353,0.482445231988973,0.338790308422181,0.663179717922683,0.194950702197599,-0.0132580353685141,-0.472441567031634,-0.593588932413978,-0.456508734556484,-0.622259024389933
gene92,-0.336501690770254,-0.013661518936419,0.906389410205627,0.765637514412184,-0.209419515164177,-0.614478410395044,-0.482989465258031,-0.74419076228189,-0.904057317495076,-0.189582920234746,0.14303278747794,0.581986217526758,0.958659828210021,1.1757076804708,0.698600094062479,0.587040528469523,-0.136604093445508,-0.741395634814467,-0.533870194003289,-0.897526512197867,-0.629732319876667,-0.786507923467998,0.132424818013711,0.408220027937408,1.048687546936,0.48231564082254,0.345173757872271,0.335199902783054,-0.13268805938701,-1.11990096440732,-0.672766680539588,0.157844175745661,0.365691980502286,0.566803468467091,1.21430032908704,0.855487183699509,0.301036663690263,-0.0710085455256481,-0.184868471586472,-0.828284914901491,-0.764563757909723,-0.93438576470233
gene93,0.19132322070272,0.365626598566973,-0.320463444211079,-0.224203413189953,0.0593831115830559,0.480449420813449,0.994430508959268,0.739185639519765,0.0467240543915412,0.217033094115396,-0.656279638789078,-0.0543180085207066,-0.690485258617734,-0.754426892168198,-0.925858469607446,-0.410809308624735,0.0254856059969851,0.259030340646445,0.319188613225126,0.894463649832546,0.548945717196271,-0.484340697610268,-0.319917170972813,-0.159209575282001,-0.649387954663608,-0.592336224825712,-0.856393007653824,-0.468558853486228,0.170636163519709,0.732926559590422,0.328957040856404,0.197606362556057,-0.697383443107086,-0.472045906109704,-0.723513883177949,-0.540314606430845,-0.358360860625543,0.101990208605175,0.0360613897857295,0.648059644938051,0.217627997730798,0.107129078550852
gene94,0.633508991139843,0.28567220859487,-0.641565193600497,-0.518400489215649,-0.577357636203115,-0.475066155970999,0.0124489568602319,0.22565990568995,0.302490628932216,0.595500876263749,0.871152115301,0.680660922682527,-0.0862117906221114,-0.553259551273946,-0.635069910843033,-0.672893545052407,-0.526388947130392,-0.267620677021091,-0.183140321734733,0.291825763132699,0.624182654948092,0.627998959829039,0.559820194617667,0.414310834449017,-0.107933094597164,-0.434800145376374,-0.374958741342842,-0.691389663322507,-0.059895707398321,0.219791087057044,0.894358276201327,0.636041588429395,0.14512601658358,-0.0309637242017531,-0.237893648498109,-0.391100413531944,-0.378794450134429,-0.878854029236126,-0.338963779341233,0.187391968370548,0.180774001171983,0.632533084277179
gene95,-0.0878965216656801,-0.0846139884781124,1.62600110248256,1.09612367741384,0.298781705327304,-0.314636159525462,-0.64228511536833,-1.24484055461784,-0.98407090184063,-0.0848311973136815,-0.594328812083279,0.43067616221005,0.835941838665579,0.621782133919998,1.34299490220552,0.621813908701682,0.642897359088234,0.409009181331522,-0.753258091855931,-1.15985675246194,-1.46709037794046,-1.16414577113392,-0.23449643999355,0.752290320921215,0.743400266359426,1.28380870045239,0.220494893250081,0.302525928639165,0.137376661241038,-1.15243903265453,-0.795232254772,-0.94514291106223,0.713045982873779,0.798883931071581,0.772658395752101,1.12052657258424,1.39362349448256,0.848462621796809,-0.86600106121694,-0.431369487119551,-1.40245122176831,-0.60750501117866
gene96,0.334677916533839,1.47184360376289,-0.16888359231713,-0.707339086259053,-0.70782855515226,-0.522238803570573,-0.386177605656674,-0.283342137167628,0.526643167638052,0.409158371038912,0.435692906617091,1.20205864668997,-0.409092298821389,0.230339964769743,-0.854836299244607,-1.2740568178838,-0.641380513296724,-0.592253472087998,-0.186525397686433,-0.182820711566104,0.778879001463618,1.20860009276821,0.645059550284539,2.16069985605173,0.420032375636089,-0.0169253302706316,-0.836366748148546,-0.848845996664629,-0.919149909025024,-0.441535345910374,1.29313520135613,0.0462448348256133,0.627017463535651,0.650059361150447,0.23618812021227,-1.21558489443777,-0.378200331626171,-0.67429894386341,-0.815427788678475,0.0504337017265618,0.401993509658653,0.150085703757724
gene97,0.48139831825313,0.646127405924912,-0.285312251377952,-0.530926628062326,-1.16258012685078,-0.867169221397278,-0.312128605471594,-0.199350997431343,0.378931972246125,1.07863732639533,1.23821262931414,0.650609132830311,0.144394264222779,0.203420352328292,-0.930380917232002,-1.0525165337388,-0.433882675450198,-0.459951464367381,-0.588638413182768,0.362021729232621,0.491944870362356,1.38783854789386,1.19840903465218,0.644207282982148,0.319061381264202,-0.205380319103813,-0.720942817192523,-0.914818713030613,-0.501698034677536,0.0150687507889889,0.739926474071484,1.5832626218786,0.969057405156094,-0.0382614892710498,-0.368497052039202,-0.915637829027346,-0.930710792214674,-0.931536943215277,-0.752998843645039,-0.0122585429350532,-0.206909889288925,0.478815504678705
gene98,0.0015686548489126,-1.01530971847024,-0.651982141882611,-0.551622740171687,0.201265446186117,0.774698200116848,0.990520609538822,-0.359864620211219,0.758564686845217,-0.464283537798036,-1.15889824919234,-1.14520942017453,0.0116417195230551,-0.182321290713574,-0.12957043569204,-0.122568927466339,0.642802604554348,0.744610303038584,0.920868826896375,0.595100173804613,0.193368010183025,0.0693711912924874,-1.70570362316954,-1.17584021995069,-0.525459454712454,-0.755725561896099,0.247931056497988,0.886414786384452,1.2157905235033,1.36456775517877,-0.313703680456414,-1.35473221622029,-0.93190697556594,-0.373467624640082,-1.06458765397262,-0.298510865161303,0.380209731575146,-0.0099790238049806,0.85753970916296,0.295766890633718,0.936520548704341,0.0141764283695117
gene99,-0.541317348182855,-0.555182258415044,0.400131805288246,0.421964790535318,0.416838127094845,0.0267427879053505,-0.235881612934606,-0.201029727402232,-0.827698028199764,-0.309312624661904,-0.306589888203402,0.0687356767408678,0.255665643829072,0.279567387362195,0.550688710162849,0.296908377634961,-0.153253545878639,0.0385802447439634,-0.194790032759136,-0.409205647450467,-0.529876963826551,-0.582373204114571,0.0899425123393646,0.0154364292084944,0.167148674249417,0.426295030921119,0.172251144639301,0.356698567104901,-0.159147081719584,-0.424925292241667,-0.178560857145562,-0.188042398800578,0.27692334502943,0.316050391169569,0.597108207461695,0.425712667126026,0.417087395968964,0.478634409579863,-0.317631243220449,-0.328538653127205,-0.343336866337208,-0.421411633180371
gene100,0.544021262572224,0.450610642346853,-0.331848306495161,-0.996311461725353,-1.17724723309658,-0.585438187080449,-0.076414899123521,0.75229201507059,0.708748880225004,0.831965122160453,0.372932408652562,0.666787253267185,-0.343912979431266,-0.294764094197369,-0.856339905013406,-0.88218102353545,-0.718966890777071,-0.817772555546893,-0.207395003662035,0.0640997182628343,0.414691103041783,0.885013364248856,0.660196784236154,0.48646485419554,-0.40873001238951,-0.308686816568939,-0.618116552871411,-0.786143275736459,-0.385366481088196,0.398897078697242,0.414658038849057,0.414148156291542,0.194161904083263,-0.19232183256052,-0.138787610354157,-0.817924107130633,-0.770138295672479,-0.490935204672024,-0.27506063592994,0.224092153294186,0.277410633479697,0.346102238439415
gene101,0.655667035807872,0.395024439122579,0.716768709534862,0.281767522152521,-0.305904303575987,-1.04454251375673,-1.40992793034481,-0.709216291675984,0.152492890517521,0.690450357306016,1.69966211735001,1.26970335545112,0.622322003670841,0.367449542184358,0.0371039899233945,-0.304782993975595,-0.582959043524908,-0.0566890930473706,-1.02665945030049,-0.313636333210783,0.0613049266462074,1.02350699773226,1.02262273444363,0.22584246581163,0.742076356502754,0.309344194505443,0.29552551781332,-1.02597560917546,-1.2155642470634,-0.467459656744713,0.641015517818303,0.584631698815352,0.927580788712813,0.560780594813812,0.746668974221375,-0.720429325325175,-0.553335084252321,-1.03772340230036,-1.20240352500917,-0.816216972279885,-0.764819073991821,0.994790521009978
gene102,0.22267417066217,-0.145345944636602,-0.240641946091373,-0.555799871433912,0.339732477818707,0.390186206406107,0.861754322107163,0.737991471243976,0.261586205392566,-0.256871633693023,-0.31231800188694,-0.658226827054376,-0.415205887164483,-0.478821947808394,-0.275151647009668,0.100107582324148,0.0228446726064208,0.468506249177248,0.383117789583973,0.531315467941256,0.0585663617041167,-0.0450594649715687,-0.247857702455128,-0.597418082346128,-0.724173916758282,-0.492376091456383,-0.373294207205358,0.10621948200451,0.456573012148873,0.602910184622369,-0.0416401738105659,-0.321911086634633,-0.486613902817308,-0.744473118628283,-0.305780956760583,-0.317168970704916,-0.0698651660831545,0.149473444869291,0.545128615726979,0.769896970332764,0.519638123438088,0.322502516614558
gene103,0.533119853164194,0.210175960575757,-0.955323781007579,-0.772767193865265,-0.102800033364897,0.149199523629059,0.536821123185475,0.394328095001902,0.497175107633771,0.457800669195714,0.435687044095895,0.0621356682498362,-0.30239105256463,-0.644383352915733,-0.636741997452824,-0.0288778161794917,-0.193431900738508,0.207876469091438,0.27198059121147,0.424841889621892,0.634820799427022,0.287440807883115,0.0798309137045119,0.134664661462014,-0.216228795254127,-0.608876426310996,-0.693401358225361,-0.250816373155021,0.445003429414363,0.712410473052528,0.337059976053625,0.268535756471152,0.0075924688323321,-0.265201533327384,-0.511954370383521,-0.36751338941139,-0.189580841693042,0.140352750466368,0.0893942433192455,0.630303406596737,0.484627525107521,0.717001124741038
gene104,-0.266535959630623,-0.479432706365262,-0.313481700481523,0.427536657279713,0.530971172426479,0.467441081223468,0.773013653641654,0.0801642086123068,-0.368326421740886,-0.0024499725497501,-0.595700221648097,-0.446086018711692,-0.640762163623481,-0.104899713679067,0.370579763611846,0.435442841395411,0.326041708907015,0.677643564029298,0.111033444543018,-0.289263021098781,-0.429162973001476,-0.212687184472767,-0.705766606927727,-0.592076406878779,-0.168457997197612,0.309266231962606,0.570228111705492,0.359615980009502,0.393263345219034,-0.304576777452805,-0.222569669729088,-0.86053521524474,-1.06917998851491,-0.116629808855407,-0.310759378227038,0.20870175800095,0.597746580893439,0.761765993233265,0.363015326469296,0.268780650529657,-0.290124542275135,0.429943087732118
gene105,0.609639737422769,0.325519649938367,-0.450602973901181,-0.644219377367803,-0.631341274625401,-0.467594443131415,-0.156788124967827,0.194745138399762,0.725174618096675,0.89154592961112,0.573472609687118,0.163051094134948,-0.0907849228734224,-0.05640572168587,-0.770070781188947,-0.93049159379501,-0.693225419508567,-0.182110243022075,-0.0613598135219626,0.509708402014123,0.235349209528611,0.979454301441031,0.33679461599682,0.229854620538457,-0.154702686339323,-0.163795213862263,-0.417211613117798,-0.760457249270732,-0.359600850022222,0.604853313474143,0.557445662485463,0.743238407458355,0.287484023401404,-0.0448214964538768,-0.237888018049941,-0.553196342523711,-1.02835590687162,-0.526179635025895,-0.233322924320235,0.341439079747156,0.241054369058456,0.580470413535914
gene106,-0.73341358130805,-0.615387823726531,1.00678010748594,0.71637899857978,0.563049006869115,-0.314949972201226,-0.430711167993375,-0.51615234230303,-0.622866306699039,-0.513585371432906,-0.691500015327536,-0.328033982962335,-0.178219230435376,0.555187702770811,0.832563520124755,1.07100083233393,0.0994937076604306,0.170397595087612,0.090894515831163,-1.16952616310676,-0.291993251906192,-0.815777251838788,-0.388105075188682,0.0294830365550862,0.542274063891493,1.15465541583279,0.517841555314098,0.225291227925782,0.390543222690619,-0.639220006658001,-0.801443983542843,-0.414909861989581,0.0098658049854787,0.489987638532226,0.815850834638462,0.347348504210756,0.922248105699644,0.48729526862847,0.379283722486926,-0.35488523380585,-0.619870024467245,-0.96760914908677
gene107,-0.35048671551896,-0.104660612484088,0.502256793704098,0.622784328530419,0.361842418181828,0.0926215786384361,-0.108354128777812,-0.281653085194724,-0.248199541033984,-0.761957698834799,-0.467547391639686,-0.201354537754015,-0.0014498999683677,0.136004676384586,0.804352849924485,0.556340248634686,0.250067199645496,0.0433582312941754,-0.25101232412149,-0.0653447913257507,-0.312322915382441,-0.863093092300714,-0.338018587475677,-0.435630706486775,0.327803717415399,0.506293426474551,0.401190233057837,0.628642650205019,-0.385280532129811,-0.484186284691792,-0.639769919319751,-0.102285962690187,-0.142104218696407,0.520816391884738,0.477228536362643,0.702979806649551,0.641007637154058,0.349870233322531,0.212214265956384,0.0498497894670002,-0.868707197152329,-0.760645173906293
gene108,0.301430775186384,0.08982127836391,-0.529108057000525,-0.539266957088976,-0.303419150539931,0.2928671861788,0.831377216679079,0.361820388343031,0.33026129043298,0.190829130032179,0.0964064381293456,-0.135097504546543,-0.540278905073648,-0.475201145299369,-0.461990836551178,-0.309524939078361,0.0856995714814115,0.397623756058918,0.734373547590245,0.544613738340304,0.378912371238487,0.330313191791341,-0.0385185979531072,-0.432129081492845,-0.672437894553442,-0.596534579817271,-0.731617933283781,-0.281607030946762,0.165655599525083,0.405794660760292,0.0982562241532753,0.0782784209631094,-0.390168365126194,-0.533177959959348,-0.606693084039687,-0.610335936977078,-0.370285693088571,-0.0317208101254626,0.355762837394486,0.364077752225021,0.519459652918095,0.549706283916399
gene109,-0.629988364421918,-1.15747273388522,-0.630912920910069,-0.0193834055658473,0.974114597666069,0.282571536263219,0.509142204436576,-0.0381211356802755,-0.0614506800188419,-0.443626213111298,-0.880882441310304,-0.717434891706021,-0.925994624599364,-0.812492040267866,0.362397577795891,0.344659135907566,0.524630342535323,1.2987771335986,0.705013295140044,0.578831896060575,-0.201693980400623,-0.442489982567642,-1.09453478840601,-1.22715272782658,-1.05786649519829,-0.0548545460146482,-0.477810793514403,0.506740857262438,0.502404016790757,0.305475570345709,-0.554519277669065,-0.692777325359829,-1.00072891385284,-1.1752784498218,-0.362419789090371,0.0895744102446795,0.658215296552158,0.596610195796662,1.4439752861528,0.850483327184309,0.986020052856703,0.206179711289092
gene110,0.20102891492813,0.505873822081208,0.15917016997841,-0.20674499200889,-0.461560130600718,-0.65731501808112,-0.340052558090691,0.0633232895062471,0.474876015021644,0.796219436492584,0.270991096112625,0.247106554800974,0.0834839120154219,-0.205753684243751,-0.576199828029935,-0.670403541103202,0.0500362196440959,-0.100801345576008,-0.373327148573373,0.270797206235063,0.390569268155753,0.378220997429445,0.623692641321368,0.887616022112914,-0.151000030178028,0.187623680748247,-0.695638165757962,-0.585624406306505,-0.575091290299113,0.270122829085427,0.467480837639746,0.539357148761661,0.267374650453032,0.399424483804667,0.474824860612463,-0.51316103769059,-0.90145034727439,-0.593070655571836,-0.711096336700723,-0.0485390905490299,0.306580308831032,0.384779442578353
gene111,-0.0542346552736263,-0.390960238469346,-0.311591368151698,0.133715950302481,0.761813796082267,0.592761556826863,0.812503880724454,0.785605578657501,0.18921992675987,-0.171922078344393,-0.748823498802187,-0.636028261170784,-0.728263192061228,-0.372795083612088,0.183746044429535,-0.192282653734334,0.520472354632147,0.726434246221312,0.759758506574955,0.809161995427126,-0.106334446636366,-0.20829857764328,-0.670866052633859,-0.558636460552022,-0.379183445910406,-0.478416060686006,-0.250373240333668,0.532082107601356,0.791614166965509,0.358997136389531,-0.287612207985712,-0.410190902657808,-0.512042398263855,-0.546511591430462,-0.377431823817456,-0.193035974335041,0.235497177639587,0.434601515951695,0.970080771431104,0.376816123426312,0.386466829594096,0.0975933618997319
gene112,0.232914200413756,0.627299172170865,0.389712238822163,0.017235169245363,-0.294050222310733,-0.667896927845874,-0.435713809016328,-0.122485216586552,0.0284372037330501,0.52406596917302,0.621991739227289,0.730115087318017,0.640352406913235,0.167494444470929,-0.0440913325465249,-0.420691761490684,-0.620950210814139,-0.659204239971587,-0.483477851814198,-0.437876111333013,0.0303583654258459,0.316814768769775,0.628534346433617,0.679175394842513,0.609993313789764,0.330220295925655,-0.252620410354414,-0.351077772095403,-0.531470609713218,-0.240036804230608,0.185623166670002,0.530400503346055,0.563351944063167,0.404463724661866,0.0627424175138341,0.082087308189135,0.0729782092864423,-0.518057679602129,-0.438990868270948,-0.453028832797768,-0.447160254076987,-0.0159908103933778
gene113,0.491559441430685,0.554739111856456,0.304667468662221,-0.014226237712977,-0.415381313098499,-0.628777195528639,-0.752031248927436,-0.221968496844801,-0.0140723444192932,0.544869584933659,0.313289285980947,0.68622733148648,0.371901555104968,0.008255605586066,0.136205926208087,-0.619343655756454,-0.526099509962776,-0.440357035937948,-0.470633245090644,-0.234446713472352,-0.0021322006954808,0.193538782177131,0.624419712575559,0.651586584308537,0.286735230607594,0.105735217561811,-0.276698599290095,-0.506380023805746,-0.382167551227713,-0.157071354300786,0.455428527198749,0.533353645751573,0.547097972456929,0.454986575062936,0.117079228226972,-0.242159212785764,-0.352890956827867,-0.715390379010924,-0.527288880422576,-0.579521038191995,-0.136086455961814,0.228061991465658
gene114,-0.209796296155086,-0.597621755143411,0.358323828794734,-0.0553906034767271,0.666308503692969,0.381715955182976,0.256130762601753,-0.0851744748745403,-0.122128268959289,-0.271788189687118,-0.315696480614842,-0.332746046856132,-0.399413261748308,-0.336416014420403,0.093631082953684,0.360636178162331,0.953788544190525,0.370384970897979,0.336900714725323,-0.0110624917707842,-0.0187791963719728,-0.151374864747309,-0.669861207043115,-0.345757609921459,-0.413882056895086,-0.173689741345169,0.175822224089426,0.808274127214026,0.646518754384922,-0.0532806512524893,-0.414911252263482,-0.765113425721827,-0.444157050911364,-0.45048164163895,-0.109615503468612,0.096320339836359,0.0127417570379924,0.656651539485749,0.593477995702685,0.833914781119294,-0.195454858602305,-0.123318733659962
gene115,0.112808038481756,0.1034706882157,0.455624292329322,0.215988211928845,-0.172432991740686,-0.233091875908158,-0.76777250558089,-0.514754404284657,0.0578234549074432,-0.265870635356938,0.228224260559111,0.277898407121434,0.854690928165782,0.725831198535173,0.395521416750298,-0.0678390118182411,-0.428228521808331,-0.499152186317104,-0.589730414911709,-0.579921991576586,-0.273292938575178,-0.0907249384640848,0.453595247088155,0.724313202785404,0.520029542691477,0.578448362271999,0.17498707861581,-0.22524717906622,-0.635480954359128,-0.479478386381443,0.0804039164400545,0.371648961118126,0.478326822053853,0.794161381355605,0.759087312808171,0.246480187378543,-0.118580764479785,-0.461042556401215,-0.772303966851031,-0.607511030430733,-0.595430115830858,-0.327519564005862
gene116,0.0158992405363799,0.52755906896792,1.09666939193626,0.170317464195283,-0.359884368723887,-0.845481634511439,-0.890749530184647,-0.60263204627998,-0.670583067455559,0.463325287948544,0.165304598214973,0.752110613581461,0.650393679820763,0.627045315161541,0.477106949971323,-0.223634639734953,-0.10480046367683,-0.423295541503914,-0.464042309030911,-0.55958949525483,-0.430469048884505,0.0186195452963238,0.483791269060372,0.558507108141115,0.890106772049605,0.306236326325712,0.350526172756512,-0.458849408933764,-0.547427412262123,-0.506122146276746,0.493164237672533,0.024916753312915,0.617088972079381,0.804264048974151,0.481023706192057,0.084210655928667,-0.0640771249785675,-0.372309307016569,-0.241667789457556,-0.902554293641672,-0.827558077789768,-0.0918060268223443
gene117,-0.407031860311261,0.282760852902565,0.93435500050058,0.757894369710634,-0.124769159707008,-0.592333772117355,-0.997843476524001,-0.853775125209036,-0.806713883567097,-0.379012370842678,0.0284630037084064,0.561359531199781,0.857281285586745,1.02935451007666,0.839718935347573,0.65816492118945,0.215643561913887,-0.195307462185497,-0.882526710200248,-0.998623647195329,-0.65057037921925,-0.650823104331257,-0.0199626654844819,0.300633094036452,0.715216756019633,0.976815613533795,0.810464949790314,0.362367705437388,-0.277755315408358,-1.15931839008633,-0.448225406306076,0.166085074191477,0.251969948374281,0.935287858662474,0.919986322896907,0.853921407927637,0.592554780503566,-0.11783178392273,-0.733889709534716,-0.410779247615998,-0.606309780948364,-0.994408440758173
gene118,0.125476705258841,0.119986677562649,-0.36067392576632,-0.930583840694212,0.159645510671745,0.166083816647979,0.813264813979981,0.602450517724856,0.224857102305371,0.0558261502419294,-0.490850445942045,-1.01872848284907,-0.883076429605521,-0.680919383901032,-0.101686622516739,-0.0846106246816711,0.30413496826482,0.604005167837452,0.714970047500374,0.888007488760167,0.11523758690771,-0.190922715501719,-0.258155031381964,-0.609845849740636,-0.884555246019875,-0.576419856873932,-0.112332852979141,0.0065820827566014,0.293265832023491,0.819399991942438,0.0875621570733156,-0.394434143595037,-0.361251355959506,-0.792567433801926,-0.395409840037575,-0.453354315219249,0.248002594889306,-0.0871618636193692,0.732085879910471,0.757877640921816,0.840772583864402,0.377527317524184
gene119,0.731089726482107,0.776501428627045,-0.108946931260328,-0.285430055547373,-0.535976856385477,-0.538421215410566,-0.121769853343225,0.231646410116062,0.483901509523138,0.60556419533754,0.603074191550866,0.324035273292241,0.170424510770095,-0.439388898724712,-0.509082425091376,-0.518999661640625,-0.731087454899805,-0.606724841317189,-0.0784566885880854,0.14565237583292,0.543220587861567,0.754020139118118,0.7272708210434,0.418117182471689,0.381527841364338,-0.0544878549391794,-0.276059123654978,-0.528819092814612,-0.674917579608633,0.157961743165404,0.591763425331127,0.705428124845784,0.656777261552137,0.232957264270197,-0.215529724785988,-0.418174672383971,-0.669846854771115,-0.474092757043293,-0.483674183843086,-0.413821817712672,0.17556172752124,0.387313533254902
gene120,-1.0861154490776,-0.751352750131278,0.201648150421082,1.51892765641606,1.31275010034769,0.296661261108123,-0.174226957906115,-0.254827036615192,-0.59668457429995,-1.50207158901518,-0.975078097979182,-0.0194625486871232,0.352531570811902,0.489052823493243,0.703596139204676,0.870889454839306,1.12064637625953,0.455811188011975,0.275588104124267,-0.641996209590757,-0.769786531391991,-0.785192489696032,-0.784049559035556,-0.366108171577439,-0.526094562982697,0.722277555463649,0.270045516457312,0.718807492774538,0.631462836845427,-0.455299798920908,-0.796896991898742,-0.324432655893991,-0.277601391756255,0.24295618713555,0.577354639095087,1.10434923712759,1.10624663114132,0.852699416191337,0.196914199800749,0.110787255370612,0.0937837980962978,-0.45670909263653
gene121,0.43858554864121,0.513065306837783,-0.0700174706063827,-0.563708940447847,-0.469725822607329,-0.614614151480899,0.155310915444426,0.0199044083368386,0.175625717234602,0.656458889597069,0.452757791384388,0.442827061361715,0.128743662095802,-0.0195223960937909,-0.0839690743106707,-0.450525110501202,-0.335677629055113,-0.0193626338900599,-0.319090191977725,0.189963126354303,0.430498757295957,0.482834880018572,0.405467524800972,0.435652516570736,0.354197598091112,-0.0495774239903197,-0.650722125356992,-0.437685938186771,-0.495847633550879,0.0661772797127044,0.606668701411335,0.609626097113972,0.43736618184282,0.472059685895025,0.0701119992572944,-0.285869685281042,-0.443802654290421,-0.673547950887599,-0.276163711735165,-0.0762442210595212,0.0140637180987171,0.243986523911861
gene122,0.493851805498517,0.765336274959365,0.300359839736656,-0.568749444955396,-0.553355371914005,-0.315503243758447,-0.259183690240049,-0.214047733324478,-0.0644869102056871,0.392781272826617,0.701789846102036,0.0847127892728054,0.21877207478742,-0.270529325934846,-0.955476983607834,-0.927562040814317,-0.625671148775463,-0.516937997464999,-0.0798464765538598,-0.150877227003436,0.18236610891057,0.727454292325711,0.632642844553948,0.269751839791949,0.264002589134585,-0.412937130854814,-0.887606993453956,-0.845026083444852,-0.344883653828955,0.252406686788463,0.784963516879081,1.01159478692901,0.539476836533495,-0.176882969809369,-0.401275649146159,-1.14619411499164,-0.631105979456304,-0.54905766103362,-0.338880865923995,-0.429165197083106,0.655057068663549,0.577703894313139
gene123,-0.190219563930282,-0.233056171406791,-0.460299394732688,-0.378078593653004,0.346356311490254,0.61140298732158,0.555263030757092,0.195081112620486,0.0495280679379718,-0.183769700891692,-0.44060829510429,-0.420210691304476,-0.729583286022645,-0.884193325941427,-0.234123772177416,0.0473275332837393,0.588760164456307,0.616148869915822,0.488738355459541,0.622878277315841,0.110911588532321,-0.237759228599924,-0.228955027487162,-0.396125155776481,-0.832000210323072,-0.302895846664079,-0.150101871499113,0.0547117599601696,0.94371327653656,0.564733383591374,-0.380962630516496,-0.442778646642568,-0.816720758832596,-0.710645495017879,-0.508764533511279,-0.0029134502220557,0.277669386578895,0.423162664028276,0.527326572778771,0.734282584290686,0.499050063955994,0.379981473868841
gene124,1.29146002962697,0.961271268102682,0.300792019110308,-0.326747213991957,-0.953804164715618,-0.768227419624722,-0.425499010045595,-0.151641605634522,0.639813327343071,0.20478285731391,1.22755922167822,0.818185356365204,0.709931936832747,-0.131891300372172,-0.361588673593112,-1.53083502841978,-0.872801794578703,-0.493207113701059,-0.262717758826432,-0.472987518968238,0.362423738498557,0.543634003819032,0.6937912020541,0.599920647228598,0.510511748065797,-0.440484951855657,-0.845671797731811,-0.917535346009187,-1.02057023982104,0.311905600854742,0.773041117843842,1.33256314223978,1.47699815534338,0.707534265934714,0.0464535581124036,-0.325779138715688,-1.12811315084229,-0.927199059912448,-0.956896889976744,-0.652647547888651,-0.123120117368384,0.765966386742164
gene125,-0.24442721731005,-0.209219566335321,0.416344797421252,0.450545038273617,-0.201303685241088,-0.0648979291433495,-0.71195571404883,-0.532502347556807,-0.43983254433104,-0.523176302864234,-0.0157616992998188,0.384264879223202,0.737333454593731,0.855006386648476,0.501958908499657,0.203349742330217,-0.268815769242376,-0.315756323398637,-0.377456870309904,-0.665736536635769,-0.602458021759753,-0.239414751463737,0.0688444860223888,0.389599367744341,0.766249521831425,0.640737854188825,0.4119296739983,-0.236807543464292,-0.558309600315023,-0.652037007858028,-0.216055607873149,-0.124101243849722,0.0325464067984724,0.441870238740271,0.80717837432253,0.692490236484357,0.273552448086827,-0.0192226073715709,-0.345181074258925,-0.853176043868392,-0.617840868296891,-0.635749642241417
gene126,0.245183112450635,-0.0669264250901851,-0.374207982509305,-0.422370631088484,0.0934069104497853,0.330566810464364,0.516604695290956,0.695245379609424,0.416268414806861,0.694679320925258,0.175006599551784,-0.0353933917478804,-0.483298090880638,-0.582126629287765,-0.423848232960694,-0.354680126948137,0.345088607175167,0.442051620715897,0.344869481316842,0.503237018194262,0.562129267688291,0.330485328459357,0.0691857839488522,-0.0702478344354059,-0.480194510202692,-0.529486819439014,-0.476250122760446,-0.382707602202588,0.395003578835799,0.509315589091518,0.307445886060634,-0.0556794484378179,-0.264818255267542,-0.364265845371458,-0.769253384946677,-0.449182059080258,-0.0035189895602995,-0.0635181174380337,0.348558966018941,0.682943082039536,0.514117360348946,0.388704384675745
gene127,0.876079846907507,0.755995003141689,-0.0418259500589282,-0.744819538015415,-0.288717483828968,-0.213990377062792,0.0385336981583784,0.000654963118641,0.427871691141024,0.377471951748124,0.480737155647837,0.229673908624876,-0.0662266512713987,-0.16587289740373,-0.365169788420213,-0.646590947525234,-0.155185817903079,-0.352545870353646,-0.310826708867893,0.328435139552562,0.55509815613769,0.838140641826706,0.534371332158376,0.26882791925269,-0.39860944198629,-0.235963701934322,-0.530499552155393,-0.541309669919773,-0.217517049831565,0.0553397272185223,0.446653427136482,0.493662398085682,-0.172721773399722,0.11505356753098,-0.15311021792509,-0.534644188973109,-0.794425740947252,-0.512548766886971,-0.400345976779785,-0.114469265459661,0.361774204360438,0.116999612204764
gene128,0.546148182915346,0.56247971258886,-0.0690289550173641,-0.383344232289287,-0.39156689142542,-0.571432018884069,-0.225863203390243,-0.10740276817901,0.244758050101636,0.447490043524591,0.928975412990669,1.39907063209611,0.156384558081401,0.211689517473439,-0.517076818902659,-0.392754924680251,-0.797935313577346,-0.553139984133238,0.157002505163188,-0.213562991735735,0.414079735097857,0.567315299602562,1.00517065292749,0.550852606425281,0.212488866698261,0.272523762834874,0.0428170313130474,-0.697740451658776,-0.960263547148547,-0.496022391046762,0.914831936554138,0.333298788830303,0.672307118139714,0.189374915273935,-0.0923755962514981,-0.271007341708175,-0.617666394666456,-0.960241205273679,-0.946442298347705,-0.762512162084335,-0.496818915187458,0.479572400680221
gene129,0.190804355372207,0.410971105122687,0.65456213167939,0.0698868391578124,-0.920492765496332,-0.790927304960803,-0.747944134634539,-0.461883349059581,-0.0707421997512399,-0.1962720883067,0.876493436007491,0.675598644658599,0.588056235329708,0.747982717763652,-0.0573564585131232,-0.117230870224044,-0.79301887915788,-0.772865548648329,-1.06848392972834,-0.431660764804078,0.0983421064797906,0.36233653751777,0.957032006475962,0.680753425208152,0.820416086376329,0.0210947916950978,0.230457582082927,-0.720057541097803,-1.33674225671656,-0.494414234897113,0.0758011673270957,0.886929685455441,0.880947931824682,0.938739551188461,0.415421026056688,0.215110466688072,-0.284228014039262,-1.02009265187993,-0.959500821470659,-0.580179372052604,-0.665639095109821,-0.20226127924435
gene130,0.382178337005007,0.807647177978807,-0.838623230456053,-1.19351509183754,-0.69408930234524,-0.0621950074031099,0.375418079135209,0.47443177220194,0.817671843793587,0.925458481353385,0.415018913582062,0.419747031226767,-0.213993887946599,-0.578778034549941,-0.932971735509296,-0.666445914531537,-0.253468364150217,-0.150284755132169,0.413394235110365,0.983985743810776,0.606274899308566,0.924226427665226,0.719427705541238,0.107116103799122,-0.524177549617448,-0.871223548704396,-1.06069717849147,-0.836316829824966,-0.373881304826333,0.403400888983381,0.486640938024495,0.770685735518729,-0.256595846817799,-0.48198258856503,-0.755014426213789,-1.40735601450245,-0.686789374920009,-0.49471290045211,-0.21115521433799,0.389863899285415,1.26287020336755,0.738587459452738
gene131,-0.650259966002066,-0.0760088115050573,0.665165124908792,0.658970626836131,0.112632130143555,-0.0651311245293775,-0.24436546064941,-0.554320391058744,-1.1577898666963,-0.840210691189742,-0.160841212336908,-0.0511771382976814,0.630189426615243,0.727903993750026,1.07466040911569,0.3921924386025,0.544845032933865,0.220049585037866,-0.259154878026372,-0.430054752989858,-1.28789640831462,-0.513319603245704,-0.484687551075658,-0.232015099985534,0.132741317885215,0.581610155867351,0.546431153717709,0.622650600224088,0.461096127770814,-0.3937340542543,-0.483364105710399,-0.348718997458867,0.150235969743743,0.193119036829613,0.912842995169517,0.433511831983158,0.931912803039297,0.258734842190271,-0.3687399997694,-0.354723864223512,-0.407276542940961,-0.740607388183649
gene132,0.29376163731092,0.64455677386824,0.0600509077092545,-0.251219277771468,-0.667408095276951,-0.580814670123114,-0.512555598145177,-0.0015564056248103,0.208959527445344,0.367116064575811,0.671459746160684,0.422387755849539,0.365855266969288,0.54062642541065,-0.389929420946089,-0.578708842200755,-0.604277459584682,-0.550679170171213,-0.186299117193669,-0.0847324941028023,0.139144234276329,0.537919797698958,0.485496334067166,0.374302097310161,0.2761769584096,-0.233928893093266,-0.194036618256685,-0.613795933241889,-0.289015709760079,-0.053406277507364,0.595017832515807,0.560158009006046,0.330905776154499,0.409318731320833,0.0160989052787827,0.0962496813967403,-0.636042208345194,-0.572916134252434,-0.494379069052629,-0.420396453275194,0.0013014512338692,0.218074406562659
gene133,-0.395278904776036,-0.459000023595711,0.488320849800875,0.592223254625938,0.394799350953414,0.376916862747769,0.23427594905766,-0.246601167806517,-0.740103818721668,-0.571324953981046,-0.886405065865012,-0.463529311226107,0.147081858428411,0.589629265232569,0.280141360900893,0.564308992808364,0.528867491121834,0.189007069522693,-0.115715669117634,-0.601051009325904,-0.934247457036297,-0.935449369407139,-0.356634125871911,-0.160440524477566,-0.23672791672083,0.0937216349373604,0.167033728695546,0.587163145196296,0.0096723559906062,-0.71303000454197,-0.936002446029466,-0.489400705605047,0.117496262889794,0.0194805069987658,-0.0446437483860144,0.606321076552934,0.889699399029618,0.480958141751047,-0.0933198960238221,-0.0287643817923808,-0.169738714104694,-0.277162443341522
gene134,-0.0450910507670967,-0.51925853157627,-1.17028614908808,-0.268177367141497,0.432972578258607,0.91197314814931,0.499160955095416,0.645449081711788,0.37204749733748,-0.0905084828190206,-0.352886193597963,-0.48061570064723,-0.833277251351525,-0.57176855055585,-0.554897582990742,0.210238479189215,0.573153140146011,0.315088952222565,0.584798725470008,0.50787939125411,-0.0573865435254856,0.424256819646305,-0.0576651101829903,-0.311831434389659,-0.826674756734288,-0.651097117211915,-0.371977028700055,0.149574124478523,0.732662815124435,0.807550245021694,0.276005107442587,-0.479289885722085,-0.476732775373199,-1.13900881259844,-0.398155816290736,-0.56635441731981,0.17304440603074,0.270508546869982,0.578628526328892,0.630338951728356,0.27249980401193,0.512431549583549
gene135,-0.316849258350524,0.160332050656801,0.773412079369723,0.226125276130639,0.0045612927724636,-0.524367950505069,-0.769673708088954,-0.852086117943286,-0.83105283196704,-0.630159724389429,0.0067852315466158,0.354517706496178,0.398165339504489,0.847701559082089,0.667423388821378,0.408401643927019,0.0889443973503895,-0.820098212033636,-0.507293578556786,-0.825826027507873,-1.18252045368033,-0.564646705811367,0.275909202289583,0.14032095770706,1.17940566078511,0.902971849877178,0.865750181856588,0.307077701272945,-0.844533083224834,-0.97273665894358,0.14219279971041,0.0839586789348212,1.20179387303793,0.741592766807473,0.7649698674638,0.473467471731431,0.392982219114847,0.378348386344863,-0.839437520194405,-0.761669795214254,-0.801806191830149,-0.992363129003507
gene136,0.494283095580496,1.49792360063555,0.466209755922019,-0.161180256648212,-1.16951683839388,-0.357189073747794,-1.2750556713072,-0.27086084986675,0.0941855335404316,-0.395916000291644,0.950094140929268,1.50430531115514,1.6171989649432,0.160761240115994,-0.246303124950258,-0.243720182581553,-0.480752048720469,-1.08425606857282,-0.870349947536092,-0.513518715763895,-0.404614889603477,0.739668045896031,0.519670617802947,0.921542653906254,0.70043234080385,-0.276728965295958,-0.164769092910673,-0.637978452728648,-0.402586747679177,-1.40060784954593,-0.420788165944519,1.13914258542672,1.05699853789183,1.20233228347186,0.716182137888392,-0.589538143483728,0.287091130254954,-1.22161221972613,-0.740442417342296,-0.41618025552369,-0.34427759754732,-0.708214428813854
gene137,-0.284162118890496,0.465290666570329,1.17939136873425,0.223951768646341,-0.89217741615213,-0.889725763571692,-0.652526445588776,-1.10691003931245,-0.793353888460358,0.0648182383217106,0.759619172122532,0.768051774832693,0.459194639114754,0.443558640162634,0.280217788477603,0.341884389021588,-0.538278827952358,-0.712458868992531,-1.29910524379252,-0.721359053894878,-1.0868149034749,0.102908204413818,0.482900049697544,0.849554665740141,0.754900379091406,0.812897491433203,0.371423799042223,-0.150726816792072,-1.27484266023484,-0.767670695360264,-0.319103047854652,0.431445998765039,0.997168192373968,0.75116714592875,0.719030356710375,0.622679981270507,0.565677187492384,-0.542673599364696,-0.904079449294398,-0.470457198234366,-1.34828322098595,-0.574697325697913
gene138,-0.689704638682812,-0.213823727660869,0.782256590695631,0.684905774846985,0.157999421511802,0.333353783991555,-0.193592882605739,-0.923881114487769,-0.878895878124122,-0.386858530271636,-0.169474067055673,0.298181788490097,0.306483546117388,1.23780994942997,0.594773089868693,0.616805372397543,-0.274718966768554,-0.0418248758850535,-0.668884513030396,-0.564836485480102,-0.199790201540092,-0.0630746453606296,-0.212017383129387,-0.238143170092462,0.158869649700009,0.650632619441688,0.543977956547461,0.792141787140493,0.166427394984006,-1.25506243297513,-0.585966759096774,-0.391353981001653,-0.17396373737563,-0.170747469217789,0.302461589871021,0.0091732274055427,0.633443797666372,0.36242180866953,0.647897922539338,-0.574940059334231,-0.0247480452052526,-0.595432762591713
gene139,-0.936547657424215,-0.655207456046805,0.505195566295108,0.107296333297903,0.591610358515032,0.436608854347429,0.231770046723406,-0.0347634533056302,-0.218462265725599,-0.370972754616277,-0.35056607097582,-0.228919987362192,-0.114254732885345,0.173722758139814,0.645737917069008,0.528032429327058,0.766957966330455,0.887084725825906,0.208041259886345,-0.444981628808766,-0.288798014786579,-0.355900908815238,-0.54151889281265,-0.305994415074493,-0.375757255357416,0.314862445454915,0.591442445675951,0.584919162582341,0.244615801436542,-0.018320867089116,-0.967363394033652,-0.59997429368526,0.0421866299136739,0.155743039326218,-0.139918116498686,0.44062587979277,0.227790698084816,0.611232929984532,0.235457451439272,0.21071426189378,0.261547866530418,-0.568591838081878
gene140,-0.380036550679897,-0.608676463424228,0.520831563256772,0.789306390100504,0.63168467829242,-0.144098406658158,-0.673990095916025,-0.831658785169422,-0.639194348317728,-0.698209704778325,-0.0030614738098858,0.475056446450552,0.436033478646074,0.674085658530759,0.268509493246514,-0.0512465810760678,0.696903524040703,-0.0332859784387255,0.0877445036633676,-0.560059493051102,-0.257556338645535,-0.620963854655699,0.284411438984756,0.423537440681732,0.366640224675273,0.583862391915543,0.673297054191419,0.297051575295048,-0.271387781103892,-0.575569044037161,-0.907055263291714,-0.451752287186559,-0.323380641022559,0.53107814947651,0.463234446374267,0.707574611129874,0.20520184375945,0.399825246078059,-0.162514310793328,-0.718308460425732,-1.0661751538737,-0.520885032249731
gene141,-0.322550875209547,-0.713719914281711,-0.311070534509079,0.120676552492863,0.455506962099806,0.433464597443009,1.00725843115086,0.386733247811654,-0.124519048657803,-0.299346592278274,-0.650663261632988,-0.597563268625771,-0.683573077106837,-0.173591202695338,0.0456613026143106,0.351895784891035,0.770468837755294,0.725848679154005,0.885446914556381,0.233260707689721,-0.234515612665256,-0.485576308204299,-0.557708596480122,-0.810261458363525,-0.723833459772621,-0.417243463916033,0.0828537581479104,0.237579811566724,0.87683646146966,0.18539108568552,-0.24821057607375,-0.657803629680527,-0.941378339618865,-0.617847763639809,-0.514252414829461,-0.267115350854089,0.591204053036276,0.886538565642672,0.713980026289585,0.746009795258414,0.269584527279681,-0.0285629388222594
gene142,-1.1595858148398,-0.697905796250909,0.622874305294187,0.810789515674007,0.512463254199351,-0.172860834446904,-0.670081309126292,-1.09721009881871,-0.737937183311314,-0.923212453329048,-0.934044189024119,-0.275204297794643,0.121899686912302,0.999748932019045,1.33868348390376,0.806096547599004,0.856812178373744,0.128407050034212,-0.168770034420458,-0.943895668323684,-1.19864962268022,-1.28788246114899,-0.680222186148721,-1.09187125634118,0.365584367015741,0.682283968362152,1.27982521350978,0.683434681721683,-0.151134195590692,-1.14534966072632,-0.645218948771284,-0.0475616748052529,-0.198590409076626,0.400476092249255,0.723441392709933,0.842444306019509,0.93545396741198,0.178909964033762,-0.402130837580157,-0.307781168489516,-0.738351593845683,-0.556965289231493
gene143,0.945396543889261,0.590978491890104,-0.282017310247716,-0.518715238795067,-0.718500285265021,-0.370924449376737,-0.199268598224577,0.593686488321445,0.466304973963786,0.835432917733321,0.530113128535438,0.378769312045727,-0.0368927725740178,-0.715933347521389,-0.697697995216036,-0.728732229084662,-0.98204895057831,-0.336568857339647,0.313136119243618,0.251383703248189,0.744772635693456,0.909455223089086,0.960927275245361,0.427961641269209,0.236110447323667,-0.152877630994144,-0.745862370167654,-0.864381084747014,-0.339186773779505,0.589194180132554,1.0003875094515,0.944088634521737,0.30555894232609,0.189914190572898,-0.0895235407964343,-0.45101631135353,-0.836104525317567,-0.278077446465801,-0.387226641319901,-0.127540107063017,0.280059885883748,0.817267463394466
gene144,-0.67329431771122,-0.197354249637989,0.49637568069807,0.135522123633015,0.122193217053837,-0.0093725521508121,-0.146278446668735,-0.579860935432984,-0.453879381494967,-0.221189255100902,-0.0563365838721961,-0.0361476232829473,0.368326317490306,0.575239871671587,0.469514313854941,0.356718991829217,0.150124088591065,-0.194704324706484,-0.259145225960266,-0.472620027978715,-0.374961822851315,-0.503456626787237,-0.25419689012875,0.115704489101977,0.158453416785158,0.463940572597615,0.414626530788045,0.469346419918629,-0.199795202892348,-0.585936312058453,-0.345720589528748,-0.43838873223547,0.0653254555822232,0.47751634224884,0.480284267066067,0.631759919738072,0.422662576093339,0.236441347933283,-0.0600776181146903,-0.27269875776883,-0.407296321339935,-0.311449123686182
gene145,-0.0269513685265754,-0.0162717159776906,0.436957351993645,0.882622326955613,0.0920376116092549,-0.651197960720955,-1.17284264063203,-0.560443756014205,-1.20539396393167,-0.0967828126369208,-0.411225341985495,0.742967916742641,0.562020190928597,0.511588085227308,0.388926306905251,0.271974083940644,0.263101198417412,-0.409210755285268,-0.114683718698214,-0.676899297997746,-0.761490283054011,-0.421248085791836,-0.326398981405948,0.633057034090588,-0.0974137072175924,0.384905006513119,0.231945937260998,0.765155441162743,-0.0863815928794872,0.0098940258207217,-0.746611352226446,-0.230231611129053,-0.256929264926149,0.609228418744883,0.720916282949729,0.309557185051392,0.435817093450988,0.101036345779914,-0.617796251578051,-0.658707744769431,-0.625473559681421,-0.47231594947155
gene146,0.415009627997921,0.493105960353879,-0.327740699099238,-0.326640911998362,-0.365002273050664,-0.032362536463049,0.0963694555749861,0.47957965863747,0.396847886996161,0.542992092994274,0.305911764596942,0.105676261857882,0.0190170057787212,-0.509669123204183,-0.409814076711922,-0.380093044287369,-0.339272098707031,-0.0280347373028312,0.0220738115073169,0.294353578003954,0.39050219398248,0.362381028540042,0.23264058533344,0.197953893331959,-0.277856518788976,-0.477842832388059,-0.563336548455043,-0.365205339170303,-0.0263083861155268,0.62363136188625,0.440175255825367,0.270767268060744,0.275409481431883,-0.329363021167398,-0.531949542051272,-0.493584453949752,-0.441204127324679,-0.366471514698904,-0.271714858174221,0.189566045470861,0.377729814239108,0.485333513973529
gene147,0.241906453486573,0.656075484808447,0.410125321522886,-0.134225827186448,-0.589182964448222,-0.531847744725272,-0.442287754805307,-0.130468342664241,-0.0177755018967059,0.11944387959033,0.347926435879081,0.654538739465713,0.468242298143063,0.165824960177854,-0.289599260541412,-0.542645892670907,-0.445582379189437,-0.531718341098624,-0.196447943726411,-0.106155378701255,0.0016929078650345,0.315821516463357,0.506814045396364,0.775384415886105,0.778257552065895,0.258942741566968,0.0745926618776467,-0.335579958444496,-0.618387311498962,-0.087077325191512,0.323968755425054,0.608869637082901,0.648989072139094,0.500917263369837,0.312421671507631,-0.227820554481021,-0.316199784868402,-0.324691779990717,-0.652253504765423,-0.619321321521374,-0.206479650293187,0.123230072506504
gene148,0.367321428260458,0.330732427522508,-0.120060666867564,-0.411339600639401,-0.541861492351944,-0.313542846571155,-0.0549357377827956,0.269434608508154,0.19129490962719,0.460664555520205,0.756374876921567,0.445791880945139,-0.0315569745375409,-0.208030832191312,-0.443587150701822,-0.482761709719625,-0.429734367320217,-0.219825663513066,0.0412819960835064,0.280900436366199,0.348592704842281,0.659334361164224,0.713146459445883,0.381846207073982,0.173637248078759,-0.0863798669708114,-0.506840112085832,-0.65601183081717,-0.243737288439954,0.117983206300652,0.557133621789962,0.53070960543088,0.479864298417871,0.0628113522403238,-0.286790204106147,-0.456303946050634,-0.469149174964884,-0.698328369705146,-0.429137931478752,-0.047422614798604,0.274103720605365,0.305627324872812
gene149,0.297987620967656,1.02611421996849,-0.208207223790607,-0.281186455333174,-0.725257495886762,-0.219952337937396,-0.188021669335702,0.0399390389878606,0.664606153620784,0.748130340172384,0.380701755921134,0.588792612745789,0.221741759192779,-0.0099510099993835,-0.547733358104231,-0.713422766135317,-0.956455876774087,-0.096841058960314,-0.272861018772054,0.225127676334496,0.366532215005457,0.854756804843064,0.744058557700604,0.636197338056887,0.534638384954288,-0.77341327188011,-0.547398586521016,-0.327386902183782,-0.404009062408772,0.165016907522952,0.919907761641625,0.981007631611944,0.271859462391793,0.312448151395412,-0.395295445281185,-0.575319756046681,-0.738748417428235,-0.944911176889636,-0.305995764571774,-0.342476097929807,0.216265250535352,0.316224966473449
gene150,0.0407427294139696,-0.146366376983812,-0.829466578595916,-0.36229925485718,-0.359924058858915,0.350103822587566,0.416372879384589,0.510789896734012,0.917095559858863,0.432397949112446,-0.10371387248556,-0.117281641377431,-0.54832099333446,-0.549640633452811,-0.595916657827033,-0.359560697080948,0.115478454329732,0.345887505380521,0.724015006417131,0.39914439189234,0.874643419710362,0.334655503937544,-0.173595826551769,-0.459839419335581,-0.766032310053192,-0.957580791506228,-0.437484741567973,-0.0130745509634345,0.305442021205958,0.454284421370175,0.421938368086362,0.496844406647966,-0.55018540730397,-1.11272909193811,-0.937185163637525,-0.658278558097449,-0.109729395724469,-0.163797611214634,0.601254139906942,0.327729261712127,1.26568850758847,0.64560465272508
gene151,-0.574819437234724,-0.493824342068318,0.960260312890959,0.629275707885709,0.587608825447903,-0.238736294461707,-0.931836973729091,-0.694836661340766,-0.910884226378747,-1.0384899704225,-0.134279462076619,0.124280530750086,1.1571563188752,0.665285123161021,0.806910608350136,0.586421564583052,-0.0213587693033694,-0.119536674991199,-0.622676985134453,-0.772476571677177,-0.878097351707043,-0.141674988379634,-0.675181985259585,0.0988986625767452,0.240848048864277,0.566274054145885,0.315265523052283,0.925459770139863,-0.283723218635689,-1.06498840098208,-0.345413076189146,0.0085748180989124,0.277531709942179,0.352537522716385,1.30835646478505,1.16934095219851,0.666101752552852,0.678697840478467,-0.515717719590707,-0.365945072070579,-0.778897806853289,-0.282318639514864
gene152,1.55963619686757,1.24944885234906,-0.712071928421119,-0.641609309169511,-0.816238442855103,-0.132531574659807,-0.433423134621487,0.973762836858378,1.05127151998092,1.06211265571678,1.2779568364816,0.0998759279180264,-0.653058139530494,-1.04224388476248,-0.673890264028424,-0.860198130016533,-0.836676797163631,-1.08211831197416,0.16587819114688,0.703841242575938,0.724911046585457,1.35903583731007,0.882286924617381,-0.215233914338088,-0.0732620984260294,-0.585223370509117,-0.753269940739073,-0.842236665377969,-0.710061894212617,0.604486564551305,1.48597481913379,0.624319156216322,0.224647853807725,-0.544471618891825,-0.849195310040783,-1.4484565917197,-1.22597094459786,-0.37781266551338,0.318774747016437,-0.397513649232624,0.470577401106406,0.894823403211658
gene153,-0.705916634681961,-0.684125909707116,0.528900916220392,0.867143553193335,0.56939724507799,0.164078522876046,-0.463630962187159,-0.64433530740239,-0.919393873132371,-0.866081899479199,-0.803062743435458,-0.0379607318524217,-0.029012475869137,0.220319089865933,0.879447825169467,1.00720687084116,1.14873911200862,0.799574931580819,-0.193791066901384,-0.564304442085599,-1.10968744870947,-1.04359558837935,-1.07675323105399,-0.344555795850908,0.0216187754864843,0.484434632175886,0.878755553921521,0.991544427168947,0.383823189061747,-0.293571525706714,-1.05133221437184,-0.534504176129747,-0.50012555755625,0.0937222683730416,0.43165041615244,0.890513885335914,0.513114723350862,0.668770385806371,0.294443941501593,0.111681972179702,-0.555753218768536,-1.08010326788832
gene154,0.337022616048017,0.288193967574454,-0.0989627177899158,-0.717956097101833,-0.780892608672368,-0.870135294327903,-0.354914939842565,0.17427584166735,0.0623398714122192,0.727170708373532,1.06417663913176,0.798611840672743,0.169740574415241,-0.134195630235851,-0.312133008868306,-0.763946872118308,-0.693742853291776,-0.342668367452173,-0.462512409157217,0.16828186080487,0.872648424265753,1.04585664498553,0.538571660941474,0.586770330113997,-0.0035441822309227,0.0073014266150553,-0.563909515601032,-0.193031845885005,-0.379776628995784,0.0186484583450253,0.844654240225442,0.526252889956076,0.602553237375771,0.127004756801987,-0.227635385873409,-0.510243301529629,-0.461500605259553,-0.692893707685756,-0.336595628299057,0.0819715812237732,0.053538293448998,-0.0065393316457666
gene155,-0.305069451436008,0.0930132891054188,0.641293259106246,0.804513126649058,-0.196837840715402,-0.131195217470363,-0.68931699344103,-0.33655071225335,-0.641556680951975,-0.227465812137147,0.214411969610874,0.747907852445834,0.367894412666742,0.76896172180655,0.278260767134955,0.931592887281467,0.0013525759131948,-0.3554431225257,-0.407251204515681,-1.0360808525315,-0.546665434301371,-0.212089134879899,0.41682780998593,0.692124167008763,0.302636646872651,0.353169804693754,0.641383755227901,0.535826468918078,-0.318202055122079,-0.564242277601224,-0.124324816625322,-0.12043164324602,0.382625784199917,0.85454863124949,0.736519326948104,0.800869882238841,0.410101675341334,-0.124982819659269,-0.0697036279993828,-0.624970493695657,-0.17377840151882,-0.285215549813993
gene156,-0.671097407153876,0.0242421524771767,0.440649075580129,0.796376108388063,0.0582538535112662,0.0338349052332887,-0.626897347141611,-0.650406481232352,-0.70090063901679,-0.443989790500829,0.343609067344511,0.171516205697298,0.338928845446944,0.61108496139719,0.492517816846324,0.62058031411116,0.125115331932678,0.0716230022642976,-0.663297799801292,-0.557152414769502,-0.556777641840156,-0.253981911092459,-0.105987572615233,0.240706807389093,0.456965399176658,0.718534523327585,0.781257407036658,0.440049886214509,-0.122467490548808,-0.562644643182387,-0.365382807717639,-0.301407715705418,0.0722371860442597,0.218463136158531,0.89404992591149,0.955283274723054,0.616319215936234,0.232430379334539,-0.0673446382753807,-0.243681138106284,-0.547617709304597,-0.233729703953249
gene157,-0.455685725400762,0.511094034507346,0.546130708423426,0.231311003911887,-0.478382523475157,-0.666853886517275,-0.830399807591438,-0.841002292554915,-0.341010764775854,0.152868945762818,0.632858857328336,0.724367425405699,0.990471461538844,0.922263193734185,0.213823913743527,-0.0473323932704486,-0.632251540266201,-0.883432250241016,-0.855515925805361,-0.567275593567274,-0.403649173491698,-0.164955372837611,0.915238479093134,0.689494647610975,1.11144444271048,0.584358491300569,0.265374772975242,0.022698205379374,-1.00327158036172,-0.39122916006461,0.128218878804988,0.670597101185507,0.838945828689067,0.819496316817697,0.51410118240311,0.550104120160956,0.535211013109927,-0.302887288926402,-0.487571548765367,-0.84651173096956,-0.562214712087816,-0.403634677067239
gene158,0.553717899214906,0.391631561475012,-0.168045384876782,-0.0765722386586128,-0.470054850098558,-0.569610178719227,-0.179923278092827,0.0712963000680124,0.335881535171899,0.465806397239622,0.346070541839794,0.423634491338883,0.238262463642543,0.0070775507338099,-0.208184007805633,-0.28170772533644,-0.660421873014853,-0.355867695334959,-0.152393091148329,0.0193177908627595,0.393597292279033,0.136503719905066,0.449159639290041,0.530237675841706,0.27291373278592,-0.0117807289646291,-0.118075020011258,-0.606404387958652,-0.405436572127512,0.0375862928515047,0.386149635296428,0.51905592969909,0.392102374016149,0.320701181657547,0.0423591589184773,0.100602264686151,-0.342374251710673,-0.292509772048022,-0.448037917430183,-0.310567265511782,0.0297689228046019,0.259328350343107
gene159,0.528934773407945,-0.12571948847183,-0.961547237939116,-0.844710299766178,-0.130221799906081,0.451448025906873,0.850776216120954,0.881468942296708,0.984075067367201,0.112789904499544,0.517298710709488,-0.603674362328368,-0.681151510859718,-1.19761494766955,-0.946308056576418,-0.715812458102333,-0.31216060114721,0.280666538525695,1.19608408071299,1.02989541588253,0.902915434769308,0.453310217171067,-0.0885092728051473,-0.321918956170783,-0.956899894802004,-0.817139993197138,-0.959183368556645,-1.02676267089223,0.15835312624606,1.07639564679512,0.685262601949411,-0.28557651097081,-0.489440292533282,-0.609536626077209,-0.989405488633025,-0.807735174715596,-0.22185557431841,-0.211939466953534,0.0580458537247499,0.743459964147554,0.850531878972775,1.13871874803081
gene160,-0.0304758932514405,-0.745137578307872,-0.647429003371082,-0.10944333312926,0.875140899809808,0.585514079297191,0.173289235337858,0.635483324986054,-0.565670254026255,-0.0896698745332315,-0.627322389000187,-1.06041591625392,-0.599867246682244,-0.689548283039976,-0.254883714123735,0.164269497824571,0.736915938345367,0.761298995896009,0.617304675503531,0.181378958179349,0.278934514045391,-0.961470291545095,-0.539463405933438,-1.29608810073008,-0.709639427110627,-0.23008259467979,0.0157852330048095,0.407077386089632,1.01395395896213,0.85908933669976,-0.115292211328702,-0.403153938516829,-1.17781492028188,0.236333983947426,-0.420323245602795,-0.087306826298238,0.619509820602387,0.311733659341973,0.602257987829442,0.59339015241605,0.103423736549309,-0.0177955528752455
gene161,-0.0295948193520688,-0.256426979723711,-0.672014870574971,-0.543406452172626,-0.0575913070034046,0.684225626585666,0.837139954198026,0.461722237315866,0.364862621769298,0.368405712043305,-0.0283370906328211,-0.132622284843539,-0.589268284752393,-0.491053287724633,-0.368555048317601,-0.0232670538243929,0.329539911769437,0.630626741031314,0.832428370437045,0.70434499948657,0.625309805153078,0.264388750952698,-0.158862115096807,-0.448106274938812,-0.443159469937313,-0.677403617542522,-0.484325649645216,-0.234623578377648,0.377872655134351,0.764861500748607,0.287177109854486,0.0884864170666015,-0.445356128454293,-0.826639861895371,-0.541282822400501,-0.593011778951872,-0.411432529434582,0.304441939999598,0.49186915951297,0.485976982380671,1.06821865068622,0.287193503737867
gene162,0.692824243344466,0.742062882306598,0.502504692431497,-0.344996802475698,-0.888531547657565,-0.848212310770805,-0.850045985383333,-0.655796664778789,-0.239703100197965,0.482509787765451,0.385189965855195,0.669123686799296,0.777934300830569,0.519457396168252,-0.169816868570696,-0.447732765670064,-0.738754149743639,-0.773970828473803,-0.934598852784917,-0.426245534217996,-0.270600109451007,0.238150258854315,0.924219933509235,1.44425892093424,0.780641109972461,0.468474835298211,0.42770968727382,-0.584870024320984,-0.843810920065499,-0.505955990374411,0.495622694773984,0.847782655212612,0.71713564064049,0.826030189904387,0.627742008154288,-0.0335575101657993,-0.564929178814908,-0.994143444799681,-0.829926777196635,-0.757448631448176,-0.796416376807042,0.118561083091242
gene163,-0.486951511443994,-0.784089714277639,-0.434247015642681,0.227735517034187,0.894787045824441,0.557701300293454,0.628098724999814,0.0802319533761324,-0.0754017419313638,-0.521182600524965,-0.728986322513407,-0.597341914216427,-1.06328324028756,-0.381634668248006,0.0748947293504851,0.529758612863605,0.518251441820897,0.852512159412103,0.56383459080412,0.565075010772215,0.226188389277499,0.102797781269142,-0.950344048626012,-0.464609394451539,-0.617132188363701,-0.0883314592947802,0.163126603084943,0.285817593486485,0.588366371332871,0.119105903344061,-0.777247402312596,-0.444849558325285,-0.592085983280034,-0.248460007825338,-0.28781880003193,0.0849794889364716,0.284433784808516,0.433526700143641,1.13916592943215,0.61674264141535,0.248905144490865,-0.205416565696698
gene164,0.593571986207166,0.369732112456462,-0.203536018229469,-0.369097841182394,-0.954381838412968,0.0562838100999876,0.15432538748058,0.0604929880659263,0.571658765285594,0.285531956684142,0.338075403930476,0.363535529489219,-0.0921519038747254,-0.954301629170684,-0.845261618718846,-0.950136305124952,-0.570825514966373,-0.55904840459535,0.12618935000815,0.514421242549528,0.650612906759412,0.256052638129644,0.258487422124307,-0.0498638314278579,-0.151958863035976,-0.364309228702644,-0.629509603279323,-0.32478877234058,-0.0721469180444862,0.643200624931114,0.262208482187881,0.239016277820796,0.600486219474776,-0.150361523717573,-0.497683501497704,-0.895465994434366,-0.0440167482453638,-0.847867759147262,-0.33591085556541,0.16765334562402,0.619024506870704,0.185015666298135
gene165,0.10787067179687,-0.229474321144674,-0.62145793401565,-0.614580976914315,0.121316816599193,0.776789401936612,0.640078234604414,0.991560409842993,0.539836592877378,0.437181077366106,0.410901840163866,-0.0912621761362842,-0.844411284985943,-1.33445889806164,-1.19489271670996,-0.0252530637302101,-0.241635654785869,0.554901998773285,0.742931167829139,1.05201107007553,0.587031988503511,0.192257249311174,0.0114078735631901,-0.493444177025725,-0.574505350720759,-0.506356134895102,-0.758997043352031,0.0225867018334401,0.248472919447034,0.682989604226518,0.025019969231037,0.0706399884571052,-0.666396783507429,-0.774348670568822,-0.645603515352818,-0.820880144413916,-0.187692720352606,0.0728747167711622,0.534966398582632,1.01715174318525,1.01445389910911,0.630567095178226
gene166,0.150280134164023,0.69568980052955,0.638266319139041,0.351127409364538,-0.617867968129557,-0.553605937301654,-0.89220607118318,-0.559168164528528,-0.484928630263941,0.105806760909691,0.376320498023683,0.648870053931992,0.95929284491607,0.449754161241214,0.573316561488284,-0.206148032192528,-0.375242317734601,-0.343089120505561,-0.755415664091753,-0.61501186832698,-0.397476258621899,0.105831286347463,0.478722453207693,0.531163470676826,0.728058968581349,0.86147315739801,0.449271348623154,-0.0903872575636912,-0.607634660221459,-0.498324147070806,-0.125778630727938,0.310425963233316,0.782104955489724,1.11122313061846,1.01512207023433,0.275700958120179,0.0451703173108494,-0.26757997790963,-0.875838550221245,-0.784144308360107,-0.832005436605474,-0.443440432318019
gene167,-0.478716100192395,-0.571332852716785,0.130366344205095,0.0971333230357623,0.512882111781247,0.602366250422681,-0.0376258985097883,-0.130641818607348,-0.537202425105921,-0.948473868969681,-0.78061563495843,-0.130281224936758,0.281187909622375,0.711164514037743,0.724303916119241,0.729875789697082,0.500818377978657,0.449899714529596,0.0027011614618699,-0.518099336350645,-0.581466770690083,-1.38025537776054,-0.437566127918309,-0.537947093359667,0.224810270105254,0.384514871530524,0.469437953020423,0.862525984245053,0.440238583230694,0.0113417511549456,-0.080136460481806,-0.720522196502028,-0.535428243596449,-0.203846522151345,0.944290862761486,0.781552514594449,0.816972176555121,0.928842317885137,0.363412198388901,0.148078339607354,-0.274779655694627,-0.588180389971049
gene168,0.435693041536316,0.784030260436375,0.220527478386729,-0.0410604472530383,-0.276180285346378,-0.7283379116328,0.122267537191212,0.0013807311222007,-0.0826790944719119,0.433726217699688,0.478348658753444,0.611502716900604,0.0784145655164796,0.175813028411504,-0.278352646598497,-0.574651732775265,-0.956466525712873,-0.923119921793574,-0.090881947380017,-0.583050891806407,-0.0413141290117691,0.503116923274616,0.681448057065094,1.12304578725325,0.523160710661533,0.0416470972897846,0.0851923351257201,-0.688826918980502,-0.61837959711265,-0.266995264630093,0.360255261365204,0.371523308660205,0.885285041063527,0.423491175970992,0.326901878360583,-0.294780968766988,-0.670857970698198,-0.503841804417632,-0.976763396903472,-0.693790411796665,-0.109780665339227,0.285576824119129
gene169,0.209215800202185,-0.37661988133704,-0.601981626976003,-1.12887178838339,0.870383045564083,1.44964227520831,1.06679210643581,1.20268495266363,0.54723374969699,0.48549995958829,-0.621623150274296,-0.812742637723244,-0.912510275688861,-1.15827081035344,-0.603015062600123,-0.432344052841203,0.395540590337831,0.618464496721767,1.06641907598158,0.895706019891709,0.865600752676984,0.328268100909909,-0.282448959596197,-0.673496175578713,-1.29398541202197,-0.812760662093822,-0.57339646699483,-0.221398794261109,0.318957247608951,0.72718662591884,0.427950786533865,-0.576907786871475,-0.539546911270334,-0.856719026411578,-1.09351966548787,-0.356501711420256,-0.247110503607796,0.762123351628871,0.932257509970005,1.00591075610736,0.810821920695257,0.476066395024317
gene170,0.430696233654589,0.624996481271394,-0.326293664648107,-0.562466375786914,-1.06697441551471,-1.1569139099376,0.210176389816283,0.44388186209628,0.616034661045871,0.871298306283773,0.973319651162666,0.388413073559588,0.14108855716506,-0.557347590484413,-1.09725198122294,-0.770311365117806,-0.745690374551715,-0.233820163702089,-0.697219936084239,0.0755074876920178,0.644667743139468,0.479539698211732,0.396282638947595,0.256436375103896,0.0927019028724879,-0.698277005514614,-0.583133010865557,-1.21434812609316,-0.34121325654593,0.667222604269278,0.719808612887602,0.640395169600289,0.471834321921205,0.141748070772811,-0.767136553429498,-1.06966167507349,-1.34538327678878,-0.897292885761703,-0.836779922123468,0.0108491462279221,0.552512378491921,0.862460617311946
gene171,-0.973741291369196,0.01903491995826,0.705287751298554,0.79983121543246,0.225364002636635,-0.652474652856577,-0.608844261262907,-0.766350225060234,-0.698918401768001,-0.32981807774299,-0.0900411766277407,0.348870926988028,0.579782726821569,0.925323994018458,0.725554333646751,0.547960174488901,0.282835989169016,-0.0041794499786821,-0.76848554665536,-1.05230618056378,-0.467105863279738,-0.113498733096622,-0.575713562531821,0.486342143076992,0.961656908283186,0.845809553832224,0.569463531942591,0.450094657392063,-0.289455457574484,-0.921528649810448,-0.663889005319125,-0.13021553816939,0.463453478140034,0.5009749708107,0.817581132531346,0.70566548194072,0.524937416672188,0.0286750028807037,-0.169602299286649,-0.787261945057334,-0.569722988964057,-0.57102885631907
gene172,-0.591548658261048,-0.577826388962074,-0.473520779555453,2.10713557551558,0.958862058857406,0.66843246307917,0.189400909475995,-0.658239023255719,-0.79394745505117,-0.416038178553478,-1.22961501156613,-0.0059979565230601,-0.653651577984795,0.0830469679455467,0.439311225776131,0.499508760508725,0.878368860590152,1.10622381773435,-0.119679562637011,0.0283930846163096,-1.18349151308373,-1.33985162395898,-1.26981394407001,-0.614233995502929,-0.112661499147539,0.314723616981859,-0.101948006898288,1.42117482037288,0.707346172963765,-0.150474858087377,-0.986979507268499,-0.769771867367848,-1.10279990103038,-0.34764564209142,0.629719855174079,0.752822354627002,0.617749612276198,0.192098643388058,0.685281060625401,0.417839292542709,-1.00278337148109,0.026571117154723
gene173,0.6973394142712,0.310395058961008,-0.691691323777384,-0.529316385128583,-0.0302290966229921,0.883673457772894,0.764040334514689,0.379759327793718,0.809542259506177,0.445561869188032,0.158862164824716,-0.555597941328864,-0.573363720037868,-0.928788518328899,-0.127500031934354,-0.621031474136527,-0.266126644271987,0.0287167530547762,0.405462945788133,0.364415448047451,0.799897135706633,0.545458290660956,0.543950923525621,0.0472631696164024,-0.438129516029869,-0.519482413159957,-0.910019226426171,-0.362857206843406,0.370506326519659,0.637992353538098,0.640033820926217,0.159133465647983,-0.224400454020381,-1.05929125350785,-1.24229131954575,-0.899058157624531,-0.72423390183065,-0.0035581207110144,-0.157539086882824,0.694868638420235,0.878165813378074,0.367407853350987
gene174,-0.121808913919284,-0.0064880913978575,0.109277635152917,0.853878634122438,-0.0030154543853493,-0.0158159003330207,-0.473936696289671,-0.424217242001434,-0.623801636026963,-0.509300295483863,-0.833107322749489,-0.0516838174392139,0.550965427167917,0.476893781114279,0.383298806907663,0.638982379083445,0.221850709211817,-0.201535988898974,0.110255989420148,-0.621943973238725,-0.384465938138986,-0.549937393516802,-0.312826189053155,-0.0457996242450383,0.391387959306045,0.610516484430642,0.287679956655068,0.632191154872193,0.259887553529025,-0.262448735703153,-0.662348772079153,-0.419035795439721,-0.294603154067738,-0.162267954558245,-0.0021483380429006,0.581659986962555,0.497556261119482,0.273197939268845,-0.233320889702719,-0.842032034705207,-0.230682171590833,-0.560790955508535
gene175,0.0870320706509209,0.143750791527003,-0.749579077011935,-0.882619505281775,-0.2495208331471,0.410538938129566,0.902789630207169,0.943104936992436,0.872828991321531,0.563222413261227,0.0308432353357171,0.108198776974783,-0.61570540849363,-0.938471407408167,-0.851798939138296,-0.108365826869534,-0.109139646134816,0.122325729330596,0.481723336901717,0.946386829293198,0.880350073429685,0.249722386224189,0.077353956916826,0.15418545152725,-1.11924853368119,-0.684949224167125,-0.751044032662521,-0.245917592150919,-0.0422500470917577,1.09199739834352,1.05150175724258,0.15238908393746,-0.256748929468623,-1.15187501843542,-1.10763146742555,-0.596399279661971,-0.640409628102777,-0.0814409484196773,0.302615559591515,0.753203142384726,0.580507594095444,0.786576271039781
gene176,0.0292036351828779,0.254615679784935,0.674294871639482,0.288658230440907,0.476510842838183,-0.83330655498043,-0.469367444331628,-0.726542928931733,0.185860817100521,-0.254764566411829,0.191997264952279,0.320890659773894,0.327497610915276,0.314454269384871,0.255743926101739,0.219270609576664,-0.663399477770607,-0.516913266514794,-1.02573263527235,-0.394853232528576,-0.318492559407502,-0.144763462788902,0.434458597448081,0.701571723627408,0.305402557220545,0.747634208393017,0.62016670043783,-0.102169787455622,-0.445901633611673,-0.84462683562987,0.0033514557322746,0.195417892120539,0.224206790802394,0.716555385747432,0.437240062516089,0.438673045425136,0.417631867231919,-0.167413617947455,-0.551697616124425,-0.0505621785925574,-0.866991187517524,-0.375595947115778
gene177,-0.572061398963258,-0.68869198512424,0.188381602146273,0.549138844494378,0.444664464871426,0.302779540859215,0.128887214189258,-0.244280247025046,-0.387435074691537,-0.53024204973548,-0.437144149402632,-0.385354303200878,0.121504790541198,0.163794092805378,0.538753264083938,0.391891044574035,0.537939299846777,0.234574651556981,0.0337402282498171,-0.214439881675688,-0.36691819636762,-0.416874502713505,-0.545436303764468,-0.159489343579576,-0.0231627456326219,0.464361144935403,0.67233572917166,0.613848686550871,0.0608496189224729,-0.260369041317262,-0.505330274832187,-0.387526958929771,-0.186393738698334,0.0406480099262213,0.316457195851475,0.517347780733004,0.451805321070183,0.638616328982006,0.211903250264354,-0.192242182650564,-0.177510390142569,-0.26866763578067
gene178,-0.169479394765366,-0.255380432498864,0.760815552491656,0.735188183167839,0.0694235460877738,-0.0337221625569496,-0.656822888535706,-0.75144403551584,-0.0398585160958042,-0.778762764331191,-0.521784849705271,0.299494667003949,0.374997262202706,0.508366290136495,0.812177701631567,0.816397631305596,0.0344236123136848,-0.398283217906001,-0.501599553902589,-0.908133055145592,-0.939883564638294,-0.517898574185678,-0.50434643666363,0.490442786729116,0.657064827831094,0.790230163510599,1.10089057578075,0.492348948292816,-0.06212550655501,-0.816598158405546,-0.419552728054511,-0.460002753162745,0.361375793273752,0.489835715628919,0.638483312394451,0.798501423784865,0.769010313309969,0.2389518244363,-0.158732849691593,-0.640153787958507,-0.597607468931183,-0.351155134477251
gene179,-0.0083191014240113,-0.306507967878957,-0.380428401898976,-0.0355511733771905,0.34542658838086,0.601178876202438,0.595248367105125,0.164826727014075,0.135985040476368,-0.230048493316554,-0.544201506001731,-0.5486565456413,-0.566226842807184,-0.378157458409214,0.0894885113389767,-0.0083998626143343,0.464790745577388,0.539784556124546,0.478603059226313,0.288865310502421,-0.0621287803405737,-0.28411188540224,-0.365812725059118,-0.48254889004181,-0.415652934417542,-0.381416729423079,-0.236091393767567,0.10402983217384,0.512862992189029,0.221258978164628,-0.141311246591983,-0.458454208655787,-0.599489173821421,-0.81158229834924,-0.382435436046435,0.105404510396221,0.330847702639907,0.540196502921404,0.723334745301486,0.595322953971742,0.516744851176921,0.0764635315156803
gene180,0.626757883074636,0.432561853058504,0.342338299673948,-0.254000465249154,-0.259803029195581,-0.484305187818917,-0.372347134124193,-0.0550157374788732,0.210730834098822,0.289103112655291,0.435009061089393,1.20175548326768,0.669837116207747,0.126392024178587,-0.346736128913036,-0.300746797073376,-0.433780157254034,-0.571758773298184,-0.393537078963791,-0.0754174079618558,-0.0277321259679262,0.190763944731966,0.673790630517219,-0.029404993897885,0.675517711701847,0.0551094156137976,-0.0172720633185945,-0.0540929012161203,-0.68244618532698,-0.112420974260979,0.25070034007583,0.629835125631652,0.487161386222967,0.356736458885876,-0.129366823990254,-0.120270544767716,-0.425422933313251,-0.410336405843812,-0.575204544329271,-0.0867558975127775,-0.368019373258774,0.0120082872295333
gene181,0.833997943517311,0.572760008940084,0.315623659353064,-0.228135664601938,-0.589305867781406,-0.484177722602746,-0.390814350141071,-0.10890394220122,0.159048753997206,0.629395754321175,0.652967648817187,0.516649637206015,0.323874095157065,0.0355300156058783,-0.265211553643478,-0.454977708784374,-0.723684570023172,-0.742795034911968,-0.37315030933761,-0.197821179769262,0.234815341229548,0.605511060421237,0.467270709813332,0.701580836581756,0.323432918693771,-0.0093908747088406,-0.0344121268529489,-0.583604993595304,-0.782402170366941,0.103594624873182,0.634413681209758,0.457283482733088,0.849960089240763,0.365406147351976,0.103739918711156,-0.0516690393407357,-0.388540711234687,-0.586345560783625,-0.688385452035873,-0.364753812532952,-0.093310184931597,0.0825604149287757
gene182,1.08321232644673,0.986770451103443,-0.0305853931041996,-0.523721203565476,-1.33234226999707,-1.15304951775798,-0.447441554690805,0.17039453112991,0.441898154459548,1.05072138395863,1.27320151304739,0.54064909763105,0.246514548493075,-0.47946886574102,-0.402484282764703,-0.581803904246094,-0.717584586058975,-0.693206337147427,0.573056723791716,0.0588096741294259,0.654418458030988,0.650328447005207,1.41074371768906,0.119049922249475,0.239748383106523,0.0074713692318381,-0.916533833117539,-1.07555034982823,-0.644760463912285,0.521786459409827,0.63636108310134,0.703232007120705,0.779016315634665,0.37285567885385,-0.486258317581265,-0.100889434561835,-0.463612968712304,-1.16864789092171,-0.636049912510649,-0.163579596904305,0.296552148473012,0.770317924195747
gene183,-0.784401476700315,-0.418926357329913,0.275868739728372,0.431982522520309,0.573962277514338,0.587811148681056,0.133046084373175,0.0076546287791536,-0.392876631595079,-0.596212517758063,-0.755794783173626,-0.291362662891694,-0.0779895271694741,0.302485836500445,0.474951247661094,0.737012782216791,0.543199052858483,0.389910416938369,0.151638013191101,-0.05936027652983,-0.659595870600356,-0.689625801843257,-0.574883899751797,-0.447995197905,-0.136274586091749,0.230714322293849,0.602642579175562,0.673517279317901,0.322635106649917,-0.313481010230869,-0.640369346819437,-0.706261702828474,-0.4961357035614,-0.0842892411042298,0.362551233380304,0.109346876530739,0.676661445106484,0.58159717485444,0.373183698700495,0.150143433724985,-0.234768325764856,-0.492763022900545
gene184,0.553646280930477,0.623293266693,0.143879699377571,-0.205974717599728,-0.431690088916331,-0.578005709166402,-0.163420178955078,-0.0298381263446665,0.116319500855388,0.445911009577503,0.454952217755706,0.363239122387789,0.112351018557403,0.134388546753124,-0.141511336985415,-0.274182718075813,-0.549414313248235,-0.534814279745706,-0.47977626554699,-0.072334537359571,0.103617794476123,0.291930245552316,0.602694196186004,0.520329645077902,0.210973757830387,-0.0096196931406106,-0.115120549756424,-0.408935118308358,-0.746788591455954,-0.163557285404009,0.364731890148267,0.461129408382643,0.369564183734578,0.393546755580226,0.254639480796245,-0.283240979608355,-0.272975312301203,-0.443961463743862,-0.614746283299793,-0.170877787877853,0.0030528806135069,0.0810926210609875
gene185,0.111667630984331,-0.0867709606014608,-0.842487228900356,-0.557913948386682,0.106050244563341,1.02450030812608,1.13091980407254,0.806530358304457,0.706434363107913,0.182508632635776,-0.279733636284685,-1.08419349347583,-0.911946923545396,-0.982963556647319,-0.609449903464686,0.135692524016125,0.534713028069698,0.570873827438248,0.652898911701769,0.785807432096244,0.617528750432208,0.344130868802599,-0.369861451797772,-0.821442083388242,-0.657243427253449,-0.75629584365813,-0.399630194862033,-0.099143201448623,0.724155614187002,0.78680801654053,-0.0285933467225218,-0.456124432136189,-0.65286635642707,-1.01099634503612,-0.96468240307097,-0.659852806313137,-0.454026434106044,0.562848626190879,0.899660180442411,1.12467871295001,0.961519842596553,0.422867486026463
gene186,0.472100614138068,0.52005697364434,-0.352692113266865,-0.75311101191131,-0.492408327264571,-0.22779601959119,0.0898739410483121,0.330119899716626,0.785766230497705,0.596871091311639,0.742752367352874,0.347629919525386,0.263069966869746,-0.13337122157408,-0.596005514714268,-0.717766653428128,-0.659394102069194,-0.0600347710872373,0.144794186409793,0.475617848888978,0.534832205043427,0.736526801738614,0.473718880608764,0.328609389286134,-0.0065126683376498,0.0261724693345847,-0.470376442379386,-0.804510142236613,-0.355759432675287,0.366808938583273,0.643539920484801,0.636897761082353,0.373254149361656,-0.111301082636977,-0.286780288972925,-0.572428019288203,-0.503671165901839,-0.485919243759242,-0.248615277585401,0.139680903627138,0.345013313214491,0.714163435606391
gene187,0.625446476098011,0.801338027833779,-0.0401626469153386,-0.245987976796121,-0.801768536159953,-0.42735930756465,-0.201694936929702,0.223368977667281,0.0072913083881561,0.565366242083523,0.536778546770143,0.492424466732451,0.398236605191846,-0.59488783332495,-0.390956048134412,-0.973229403109888,-0.507734806849128,-0.891024241579988,-0.0680937852200633,0.124578391683078,0.571098632092237,0.578884768509764,0.407526883310566,0.414298616943743,0.679193668290311,0.185913377819776,-0.566322814303468,-0.869322604061973,-0.441193924676097,0.144639316167356,0.510272686487903,0.596995535610054,0.484738930883084,0.464596710521225,-0.198228317747158,-0.548016508832185,-0.293140418479843,-0.744811721927425,-0.483577958956908,-0.222750291843347,-0.184091306164654,-0.0075316891171828
gene188,0.134781666500596,-0.393328484928173,-0.636742690182499,-0.548230046960151,0.5112755310191,0.833035390846691,0.699540191182707,0.79210845002349,0.646819490936271,0.304078134424008,-0.519560628043765,-0.714278650717719,-0.897578545382195,-0.779298005317157,-0.528200679935733,0.0127319173839175,0.365428314491068,0.759980223195857,0.792729776412325,0.606309444946402,0.659917954010015,0.123249814002468,-0.199569722902072,-0.593321612943339,-0.798883229871375,-0.813674766173257,-0.360168290322008,-0.173991389678762,0.552680232512343,0.798538413218721,0.328731626735156,0.059932677099277,-0.562324634568466,-0.985434906876319,-0.97776956822075,-0.960825805647068,-0.274375242006368,0.40140860218955,0.675209062872426,0.974753415766901,0.7891921385926,0.330071504217079
gene189,0.79952417737191,0.691368198184492,0.0318946292416085,-0.265710611736022,-0.767896942390722,-0.242957165169086,-0.424855072653102,0.324847260309217,0.874144020729727,0.566506474121602,0.572883601831047,0.424805415531897,0.118858621403013,-0.361104103346809,-0.457334259205706,-0.834896167206324,-0.546466494022505,-0.344388045925958,-0.0377626817361209,0.338913939613366,0.276334265603937,0.782131726991413,0.565578955511787,0.359798717846645,-0.46145270628451,-0.556000323028848,-0.696538167511969,-0.801606934243989,-0.470770614418977,0.402586590004302,0.937915023349872,0.581262976497545,0.626361378587299,0.297577680264182,-0.64206457838032,-0.456514109284008,-1.03683005441184,-0.758195687397038,-0.112974587843756,-0.214098617571697,0.279433967963981,0.507546734976931
gene190,-0.361736509658468,-0.361193278759882,-0.729515428502812,-0.0938636536377941,0.879289817870707,0.746550589288727,0.826982930600377,0.395842741157709,-0.395838731264656,-0.511114242680809,-0.750036034642709,-0.68571213718146,-1.02883911824063,-0.558715099454487,0.134960055481342,0.279245879025879,0.668552259418624,0.850500567811128,0.635613728641211,0.421248949955616,0.0034185920537162,-0.61557063768573,-0.499907694184627,-0.802520035638962,-0.786198737378358,-0.426675171237569,-0.146425462703802,0.370627955173521,0.874172727129316,0.11254963618736,-0.709741304063304,-0.885649101286241,-0.741019685905224,-0.560138882285192,-0.526504373324635,-0.032766677551995,0.478900206427855,0.611528659635375,0.945292423035979,0.583997538768392,0.559690681890482,0.126437774814531
gene191,-0.206911403963821,-1.00403108055914,0.27025432628706,0.17248283151648,0.286485351832315,1.03327189150038,0.672006689723219,-0.15992238922776,-0.10824598283931,-0.456869464514628,-0.461379517683463,-0.735107246503553,-0.505655945278643,-0.142225953252743,0.605206045565394,0.670280466443805,0.830511282259327,0.702874779940232,0.550244048133347,0.0822978773638915,-0.0728390999064863,-0.754027075912258,-0.56471316956434,-0.748067570055839,-0.508866522219885,-0.411055600212023,0.554686179335575,0.537874666075271,0.751511301585442,0.0641148231999024,-0.578117682859441,-0.802572530881456,-0.632132140671169,-0.0912866951516996,-0.410726753967123,0.162565558719075,0.660395501299113,0.789277289356508,0.305115666081794,0.477853121626024,0.487428006813128,-0.0942842928564396
gene192,-0.284571506272571,-0.383043089626204,0.303683834459186,0.796200723483292,0.231031414421803,0.330199172280667,-0.179551074725448,-0.318463568721377,-0.607751118430446,-0.619844268551372,-0.39045682368134,0.0089949912251771,0.410804928049265,0.544905593180969,0.777233713812218,0.707521922735001,0.363158961533658,0.106554034689149,-0.216826475527348,-0.408762501508086,-0.514196421903903,-0.664822546346395,-0.606066766204123,-0.0471167657248637,0.0723050803156788,0.302637724002635,0.501183038808688,0.56429599358869,-0.145152720400379,-0.29428912005752,-0.245328937597776,-0.334094356025287,0.038733163159007,0.145274339890503,0.345690526791648,0.526092941326969,0.571003768291127,0.474981349436161,0.317580881985311,-0.455312471216107,-0.635575031063804,-0.608838149992198
gene193,-0.37333937515119,-0.829308804031772,-0.562753693884828,-0.073865997565704,0.615766384648745,0.743788925475981,0.726326283771313,0.539332604256056,-0.0021545931477272,-0.507730931165883,-0.765029455256724,-0.649302056316807,-0.759305105096625,-0.282718105098431,-0.170188311527062,0.0446864306002562,0.531433183524061,0.816738743256832,0.519443109128814,0.295486529757919,-0.205128918929376,-0.485253898956425,-0.978563767252796,-0.698118369100549,-0.361630616190205,-0.628743745750452,-0.226749946521018,0.561404807088361,0.75204296404772,0.306668776739142,-0.384051368967168,-0.638828973931253,-1.21455520508348,-0.484552652884534,-0.255406882639782,0.0270824806954253,0.213645587974027,0.752129728750469,0.435618354657852,0.675804684111462,0.383885885357353,0.0484029460084885
gene194,-0.928750731360327,-0.965912973373522,0.665970521796814,1.07634750098736,0.997380796316828,0.177257161511501,-0.358240430956032,-0.53879115377306,-0.489102866523779,-1.01262648513287,-0.631699442530801,-0.0506337909300123,0.0185058409628803,0.314558569449247,0.379140566164486,0.999704406158975,0.752707253061631,0.289066300802349,-0.626114986945928,-0.249998627317527,-0.655459838290865,-1.08856963936982,-0.668693543419247,-0.302683294776973,0.159598026691809,0.509752969211309,0.480930044362342,0.417424791831926,0.277149732515057,-0.303147768337913,-0.552803919508141,-0.483616184721985,-0.262511642554843,0.271331564413749,0.530782310804374,0.584578339300679,0.948101728905728,0.449933369733263,0.566624442809252,0.0922004203238172,-0.387128699613445,-0.601895157987938
gene195,-0.968083139926486,-0.78087501083302,0.381489917807434,0.614039225207467,0.579465747405548,0.61941582800489,0.228057729406872,-0.537650931164518,-1.02418338901294,-0.719519911963952,-0.774735827613725,-0.354866659292108,0.0505133768282231,0.500346037816044,0.56724114747081,0.653341089153531,0.807196089934446,0.459783115847542,0.0245990202375575,-0.0824662943790135,-0.733796702373622,-0.828900493809529,-0.970872126694054,-0.523640969705032,0.187626040196974,0.138152691630491,1.01219152052479,0.869407506848008,0.469801762745776,-0.349894031938893,-1.1390144850536,-0.678257597764748,-0.506976886320652,-0.124014146600685,0.414466084508516,1.02023139262843,0.75065951825015,0.9262312408988,0.348060538412134,-0.336228306677579,-0.753878033858777,-0.447734213215746
gene196,0.839931341611162,0.11438423194834,-1.03737330455654,-0.692590767110898,0.130436404623007,0.0784298417608595,0.370923907484902,1.18061159061609,0.555811718637313,0.706663588071134,0.530761509132719,-0.237654272170589,-0.754199756968864,-1.03502448970285,-0.87271613350133,-0.724542903171007,-0.0574025481465594,-0.150268791362338,0.980948303904371,0.607200571751746,0.838581648645643,0.461145022981205,0.284831439865468,-0.214991335915175,-0.590083910725711,-0.952370834971294,-0.50350529142188,-0.542207236705798,0.0692737962803285,0.709325749737697,0.105804644951849,0.330378128069092,0.0479026497644842,-0.674771893881481,-0.445927437725448,-0.979989831171265,-0.238908475966613,-0.373107393614636,0.464820266626671,0.851157062003988,0.927845750569977,0.525580786973754
gene197,-0.591224947675847,-0.50524860680635,0.0258885344388592,0.338513702598805,0.277317553369382,0.670420359471129,0.433525743981965,0.345723527467002,-0.100558130101187,-0.830316125820438,-0.691340813003155,-0.600052328366479,-0.435102786920279,-0.370556113315046,0.436477703468385,0.519893073350072,0.506922100543405,0.32331578727808,0.377866298895658,0.145571963631453,-0.318688511176513,-0.514131332592391,-0.625378323510097,-0.807537683773538,-0.0115817751802499,0.174748025646984,0.144561728120563,0.666401756122891,0.23253549366081,-0.0583349243395714,-0.31838381647086,-0.401263848180285,-0.165162866816792,-0.256517044586747,0.0427974621832891,0.23466018614867,0.495826888815827,0.899953831751505,0.464560948479828,0.101979754187749,0.0295405981901902,-0.526643388701266
gene198,0.849853029425202,1.13365760252128,0.054319521508607,-0.504026683093369,-0.896932971820225,-0.818352396606753,-0.153032101524952,0.0297921105543784,0.197109533396999,1.15082420025391,0.971018644349045,0.653249514130327,0.465266747435077,0.082391514537096,-0.341188312128705,-0.906962262145239,-0.997503942667158,-0.781478361861076,-0.487730726447953,0.364615391233582,0.482437946608149,1.1713706943397,0.642269357804341,0.740580702402765,0.435190820889012,-0.159698142909959,-0.83094844970195,-1.42115516477504,-0.561023667440611,0.227925572435146,0.301431027104602,0.933329833732515,0.837114162127248,0.565261211350614,0.177810027544856,-0.100494863721008,-0.841723863556432,-0.917927499380364,-0.70077963617721,-0.455007822326603,0.140188819001308,0.272743220020222
gene199,-0.826720945458377,0.0681743311868216,0.711573987788179,0.714259565785616,0.326850295812987,-0.0038710520520607,-0.616259524064007,-0.909240450458409,-0.704973559681099,-0.460772217584123,-0.121329543721199,0.366979072229724,0.438249359047094,0.93128343392211,1.13456808698392,0.522254346357834,0.165610793491893,-0.175874613157809,-0.502361509105766,-0.839225962289217,-0.852152034223799,-0.617388499085717,-0.225935338801187,0.388316802707041,0.661065127162555,0.684496786170226,0.647403475878933,0.775641675328452,-0.230269697985164,-0.841926968391811,-0.75325620644301,-0.224490779483247,0.018627683170124,0.441576907920085,0.710447353006437,0.615144047398831,0.24513000170758,0.345028853751558,-0.0688257327240346,-0.377615866532025,-0.618084561369425,-1.29766375481906
gene200,0.0328132229184669,0.255217394305428,-0.604680854413776,-1.13334145946863,1.69290319334584,-0.14008861682513,-1.4513150137713,0.52915988750132,-0.526592065676857,0.149999927143156,-1.15612773616287,-0.522361220556176,0.46390064872199,0.843028808729248,0.0269700074426181,0.752321246700625,1.28852102066548,-0.156984468977237,-0.666858996767044,-0.517771589319395,0.360821052792112,-0.78478653902269,-1.0335939623426,-0.420084276997551,0.511462972323115,0.0205080455138674,-0.381859000063907,-0.0568833519138129,0.217488965734617,-0.295900255685542,-0.67419459526458,-0.164756904168384,-0.180882323933653,-0.893436759282724,-0.848941103956511,0.841354585947685,-0.201786198881192,1.05771220262665,1.14150754910719,-1.2230480580595,-0.003215049857605,-0.118864691237438
gene201,1.21099868085719,-0.374594104665093,0.101872693579688,0.0265531777323823,-0.659410998316021,0.252519063399865,0.354201982794966,0.94439075675138,0.120919746703263,-0.300565169499721,0.223145446430862,-0.18785581861126,0.419868259934177,0.201270539852208,-2.04257106028962,0.0558110273153932,-0.682667998863761,-0.724916352715545,0.257401065397202,-0.962627695314538,0.17529336301682,0.59361987054413,-0.367461012443879,0.0553735203385255,0.373722904188756,-0.52937781539479,-0.613230029970019,-0.677715856898177,-1.18241858727709,0.657993450120315,-0.337888336237001,-0.754348217562626,-0.431067760113143,-0.310504489206375,-1.89321248719657,-0.393673686853824,-1.37442474807352,1.02507189167706,0.924891676598079,-1.31483526398943,-1.35121620820546,0.440420051132895
gene202,-0.653149323672328,-1.02842599860574,-1.99612115688424,0.152936440077417,0.282762251604004,-0.98177120387075,0.839054454684636,-1.14446667259647,1.15959694853506,0.94794041947468,-0.565833135571428,0.257796613116251,1.36840474653864,0.367732717094423,-0.0878993558127254,-0.354839558489944,-0.438571867586941,0.399626379727599,0.0497859149727786,-0.116697118960266,0.981267193444959,0.947110843904975,0.931527594930543,-0.973627237936004,0.721690422305032,-0.284259626001911,-0.771609036801045,-0.855925804076225,-0.533302140287878,-0.435953154521805,-0.550130024204851,-0.148945565976344,-0.0624746898771465,0.18921913288033,-0.724427980271099,0.688738184777819,-0.511612225392168,-1.07463677879648,0.0702639979247698,-0.152497054718543,1.27325195118396,0.738869564915607
gene203,-0.369612717975619,-0.551559938496055,0.997058392881729,-0.231989163747846,-2.25770123692833,-1.42985651004018,-0.161596118327416,1.32906096020789,1.73745229630474,-0.181240199529809,1.46546452720952,0.357304330822349,0.234233626389523,0.721910178046988,0.520967744331993,-0.0659740255593082,-0.460898302321609,0.621362769355669,-0.222364761880477,0.0832683944305352,1.21901864651794,-0.740145480360831,-0.975596709022765,0.558306409333036,-0.973031789857207,-0.463326221579511,-0.366169756430219,-1.30048824336964,-1.12160816303706,-0.17888780391107,-1.78719108319558,-0.394687424978763,1.20211346099637,1.06133662855858,-0.294893148767634,-1.68509640370546,0.29504906385114,-0.668579367190337,-0.584153307008309,-0.742256181674741,0.387562752256261,-0.616674206419056
gene204,-0.719686173340938,0.118390841378645,1.20690313657969,0.719145661272051,0.50254093396303,-0.267933352368566,0.108158555902882,0.450678707636674,-0.210232285558589,0.254288615221151,1.08753014116999,0.676863561542443,-0.740207897993817,-1.2339955424565,0.0032546565562691,0.0979203148822467,0.848833644795642,1.38173974908936,0.797239100930471,-0.853370128090264,0.536942481571233,0.250571727783935,-1.1712528785541,-0.21617643790435,-0.478745297975131,0.225728366103998,0.768160149988851,-0.227557778780422,1.73815295030787,-1.34620663814044,-1.02918548230243,-0.310162129569785,0.618939847553682,-0.239699240902437,0.448140169081453,-0.159787624934779,-0.596550681267192,-0.421377179462844,-0.268253041380374,-0.0308224470239995,0.175397267546131,-0.202526156032585
gene205,0.270256936622194,0.295504187089323,-0.102656847662026,0.0469557245055652,-1.04630510410326,-1.87825403710447,0.0979808984132102,0.262498210401786,0.00143600798958,-0.833352457399812,0.77428149542187,0.420741834315549,-0.10588768016579,0.304387176049272,0.403234605398351,0.606561438119782,-0.0759389017796481,0.460871676314173,0.395611474570443,0.417253012526499,0.703225235922382,0.303490506902575,-0.0467712189400471,1.36117906525887,0.0660673615910204,-0.384303100396227,0.263384154169051,-0.476964903382224,0.116452447126522,-0.782602384352648,-1.17926182166037,0.756804545597067,-0.462500398984779,0.099597437897111,-0.166418608229333,0.889170204823924,-0.0521653424326005,-0.73926032428465,0.223619517919384,-0.260628858904544,-2.05043421605648,0.197600656848617
gene206,0.100280816742777,-1.31091555358902,0.112940819290606,0.460286524686206,1.14025887061048,0.481851543303872,-0.461776435027401,0.248281638250043,1.15681775937913,0.488858481733509,0.393358108396121,0.460446635350219,-0.8868512897203,-0.211512277883108,-0.760773542838703,0.4433958236085,-0.541877701681293,-1.29737616855461,-0.567566404140708,-0.488911754529962,-0.20275252058384,-1.06910117929246,0.392934868311573,0.436705646886645,-0.755660787103083,-0.280442037035229,-0.602279936480358,-1.07542519633821,0.0133622761302409,0.777090228179588,-0.428561121205892,0.39492795207824,-0.20387131729397,-0.390114296382572,-0.406950999905017,-0.608882553502959,-1.19637219024516,0.949931218325852,0.748216311467998,-1.05358100781226,0.0588840335099594,-0.590818572805279
gene207,0.0999027633132224,0.695825808157678,-0.715448751267702,0.935584366524742,-0.821343655671558,0.457202333527838,1.11554506218918,0.249356470624802,-0.182095528078843,0.0763596790121124,1.35708937716424,0.359594109929447,0.353457069412619,0.386888665880886,0.32700678906322,-1.7139238315499,0.110185303159311,-0.403454838519155,0.588438349854695,0.539558758064334,0.937029805462729,-0.29101036635431,-0.733176819132011,-0.0067744304477587,-0.560397885785583,-0.550419511233974,0.611810413175783,0.386150191736734,1.03717206021592,-0.740997508834869,-0.83463288638738,0.339187177247635,-1.8879941724241,-0.839309267271156,-0.555793710065832,0.612477368805015,-1.39639924324161,1.55688711538951,1.45171389048749,-0.383870140723702,-0.155530296623483,1.48979352726519
gene208,0.0952963686811497,-1.81097270593322,0.67177583525324,-1.62033084688137,0.946642684123208,-0.228219715719706,0.265735038069113,0.135063464116727,0.115322868344063,-0.124966493168743,0.525272887077041,0.18673476015475,0.045744589319133,0.456347561877721,0.605113241285269,-0.800860804859215,0.184043587856317,-0.846326243330307,-0.566941768229244,0.605744747683067,-0.389553719047573,0.0794607141432554,-0.392446833492429,-0.362904602802671,-0.432178951566584,1.29356699758173,-1.05500943125219,-0.126795932774898,-0.221436631436164,-3.12086776583455,-0.196065520089121,-0.528101878064728,0.0597804180821459,0.0761749391167844,0.116136097131303,0.08609328264549,1.16196081316182,-0.865506146610828,1.42867459055192,0.173550076995191,-0.937141894103365,1.38080393945725
gene209,0.696359135230323,0.188137823203459,-0.228014382021268,0.467967670947972,-0.741165127341778,-1.26093870335897,-0.0775306739150925,-0.132646716008097,-0.797153736244388,-0.375698801051575,-0.482517448190371,-0.17281827346547,0.204315219989703,0.447058642290182,-0.265857730506548,-0.90566838551703,1.09730887937383,1.30797266577376,0.909990831528133,0.0296595154144574,1.2464795909565,0.189285926744023,-0.662640145726516,0.283715637875307,0.203794475819442,0.801233787142481,0.069142188264298,0.823101168046182,0.545450632167674,0.949578236224593,-0.784599138913343,1.84424203309811,0.0383801646143824,0.834216403737145,-0.461652626513545,1.75328859075187,0.670002366611804,-1.50201192701136,0.473780762765865,-0.75808039594867,-0.742644531968666,0.199580797565359
gene210,0.125891622188375,1.06128605103022,0.200683588500094,0.242714231454347,-0.206168071113083,-0.002647155201292,-0.855285918644109,0.903782059705702,0.492974491198754,-0.001422520687391,-0.843188394546191,-1.11518035609868,-1.50296262218918,0.801318994362349,0.0211123748985897,-0.0029541336894961,0.642926358168551,0.82826403674493,0.28292362364953,0.823255175037571,-0.781615189376657,-0.554006354698446,-0.631792833971247,0.731606184531974,0.0678889638959442,0.510732307744184,0.563182438398307,-0.2207456082672,-0.344849316193391,0.313382091838474,0.280652466456852,0.630673766551662,-0.360688312395688,1.37852953853549,1.06080835183341,-0.321940208714021,0.744986340426495,0.751118529566353,-0.617072550695853,-0.104757732973074,-0.299417227113007,-0.730950466696461
gene211,0.460764802542191,0.691965717887684,0.0854735166756141,-0.501277105295117,1.07456730712013,0.908455388811877,-0.743614978909751,-0.994866223695656,-0.367966545783577,0.20835878022722,-1.09899910461332,1.74120706163024,0.679695730197043,-0.301825027884307,0.937513142369015,0.317418480317035,0.531907823057349,0.778586756243867,-1.08305838279488,-0.203120499443339,0.711247955269649,0.626958355127851,0.357740708836321,-1.46383671725367,-1.35303234181166,0.454634306659783,2.41655547541405,0.192650739772252,-1.74534549259135,0.826678855600728,-0.773549770531662,0.705737945867553,-0.943740011013685,2.45805024076193,-0.180633473145199,0.792978537391687,-0.081804038445708,-1.49694122964015,0.554599417728026,0.204832589603188,0.776666323711394,0.0085885202171656
gene212,0.277756062794786,0.419757805611883,0.386893467961893,0.957574445071828,-0.561973627546756,0.523214699203233,0.204762547120567,-0.0729180275513908,0.299112368617329,-0.244140043344593,-0.524920468084356,-0.21565291898474,-0.956077086590473,-0.412120352442192,0.732902593998916,0.938336813511916,1.15455942928128,-0.702423506905854,1.27929206547049,1.40782170853086,-0.25084453047435,-0.803578547090714,-0.364629249645741,0.475791459411871,1.35551401260715,-0.725335222194419,-1.09371051648222,0.0791456163812065,-0.749899394026096,-0.303347088491997,-0.623877953867943,-0.437870670290236,-0.224780986830515,0.266743013161397,0.350844479996499,0.42865265234338,-0.35139899762683,-0.318308672639945,0.1847891492848,0.395084603647151,0.657093489328613,-0.139291550730623
gene213,0.42547533495139,1.2011957536675,1.63035931489264,-0.126660517002066,-0.387173578044231,0.0924574020046558,-0.532797799200194,-2.15455061935851,0.101040976635305,0.557756662748876,0.162718580966767,1.25692641580452,0.85233242170862,0.564931833526542,-0.407891040683243,-0.797081204248942,0.119114801715576,0.479787630929689,-0.586761364958339,0.23098006681809,0.315191261245362,0.292154160512452,0.388869209399418,0.508328346020797,0.380284750051101,0.197326877391996,-1.11683339871224,1.06592904970782,0.0743301715696048,-0.190328738206911,-0.483844747817177,-0.483625567113572,-0.317421831702481,-0.249587805812232,-1.01154254330941,-0.613337953300524,0.202130213359349,-0.548435951061575,-0.808302855103635,0.569360319418128,-0.922368056626045,-0.162029292117963
gene214,0.62298840128186,-0.0772561678062497,-0.723952560175159,-0.12833417469712,-0.0613939118789512,0.352332522833671,-0.0113767512254762,-1.38976283108158,-0.03100205954815,-0.766485685969532,0.112051005361475,0.990838165915265,0.34773538204029,0.520495900607833,1.6883159741684,-0.215202805386992,0.891611401598776,0.545507650464338,-0.51193759673747,1.03388881128877,-0.199784702012949,-0.426224470043823,-0.342629025099858,0.820282964102526,-0.279979936446042,-0.0603813575221957,-0.004511700049313,0.470756613358987,0.214113736994622,0.3286736848818,0.767183366339896,0.230448374930149,-0.985215015238407,0.27654722723776,-0.12030464847064,-0.0220407172908537,-0.0994952242770812,0.869148834759174,-0.66977704383696,-1.92858209732346,-1.72906480164299,0.985964795168173
gene215,1.9955402726998,-0.787106278251111,-1.01112933488479,-0.231863017076681,0.145269798315173,1.31310665358786,-0.684135002634962,-0.508128606718578,-0.537830333691219,0.218624128381374,0.0588413805424684,-0.646637446275254,0.954928630571857,-0.181562562731732,0.214539351176658,-0.552753003178813,0.0266629636280065,0.296631225476283,-0.376636509083655,1.61454138620222,-0.18555691096797,0.140287717444524,0.267115025599263,-0.750439335264902,0.630145941088018,0.145224574124868,-0.058691259197252,-1.4452651785966,-0.564914209907832,0.169171552982762,-0.468193516980335,-0.278672925538869,-0.14186926980531,0.458896510983628,0.399715106407375,-0.463398682097564,-0.362294278612328,0.668114692188885,0.085077479221123,1.36465644337342,0.0237922499742788,0.903705881306468
gene216,0.624615789229538,0.0683078414473686,-0.341357001791327,0.299615865214241,0.564404360399909,0.263709356994175,0.829120623562564,-1.23032456305129,0.293765295751109,0.0618660878789965,-0.343721594644335,-0.147081355165443,2.5672835774256,-0.560242103692835,1.76134914296899,1.07195045511906,-0.350753259941654,-0.745537153866536,-0.486778364115725,0.438100599534434,-1.50188181196237,-0.569154875424999,0.0484203478260289,-0.394163486904181,-0.141513082340119,1.20283394308434,0.316998480321952,-1.70092887416169,1.69933342311494,-0.308947526685403,1.5091211601897,1.3432636977522,0.370428289157214,1.51303043691863,-0.867287707616733,-0.0137573696730169,0.562494142746536,0.440121862857892,-0.332848885518375,-0.262704905093354,-0.567853060188986,0.608109656660689
gene217,-1.97162891922987,0.250738532715407,0.0870671837635787,-0.564607857916777,-0.253979086118419,-0.484475477340985,0.429068529296769,-0.326157165608911,0.366613672929912,0.680172491416959,0.338945071877719,-0.691159108749361,-0.307041382650401,0.509701666183006,-0.250135039979978,-0.274548210874291,-0.358188201874462,0.211647294304623,0.315829462416645,0.232860941711606,-1.30011961235391,0.7410204800951,-0.71389983734831,1.37857608790243,0.642086783914453,-0.614958336673874,0.391099828035527,0.0294229314034552,-0.388783153888659,0.69930420382548,-0.699855236662932,-0.256938549331115,0.321110150402926,0.232023877750005,0.532200148444358,0.513124725399934,-0.454006034522275,-2.05128398461288,-0.170283861529646,0.0548339730317496,-0.14776155498441,-3.9580191351168e-05
gene218,0.712804128122668,-1.12161944883765,0.985926892745587,-0.539712668676229,0.875378318279196,-0.314152398842407,-0.753496501521624,-0.585840698479581,1.31005939450266,-0.11331524192089,1.1489039912567,-1.23910522736072,0.669718144800246,-0.0220800947401868,-1.14886891497786,-0.136270901517892,0.124104496550676,0.116188469010075,-1.04192202815751,0.218485288566643,-0.536875781817024,-0.201682734286619,-0.470009873546328,-0.182665190081366,-0.252643024142651,-0.391518210196029,0.322795873445223,-0.342064697870095,-0.995741477974952,0.196923763944605,-0.908033985741493,0.366211942602031,0.640303806657101,0.97137470607437,0.677397180596462,-1.30135874144187,0.588020995602977,1.21908663711985,0.741540193831211,0.735240894392938,0.738893104184614,0.867877957671208
gene219,0.660201904823581,-0.492947371527848,-0.488090670912446,0.0179638304310159,-0.646191815135569,0.132092053663941,0.493213168379157,0.576172735856706,-0.381179092082324,0.703081629359829,0.0268562632576814,-1.14143642567387,1.4266860417327,0.975568583033971,0.367411237958343,0.278269370527863,-0.21583389624557,0.0901102261721955,0.112701467444904,-1.00309473522819,0.412836380295,-1.03047832588725,0.356102463514435,0.74720846138029,-0.400714040160751,-0.454671478068298,0.550821510200705,0.673826362366493,0.257435590419402,0.0782423789764141,0.0496703423587847,0.327189493227899,-0.717828216869389,-0.691533871385679,0.283519773266913,-0.419516241104392,0.227058022464894,0.232700265871114,-0.25500601942236,0.108374503675268,-0.837572300112245,-0.109961770423989
gene220,0.190235096200848,-0.0639771940101692,-0.927402897138641,-0.49711735275456,0.0633042838284753,0.791280785598863,0.395830493085554,0.122795881180467,-0.713009875940476,-0.15576983842124,0.44522748222718,0.899313886407208,0.352975116752375,-0.738687216530642,0.723595064361336,-0.250052064210445,1.24237352535667,-0.0124840966787613,-0.131927155942455,0.0750645801064075,-0.748509126037532,0.745082052619503,-0.441028245494815,0.0739709932912598,1.1980834017798,-1.03694233644993,0.676717618133992,0.995814699438937,0.728366438098624,0.684678525909537,-0.850701472850175,-1.37695309228976,1.207421949416,-1.08083690261706,0.0597882462573599,-0.326396545914481,-0.454188710488043,1.16667860822842,-0.222379680611637,-1.07924472738599,-0.406622721331442,-1.06238281156392
gene221,0.477906046078685,-0.139030328753602,-0.808205325621553,0.358849458722886,-1.06935724897151,0.401305584490933,1.52855615130704,0.0773204528225806,0.488326053911288,0.558075381166535,0.78060248238001,0.990482357331151,0.462591858944998,1.07935384264858,-0.350639241919318,-0.589940915950448,-0.0348224065339403,-0.0619943781672251,-0.183962602106717,0.0823676942921589,0.0392720127954965,-0.391827773928535,-0.192826544741824,0.653275020665525,0.613924433047245,-0.837615805747295,-0.0578480300241228,0.362361487721398,0.96067806685828,0.645030054486707,-0.470033164558602,-0.466314344180344,0.967094413127232,0.0713511969233637,0.858952318846805,-1.41210481816791,0.437639303340644,-2.03135550975812,-0.289780031267829,1.4957181356158,0.939189124332828,-0.442988809450668
gene222,-1.24777626932611,-1.14735561938641,1.15149874434634,-0.107891605434791,0.0135523515096505,-0.597640801860078,1.14261986660651,0.3353532868871,-0.71425936971577,0.373794963920536,-0.697883660776357,0.301088078687168,1.01674895540447,0.931085739022348,0.517767272297469,0.0420167217680617,1.22777451210866,-0.894288892443195,-1.76366329006791,0.767598409877132,-1.25796524306784,-0.349652253282085,0.687119940801369,0.533829570719665,-0.145523874953551,0.63619713372912,0.722786204370368,0.379122835091126,0.0372711451959688,0.203037488649233,1.06269740613649,-1.01832965062726,0.397224950141324,0.4337892931327,0.295199142040683,0.113390203285573,0.716327598328089,1.01967636669908,-1.0115008898969,0.887436530175198,0.625260689155839,-0.252928712151967
gene223,0.0516787442433946,0.549568146404074,-0.847601404411242,-1.99870194482357,0.0117209552709735,-0.381289571460372,-0.608756397232467,0.100521326846622,-0.18000087183912,-0.343151632054861,0.577976998982581,0.44145307260324,0.197408573404751,0.239720535555145,-1.30048950941629,-1.05190401512749,0.337283370138921,0.329122490199739,0.364419641430814,-0.1501240982769,-0.395792837651648,-1.01152532273486,0.461962097064425,0.454119532308406,0.263016148440468,0.900748224037333,-0.142280659454055,0.383149183138865,-0.747709434672247,0.0885205218502253,-0.125566491385127,0.0838898248257677,0.806083552989649,0.0334246794625877,0.694585120900569,1.14284120552611,0.146997010453866,-1.59574178910497,1.08026809994141,-1.11919877558805,0.823775679175553,-0.296696223550649
gene224,1.89861398261231,-0.0056965078029386,0.408487238949584,1.44262275142363,-0.514799293199228,-0.868789138736856,-0.53871925406535,-0.460419929307753,0.0204381376700422,1.10174636263444,-0.0898788413173287,1.80282164504647,0.517029069125785,-0.978663963020913,0.502248346973372,0.307054045030229,-0.292333479408884,-1.11045031267628,0.918613298847281,-1.57019672256761,-0.438773235447625,0.317822321171931,-0.198744357490654,0.0074258449603348,-0.504585226906779,-0.344380099817695,0.395719164845366,-0.394298314425057,-0.239317218297648,0.158917219845389,-0.0335383599099007,-0.649754057997942,-0.133469827786609,-0.213252350317164,-0.067373711219858,0.248946053226269,-0.233846529288411,0.1909387540755,-0.906029715263668,1.68933723348892,0.216355475131515,0.562284013096017
gene225,-0.0958792893641082,-1.29681397997217,-0.647403855209391,-0.125779804507679,0.384977540856333,0.700111878587828,-0.147507859593839,-0.181932674425686,-1.22396217041004,-1.04937111688126,0.34874473516635,0.763408491093298,-1.05284213621857,0.73747052806526,-0.263564873146199,-1.11271114246305,-1.04884723010417,1.04039971731331,1.59660455066088,-1.20464839746608,0.0094524059611249,0.241565336131831,-0.0763460227952925,0.885096518360996,-0.997228710873563,0.653291776531391,-1.04790958471886,1.06137149580049,0.612512856137022,0.179602700443909,1.0883133524455,-0.200870215406976,0.672753691307787,-0.27737087516198,0.331122554736607,0.791129527104612,-1.09862549243225,-0.674525240148036,0.066368110408005,0.0685637857983997,-0.469137342334176,0.350850768393185
gene226,0.157793472596523,-0.917244814383955,-0.251209392766528,0.704272068200965,-0.621408603824971,0.186301545138553,-0.300357267086418,0.898923251741406,-0.102441791277691,-0.38703641315966,0.0525791353325669,-0.337313074361786,-0.0798495112399673,0.196702631300353,0.367557143683699,0.24255941898946,0.802727215732481,0.410437858058176,0.62960061428308,-0.481134644574305,1.34711533561804,-1.28904430198417,-0.64942187063657,1.59483595039177,-0.15619914046354,0.835914505393275,0.654612148580587,0.0634523236051826,-1.10328907025469,0.813358744426826,0.611028409469783,-1.02714334236055,-0.278083265508639,-0.632265369432826,0.246100424827936,0.304849779606291,0.227979553170111,0.172598316691954,0.56224157509965,0.647331368202266,0.790589260644284,0.660947273421722
gene227,-0.282827550679054,-0.588717946068221,0.0789661329291502,1.01845225577017,-0.16484389573707,-0.388365243711544,-0.18378038592194,1.49736554864092,-0.434797486804949,-0.222697542670381,-0.409695109959182,-0.993611339885398,-0.980890435259142,-1.26370257617369,-0.12289300183489,-1.48782573398281,-0.718138680193839,-0.547895752527868,-1.2219617163466,0.0311555125485205,-0.556375291306243,0.733363926297163,0.373693049860844,0.437864537250919,-0.560445535081199,0.213015077498642,-1.00640739491661,-0.58218126388042,-0.103212139796608,0.0170454509401535,0.99999400690541,-0.405464108523568,-0.615061384733778,0.168661792615855,-0.600143577202844,0.297301891341867,-0.600155460470035,1.85052380712406,-0.635647602917784,0.285226892540123,-0.211819708964524,-1.12409014101083
gene228,0.221722261467326,-0.13903087548231,0.0104718027628311,2.18831821259344,-0.441585003385459,-0.291008347528329,-0.129526234813485,0.851957149195073,0.779798158104333,-0.619030576241139,0.319928818551243,-0.314576556651634,1.07842169948428,-0.793247294643203,0.33613576532091,0.64839080397542,1.52913024630355,1.33665736158359,-0.255369482151456,-0.557885851486322,0.81479384345948,0.18665106243236,-0.736051268387484,0.313137042697426,-0.37804030164354,-0.117913371738297,-0.430137649381231,-0.667133388100319,-0.014849170667073,-1.62043151759144,-0.280385441007978,-0.409014656508396,-0.493417590890274,0.430961250579687,0.546836513199974,0.354852041399941,1.23378543841239,-0.338936112506514,-1.38562304551329,-0.118782811369343,0.385090681309704,-0.420880750592489
gene229,-0.430347047886619,-0.899743614292523,0.257321551020926,-0.35961844282588,-0.115415306726933,0.464818662651873,-0.0446250191398178,0.865367657043736,-0.226159124772262,0.800582013165198,0.586331687699101,-0.316102610149892,1.24280952619814,-0.277530892663526,-0.320174759224413,0.12199201430807,0.383510506495167,-0.298244980656267,0.617372960591719,0.799642570805865,-1.165334149658,1.56486131536313,0.801845947802571,-0.90349784758027,-0.352866571036043,-0.0605229960598294,1.26076809054093,-0.18313657632237,-0.592987041492942,-0.408651499233221,-0.107866265974462,-0.766771395017806,0.448008289669246,0.967709691658837,1.0409023578476,-0.0866131721031885,-0.985668127125453,0.0454398644984356,-1.31795874350996,-0.108555222238525,0.08937816886527,-0.931332548699113
gene230,-0.290985874484181,-2.14700671061536,0.216408749137079,1.71236223420179,-0.682044072159138,-0.0441128121794347,1.46130779171092,-0.905720082608246,0.927254201752216,-0.358128377154374,-0.887154316954315,-0.490520813114388,0.575951487937718,0.0555910129527978,-0.360136988568653,1.12113149522329,1.41500692652519,-1.23153010493444,-0.609812000012993,-0.930841797704308,1.18867243103812,-0.824004122523293,0.741006002968499,-0.854987038835053,-0.304124306641766,-0.528328305368208,1.40090774073247,-0.533216716437908,0.529765810856809,0.774288285663484,-0.285190115502355,-0.626462930027991,0.0632777429292077,-0.214671652954495,-0.143560752255958,-0.124116880626903,0.462842320636801,1.18857275489825,0.973802432995969,-0.461323739772209,-0.20422657733908,0.200876813307932
gene231,0.523101731836097,-0.162946539294473,0.349304431489025,-1.00792409620485,-1.06635927567703,0.0033959777518349,0.113507395641375,0.553660639731043,0.913457617281493,0.137286877647554,-0.174059848536167,-0.247169126107953,-0.052118639043286,-0.333524540277162,-0.606591704239542,0.201440739519768,-0.398624462994655,0.219851082664032,-0.126024319713268,0.749790286619464,-0.253858922263228,0.18852643467082,0.0390437840485629,0.946950709669096,-1.61070670420381,0.649255421871571,-2.42539384446279,-0.0748356875511256,-0.41981151128859,0.306409845877641,1.28424161585715,-0.664308918341273,-0.452568076577258,0.100841558567599,0.98300944794942,0.508770443607868,0.423399082603676,0.187553928664826,0.212475704337016,-0.495337826259072,1.35301791872947,-1.05728555602085
gene232,-0.219349688448098,-1.43816225554738,-0.0509996114995567,-0.27014250936802,0.530212791314892,-0.441708830202932,-0.716686412161502,-1.06616454249268,-0.918000540596703,-1.24589872746054,-0.843103430431112,-0.355014483390509,0.194186211030161,-0.0135816448184085,-0.0794142078346533,-0.121210859278073,-1.43682159811861,-0.177393696051751,-1.32352725009461,-0.52629877440855,-0.368211079828009,1.62058379755461,-0.277815629203596,0.156615272592624,-0.276929264374983,0.213561565573075,-0.944390940774854,-0.793251338133603,-0.605689274224177,-1.05856329060239,1.56183519567718,0.495102859523113,-0.395275063874635,-2.30070633500989,-0.214009468226147,-2.05015082331552,-0.457317547640568,-0.18551240878134,-0.424610109115519,0.305805523596587,0.337737023696361,-0.42806630216582
gene233,1.15652507464434,-0.53607949837736,-0.208641345317047,-0.841244294189758,-0.484174813706383,0.3769875298243,-0.147792967226003,0.213403488323815,0.0931287546818313,0.796313634557207,0.143482160640565,-0.467760628612333,1.24977499228702,0.916966471860867,-0.0568230137515776,-1.50015602018958,0.660067424754636,0.409591164341563,0.541233080565309,0.102974881753182,-0.564174486638603,-1.16731141395657,0.112405741048935,0.224019536452098,0.261875757111531,1.34212280462215,-1.72310449135965,-1.08295363980332,0.466773116113671,-1.02090949954918,0.0019434226735358,1.19694513036955,0.710632498789547,-1.51348967918619,-0.128643333633249,-1.48333581763579,0.437678817614324,0.134610208010452,0.110315846521268,-0.42579980852762,-0.591758946313253,-0.027728256504463
gene234,0.507250619272964,1.46928497384118,-0.33856521595071,-0.396359179368038,0.210126269353496,1.16146181706353,-0.172767236749169,-0.983656564811427,-0.771231071321081,0.659631570331023,1.37923859018999,-0.853031800433063,0.746057308970754,-1.4043432569249,0.0550432765551842,-0.244671651590791,-0.145555739261142,-0.664991985073163,0.24674093450714,0.279828836578413,1.18902608975815,0.449502303550911,-0.383153928655679,-1.17326027434138,-0.690232980971803,-0.916040476798952,-0.887151504589962,0.761132929294284,-0.884302812231112,0.594362873282313,-2.29304476192576,0.260955912721785,-0.290377517354251,-0.832915250225699,-0.0316354398507748,-0.84065539409476,0.344211081323825,1.41579271794365,1.46771874277141,1.91685193608872,1.60082104761949,-1.15137009514128
gene235,-1.19116646778796,-0.164175713475601,0.0103321366488615,1.09286807349227,-0.814123935832217,-0.287848080911525,1.20141872256324,-0.56566009607164,-0.907775727894231,0.611724429531443,-1.23217609917383,0.549696153363259,0.395410643819234,0.591559614003633,-0.746669365791944,0.61688465467278,-0.0257099739988581,0.333727075958562,-0.412651843934899,0.354904163292725,1.48544829904552,0.121299007001614,-0.294912562663017,0.897247413966945,0.719520509670076,-0.884698622118221,-1.28200570757971,-0.122516908465247,-0.270898792339551,0.415620566947492,0.284057294651104,-0.315236915453946,-0.503869199870364,-0.330300324761623,0.391062468807452,0.447811931387351,-0.538947881147332,-0.665984959769643,0.696135259646156,-0.834608716429734,0.370100950140544,-2.55258786222553
gene236,-0.500823020896785,-1.35826979867919,-1.36070237528572,0.842891760475191,1.95755162106488,-0.89695903997109,0.221599882686008,0.322153481318334,-1.23508479664659,-0.228160532583821,0.0650073183698898,-0.509756455458305,0.321386156815934,-0.224562604242016,0.396235232264518,-0.173754891594334,0.750974704069732,-0.698534748157611,0.362954961688698,-0.703667631346636,0.295115557652478,-0.104209183195638,0.0795864352665884,-0.281346783642834,0.490911803252333,-0.545496819519328,-0.202407507977159,0.352466854215288,-0.452807125858129,0.615520902379554,0.288577767771795,-0.0315338233916127,1.16614247138268,-0.887296315957893,1.01367776662042,1.2040576762636,0.556973101494554,-0.0340658507079546,0.635314106920781,2.1287806368677,0.891587760574618,0.862099820172035
gene237,-0.17204438886806,1.52690127533104,-1.44482873535492,-0.540256430181551,0.864687117098057,0.181651333756335,0.781644238575329,0.341807359484835,0.631015717291064,-1.42926200115624,0.797487969507786,1.27478208790967,-0.745016860762951,0.258903683606945,0.105136995319768,-0.457440736267164,-0.20535915207719,3.00117073484287,1.29777007396372,-0.0269704804230754,-0.523899493323494,0.305240319600094,0.29037054024622,-0.302400954523195,1.06872831930059,-0.715132829185901,-0.189528990957993,-0.0382687856376679,-0.129465461500619,1.02903897447858,-1.06814664378534,0.282272202855273,-0.47094550653857,1.20773182966742,-1.01733132507276,-0.169714225485519,-0.196850001273355,0.635939632302819,-0.136639087090512,-0.0826525400530838,0.510521975628142,-0.0792662596550786
gene238,0.334819730976312,0.198455212063264,2.42736104131973,-0.876587778536799,0.924970044070753,-0.48002229970825,-0.245562730001518,-1.99434685548277,0.190838214162706,-0.231613820643388,1.343532785438,-1.01981159625108,0.912699426678093,-0.468762561796775,0.954960272321004,-0.278222338440274,-1.08681589956905,-0.982612259470773,-0.362075909883058,1.01285436459812,0.550889160281938,-1.06355349442257,-0.746682079223505,-0.105144176595029,1.10779465911114,0.39398688060798,0.687934193307744,0.559613722764337,0.106511313141322,-0.973244918309719,0.804791693340678,0.0634357799470284,0.109712732656359,0.969739857122869,-0.277184168899575,-1.49107547530982,1.24013565103933,-0.518475101495907,-0.195743573666229,0.550867598705936,-0.219738132876961,-0.50567634121315
gene239,0.603183955839663,-0.510400660242764,-2.62502007115739,-0.677722946806982,1.44788636626883,0.47151872408255,-0.104960140181849,-0.713314642200234,-0.67962756723688,-0.765361406296514,0.346062145529661,-1.0876535099593,-0.492137281121603,0.483568759443478,0.7567922076684,1.31541528377086,-0.967644847980937,-0.822479622610355,0.635892520269998,1.11087709481514,-0.669602983342796,2.20748806816213,-0.589624500106083,-0.746663064825559,0.409459719935775,-1.55835761234535,-1.22425037177989,0.115934943767783,-0.40872275600192,-0.144701511758909,-0.222021573386154,-1.20148707655957,0.668776115588224,0.8172922082993,0.0694868430013981,-0.425974917227864,0.335650661739414,0.857318837987679,0.454901521822667,0.297602156617821,1.6909255671197,0.31844460665234
gene240,0.557432041442354,-0.812616216227219,-0.145089517578821,-0.352491692358302,-0.727964831093864,-0.292799498841927,0.112978434976285,-0.41942981764827,-1.17060052262406,0.915584025901885,0.03882621481925,0.142051867344873,-0.0462832254734651,0.856500303903265,-0.96434799128356,1.25979169970302,-0.660629791107785,0.246619946760364,0.271615533117434,0.578769728053017,0.826179558046478,-0.28852470052199,-0.460858795870502,-0.512400012353669,-0.0139419528900729,0.25796836348201,-0.801359520212942,-0.809179511926272,-1.85337219758147,0.008915536756289,1.90524645242307,0.211935619315609,-0.762474069662562,-0.0744699194269128,0.460449428284962,0.209022568057021,0.450778291342951,0.292899445216437,0.0906429832056723,0.033573724648212,1.5398513886785,-0.577379656703874
gene241,0.299231245854594,0.88916968778636,-0.127581338506783,-0.589047696788031,0.410729809318099,-0.317835755007519,0.407029089967288,0.383923861502236,-0.0577482639626132,-0.389560316550972,-0.310676924830008,-0.250724381232124,-0.187380434300575,-1.32112636835606,0.286512089502009,0.0791361622202378,1.49482280666123,1.00969416043148,-0.127178510264268,0.804074086158966,1.77499868518089,-0.769737283051255,-0.343849466607099,-0.876838678371036,0.489169888195347,0.0393696907330492,-0.795288420178136,-0.183677451712946,-0.643205827234835,0.621546201031069,0.0709084180020989,0.847583375455412,-0.689528482349537,1.11545885333063,-0.405858690571594,-0.813826425824665,-0.134052886559049,0.0599103700416518,1.46334930582191,0.404866411103484,0.524068981604337,0.54304064620372
gene242,0.426708429248324,0.532353085709897,0.255331652094048,-0.636233751938387,0.0122903921806567,-1.36880646095416,1.01690329232809,-1.56120317699159,-0.0385163287803962,-0.0062178155927252,0.810758173801043,0.498315254425422,0.387375246181134,-0.569296893666807,0.266828117634302,0.275538996228598,-0.588441659895093,-0.826198344721161,-0.664588309853654,-0.46083549347734,-0.393950036402661,0.44303796831944,-0.775054228147734,0.528264180110187,-1.88873205745175,0.168509093863986,0.976141874724028,0.32201173119158,-0.525578774914611,-1.13070869682201,0.0719962683711524,0.906304451819185,-0.56123875598205,2.49792672972825,1.20915397794202,0.553197996645561,1.03460417599448,1.23964106541716,-1.27536666804484,0.604417970837349,-1.43243395341189,-0.124112502164036
gene243,0.414495856736081,-0.564554100637739,0.46997825526546,0.366042226860283,0.0651949988805393,1.61641460256345,-0.281614939302147,-1.44455242890345,0.329729805932766,-1.23339805478398,0.946898551492514,0.0087578993335589,-0.631110740108655,-1.02958619237484,0.470538243420673,-0.279751627998969,1.20935031677458,2.38142321223367,1.53449559066732,-0.931448629746309,-0.791427408517433,-0.998680223693046,0.643416536466263,0.743801710455194,-0.720157198853753,0.36322248803153,-0.374230193088907,-1.38799255903013,-0.179327456041026,0.298913271910189,-0.128975625795634,-1.29721903953446,0.643694699937543,-0.429908632784401,1.66307085966068,-0.230669216852514,-0.81805772229609,-0.58061639774743,-0.170339041289361,-0.223217108366824,-0.530640790227388,-0.593183994913696
gene244,0.09689610656155,0.364099725248872,0.678999371074899,0.495785424832741,-0.253084843942349,-0.568639575903317,-0.705955108809222,0.344277006208555,0.340986377581857,-0.396801639033525,0.35510243046711,0.599120370939547,-0.239138561827939,-0.209256585703232,-0.659690129008606,0.902893322198354,0.52911924489851,-0.0744124749128576,0.821167965053109,0.822544680492029,-0.470431992453234,1.09334010910299,0.0740777959786835,-0.691690343695406,-0.615202276833081,1.33012410711345,-0.0615243072990274,-0.594386947965718,0.198779936182988,-0.566368765820551,-0.0369772369443483,0.358021247031738,-0.550363681026034,0.302061798201522,1.26746462638476,-0.049503178126342,0.197505989882647,0.501591690563815,-0.398858139153555,-1.11014834935163,0.0278115256229034,-0.0825520720756201
gene245,-0.0346747415307996,-0.0435006829416533,0.352811907441047,0.829381166566354,-0.0023001532466231,0.216402298941273,0.632828153182517,-0.216142430806592,0.0536838575106275,-0.14942742598546,-0.239875001197139,0.245311238826677,0.0088216475691375,0.585268043307788,-0.208089092198382,1.04042225637809,-0.798789905278082,0.876526371368997,-0.0803885469149216,0.05733567570653,-0.721721417561142,-1.74587009298762,0.215665199310607,1.19126822828873,0.323253155910143,-0.280850471869398,-0.783595087826502,0.70290902416929,-0.746945107207195,0.485791436703918,0.647274444912943,0.750515723640546,0.807414929967257,0.359315573275037,1.46973783493165,0.593904126772238,-0.222821336351224,0.316739129274251,0.431515430472778,-0.193762155937914,0.0597967758185934,0.472487312076408
gene246,-0.108495101680238,1.06173814011459,0.319598557497554,-0.575507414833621,-0.425378728459851,0.527432076942717,-0.977597915563324,0.767809189246319,0.701615513100369,-0.713147071849958,0.189407027204901,-0.0373044432274665,0.644626925257745,0.225516652750387,0.81946591900202,-0.770037253502143,0.0285629414088477,1.37249145070851,0.144444093504361,1.06708636346201,-0.766574021684089,0.632188247700295,-0.482338653996677,-0.576897290823215,0.944402975743131,0.168301914613898,-0.133187456537569,-0.0641315631384955,0.423263042038858,0.84798595111375,0.224611344895251,-0.589990440266745,-0.0806543521000562,-0.737096404920933,1.05617069430986,0.514547650375573,0.152050626673947,0.875174991149128,1.02198250990372,-1.03146346274748,0.193953440297697,-0.443766056691192
gene247,-0.216082933763403,-0.28845009580273,0.177343706542364,1.32176308773765,-0.0162505485779702,0.0291269787262744,1.65686560715489,0.490273248884435,0.255136034219321,-0.788351563480843,-0.521421544497788,-0.374525651199163,-0.469971686632442,0.531182581218374,-0.382708040915783,1.5179440778916,-0.368959511524452,-0.97408434166633,-0.671072959939119,0.245791847121624,-1.60687156019413,0.339756737408106,-1.12050952213219,0.761650808290883,0.173763815857062,-0.115939583983152,0.245244019491614,-0.871579132242629,-0.196254569610271,0.851766454256286,-0.387670812818202,-0.632425236659912,0.519583676362625,0.796789193275544,0.612274284131591,-1.23845929439942,0.0099209021961378,-0.202603576725058,0.454386180679552,-0.419017533222574,0.0934548262943001,-0.480892959665726
gene248,-0.50322998176222,0.706111086185942,0.209718375606288,0.201980329096301,1.66859297722745,0.343287540182294,0.585665665579172,0.653818746944741,-0.675015239026751,-0.125713303788986,0.735510398975938,1.10651749642075,-0.713783079393072,0.421982194033294,0.926753668436756,-0.0994514009187701,0.0201982613442013,-1.04949984603711,-0.237000216709953,-0.113112844491525,-0.454777836343897,-1.50018198011119,-0.0756252166703246,0.874758696375016,-1.16043195386555,-0.09356691799062,-0.729143744008355,-1.61535540546502,-0.775235188007213,-0.34139512549443,-0.963190165610597,0.483579265863848,-0.281958346896542,0.561681969016579,0.47473869448676,-0.932512132692609,1.00205536652534,-0.842939462377586,-0.355259606835446,0.614649657099897,-1.27126279888177,-0.128235804481712
gene249,-0.409004070076815,-1.01345474135821,0.618394764488926,0.190111952606805,-0.449791332931353,0.847458913843093,0.389109991438102,-0.89421406732,-1.14779895750308,-1.52177682178664,-0.659956000452096,-0.322493971578531,-1.73110110695205,0.422394360130269,-0.71906038541824,0.304685359680656,0.38099748767536,0.348210976419745,0.0066416751580828,-1.1166630728231,-1.36205686273216,-0.920980388322568,0.929910060396768,0.690969039678337,0.130594475032398,1.11375007133261,0.480962039738707,0.679726251268988,0.63410570115781,0.62995797252835,-0.755431635262261,-0.0579285451973641,-0.384033008105862,0.001733978488332,-0.7159605085559,0.834722928193056,0.396769069021342,-0.0962202219551706,-0.897136839497632,1.19448552915529,0.206566124743261,0.245465831853876
gene250,0.147396953211924,0.728814403697816,0.185010124803058,-0.303836459162274,-0.758513510992692,-0.643361853931415,0.584604485860522,-1.7466775516338,0.210448565651398,-1.46947494144586,0.650651059036727,0.337985683253956,0.642254926860893,-0.765330349741589,-0.447535238795143,0.891442395035871,-0.436540573071354,-0.252476155869259,-0.981518557829482,-0.0076610480267726,0.204434356263073,1.36804148953191,-0.19286892076587,0.942346652255055,0.414856400415623,-2.16621836144109,0.434842111257106,0.661959153739711,0.357000514279016,-0.720530359503245,0.278252139007763,-0.431470465569584,-1.08308167627531,-0.668312391016592,-1.06944846117006,0.218516395598614,-0.226997526374738,0.808715540587971,-0.775195661122723,-0.147392921417993,0.683067431575362,0.944231862819345
gene251,0.738968754514903,0.855013803383633,-0.70679028346869,1.92368659696645,0.681704830272039,-0.0912177670524067,0.124009941652012,1.82211400147962,0.103875092357301,0.969384176725765,-0.58643527147222,-0.117445212238247,-0.444640034128765,-0.169096444558595,-0.0727032833793333,0.909231874573032,-0.114461689782722,0.393738280467355,-0.29199210150256,-0.524343774543901,-0.607469904208853,0.222889316613671,-0.371745048234479,-0.780789987838359,-0.106960547419622,-0.862533012518857,0.315486972278017,0.141932713478508,-0.358652232830267,0.0369781798676054,-0.045085952485873,-0.0068652387125777,-0.247774976250686,-0.875712403953209,0.986221331216125,0.177955079744717,0.297302481739696,-0.503456955625762,-0.678051333469424,-0.0074662634350414,-0.707823159388748,-0.813191567142187
gene252,-0.0057444589122421,0.751696403603972,-0.801876735071017,0.795545423463807,0.1573369680774,-0.42743955749175,-0.108047926211414,-0.770903810103895,0.491610186070176,-0.113369578005035,-0.629759954087428,-0.733981264345345,-0.377078214073894,-1.15859095378906,-0.510135012985219,-0.475220356036975,0.456499273919516,1.2692297737647,0.781805544949189,-0.0313900168381062,1.46464899606618,1.02968634417137,-0.781083726513187,0.204637624643982,-0.247891196329679,0.55713998801702,-1.05083752662047,-0.978724189016071,-0.351721444879785,-0.320616934746348,-0.530603863115689,0.539729726490498,-0.875171404563196,0.523465840114152,0.377523409409002,-1.30563304362893,0.667030980892307,-0.201133678575521,-0.329202466517935,0.582854981978129,0.878205187729825,0.205233430438313
gene253,-0.0947575255956626,1.03285683344061,-1.1009433334929,0.0822148068943456,-0.245413614840118,0.924455630971288,0.28800446954553,-0.316641121605564,-0.552214307766596,-1.96324500296179,-0.174922132001122,-0.373504734170703,-1.19849007464653,1.13556253369867,0.0511700626154015,-0.0658882249361548,0.281227921863232,-0.229983222844349,-1.25155496504131,1.08527537590439,0.138236946159908,0.348533547359766,-0.569433721017645,0.38375898199112,-0.377402575971123,-0.5623674289079,-0.869931677152465,1.32284170995461,0.276514865482296,1.17728045195341,-0.371808784567386,1.3722497322751,-0.575925573026268,-0.38182037460474,-0.12149345352482,-1.02005438309712,0.2559136280684,-0.300292455556042,-0.219043229429262,0.0609708088523492,-1.06987598333974,0.456690958790178
gene254,0.550632319362688,-2.17658224205781,0.0877947730965638,0.697718404617387,1.16118017776335,1.11310853569242,-0.696554146694971,0.619695264979611,0.863807051959706,-0.166861052494964,0.769509039957844,-0.264821731550124,-0.415987672540801,-2.07697340937194,-0.107548587314455,-0.463572959039589,-0.161800319731547,-0.843538729807686,-0.751501156531128,0.029808354063008,0.213296739022751,-0.896928858713637,-0.207916437179451,-1.15187635829763,0.760016251633893,0.643479414086069,-0.0943014320173928,0.0431993323608094,-0.575744672219252,0.334549052325853,0.0083688978588089,0.51151152381907,-0.151996914196245,0.186726869090144,0.0250475170411301,-1.14171955828163,-0.412406161830845,-0.544904825818353,0.377312596404445,-0.718974170435232,-0.978560663549945,-0.333195543837754
gene255,1.22630353987214,-0.643467977874039,-0.313145731023442,-0.760921287064309,-0.805030570323232,0.483612208174637,0.0500772970940463,0.0703719796942002,0.0829989621671881,1.26116756492233,-0.389851612854093,0.0037033293365699,-0.495498285967431,0.341517349105433,-0.550720780647753,0.181926109725153,-0.020155352177501,-0.40050920069447,0.518310403900681,0.836381241886855,0.0024254096781588,-0.30571495903908,-1.49231545555174,0.11808488658703,0.359776486504136,-0.6153111458666,0.809275643867705,0.786903747707358,-0.79762171919587,-0.460182825517459,-0.287486593080607,1.5068708662513,-0.43881829090292,0.250261425964222,2.62484822142971,0.118267924415743,-0.0823873368072449,-0.0793358217224946,-1.15681457877891,-0.120124250238165,0.873833420535545,-1.49131984443623
gene256,-0.371762273094195,-0.718939870154765,-0.0035793423892665,-0.296073285542024,0.602214015304455,0.550698514705772,-0.620910241841363,0.0244035400539519,-0.372468914891026,-1.6078196165541,-0.681695032000593,1.02973360851928,0.360157953281031,-0.208556150728689,-0.793289578580634,0.820864843543711,-0.685231119918328,-1.21738208668223,0.649975024223303,1.09797233906683,0.0196524638830087,0.0417441639432327,0.720824401788059,-0.212098369437775,-0.137066623532303,0.0227492663791825,0.187748492457853,0.386506420915327,-0.837056701181877,-0.0786149351655856,-0.0601828106264884,-0.0735274788715404,0.516700010593233,-0.0387705176019526,-0.31595836148268,0.338684351616606,-0.260432612101597,0.628847193737088,0.606096458590952,-0.162309950557458,0.406686530856584,-1.34961202397032
gene257,-0.0614276855997669,0.135153984620806,-0.258861726576747,0.624842575456919,-0.156459657960664,-0.628748703936335,0.0747128116765236,-2.02374530321137,0.903106690430493,0.794576609828008,1.30310550540391,0.793122525277395,1.32404993148325,-0.665588315655996,0.439485129467159,-0.278303909493628,0.203597759665641,-0.173859134662148,-0.366536411437057,-1.09980721133361,0.506774789398131,0.843983594197372,0.546174142222725,0.237475710640676,-0.448905342687978,0.601939251699895,1.11539817624835,-0.313385081584895,0.33577119913034,1.23432043636038,-0.259081828078052,-0.553984740163995,-0.865872769007982,0.430600532079322,-0.621568875220141,-2.86551504434504,0.246532394996432,0.450459432714166,-0.625302245045173,0.512287634529974,-0.195678057615062,0.106265564387486
gene258,0.22101397815309,0.535709989206838,-0.144177343247132,0.0818177458074076,-0.715322092286416,-0.281918254850042,-1.09581004917301,0.638161255937958,1.57689027137262,0.681784358152879,-0.158429569826031,-1.38291980573576,-0.812011961733252,-1.14893715331002,-0.448247497637923,0.0008023851385178,-0.470419888823515,1.3381407511176,0.929141679913625,0.124762032329319,-0.237963643573833,0.866017984786943,-0.150351428718849,-1.12506605978311,-0.0525970554257872,0.183010696903066,-0.604938415086771,-0.302830989622862,0.0701330708780139,-0.761723061658207,-0.105150076036024,0.572755349413469,0.157805182590844,-0.480918731816281,0.197467740086423,0.385868822871978,0.463010206690814,-1.20784112003397,-0.365333271301033,-0.398882100651968,-0.0841877706217338,0.259444417054246
gene259,-1.34911764872962,1.2429119936227,-0.278192722817965,-0.586252085260323,-0.424073160518478,-2.1145569379895,-1.48217012977499,0.988074775215631,-0.263256575669704,-0.256848419783045,-2.2090095169514,1.17993268735571,1.16217637417887,0.221581649317573,1.31412008222977,-0.800509638977511,-0.452441685371066,0.913840770869009,-0.330527016447265,0.0298777255909403,0.387592348635283,0.973367027279955,0.262849206769366,0.15220816076215,-0.680758628680703,-0.154310136013769,-1.18129155569478,1.29883524644124,-0.869298281700021,-0.0033224538622414,0.113932830583894,1.24435162153792,-0.110109220942275,-0.278607011495394,0.587916812153716,-0.0156671083802989,-0.388284953034417,-0.160845902271223,-0.997787699319979,-0.0955285081734532,0.157005564833924,-0.0297547650947287
gene260,0.158313080465005,0.734724255472338,-0.291085517977866,0.688730840777293,-0.472504897328113,0.115621971443079,1.20100315329325,-0.200368241887445,-0.892987894378899,-0.0018625975003828,-0.690555035881834,0.24018218612035,-1.30599992032739,-0.583143961142804,0.077178705019944,1.15079749038386,1.55404489114174,-0.244108314666554,0.586293740612331,0.642784657681495,-0.98431861455671,-0.400932453947887,0.268547594528228,0.601256675570801,0.0394545776846871,0.2707451791089,-0.993660748365022,-0.640660312211814,-1.09873284705761,-1.45398680192829,-0.141485593419404,1.78498110913264,0.150297176802233,1.0377030698386,-0.176387633606196,0.959679777865395,0.179813443204547,0.854457665343722,0.149772262911696,-0.0749131187159338,-1.32900348986384,-0.420015257764925
gene261,0.387132479542075,1.04272324161944,-0.988902669757826,0.385408299856128,-0.392087016612873,-0.26433398166138,-0.351009991347609,1.00132223602247,-0.211773691812201,0.626498227527211,-0.461954965876651,0.442722872352214,1.2464418050671,-0.409075551108714,-0.699602238212691,-0.288226087552837,0.0169688573187122,-0.0341029768681107,0.131686662005722,-0.60126280979266,0.33883962168889,-0.396387130770313,1.0066764853066,-0.373178736988025,-0.662017464144685,-0.387777428477722,-0.66375410392411,1.17303785652689,-0.154373721974912,0.0683898103214094,0.264894544516246,0.152734432370657,-0.468910478146162,0.221853508593575,-0.770269640589725,0.87401490526556,-0.361285498658542,1.71788675465975,-0.346399406701351,0.711757238892128,-0.798646585196168,-0.250045907524772
gene262,0.36505567779815,0.747005223789863,-0.0845760575297976,0.378193550993527,0.909688477065092,0.28360943687819,0.190183401064503,0.0122856500856329,-0.152553737966465,-1.31329234169257,-0.285775132558673,-0.153614301242497,-0.793397593735139,1.26660666919094,-0.307903180426368,-0.820065189065029,-0.451961670180853,-0.545531233533723,0.82933090279985,-1.0574605322342,-0.56338189233435,-1.272003771627,0.276786216952688,-1.34390844837581,-0.371125630382005,-0.100353924949706,-1.29397678886939,0.300845768888546,-0.118860650076428,0.196020278496782,1.38578131332184,-2.9760624987185,-0.498459943555509,0.935757092902447,-0.301447130393252,-0.98262715179094,0.241294648759467,0.37343274400755,0.337037697602718,-0.161154131821728,0.944936337732151,-0.109397260116831
gene263,-2.66303379238778,0.541312145348755,-1.38777850502965,0.806361103270254,0.518257023816512,-0.527450750726013,1.48593984466802,0.458647811478141,0.272814117818648,-1.3116283676645,-1.40237188846638,-0.759312538785978,0.740402532891468,-0.663570893585621,0.14048862896758,-0.0368390550071776,0.298568501773206,0.744151856304342,0.278304676682685,-0.372812176860718,-0.203892834408788,0.368221063963536,0.177600198648572,-0.366305767730353,-0.397720096998629,2.76397001159942,-0.0149651172818906,0.0994133661618419,0.220788214897801,-1.22901559844848,1.09444490207191,0.820950074714919,1.14063953386938,-0.608357514592829,1.40960238484994,-1.77200512936184,0.216457989195751,0.388167529540309,-1.09041000998443,0.62471312688048,0.0975977491738682,1.52046205185249
gene264,-0.177479177808269,0.0120581113289139,0.0541513587450143,-0.29926819330764,-0.006764270267165,-1.64283244418561,-0.771727519833875,0.0476784032392386,0.782215833728482,0.179931084513722,-0.239595651193404,0.496366890958054,0.978916035741888,0.661821979440874,0.428182853625876,-0.0138007461855278,1.65136307540444,0.228923517582787,-0.24136850164955,-0.0110012247113345,-0.0105289111789758,-0.994690721309851,-0.417240106430378,0.525813504346864,0.366361746157112,0.740143897926339,0.203321568292716,-0.326614261153291,-1.25122728777466,0.98171759901148,-1.06131856586139,1.10670053195688,-1.4667835126651,0.208673957750163,-0.651379209601092,0.617894612425549,0.230315746911303,-0.223383572616558,1.03904414605135,-1.41644556827111,-0.448585986000814,0.416475072280324
gene265,-0.0927492075227953,0.612120804805785,-0.292186549810552,-0.152187248129933,-0.060410013258517,0.437256928610982,-0.374042721292518,-1.693046258112,0.914197999784096,-1.30038876108721,-0.0398762403685988,-0.324091284926245,-0.651945978502912,0.0412855197605173,1.30193416375262,-0.735634910323174,-0.398227124471137,0.938506060893857,-0.565616194923074,0.165395170939047,0.254405382567649,-0.0246258128798377,-0.757595099938382,0.806917585820842,-0.295352608861807,-1.19653256243638,-0.0672898897522615,-1.16533957427063,-0.574945395448369,-1.39350415146946,-0.332587920327436,-1.72197280001368,-0.182735358636915,-0.208819295535033,-0.782690837309862,0.154805095360139,-0.233163770718692,0.598091135010691,0.14165095049258,0.0570405763625115,-0.0063510532001275,1.69794567592106
gene266,-0.93696341963166,0.891613037809704,-1.46161949287259,-0.249081739636823,0.133631351385068,-0.740632970576612,-0.273325376462947,-0.47848660673581,1.31948052145084,-0.464472950149215,0.672444220949377,1.2262486731421,-0.216595758219947,0.128483650365348,1.42312128056183,0.232269213701862,-0.058937026444223,-0.187891692359474,0.308257682405621,0.97584619908385,-0.411715940349211,1.38258496551205,-0.371816876906261,-1.13345878448365,0.0244640922336848,1.07487585599428,1.18924500798419,0.0908957401070587,-0.993142653199384,0.236621250818279,-0.568855136419172,-1.39800764805624,0.221673083721629,-1.0326778801988,1.32686350027114,0.249111334544242,0.0264066864251477,-0.0724615099505833,-0.0345846093611499,-0.350304712705203,0.311226290516653,-0.0450902143458971
gene267,0.834836667537212,0.485588549220364,1.40469649082954,-0.0571522528697182,-0.0698486413213026,0.219637635816253,-0.372178066767789,-0.89188040346656,-0.202833864649467,-0.102899648583718,-0.359269320255407,-0.377331812235317,0.0915395834958574,-0.36183468941712,-0.149673760700679,0.609186268130133,0.508950633632267,1.3508079474833,-1.09028740204308,-0.878095058168137,-0.474546772736593,0.1357943469839,0.101886820204805,-0.136785061112576,-0.813031544404152,0.71618805071396,-0.0851387599750155,1.56294013988733,-0.229378045406996,0.410713920768154,-0.756169774389886,-0.119583639013177,1.01447432391495,-0.365817681311423,0.132537624390173,-0.0371079711844335,0.414196938995344,1.13456705587859,0.494887507749137,0.545179697469855,0.756085708601422,-0.207014505942277
gene268,0.382512518225935,-0.134262662945494,-1.10093304540857,0.578395282797306,-0.928478414480055,0.480210100873576,-0.211495276041079,-0.407812245129277,1.05923415823388,0.512385243609438,1.77289634004097,1.04268685290385,0.879856556674204,-0.918063513160612,0.772549748490502,0.830470864295837,-1.06052660420793,0.244229949669881,0.111834918993418,0.415484440504217,-0.680459321030892,0.384317082552636,0.636356840198016,0.695709046133705,-1.28178067106494,-1.01735238624261,0.76531987165302,0.0289928631824077,-0.036281910664682,-1.83260134272779,1.40638278950854,-0.486641982569277,-0.34087353647195,-0.304831172855358,1.07763306013869,0.143011051280236,0.118918142100496,0.836970016179938,0.0582302732847617,-0.728747920498103,-0.435438230375831,-1.95878700962043
gene269,-0.448872427794825,0.110898561362703,0.124432945310217,-0.113730861363687,0.26942493513384,0.0515656063298497,0.0432895106805277,0.493126841308882,-0.154344220366861,0.816494210919879,0.615727769390027,0.591455892160425,0.0067460463358897,-0.329673134645017,0.122879250341382,-1.46049425057248,-0.251717666608953,-0.277436657413874,1.01029055402968,1.06975709020771,-0.101312661634269,0.673343114029241,-0.446107063230694,1.96603121899692,-1.04355686728865,-0.475225540480236,0.39346276265833,-0.92708808113781,-0.409267613850214,0.59756893208565,0.250726979591439,-0.171234399088842,1.11485670038712,0.019886614067921,0.776539732761173,0.105477929738841,0.623871581788622,1.00283853956236,0.738583082133354,1.27218833033871,-0.611051403786123,0.648691863640218
gene270,0.747875723798344,0.108926728608097,-0.341637065110214,0.342881414823124,-0.584479334362724,1.10609168314268,-1.07582383962306,-0.520232331080354,-0.267401292182659,-0.113136826502682,0.0458230699602332,-0.444866330476144,0.325058932624119,0.489054606088065,0.347287480896629,-0.0731311388150443,0.436019207735295,-0.355277155931476,-0.346564139819761,1.22272986286824,0.214189178532772,0.181449425243656,-0.0929883368911195,1.39088805339701,0.206303428911289,-0.663265451904512,-1.99426650065978,-0.435932665485221,-0.042961878393567,0.247300889375551,0.189409570816828,0.13006009708217,0.0359097502448865,0.115064244783418,-0.538322156030645,0.965592868573743,0.0708398477161956,1.3349302121068,0.24871577657809,-1.42123379739249,-0.605871238773086,0.82292676814911
gene271,-0.678753198796967,-1.57989084665077,-0.103112733583165,0.759472897318691,1.46584834493038,-0.081952701148824,-1.50321389777244,0.593175357385956,-0.0304657289181681,-0.824663060416129,-0.981226936160967,-0.589946023838171,-0.360695318490733,0.933372899953608,-0.541255933764395,0.842040016792032,1.53779689092349,-0.131961545852717,0.330578986946441,0.217283725119096,0.223609983286859,1.17824027695477,-0.126454303937929,0.343380528063226,-0.125574023534103,-0.010099168980187,-0.628589191020018,-0.347424417995404,0.0414581243231773,0.138988114873766,0.729902860086863,-0.0278693196060232,0.105221053145954,0.328871012667523,0.135921315963162,0.0618735978547559,-0.161838616965147,0.62170963603348,-0.0054449405866207,-0.332873271368048,-0.862245525110676,0.554211895872387
gene272,0.0690543008680812,0.304713683389242,1.10727149536988,-0.0716732504284521,-0.467524092892432,1.07032875065318,0.694023962986319,-1.91332500353784,0.518649838833256,-0.906031083564748,-0.193076956126173,-0.442924474317266,-1.0957961900289,-0.715439746954767,0.897628088893353,-0.217648108652479,-0.74661341304978,0.927236144374623,0.0554861675810781,0.387800240834363,0.447280427115985,0.506788189705923,0.69784683403547,1.04440035306505,0.832959740246464,1.48344687339407,0.273529224642715,0.204850682484707,-0.650430554730581,0.759003514763031,-0.489172392240896,0.518255232079004,-0.974899144388865,0.628798939689927,1.48442099346701,1.11126982792034,-0.740349548158792,0.546505406400326,-0.57384737895498,-0.140074397557005,-0.126768299500528,0.284567870658877
gene273,0.47323808937142,-0.228513002278966,0.390577707313965,0.847884662740511,-0.172909065823748,0.566858160327391,-0.88177720430745,0.385430905303546,0.826148296633648,0.0794244343611085,-1.16025537097963,0.212197386678239,1.25081338339518,0.0354202679987458,-0.879773825207958,0.241857704572547,0.224526096962491,-0.40265510034464,0.0313505727735515,-0.315719631320468,0.0587885840523793,-0.139453390825935,0.129718307076317,1.25118897109583,1.01998926570015,0.124710708238653,0.335199132207474,0.270781117599451,-0.307643977057736,1.47416289258082,-0.61758621319795,-0.576837250059344,0.209202693781267,0.138752058557108,-0.351861335922513,0.614601490146182,0.669624274137492,-0.668607549106785,-0.753032822406571,0.0092324096793589,-0.675759912965147,1.02115704785512
gene274,-0.105124605693085,0.34645172485797,0.78387480613283,0.922145384279845,-0.459239866167594,0.685900814751097,-0.0806743913367001,-0.979857868185311,-0.281474030150757,0.205077583394433,0.419789021531082,1.24710363641864,-0.400728817542065,-0.678848943806531,-0.416362679202512,0.208484153220033,2.06737179125332,0.0123689549811288,-0.260229945912877,1.39545135897428,-0.260876656078113,0.754568605372664,0.33625437965862,-0.0203332887475931,-0.0508288563309351,0.309631427709456,0.204903120816219,-1.16236252422093,-0.13675259258013,-0.409800934728114,-1.73488073593269,1.22212159619511,1.39456420895914,-1.12955085783288,-0.242321125083416,0.0469538724613787,-1.23299366237068,0.241427918288921,1.28910437095364,1.18480785159589,0.613381020578364,0.617738460580966
gene275,1.02080208011438,0.659139189812068,0.230362386710725,-0.147982193451306,-0.589905402812958,-0.217209542054352,0.376232768491031,0.103049222307611,0.16787016877733,0.624024426611444,0.0833626433911069,-1.7298302965217,0.881483969578154,0.996283809459284,-0.79010201993024,-0.447978381339272,-1.48206763573782,-0.953058303402899,0.136684575832411,-1.85800432330986,0.886583631678172,-0.618891151548167,-0.194752298164456,0.832659147393415,0.117477948095386,0.542988542062712,0.172755755137382,0.595330068975762,-1.57642408111142,-0.77536471393995,-0.318942064426869,0.158811133695902,0.976529312229366,0.0937970260024654,0.498476028203436,-0.17043797410752,-0.127920040882766,0.727555078079136,1.24484360963253,1.15795801493978,-1.87900542955905,0.795552201840209
gene276,0.260022205725064,0.2479611095103,-0.0287256735764563,0.19163855095044,-0.947681544456984,-0.648522635086818,0.579107937950396,-0.0070745909111799,-0.224810782667778,-0.741709850758533,0.484733514732803,-1.61780692801169,0.109442228506724,0.234757402601536,-0.968666929223725,1.69388726791836,0.690807293008716,-1.31129034350572,1.0945703977712,0.687863311051037,0.891869455577591,-0.018650579776481,0.710118468137372,0.499023724206763,1.64227313675074,-0.159467849723412,0.544840947655499,-0.456714374845063,2.62588603879737,1.64245466580533,0.143177632909646,0.528698865436291,0.21143483921641,-0.24146109819732,-0.582560531907927,0.150021700491155,0.237339733649605,0.639289515981989,-0.42180702410383,0.155495911292085,-0.453297677016583,0.241449021649852
gene277,-0.809454316506688,1.4118098063509,1.57220344107577,-0.269904132668426,-0.403508207907225,0.210309002020974,0.202604990903774,-0.539039059707576,-0.459348147273491,0.398545987981654,0.913806505669007,0.187973250027006,1.58336525209821,0.118493393705733,-0.445871349405815,1.12307393754448,-0.0710315920221515,0.596531966831183,0.606198716032607,-0.109186469588555,0.152338234102264,0.211959676279262,-0.0418468931297788,-0.551724408662458,-0.673319553699116,1.13972347454754,0.867755607605098,1.01932890419532,0.642281986930637,-0.797971934750651,0.267936755568901,1.0574240386553,0.311714509740153,0.109657639780773,0.369478520186842,-0.372628364287485,1.24218656483392,-0.90518040586576,0.182414880447367,-0.263087172367911,0.107796701584627,-0.376399004249803
gene278,0.679349482222304,-1.27422752208086,1.26812218318988,1.00588726977904,0.409630154962309,-0.825861031479233,-0.546902510255399,-1.12477683528036,0.450538420399603,0.273200441288394,1.8572385976993,1.74555076505878,-1.16972968730742,0.92968567442324,0.683163531513164,-1.08176767360987,-0.958683386659919,0.105329130838502,-0.335394229099806,0.640599991918063,-0.510765831022527,1.08348852031442,-0.0959615417263826,-0.283662177414035,0.269947301772694,0.345376498824564,0.0379968272287102,-0.920866120636219,-0.273317980375078,-0.0703566831076287,1.13255708972886,1.1609186297563,0.422098670101923,1.63472410382998,0.381644314667309,-0.126657360219016,0.600374825094171,0.283214877741627,-0.12505369593576,-1.39378800388371,-0.942674332956079,-0.879169907176226
gene279,0.513385739736581,0.780816008538403,-2.14455967351201,0.347241461599001,0.272148246743673,0.357174870695409,-0.164779622286945,-0.206952208028484,0.106798465758538,0.040366031777232,0.219276706923807,0.163291099622573,1.08133243958678,-1.2734138104158,-0.628722427635355,-0.676763670330944,2.13069182551656,1.09347528721078,-1.03837391910049,-0.44388305913539,-0.158691591104759,0.075802352768135,-0.257241504595409,-0.134488803920785,-0.93974965977868,0.114187272881541,-0.985862870418585,0.0820392685261882,-0.147944730834722,2.09245788748548,-0.837906955854797,0.938843569324357,0.690780021673159,-1.14092565807794,-0.84087345520582,0.681948832408827,-1.08707168875452,-0.302931216639119,-0.474820241804063,0.0738375992625784,0.412936609799651,-0.930543529501354
gene280,-0.195297511729431,-0.249043465613752,1.4135116469998,1.13797863372706,-0.0101748788679637,-0.0953766442551497,-1.23752690842206,0.106064902147494,-0.0604524595503769,1.19202791303194,-0.265996682162467,-0.495201503414694,-0.379659473314785,0.267676889745717,-0.779347037550509,-1.56992402911233,-0.757083736453107,-0.0017258380598588,-0.0445067341288153,-0.552448674148324,0.894304011484907,-0.440400110673035,0.363656101638903,-0.16872453848982,0.0669905477891936,-0.585051171227071,-0.0145653707064564,0.229761664370943,0.473244972790486,-1.02762617810114,-0.433243886699666,0.0792246310541278,-0.523908306315149,0.184958611512077,-0.740121990616955,-0.801970434555381,-0.672062655899921,-0.182892252213727,0.0182997309419703,-0.369434888967268,0.443133575056835,-0.682510853272329
gene281,1.82783066289481,1.60918752829927,1.11772315683374,-0.305404346833062,-0.0480191903131409,-0.56665419563634,-0.303270374956884,-0.0876521107876348,-0.740942026899572,0.270140682802276,0.136011527949032,-1.58959054402433,-0.146588369293733,0.599676545025129,-1.04937636579755,-0.500172730546723,-0.103552490105296,0.887415589890805,-0.0985497180517147,0.747227079190246,-0.891877710056298,-0.263361545471419,1.19290429654212,0.680436187738353,-0.354754909277407,0.150947517889426,-0.205527250750992,0.429702337241758,-0.227418838231509,-0.426935765254292,-0.640015829497576,-0.364611470460974,0.182364146999858,0.937020156841844,0.537713426326566,-0.208224479989106,0.578144844223353,-0.579995035809114,1.42901907883741,-0.55321540338772,0.129805459584887,-0.471396318516514
gene282,0.246472821069499,-0.866110702155906,0.383430069248099,0.548132954530581,-0.0097103939181522,-0.867849127663904,0.262004341265747,-0.541319219587329,-0.570636549492343,1.32579760789742,-1.32463545508537,0.930995548138819,-0.0254703620396897,0.0198272029365487,-0.314557214941555,0.975813332694619,-0.0012372892875634,-0.571459332299553,0.280629321931177,-1.16117558376867,0.0725531646334529,-0.664845425080923,-0.0051084772454146,-1.14429642865693,-0.740672563717362,-0.376140990373258,-0.130675102446806,-0.751541933990107,-0.349772497664336,-0.460582674096592,0.33692793796793,-0.818726123520635,0.125672208287642,0.627236745647327,-0.0864430965221035,0.0890432587181807,0.0574277072333423,0.871854309252197,-1.48114383253736,1.34256496804671,-0.49010985776421,1.74267296669546
gene283,-0.592925720165946,-1.18695221538842,0.124722473675082,-0.671391200943446,-0.0825454180162711,-0.497582543105628,0.0648792681064051,-1.52340739040941,0.369174199146786,-0.148424262904805,0.37545145196117,-0.351709680517107,1.10953688663089,-0.241036499805196,-0.344419389657091,0.806888218654134,0.871845085690555,-0.111439515207378,0.189570678740977,-0.692469786223208,0.454804817933911,0.0332740042143683,-0.0134837403716062,-0.417292704408804,-0.558624029010372,0.976181208961057,-1.08510193293866,-1.42474740949435,0.526481432217202,0.118233531146183,-0.476945718058696,0.4411093563549,1.49918363944769,-0.0472976197549947,-0.0462836943524488,-0.190733000186289,0.383970781796389,-0.395099941840628,0.532291141370879,0.276632267230165,0.173610879242732,0.604598032772442
gene284,-0.625713841364796,-0.73387448832374,-1.3756987908141,0.64457708852774,-0.92137489452164,0.732033070071764,-0.446165204107449,-0.816395383466435,0.0970782536576344,0.794093984823058,-1.16399909034166,-0.0942495783843729,-0.818100213286334,1.06753624464424,0.424192981512983,-0.657476306280544,-0.356734227004653,-0.434698332375061,-0.821280991827326,1.12286928942314,-2.05906726810502,-0.541349507030417,-1.68186861591603,-0.362099063461319,-1.05767987104123,-0.228296242840219,-0.0406280535454448,2.08966694605074,0.154134938150332,0.90876082690993,0.850525754943788,-0.030920801190074,-0.450957145765124,-0.275400264431407,0.528384342840348,0.0996144385830638,-1.2041830558899,0.225421634530467,0.405646059143407,-0.145408845987209,-1.3885093919567,0.565014410505748
gene285,1.49296303407016,-1.28740935882418,-0.421118275903246,0.418202318765509,1.19265967635349,0.579567795166041,0.268270236928542,0.907653598586974,0.659051123745262,0.410334760658836,0.206878248513742,-0.0808673439194563,-0.275901861689333,-0.37169563025879,-0.644623879164082,2.75538729641837,0.82678054300978,0.629625830790935,-0.916650449453494,-0.721968979187833,0.364270175158522,0.527548292576832,-0.0786221806255233,-1.30487925263079,1.35106892403094,-0.246428337851654,-0.295162472059478,-0.726239012814764,-0.339952955238189,0.317341849540585,1.14386592866065,0.0524840496748511,-0.443923949939683,-0.173963441165524,-0.295584678931781,-0.310415944053842,0.220988128095701,0.46627447651321,-0.126447092409281,-0.408959680188593,0.689765132080844,0.75701223933222
gene286,-0.171698991366653,1.57504596015139,-0.110464807295827,-0.949999455933185,-0.374014024278043,-1.21905926676426,-0.391226278492567,0.14258991877566,0.27070880264898,-0.817992147100624,-0.283361655520579,0.15681578210018,-0.0727797988436005,-0.289794385020743,-0.410447604486091,0.288167904189499,0.405694882751002,0.463329152518695,0.365804364822128,-0.32480650278257,0.517808323803692,-0.224320131711675,0.541915848978065,1.1303672376226,-0.595880005105082,-0.206655113763192,0.500840563560126,-0.602559815920193,-0.0862517262872495,0.42374259512645,-0.48810563595894,-0.69043860654611,-0.112868438088213,-1.29230956438315,0.435583087255731,0.930202388123902,0.437036496470542,0.285076680239958,-0.338114041364303,-0.617195693637528,0.170000030548507,1.3018448853411
gene287,-0.628250780280811,1.46814880077021,0.21636693243228,1.22153909660354,0.44034923919429,0.341904079946482,0.190292291060691,0.440633064136364,-0.995672225717303,-0.0444094783282654,-0.241659956049103,-0.0442216766148058,0.169967515079423,-0.553880869424894,-0.722899308263361,0.0408531811535295,-0.19216472274498,0.567841976384879,-0.007682539718786,0.430040698209424,0.459273080538424,-0.464459388703844,-0.376197930508721,-0.523242000141971,0.04019020479896,0.870438440265107,-1.41955505029222,-0.235713788045541,-0.2102153836625,2.05298157308862,-1.21650695922689,0.128534785091287,1.15658240827619,1.00154436195628,-0.579773082935572,0.495972130490802,0.0373360950230154,0.0935061107973484,-0.525415372085647,-0.312527952634735,-0.411293081684494,-0.966028691012001
gene288,-0.363983781563358,0.533368499639258,0.79968496451742,0.543295446150574,0.330167048375064,-1.11437398637238,1.05503525351613,-1.09125482921931,1.33170521525781,0.2831218944316,0.28795635485259,-0.835352185394594,0.32552041460976,-0.839219177818675,-0.254905268776441,0.316862634112126,-0.168156420441276,-0.930802065481834,-0.866205353761301,-0.11167424078933,0.631975532431509,-0.397774036034395,1.02361757645234,0.156738171475289,0.37438519512717,-1.0715688789285,-0.138077630641882,0.744609535085127,0.256641422267748,-1.09441187123881,0.647894090645382,0.785442407547853,0.199868464001334,1.41742142967799,0.942445993740424,1.34458890295013,-0.475181015498329,-0.338320419566825,0.162055884720997,-0.191594057859532,0.972246775763359,-0.567611822362634
gene289,0.571521210118516,-0.443224594557417,0.921402792384249,-0.208390536588718,-0.759609095052105,-0.357647994108202,-0.896961833268473,0.578180144777035,0.304175044122556,-1.60396448903181,-0.0992222554626492,-1.02454999312157,0.555878348706812,0.405004750239016,0.771297613339801,0.141222141658304,-0.709166434389456,9.36003820183246e-05,0.0618757210354959,1.40541507067247,-0.685249955189622,0.841029022743651,0.979511539511679,-0.185190941958513,-0.194434137308579,0.898047324875373,-0.185206091718554,0.918652985324868,0.743689352350139,0.0182927287716792,-0.963784443235675,-0.10865398733863,0.24942129394615,0.657748446294537,0.0637385643672669,0.864936012106625,-0.0884369001227961,0.288878528562919,0.359101109131973,0.09675955123443,0.307851017977974,-2.09205413766273
gene290,1.72814297390874,0.639856259573661,0.620867450224143,0.312598964418105,-0.770735352276679,-0.178652124993319,-0.449711747215649,-0.761147682870363,1.14722321565392,0.869010154177487,0.194425636323088,-1.7181353794689,0.558778649942235,0.350789834900874,1.29701384202587,-1.44515118882905,-0.159119990120507,-0.726082508041479,-0.499547479235914,-0.125143936153547,1.00992153599071,0.0533870977121763,-1.38239762405864,0.928401485868054,0.324451026366016,-0.40675908317102,-0.926793068555219,0.47407089696644,-0.13772490709231,0.602570760102245,-0.88743868039865,0.735487968502588,0.0693760634783242,0.895337827733725,0.611875202225121,-0.248139962609847,-0.0202363600810257,-0.267607866256604,-0.98688248182141,0.124960920315381,-0.213740017909531,-0.224151394557883
gene291,-0.583239816161705,0.453710290583284,0.571882619430957,-0.0639556048805891,-0.837799968373846,1.6892385336358,2.3320129073078,-0.139982497459571,-0.450873039862179,0.75493338465713,0.100390662428269,-0.222649387261344,-0.668723262037858,-1.17676518113253,-0.672081446646508,-0.185574024315884,-0.483390409986956,-0.815393712103625,-0.555095228207398,-0.325952827209895,-1.12470247756666,-0.175387647403572,-0.13802987278281,-0.0274293973110666,-0.244431898943345,0.043223310285259,-0.918908377698169,0.824675812126164,-0.734981082476441,-0.011652026241638,-0.486305794134353,0.482955123231313,0.268756055118226,-0.634013507963904,0.332994851176431,-0.745219638627613,-0.227649793521911,-1.41354524102989,0.158672732135404,-0.672582148582239,-0.572095823714216,0.0289430238862686
gene292,0.381582874580261,-0.939408376707852,-0.910937351479284,-0.927015837854896,0.906087594512503,-0.67543131486889,-0.492054375100493,2.23935653878769,-0.0071286320912099,-0.943210985362653,-0.980534156602716,0.0381261264344315,-0.0817120619179776,-0.377851187852035,-0.656312496645159,-0.206955617983766,-0.418954603070107,-0.233113812958749,-0.230483161055913,-0.382303703599231,0.273487710484979,1.01242133427932,-0.949194957101253,-0.140326949963418,1.24974106146466,-0.480764836174156,1.39030560833556,-0.578780933770063,1.08590872813417,0.0677951414514715,-0.997247877207687,0.0428901684095622,-0.327916219517124,0.559246219256513,-0.451679655362758,0.376618410628337,0.575470156382295,-0.43147375494525,-0.0621623382524918,-0.341801668129451,-1.27503751307245,-0.369770258398396
gene293,-0.523200131880444,-0.143534304663012,0.330814979090389,0.0048880714048069,0.800716709971105,0.092882015468515,0.203790357982347,0.200730010882009,-0.0569058467564006,-0.284111406021566,-0.401886575558351,0.0143503796550539,-0.435993872455044,-0.240533377132106,0.218399040539762,1.01360432196619,0.514998434293522,0.642106375014907,0.0972185568867572,0.232686234227759,1.36458787142156,0.807263172274617,0.177122659557911,-0.891542068542256,0.141916234870867,0.391961118345839,1.34798187109138,0.142367086194326,0.224512728207266,0.374932256437342,-1.80871684769628,-0.141191751391991,-0.985400866289919,-1.05121231775028,-0.218888648554072,0.0422755031453197,0.418520329540664,0.347765418679516,1.33214467452071,-0.456892538688734,0.765024397590721,0.0411016193323954
gene294,-0.670804779763551,0.551142956507768,-0.161232381976174,0.845591054046319,-0.700975532084575,-0.473422975427128,0.34030157887572,0.132639720275775,1.42994268026218,0.522927446535752,0.770036576005325,-0.787275505569658,0.835805276726542,-0.342176985846294,-1.79989818623216,-0.62086248314082,-0.628264686776764,-0.199401798723549,-0.0457330112189387,0.593930721418043,0.203956809751195,0.313856048606104,-0.97802213115406,-0.273199458028812,0.170043166561145,0.87445044170832,-1.60447802092826,1.41888521766155,-1.23293552101988,-0.381176795439085,-0.279637261871354,0.114374805323582,1.130672574764,0.454237072183921,-0.0873374648525413,-0.54225872558631,-0.406460237240545,-0.520620938785997,0.728607438822477,0.696642231309454,-0.256749102412972,-0.168442488402515
gene295,-0.459890533410674,0.802367513113064,0.0115266718103861,0.204668183136069,0.836894790562556,-1.35127942253617,0.444486153595634,-1.07080074621923,-0.018420794131106,-0.877587869608417,-0.168361634225858,1.56496884503567,-0.638982667623644,-0.250187862947265,0.483724630149762,-0.970715293182191,0.287881149689465,0.0797478916646963,-1.33249676031443,0.323314231175662,0.51597377857492,0.163113737222993,-0.0276825429115989,-0.271741010021565,0.166631425420227,-0.362242893879711,-0.168576241460504,0.551271644077514,0.171273155634359,0.404804050186933,0.336253036889346,-0.0016767974323011,-0.755597664048367,0.0323138411264409,-0.44440689629253,0.365312128654193,-1.05523266341523,-0.162121246357426,-0.103631414919039,0.495716328037152,-0.332558060265756,0.867420201979104
gene296,-0.455371324079751,0.60548045091168,0.729454953053959,-0.818794711910492,0.0269512564295869,-0.437018910593085,-0.382580496208685,0.0601981846271162,-0.151045706759186,-1.82951621005218,0.697879483501069,0.0378451059256159,1.18047981388034,1.01477703788272,-0.536911279070712,-0.036967670955631,-0.0530220464283896,0.792214326475778,0.471878451701241,-0.839638468303525,0.434095599771994,-0.326122085945818,-0.601193264134039,-0.162183253727721,-0.14274606215062,-0.2138069061885,0.150137047478639,0.735379980537399,-0.470175146203798,-1.25335460222726,-0.159715152414042,-0.0099809793823668,-0.709177563311676,-0.113195342751719,0.768740648592869,-0.531990202326729,-0.327417321835438,-0.274198519069201,-0.57172720498759,-0.308998303149981,0.512666356082296,-1.58503249904367
gene297,0.78360542235296,-0.665856830558889,0.309389359976225,-0.648137359531104,0.0824953230545136,-0.511599326242939,-0.636926877500786,0.762929133225263,0.59114135660561,-0.346697311372233,-0.562562792124006,-0.249266194135872,0.392972532705522,0.457265137445165,1.4453970434478,1.12387041465116,0.515627910217291,0.171024521127259,1.11598114183537,-0.200293182951334,0.62731720465113,1.05756162822677,0.169844702209691,-0.123470899511341,-1.23932116233699,0.262838696438417,0.212780824341678,0.276847728793362,0.0669749316056858,-0.701918784391369,-0.297374903988967,0.822468942310991,-0.671645162342898,0.374064629955513,-0.541714499766532,0.385499537864422,0.114974509479373,0.0013729042342503,-0.526389157865712,-0.308486345923857,0.347400287303667,0.526115809409916
gene298,-0.413925529753345,0.471006059676512,-0.207561601671392,0.322762491727751,0.1049641623852,0.660237313665089,0.772717428953736,-0.0988533278860251,1.16610258755559,-0.467616394076839,-0.470674447269266,-0.274012303748251,1.02369786958322,1.4749551663251,0.0076960425308493,0.857403464817159,-0.54037313438749,0.792934714039069,0.595176327313907,-0.126895909858128,-0.524210678095887,0.0783536760992366,-1.30697285041012,0.330260099041005,0.970186498016365,-0.2457263736341,-0.5695608540481,0.449774701875878,-0.696182532422213,-0.0288428910079391,0.237416872710508,0.444974834965184,0.222563536683293,-0.889672808429629,0.120169651863957,0.196468138605361,0.294376141158436,-0.161488625536726,1.29554490963437,0.108723450877613,0.532829485483048,0.351627425576422
gene299,-0.58964768045165,0.758080117385576,-0.755708007621481,0.831349707931837,-0.346483142586082,1.1265320743863,-0.513297746849938,-0.353102452044772,-0.564093611334035,-0.561192665968735,-0.597557782503621,-0.616418871077458,-0.850653942888679,-0.301376533516087,-0.0177855591107208,-1.0871610830167,0.735597026914093,-0.515688056953461,-0.391919354246051,-0.864091618424955,-0.695676800313111,-0.11773739031511,0.174239261818651,0.0393582507383404,-0.0129425622909391,0.249897044241455,0.358877664247055,-1.54707922492905,0.629771523079632,-0.385419720184427,0.164414906961699,0.173476401534347,-0.828239334732275,-1.30087451945765,0.500868020516772,-0.113603700758332,-0.145531190246472,0.0363937741456535,-1.24686155051432,0.858464581106741,0.102776674445954,-0.105195953267411
gene300,0.702854578029735,0.435889493214098,0.0507741710379504,0.278837898196822,-0.683768854806642,0.0533901173766568,0.292165083305829,0.625405372932264,0.399831432241162,0.23355733653368,-2.00150815092238,-0.75804181851912,0.812541420961663,0.1679769614579,0.848469883707711,-0.243464074941055,0.787921729614529,0.0992665976212838,0.454961783335827,0.76785159788821,0.072411708150723,-0.542206755310245,-0.406814716062519,-0.549110527660992,-0.174756334784483,-0.0584985026618837,0.360285005685919,0.524288933701687,-0.0367943951963028,-0.92799490667691,1.34335475223625,0.703545969561412,0.105210106215508,-0.302690575214775,-1.37706961760028,-0.519266429909736,-0.275896540276717,-0.0207240785412003,-0.18363630307329,0.905706264618628,0.217088520680557,-0.83599600599788
gene301,-1.494683592494,-0.725026378061811,-0.398261875379961,0.0117702089770782,-1.05130346745957,-0.376400039200642,-0.952766674005439,0.117427572138779,-1.47309062273295,-1.02669332636817,-0.589863883228021,-0.368123588305763,-0.945001007080838,1.62396625258062,0.525465104627971,0.4406889885949,-0.482254562955787,-0.788285373329688,-0.618398741861753,-0.405684020754459,-0.635848871332457,-1.03933779596206,0.851786019567799,-0.428447275136548,0.681542730897968,0.846284952474396,0.98426193978035,-0.100347036932209,-0.980843519647147,0.135775868563227,0.438466385320776,-0.0944516240033795,-0.316250796689053,0.393298668579485,-0.780918872922908,0.443591152361372,-0.382591655688652,-0.457539912061796,0.896152080087946,-0.602233510659733,-1.35872361518029,-0.995642381039884
gene302,0.292794810919892,-0.211796410276859,-0.860665810753802,-0.0509059747819837,0.0894485615599889,1.45844955649992,-0.0809595206270607,-0.838319905312242,-0.276263719634325,-0.0888877647303797,0.221123052768356,-0.0075373949973582,0.61287046965365,0.132485169005125,-1.26476751365374,-0.877670930616474,-0.970233064333193,0.150279620922786,0.08643108274259,-0.857952327718264,-0.121858543541973,0.93014469514402,-1.01966417696524,-0.212805864652349,-0.198687512859286,-0.526412098600654,0.257868299052751,-0.0352273177660308,0.189610716687279,-0.867560729317371,-0.0534338723817314,0.728993828987427,0.54997268186594,-0.323251857488068,0.0707001760233606,0.182725594763723,0.823328817825901,0.320072734058827,-0.152736192235895,-0.0332809251144412,0.259691323896753,0.675840232682125
gene303,-0.166910085998026,0.916077274920049,-0.29890539231974,-0.697594538722052,-0.346147629748736,0.182932786866355,-0.318973778934539,1.11729452281517,-0.309274566923649,0.297391651129981,-0.653088883293692,-0.959661112765184,-0.008555453322034,-0.708209015780182,-0.416260561538672,0.963333095120934,-0.468462448384385,-0.0864574671381904,0.350739457723701,-0.163957662551348,0.506670781761974,0.778121585083297,0.107067961868473,-0.643761072979281,-0.0034879173304548,-0.343122231221684,-0.311335681703532,0.558668991228762,0.0515315938199286,-0.701323326721094,-0.0098588468903522,0.0725526957900272,0.117922723393083,-1.0045095945258,-1.04952481381731,-0.0891287659318263,-0.139565904905446,0.350087784149161,1.16399021456991,0.104401052598239,0.261919548792795,-0.311119698277832
gene304,-0.0525347567418114,0.208613799320729,1.33569778467812,-0.240399888401919,0.753908870208667,-0.649872276279124,-0.160574014092291,-0.947563656369069,0.120653994385963,-0.933645055613787,0.474286739687529,1.24666614478899,0.704195000296733,0.804257569483622,1.0519618226419,1.11856784608981,-0.230394073320468,-1.78550404096262,1.41806648850554,0.397552252504445,-1.00242775951244,-0.431885096311745,-0.0935234721461451,-0.457419504615143,-0.0777172579323338,-2.02749290409362,0.833456901941803,0.311445828006729,0.464837924479739,0.168398327157666,1.04102941663611,0.643001889646496,-0.367073920134364,-0.292091604317106,-1.06110103465054,0.690103784506834,0.505618528913213,0.246226210370872,0.0517953020036146,1.42162125905391,0.8677720637195,0.263362803369613
gene305,1.77765014207834,0.935403858100286,-0.669900524419851,-1.29383466291337,-0.0434532668953244,-0.0178031302560189,1.3571687477364,-0.359740016066608,-1.0688538329918,1.76010765793485,-1.61062765200301,-0.0482757182198088,0.699385989984301,0.537688909364941,1.76094501751879,0.0466747940977575,-0.793503810259859,1.48902840580574,1.61965748738947,1.0552864199636,0.99945105923196,-0.802153262948919,-0.191746788551562,-0.524115594525976,-0.381096294714398,-0.56045470696829,0.412025077235205,0.308586503451289,0.273311233344204,1.17243930566427,0.941767498666549,1.36596250573762,0.367256388277634,-0.0386375864226966,1.62016311652445,-0.308277354873826,-0.868817617327356,0.127612548629713,0.878559949005425,-0.182151416449249,-0.372104539018612,0.425663100266927
gene306,1.87758122199671,-0.298327790144989,-0.0273445699757702,-0.834619660898471,0.0581813880030566,-0.545414418894149,0.435369139502448,-0.0425726310228125,0.332008966935187,0.458357115208344,2.09579666636544,-1.31843964821098,-1.07754936834063,-0.178530408310071,0.0420241648236168,0.35040621325115,0.369541508461655,-1.16360005543729,-1.09020634497768,-0.33406779406009,0.570198133939269,0.519097129306843,0.884124678329863,-1.40342337334925,-0.165016721965645,-0.356587456608227,0.269089891334926,1.87188932161199,-0.829539176205551,-2.0645962404585,-1.78327168677684,-0.295334360317055,-2.15781221649854,1.05427687911713,0.738434772805561,0.167347211579636,-0.461445522096275,1.4800691213258,0.184300942183455,0.498625683166656,0.220714037992611,0.951754806795611
gene307,-0.0627292000203657,0.529341591501885,-0.185408495645566,-0.322071815268354,0.356420559605798,0.519807600106841,0.847265031820298,1.38625521042413,-1.14449512595956,0.0682400283296856,0.539027829331673,0.472715774108959,-0.141338024871159,-0.46413596369973,0.334454938055509,1.48063009416794,-0.48644091636825,0.0748835815661461,-0.0626633663791984,-0.0843855454552522,-0.0943805236930409,-0.140368864979617,-0.260133992747434,-0.582516019207492,0.918968422116517,1.2818557663215,-1.06261197692547,0.082756761290802,1.24114637450208,0.417223667980202,1.1217718299038,-0.869100057809166,-1.08182737092969,-0.0823116449645308,0.312555222307667,-0.713742578936161,0.170406145717211,-0.591568025157136,-0.303845225130964,-0.572884162166326,-0.469240525436988,0.0894385670513134
gene308,-0.100901205270325,0.0896654883326922,-0.174072929856392,-0.712538159603518,0.696561082940071,-0.64649289584365,0.943647165364004,-0.372650371056095,-0.226283650684927,-0.749211271293717,-0.538335164351373,-1.1207293796672,-0.607137492903414,0.293715204033283,-0.185705958397002,0.798575329455596,-0.79921699474307,0.0874549182634846,-0.522955954042458,-0.273200260406321,0.386297819639346,-0.740704823379986,0.217726074027394,0.0159571585804959,0.621647975407749,1.93706202139944,0.36390549324546,-0.297658798332118,0.582120469655303,-0.356268397327334,0.0279053051730761,-0.59253046125839,-0.246318577399065,0.347124493499709,0.756412970135645,-0.210921557333414,-0.172271995471824,1.07113835100594,0.648120866517053,-0.164381737163561,0.906715675683093,0.262623523955309
gene309,-0.361056777103561,0.777177458256206,0.248973020243725,-0.534494983325289,-0.372281870138161,-0.335195122037923,0.102565939421692,-0.0616242523645806,-0.472152181013936,0.510462856877249,-0.646824138535916,0.939484152258994,1.04835455944968,1.83070120983192,-0.984674462442536,1.09683215138259,-0.698049654388868,-0.405671920829876,0.0771957078317319,-0.070908273269567,1.8162558799475,-0.0144156753087641,-1.13982413596053,-1.82279137260117,1.68337720216833,0.799257353823303,0.0124341037046086,-1.01631079352558,-0.518914240877249,1.301831724175,-1.34851937482487,0.105576617655531,0.251986889863257,1.8664195925753,0.67287571303555,0.357246089130219,-0.725380367824022,-1.07145538422689,0.563528192271784,1.36830187158165,0.414959132061349,-0.203503757866813
gene310,-0.918240195562075,-0.409859823610844,0.318797468338316,1.21063649078527,0.522523793838641,1.12687996877377,0.147342225612426,-0.0550628300677949,-0.196423463198319,0.514559463676012,0.860067213782847,-0.398140712888917,-1.43148823352754,0.607045361777284,0.844728717326221,-0.853097034840237,-0.297294162463722,0.139007337757428,0.0240906002165265,0.277025149921118,-1.44429847281021,0.0068428391129072,-0.449000311212196,-0.0414757723909521,0.67378014620821,1.60870383759431,-0.0488907413952076,0.884729174911336,0.0237851143639558,-0.175648148819995,1.29825613133407,0.831043294089341,-0.289434901575923,-0.518239007366363,0.111175244001942,-0.373446462754975,-0.0165184372783663,0.0528759937582832,0.367657485170463,0.310674418618439,0.655125172207952,0.246889012118972
gene311,1.04101174908492,-0.998559153988629,-0.417775045877818,0.856633693197031,-0.203962313647492,1.22584307499659,0.0483192743394189,0.237833442141385,-0.226335477454905,0.377134353687211,0.506214435561059,0.608339685883947,1.08049579356764,0.131647377977622,0.935089131565295,0.461882468967384,0.0331221836178022,1.33097200464364,-0.0420610681719895,-0.712888935329131,0.136449497308116,0.430202060019654,1.409858207513,-0.185621357382733,1.23076348286705,0.142566332734664,0.382956603750008,0.662440819247157,-0.171481929537077,0.522825442272588,0.125530372733987,0.34994273313765,0.0601325318620012,-1.45094208474467,0.286430445429898,-0.659121664163658,0.961432223992248,-0.0603665005058528,-0.240130257717662,0.80625261019723,0.326966375220643,1.0742138602387
gene312,1.05660063075677,-0.135441215577618,-0.747954978683046,-0.757700353748407,0.0916026382569695,1.35233134894142,0.338248406580187,-0.354842401950984,-0.97938102639999,-0.0054013332300564,2.37671994394862,0.313378529047883,-1.54367502369168,-0.74622880834026,-0.598492605361787,0.502961394852729,1.54850279909761,-1.2238928559364,-0.313777285562882,0.939482891752484,0.389294441884827,0.888714628324016,-0.093285464622839,-1.24419348690585,0.203763102301443,0.431479253224676,-0.484957473554311,-0.517332791849385,-0.188400108061403,0.782805987763032,0.223856684620705,0.668362642850381,-0.104939334253413,0.26518236644496,-0.319045214826435,0.438617236703248,0.622681991826506,-1.03300468435044,0.783803880023141,-0.959564202993647,0.9970010355259,-0.243142735113894
gene313,0.536565190941556,0.620157930513777,0.0068181413795325,0.294429456145146,0.699910382561986,-0.1176525319566,0.053640265896755,-0.711127177641548,0.440367305362265,-2.28502014185712,1.76936279743927,-1.11872431389226,-0.262347896829536,0.809582325877091,0.310468015302084,0.307175825948196,-0.023021515195281,-0.358971604809948,0.44330147046086,-0.0813062571243202,-0.383679854500713,0.507033381892913,0.075407078573264,0.271666675464568,-0.0490387682195779,1.84985587415829,-2.09609491947469,-0.161570359207823,0.253220764229585,-0.206225360542514,-0.994839814719591,1.10068127179585,-0.538652380345126,0.125816783806451,-0.520642503921406,-0.467965507927436,1.07118928171894,-0.426975612548426,0.48382019750952,0.0966493208679456,0.581105851851977,-0.493727378404477
gene314,0.99064091689109,0.150398633418491,-0.0210765599192805,-0.326321366777888,-0.284444919737377,0.1853298812484,-0.292032469222393,-0.816058302873818,0.28654678936293,0.25497469063034,0.0624680766195201,-0.340922617907159,-0.919227169529056,0.039703278972388,-0.281416436681638,0.334277037023299,-0.423126462792238,0.166621044208071,-0.0782594134589195,0.752371965105754,-0.267050687995589,-0.426729835970988,-0.828780994417487,0.172994888087906,-0.293245630632149,0.388439497712035,-0.477811786432995,-1.38894653122089,-0.423059291020548,0.542597691558581,-1.04855935729683,0.268726087365815,1.34110178180183,-1.02713834849576,-0.186428938831117,0.253730251615013,0.134883001655299,-1.25167873943259,-0.693098471376034,1.58506113393635,1.23073658269704,0.799433063352548
gene315,-0.0243987869974295,0.015240030903071,-0.885781880658791,0.247060826703417,-1.17608689550419,-1.30277408449447,-0.524720674767152,-0.806437911859177,-0.366506743055307,1.31097597831388,0.0905454673794916,0.224380854539742,0.863309573859735,0.0281969929891815,0.469304645155435,-0.760535682404106,-1.18124233428391,0.0027544380678378,0.606954320104291,-0.113396419143223,-0.333646240343255,-0.723823672770192,1.2198860031321,0.975572691588337,-0.277586651793333,-0.426713755671922,1.89329567748815,-0.182915023824674,-2.16205276439633,0.580375116868102,-0.612859510168043,0.122316346136072,0.590138139246301,-0.388121271662693,1.36297587219997,0.355644337695065,-0.113267276416516,0.733942384794848,-0.0051453259034081,1.60310554587666,0.484251345430969,-0.142030983134892
gene316,-0.32838892956298,-0.0745926276180567,0.0335759049445424,1.16111307873213,-0.0506202543989944,-0.273162064806627,-0.11603740745421,0.274860107131531,-0.229192639046338,-0.0242409975742537,-1.16322667369981,0.996599251532489,-0.26769660576153,0.635734682841492,0.50476957074657,-0.294995985425073,-0.387663815386895,-0.233837199721169,0.433656122713169,0.917737128168624,-1.59857694622059,0.0824570988646375,0.460377955904314,-0.0430160522148152,0.437591206836532,-0.333601611239922,0.0741887865267951,0.216699488429234,-0.471761110654607,0.710194189637829,-1.84589252651131,-0.0911637345813171,-1.33281703603727,-1.48153932689128,-1.0381467177672,-1.78612758877636,0.580417708825577,-0.874095252296715,-0.106185046377182,1.45240990494294,-0.202080681060949,0.0765299163128146
gene317,-0.677088645412862,-0.423260830326918,-0.0626542154067363,0.852597584993353,-0.463844161756083,-0.189529835949104,-1.26152447398586,0.178639663085994,-0.405231979752348,-0.398624815395464,0.263124276647577,2.76626016151652,-0.393298985685743,0.425286228315566,-0.813792473532619,0.341465663928424,0.309158025270266,-0.981196436433751,0.441519045638514,0.478474444269244,0.403396229736115,-0.249845720749575,0.23506378758463,0.305910647286306,0.140461251158376,0.852881580538085,0.612753255730856,0.954528396178464,1.49866193130952,-0.761840811670118,-0.306890997490185,-0.396065704844659,0.441011202115079,-0.0377860482309947,0.476602591484862,-1.1682181788267,1.19485557124755,-1.21844330641378,1.44128172641505,0.914661015157395,0.0755687293923205,0.147715073832148
gene318,-0.464879868404551,-0.961565627361239,0.195171064929048,0.0747877128578041,-0.635541812187846,-2.01078667597953,-0.375865182969997,-0.0457933869166677,-0.408367649858891,0.324002221501342,0.424598571813341,-1.40159330973926,0.822041640291495,-0.656471395182649,-0.292633770827027,-0.306789610086138,-0.729101785482584,0.137391062752537,0.392764596734802,-0.288575242560443,0.13623758084523,0.0102090035019101,-0.048819805192139,0.0290640939044225,0.043875400203417,-0.354333016294464,1.04719734859129,-1.06789386193915,-0.944414688343714,0.125918810670112,1.17881274543972,0.715608888687124,-1.09038964742165,-0.497169554672641,-1.56853058278437,1.41842023497141,1.05384238239187,-0.546462640198369,1.25829866531618,-0.305292006326493,-0.64352209675041,-0.465651337134618
gene319,0.560334586621114,-0.783479951228119,-1.97072031329677,0.143768023720356,-0.138921090355523,0.954710497019635,-0.691634142768139,-1.03669936611256,0.292985673963625,0.626474814337806,-0.763291121822619,-0.239871501477753,-0.695413157714664,-0.953352705741748,0.302089570275535,0.158281872931864,0.909232362930588,-0.052495102001014,-0.308760720493386,0.321832762991587,0.717529083465096,-0.689115831339661,0.85547231112266,0.513031525057088,1.26666427605673,1.66979825083298,-0.0579749787291062,-0.564024347393607,1.07964153078827,0.256951513354442,0.401956566699226,0.409939499877257,0.48624722102736,-0.420079524134664,-0.4274156321777,-0.821380577389633,0.518123751628248,-0.0864659878668238,0.162350150242017,0.417165885835066,-1.13584602234061,0.290722786778563
gene320,-0.328149444371536,0.627026451727843,0.319055003732618,0.0045445385140654,0.156546709194897,0.242663044803442,0.603787103555874,-1.00819504947429,0.0851658444867828,0.080437998130638,-0.0416177271403952,-1.13683564213595,-1.20988917573809,0.565131973703948,1.72643024630032,-0.955657849687643,-0.464423189826735,-0.432416293857555,0.364516078816132,-0.742827084067557,1.43656498879835,-0.615009224456342,-0.0303936515855254,-0.0339610214301677,1.46168229138165,-0.870948400700925,0.365313236320663,-1.39164832591386,0.589357965490694,-1.14957503391905,0.356446111331361,0.810878538326862,0.138533800349874,0.0798345570982712,-0.432930613588975,-0.0433308818553516,-1.36448127436613,0.748747105762248,0.787717423870998,-0.509031061212717,0.589669468060003,0.623961052862041
gene321,-0.0160922635669105,-0.0083604689827145,0.174908665489224,0.0179277153363393,-0.8040219258828,-0.799616011748576,-0.620760120136056,-0.200644175091379,0.630973433079234,0.712482257489187,1.01548497842434,0.504086213180364,1.61924635907109,-1.28451041047504,1.28753353783055,0.268235970710447,-1.53514140072434,0.731121600518442,-0.822796142047977,0.056686163349127,0.639338338187342,-0.266758285822017,0.146062329806801,-0.123112422987622,0.246884318917716,-0.73472493670823,-0.339096570711095,-1.0771172685692,0.730089067881897,-0.240357311278076,0.640008102355608,0.0954658004108611,1.1319514437524,-1.08439683402969,0.309875303947731,1.18538834816703,0.0587078429608259,0.549239349165862,1.69838084428034,0.0788248519639476,0.759039737575954,0.507402678633136
gene322,0.249122862326923,-0.0596913464284271,-0.0468172357975666,-0.489393904855053,0.111592164687323,-0.203088728877566,0.794451120760508,-1.23053528908321,-0.0252921092609502,-0.0252932695672581,-0.571287525657196,0.122811083427712,-0.235561682208887,-0.259865334539016,-0.107727241909357,0.71394604445003,-0.844966135221362,0.232003924597344,-0.214310659967744,-0.476410004153836,-0.896371443193978,0.454790327513184,-0.551058389416396,1.62093202312142,0.182664068925732,-1.16875436476268,-0.416797073557961,-0.177622855621042,1.09511014610295,0.0897129271800259,-0.214675370886407,0.626928773741784,-0.410803741615679,0.765140996652982,-2.12623086733938,2.2699995526143,-1.32182549382729,0.889533277695721,-0.0072503811645867,-0.914946301149717,-0.121743391265138,-1.0404548583733
gene323,0.587081586240346,-1.1127629834216,-2.12423611714884,0.577554460808624,-0.294911592162037,-0.156180843325661,-1.10012794920595,1.3902119625488,0.0353849979743441,-0.009726779845615,-1.89564289944982,-1.0037158388573,0.284692177372974,1.34288222818492,0.988786292863803,0.219803698390998,-0.203591469139368,-1.55560248058448,0.942769814740365,0.614452888880078,0.841201907632305,-1.35377560305845,0.198669927636132,-0.627777684319194,0.826221810244628,-0.157520501421514,0.433190314643966,-0.386796108671469,-0.196342452386438,-0.321698465452836,0.914430364842884,0.370458364116145,-0.213429635510118,-0.160244883985956,0.687091148763308,0.91317974654502,-1.1216139177739,1.07635610074194,0.888478512996464,-0.260065120196425,1.43667156617332,1.28663060210504
gene324,-0.168831146262731,-0.89881127890468,-0.205960570505077,0.235501269339265,-0.558517282703036,0.203368375255949,0.0342217820395402,0.653832399217671,0.578496065867871,1.34818740654079,0.435062885971011,1.32320265551035,-1.11170597486163,0.533122449027731,0.678855462129776,0.0135147940680957,-0.304380503199603,-0.123666001941574,-0.638948048825715,0.0695741841218439,-0.0343838589039292,-0.611311494283441,-0.158251350824118,0.417066179957118,0.349374222419724,-0.770877840759487,-1.27282690474842,-0.309148893301324,0.64865985287147,-0.0847607669529331,0.505182594509363,0.3807704606683,0.258928527672653,0.123984267371147,-0.611267195435448,-0.317461091225464,0.610636552372769,-1.0418810367223,0.4062571102288,0.410800672782979,-0.441224108003371,0.567711352018739
gene325,-1.15845247453837,-0.527121925855566,0.873951109607353,0.127377836513044,0.270019915179482,0.946655461975108,0.983171242389333,0.662985762824561,-0.100741858114614,0.773655376560033,0.80601852711989,-0.33166224355792,0.039573564276544,-1.5585016169259,-0.906117517002185,0.720957753839546,0.691949154532373,-1.51033171281349,-0.3921083704679,-0.960512014179446,0.692584055544918,-0.274356628153319,0.679863766586167,0.161383398848024,-1.17622429660441,-0.678047596248044,-0.0509463954780155,-0.368472853860543,0.957809979867293,2.12955506197447,1.57492728806857,0.419617681179041,0.590640064276079,0.13310841123224,-0.604591687778489,1.30342653928192,-0.452304924486696,-0.281770303879283,0.848599384103783,0.11407442886093,0.15365080936538,-0.424217783463464
gene326,0.875826812455272,-0.263663473500474,0.294561413336313,-0.797261277972369,-0.274046480037577,-0.0781883102291193,-0.29444087188379,1.28239973110635,-0.707121413802865,-0.599023229292601,0.208084981768767,0.841806313563944,0.334899101149192,0.929443507793892,0.0927916059980783,-0.35448525491763,0.138784971866056,0.740911012876639,0.0983246087586997,0.732315530725513,-0.085811716408785,-1.16201877195123,0.546187167430593,0.0063014942671618,-0.537478854613658,-0.413547267988588,-0.0800540061521929,0.343802931281273,-0.996121273682666,-0.361525408328725,0.0402919615521216,1.4990970047104,-1.80146438056124,-0.257176202770676,0.154860229696949,-1.22961111041312,-0.322862711631133,-0.898052090107504,0.625527292327876,-0.384314486261847,-0.736232282758306,-0.625887705644173
gene327,0.701948169326562,0.605659687577767,0.137428069707523,0.299883411316207,-0.767607338099086,0.699539919344497,-1.00766873407548,-0.0043809883416235,-1.19123517480406,0.365770295912621,-0.31805273833494,-0.831580043025512,0.119387034747693,-2.33183851419747,-0.461304506431711,0.312008775744824,-0.154211672908987,-1.36504433533966,-0.419560375277298,-0.397128803617242,-0.977790810329427,-0.0767311393975896,0.273780799532891,-2.09940688972131,-1.14720306276724,-1.02172808114382,-0.598746628503805,-2.19463625574636,-0.401140912719306,-0.121169286028476,1.01805956208353,0.0126545817347513,-0.0149403719127523,-0.229728613398975,-0.255334875143163,0.0562732715906116,1.20219177529058,-0.194831916801377,0.811713576044308,0.431672437551069,0.714547361266924,-0.288357882007573
gene328,-1.42322310024855,0.818982375642252,0.740291546229977,0.0081884139034418,-0.278533078373498,-1.33284989321337,0.955083699336125,-0.215358261033276,0.0221569947950751,1.07372488896275,0.63469666210577,0.244859408673935,-1.54174137926661,-0.660387833272321,0.247304053794817,0.396980430756672,0.271533047448387,0.269249871750301,0.763684088154672,0.467164123563921,0.720147942269825,-0.0044833824770628,-0.117025508385396,-0.497582845518623,0.771361049882117,1.29414445375503,-0.419019263217425,0.686154081463288,0.0691823641704387,0.141220003790601,-1.42324659133096,-0.18381036102519,0.220812741106137,-0.101049190734312,-0.685720991535005,1.5696274505063,0.007931024667577,-0.256097956404101,0.380887965038598,0.175534636556175,-0.283679466181882,0.38022025030482
gene329,0.618611026699325,-0.48553529948197,1.06201725229557,0.47943651121003,-0.124207613937518,-0.195304665643672,1.03288544251414,-0.0839327115602557,-0.159787424289123,-0.340322248667658,-1.19155889166788,-0.0781307371272935,0.356635798236773,-0.414370544967827,1.45751245089657,-0.532170267218725,-0.716148153028834,0.679328149033949,0.112425027060294,-0.811501302804922,-0.697665990126993,-0.798878058800602,0.837584248662853,-0.291161903182353,-0.625312189382555,-1.72785095306694,0.0058736706536461,0.108639979470416,-1.03184780251678,0.371900940622567,0.228641407995834,1.17813386555849,0.677344258990501,-0.383441757279502,-1.591047492698,1.88999456786492,1.32789416981302,-0.791582404293201,1.07331936525811,0.855758825037968,-1.66475415118014,0.542120118523385
gene330,-0.134371744981897,-0.11669672895552,0.124615157751923,1.21204977674019,-0.305686895349888,0.877419456490769,0.0499587185586712,0.0276000141173206,-1.11920190671549,-0.543020664709052,-0.257326991431793,-0.398382453761689,0.508922803586035,-0.147592735029816,0.0781579054671817,0.541182877178037,-0.867926043822584,0.29297660810191,-0.521866030821484,-0.559071976574337,0.93382259260643,0.363565618049405,-0.483859554706545,-0.576373333423097,-0.655640390743223,0.849935767740973,-1.36077408226498,0.580962018465703,1.73718551236136,-0.881418187290364,-0.801936104485519,0.706925162488786,-0.48619695008501,-0.530103699963184,0.675464919794327,0.35289969263209,1.27189479603473,0.478301122979842,0.268237089901357,-0.00958522566654,-0.476185496137467,0.497370689357014
gene331,0.35931124135243,1.29482585220717,0.982808073531828,-0.745522150241062,0.443425810794775,0.257748904400385,-0.0268977667818809,-0.244873754077056,-0.276880043847566,-0.0241090559425208,-0.941176442723536,0.600903770847507,1.45532820541948,-0.154006947353323,1.77203823823058,1.90731565883243,0.707028021988721,-0.161244015653857,-0.508623829690947,-0.713939287879765,-0.79419007458296,0.294510326013033,0.367393548867596,0.164746932692464,0.655817531753909,0.066775653556409,-0.773054588783651,0.770303858310867,1.35037993070639,0.742077100446236,-0.931657478558387,0.358214139596503,1.30503838702832,-1.09617465983305,0.480065991783289,-0.139330237523998,0.176526141425592,0.155943732347213,-0.177457371151912,0.822377496048021,0.166727335137617,0.612618441517325
gene332,0.380736169303559,1.53485938149701,1.33142144229455,0.901183130342629,-0.002127088918266,0.144390337932906,0.0587513498280383,-0.558868528523292,-1.03143240124494,-0.42916363740159,0.110511107609214,1.71334257211319,1.90688223465463,1.45484096854768,-0.509214008897271,-0.0587674884433929,0.437033209015939,0.345031315664524,-0.606526400385094,0.21788048736721,-0.805673595783436,0.376016246040319,1.60867010095433,-0.392820057711249,-0.357090791272865,-1.65490604157866,-0.0890769834331338,-0.347261492000749,0.814234015840122,-0.576228156784963,0.164383337350678,0.320606407468472,-1.09397748206133,-0.0538003369133966,-0.717360923701687,-0.666377579981539,-0.390124206470592,0.834973254796775,-0.120438719962641,-0.84028636273325,0.0751680404133634,-0.786065483179807
gene333,0.310999695351396,-0.606425941855326,-0.888096473556784,0.903143902554516,-0.413013015945992,0.411431707351801,1.88386512154166,-0.472525230171953,0.416118819382105,-0.921223448901681,1.40474115330569,-0.0501898499732962,-0.482282254840922,-0.874113388494945,-0.0007270036263709,0.376796106516935,-0.578029450714126,-0.719564245923816,-0.434272813791179,0.0607804458551037,0.390733962894557,0.444536717013695,1.2439426083709,1.18575100651741,-0.992748729165807,0.717156763070143,-0.793168549934791,0.123495236267534,-0.34577728659737,1.18176842216478,0.754324211144847,0.108105088870341,0.119540093846825,-0.0736054451652614,0.472586668452095,-0.892879957362829,-0.0253658388545582,-0.29425840168598,0.584552993029254,-0.3269875765411,0.0186892025204964,1.18371612964256
gene334,-0.157974554889194,-0.606059505236874,0.259673450413802,0.0742166336526239,0.0089318170415782,-0.633866921313854,1.63603439685161,-0.891275205706224,0.743155905902966,1.11850171753525,-0.566782114476277,0.666086441411593,0.294242161720509,0.59776172623472,-0.215849628579795,-1.16826475494156,-0.469324019946947,0.699685012602349,-0.0156312452674872,-0.662883527104471,0.527591110628516,0.277135860122392,-0.367298925880328,-0.621325157702509,-0.711163684094758,-0.225520061129358,-0.241809807710101,1.30124365822546,-0.720631561219019,0.0071898910333644,-0.160050876222814,0.909310841381658,-0.638831814261303,-0.26545490685223,-0.266654899719113,-0.418875635022061,-3.27478570449097,-0.141149604293161,1.77686435769371,0.310449071265632,0.857644309534828,0.363825367075415
gene335,0.0613812499775274,-1.64533246208623,-0.543471138761362,1.64602210595182,-1.5334504430858,-1.10462878826932,0.714612088477252,-0.740388862638245,1.92742961577828,0.542563753703835,-0.387092641306313,-0.406695840613532,-0.546342331709608,-0.249970098889721,-0.0483428975524304,-0.636021878529588,1.04674956151956,0.491396558305866,0.977689882819133,-0.459650514110997,-0.753851592781792,-0.0511360265512613,1.89572238832981,-1.11752360836362,0.0988457712385297,-1.63594346567776,0.270046363428486,-0.481031878729927,0.945236149175604,-0.267478743147579,0.300594283842825,0.615825960528944,1.39978294627133,-0.351473152214163,1.4829403586787,0.47510541338113,1.26199964917349,-0.0455478250672765,-0.681191433927753,-0.73884289896998,-0.993501399558548,-0.380397815251857
gene336,0.112900200563513,-0.779780516601275,-0.983402199778503,-0.371081837605005,1.51997186361407,-1.49354229087362,-3.11063084357783,0.254978956830253,0.678957770181271,-0.489878311148283,-0.586888483366105,0.344499345342256,0.46699874844704,-0.620692909797001,0.503026766026198,1.18758814136534,-1.21186525532592,0.0054831239277382,0.26913400126675,0.862150209323943,0.615605009501806,-0.152871769959668,-0.315411258554129,1.17968976701807,-0.174190717096932,0.024367791534436,0.590072744919334,0.213164932997509,0.195313639180677,0.492621551415877,0.943477981201433,0.0304441581406315,-0.103647723591902,0.279759445119342,-0.228562523685934,0.829208007847141,0.0521540282394356,-1.73543111578343,-0.0445564463266332,1.00811217119909,-0.014282429129323,-0.442458263280845
gene337,-0.732419305686029,-0.0394305223195345,-0.475691500916566,1.98830764256988,0.347543314759529,-1.94780503690166,-0.340631830408517,-0.219645845714263,1.09964556459643,0.14713751712982,-0.627326986293832,1.07308889715621,-0.073048076646367,0.474865849372167,0.0620937760779352,0.314435234159657,0.930360737786957,-0.836003905140953,0.481942561047252,0.287736701343492,-0.375964481873572,0.271059800519177,0.552329056346102,0.809311366150723,-1.21172632822907,-0.0916808363979599,0.297503080209725,-0.458740161999805,2.86640222809203,-1.49392643531708,0.130256241002691,-0.112662227039226,1.07154199992689,0.410484441940276,0.598040640659055,0.123148952432111,0.918116898236896,-0.249293490978776,0.325281961377026,-1.18446398643912,-0.194747622288413,-0.763844998135477
gene338,-0.192584644683803,0.783338278394982,-0.0993802992793691,-0.0661891360081771,-0.0982482124991148,-0.843282515935483,-0.480899357085308,0.154484140689278,-1.74475072119536,0.541311352461067,-0.139069301891863,-0.0150313889691617,1.03883549094066,0.373084460296146,-0.78439081191807,-0.335603949416686,-0.100880434801843,0.201540429486043,1.13370666186891,-0.358190758903618,-1.17399177292471,-0.0144783852985,-1.03615032830704,0.423190486168014,-0.337482894016416,-0.0302682070992972,-0.138902395902344,-0.530832026695772,-0.457314024442619,0.503437504041585,0.516781207265597,0.695480006058481,0.419404713427529,0.117565114693172,-0.562156186744784,1.28471828513056,-0.997692920660324,-0.594696781658613,0.784319040297638,-0.448675348131881,0.288609371348279,-0.401794070628847
gene339,1.28574968347932,0.598177408419672,-0.217704225269169,-0.889610239288065,-1.2569645624118,1.84532347331142,-0.783555066183695,0.0403149308758229,-0.699887948440047,0.841320934510142,-0.182452548043719,-0.732430885677899,0.0350016676688199,-0.892994300666058,-0.485449376779949,0.320270801789429,-0.348297540163116,-0.238202053085824,-0.0311488250651628,-0.725469636998398,-0.537172816437951,0.437098386018519,-0.226980324455138,0.187303783004716,1.04871923362354,-1.20277720925335,-1.32702539080759,0.809638622128073,0.201002490472789,0.123228162365402,0.234970740015247,-0.119380844687407,1.48675687869316,-0.106089927110775,0.753928464365123,-0.169179438030803,-0.764911873671967,0.109287923463167,0.126116213486633,1.01720365089405,-0.471475877564909,0.563719491891794
gene340,1.01954350968745,-1.13988130681807,-0.463796985556835,1.192639574853,-0.69489470253828,0.806625738162406,-0.836724402305513,-0.184624292541228,-0.529708914110566,2.21469754938695,-0.68850527801125,-1.11995027419716,0.181401376475242,-0.568740373621611,-0.0386370334651107,0.477078410331502,-0.192638255945215,-0.218050237502718,0.896675488056769,0.996421354469581,-0.105088901253033,-0.384680482291587,0.255688140742603,1.58135519879788,-0.428050404110501,-0.159792362985051,0.206608163775002,1.27108917296976,0.190313134753249,0.281732133070753,-0.412813201672576,-0.231434731953203,0.885044132437876,-0.232362821234458,0.676068015990656,-0.259307997173387,0.72110717617928,0.534382561613466,-0.771588576919209,-0.353572968197161,-0.489504564404861,0.68313116129088
gene341,-0.803272259881217,0.589663876965463,-0.0035790555724698,0.76512582266436,-0.205431069626323,0.245433792163702,2.73529779061939,-0.807735367505261,0.180776197498849,-0.276799219037553,-0.69957996133642,0.941474046298135,0.0059585518293397,0.841662894966597,-0.136514778824221,-0.238669712845172,0.767456167164238,-0.258184893953944,0.130310118316434,-0.925302661345767,-0.90456681619945,-0.422791916867407,-1.70509514425865,0.458613733707567,-1.02485735390991,-0.159683948884352,1.70046610927476,0.836126084977768,0.225118807838637,-0.120327658001725,1.86369218210539,1.25681294003084,-0.617879611607787,-0.296574898235666,-0.623373654649602,-0.356619394961692,0.36344830307921,-1.2765139717771,0.40985405935813,1.32349753269663,-0.0263855599801001,-0.128211877024473
gene342,-2.27558218723926,-0.677454175238869,-0.110702634964941,-1.03432032336109,-0.572636257457216,0.45787150616008,-0.580456084886535,-0.32347370948139,-1.34149968001918,0.172444471642379,-0.128295288106907,0.618560925440575,0.131327801467154,-0.39159492957932,0.67411489332183,0.421168010871291,0.425951401761534,-0.237076846705119,1.29542161207128,-0.0808742672609099,0.998541161736717,0.369067203182577,-0.0659975247926502,-0.351346956546818,-0.752858176467984,1.08386246291759,-0.224280815494823,0.176130237357797,1.37339167899595,1.27161296165133,-0.614905214787371,-0.156240853335565,-1.17825608439284,-0.745962317282221,1.08790514804483,0.331188195013618,-0.218339733128862,1.05640431468656,-0.498803615251511,-1.64083198620069,-0.284247708694565,0.432156180611068
gene343,0.806181761163536,-2.4136079013612,-1.82387511418892,-0.113156943749217,0.799243561939938,0.231727359531349,-0.478934699829827,-0.355851555008352,0.355721201412616,-0.461728917264835,-0.634527872045488,1.31726525360452,0.48002884179664,-1.61113204540453,0.153170094185553,-0.930391247038241,1.04381558660047,-0.0036870582594202,0.456296790915761,-0.848320793607084,-0.686979560865121,-0.131426480562539,0.735131694086626,-0.960931822605375,-0.372302001732001,0.247144600012759,0.146679018758463,-0.261386011277445,1.0136120096005,-0.212278574659824,-0.434665896943771,0.0035428267903097,-0.887007513384935,1.07788578305088,0.584196593364279,-0.397994126784484,1.56878683519152,0.809456007251157,0.968288103730074,-0.72765627527082,0.399525586643653,0.335299887717487
gene344,-1.487498676945,1.51284412954264,-0.786950651427018,-0.631196758490344,-0.750943742866203,-1.08540843469153,1.05802257110294,-1.44467694744654,-0.264151982669345,-0.495259632032136,-0.274460871093663,0.445271524378282,-0.314878416657986,-0.783251113252956,-0.0695441703194889,-0.357707945343433,1.30936115876287,-0.379569938845675,1.02447399112609,0.180550985704992,0.408286695913305,0.258245883198225,-0.846838917868009,0.787239020967677,-0.229379904837707,0.0028029108935159,0.577525588200459,-0.148124854881737,-1.0798464106179,0.524680854792508,0.77266940479589,0.312841986065832,0.635926295186806,-0.390964520970592,-0.650904951249311,-0.896081776128973,-0.0569691486479833,-0.750705227539072,-0.608099748339553,-0.836781946170809,-0.0324338473863667,0.583347972186103
gene345,-0.24687085207473,1.09494826742845,0.0368401329235882,1.20312509773557,0.0954367197687512,0.554067837918549,-0.348864297893646,-0.390969819872914,0.061841240662201,1.53670444859459,-0.0536684959451779,-1.56211299719373,-0.465757240772186,-0.0848040431181173,-1.72706261138127,-0.671709290342363,0.594585037437576,1.57138976782282,-1.05660405456354,1.0769278767399,0.147208470809097,-0.392790084249837,0.717725107174163,0.838787551848041,0.587589656354687,0.705767432239032,-0.74316441459372,0.335370940440019,-0.0898793668021918,0.269470372260926,-0.582553135577657,0.978006424654135,-1.16081188263367,0.0791503432318202,0.20761820571403,0.200411552979558,-0.297834115520702,0.0721486589102977,-0.847730344677518,-0.365604006907366,-1.31648717661963,0.782243038632007
gene346,0.186297142257552,-0.33103540985881,-0.0394276620266256,-0.33116761986974,1.04797217022861,-0.0707937573886388,-0.144118078448312,0.146933297381941,-0.355763367156313,-0.108755617043263,-0.589182653697919,-1.43494221834803,-0.228407508942531,-0.765338142718454,0.108293410248325,0.310751754844636,-0.197999759912613,0.38047898512539,1.01714035715794,1.15346772700826,-0.0163032832323167,-0.0830455693676756,0.533079159601519,0.601992716664251,-2.01652894517763,0.455499596673755,0.101157362315648,-0.817135618431913,-0.896395730584475,0.211006113811316,1.97076426362664,-0.512948469369421,-0.783759416039014,0.0529341056345234,-0.924745924161156,0.61631520926468,0.163308030830361,0.0718008741003114,0.498956725284245,-0.375907215135696,-0.413285501109703,-0.250007192457844
gene347,0.813817932672662,-0.0677882231130048,-0.27239273297819,0.664161063583694,0.592179093778143,0.451192322883832,0.228936749221085,-0.0403688385348653,0.652382972051414,-0.0466312444450779,0.490146524044758,-0.242380896891925,-0.238877285261984,-1.27435550830084,0.84274718931218,-0.288077313361513,-0.961107967319794,0.839184561333573,-0.84837300037836,0.48414079074084,-0.226170481263225,1.17108812461926,-0.389713360979125,-0.451753371331902,-0.312986666571526,0.163653507945112,0.119806729385535,-0.588439214254664,-0.109312347272023,0.569399336099996,0.0698505367373546,0.0448411197874424,0.257744386898057,-0.330011607099973,-0.64487615082141,0.781903290745959,1.6942669488098,2.23813641525076,0.314858320201003,0.33171093985085,0.856649005499262,0.448109642375385
gene348,0.0852126803578947,-0.0479830031020174,-1.86232345870711,1.5711774741153,-0.224143419476533,-0.234148910909065,1.24026937884821,0.0389426777557191,0.947830615161643,-0.261238244945139,0.126386677934125,-0.961813558993596,0.258088466941557,0.342013058877809,0.936537042135899,-0.283292112470059,-0.624702574900102,-0.245949880608239,-0.242505756809508,0.569728354891099,-0.608177063073085,-0.436627507211782,-0.434550320959757,0.587078001871148,-0.308828793390107,-1.76499614958618,0.355637194809462,-0.714804544835827,0.775266502902276,-0.0427419934281576,0.032099339300908,0.473164382102349,0.140916750730982,-0.243830450522537,0.358421944774865,-0.589165127856482,-0.0768303412400636,0.73307383750921,-0.493592360176785,-0.117185284230063,0.167507014707531,1.20682259415636
gene349,0.294928780454207,0.870851797024627,0.837240183146216,-1.42171093468669,0.851352872133107,0.287574683401997,-0.625396482219623,-0.129934746159548,0.58049312306354,-1.3059839361955,0.188376135158017,0.416992626835206,-0.132010988922665,-0.620774116875666,-0.496957558066996,0.444482967481841,-0.566012270924142,0.0756342942193959,0.594398151453517,-1.09900418127422,1.59385114646583,-0.492960678123374,-0.0064894630675998,-0.311319444122594,0.597674878199835,-1.4816529585534,-0.543374440119093,0.100905798829496,-0.0595792826604625,0.618480916796519,-0.869537689583991,-0.357431572812402,1.10117165456422,-0.932563850102207,-0.217804964616436,0.593325584087844,-2.0669418545048,0.233927313111097,0.158009930575426,-0.793034772080601,-1.52098394106614,0.783315601085884
gene350,0.549710305245961,-0.569276809915711,-0.0024891504051669,0.482638763024208,-0.379981766082712,0.0841216704094369,0.585466181131939,1.4916003416631,1.52753410969887,-0.0059006216975971,-0.407368977532852,-0.54971445211198,-0.0121395415957949,0.0667840334588338,0.020378694102062,0.487586638658685,0.619977882599277,0.48471328073239,-1.86515469414459,-0.166851106706582,1.10236505650365,0.0231895935408071,0.813197066824141,-0.18262423529028,-0.767822407559027,-1.13761224482984,1.28763578036331,-0.112680087754126,0.859724452826737,-0.517097735241783,-0.968399290811153,0.778834687677892,-0.91052675900402,0.0259653877488804,0.577586992066974,-0.253159792233745,-1.3050072426121,-0.181764052371945,-0.946402451836497,0.670044079767757,-0.0253560635818878,0.643728237677404
gene351,0.745123466196761,-0.378019251297298,-0.584968375275448,0.68867632988793,0.599329050025997,-0.226624500377052,-0.120590266497775,1.18049715188518,-0.79415003135152,0.511065647408243,-0.818834710708392,-0.0820688710983535,0.614608743331957,-0.157670461908553,-0.850745683508349,-0.481251049556946,0.0436385795877427,-0.548635397504077,0.454644897079286,0.309524189127722,0.503337354333552,0.855944684543442,-0.793127524967191,-0.454593099122591,-0.466805145363138,-2.69226213771415,-0.0986948530188055,-1.4598458883564,0.494036188542903,0.247918517771024,-0.0559680402103521,0.340312936586633,1.82204874125007,0.114445184096706,-2.42793011418665,0.824934077373037,0.0325929126126325,0.811725738646382,0.331779664053427,-0.476893156282637,0.300676362559285,0.0349701704424863
gene352,-0.234165116007642,0.413757056476442,-0.621531777089485,0.627990898847569,-0.0765100503320904,1.11945380896854,-0.141924870072527,-0.145976905056202,-1.40138662891893,0.209883114890846,-0.0175560952508901,0.822281932170053,-0.13929604346887,-0.550782347279395,-0.501283274646758,0.0710443294490004,0.200059861065875,-0.165803964475117,0.223512904522073,-1.04005873262422,-0.521741497160621,-0.403495919977792,-0.755647066476957,-0.0761608416865474,-1.25866115199917,-1.47904444575172,0.478807861522461,0.941121401346686,-0.695722399768054,-0.158402553207124,-0.991044903678085,-1.64123943236589,0.602152275089708,-0.633445102289755,-0.0686333667865742,-0.0771403261377203,1.11374957024276,0.234620003135241,-1.50787143595306,0.264783502176745,0.567285700861373,0.278861635080394
gene353,-0.454192664911744,0.729655008980556,-0.671567681055678,0.430956886779533,1.04520916883642,0.275289105352978,1.92299956502236,0.971768702523231,-0.686843755723373,0.102000001089145,0.862108164779845,-0.0905956265732976,0.513701994948831,-0.377992222858107,0.876579877316089,-0.0543715801076281,0.420035679931295,-0.105020525934145,-0.141194628647928,-0.582943482152736,0.0131097189215874,-0.359502167811116,-1.53445878055146,-0.334399700924588,-0.862049387137194,0.328414107189357,1.46862751573059,0.773931194637365,-0.183152823944853,0.462837391488043,0.0196776710062927,-0.0128793946324467,0.564512367446229,-0.0875935601308468,-0.498788476214801,-0.261098056543285,1.10433091846905,0.158558557528678,-0.57839731603556,-0.122581575269911,0.265991809425666,-0.773280309938412
gene354,-0.396244500906417,0.18504434228049,-0.614139791670638,0.774356081750247,-0.166550374338853,0.410543998692796,0.189259497842225,0.951022924871193,0.299474831175432,0.963685499683693,-0.0907143643736459,-0.360900632258791,-0.126140703310231,0.753241925015031,0.712072904582753,0.853856976476415,0.427749528938217,0.822613258675072,0.0904355459260316,0.707458164519515,-0.576911338454974,-0.493198686203531,-0.47932911246879,0.362172922626972,-0.0043964594512411,0.387165216812018,-0.538167394874064,-0.681337916384979,1.039630142699,0.81750585625241,-0.241460704906472,-0.166594298356874,0.755166409594327,0.183191964096083,0.346781565634476,0.856199002878777,0.357833855646334,0.397688322141723,0.0047850256650347,1.79009989808312,1.00395800971342,-0.118742210256005
gene355,-0.353084272403547,0.527200026447979,-0.51137504507282,0.144090566328223,0.738583610878598,-0.0744723741360541,0.54335442496333,-1.0732818869329,0.430334415562803,0.604526052651236,0.31882601332816,-0.316892419057454,1.02951220584546,0.305907345376165,-0.514230606336808,0.505368631352311,0.285370539246886,0.22540271899553,0.40064686595951,0.601070266644528,0.514727739059363,0.778029358930515,-1.40815042420079,0.914193842238737,-0.939137786113773,-0.182704628402743,0.313881343734559,-0.251677543231685,0.69605115650445,-0.812186432010536,0.824904909682732,0.115184375491204,0.604093968584253,-0.0553078923481551,-0.3998783544158,0.508876432506136,-0.241593337801145,0.23771770730749,0.448463540830491,-0.489014402239029,0.739552642199157,-0.550132895955803
gene356,-0.862793057044935,0.183262178647554,-0.681259458816461,-0.413885225911227,1.19794320543467,1.06203190872795,-0.920768858776821,0.43146803443481,-0.463495950563931,0.668575866928567,-1.10034685170169,-0.0913739850872973,0.518708029536982,-0.87119098228302,0.278101563765519,0.843766571513239,0.535895871987242,0.749714545243026,-0.386997146691465,0.210544100514127,1.20996234409093,-0.487033481299972,-1.55066779793901,0.64591341248238,0.297988486279475,-0.0505488557391854,-1.28296449897843,0.226191998575698,1.47626599867075,0.932978533118591,0.241919348804697,1.12893765420291,-0.466847905520371,-0.482006709857356,-0.873991487602466,0.367063599965622,-0.78064969036036,-0.993836330156954,-0.399935621648801,0.765263343760268,0.252038873633954,1.41096969662582
gene357,-1.2194724010053,-0.880121401803339,0.764850486058417,0.0772199514678942,-0.497553845854624,0.590072143098242,-0.489901207701712,0.0074674731826489,0.26442973591939,-1.51332484844194,-0.103400419993372,0.951219238002652,0.0193728878238985,-0.432638282238633,-0.898540564988694,-0.676244774933595,0.824624401142244,1.37391204735168,0.539505244111544,-0.523365616631195,1.62139726620223,0.57448996006076,-0.068103935288334,-0.0593474134790011,0.0543977724081334,0.752071523785012,-0.326064889696657,-0.29588581986533,0.191186477189694,0.140546588133389,0.399576049307624,0.674117862584624,-1.21237667573344,0.162265157150808,-0.491200292623299,0.426162391217713,-0.645268035101885,0.553256397096931,0.276702963119944,-0.344287619535821,-0.661381509064598,0.326523701081759
gene358,0.62509895299089,-0.613302600453384,0.128211371213323,-0.373577388261532,0.641493187103601,0.400626919352154,1.12105067746305,0.130803997243728,-0.314141526093972,0.447176516684494,0.239421846282412,0.941996783267014,0.0546991313302757,-2.87321110606466,-1.11438482091233,0.819623482048474,-0.309026415277219,-0.429558862778662,-0.478766660315124,0.219287036045084,0.753202559401599,-0.0743889159029815,-1.11002348506831,-0.339556614056471,0.215728551696384,-0.54642666249248,0.051825190821943,0.613397930947472,-0.24315554090487,0.604227661997357,-1.04186482354899,0.404729267815514,-0.361964421366472,1.66803650069703,-0.357509548047441,0.730462656513352,-0.386824693135439,-0.346053350789489,0.0440122779645896,0.507152561905539,-0.128035901951133,0.0188824347599319
gene359,1.14804105108496,0.515396745473011,1.54829767730966,-0.0829183451807942,-0.694159210185413,-1.17464396705414,-0.499577768511244,1.19797023158005,-1.59595821136785,-0.530015784535456,-0.126285117630417,0.690042420402788,1.07081276029562,0.244121390503879,-0.0424085411141932,0.0096947544954487,0.913962045320574,-1.40506385943844,-0.726941547346799,0.579816486076379,1.55340951931948,0.306267465663192,-0.499347443526143,-1.05502028294845,0.0236623034570156,-1.10464387667329,-0.061667583826144,-1.71091482575956,0.105818051858658,0.237301305784755,0.966538207216193,-0.319118961100596,0.0815488134041806,0.0178060794756146,-0.213224538573428,-1.61265519318287,0.0234593360521304,1.45196602008999,0.232803736560111,-0.116115506059795,0.0386819514825913,-0.402896426069811
gene360,-1.37535941770451,-0.265394931157929,0.0414909926163587,0.453989795538061,-2.17589078422538,0.382599115573133,0.759707222796591,-0.945209920008029,-0.0607090092333813,-0.381463180631185,0.978237475509022,0.66772734308033,0.54732372936875,0.25536127562263,-1.08818712528423,0.226140893442191,0.247218322449362,-0.359333820893433,-0.410525563628711,-0.749700111136208,0.249154991768224,0.261876862665531,0.894600324729307,0.837678192067893,-0.503020859627758,0.944958072007411,0.674784433191113,1.13341541886855,0.683876806728078,2.78980129277355,-1.59765045135242,0.788129541001248,0.400297686148495,-0.221179253031432,-0.240901312545942,0.211477338542799,0.42587895597424,0.323990527023022,-0.854219824983518,-0.77283661318576,-0.0709262576795994,-0.168669561422355
gene361,-0.447662186726962,0.12085985153612,-0.786878104098373,0.371066825995925,-0.0082912629606531,-0.557337117802434,0.430731951152233,-0.0027251276647183,-0.0543697146762639,-0.5475034234866,-1.0328590667238,0.466384347724444,-0.627505815903446,-0.125538171758571,1.01893439980464,0.35688296323466,-0.281367638675615,0.308847846485961,0.664832288336032,-1.26392656273471,-0.97149054973025,0.437159742438256,0.201549797486506,0.566356309765475,-1.2263828365705,0.172035983069648,-0.242121539634281,0.994389264946507,0.508531136594641,0.158067372728929,-0.824841034947509,0.177798598282375,-0.948769710941369,-2.22311527762142,-0.668709850188083,0.968967843632915,-0.370182426019238,-1.00980984751033,0.907442619472204,1.01554698101971,0.145228931208589,1.28643544419047
gene362,-0.58532801889473,0.360322112127261,-0.0288624869021253,0.380896645947724,-0.486989572042125,-0.377323430591344,-0.793940888266581,0.780059835519188,-0.0794957105969651,-0.355446963473323,0.982643547042748,-0.743282934604534,0.922912909080394,-0.686631065541331,-0.0413820993958622,1.0634063630919,-0.739347329825932,-1.0695480402936,1.18408436707347,1.31231719108767,-0.654088080738439,-0.521624737168355,-0.883213602847054,-0.726497647271045,0.269284963037549,-1.11268840907632,0.0119329059002768,-0.443235039282513,0.0035397767348495,-0.879704019391126,-0.400797913067971,1.78876434815637,-0.452452733856626,0.613340246901373,1.72620674444197,-0.523575390733338,-1.35604087256731,-0.925405948510336,-1.48930526834358,-0.372721456752772,-0.193034547818082,-0.253478749494191
gene363,1.31690333980591,0.460498697962459,-0.0130106471484196,-0.531354544949687,-0.269937139919937,-0.318345782956097,-1.51820682546337,-0.516028598733444,-0.71995733765267,-1.18416527048801,-0.8069556433645,0.876901947330585,0.219088101810172,0.190057717536802,-0.413836237248369,-0.589285865084341,0.081839751565999,0.0782610463849586,1.59079843705927,-0.104401693499471,-0.59555566330204,0.727361396080021,1.33705401767468,-0.237662863719921,-1.36443263136391,-0.375384947350429,0.392761445386198,0.31658434220681,-0.489055224672753,-0.0408081219216555,-1.94192505241201,-0.456726384310704,1.00879847212771,1.23485817929331,-0.768237715659157,0.679491925445247,-0.0873183140409557,-0.49084047511248,0.0255044173757556,-0.199862937182534,-1.97178649178866,-0.8197591204415
gene364,0.894962414093718,-0.533902760447679,-0.201314617406972,0.128906671258291,-0.196504340871098,0.98308541109663,-0.391912661171002,-0.386915123800506,0.527341948604615,0.51179428093182,0.867205343834767,2.9296811899925,0.929818730001112,0.223853273487825,-0.765542225961069,0.494882513558202,0.411132787780599,-1.27281202658998,-0.898494687500898,0.477593574285971,-0.525024927662665,0.861291541799559,-0.194114940186707,-0.91883169926973,-0.441397041421982,0.663284765522618,-0.350376866190307,-0.588043145858823,-0.169002818526143,0.185014002766859,0.3139510044529,0.198236582614086,0.0876639398174899,0.76466047946788,0.572413996685232,0.402172916099629,-1.05071636083917,-0.0837609732659115,-0.38941594667774,-2.22689392559106,-0.188651487261171,0.78494785733285
gene365,1.36759927508737,-0.322391563636929,-1.02846470512658,-0.618075991840629,1.2053919487945,1.30689927861011,0.746798854978495,-0.0519223898616983,1.46888372176692,0.205457616423808,-0.586077363352321,0.512344488570498,0.255086948228081,-0.116262617412687,1.95818166337312,-0.182263750038418,0.770708406233289,0.568051863175278,-0.0047256437961176,1.81272292361875,1.14279987745866,-0.0842898249619239,-0.252368382990678,1.42591427169471,0.43557010664029,-0.415837601074864,0.53876967715266,0.0922846918069799,0.427729348683513,1.35636869178838,-0.0187592859688546,1.13438026809163,-0.863849330734852,0.186656787599104,0.466849641801127,-0.57345800042226,0.444097168991017,-1.393609574567,-0.508973586207043,-0.136614360336568,-0.337483539689479,0.7106412509163
gene366,-0.714223303276244,-0.346300154905357,0.858317756316649,-0.826157270192002,-0.0343810834694733,-0.409655731343971,-0.789037678028159,0.0305748971072991,0.147871685991659,-0.816191461985586,0.129851557526371,1.08817005870449,0.0831602483648801,0.676619089950465,0.921825433998347,-0.919483946353234,0.954169269099484,-0.152516130587061,-0.449529027314269,0.0191284856862887,-0.0933386189184853,0.0646955490523997,0.876099396060827,-0.70912917153718,-0.306483242715653,-0.26714938982295,1.29345168515686,1.06133263272199,0.56965577267795,2.79939131702427,0.0925393307056688,-1.28343389438146,-0.545266181289675,0.89504242345426,-0.11380158706691,-0.795386760780415,0.92335213750968,0.344990691985086,-0.289652942919523,0.371799984927751,1.68348516200498,0.465270591925473
gene367,0.711214838146237,0.511837444064405,0.873334544475206,0.150258433068327,0.542883108318801,-0.935458738059526,-0.779366492095903,0.433800032101702,0.350852956104153,-0.60711788634284,1.57080124288821,0.286893340228827,-0.320694525594867,-0.74253631732738,2.1596191522959,-0.71893997586568,-0.794794955484374,1.0737923837049,-0.54863999434299,0.161044297116565,-0.986031887004448,-1.1536442839621,0.972329331238677,0.590126995174829,0.840261381792819,0.619771234991612,-0.48700134963174,0.692289515077137,0.79392954376811,-0.787571192987366,0.334775948982293,0.427126072208575,0.26030296447854,0.0203297185415968,1.44251783135731,0.207178258817719,1.01780326499579,0.136720425262781,0.989843860144734,-0.150958280130806,0.691252669687501,-0.0362492188827883
gene368,0.746034715665078,-0.435015694573815,-0.0833741739641701,-1.41375275759414,-2.56791721231585,0.330811661596749,-0.748738824576941,-0.371248883443751,-0.402756014672781,-0.736624606452904,0.627783011559728,0.684303100505117,0.843587418506745,0.364407730075946,1.43786217174966,0.18905972993694,-0.692535913940082,1.08851270724067,-0.049655370099209,1.34097289045347,-0.479519000589843,0.585026432045832,0.594759259388734,0.654602550795026,0.521118159478903,-0.14719717160234,-0.212864242997843,0.927179025844958,0.012095540538893,0.821787757642171,-0.0851533606038706,-0.433633082656232,1.18930333162595,0.410635686039502,-1.01885073030027,-0.380994463721299,0.52362630016455,0.41462049133325,1.45530602789244,-0.384736318335476,0.622050557625765,-0.726062041121369
gene369,0.506424605071369,0.0666639762626572,-0.272134595587313,-0.748348420644329,0.263651279027716,-0.192274381448295,-0.1537846972275,-0.64296847158541,0.302379295239759,0.393504555961251,0.134218407006859,0.0646852443161485,1.84706476046729,-0.009486720661519,1.19040464391284,-0.320569777108933,-0.68361035009149,1.3729506343208,-1.52898229752888,-1.23095990904665,-0.290271255801034,-0.522212949973319,0.494813268738793,-1.96224207718342,0.464794877161096,-0.142078867307558,-1.04914941699824,0.635919305048703,-0.202206469996895,-0.203145461221328,0.330618089350404,1.03105035495266,-0.7831468246544,0.503037505757461,-0.025216828995556,1.79500163711205,-0.397498390946221,-0.281736751662059,0.213228576733036,-1.05172643085365,-0.689266937031281,-1.20581072725055
gene370,-0.980117939115486,0.093850983390394,-0.533188385588641,0.233642526527415,0.228832694471886,0.745270428158178,0.611224012267106,0.0327929318123516,0.766322759105723,0.149862708423279,0.637491690100603,0.410458596275452,1.42253660162514,1.5103994832372,-0.221119413189712,0.315891390101766,2.55173617449401,-0.257252810977526,0.0789812211324086,-0.894187935334942,0.456041227811215,-0.964714761078689,-0.172570103505317,-0.167633012040857,0.190124568699848,-0.397965319727811,-0.840845744277922,0.100658853946248,0.166123406080975,-0.657425553538302,-0.286981778910392,0.68332159971391,0.260791202461312,1.3784843098467,0.88803055864748,0.498836612318567,0.731277035616386,0.989895125695709,0.791347848468153,0.203262139619555,-0.029561933899221,-1.60062515633569
gene371,0.239019927021222,-0.421761402500758,-0.627183204797513,-0.2588052791492,-0.923825038906041,1.24333656994121,-0.0358964022391585,-0.383014218594885,0.200118085478352,0.106728928600807,0.43437581610951,0.378960468837107,1.11522972440215,0.805225571208852,-1.59506990499365,0.734685843366747,-0.852241269738553,0.114738891565637,-0.448468452799554,0.926998595323425,1.22574625184556,0.712128492321284,0.175951529798406,0.574329137310799,-0.400158265173183,0.768491083513214,0.783219271168607,0.179812459491589,0.63452124425255,-1.03501749807892,1.16583519250083,-0.235544443865899,0.675148816391523,-0.809416678690537,-0.0188765232607669,0.155585537240753,0.0110727073578178,0.511203576652803,-0.828473422429839,0.0654345328649767,2.26098088171278,0.0143382337948479
gene372,1.76524409275863,-1.15856032773321,-0.481373717265576,0.0305671696718015,0.0603838864084462,-0.613982275621692,0.452962707300831,0.391463962491815,-0.27613465915286,1.22426265417321,0.5350161332667,0.634762162111165,-0.50343264970672,-0.498827416060029,-0.42627208993147,1.93517289117097,0.619156005709817,-0.915630488855205,-0.452689021603251,-0.778139610220458,0.001162459926406,0.960214305401522,0.421833148569151,-0.0901019897507404,0.268636489651144,0.918132421038559,-0.712248619614081,-0.384776382472924,0.881404625844131,0.970845191248945,0.51968885549113,0.787101372356054,0.272877171704273,0.835961508224223,0.220122064851261,-0.618609680673238,-0.0293871017064352,0.0126805393332095,0.288683729035167,0.0220318395802339,0.837426785630503,0.729458457585282
gene373,1.36420471410994,-1.25140480539495,-1.81690688528617,0.119408516349502,-0.535180442412942,-1.10886497546525,0.0032667645492839,-1.0525892394539,-0.45961198460638,0.206272210802387,0.648011834053973,0.249140588974369,-0.289728208414201,0.194081834766425,-0.721247929753678,2.35372220148708,0.0956060526404631,0.934937424932774,0.0468052538930547,0.0381735649402617,0.459939088247344,-0.33432731801686,-0.261021415237089,-0.626067116840915,-0.275308673945876,1.17508822654735,-0.411278439993783,0.304227425298707,0.10631670779858,-0.132122665405364,0.818495780776858,-0.124498908988544,0.351147145301615,0.28374100552695,0.12411395834363,0.625460386305618,0.215452682387143,0.0613161369993342,-0.449723555811052,-1.95070931822026,0.856057466346574,0.245667326281689
gene374,-1.05524006598753,-0.0781406326777162,-0.662686209711564,0.207567920434372,-0.0276970162997734,0.0516270166580565,-0.117474003244007,-0.314720826336182,0.227503145681437,-0.100391888415419,0.286660531533237,-0.127091312975582,-0.738254208446951,0.286718247534678,-0.510387831386027,0.155352767842026,1.13086692291695,-0.558810906865757,0.0607607084168029,0.143489693259416,0.430365369166367,-0.185629362757159,-0.57902765118047,-0.378720619264807,-0.583177033858271,-0.128839189603792,0.381073724737503,-1.06895257419411,-1.12500988782641,0.416295058242379,0.432457569256781,-0.63104428892354,-0.0670454674519225,-0.0770660393322161,-0.487647827696686,0.384316570713644,0.447836282960759,-0.924408229159663,-0.171214325819915,0.55962365646185,0.595352295001177,0.0650934085639681
gene375,0.434011049109128,-0.983930293365357,0.122459396843758,0.77776938997192,0.558319307926805,-1.21777591242499,0.0833332891736624,0.85096534698834,-1.13926339514278,-0.657385767129694,1.35743458530894,-0.599820676591732,-0.724115662479716,-1.16175860042016,0.656508514118926,-0.332645716846449,0.582618155406493,0.0652187510108187,0.698898449285292,-0.907419054725046,-1.25606687461711,0.161373328980166,-0.155708567817466,-0.270631035129201,-0.733306440310522,-0.506105194127628,0.203265412830399,-0.0615447983064295,0.367540295146149,-0.262217375246285,-0.249654593736943,0.558610144481628,0.690197340958698,0.980736153959393,-0.180046552514421,-0.880272863669041,0.0207318838775766,0.366291704116169,-0.492945234524715,0.6463312117238,-0.0413154567185445,0.662007894838564
gene376,-0.36585727809342,1.08810015381215,-0.473266852437847,-0.761429906549086,1.6214892902082,0.760970092402729,0.49999419302283,-0.740880014538285,-0.276248057111547,0.170096397151963,-0.0329764225887287,-0.607733517925706,0.0021167507305019,-0.0152030981194124,-0.987691826732217,-0.171287151040977,-0.411507058740855,-0.590206481089434,0.313745648745641,-0.23646313108289,0.150491068556784,0.873429156609242,0.0540506509906225,0.50144592681483,0.423263040514298,0.249241889022807,-0.0703697721725993,0.161236910640261,-0.214700918273828,0.195830018291505,-0.045494159751899,-0.293089161469017,-0.986273848603527,-0.85200341077796,-0.345157119776737,-0.779289689710945,0.767569951612647,-0.913785349893583,-0.706227052200586,0.29170427615206,-0.111838077589911,0.591764549785464
gene377,0.0572459170965915,0.0155593761118331,1.06078317349292,-0.793403607387007,0.86465100461118,1.12716154702911,0.0403249655670681,-0.800689000812249,0.418110262024765,-0.518138267040361,-0.597751752090155,1.06371096078736,-1.82746993698769,0.273874254369612,1.92689346212107,0.293659195029958,0.0710314553834008,-0.0989745416933521,-0.63564887398142,2.36373323680854,-0.866489431324117,-0.204385511916017,0.188292320892744,0.239069171231085,0.931919725185842,-0.745042222971279,-0.989140615889692,-0.248373870314002,0.749357399850042,-0.402112667432352,1.03864695626624,0.176481719370239,0.137616888449744,-0.134160457316112,-0.235780350841486,0.306552861457643,0.568168797511223,0.0755144816206865,-1.18183789608509,0.974739704912022,-0.102266087464493,0.937773264227066
gene378,0.378252811053274,0.598393324189654,-0.047189165182741,-0.218317965774474,-0.223459909676296,0.638206957475776,0.0082807626101601,-0.43118391410985,-0.758087062476648,-0.169306062797014,0.380921927384822,0.818286719691079,1.43853276306979,-0.445678370298493,-0.19670970206045,1.28556847713181,-0.20478103645062,0.657870694530275,0.910985447957422,0.567699251720769,-0.216024323482008,-1.78727873068935,0.816284866525957,0.652212221638419,-0.469054365215797,-0.159817002938417,0.303511534107636,0.449452780659593,0.213604980671864,-0.0557970154492479,0.0375195841140911,0.507710582097742,0.304798523601723,-0.728168960101802,-0.947572234870544,-0.170230350742345,0.771079928553753,-1.06053379013708,1.22661363368123,-0.799711563920531,0.416828571350787,-0.55992029561681
gene379,0.618337771454378,-0.500952992814434,-0.474332947999509,-0.834577885941989,0.385026599080565,-0.821092725798589,-0.81831192407438,0.365642827828852,0.0559901042199213,-1.57208298694369,0.510775509728695,-0.602237897860019,0.0355055130166791,0.0468367393449754,1.19608169716018,-0.840676144202323,0.204274659259668,-0.661877789380871,1.22357377696491,-0.714071785922268,1.49519467287635,1.16156739465741,-0.0538315902176146,-0.400122635563825,-1.72251684757449,-1.95368515729453,-0.240381534911756,1.04625129413365,0.365211575762808,0.062460608566215,-0.0365074862364808,1.09818011194142,0.752952899967744,0.668723266711702,-0.0523206138939309,-0.613133584128979,-0.465754307777769,-0.596932172634451,0.201026179937056,-1.02529142687734,0.423196982357687,-0.122017252210154
gene380,0.523822058953166,-0.677223777456339,2.16730428813665,-0.45458114526377,-0.217332944643785,1.37063460036627,0.185682476420772,-1.19605868482086,-0.246246582932233,-0.320255419915316,-1.0668957162711,0.839319323032194,-0.506564134295903,0.113767801664174,0.0703182199030598,0.846841872457306,0.0038695787355258,-0.193754653104971,-0.498772184257747,0.314664134435166,-0.456369606119248,0.431547693738891,0.273001298060053,0.383874087244822,-0.533894910502909,0.869971684501109,-0.550098316940422,-0.969576156244242,1.34211602199966,-0.330596826523793,0.0606690981576184,-0.0238996536328784,1.81108838761779,-0.153028143662025,0.137495623133627,-0.535841857204439,0.274331781101006,-0.338718506879084,-0.5376721856424,2.18503216122661,-0.115912459213914,0.276022350090075
gene381,2.27051116990596,-0.130857634362079,0.521046011618393,-1.12533221530818,-0.544577815142201,0.96152556577401,0.378551850099859,0.455038335383415,0.872069315086597,-0.39855731856833,0.181778126564342,1.0250126775516,-1.36477054105023,0.0487537057173269,-0.194611866040565,0.624911378367712,0.934130503968673,0.310192753727341,-0.739365643453995,-0.232977391583626,-0.844080013529991,-0.598364677501952,0.48990030224754,1.4286757550157,0.418038517138903,-0.481265879956159,0.0534496825148679,0.597528152815167,-0.139464595367647,0.171276208733396,0.0566040896833228,0.531081347308198,0.921182191234893,0.145350458809533,-0.797849633298264,0.515475986353918,0.357462511699051,0.0670507849179983,-0.700353184218575,0.799468785888109,0.369623160431761,-0.303021637524894
gene382,0.872525777755703,0.889102538255607,0.287884839699074,-0.501788214577501,0.150517078450592,0.104784758234476,-0.317571233184702,1.01182393926608,-0.279166535215213,0.710833527854917,0.206086373043727,0.785925690657832,-0.0222491485343081,0.415245910604187,-0.698585563472238,-0.306489643438064,1.29861847446538,-0.550492320256635,-0.495681201314946,-1.93487425306409,0.86493993305531,-0.414340096603938,-0.0419611899059182,1.33322232968302,-1.25443033642624,0.0550208501200471,-0.700537043566007,0.636617923800328,-0.344473007544954,-0.435618401968251,0.0573348750313139,-0.460495404381557,0.278520644163736,-1.80965352371688,-0.394517141514859,1.26590144474867,-0.053390629570267,0.156699392893998,-1.21125219232689,0.258418970911815,-0.0672882372697936,1.38194703852432
gene383,-1.20069973406681,0.512034211060593,-1.15462639711322,-0.118392591925624,0.499185492856757,-1.82547302940937,-0.739533380150683,-0.578612848960223,-2.09147168695898,0.131500254624061,-0.463220051472642,-0.0535636851285827,-0.002644925009387,2.19766671424363,-0.951175195621065,-0.802444661788239,0.0874664824878503,-1.59055009160265,1.30500736557117,1.16338342405956,-0.662703993742043,0.124963930135057,-0.0300309295405301,0.548167401791915,-0.104701118361503,0.0109200537128654,0.386562043805372,-0.59150330108732,-0.738230869469946,1.39426850472607,-0.300476966106277,0.268703365198654,-0.0177945974409061,-0.039326654337975,0.148078465598534,0.0596476869531208,-1.83331960527036,-0.202028167970167,0.152816490764601,-0.11695039487864,-0.087652681915589,0.727561781592651
gene384,0.70479488357748,-0.0839284236130943,1.06259084913856,0.306523344462866,0.237391299517289,1.17806460947879,-0.623123797174267,-0.348114722377667,-0.245558230832225,-0.516211525934258,0.28959126670363,-0.632074203982439,-0.223119861485044,-0.0757208232211219,0.557214921683663,0.383860376470801,-0.0699065913770835,0.59251534172714,-0.27591115291801,0.415076935486071,0.37790231402022,1.65765496124044,-0.877765792431458,-0.268407336561598,-0.257526334489405,-0.679261737302992,-0.338999644737714,-0.390755790949973,0.25700411093191,0.148006825343314,-0.750459254469087,-1.32972576941369,-0.375630537928335,-0.262056372459756,-0.895809540424541,0.136624181967754,-0.0166879778432064,0.183429818843614,0.825254418011036,-0.763797732706475,0.115835330004241,-0.682900027512439
gene385,-0.567297342462323,0.411518822860705,-1.0736988258292,-0.183222936209481,1.36031874151781,-0.158786093156787,-0.728022701426782,1.34489210324733,-0.136168892770214,-0.241120332909856,0.66487876367917,-0.599563759310828,1.30685159811872,0.184979334250238,0.0276474729952571,-0.993031303580047,0.47474089681103,-0.677391280961188,0.112517302029217,1.32536535672124,0.15767582315314,-0.193035838474609,0.336859354797745,0.774353449750332,0.732208972735666,1.08735959015505,0.305773154912901,-0.855380617796295,-0.111036158140581,-1.31273495896471,-0.749916324150941,-0.254656040807778,0.83569565587458,-0.223802667908722,-0.331174764028292,0.720949229452149,-0.664989087470467,0.439379327327468,0.112242850423725,-0.100419390001167,-0.28038233446357,0.530381049006912
gene386,0.0508039196191329,0.650440184017012,1.6616492490092,0.698240865113816,0.174334383687403,-0.212272836511282,0.495890829016828,-0.666315850276759,-0.727770778098474,-0.595466846504865,-0.799958066209779,-0.658858136267916,-0.368525308527501,-0.555168446049334,0.468457006878305,-0.185936467200785,0.29314909523091,-1.22658056666299,1.22719278437179,0.241219608890258,-0.907365093028164,-0.923199581458161,-1.25948113572373,0.0308417622199584,1.45793313997768,-0.815721326126798,1.20570584002793,0.238551990715238,-0.0250922721341045,-1.08343998258108,-0.710485202232518,1.1770249333069,-0.289472447053865,0.211906603587559,1.45781797991844,-0.817746044733023,2.12484869158381,1.17974014474856,1.27863812068083,-0.347631251447041,-0.220863172065968,-0.180926177812386
gene387,0.0430192757320329,-1.18931661954705,-0.419194533498754,-1.392038119042,-0.139384384697808,0.044348002796127,0.0183534929943078,0.929267527642545,0.467456879104418,0.137813734262772,0.509401422882247,-0.255802437339236,1.56196653030933,0.247647596558462,-0.413043250647566,-0.194971592597574,-0.693508746337535,-0.943874265414696,-0.106229394729309,-0.0687887306237515,-1.14064681380823,-0.262046156747881,-1.00448481670173,0.617317964733412,-0.481125725575148,0.753485453218133,-0.836137614868504,-0.745040377115045,0.20624275217098,-0.190250418480807,0.594707947259901,-0.982785669801122,0.936049481139849,1.05128628665686,0.604722259722215,0.338180259637795,-1.25581385782188,-0.759283058380873,-0.258868361768358,0.784212758212444,0.0788389508004947,2.4550494981557
gene388,-0.385567442826297,-0.41315457684109,-0.61971610949698,-0.716116627245224,0.276344419447077,0.556313796813707,-0.382918725677679,1.1686326184348,0.37549904470734,1.30892974832593,0.307276034452578,-0.14446401848574,-0.981882460025404,1.47930373289564,-1.2753788690517,-0.29803715246681,0.555340504870873,0.881708119079676,-0.930098940147926,0.854077374323429,-0.188071184329925,-0.477461799498276,0.0418142378581192,0.580836058918072,1.4576908912972,-0.690181804710882,-0.704281560484118,-0.246929278162589,-0.569949179024753,-0.534490531657745,0.290800340882601,-0.50869929028745,0.305019489251833,-0.386341589719253,-0.053959550112019,0.718440880200926,0.147145437705361,-0.184668618427798,-1.0329613268799,1.97076987245065,-0.0882732848775229,1.33379993169995
gene389,0.121387081682465,0.915682633904525,-0.253887893569726,-0.538004363432147,-0.8200552460085,0.633192049360871,0.602887817986212,0.153150513083277,1.43017234762015,0.0307605753878624,0.465067923760348,1.18655261327451,-0.591337603053884,0.324824076761368,0.0889528346016213,0.584445718132532,-1.12876124399207,0.405455975462581,-0.30697877015074,-0.871922644670761,-0.758691422161665,0.549733015365804,-0.800941212097639,-0.570064359556234,-1.34905817345829,-0.948913862805773,1.08309599606242,1.65165061478532,-0.0971160526719163,0.325616297872558,0.119999171312685,0.572404193820481,0.462544201376813,0.105936508737377,0.272172171026219,-0.187976076830837,0.654318630381727,-0.883900906625958,1.128846219169,-0.198713833318536,0.864618240983591,1.04357344961118
gene390,1.21632886814097,-1.35900003270612,-0.637297359972465,-0.0446470573116264,0.383082389414412,-1.12459604806721,1.24972793217277,0.0136436817865879,0.473658941478714,-0.258019647021181,0.678183462978237,-0.249082586225745,-0.369134740531353,0.254451534203534,0.314812211792477,0.216720723347643,0.354843528709523,-0.287765392295742,0.2088247965893,-0.607140654933455,0.532264804169003,0.636058829513501,-0.311648044872808,0.881444721573605,0.89535148940475,-0.225065587114374,-0.0274906992794871,0.446805508955518,-0.722942616320381,-1.49994386545888,1.18648404070033,0.132255147175895,0.636285124128821,0.816682260331794,0.268731810431726,-0.36158654873219,0.0517470375688459,1.15815029734789,0.296532408353096,-1.45443678067894,0.648275483863224,-1.17569520733806
gene391,0.431984716645494,0.669851220923698,-0.296391181957247,-0.408870723433074,0.0197059439045435,1.58426368907653,1.06508963203689,-2.34349352420708,-0.85246418777552,0.41735474687225,-0.153004094523495,0.526845582793746,0.0179115548991298,-0.429753319892112,-0.788532141504649,-1.01851894179253,1.40541767324428,0.690581644198968,-0.628221599110604,-0.253586936894833,0.745769117707602,0.165026251664684,0.0456027664310689,0.0503796209353486,-0.243386734431577,-0.302170339655843,-1.87521996079504,-1.68186386304556,0.04820573180608,-0.21637396778646,-0.211408717206504,0.081419762405931,0.80849088673526,-0.0717461051274373,-0.627797071158216,0.971762008816098,-0.341159991345336,-0.712975213029575,-0.0080746044544744,-0.421254753114182,-1.37384428441091,0.362567565664413
gene392,-0.443441431234977,-0.144686607085393,-0.810622103579973,-0.571934561147742,0.220059894623564,-0.709127449481291,1.01079880909024,1.60164619971031,0.106927561990826,0.421978246375726,0.638504871372939,0.225697775468616,0.257208757666582,-0.333339469712552,-0.350612753736867,0.146594384173921,0.215136601867652,0.0610581363092305,-1.67707310265056,0.691210370576003,-1.01376555139421,0.943363929682587,0.48919820217549,-0.284318253589707,0.076437018192668,0.0399148760616618,-0.354827641415512,1.25698436464147,0.903927561788501,-0.957302334576907,1.11408743129712,-0.660193148771331,-0.604514090110611,-0.170084589395851,0.515247169085129,0.820034741585023,-0.787691820798498,-0.805393821963518,-0.495025920765842,-0.154510684018989,-0.610117470324056,-0.476330244775638
gene393,2.01036831051835,-0.561049684234159,-0.279412913989465,-0.330285369586538,0.546605271963908,1.80360616819383,-0.644999452217372,-1.59033774452138,0.665564444619655,0.943137809262994,1.1870116016455,0.569230633715507,-0.207717252131088,-0.651213335042559,-0.283573028916799,-0.112806370469513,0.268220699538727,-1.14752553076209,-0.437632195679611,-0.0333564932291349,0.163838003311337,0.999605512306337,0.193270374942901,1.13553876227724,-0.764367042148863,-0.475509703728488,0.778143786108296,-0.0914188143282335,-0.662907934707571,-0.0357652550329039,0.522574988998406,0.0963936805390656,-1.8488153995116,0.960418634314922,-0.503857055994063,1.55102919896022,0.343282263020938,-0.065724365692824,0.749801290730263,1.17427392479461,-0.357414064729368,0.373897688606545
gene394,0.392060168821935,0.74994742882541,0.177529237179314,-1.29097436579814,-0.997812298556734,-0.740161541733391,-0.0716341252684219,-0.585188135112157,-0.74782049327802,-1.22134540702394,0.662322231299249,-0.530266494352677,-1.0075778154698,-0.279889756486521,-0.181849676395577,-1.96740829684943,-0.198383871230625,1.66972190582184,-0.720811079301615,0.620763739132056,-0.521226621612243,-0.319316573082541,0.0184841764653831,-0.449491744208565,-0.648629055228666,-1.33814844094967,-0.203637814592122,1.25459058048207,0.464875825440044,0.0426194617973356,0.421728989458441,0.580182433104075,-0.565619788543025,-0.934437781696124,1.41852549934932,0.458421074351793,0.611441330397014,1.40076154044037,-0.647829388106982,-0.7386915544017,-0.397651014097837,0.0461867557790163
gene395,0.710018594484223,-0.0074636978878998,-0.448548721995679,-1.56105292431876,1.71399018591919,0.378142053006064,-0.348723533414355,0.59785566053485,-0.659534042326584,-0.220167860755749,0.36202258496399,0.295557043826659,0.0023324566566432,-0.387387996880347,0.954014499924164,0.790339488302388,-0.0553705591544584,0.0036552923933512,1.53895643801852,0.0324328144809978,0.185393159319921,0.451737725090772,-0.64082766920517,-0.101492024340427,0.241265724739256,-1.92531520227892,0.199815393441998,-0.371690528349109,-0.535748211478886,-1.37145532524036,-0.39169451768381,-0.810280717136948,0.747946523843928,0.575548620117479,0.937656072817007,1.0776576512398,0.575678498052628,-0.258441423342047,-0.302029365417431,-0.444293892850244,-1.4722620667761,-0.479036459045799
gene396,-0.0083474112898292,0.0006762487693536,0.629691655704766,0.396027266786392,0.317558879621764,-0.236496394545609,-0.18055712733116,-0.150575307596616,0.352501359784861,0.534121066205541,0.579769302164581,0.376364867856385,0.0292389942891519,0.261009225977609,0.656236839237264,-0.302090070207796,-0.145036204503694,0.190422048032908,-0.361957565869364,0.599212401558135,0.0623018241441393,-0.222028084790047,-1.23828354099113,0.157525786656325,-0.17718965910609,-0.029417301227274,-1.15058610525459,0.789484737820106,-0.410262010545795,0.351244934323327,-0.0759850512273005,-0.01401016636026,0.572688963665886,0.517581300284271,-0.850410502578518,-0.741578625436926,0.38774199246273,0.521808904452009,0.347332661999052,0.19025122288519,-0.394546974924894,0.0424761230694607
gene397,-0.241066190735396,1.0868858429412,-1.42853487925474,-0.73354477697731,-0.0862405198975859,0.714385078763036,0.434679369022911,0.32697178781786,-0.60778024974996,1.55380210438774,-0.298036933553202,0.361301629717414,0.12421762446377,-0.838572861479935,-0.127617218801655,-0.373913804431941,-0.339248121189178,0.759762156829417,0.474364789426622,1.57444346171754,0.720314410142375,0.607237804003246,0.364936474390235,0.184523419047514,0.953608895516481,1.34326327884728,0.913673851494971,1.00870173588083,0.180933576030536,1.47493557488337,-0.650847698778759,-0.0374648602593166,-0.510837926186513,-0.0268266036087418,0.250883815293828,-0.608252392360608,-0.77380742272996,0.209339085460167,-0.120151102985696,-0.0742261190094331,0.679139003476458,-0.277579953875631
gene398,0.798122737750577,0.313124521301103,-0.514666710216024,0.0313647549232159,0.614877171446418,-1.10638537190136,0.0763321867054818,-0.667265778185467,-0.917658973246967,-0.647658533806635,-0.910753002209257,0.265524666826285,-0.902349148586908,-0.0912224588040708,-1.06892931713689,0.379168044676854,0.0880610636468972,0.0839386707309418,-0.0403121541482447,-0.594442675155981,-0.910573646107483,-0.617419101295937,0.254139036939078,0.0897295454565298,1.44658556679555,-0.129392222779033,-1.26013531946692,0.103828057242047,-0.629022067154977,0.0450683850971232,0.230986900981315,-1.41511124184642,-0.949878722486323,0.0523456303784923,0.592672491736208,-1.60338588146274,0.171405964744583,-0.32436898602764,0.360027896253291,-0.495141394600221,-0.177015055725997,0.143325578725971
gene399,-0.0312721939190883,0.517879622089855,0.929215452927979,-1.30460022440833,-1.87151488519802,0.19152254396871,0.567201040443225,0.219810403538756,1.07171148828195,-0.068235231488116,0.951851464180515,-0.346618464801518,-1.35631585670262,-0.0652031059696176,0.268199631118653,0.928023074412825,0.0789283140607915,0.704952626125453,-0.519249998742627,1.37580547156235,-0.760551046162399,-1.99319017880971,0.750048670789521,0.212850139494134,0.663614181925418,1.62141731459434,0.518006416492828,-0.167627565305997,-0.798009419735194,0.867449652055058,0.354121492583783,0.166289648942938,1.08299953845745,-1.2853087291588,-1.33494037450652,0.0478613295524122,-0.924619632357599,-1.25666194773749,1.44018776704563,0.600917130977353,-0.890001629418596,0.49190602846749
gene400,-1.18148933486633,0.674165286694555,0.49182687136586,-1.04996850706421,0.494026143335431,-0.0650919730421179,-0.343594769898257,0.150209892557281,-0.952743191231573,0.221026087682505,0.585008090982093,-0.910795788151227,-0.262143930363804,0.581741335987345,-0.0795550240370045,0.183961362187184,1.14831673486201,0.0387681779657534,-0.198530835000086,-1.02038732854427,0.374035793996093,-0.874439891995896,0.122562089903785,-0.255682691719093,-0.674601268882835,0.532580302929666,-0.617588452956562,-0.767388952710635,-0.309870639463833,0.0217547869031187,1.04063354085073,-0.0294049269508203,-0.437327195580689,0.360570856957351,-0.457968010220918,-0.373625446600769,-1.20781018601026,0.157992331656259,-0.410595067213205,-0.48169368999967,-0.523724693803313,-0.0159925826191168
gene401,-1.00276780417142,0.472241038774932,-1.12539118502487,-0.650663250915669,0.692961395740709,1.55266599112868,0.457344650793634,0.716704584047849,-0.705018106090121,0.175752580333222,-0.282481928936116,0.172643012759894,-1.14692911312579,-0.595716152282839,-0.977148312298761,-0.0794184634320658,0.367656459056388,-0.639085207692479,-0.0342989853371684,-1.00730594458027,-0.19040723404441,0.315108289344774,-0.993174817775307,0.288764377082527,0.348481525843011,-0.483414878902986,0.197071396845934,-0.523636402310138,0.778591517520389,0.285878734166016,-0.0396674216339895,-0.540275007917672,0.537492547493954,0.411981076804288,-0.540907161532135,0.437524669323394,0.361987661741861,0.971776197760135,-0.854024427758644,0.714430815407534,0.386539791677992,-0.889020971093234
gene402,-0.754793521670407,0.472957623795376,0.137326776209361,-0.64762160600631,-0.581221068462928,0.119902874204529,0.756213482103224,0.243741371318905,0.225495036614936,-0.0142399822368625,-0.542425700992124,-0.113855157389842,-0.897925467931356,-0.422503318778405,-1.20406675709711,-1.00998071039403,0.470980793120543,0.670331065594246,-0.317858239908193,-1.68069639580299,0.180749975439691,-0.713338009745491,0.942111619694484,-0.176369019012609,-0.784701210562343,-0.238635819429007,0.29612172976162,-0.11339696546578,0.473243877393729,-0.147241355857525,0.565726746571923,0.433280369365058,-1.24460515565713,-1.7215360058701,-0.131537369177405,-1.32836855380198,0.373864181106987,-0.211138241413158,1.23585991253987,1.10823688922026,0.492233727239676,-0.625209471745265
gene403,-0.415862661176498,-1.64924230631102,-0.0448395254249331,0.152680292458181,-0.518673879603688,-0.871330856320933,0.757533388286439,0.605966435979637,1.58258770269809,1.02048339523177,-1.08778408387769,0.495829549838592,0.794763871274968,1.33557148801525,-0.344345277142559,-0.465553639224774,-0.576090250503308,-1.27831053386207,-0.114582670310855,-0.786541964572166,0.266323425409228,1.23489921079832,-0.743759107560627,0.0354797195272099,-0.878881157837933,0.436768129143933,-0.5098600763552,-1.11356412035208,-0.92043073673613,0.127711051112017,-0.21107713572631,0.983140946672255,0.207037003748549,0.189415763598413,0.111448988074723,-0.103381108515787,-1.47578124881569,0.199957448987976,-1.03600687288972,-0.577216281651345,0.265046343132362,-0.641297533175337
gene404,-1.47190267876775,-0.0351862486455904,-1.02242996938952,0.699698860932785,0.839289045196454,1.74485029142465,-0.0152609008360521,-0.464237270649364,-2.12718851363612,-0.145779782324459,0.705907462417219,0.260389679756929,-0.961649407921551,-0.581348250894918,-0.0050121927849009,0.237683651513274,0.322799786685613,-0.328949975393819,-0.555794268408112,-0.0726320065297152,-0.265798678449277,-0.140876502343559,0.693628717858214,-1.34054878068449,-0.210335133040618,-0.469963029016325,-0.036840947756023,0.270545122261065,-0.186192557691923,-0.918695210816463,-0.0740466889793484,0.585077379924606,-1.64922837164823,1.69885342576714,0.717206239672992,0.802773009760622,1.04946501177385,0.374870554256723,1.27786148578789,-1.35378886383092,0.81050176747077,1.33053520930318
gene405,-0.995906027190474,-0.444073226058034,-0.271689702224646,0.29806998170787,-1.00292637808157,0.189241533004034,0.895645627216967,-0.275285029102577,0.714142548042814,-0.58607885832265,-0.274354586353005,0.459815878768099,0.3027332583124,-0.222958052570486,-0.212255872621116,-0.882697611380754,-0.0908736699539875,-0.642970785144843,-1.71962747240926,0.225857508110904,0.847767061840667,1.05458355988121,0.620983346940758,0.910376375108706,0.0275051977578058,-0.769108853304959,0.0624279269972565,0.775185773686188,-0.204549722081199,0.437100289155839,0.930093742037164,-0.546949831511698,0.259634749227902,-0.265109176759698,0.431695348849279,0.645125091826175,-0.741828618907696,0.477525358433433,0.73178418757441,-0.959711004897043,1.01263838044876,0.883519928893182
gene406,0.620092338022459,0.161285373878434,-0.208090928814817,-0.351083632644044,-0.37338249661347,0.775129694020653,-0.91540010587955,0.336397980234471,-0.585143506585707,0.9894341901029,-0.0193798818699638,-0.218433671370616,-0.171987989102455,-1.360333880367,0.0238720308567246,-1.23591069807658,0.203480325523956,0.759951758327413,-0.840810503060053,-0.078841909764393,0.65012201401924,-0.758965078672924,-1.22168717082556,-0.101568167869234,-0.0235099587519188,1.77485581173927,0.291858755629224,0.462005460936903,0.0598395198096565,0.199436953050655,-0.796015236252488,0.759107152778254,-0.588201403427522,0.346512340758131,0.663715313938999,0.268786684070606,0.908423315056742,-0.0770519726303037,-0.701589591311918,0.0224269421144262,-1.28476294130762,-0.700101721823752
gene407,1.4557553184212,-0.75848954486443,-0.513954210390562,0.513580715110501,0.419815998631202,0.570173006996315,0.87045725923164,-0.334666918704372,0.275040964584707,-0.333191921067503,0.660748598108064,-1.90859687939861,-0.22212245321407,-0.751668883999281,0.364258267256067,0.486485253180249,0.564217470993635,0.526154941343954,-0.478245397191168,0.691536117624792,-0.530287226659252,0.743314390577272,0.816197293321722,0.579914688655905,-1.14440065450916,-0.144761229038255,0.85655202466878,1.58838832716951,0.106955517127439,-0.088517125607512,0.0889080503776354,-0.820921501626152,0.66862943603961,-0.366240572163159,-1.00116264537277,0.862468105775443,-0.153396012441951,0.559306479886016,-0.263697990527811,1.05416930933914,0.450446990876068,-0.721625159570285
gene408,-2.6473777025042,-1.33564927546949,0.482833387518083,0.0306254926939054,-0.0616053518645362,-0.354379897869679,0.399991983262149,0.690334924903806,0.877421026828377,0.732835311142176,1.14158084510218,-1.6441441176069,0.403613676638231,-0.485598715036159,1.70274377919941,-1.17738243083187,-0.465754872427983,-0.063932226644579,-2.20936835859182,0.912925257156811,0.575621721588841,0.28501727884158,0.0929075774928744,-1.15541172461326,-1.08609513212386,0.23514949207269,0.386027289486049,0.219677900361865,0.259977130995213,0.0450260678145584,0.013480759068929,0.157215228288881,0.526248429206557,-0.120867184396716,1.15388400187072,0.494721029460652,0.349634718765555,0.448326703327785,0.229778388679921,0.164076259927881,-0.418400212070638,-0.541727523983238
gene409,-0.60406429446339,-0.899841179205584,-0.0339358620521486,-0.30629579323778,0.192447143444485,-0.263345152052866,-0.0415079011505263,0.0184765674190005,1.06066594660629,-0.766261467808863,-0.63947185080146,-0.671588451190426,0.941540588689275,-0.142201877833413,0.328181292954904,0.392482229167187,0.674494843964246,-0.76760335514171,-0.12245487428072,-0.35775289156915,0.737495158035393,-0.170035149532855,-0.384804413226689,-0.438988332291211,0.866590246168834,-1.0987835923016,-0.89245563599447,-0.0057776892667461,0.77084692306782,1.13168369515262,0.109223293440889,0.364228442802129,-0.607763414185277,0.594165620631581,-0.246634796543431,1.39013549611983,-1.13047436097978,0.504919428153308,-0.285446635707873,0.711487560914855,-0.844882848608355,-0.09265573104843
gene410,-0.216272053384695,-0.0439168626376576,-0.740996658250883,-0.89794990125945,0.678695324860989,2.13340301159443,1.13468981055124,-0.562830399857234,-0.720129489009917,0.228169190555455,0.602673431711628,-0.638058397325109,0.216337834595527,-0.292685085044668,0.179705733215323,-0.272849866445023,-0.572254526537198,0.379139994008917,0.483883775625844,-0.30202267937317,0.583120747228722,0.47906373042531,0.93314297849368,0.432698097057935,-1.24643731350465,0.096735147230543,-0.302648059774388,-0.980696604305544,0.470480080414642,-0.015806589013204,-0.26695683110277,1.33051874858328,1.01379232664444,-0.422971417581617,-0.169697920411197,0.330649003458528,-0.720749974669222,-1.43808751804282,-0.221386406435919,0.612458865639884,0.304315835711007,0.335654573797874
gene411,-0.655754229154917,-0.71959178430916,-0.373569548845772,-0.49089905598194,0.518955697415644,0.983154893789978,2.45968317980321,0.926422322811427,1.30212199531908,0.294587985525707,1.09420917211987,-1.34261065789381,1.04306759835666,0.379073117029253,0.643547734737625,-1.25388548385517,-0.068716417988238,-0.153730823094604,-0.501270033181972,-0.912103550644926,0.916660521460177,0.704252555045461,0.161567422849872,-1.11859305820568,0.288980300479706,0.554945260056769,-1.09753988390969,1.88486583908907,-0.111277672301734,-0.0445335666069474,0.152449990022634,-0.558632683649768,-0.305053528900703,0.263653191545647,0.369727861460903,1.01618773526275,0.273673287817859,1.30117959203457,0.633714445838688,-0.447690764001596,-1.39804578047088,-0.543798978430739
gene412,-0.366956422388183,-0.425021591305035,0.805740515342799,1.84371589483719,0.202077877784948,0.339607116060232,0.232176797784242,0.119544111919576,0.342311165824406,0.0881116183530049,2.09516919697813,0.0239502025944531,0.60350438743532,-0.0362439001772202,-1.05928556883175,0.106935708520092,0.425951922547973,1.94383997503528,1.7975139719749,0.533428607520401,-0.387232830721249,0.120608614860864,0.147280304992319,-0.269471602775118,-1.09321530232262,-0.085594484301667,0.0408912618406315,0.202602455323012,0.0338113060199355,0.184883698751759,0.521844561368541,-1.30084369708395,-0.38350111548855,0.69489386984161,0.412763206434362,1.33351785355695,0.207390368029195,1.11069853831437,-0.382715411390259,-0.208223558025788,-0.257976350446468,0.430154513534606
gene413,-0.0058688054238542,1.65067271039671,0.487191249640483,-1.42302778573547,-0.93993228109541,1.37810454705355,0.21074631082079,-0.370259433573386,-0.70953718549396,-1.08346276284085,-0.0893038295669676,-0.776238842981587,0.54661718121414,-0.816469130938947,0.0859440639660682,-0.899652330598973,0.10979011888908,-0.955732554452852,0.688704072864418,-0.365618719777076,0.0967130153579643,0.314151961775595,-1.07017836527552,-0.191713873141778,0.865393920513461,1.323313822267,1.29357510710569,0.231367674769804,-1.29141608726323,-1.4185993323807,0.483999563056531,-0.167493179523308,0.986924615223653,0.268446944538615,0.0193029802812102,0.0539331853392302,-0.199942233904954,-0.240066356188439,1.00884385731168,-0.0595838480305646,-0.322463298422954,-0.260701338119663
gene414,0.37089975571556,0.382263618022289,-0.285626858073153,0.225867481352133,0.793895518944127,-0.702963236158781,-0.480188913676217,0.43419974457413,0.378224103812374,1.13072393021215,-1.38507051015704,2.38170413792754,1.04455728679206,-0.15118578054107,-0.460211442949026,0.704929369529057,-1.394865049375,0.257109497492355,0.331800873740225,-0.854117650622809,-0.0631772427450493,0.0819492024519615,1.17990261700969,-0.395743868752515,0.136433450402483,0.267440096342003,-0.508776202307285,0.498584465795216,0.306285112482645,1.2829853051256,-0.0129825192860436,-0.557195341445337,-0.48699651340548,0.948286556506107,1.24920918153434,-0.407217056776404,-0.229458468070231,-0.761750060546114,-0.146481737763261,0.0371218708106079,-0.0653066019966922,-0.132634308166806
gene415,-0.13714166352796,-0.586437762838861,-0.0880467363242309,-0.114976032023063,-0.839282103056837,0.408466526131245,0.594039129454549,0.435826636607963,0.514452403046774,-0.699487646806499,-0.674788624496082,0.767038213004607,-0.363780752936394,0.81041298813839,-0.0994181023656972,0.0886028919074225,0.425330097176623,0.288615751852836,-0.58792807454038,-0.358115772089705,0.0218671950828669,-0.378494756972649,1.00847627394434,-0.851332888149359,0.543326862149155,-0.0455380233033697,0.427581453880364,-1.50128536400413,0.478599576987012,-0.0671421024217966,-0.630757544250078,-1.0280445391182,-0.893450821212052,-0.438720409979851,0.451916068608334,0.278351699835383,0.257357176825083,0.143386112902183,0.427899388461909,-0.0521009285287396,1.143043494339,-0.726890637022439
gene416,-1.51094146028173,-1.41189091552215,0.516071623667067,0.110970394167076,-1.19945306433858,0.935259718167657,0.101398767508075,-0.124984551891157,0.28994667805063,-0.516728915549978,-0.270950871099811,-1.01665527372396,0.25389692716188,0.665379997251078,1.34569346315929,0.45794766459322,0.0488057441933481,-0.83520503629523,0.57095262243359,-0.0068841844136217,0.915396826913057,-1.71799046876721,0.151319386484168,-0.433789676377558,-0.0073300976019742,-0.290719193497038,0.143024036570959,-0.441307255513439,-1.30259651970322,0.252519898569874,-2.17737644863259,-1.87809362872466,-0.624957935428609,0.287720232970169,0.31129613873338,0.710386446572254,0.285753711979168,1.61869429966697,0.405035667830758,-1.94024205673175,0.327580080304146,0.108798533111846
gene417,-0.15770333297241,-0.795218576299286,-0.955363360684914,-0.816387669469514,-0.479825435545382,-0.93731067051103,0.318581949378581,-0.729221683658459,-1.36780133946758,-0.0922859854946517,0.638331361491309,1.53867245314896,0.0649335784727276,0.303698164524216,-1.94379410546966,0.545264936810068,1.55049443854751,1.58612568511088,0.570562432085532,-1.35781654601901,-0.884545961477898,-0.0652463689951686,-1.25078743633586,0.203679429146434,-1.21855427031572,-1.56621625155736,-0.740587117781147,1.46556005461452,0.176643602411448,0.0310219391320676,0.0782938157251931,-0.308985917085239,-0.258487122081897,-0.252473380715277,-0.307951197256104,0.491216066350211,1.09861420795286,-0.0811103250771248,1.15061587247311,0.174767809201508,-1.13021243293065,0.709978588296482
gene418,-0.0226778621936941,0.360584079840361,-0.990101122031065,0.165898105500197,-2.38975281296289,-0.808877537982226,-0.968831830126954,-0.324728766623975,0.443383879704343,-0.456965451831362,-0.114044877975762,-0.244072793288051,0.565752376165479,-0.215777780016796,0.237798560731808,0.620368116447494,1.07720471043508,-0.927686651117289,-1.29236434019002,-1.4771044176671,-0.417253064367393,-0.868755636435573,-0.372178503177594,0.0995008249579888,0.035748882900887,0.0468652963118315,-0.131882423112034,-0.536341005472132,-0.410122763933337,0.732612659645359,0.030885797152836,0.0438126364664249,-0.12390824379238,-0.001555969877933,-0.0915444294089687,-0.35790821992817,-0.978025293572825,-0.548342008820822,0.208306009780881,0.137318161742486,-1.06022690391491,1.56119569419853
gene419,-0.130099264987932,-1.56929007839779,0.0274301916623656,-0.807121585192237,-1.55767536003351,-0.497257920186216,-1.17851199677305,-0.189788303125372,1.34400762771155,0.436166918676915,0.179513471440582,-0.406486605088151,0.942866384063955,1.58231469484588,0.647695103378097,0.387030078497415,0.448373660182852,-1.47286445901999,-0.100432476260687,-0.48533257924729,-0.0518005200636293,-1.52999176223457,-0.104471519900301,-1.01203133710313,-0.172716472156428,-1.11781775534341,-0.127458282099285,-0.0372070207087714,-1.36091141004151,0.414934985156231,0.176599392494436,0.256898043255977,0.860772085492451,0.14544657120916,-0.227731528567765,-1.46753764830556,0.896976142133632,0.668794508712727,0.871524142902189,0.112597947382133,0.0756658840777154,1.37712849201258
gene420,-0.96865099722903,1.07126025301224,-1.43916163368193,0.0179651197712654,-0.954289409087233,0.560544218037092,-0.129283541442131,-1.11673395663799,0.0763896090888129,-0.153004295269644,0.834566666703313,0.0941469454534158,0.283252437321469,0.538045482197619,0.68143814679111,0.423404984275316,0.17108280197359,-0.0754467736841655,-0.893014015528527,0.354921031123597,-0.493760616718956,0.0879865205426078,0.481374645102519,0.868268018469598,-0.280836937464591,-0.620974803891925,-0.367421022248589,-0.535115794506928,1.43783955762992,-1.45545709453607,0.959894352753379,-0.580450028310539,0.705418703137341,-0.269977986291573,0.11113397043786,0.452505643788143,-0.162427536061996,-1.07144182474538,-1.58459347787232,0.358130372349004,-0.538847938222381,0.152767851372063
gene421,-1.65349862039161,1.37898251956388,0.368761232512715,-0.332945722163218,0.180227015328888,-0.871660639902124,0.951466300120669,-0.553077363927991,0.0584844528455176,-0.328437086054311,-1.31023162388012,0.586186252772088,-0.722693872624496,-0.448205889073458,-0.533225792590507,0.314218465697711,-1.36583685227057,1.14492578147562,0.189393634680157,0.252217141780522,-0.423713371533552,0.128996393697247,-0.447428894662684,-0.410204034394541,-0.377415600017384,-0.638361391734841,0.242021647321031,-1.91175975739415,-0.228769673853029,0.714944737822743,-0.438082671153352,-1.3014363038239,0.341620959206544,0.439210548657359,0.983186077739179,0.470651021926584,-0.731392819813416,0.0753144361646134,0.438156058528104,-0.518694049327858,1.11442336409505,-0.813376576467152
gene422,-0.600051001703222,-0.187465284546622,0.983817024019456,-0.475421164310449,0.200216078244414,0.0596737154086468,-0.454478750866182,-0.725581047912088,0.0284095981321681,-0.55550567909973,0.272333566576082,2.2168684735302,0.071844085765542,-0.46446923689302,-0.453096423978704,-0.343972957924157,0.485971843382309,0.207031487795283,0.428118647622275,-0.0327316721452256,-0.0918357243231373,-0.589045860534987,0.124674900540099,-0.587240984890584,0.204877298969146,-1.15249374698567,-1.23308341018016,-0.11083466004051,-0.517975035526912,0.925408864568933,-0.606869180941255,0.867267111688527,-0.562212704118844,-1.57804594550744,-0.521197674420677,-0.359630877096084,0.85950635549899,0.398443101361795,0.107890605063461,-2.03382010831334,1.24870973665481,-0.188488991852347
gene423,0.367851467607107,-0.299875420175176,1.454943671598,0.144435070121534,0.398204817809058,0.0481109355188737,0.474755979348303,-0.684865718317083,-0.858460477166316,-0.330517853435114,1.19220312767736,0.201474194057187,0.0433801435695051,1.43227676230637,-0.0153087551221208,0.486986226898544,-0.301073071565476,-0.427458344891811,0.413279735183798,-0.175657127057061,1.22602888418395,-1.14727984698596,0.676753522074614,0.331452971577731,0.0359806383480598,-0.0750730117695197,1.26882298022199,0.571014602293974,-0.0990771812451994,-0.348943191523286,0.648885377343375,0.106792048975753,0.94705603021499,0.188089279421029,0.575635943541333,-1.09491770487779,-0.318373945416139,0.260270822971835,-0.0235398300545956,-0.0417686775460394,0.525921676559582,-0.234778448373286
gene424,0.925923743167423,-0.114135696801847,1.52248746750206,0.913688778016624,1.03996578007489,0.230069853876828,1.26594840281959,-0.366115682024188,0.159930131730437,-0.796234845733549,-0.307435319962651,1.24100349420522,0.157320661432571,0.386479590884733,0.421685645482235,0.672787866787903,0.234139670369943,0.597609979964425,-0.872831237544577,-0.665714378414483,0.506128035526938,0.324037966080953,0.0420908558462895,-0.775801661092111,-1.30125090888628,0.656451558541694,0.290792836779163,0.905818286120071,0.758335879019526,0.626264500443345,0.0815172916381476,-0.902224545825254,0.453250980920675,-0.460355314092578,0.95195901639938,0.423998625907765,1.12690002645109,0.49781618030242,0.9094155553778,-1.59708851829612,0.170125282736332,-0.891195522267571
gene425,-0.349013785604097,-2.14694504952511,-0.839384797961485,0.209971172718747,0.0715689537531633,0.174181153419482,0.456524585249598,1.92056598154528,0.815289671178972,-0.0900310632696752,0.471234918385012,0.485376659539817,0.488208489517708,0.048920292276766,0.646647643431625,-0.298640005390164,-1.32898414223935,0.726329667472704,0.799269041317815,0.296227411517539,-0.657272472702831,-0.569831437341275,-0.171022441419416,-0.155531543142057,0.635629233898211,0.656906911885194,0.60279447013266,0.838713040854302,1.23742209080121,0.166313284758802,0.471958551912995,-0.788333934401346,0.352084943752968,-0.861069505858098,0.270126343358867,0.0423625163125633,0.944939263948078,-0.284162295471596,-0.595566124331633,0.275198833846051,1.12624567359851,-1.41935136430933
gene426,0.466069048978614,0.69601142614899,0.723305225970297,-1.11007912787181,0.0382527115255761,0.323449280895147,-1.70581219456725,-0.343092885059667,0.0083076020503352,-0.477447820396042,-1.17310915582194,0.365062232733772,0.402643024819941,-1.52497717711994,0.404094043269582,-2.03958843876796,0.263939702959751,-0.11697681243846,0.194395037307955,0.721231460504441,0.844518654167449,0.709990504359312,-0.611428652681111,-0.649554161615686,0.582987349601923,-0.271061373253559,-0.364395176390757,-0.513350122286216,0.438965605957364,-1.09260523086115,-0.414939317224925,2.10039664293376,0.0299500226646715,-0.106259713178643,0.806609624554989,-0.310864801807085,-1.27116707676644,-0.439724889772878,0.10257114260137,-0.311989368854568,0.14022366554316,-0.684522272870523
gene427,1.47773963095003,0.486600645182072,0.555622098013027,0.207451435408625,-0.659395259392151,0.425017741926729,-0.169985222340289,0.406561185845837,-0.466730560099813,0.0528365497439925,-0.218790181457973,0.751819269165961,0.772550843346594,1.09610247774761,-0.419086307013234,0.156824155824955,-0.0317932229939319,-0.749680455712659,-0.435246235931253,-0.390307204303643,-0.79630201386661,-0.512114671558612,-0.106060715561655,-0.247918198594148,0.331342075542846,0.163767165954236,-0.67068295451252,-2.07363324226483,0.816397229419533,0.161562638767474,0.802193849779292,-0.0517458896707518,0.144103912150196,0.503022859771066,-0.496530749115425,-0.325989191704379,0.408997413160716,-0.951993539534762,-0.134230192186854,-0.391191375581844,0.36548503777801,0.424194985067907
gene428,0.709286398632721,1.30030467732142,-0.290251344785603,1.16541327069782,-1.29495904748359,-0.184185379583297,-0.868846045886759,-1.84364241581311,-0.422450558076948,0.43299137163394,0.473979886166378,-0.710808471127065,1.52655471337129,0.769497138499027,-0.428892437150702,-0.542896307194521,0.063389883212137,0.0514976988968491,0.613976202298507,0.476208830031683,-0.319899369467804,-0.0452982938653976,1.24071129186422,-0.72920755784516,0.268253530834387,0.441877334449309,0.503314992735511,0.583443872119615,0.368630315220866,0.259886603801936,0.077368871780102,-0.37450094029368,0.633050520202952,0.150344054813297,0.972848521681972,-0.558972530824949,-0.410495451908825,1.0129647125665,0.637077672755409,0.828937384810808,0.120832249750105,-0.57476994949065
gene429,-0.349765961066452,0.743047960968839,-0.00253290060375,-0.210941913083246,-0.120795055985337,1.51060585462413,0.406847015837164,-0.816100206953086,0.281899929921444,-0.281712535595724,0.677662581199353,-0.351367579582331,0.897694067255448,1.0653328686261,0.127284777572954,-0.442317641269684,0.309925649015939,0.710833907356508,-0.435423283371448,1.68169957809342,-0.70254447253144,0.402158990867981,0.387977744366046,-0.201339270250745,1.27270290801885,0.201536225152417,0.745263981735472,0.711248462189162,1.11844655367567,-0.78780783438438,0.0111245860089226,-0.13771837480565,-0.577863763740989,-1.15369527133106,-0.253577587287752,-0.363089257310688,-0.592954886038024,-0.60568306656072,-0.671409737294333,-0.467170224147163,-0.0437978464676589,0.187578854853102
gene430,-1.25748056768018,-0.808425508250946,0.217595042179546,0.15626248166176,0.65405704901294,-0.853598189710288,-0.460094624706332,-0.437311004779031,-1.02337165815719,0.0850870476191831,0.39800353259628,1.11846872497687,1.06408481618608,-0.90617075648847,0.404475034502733,0.0440658670198059,0.537618266520039,-0.282544962298036,1.1410496334341,1.67014711740185,-0.0518082002039126,1.10486063972433,0.606293136439685,0.0136958732407406,-0.325639356164053,0.103131573121129,-0.656884134734696,-0.300048130847155,-0.355121545814492,-0.626816969816581,-0.351475962439392,-1.22013782952007,0.230756509093355,-0.569080990488205,-0.635442739676861,-0.819063084526699,1.1634670756171,-1.29946333558933,-1.01212745794758,-0.980911957736579,0.483257838167423,1.25430069786165
gene431,0.29624129288905,-0.173909325587463,0.563510910827607,-1.4333441639339,0.868459039130424,-1.39398892272956,-0.408218082436501,0.421102543465442,0.071547698963491,-1.90955052524897,-0.347698397733524,-0.295979239307593,-0.746862323234537,0.427934108891735,0.768599137439686,0.135534528456714,0.0762225628943039,-1.26347989737917,-0.640515756511328,0.293078415477092,0.886938635859714,0.0118480067066332,0.192463849470901,-0.532653412932909,-1.27400941281277,0.327831728235545,0.127307319995244,-0.21230560351602,-0.206622127736436,-0.483885882358733,-0.571118280352014,0.669968617069027,-0.780660809752553,0.676220897986621,-0.118061835074356,-0.339910452265195,0.83749122063464,-1.04682390106474,0.22674927337468,-0.79197067829392,0.106993725403672,-1.47025614031073
gene432,0.185430974766405,1.13045606276697,0.160383756687336,0.0057241749032026,0.318784751649056,1.33067380068128,1.25944094293165,-1.13932018074725,-0.861226273886364,-0.291346030373079,0.345135525616302,0.252054492530992,-0.0664793698542231,-0.208201893441382,0.570239795433591,-0.817827575762782,-0.1718045779205,-0.979720766278528,-1.13737757412007,-0.951197959878552,0.246318477752664,-0.328850180800352,-0.47286466620297,-0.137738126954065,0.236055801257766,-0.584880811373371,-0.819257915447416,-0.163683088169303,0.377255797984028,0.75200836303918,-0.626136014474036,-0.505969902199082,0.934272767655376,-0.37157727960794,-1.3037362539153,-0.0310170921340841,-1.61412017653966,-0.0564653418000727,-0.376889359327982,0.0254288627774128,0.637239284428133,-0.525418242468965
gene433,0.876187923040781,-0.0488122687458292,0.0710338223942197,0.587864639034192,-0.378441315574225,-0.0194026894170792,-0.317405800133387,-0.434359780419069,-1.33815412299993,0.651543817593843,-0.868130530697606,1.13657510963959,-0.201262909546244,-1.71194322646714,0.165015354694132,1.20524439867877,-0.789212267586165,-0.340360794713112,-0.408444986680784,0.518598589529378,-0.765529251934541,-1.02821915947983,-0.380196822112312,-0.352741420957024,-0.232842544372126,-0.238660676312764,-0.0770071562254684,0.479215186865208,-0.76917692645166,-0.955507570385347,0.868601477852928,0.137723829022092,-0.248411071045757,-0.0493511084236882,0.98060654073821,-0.365154588423861,-0.255424070469708,-0.390357346982274,0.94152423233839,0.822050740947318,-0.452618372240991,0.761837321002627
gene434,0.74932664630476,0.445163255580086,-0.84400978393755,-0.068338708620684,-0.160533815525196,0.0972936816351083,1.70041268655316,0.544554687900104,-0.0749859887835696,0.526638966366715,0.557505695539054,0.927318048043852,0.520046431676786,-0.0453088389918546,-0.964557397147376,-0.184864684941739,-0.794231598485461,-0.556426124431822,-0.36900944550107,0.581481087591892,-0.444130346492049,0.0035203806152803,-0.838023158568552,0.484017436961507,0.19251629344112,0.0937676176388551,-0.257083904560592,0.594272801094565,-0.692914497370302,-0.323278101045708,1.23412178067507,0.564990793704017,0.160256191701445,-0.0569155086540375,0.289946719579852,0.767179901458136,-0.872168574758592,-0.12644429177118,-1.08811051786642,0.0334636924935071,0.186324851226904,0.586894517941733
gene435,-0.244657655139565,0.687550544083446,-0.282483010668827,1.25927540107772,0.485688387355601,0.7726275485167,0.00176971038418,-0.319650576655536,-0.127046735514835,0.224167028966107,-0.673008570394654,-0.332196850642579,-1.60901048238363,2.21044023664116,-1.54287967543315,0.0653710651146628,-0.637408881275843,0.0346805096451483,0.837524693689431,0.423459495141104,0.269572509621226,-1.55044153806623,-0.702978218885754,0.293006854784602,-0.939331623139742,-0.318147145642612,-0.409529045277869,0.457557119989551,0.0615766350864193,-0.414529717388456,-0.310291444683098,0.633444958294045,0.262660790384117,-0.595405925530635,0.687503488603505,0.199767608481381,-1.28140846564679,1.01217000323965,0.290742083375771,1.52619443371965,-0.509428445905946,-0.69108846508058
gene436,-0.588202228433108,0.70466439992519,0.0810459009800391,-0.0203950324328045,-0.0591938861730381,0.262546656713703,1.08741641729464,-0.0941021721023395,-0.078954819919432,-0.443140751363311,2.32838379628869,-0.565115141795561,-0.374637881973653,0.76544476000914,-0.305161158236298,1.37565675376932,-1.73631221449913,-0.371300607871803,-0.42208586051538,0.0642541067691074,-0.571145092353153,0.919221510551603,-0.62634404794807,0.315142217661499,0.57347834555473,0.40698308055413,-0.503105784807034,-0.325024776505077,0.190129795244949,0.74231249544019,-0.454536737344824,-0.806828314526419,-0.0280770418917851,-0.918824677027614,-0.378848613663727,-2.28029398972701,-0.23384283360545,0.751404671673873,-0.26595456753388,0.674082494481367,1.0454443452236,0.566776832347227
gene437,-0.282349987325467,1.47560680494476,0.929310357711419,-1.04739918601139,0.797688512007913,-0.027557006265631,-0.385740262581396,0.855825424468642,1.1581531642757,-0.129340897003382,-0.157757603549906,0.353949926847785,-0.164687488669627,0.383827459395835,-0.0015253708972034,0.0131262656367652,-0.313528406634828,0.820759802553884,0.701260801596636,-0.554868276929448,0.510058313371967,0.29616693331918,-0.924575681272831,-0.973874688070255,-0.07284081171471,0.638648838249143,0.627061167353934,0.359439156110786,2.33385767939667,0.238466499822617,-0.372564012321465,-0.851782606338279,2.12945020570444,-0.162418602098941,0.28999586744037,-0.121537118205775,-0.822994202608144,0.162462213167678,-0.153574664611089,1.02161619457109,0.403409556841007,1.04227316789913
gene438,0.286694580175666,0.836324034784339,-0.211342563263764,0.0190892077865342,0.43599221973012,-0.853852277160449,0.605754689154161,0.655439730058146,0.0492551770802901,0.900360483834952,-0.174021046948912,0.506651005980025,0.0656287040779314,0.129019448911763,0.768280301286353,-0.639676990142908,-0.157062460901746,0.161498323440189,0.209757403156307,0.773998715534796,-0.340951519113495,-0.184115774932203,0.0236695404624992,0.92959820193473,0.721882615605039,-2.01418371924629,-1.33754718481599,0.157193947946326,-0.937129304667465,-0.288263311720236,0.769025468736703,0.656720586722435,0.509569767217181,-0.4723460561717,0.522442893234695,1.75931384164376,0.711449066333159,-1.67917351406658,0.084210404515311,-0.158767725876379,0.0910834959094189,1.25074249915748
gene439,2.30604115154644,0.191966603917841,-0.183759214038539,0.498082867120578,0.123691506223933,0.066609951186427,-0.778593407431296,-0.433741795032035,-1.36936522663544,0.580249599017272,-0.297693589607758,-0.278351029279651,-0.22589391949829,-0.0463501546026703,-0.846681052589773,1.06380466801928,-0.759041218523378,-0.528117328680734,-0.030408196217444,1.05234717491484,-0.38849749647549,0.0670651913969469,1.92059832163279,0.695649521291975,1.71000641790381,-0.605317567453359,0.524133192461864,-0.785601076574522,1.23991468126575,0.317333942352383,-0.265151602318428,0.201709850892167,0.45618201885893,-0.215457438429759,-0.608134904312567,0.124373807907465,-1.75943828650946,-0.372352637045588,0.179791054143345,0.770148247872036,-0.525092577736765,0.508521653001098
gene440,-1.34201410980394,-0.52136664065569,-0.0452715372343839,0.664792848688696,0.433862317922372,1.75620243975198,0.445342259003955,-0.54859712588815,0.722831584084991,0.119934724342583,0.734022451144771,0.575007828759195,0.705958316744621,-0.022855314576576,0.712973994143262,0.171098055335049,0.599460789128797,-0.486342070826042,0.243226179898102,0.0882503674483267,-1.37100397792146,-0.788834515455389,0.310996281585993,0.337122781675354,0.541231996845161,0.468867087244607,-1.92778014062225,-0.568447811464744,-2.02033366716628,0.373722060957365,-0.133399258948098,-0.052208987117147,0.584353883122488,0.0452364875183384,-0.15958255009909,-0.709759923565654,-0.831457116254642,0.830203085329417,0.0171662505703388,0.329059229708557,-0.120547983090584,0.703877542216082
gene441,-0.350983008994782,-0.802113626392304,2.02757551894232,-0.234770664660648,-0.156183330217719,-0.0412618692193304,-1.08715285374815,0.205613154197741,0.0002064734018381,1.28088883271687,-0.823331183419719,0.677133791025439,0.495334439562187,-1.14022760118181,1.26658661973774,-0.22424503429537,0.127488265992404,-0.29843871692672,0.435660809583382,0.573820887675346,-0.530024091029181,-0.795915256844107,1.90049479259437,-0.128053029701893,0.582111578444169,0.147069124734855,-0.127585138996143,0.328062371187774,-1.25303579044614,1.21429665073951,-0.416210320298501,-0.0960261273300313,1.449601646184,-0.685968336465238,1.18103261330932,0.618790695636487,-0.120075800186362,1.44295549122648,-0.265603931600312,1.11436524809784,-1.0980905086409,0.501939057197839
gene442,-1.4186982022095,-0.666227589642374,0.385796416741001,1.0785317665161,-0.049599409027844,-0.314183836748259,0.83348376781939,-0.90325375680081,0.913746860144742,0.979211868284794,0.0259248005772356,0.559301314056819,0.278968421605298,-2.05564972828887,-0.803915778317083,-0.101312122166222,-0.716012752437354,-0.0803762374427442,-0.0542359944036174,-0.179575967764274,-0.0963773590426187,0.676349836212379,0.348557668438919,0.967605791009374,0.210666896425806,1.12593201076066,-1.03340078755538,-0.0397660216924669,-0.192884359359947,-0.429797487264192,-0.243031644074205,-0.24278929261914,1.52010588538854,0.628724830719931,0.434353860470943,0.251932574133878,0.567766707405203,-0.188453460671795,0.289486374864442,2.05133159256764,-0.233564204979038,-0.290375388477411
gene443,0.634520919796571,-1.0571781336541,0.753492083273128,0.0764560428198219,-0.159325148384772,0.351973561931783,0.0996926308654087,-0.288950794802543,0.266979138621077,-1.08982249853763,-0.128509381237783,0.509910343802996,-0.593395935805565,-1.98737941175369,-0.278044119779859,-0.0649846758757487,0.63037471594023,1.53331467157641,0.526714744457035,-1.13578360307515,-0.777672465103798,-0.680421326941129,1.00884138834816,-0.672640543749792,0.061168523307978,0.0145524781404287,1.91221007258355,0.142389169462212,0.379654709294897,0.239903676321976,-0.0317076813496726,-0.180433337733296,-1.0290271524212,-0.0899167660514794,-0.148007683193924,0.595149131210013,0.59813933653478,-0.63973920397569,-0.832202963361537,-0.0542886891005246,-0.286029286999654,0.658542330298339
gene444,-1.62081565660649,-0.983936743582783,0.714845509517953,-0.288930760173574,-0.618418368666891,1.13110905766349,0.968567837867392,2.00983459439981,-0.221169860364984,0.143056401804338,-0.247418196186687,1.03192368182765,0.258622944250922,-0.108523686808751,0.0536695740617983,0.672163401088214,0.435354777458458,1.04364193766182,-0.943674335021447,0.69624482822956,-0.0396964091851779,-1.75314578270485,0.667207839453769,-0.527117649042101,-1.25699272238887,0.245547762671649,0.332537829926871,-0.321377232967352,0.24546167465675,0.665359805867911,0.730769159686565,-0.580491191029709,-0.0641482502082044,0.265493187679208,-1.61068607342868,1.35978326045018,-0.011814708151149,1.32405929216245,0.0392200973259775,-0.462308835106912,-1.20649431567039,-0.434065404744619
gene445,-0.353306804180978,-0.238732739701218,0.364135091769229,0.67158309945776,0.185679104495398,-1.65623064462891,-0.755924146875343,-1.14392507097043,-0.806467374723977,-0.11963728519697,0.1200918497835,0.911173283736471,0.702128707106013,0.0080313655991126,-0.279729868259088,-0.453818193842931,-0.54113404045872,0.180081033253108,0.660619554246649,-0.346008858797936,-0.0102214364176152,-0.111869972381159,0.310461384864938,0.553639836279131,0.496327869648577,1.06282481227886,0.0953518840052167,1.1176022364194,-0.274725267994361,0.52499433743363,-1.51661431848174,-0.68826899084805,-0.73626114577615,0.245801155308969,-0.258211133606147,0.670362929490989,0.902999258015321,0.186877384485242,0.362379838047162,0.0597663605845115,0.464090816206846,-0.111894878565357
gene446,0.374935751612473,-0.078630863964979,0.141880195544815,0.835223296252304,-0.644704609233022,0.566507948648917,-0.0283210712039348,0.464140745584764,1.08516793307717,-1.51888222220219,-1.02341390062227,-1.02698039044812,0.13009608669279,0.0062167207431096,0.223924412131323,1.77482885522243,-0.134076214009759,-1.43870144729376,0.588097298401226,0.0476229566465431,-0.459683235037834,0.0592331682792672,0.520340115619457,1.31988103303538,-0.192754835278422,-0.132777539385798,-1.59527128942609,0.649927671667194,-0.753542937720204,-0.774883981422278,0.667815186724679,0.22790019847118,0.223958031643084,0.282825468304464,-1.04828501893658,-0.425380432000856,-0.863314366750005,-0.474760851844639,0.852571145899003,-0.587789822020432,0.0202226176026534,0.157945551033221
gene447,-0.430561288406269,-1.10103349101075,0.652451568710591,-0.0224835359125944,-0.0913302598816187,0.851740228343289,-0.612397207098197,0.742813234571999,-0.0741636242599788,-0.399589141979061,0.65456917703151,0.914606225528123,-0.933526731179666,-0.835254121131565,-0.347875581237775,-0.171731364421083,0.0424681899347599,0.410233055714689,-1.71648368394841,-0.545304474434009,-0.303997101027861,0.261998562390993,-0.446492623265104,-0.889611881835423,0.675333940778426,-0.888487897967862,-0.19239231287234,-0.505985263696812,-0.0530870835976378,-0.419090395174783,0.209397892093329,2.16375143736833,-0.295939707360226,-1.08811028624095,0.314142517572913,-0.151486948346561,0.391371417942979,-1.62649616081718,-0.519049594991221,-1.17303918017787,-0.0024988356788164,0.313565538218379
gene448,-2.23269514588509,-0.167181797580783,-1.10229644016294,0.625414387061964,0.407793453933738,1.22828938174259,-0.473114603194949,-0.72312055782045,-0.581397904272951,1.3445552438894,-0.0618724587956456,-1.62962060495016,0.0438891642844475,0.583711180494332,-1.07857529023929,-0.927170286474041,0.0740926414656934,0.52691496954748,1.81550253550174,0.709908095032276,0.109855215279316,-0.537660373023387,1.43488258111876,-0.660884332904696,0.710078297013845,-0.283204417096407,-0.125117700972471,-0.294234749029771,-0.324659309989742,0.255887729109302,1.01641181117212,-0.267677191888472,-0.648985154008361,0.995219478434374,0.129437007784628,-0.31240915563643,0.666007839073908,-0.755968745888658,1.69186403998709,-0.276410961321992,-0.113424486753259,0.272263668401166
gene449,0.269033604822528,-1.01922663305346,0.651987116450204,-1.32048701868335,0.236349189516324,-0.515856591853897,-0.457614700033855,0.444650169551368,-0.0487241462836635,-3.75048551682781,0.580597876452059,-0.52946056732776,0.0118227688647179,-0.461120069420468,-1.26176422438134,0.177646637774503,0.385667590339992,0.228387119582318,0.361375378098991,-0.760498535315643,-0.0184845208163893,-0.319855011187281,-0.408781251011089,-0.738571636976175,0.368882045157153,1.08203368818893,-0.412979295855055,-0.260938748173562,0.15172938429658,0.727913219617157,0.797067483996867,-0.280735849139658,-0.155477954861769,-0.356944119216524,0.463818893083817,0.283024642892529,0.837406162712697,-0.285507157443793,1.18361162940961,0.339807176191595,-0.580261612382088,-0.391093756718325
gene450,0.179544205659015,0.960310655912305,0.4745372785922,0.517042901258015,0.660414417192315,0.661204834033069,-0.660858224110395,0.0616855124705158,-0.511186557161401,0.553235470074371,-0.281721127428741,0.774926382394529,1.18306280872665,-0.465382797866024,1.1835669226647,-0.334762550317864,1.15789231202584,-0.527067206956265,-0.585748495545892,-0.3021413885789,0.0801159793489507,0.893362420205689,0.82521688492892,-0.219362436996338,-0.180133550431893,-0.621206921945917,-0.0351359572475804,0.947788741849892,0.167815871623181,-0.301731062348637,0.243010818782233,1.06429170100309,0.720325036297998,2.58080762215182,-0.225960622343736,-0.557724510894841,-0.681218270110142,0.0164801794409748,-0.149687823680203,0.0159322443406293,0.0516530586332157,0.6104863195271
gene451,-0.786699031497014,-0.0586693420233513,0.562793590549303,-0.431207941029015,-0.920258128884521,0.464831315544666,0.412474739258579,-0.166270964355191,-0.191339478390011,0.185895204537072,-0.461615561589814,0.585334859344377,0.77238831634268,-0.145346547402166,-0.459034091721683,-0.743391077888943,0.971693970925173,-0.171810299160722,-0.167722127382395,0.944686280633883,-0.652230352417747,0.483762234874351,1.21497350598179,0.818457424536435,0.0038359163619298,0.44397249752793,0.346898656560975,-0.285096446648328,0.414151740517476,0.812742651362771,-1.09694065362619,-0.0464777916717429,-0.176298814853245,-0.572089008157875,0.983527243768582,-0.255067205921451,0.0791941322986956,-0.0394032992075855,0.394471937988737,-0.459677375733117,0.30179048251194,0.507333413842251
gene452,-0.416583031055632,0.692561095437917,-0.673566783786842,-1.17137264124691,0.811583658409484,1.14023890401871,1.21344625262455,0.804155277120927,-0.221479845850292,0.780231774260318,-0.426347143769897,-1.73169733097863,-0.870396939174661,0.227600086371302,0.313491950485357,0.540029058778576,0.374350171464064,1.05307723248724,0.380627037001163,0.282162238277991,-0.571822269379258,0.252313746958126,-0.438777250790531,-0.339330288025905,-0.361017778971883,0.504502590859554,0.307212443822113,-0.509536879871836,-0.0762904846414317,1.4148372240623,-0.116736450556845,0.272744603921981,-0.306980577354584,0.180411994910067,0.45019141763806,-0.0904691011270191,0.273699456608835,0.25178445521388,-0.249879156314795,0.541236203607264,0.325600742804038,0.34772690071088
gene453,-0.292713830274556,0.884553111791749,0.412743123958053,0.78855572599064,-0.171701918876696,1.44455213164529,-0.0702878584944376,0.668648486839834,0.0404669757245609,0.0763631715741611,0.0469289023639019,-0.100479154368313,0.29003413175048,0.942176233022332,-0.375234811051085,-0.312337350655516,0.397921847831963,0.0089995290720809,-0.108242008040855,-0.207347882319125,-0.05753268674287,-1.98528516338569,0.592144300647276,-1.07014687094354,0.67575121104355,-0.170620179653153,-0.997094556980648,-0.345396816047033,-0.534866863380415,0.186382703244732,-0.238853673599616,0.505958106291821,-0.473832269282693,0.410428908209128,-0.256450075942329,-0.642464384981429,0.542446525570778,-0.456896541869467,-1.2471247116613,-0.332350119488943,-0.859920766070527,0.127442807117111
gene454,-0.987074271922138,-0.888953136051344,0.927534505791067,0.671496058471716,-2.11491309580837,-0.017365945885461,-0.421400870402101,-1.07625556047925,-0.260147402900109,-1.18518575587248,0.536195486813748,-0.118035597552687,0.272536312269415,0.21878476088951,1.76891019305414,-0.0635811897611617,0.545239768138066,-0.0309855102873643,-0.241295440373031,0.648253090002775,-0.942105574542959,0.638426103607849,0.222786359675622,0.136260059063825,-0.0279998802268625,-1.3983744489889,-0.0985936907156566,0.623715122563336,-0.224991381239326,-1.53788561406463,-0.0570435685921242,-0.243393862502489,0.667342387339474,-0.173156351329701,-0.0809148177998268,0.181355573106284,-0.412557510627069,1.23416510242165,-0.170676386279721,-0.530770276363452,-0.630182221912199,-1.90112153083814
gene455,-0.798826056961741,0.275977229529828,-0.670703742104994,-0.455604675352855,0.871768825637581,-1.04533325901753,0.327174152589473,-0.960383368723486,0.524692522633584,-0.712327506088317,-0.437365912294095,-0.0979648671596258,0.223436289304013,-0.657167964803229,-0.26886619427388,-0.554346392938323,-0.732272124377967,-0.557907697380474,-0.867711702641109,-1.83637051653232,0.865660606953471,-0.678581601786784,0.364042225991966,-1.04611597930392,-0.454632771859828,0.155644972390826,-0.817758444540043,-0.429803852673004,-0.260498187268937,0.655395957662516,-0.85692838011952,-0.351539323041692,-0.280361292746717,0.661173341816959,-0.595913416208719,1.2134223633823,-1.27822396978804,-0.68398452727951,0.922828810493864,0.519630933756848,-0.782927177838764,-0.0672370942592618
gene456,-0.991740387401308,-0.522237743738266,1.31190540226139,-0.975016256361653,0.248038212037911,-0.701174919628797,-1.07771399987497,-0.0729700280963057,-0.667552298920453,0.282687611163185,0.831774687595094,-1.16215098144233,-0.0439499722663109,1.55740593559305,-0.364484453930085,1.70530852091336,-0.354650123541809,-1.07423676932152,-0.239509650259355,0.726266843630804,0.911337944071363,0.995725683859307,-0.13351495798206,0.245999452963969,-1.07551953270007,-1.48944050544746,-0.50109038801382,-0.153109572597433,0.56174235734024,-0.264249811274526,-0.782167514440384,-1.35175912296065,-2.98913214142293,-1.52868994089707,0.0280139669632884,0.788276145325494,-0.362004459857812,0.174920520056594,0.1665447796566,-0.634589720632672,0.280684479441498,-0.757562535704259
gene457,0.512507540228566,-0.997238497719276,-0.381888182092639,-0.213287737309376,-0.501772876474385,0.217156909043549,-0.528820028839816,0.561118431532078,-1.11066947890536,-0.198179332116363,1.29219134920269,0.107038034910922,-1.46766132066609,0.592598293084037,2.15381557860519,0.174359346939922,0.411705922317311,1.41188978538273,-0.186447631005306,0.265946631705108,-1.05359078696288,-1.18994248703641,0.640249729604275,0.254596411891665,0.149210677713742,-0.383181028359582,-0.299432108525875,0.204281237189661,-0.405047608860482,-0.0039120976096335,-1.03964227549979,0.442244055912527,0.345094433869248,0.714951920214058,0.292019128002807,0.345180983521032,0.865418676441753,-0.531951227908537,-0.403229392449271,-0.821305448092886,0.243109275968246,0.998293612213679
gene458,-0.019915260109152,0.148964778568695,-0.736729148062112,-0.32164707046465,0.666548691582859,0.660963927066067,0.391275365463202,0.448264097936427,-0.425991647753355,-0.960544213968591,-0.370706895326667,-0.324914267887277,-0.0272973834457571,0.030390869526948,0.900293536772935,0.366545286280749,-0.393004862986535,1.0938448701032,-0.124233395804453,-0.0760702598632582,0.0057166059109311,0.336177652547615,-0.398262576112569,-0.30930773292504,-0.549033119563394,-1.1679399898285,0.293724420438849,0.32794085238406,0.56272891214155,-0.339021162049095,0.428359745605128,0.246874479265308,-0.339069887335028,1.06343560460741,-0.763427224671192,-0.948102397410249,0.96165483486537,0.216770292895275,-1.16029663654535,-1.20616244435012,0.260451349848428,1.08315743798766
gene459,0.488151268710361,-0.0239071617019834,-0.205255094816407,0.346465917253531,-1.56533821149025,-0.0304307379327893,1.3014319959698,0.607331122840868,0.723236447817809,-0.745047775669587,-0.928495724486156,-1.41724596523076,0.3539787422797,-0.858527603521095,-0.6746974940503,-0.253567869565436,0.38110868155993,-1.71181768501558,-0.0539455654516354,1.376943894681,-0.0864611082906525,0.303041429865092,0.866982359134852,0.0482196085227276,0.345552847429797,1.09224378834065,-0.0704948273292145,0.631924947536811,0.521879942431243,0.666968624784072,0.260543774671462,-0.400184131494959,0.165546688515913,-0.531734467166353,-0.640663236986814,0.721056026896551,0.882699479366298,0.0527679532854961,-0.771578356505108,-0.869265036637289,-0.3981961282993,-0.503457471371822
gene460,0.410796164550757,-1.41429644886988,0.853609000007831,-2.02356533684062,-0.78057334972218,-0.655299609501162,1.30747278314155,0.393002206881973,-2.04432730553246,1.26254605166684,0.217369037596819,0.114146723214408,-0.414494161319341,0.256757151661144,1.40973626601257,0.560586386176336,1.98101581328439,0.687511238607796,-0.934231165335319,-1.94777476658568,-0.20956016493397,-0.841711406393,-1.26093883865837,0.179949829569561,0.190275758374356,0.730966518449276,-1.81931251176562,0.657198328664849,0.119376265874414,2.23156077374536,-0.648072718740806,-0.14681172476658,-0.792816810238382,1.05687441426315,-0.214836148145629,-0.559046032095794,-0.284522490893043,0.724365117584105,-0.401486168215451,0.960042316920704,0.0716633549901766,-0.349791676482823
gene461,0.115184359377941,-0.331316255518273,-0.0823444684771215,0.832270710218132,1.48529653283882,-0.434746787054373,0.197491831865492,-1.62193575141547,-1.32033880656696,0.490573161230499,-0.762195130786767,-0.30913925777683,-0.271314538023955,0.995238789162733,0.130556531438009,0.510650593193909,0.500328894931488,-0.0474777325958222,-0.263172030406804,-0.412230952595625,-0.612788149161535,-0.867286593800677,1.11776371996904,0.695936229742757,-1.08296046029848,0.0955764466198207,0.285527274268441,0.635687116259634,-1.15890924884993,-0.609564061512157,0.307950961440925,0.550069667077952,0.347875220286433,0.860750857152829,0.844114018099085,0.525706484239598,0.0065458602457775,-0.0536548661252342,0.582175533463133,-0.490692690817006,0.743782490949119,0.277781876176439
gene462,0.438942229915835,0.341159712330098,-0.774195669671087,1.52531620808019,-1.00070749512348,0.713106392323201,1.00393988563576,-0.536776869145581,-0.822934126867149,-0.489709032027963,0.532093057225966,0.20869964095283,-0.841368951327277,-1.57722901415332,-0.845214556189016,0.120936994833228,-1.47922504652287,-0.989390539736541,0.0689659671291656,0.823516121286207,0.285108399003089,0.483283179071959,1.6543744043514,-0.526191374519408,-0.107204590322249,-0.141947046409319,0.172165057390787,-0.247100265566121,-0.840369552679327,1.23634983566976,0.185038144040645,-1.12353126793376,-0.583279526911483,0.894323354601959,0.279920209733741,-0.769623058168581,0.514872855276969,0.552971290723729,0.504903353963189,-0.159913208635836,-0.0754891255257592,-0.956850738684167
gene463,-0.583543439224149,-0.212666922632366,0.077388790740679,0.492524065621544,-1.10718837744142,-0.901024738624469,0.489333889230377,2.1016458572743,0.756913185278588,-0.239040387918766,0.349954444264608,-0.180938519295862,-0.536021655743729,-0.322274590279741,0.485246276075106,-0.693604473310211,-1.26923619733635,-1.01729736551959,-1.58538940367517,0.431960513001801,0.318566362654403,-0.204421555385928,0.813819829746155,-0.20605096448644,-1.07356816976304,-0.220949666483526,0.84552344143731,-0.0654455101804488,0.869866697503383,-0.449979035466402,-0.786336257674795,-0.154148614640036,0.478190753048215,-0.922380752531953,-0.645393932878757,0.721048971043203,0.651099473062313,1.27310830937929,0.558695492126535,0.831908134653983,0.792648642991453,-0.548892227588385
gene464,-0.447061552502182,-0.774326464610459,-0.688313570706194,0.210474473610594,1.57923659633791,-0.267563448534503,-0.417151399303865,1.09505358189096,0.0049260484454298,-1.2357786115039,0.488821790568984,0.229220854228272,0.548502973995835,1.44262782543579,-0.427941952408368,1.08144742978675,0.846288803492974,0.620488117023661,1.48322233606005,1.407405379048,0.182659685771065,0.850363880116732,-0.992658580775126,1.05612853228582,0.0840594849652241,0.456909599076591,-0.289678259068822,0.331072163016721,-1.19476297185019,-0.123636413959205,0.503585821861015,-0.738897481414842,-0.818441826533203,-0.044216499502782,-0.288960911166485,-0.266250160727681,-0.415467095463465,0.204402531314844,-0.26800881957689,0.234979197905758,-0.72962320967269,0.139392514116523
gene465,-1.62834770326621,-0.244745632754933,0.360116827393285,-0.193877570726411,0.303562024747536,-0.447463467034934,0.931058640051821,0.0965174722352231,-1.52066743694671,1.50849094575371,0.719118930299716,0.202694509314199,-0.873801314641324,1.73895459260193,-0.496337183789507,0.412098291692483,-1.77701291805382,1.30816670120571,0.544060991660759,1.85430737249659,0.526166435365013,-0.713032121246969,1.64946267324189,-0.897514193987563,0.346874895035468,0.182582912904147,-0.174605999651905,-0.352729780824138,0.286579501632733,0.445226085398501,-0.209288273187467,-0.376636699592414,1.19287976458621,-0.702735777938404,-0.0857623794438525,-0.137065191676721,-0.0867906141452768,0.176347497108678,-0.0094230173772425,1.04692159674355,-1.19808304092556,1.22149259703067
gene466,-0.368385954849968,0.32112434691778,1.31379258377497,-0.296014117467602,-0.754297706166979,-0.203001180222527,-0.115949136284963,0.0793260244838083,-1.13448454091029,-1.22924798383376,-0.325178138728792,-1.472858080028,-0.79124639188429,1.46824417422782,0.734237457161914,-0.184113818416164,-2.10304209852358,0.483891962301623,0.792059617958801,-0.359829124560358,-0.62308337535527,-0.396149551653487,-0.0099709677537204,-0.466680186332988,-1.60946634326658,1.56626747994272,0.581437421742588,-0.793112267307089,1.11965754597432,0.612928281392923,0.349142168570752,1.63618747249816,-0.590587748826077,-1.5607597394985,0.15601190322212,0.932599975341032,0.0557307095170212,0.197696800779233,-0.661527334347664,0.310823684419206,-0.326611994537217,-0.152333338896056
gene467,-1.3014009106298,0.677501391371341,0.839420322652959,0.961466327267385,-0.612120924974964,0.105889953392383,-0.313137140020637,-0.0462778400390365,0.328343102534053,2.09482557171952,0.53966398296153,-0.296424347915041,0.245666461853483,-1.60395424659228,0.629424844547883,0.538311590989821,-1.19338999605429,0.769801009005787,-0.701952835543585,0.0824657405804702,1.22757640012154,-1.5211032725398,-0.699588267814715,1.09824807582437,0.442123592540767,-1.34059340426337,0.445471691621159,-0.471047757650413,0.569919232020905,-0.096285730026604,-0.0055730330847647,-0.811813652669686,-0.690983475919495,-0.491224906048171,0.0586340549841352,-0.636457587248325,-0.656481374848982,0.0013166703240306,-1.48443914510022,0.638551355716962,0.350968193423296,-0.166833532844208
gene468,-1.58394924233931,-0.978292851703478,-1.27768439258411,-0.270198906426617,-0.809698276094574,0.662124640956917,1.24888682156142,-0.413013476532213,2.0233342141661,0.273647054568463,0.495128308402799,-0.517737621212842,0.218363770750631,-0.369811426761775,-1.03358407912173,1.44566056396808,-0.163346940961389,0.0174185197347887,-0.0364642658310467,-0.088174441105207,0.430067385525316,1.36758620174619,1.14633659550847,-0.984968970318232,0.974925760914915,0.486174677691428,0.552758205797827,0.815554588138301,-0.073657823363176,-0.0341733690977958,0.61739357030381,0.0104514563265369,0.430496903087417,1.56660244509639,1.75562912464946,-1.05911080655271,-0.25467766442872,-1.78167725976798,-1.10768366656736,-0.568682095291716,0.07431507768396,0.562884771082676
gene469,0.863749388160367,0.151795613342346,1.16052731923115,1.08418024214368,0.16783733690783,0.550513125808355,-0.590119569350045,-0.239390023817407,-0.619080581271053,-1.28411487547527,1.58613930725024,-0.125302532757418,0.392919080725116,0.419525550976885,0.267038759161976,1.05644930003764,-0.301442442265205,0.272469338298137,-0.992890654713772,-0.840362930952756,-0.142820502527117,0.332066181862471,0.195868255740862,0.824905164936499,1.33130665993529,-1.3583407701572,-1.10142080262647,-0.475016162577981,0.108518091313365,0.58958958258225,-0.0994405499238046,-1.2325081847813,0.0550301929554438,-0.208053545191542,0.893459797355828,0.641887004808264,-0.58309669046779,1.4833671383698,0.419343332920302,1.14454626777497,-0.0959510563758444,-0.140989064102643
gene470,1.05653792302643,-0.474935770497318,-1.42622992902594,-0.962385268831956,0.411185490335091,0.103796585340257,0.397357996278335,-1.62477926780631,0.157270600088589,0.401658966071997,0.322741816067158,-0.0883987429588748,0.760697258636259,1.48109234068854,0.429118337800693,-0.0737245027635668,-0.454481784212342,1.74036125638983,-0.144066664921075,2.30228503878529,-0.178092328912858,-0.159271397662639,-0.0996510709494728,0.451620230385159,-0.641048512980344,-0.655467342471786,0.113065146418273,-1.55955308052905,0.864065659689922,-0.3835924261698,-0.629285120219272,0.451020286969095,-0.956573089720985,1.49319328227584,-0.913316825143099,-0.523222045683751,0.558248471550001,0.0517606279497193,-0.440834083605496,-0.0802071560661425,0.0881831936889366,0.208871514301541
gene471,0.0956560714720742,-1.52662698324408,-0.621666074078035,-0.814821851493309,0.202554232924687,-0.607761216109941,-1.0976717695159,0.460316887605202,-0.991581768004581,1.11888114846019,-0.0220671953609987,-0.204358773085707,-0.314126219934356,-0.259316708620479,-2.38996199172124,0.398150604392338,-0.402930817541685,-1.30996709441401,-1.69068859598596,-1.03658517865406,1.58223395893577,0.385819894434754,0.38312144972581,0.0642295334447968,-0.974312521195493,-1.44684914386972,0.347693266554187,0.78280102440875,1.04904912798179,-1.77356866025665,-0.555832954932708,-0.170386294837723,-0.15899109812737,0.44809196963723,1.15572290937174,1.37026931918644,1.60653012141384,0.028247501125074,1.12272056696768,-0.15807462545918,0.189709804945497,1.62713825463854
gene472,-0.35108603671439,2.47655232931607,-0.373580481499836,0.132124076859236,0.427804965014917,0.203414058416212,0.0741181058127531,0.754112360745537,0.767335891906205,-0.35881544458272,0.504611547006095,-0.857067249575211,-0.205799513566148,0.0773880013509355,-0.92256277121556,-0.591580050114325,0.935377738333786,-0.30616065892612,-0.53467082496314,-0.249963078444717,-1.18773015933859,0.772201560564758,0.291956738042091,0.0385079772110028,0.542914650602432,-0.0935223936531205,0.0361125627841843,-0.0043557766581333,0.065471162063778,0.378283799541874,-0.951272091052432,-0.511954492981117,0.0625111884744168,0.63748438217922,0.48979536503372,-0.0241580396124855,0.189563497366158,0.622846854272235,0.602659433245919,-0.470913996767966,1.49550375927393,-0.444851000630357
gene473,0.0818893810535425,0.481507491220054,-0.962397094587404,-0.915023669992872,1.90375721020909,-0.126176736193773,0.812647976293374,-0.738795412140171,-0.393200148314997,0.966066811886135,0.617146330899121,1.05910995819659,0.13080215142183,-1.26070340210017,0.662063343525646,-0.0043420923869972,-0.390875391071415,0.527693910368483,-0.667402244669725,-0.583539531044751,0.52075362664232,-0.328643769496711,-0.297007520674054,-0.402380566895638,0.949083991556477,-0.77749760077381,0.0812687332248635,0.223233357354483,-2.04664375149929,-0.546369941102116,0.561561012151308,-0.415613154355636,1.43661620999614,0.127971467244262,-0.700563441835953,0.0077130281293156,0.141168756655925,0.255659528370516,0.779560716802631,0.237363939932592,0.737663044507765,1.57819619214011
gene474,-0.13345932967477,-1.63324306705881,-0.239195159707848,-0.442222287352499,-0.0449012024845228,0.128654445227912,0.0503243842249314,0.382391805366633,2.09651289163164,0.46962894119602,-0.17963411305282,0.163757035178628,0.808318256070734,1.90357469532627,0.945499448770103,-0.922165958698591,0.169365607973677,-0.314706708189124,0.360463108555786,-0.750734356281535,0.561213089408898,-1.15532390773092,0.426640302163493,-0.210460161601496,-0.577734070117954,0.731474477241804,-0.505570615816309,1.27650541383964,-0.256329987276314,0.599626916362824,-0.01064522236901,-1.22472609021567,0.855636359144926,-0.278524192204302,-1.70435563996761,-0.0380479763725901,-0.464168075860283,-0.185755366590857,-0.225228879626022,0.919365081239383,-0.374428516833867,0.868474129354398
gene475,0.486361698842536,-0.0879333091817197,-0.0258565555529423,-0.166377742777971,0.0728832528384387,0.0370906136797107,0.896371514040891,0.768476150176379,-0.387143271210437,-0.294355128231546,-0.474569923074206,0.174945162307169,-0.0149953793068169,-1.58851840177497,0.291146722586496,-0.477572321093784,0.0336386931578876,-1.46085410910521,-1.78582992333227,-0.135723788111169,0.603566138608775,-0.871363916054138,-0.569579470949186,1.32307007804144,-0.553827699927348,-0.768174087430416,0.298143336357444,0.174464248151641,1.41248827865452,-0.582561871938971,-1.09642236295112,-0.892923709861298,-0.272843582371409,-0.315249835027818,0.624301309222311,-0.090513313461453,-0.141630932880317,-0.0771627536785494,0.337827508084542,0.93870601009023,-0.215671861649401,1.66720530721336
gene476,-0.13487975143081,0.466525582232876,-0.528803180748968,-0.671300507250359,-0.679077375851346,-1.07675735834696,0.481969572624442,-0.131966365218186,-0.138158872154223,-0.154203751163467,0.406313710399558,-0.138675891432441,0.72132052850242,-0.47142733964713,0.116533538102085,-1.10231657472486,-1.04995669907488,1.21609753610843,-0.910021808002843,0.142097660067761,-0.700361788545745,0.0288182755255809,-0.0568989941180918,1.44234518003871,0.576524353013835,-0.256181318851863,-0.375147613427505,-0.339490957701942,-0.776710215013157,-0.884122664638366,0.195566692816978,0.332814839801528,0.195873484380895,-0.399753925973017,-0.321332014662676,-0.416327955308503,-0.0999044781233963,1.13641736189748,0.227977969968621,0.727002031536581,0.693535116992963,1.57470412191309
gene477,-0.96098115773057,0.553163077893172,-0.0994424630859819,-0.251083096245276,-0.907019865808751,-0.0973429216670538,0.142908830663223,-1.12968573216767,-0.428081131709174,0.785621660999017,0.768076291784697,0.2436064173346,-0.166996010859121,-0.341636712636659,-0.0743941440062031,0.056085070573798,0.131633382746391,0.112908369742171,0.193869181865444,0.735476018755248,-0.61648112335334,-0.59482621930807,0.307126863989226,-0.900650167012169,0.0901624592430098,0.433638536754367,-1.01606135349192,1.04144850356953,1.11918600770407,0.210314240949197,0.322357595771434,1.37319237151371,1.16382479157186,-0.164443719509249,1.13198815955061,-1.11660827917195,0.0933581181214895,0.0579811076925168,-0.0769272197763034,-1.04477210750064,-0.0815646004210927,-0.0191032594940336
gene478,0.973269413651017,-0.123213835839265,1.78811903775221,-0.525980755442263,0.439463150773796,-0.100051335999138,2.37138669703881,-1.33321155526648,0.782130030655777,-0.141331264623395,-0.189204845881576,0.0501553824808067,-1.07946676318998,0.864839081839764,0.670206258575796,0.140225057940469,-0.811468613660619,0.632357103635555,-0.203649771122932,1.68827458086447,-0.609732210323258,-0.844919800188222,1.10882106843389,-0.220169124071911,-0.63860374206731,0.37589027482056,-0.599597857599198,-0.223695898601684,-0.0657409145191854,-0.899899401472959,-0.0409921148157802,0.372786180957314,0.640207575990645,-0.0773970028730618,0.35401872829051,0.920233906222785,0.22186351017729,-0.837972695292668,-0.656603808761835,-0.43595432191877,-0.521969830820119,-0.661335986256163
gene479,0.481190664613915,0.205216149379935,0.0763684386861432,-0.433757971022783,0.0502014732838874,1.62054817598507,0.76338929311658,0.629580969570827,0.237143827919814,0.243976215141747,0.392664714648515,0.716266940634245,0.95402200949168,-1.26107890090454,0.344761780427832,0.0929335755093213,-0.26720340320216,-0.498117748859124,-0.0913507193278036,0.694405911131271,0.215230756530692,-1.04465485751083,0.165262440693874,0.0068306556544816,-0.139467529065401,-0.301420696814652,1.85949911493962,0.0073784813362823,0.916870943063729,0.0478195743511146,0.121347702200333,1.36485058268981,-0.22203023602483,-0.255990032403022,-1.58607940153886,1.61008743628133,0.980944523023865,0.869719202218853,-0.0057031823840179,-0.0632373744006078,0.996594734956812,0.0226686054841409
gene480,-0.715110876137675,-0.656362622381674,0.562762188671839,0.177359211168024,0.134059197113845,-0.870090033649428,0.14814151311557,-0.865948826716649,-0.168537628418049,1.03548350611731,0.820984067872973,0.581965540213804,0.815872670525306,0.756420997536559,-0.254244287472946,-0.990434834325552,2.02836140898041,-0.428721606782796,-0.8706172611827,0.352751715739015,-1.15637404937456,-0.339268534896829,1.04945830915681,-0.378689235977514,-2.4208842539344,1.13368621093907,-0.780672609406969,-0.125356357396839,0.0152306078895198,0.104984294093008,0.427748647857993,0.173677889675344,0.44885214512723,-1.34959545040778,0.438567313232729,0.0553248569850495,-1.15496787256733,0.587545320191584,0.508100926256585,0.332551694815669,0.278658360536487,0.124453200697045
gene481,-0.301165808835476,0.283953865224203,-0.25858952128812,0.746265758966922,0.742419709489947,1.7710439947077,1.13990228059976,0.938930116435433,0.159514510346693,0.52015407701759,-0.545620199622608,-0.7959282173031,-0.19419819149723,-0.599164737054962,0.913337748486098,0.181827800582543,-0.630930519203343,-0.557268178573335,-0.755072832651101,-0.434356539250173,0.0750133487475449,-0.198028363310978,0.0532177644378626,-0.512068973576982,-0.807468875806506,-0.4108881100689,-0.125644652742541,-0.375099724071068,-1.32180812622227,0.688081293907039,0.259492759895718,-0.486881473778324,1.7520249879015,0.0895518981442248,-0.145345625823409,1.0403075714881,0.500553351799172,-0.121451748818195,0.95832672929207,0.111267132475138,-0.121972461672578,-1.03087932861948
gene482,-0.365285062703877,1.22429784626442,1.09804563971565,0.4259009374238,0.774496426820064,0.697232169361744,-1.63637226170168,-1.52059808872077,0.737772920902509,-0.356167106078311,0.0069432857092985,0.916612023505443,-0.312706405444997,0.854532823154715,0.226379395190748,0.678357780814533,-0.344039356871191,-0.111361997727957,-1.36896771594991,-0.696752738908199,1.41541544931294,0.289037294450312,-0.397132882561788,0.494329851600917,0.416177228136027,-0.0881182540174228,0.922242065620128,-0.847554171792657,-1.23249693351785,-0.466933544994919,1.77989983970331,0.481195080838877,1.54375975412863,2.2394271761104,-0.39649139434359,-0.129127113979224,0.250705476042752,0.473860372838039,0.894860206076526,-1.42392465099424,-0.622746841479725,-0.927627701074578
gene483,-0.174691598132537,-0.380855466686214,0.925985308431805,-1.43439833602345,-0.514059200974375,0.694121427138724,0.350066904060511,-0.0333706410526629,-0.0677762882601617,-0.0607633503222492,0.253480970672978,0.93006089384744,-0.291970295777182,-0.5128074233484,-0.772962166842503,-0.451941394826653,-0.300902409518472,-0.542174644486988,1.12805983148566,-0.253143003706305,0.498053909790636,0.798136779890511,-1.1044521448524,0.110331004851655,0.268590183601986,0.141818604721262,0.0302427567349886,-1.22700834322952,-0.800469334847342,-0.433046763918659,-0.982580474064962,0.0460108008721121,-1.16039698024073,0.0486073151616072,-0.412211582142832,0.694778347890444,0.213778049163952,0.188354980368494,0.0662409665426608,-0.313295622115713,-0.225698246265015,2.40452932366575
gene484,1.40356432737533,-0.32643805392592,0.880506514529998,-0.315528390155508,0.198729227730176,-0.454760985064076,-0.608311086325307,-0.175485952446307,0.475796839946566,-0.0728985800699266,0.774734521261144,-1.47527942264696,-0.897764361818216,-0.33583586551881,1.28614703962263,-0.150330415201829,1.13224959752118,0.0606445220892651,1.04799218784086,-1.27115934447255,0.714742759484627,2.12195762676704,-1.06888709413559,-0.680257886103643,-0.159669202050572,-0.487177355280541,-0.624286235850503,-1.31272061653551,-0.725644076595965,0.147265066692783,0.0571075568921992,1.09851563572584,-0.057543647546937,-0.37662355298001,-0.226623129971462,0.604597838016117,0.713939104311753,0.0653168166277979,-0.382371286884952,-0.598619732818755,0.852624162536996,0.783092027927361
gene485,-0.476709318412979,1.37958102550898,-1.30643803620598,-0.747306951524222,-0.754141844080825,-1.00351453212795,-0.854868031697182,1.00472489309812,-0.81858749195544,0.264031832758625,-0.225269393547728,0.319773867773559,-0.312450864122371,0.327020866171745,1.00393595616635,-0.0327858748821972,-0.191735923032559,0.316544771955055,-0.846233467096367,0.66155126856228,-0.0533387948176326,0.25436165906665,0.556784919944192,0.933779301917694,-0.470947168682729,-0.278769207148044,1.19349528000014,0.408521549496529,-0.817315724873974,0.158698353255953,0.206102033456788,0.620776794690042,0.102129926370763,-0.0885698395177993,-1.21547561952568,-0.878440493457868,-0.699978573665007,-0.262092584041623,0.191507486192008,0.359709872934776,-0.110237628060965,0.257962299814825
gene486,-0.953232170020181,-2.20745874598174,-0.563022512484345,0.115757923903917,1.44893158960296,0.272788668640333,-0.482642968025814,-1.58666032418382,-0.866907596829138,-0.367126741047787,-0.305357875718625,0.856604796171934,-0.505054636830537,-0.273909823468578,0.440639741538738,0.418649713871354,-0.565389941769786,0.409093832340332,0.627478924156722,0.580566102624247,-0.48884955292074,0.071876207633814,-0.204646214756622,0.0283533168824487,1.25992666598783,-0.146233623147455,-1.04443606719881,0.0067069909502712,-1.48298534844788,0.352974393553947,-0.33795489584804,0.859946454165061,0.403052620828045,1.03918313850105,-0.863846945332737,-0.541609850953139,0.453254245546104,-0.711782887945685,0.184131931745816,-0.861535847258057,-0.0173104400778234,-1.64411813347348
gene487,0.264862068709356,-0.189582706899249,-0.448007730259239,-0.952279867168476,-1.2021522584958,-0.0701935225226131,0.671063844511163,0.446315995559702,-0.430047852697338,0.847794456123658,0.294543353729701,0.225081498453817,-0.209606658702419,0.396190284471388,1.41161189981398,1.11703560826042,-0.948071003262187,-0.941326258275623,-0.305558952494592,-0.0682517107654944,-0.919943557657548,1.06881427284914,-0.252297142808086,0.485192068895113,-0.91574969663206,-1.09663232848108,0.334173455624575,0.866219541393771,1.50702962584287,-2.02340028281349,-0.580485254445194,1.56406628534236,-0.0752579332924968,-1.34135529247194,-0.921048459520616,-0.112541629505956,0.0040986192435355,-0.545074261808215,-0.206880223518046,0.633109442023784,-1.16309584216119,-0.481494172514115
gene488,0.0457870585441209,-1.24001054682405,-0.992426391264171,-0.763940439472924,0.389953303611114,-1.53397238600477,-0.377389689136282,0.583700102108612,1.39784653754033,0.158436727125248,1.17956547388771,0.57133479193879,-0.631416610102032,0.855421123720929,1.41042622442365,0.291575175208346,-0.0677760194208639,-0.304434439554701,-0.191869778962444,-0.670926784417543,0.126279811723266,-1.0955423317702,0.66308301604414,-0.387912009337789,1.70586386779756,0.781193675124334,0.31242884715375,1.68751945994516,-0.021951214454427,-0.0543990623309351,-0.216013421687618,-0.703995981913049,-0.850628770814205,-0.385794676785472,0.302315132952235,0.535025843459803,-0.0528160383208425,-0.123737891128131,-0.144836698362164,-0.101697788016008,1.61055953337872,-0.0224972846077487
gene489,1.16137878605011,-0.470816873871661,0.137124846597087,0.432434052225973,0.142887411599635,-0.704530759834546,0.0283722477004437,1.46925260568757,0.420523206726684,-0.442748750566627,-0.895239669511091,0.208758681483583,1.22557874951028,-0.0739778249614529,2.04764138384599,-0.308063142878676,-0.394530343982062,-0.296591746817059,0.405314976131217,-0.170192801538806,0.357621491568162,-0.0446067406260274,0.895897124188957,0.0802229418200538,0.259526195384941,-1.25638426762438,0.0767653682988735,-0.587365063906157,0.928623363920937,0.559004008031711,0.935814397010973,-0.136903635504659,1.18913412676276,0.182991896558319,-0.409185862262166,0.318208922245181,-0.557389356840514,-0.539584947869507,-0.802005089325901,-0.210493009579211,-0.564558449203169,0.211442856405251
gene490,-0.128945291796394,1.23545149387449,0.358587703863927,-0.0033934634375192,0.536993666350968,-0.859439775777742,-0.748393668050232,-0.0132625766273436,0.402956443081068,-0.270228339924869,0.592842255725756,0.569573414314022,-0.287034338804254,-0.698590634466555,-0.0723485683260285,-1.64139406853041,-0.507977463212935,0.504431182264882,0.330960583977142,0.393115920728332,0.23389384639471,-0.143130820402922,-1.21120882028639,-0.579743766975652,0.0459855432826787,-0.726029882907787,1.6523744303549,-0.886416937475241,-0.48060282374031,-0.823533505085776,-0.38308054344859,0.305567129896067,-0.618993807319932,0.709094253411714,-0.313167091538624,-0.942013162650026,-0.810253696037131,-1.88331421957313,-0.913161025009529,-1.29522207025873,1.21852874488824,-0.491267178646898
gene491,-0.189262574848293,-0.586813680473505,0.737712083222006,0.848219607363168,-0.338265895831441,-0.254380448853732,-0.300327104947904,1.56122881331283,2.32580470924507,-0.822486409200654,-0.745306691987331,-1.2070909679059,-0.0292859357785458,-0.455376405001538,1.51002339728205,0.529733786802931,-0.347912216269782,-1.19911952545719,1.09527182143562,-0.799042388110763,-0.277965301217207,-0.0405212362094055,-0.846181586516242,0.223678025007228,-0.618062730619257,-0.0938594537578984,-1.61591827187131,-0.439494381775751,-2.0659615152024,-0.489019483712057,1.57538152068656,-0.766576264277992,-0.232643415545215,1.60840408506888,0.363311101792804,-0.180201888847976,-0.724552695210067,0.0391454911198248,0.608733250793756,0.0417633435283194,0.453565396137851,0.68253345984196
gene492,-0.18301761891603,0.316353993266041,0.0140671189506372,-0.191251150012934,-0.0054707830393602,0.672702199155392,-0.0752708610241105,-0.456083758500791,-0.280096204466071,-0.51734865201125,-0.184466783945045,0.228362243193505,-0.538745296815541,-0.179441337546686,0.551385702658299,-0.735100913769454,-0.0658201113775466,0.0218611488927189,-0.0574760370128532,0.972234314444253,-0.383044543913096,-0.3558699374164,-1.58857787368522,-1.79402351904323,-1.24658513005965,-0.244512527936416,-0.264789493496915,0.592004329969012,-0.616645927297844,1.45464917389976,0.712162298198062,-1.00507054224306,0.250977412199772,-0.740520261034993,0.252836399538616,-0.290590973186774,-0.802266579793914,-0.69855268544736,-0.79778288244869,0.340189622098439,-0.176431752499212,-0.548790594793129
gene493,-0.366148967245686,0.399911011926594,0.511750720772935,-0.275829779917313,1.13460375666512,-0.367226486713247,-0.698478911501377,1.4643272956304,0.640951626869583,-0.149297177079578,-1.10147415549635,1.83756184886579,-0.739929361268934,-0.321264257858883,-0.684283017406193,0.0600866794860884,-0.80452713177318,0.7720093241906,0.879575182501112,-0.725183703527916,-0.0919953362018941,-0.131929081310922,0.177343200335967,-0.101651114575245,1.255103377759,0.671752415570193,0.741431496814825,-1.14089688948358,0.133680633601939,0.138578498149018,-0.136906354733453,0.996008333805153,0.565836497494619,0.423041257741658,-0.382107361472632,0.200589403293041,1.33235978381243,1.91671606251298,0.53087099494408,0.461258325712292,-0.133355312492573,0.133180149287262
gene494,0.109532227947207,0.789423937383522,-0.736472553319243,0.361983724278167,-0.782833693305768,1.48571513249608,1.31035263378734,-0.596850832078918,-0.0276323678394772,-0.779794372149505,0.0738187275816877,-1.35871422150296,0.112656100039398,0.924348520027476,0.201743523019952,0.431255687919491,-0.790840000196158,0.345044193433365,0.24199252478046,0.116848272747195,-0.0291501046663865,-0.527256249991316,0.499293283866769,-0.345405850419333,-0.621327260607866,0.556740119672318,-0.163896303016043,-0.0438006350224678,-0.0257873897480983,0.91978099255001,-1.0818005365768,-0.711518834808541,-0.581368112492743,0.0724637094666171,0.12308804942004,-0.59510902256289,1.54962987583758,0.286338711596396,0.0765373957446514,-0.243415625300483,-0.187155061216016,-2.04225709624875
gene495,-0.557563170273122,-0.35557447672988,0.317317917488637,-0.374083132600245,-0.693001447070821,0.197475208959094,0.132712277461393,0.496842880705811,1.35307738051814,-1.43484135984226,-0.310150555760201,-0.450690867052008,0.175605921683029,-0.0122533869161513,0.135884425804986,1.11167133943083,0.791932150408025,-1.55028072586046,0.816709373543339,-0.830945825314088,0.449855891838891,-0.633860894687919,0.488049266794067,-0.673623141305554,0.146634248209912,0.0723218452152998,-1.14763726077898,0.554863013787903,-0.527582703162595,1.11564929932512,-1.64973858764524,-0.591847615417144,-0.411358841965776,0.0358312131761396,0.258826169621072,-0.654642339890967,0.918113169142375,0.809215298923623,-0.317077297694023,-0.635415377161725,0.133955106037332,0.943259826948241
gene496,2.27526256884262,-0.374301480421618,0.961537473332027,-0.208815296100175,0.497623403882152,-0.0238580384689592,2.07593287778933,0.574577979183477,0.448745215740193,-0.410445628174527,0.361527482646193,-1.8506820717614,0.446841610198109,-0.125822591496348,0.322797427334998,-0.361519736309025,-0.385536906684298,0.765842386175971,-0.318037667482764,0.0398770450648979,-0.767406339383258,-0.11222570662537,0.658643858619535,-0.718782302713042,-0.0886248231258841,0.673117530898525,-0.648095225906778,-0.327950366737681,1.31196546305784,-1.24547411729961,-0.864602259364671,0.58706943382554,0.525652633115672,0.709010945654067,-0.50448364975719,-0.434967722760327,-0.899357691543962,-0.370026298339449,0.502574359149647,-1.3417755154947,-0.192943548609259,-0.903803526566089
gene497,-0.161382206459209,-0.0875021524920088,-0.511562270829028,0.354798193766391,1.02110197355698,0.268244369683514,-2.48121565717943,-0.877092242183008,-0.173733980295768,-1.32507823461262,0.095502995336485,-0.377646709889236,-0.724664971032586,0.544914625830668,-0.653830001451488,-0.540129646098322,-0.842972854328538,-0.246667653921877,0.533338561796316,0.570818945199248,1.26573563566702,-0.473777426646983,-0.121048512369474,-0.107569813162445,0.225014577031838,-1.88108147847606,0.677162843382317,-1.7453258588368,0.172876416154341,-2.2531050878136,0.490921613844659,0.513295606480753,-1.36507387851707,1.2522709933649,0.490440590651905,-0.805555909716038,0.23391396553071,-0.138042502279798,-0.0058403783749837,-0.167541884549748,0.105809137872072,0.0700265715711355
gene498,-0.746163636182003,-0.459401473899925,1.0734445598695,-0.946759688625517,-0.0611552007829088,0.588415093409806,0.486823785428038,0.875989675416472,-0.165712231437298,-0.162965558532519,-0.400399074538902,-0.480495092228521,1.01890979539304,-0.553645845808108,-0.181930009145624,-0.453019077109573,0.888005198725884,0.947999108159762,0.193271190433607,-0.482364393709999,0.469772290916603,-1.84614898149308,0.205726797946168,-0.111290405258775,0.0186500980823931,0.36954460058676,0.0835376285632988,0.766193463225313,-0.31251473602131,0.0677697756914895,-0.386841551751484,-0.317410695643239,-1.33532231981954,-0.133410465580557,-0.135035708689427,-2.45331276606052,0.291773098089084,-0.0178382987310401,0.956866779827939,0.28187504008022,0.172154217220734,-0.610322315128733
gene499,-0.271060826353254,-0.0351957648840077,-0.107495220257315,0.563682762687937,-0.514734154659531,-0.0282260746878365,-0.0735763919932067,0.76058677852555,-1.14181814345865,-0.217656823825392,-0.0046269612565525,-0.649340907392031,-0.824092789578847,-0.608148698087215,-0.976069560481449,-0.0741548927912873,-0.0075720912470183,0.685346262783862,-0.041478505655469,1.3048328145906,0.173214075498592,1.48533203400561,0.823420255348093,-0.0780931224037218,-0.882739548241134,0.389566532743075,-0.271524673802735,0.0642754567411025,0.296264240769183,-0.455318136561457,1.397454678946,-0.959997407052774,-0.606656879816955,-0.387843250291741,0.268839592915542,0.528656052060019,-0.364318834809841,0.143145292646688,-0.459932002250937,-0.276212105898052,-0.642175422544628,-1.04291096061388
gene500,-0.290613285397529,0.291636036159656,1.14578826602047,-0.404184574347656,-0.358474365702208,-0.514356194908361,0.911820543829162,1.35969058479292,0.098227590109887,-0.290002403202423,-0.0845728662175871,-0.828511646289501,0.827789833267836,0.118233683294984,-0.843832126669901,0.185347017574209,0.225378809802781,-0.651411877944921,0.446740170719592,-0.0943242681964484,0.0453005483554621,0.0686007196972905,-0.195051022459439,0.297087368345243,-0.86446623559282,0.463344623786148,-0.0810782816064145,-0.986306799945318,-1.40652046631988,0.791746726144103,-0.920086837454006,-1.33385920316116,0.08658405082363,-0.009329646067891,-0.325006046414443,-0.0825015893128648,0.267751355606613,-0.278970933862503,1.35134717953463,0.671347868845349,-0.69631537814065,-0.491387455515742
gene501,0.25114027843646,-1.08907998914699,-0.0353687285625605,-0.807272900667926,-1.60642741734555,0.140427542729306,0.107312820794816,-0.297358348965281,1.13370019807059,-0.258315995654951,-0.928624204058293,-0.604150279681777,-0.496070263124432,-0.45627425159817,-1.06634203135286,0.280067586232964,-1.47434402554234,0.0445890057207366,-1.82755992190385,0.320418983384921,-0.383508878755786,0.441494582400367,-0.875238246313478,-0.702141412175342,0.157932273383045,0.192920035182789,-0.0769384137645013,-0.290963433526356,-1.13215605964372,-0.557832490038909,1.2620918236789,1.88997589590681,1.14603162250546,-0.984144771655696,0.061703993754963,-0.0911858344031823,-1.06985087279685,1.3924724819063,-1.84835319778346,0.529576236075343,-0.571417501495581,-0.547241413242751
gene502,0.375778361762188,0.739305293696805,0.663857831064604,0.608655683663139,-0.0502075471124834,1.44870804878863,-0.160910052506766,1.71217695997833,-0.378313956613735,-1.01454149587214,-0.0867317701521442,-0.417704614205398,-0.620593185941795,0.422478943526834,0.527701357557168,-0.670957982151116,-0.100758064603024,-0.30143013792014,0.183008795372516,0.0375174993630976,-0.805117368547284,0.290417689255272,0.412611795936057,-1.58214716583905,0.172949648504334,0.501679110426948,0.903720771156366,-0.0995616365608104,0.187869710098012,0.136209897803805,0.256411268233417,-0.790235626968617,-0.169035025426349,-0.942965278522739,0.201328304039464,0.351215693811387,-0.501058284150046,-1.07356445116394,0.803260340088212,0.0457646597136358,0.34018182017175,-0.0214964008301279
gene503,0.213975235498159,-0.326855757809097,-0.397162682783654,-1.39819082909728,-0.605945230666967,-1.40773174466785,-0.136843332743222,-0.619392640211771,-0.41547071155742,-0.0904203871833243,-1.42038973615088,-0.460717934587995,0.299963224355519,-0.797395964397843,0.910074890146819,0.0237333730825914,0.395368390889012,-1.39091879293891,0.137258447187045,-0.514239718852795,-0.368052477481272,1.05178223224247,0.424074243526865,0.468997145529657,0.129273781681853,1.5034802330819,-1.95169727750659,-0.92653983334873,-0.725718520358265,0.135152157680046,-0.056689651526308,0.0224168296884115,0.281708414180079,-1.57237958843207,0.623003147764433,0.662137096651784,0.578735115856999,0.43215376402122,0.0006870415842202,-0.647031684039053,-0.608701488425478,0.931750561295267
gene504,-0.204081135380374,0.196898033411309,-1.20987159451182,-0.353931470796773,-0.332984785539114,-0.975504115679336,-0.819583672446855,-0.185942161552406,0.536262175613934,0.546496932628681,1.31196743434957,0.417084221971307,0.368203315191056,-0.577239845565709,-0.792219683234962,0.47182750242534,-0.479387869304388,-0.729716950388752,1.04461623235243,-1.75600005052865,0.551895611310338,0.849739117406746,0.536723342670848,0.529183224428469,-0.837577676006492,-0.124568609848863,0.667035788785435,0.286855895972318,0.171233732982275,0.624266887935439,-0.257830711333353,-1.31416345395652,-0.243062249104445,-0.415775694266334,0.0500784610284198,-0.984590110544312,-0.128633855889299,0.470337990329382,0.117118674592831,0.6921236041707,-0.958840589360444,-0.409531908362521
gene505,-0.420499934144097,0.520232984062171,-2.03563192122503,0.0593447617958833,0.376416305546937,0.896682828255871,0.57610866558499,0.0320873932611441,-1.38628502041468,0.69488713510863,-0.495700586064411,-0.19622079421796,0.0937061119654277,1.14453107537599,0.196839871416578,1.42957935523694,0.181422777280393,0.486285630119084,-1.08551271759619,-0.179518984693914,-0.691768276194281,0.143929668849883,0.178474446610754,1.45860607055902,-0.186573749100781,0.352189396919428,-0.0519430332383157,-0.466321394639539,-0.226993403561137,-0.0559242519637784,0.346177556789375,-0.940658561970658,0.322601415732658,0.427357155868478,-0.509879768282838,-0.151283697732986,-0.63545412143507,0.464489355684101,-0.258383351866831,-0.411793446006155,1.24061195889554,0.0900159717181262
gene506,-0.0059573805219228,-0.930692021024331,-0.939364147950188,0.160814927208303,0.0321388622419035,-0.524480552570264,-1.8568074032541,-0.201987344474263,0.507984867920133,0.619652831519011,-0.915661431740786,-0.0237342622092798,-1.41846431947176,-1.08683175424443,-1.20178419535683,-0.841451553042863,-0.952015903157251,0.149553495371123,1.41622999969319,-0.499707562635951,-0.405840748823236,0.510709210135755,-0.6634768588063,-0.0376226385573974,-0.0655556371381645,-1.47220493316304,-0.286572358618189,-0.338759479035019,-0.462231030900285,0.565304760243212,-1.86817672199448,0.702535483688211,-0.349176072385805,-0.182398095281412,-0.423823362726206,-0.0352870345758069,1.21991294974478,0.781058602153365,-0.291990420748673,-0.345154946563307,0.515354639573428,0.584013788489299
gene507,-0.0145079445059963,-0.446036875316009,-0.183181486300014,-1.6449211885381,0.494259505935264,-0.246921658889053,-0.871985766192411,1.05905266273063,0.0637087141568393,0.276714864189887,-0.140497146308123,-0.280571438537064,-0.766459311903632,-0.220929763628165,0.348123589339182,-0.59167130000611,-1.12966552497808,-0.937834785480979,0.337141407984622,-0.710952241744051,0.122513738279173,0.903071870297554,-0.578155237315021,0.798407407890628,0.378421256963036,1.50028556308948,-0.591583844962692,-0.846287795974969,0.861444658200876,0.483440470846086,1.04318245128286,-1.30711224975071,-0.0653814899487804,-0.0583645298146422,-0.836862947205757,-0.842611730096887,1.171411223869,0.38880406008131,0.733994329994228,-0.322426158385927,-0.236057305584668,1.08661339506557
gene508,0.249234743011241,0.431113404461522,-0.132898800250423,-0.402901754191252,-1.20048631244773,-0.606817052413646,0.974932127823695,1.12576272605736,-0.995760589527348,-0.853404779220085,-0.135104250312878,-1.01291354138592,-0.8707406420237,-0.0300938893910346,0.841698831289652,0.370966307556954,1.23515227881675,-0.886979450426105,-0.763616229966208,-0.497197788968943,1.42337690876404,-0.840767843184744,0.245792269456079,-0.199894745231081,0.141526299177407,0.359657152219149,0.786111930758418,-1.16960820504588,-0.258287340140495,0.398598512642297,0.961773059758209,1.32335524958293,0.63925014517328,0.727739744566974,0.0576400505881902,0.0401068454142505,0.0897279606613063,-0.0707436109940353,0.803993773934989,0.170969009082267,-0.0651043592781537,0.612980833906604
gene509,0.724265961521785,0.358411084975203,-0.135642288883864,0.400169705781323,0.116136384856763,-1.45205339153664,0.316006927692077,-0.376549949531271,0.406702117181864,0.394619838364989,0.499912388356518,0.212079935094756,0.0140669075297733,-0.135243544137448,0.718444390361496,-0.159219261171151,0.394674956323354,0.406510264562588,0.41550934070619,-0.403047467537349,-0.0642992256976558,1.11837386777199,0.613206612207741,-0.689137853146209,0.616073582244307,0.314719809669559,0.0096022954275996,1.7112197957708,-0.0836682289478404,0.808699606126252,-0.332119308952678,0.999276774922562,-0.019830365296382,-1.28699809432727,0.0884648446670962,-0.368408425208955,2.01561429995861,-0.163972203690671,-0.104105896309223,-1.64461121199416,0.254963100062368,-0.071424554719615
gene510,0.419195390323746,0.137209429593891,0.669278238063388,0.541349880254833,-0.314574395316443,0.580077919264732,0.238588661091425,-0.754735158143873,0.708341908061422,0.223322796341971,0.739146647581345,0.103536255105516,-0.0381027527815204,-0.695580750588002,1.52075083159567,-0.588954471762513,0.100679008245752,-0.626240146240913,-0.168885266529362,-0.116195553877918,-0.1685206090652,-0.193221722094666,-0.571018560000175,-0.219732844083082,-0.857170077710868,-0.2670322243375,-0.0200744584084694,-0.965377246081766,-0.864447792021464,0.695963076893074,0.593147350951672,0.322029636486882,-0.102205457106139,0.314002454088123,-0.543528296479104,0.51075591012785,1.48515897209435,0.653475786233481,-0.188125498695847,-0.245373587938707,0.204630481654472,0.731314149923995
gene511,0.581513461700401,-0.366494303814106,-0.650126667812985,0.708682990063084,-0.326374063321615,0.260651848605128,-0.0297862574510069,-0.475814585669211,-0.659953178953512,0.208267268327895,0.642859391543926,0.595808855323582,-0.537089615186248,-0.409251284635553,1.58603781681132,0.482896174612897,0.662426626619602,-1.97314943594942,-0.04977179339924,0.86430170689495,-0.363487058214621,-1.04506550311438,-1.34709500291695,0.306847283153305,-1.63542960194936,0.476320490185185,0.183200211169962,0.634921752804977,0.114151100858189,0.622775999054859,-0.0277648702385045,-1.1380684232168,1.21071377569823,-1.6872382039249,-0.445373091136058,0.214956156072846,1.45607415867797,0.778690465737813,0.232300799736813,0.300106605163291,0.127128877004922,-0.300981449421762
gene512,-0.626578131914919,-0.485279576018242,0.545733241041595,-0.0278790539123694,-0.0988808224856511,-0.401667555785617,0.977107074435221,-0.182743900350123,0.0037930774211817,-0.0552820436926329,0.470999092244252,0.874111348740173,0.36224205333427,0.226050670520272,0.0933283186600126,0.538295830117532,-1.24010240894779,-0.26568247084641,0.539324071222806,-1.152681232134,-0.67130074665529,-1.73207521567205,1.03537069029448,-0.356680547524064,-0.0964431670811467,-0.168342066756681,0.13032468406485,-0.0324344436934566,-0.142941810296671,-0.818293053765608,0.561953906400509,-0.124022416892324,-0.393696599744044,-1.66670755092079,0.240630582273531,0.0200584547864958,0.934332814117936,-0.0266835393948314,-0.545481923760167,0.511341389346049,-0.807817100354758,0.480083493237763
gene513,0.535556128461421,-0.800323847254794,0.0268567335425543,-0.343317783185996,1.73946195012983,-0.392079874833022,1.22297882528067,0.580765073744131,-2.05519714528398,1.31561267029673,-0.180185612921334,-1.2471833184865,-0.781712019887027,-0.0018495574890845,-0.408197324238128,0.377348807868133,0.319674265409652,1.39559073015769,0.534695502614189,0.36690942226575,1.11288997772891,-0.441226478367088,-0.700323081810465,1.33721982775505,-0.283162510259406,0.320925869086995,-0.839754599563939,0.147887069755525,-2.05383190920985,0.435940439284088,0.206181200117152,-0.989474650725197,0.214681332551708,-1.80170318419278,-0.480374011118547,-0.171348947820923,-1.6796587952575,-1.03246815457026,0.634814723408824,1.14359169624938,-1.90562791270892,-0.331019731062548
gene514,1.132851787376,-1.07134029350141,-0.218803248328075,0.122125306662093,-0.700339520936056,0.181527763687773,0.0908542850780524,0.0783941362927406,0.0718873037761826,1.14270018349909,1.00247868598657,-0.372385319464713,0.263803689462582,1.03695236961531,-0.863470688851676,0.394748940578891,0.0217201148383263,-0.95192642550502,0.842682316562039,-0.434668079185726,-1.20199479504561,-1.13239572536626,0.252822236795359,1.51994275222619,0.223377537644159,-1.17944613210186,-0.258442783167094,-0.457565606687461,0.0533436610214277,-1.83989893251697,0.475785193509015,-0.146873079721648,-0.636264320824223,0.535662010824771,0.198947560051598,0.398462606290152,0.797451138620053,-0.0460170997633421,-0.0677083498819453,0.340295084945006,0.359487999217424,-0.582392946673639
gene515,-1.10959713283513,-0.0693280329814428,0.476442139383023,-0.493505561255749,0.252592316487054,1.00743019259172,1.376398231549,0.542951503633894,0.597390534310718,-0.278766993618024,-0.127946564414639,-0.194273291214542,0.955730161348827,0.525676200980912,0.241734609028989,0.178166404435386,0.22658610362241,-1.49148308421583,-0.646321786284456,0.441256757869581,-0.552088087580593,0.259252429955602,-0.0247922629524019,-0.203770692032376,-1.24312610274879,0.77327727395614,0.750311184373388,-1.00606825188337,0.51950780727543,-1.54840635052495,1.62651929344418,-0.185518711378202,-0.144904681913925,-0.494408566416479,0.398620756983535,-0.154358751469096,0.74530251129383,0.249714337121834,0.0698856809162113,-0.716417447161972,0.239124129744511,1.15380250178754
gene516,0.334400536995113,-0.545929972490161,-0.731540042772806,-0.546767458455975,0.834972681049075,-1.48871548896787,0.0158658854981869,0.320121978870112,0.802902250503191,0.22840833781348,-0.822677077514389,0.112495627059321,-0.997144394297962,-0.145346424416095,-0.633230160423627,-0.181718722896216,0.303662208693951,0.320632999703555,0.101319252842623,-0.260420587610216,-0.211118872282605,0.696259863150955,1.04019343592199,0.183542604385005,-1.28230850262197,0.0809607565124438,1.12478521262767,-0.630422510446195,0.445389994317815,-0.900018306099339,-0.634891299467132,0.626880840452206,0.294000515668753,0.65512497986848,-0.285299644370991,0.0002255040954607,-1.45187567199988,0.518404887558733,0.754011544702212,0.788551718712086,-0.259739590743486,-0.568974893819267
gene517,-0.217261108496942,-0.228517376426337,-1.5841625987786,-0.821802993699748,-0.922367137691356,0.921811775792271,0.58243813912321,-0.129787372484974,-1.25693406438172,0.177063190196576,-0.0454169616988521,-0.466126400903726,0.365605060173275,-1.01222522862583,0.456092616558189,-0.507193150338332,-0.476627668595557,0.534101174542939,-0.0382762934424371,0.783659995195629,-0.180750078275662,-1.28462184550313,-0.266619411119667,-0.544853535380952,0.672724546135218,0.653206990792223,0.803099583858941,-0.32847388854708,1.88186976688578,1.13636698203593,-0.512735541588011,-0.254582659095802,-0.234036305147127,0.0856149748463192,-0.98333279982561,-1.37145831209518,0.264655427269524,0.790107644291103,-0.169214757225863,-0.291682492172971,-0.194614545660844,1.03386942066552
gene518,0.20564969389166,0.482283959449444,-0.486645728779942,0.49922468459156,0.3042891858797,-0.461396713668393,0.407424530375406,0.372705102031489,0.798099043643437,-0.75582284056114,0.77742565426965,1.00872832034537,0.542853308670536,-1.10612493273223,0.494716634452148,0.517360897727471,-1.0623982852193,0.649570023214233,0.758753157664741,-0.181064564311431,-0.128207782129853,-1.25917834736035,0.0539795285938738,0.0826070165905166,-0.326306676602741,-0.564442998330494,0.043102414823553,-0.481330857732397,-1.25642697755405,1.0409364536048,-0.0311226755392707,-0.757554624689169,0.0344383963303711,0.404621946212817,-0.311216220229921,-0.154232550273925,-0.090373770622186,0.69504616974962,0.927163437326351,-0.303868910405525,0.343635511269385,0.14092475707758
gene519,0.579633941623289,-1.42947015035912,-0.949841077047064,-0.431904254936501,-0.387210799278402,-0.135687245501499,0.66073757686265,0.434426189529495,-0.53028834199254,0.430863026915703,0.668721733184649,0.21223887325788,-0.55813712495874,0.685548322621499,0.010615191442375,0.52971732843594,0.779982743487755,0.105627492816237,-1.10727896080477,0.990947040876308,-0.52094940468025,-0.907277973587894,0.0810941823294712,0.519026398386399,0.652833875153822,1.01208259530289,1.3131516374473,-0.995724145975368,0.044599734934448,0.0153820376283054,-0.0177767794970889,-0.663752577296662,0.210531889178327,-0.894384239539166,0.877990382860116,-1.95223446519682,-0.670234090698251,0.647464898617681,0.0844333887093023,0.206117577460225,1.95883071747259,0.204849162857446
gene520,1.27328223194666,0.582840838070182,0.593295466048145,1.23825469195506,0.184480014592928,1.62179888372461,-0.970362251727883,-1.02351376431949,-2.1826386688465,-2.26691167207563e-05,-0.314190233707282,-1.11557888908164,0.742598228440909,0.344654171588341,0.824283014957402,0.883680631333003,-1.29517900501223,0.824283266743649,-0.456148647809576,1.94136200490217,-0.196608861956106,-1.01607633246729,0.397019181659455,-0.190220360975585,-0.716363474097674,0.665089582530959,0.689066156138228,1.45465798083939,0.532427347905452,-1.21556242651863,0.335934132081069,1.48076334661013,0.1915761420071,-0.207182781104989,1.19669178287709,1.97672535592931,-0.666487731947978,0.117949659281585,-0.811226942861605,-0.933633640899677,-0.602415556521242,-0.217634454994129
gene521,0.943398400050599,0.227062380479294,-0.466556219497324,-0.627914902508048,0.536561049133872,-0.383077555092006,-0.520548156529403,-0.0110641869714005,0.127191251801116,-0.117704125497997,-0.138009391722121,-1.3732236745857,-0.600875848190956,-0.319913592328846,-0.104466399651256,-1.55090120458874,-0.58135557573546,1.47577076988609,0.132076405510274,0.276531635291514,1.95510000516101,0.10798592002205,-0.314231637979867,-1.20594272348639,0.171137311242428,-0.958757543511411,-0.692512717228276,0.231196947156917,0.27091486039889,0.631742125439352,-0.0538780710378832,0.758152089838518,0.0675900558897981,1.46739147006997,0.718743751796037,0.669834314591445,0.48910799352441,0.195107582135194,-2.26010364874737,0.477314712988661,-2.86265431726034,-1.70426261322501
gene522,-0.0695574016088009,-0.274917882619929,0.613601656919557,0.336670132643315,-0.334631675150462,0.751295495096739,-0.927869834760801,-0.210969596082207,-0.266702348138786,-1.63853582342704,0.152769749222504,0.785571222185761,-0.641624314136533,0.533095061153435,0.47509487756359,-0.388446175138712,0.463535642857632,0.128564816122721,-0.289666317299235,0.691428208143586,-1.08706660050621,0.5827336831599,0.939249279071234,1.44913327459528,0.0273221893729979,0.148224979348696,-0.54879362150852,0.669466068296497,0.657690290422315,0.523644245042418,0.0731554722732411,-0.411934392341991,0.717226649609798,-0.682470604875776,-0.180412496893141,-0.56863739918742,-0.962933023848037,-1.1898036150505,-0.0441791031858101,0.155445506618641,-0.10576662967031,-1.11211968399458
gene523,0.701200261802952,-0.0202839076009884,1.1539881512841,-0.643177419112286,-0.178064816935101,-0.481741701950923,-1.79718876896054,-0.614161309563534,-1.00019641724899,-0.959002804725111,1.53966461956484,0.688059409166667,-1.23150938640059,0.542030732419334,-0.42732802408836,0.661536107017397,-1.36925838791826,0.0423815595606768,-1.55671647959612,0.472412415880972,0.639752145422972,-0.362329163697073,0.383954059849369,-2.01150343762847,-0.172056007350533,-0.396736887448011,-0.824423895403088,0.296258368422804,0.384148815612283,0.441998818379207,-0.659571555786022,0.271925018481872,0.586869478695478,1.2951033382576,-0.687915257529767,0.284247388326014,1.02216512472011,-0.593562353507397,1.05176363917327,1.76295051831845,0.251868357301578,-0.0485275631153877
gene524,0.274961736056605,0.256641132164145,-0.148003530297347,-0.555393774562572,0.482268090823007,0.546036343263953,0.52368339454284,-0.724719438315889,0.696323834382998,9.20912559076401e-05,0.0317352782287901,1.06868085795095,-0.202739329732756,-0.315893127479152,0.0684386229616659,-0.120197236882943,1.3948114226009,-0.126942449580521,0.443419847827302,0.250108338053262,0.998645863842474,0.215911215990596,-0.585113794591214,-1.13072014032546,-1.15389957295143,0.711874781751218,1.05463250706371,0.970381825807311,-0.117575158735547,0.351577357236344,1.18785059189067,1.32579082617396,-0.491371071625968,0.492794521839313,1.0662708792614,-0.47980568299905,0.743123477403641,-0.335019154540262,1.20831466646964,-1.65139229411445,-1.25470101642258,-0.383092612646905
gene525,-0.758192663361246,0.652155454365204,0.0502097423348424,-0.300810242730934,-0.106558284502656,-1.5759513392026,-1.33457918170855,-0.593169285717108,0.831496196807284,-1.29448008903612,-0.580984033564626,0.141332337713792,-0.837441455037604,-0.538813301974329,-0.116160473064845,0.976273802383375,0.0416032693987235,0.331869466398165,-0.161922117545167,0.305562636657059,0.618924919213828,0.336207991402538,-0.717680874351482,2.02020887763836,-0.381914427749079,-0.0721434873679641,0.466559315246137,-0.312908462042567,0.149235824027352,0.0210437869884376,-0.848295037124059,-0.2228382948206,1.14431329234049,-0.278860570161647,-0.505769843856132,-0.600446120375407,-0.603341639988263,-0.233213164319543,-0.60237976893264,-0.745862139392648,0.863153284354685,0.533867031183162
gene526,0.397846013092451,0.387634405389052,1.34600272348184,0.533677426526272,0.709624732962382,0.692685172507869,0.293145090679628,-0.172688338722162,0.518603051854894,1.93989220473358,0.550866998847739,-0.654837374550043,-0.0813419566177418,0.21701590568622,0.155899338236131,0.978381896066271,-0.0675757725240821,-0.0578583711110695,0.63472640002504,-0.170178275760658,-0.165512843014207,0.960892976317038,0.543850232320014,0.463401006552506,0.329184298993785,0.805525388442342,1.34528755644682,0.512601855715304,-1.45226612379637,-0.215621580504009,0.939037274541409,0.377063849039992,-0.0234866898018524,0.652116351504949,-0.195612391521401,-1.06910330977975,1.33046220350635,-1.90495247568586,0.912065414133739,-1.2540259238023,-0.577787435935179,0.46776418211062
gene527,-1.46762965714452,-0.0625638564512008,0.661642449015216,-1.22037349318247,-0.941444849143998,1.3511035219019,-1.28607121894638,-1.12166734665021,-1.12517844704925,0.797584705199253,-1.33099026028237,0.45829296818094,0.475838543488433,-0.0364527548709296,0.745171684694061,0.732716961674316,0.582073063502399,0.122352385172099,-1.41247281941903,0.280172399924728,-1.82564001341808,0.69484934960353,-0.370354055881766,-1.61035215004124,-0.486093315203626,-0.772826370299302,-1.12110877811159,0.715482215477001,-0.0851767502057139,1.26919120171036,-0.202778066609448,-0.2005751496837,-0.345406530622026,0.633732876617897,-2.24832471991966,0.63612173410258,-0.639799316764184,-0.236188636674288,-0.19411627556122,0.243146316627269,-1.05539861026214,0.456614596538482
gene528,0.605121229037348,0.286750820253889,-1.48907705712274,-0.0560844518034795,0.838239864877666,0.0097210143831386,1.92689875055944,-1.23681893549837,1.23899967112473,-0.460417262002339,-0.0031903679367973,-0.813492970781325,-0.802576095533987,2.07604798603021,-0.922189705772754,0.207218646355441,0.779343792025994,0.125022624980679,1.11467284857463,-1.4857988720215,-0.521569045705752,-0.114353446963134,0.770554644432734,-0.172800407588645,0.190386285570171,0.299592622025006,-0.0025710284393472,1.31255897467642,-0.0380697222015922,1.32597725136186,-0.0561918420493068,0.690768677729628,-0.329287201980267,-0.763106391111703,1.88622083038164,-1.76460070554335,0.931636458364869,0.14372079589559,1.91818599218052,-0.769234205985472,-0.0070012350295131,-0.0972459422305318
gene529,0.320482150821959,0.402648363093461,1.93770814763187,0.120583103514025,-1.78773088107131,-1.06562175339783,0.333262039892423,-0.69811194103281,-0.716234589875811,0.12676506362384,-0.480240702427545,-0.666864073437136,-0.62290118680286,-0.350386813144094,0.0490144662498532,0.972313655191543,0.0929243653885715,0.300439473808552,-0.616532536652494,0.261185627971644,0.418279608064681,-0.869064762104029,0.427311663711585,-0.115492787641968,-0.130992028845158,-0.0127461052313173,1.19593638732075,0.755976236892005,0.225608948649976,-0.258096147479492,-0.159658757691326,-0.643099849573451,0.114623898344298,0.335014073509005,-0.39890965501635,0.192545347080926,-0.0266230635324853,0.805890820997429,-0.359004284099726,0.286986982873554,0.745954929573972,-1.36225784007261
gene530,1.06626894086159,0.421851045384976,-0.641598555973577,0.393791003380487,0.0745232026854444,-0.386601574894477,-0.503040014282823,-0.798205447878105,-0.0400703407381948,-0.469841670742784,-0.59670309578674,-0.477471843835633,-0.54449617262899,-0.176210804957232,0.0439020854894757,-0.893512958624681,0.855299380766767,-0.62746701885242,-0.662712590071311,1.18019196492736,-0.462780278400622,0.541963989197665,-0.606244124559935,0.51902116112194,0.0904425483920048,-0.190643343973244,-0.0906928969319133,-0.0500240566158342,-0.419453054312835,-0.649919318968418,-0.0031085584527394,-0.474315100092383,-0.747347607759688,-1.99270316970176,-0.258046369427848,0.336627481263109,-0.538887447844263,0.1726865245216,-0.0917968793411491,-0.177492889760417,-0.257476186828627,0.543812815965077
gene531,0.18455727368241,-0.374166400339876,0.0654118549607469,0.656016394645922,0.262654433831225,1.54612014127951,-1.09840679550813,-0.628029986518299,-0.441606192097652,-0.0181171008112588,-0.320953838201683,1.97713040569819,-0.502885346207924,0.0031669592372966,1.61255880265666,-0.728689200163072,-0.590139557840636,0.0530800068473843,0.141562079860254,0.203656921965425,1.31255641057624,0.373733451060375,-0.524122243038465,-1.86664912285149,0.547865458602653,0.317441324037977,-0.0633205160361765,-1.0842098153021,-0.212718264511561,0.918071175467486,-0.968869610152976,0.162994718212595,-0.0026483546002722,-0.976000838772898,0.482602748733646,-0.11205482584437,0.270927719014313,0.418362655477553,-0.245585769288423,0.410934420574895,0.311296267036373,-0.462117045161343
gene532,-0.331260870409798,0.824335783177633,-1.2935327709834,-1.40879879462693,-1.00227041221543,-0.813331123567946,-0.516232108950671,-0.780818270800212,0.379780283585909,0.846638249445729,0.543172398102059,-0.388749210162885,-0.338474007187326,-0.552121854471305,0.302974600410568,-0.84638078315396,-0.594238232796434,0.261943180541699,1.87308466784652,0.26957313242885,-0.169073165768359,-0.974371682313809,0.0921938103385847,0.550935624073654,0.842127956042491,0.119709446075905,-1.12538282985276,-0.246626556296011,0.190804985870103,-0.210922692542927,0.615360329205254,0.285964476738233,-0.744010492556862,0.522082634222304,0.0916022482380306,-0.825364932842459,1.01305950108996,1.35817417782628,-0.107136835879742,0.649282926542244,1.42966132764179,-0.53887242084217
gene533,-0.219517466262522,0.492078269759403,-0.0246272254961058,0.736093305592875,-0.0491707153466198,0.357827141573072,-0.525762406926292,0.0363752942783104,0.372497225703052,1.27580914355236,0.70522590674101,-0.202348167570986,-0.321698759819888,-0.579639233545749,0.375073240031539,0.687826827079529,-0.514992287245788,-0.0175466822481324,0.588592550810721,0.660952967407448,-1.95076415817263,-0.17984160812125,0.3591155785991,-1.10510600365705,0.907448078127623,0.23266630966325,0.0136743644481105,0.284349243117526,-0.228061765332157,-0.981730325667616,-1.02645670057507,-0.628180119680163,-0.173996601640615,-0.814532958363339,1.65221719736403,0.0881727114641841,1.13745365708536,-0.416848829209059,1.67481299002465,-0.204822889484718,0.513255535783516,-0.0386313016677806
gene534,-0.912837494386125,-0.327308601004592,-0.0146872846613057,0.236407825949667,-0.33242619934679,0.863544115925626,-0.383006259365446,0.12085477843331,0.61229782199536,1.88229863046493,-0.280613569500265,-0.0929624181266317,0.0829903024921879,0.0206548705377499,0.289917386069623,-0.493706168625682,0.134850214210186,0.469923311425724,0.144276917660429,-0.432693160459836,0.921488784178156,0.272743473906715,0.480504260241475,-0.181004514097515,-0.755742912334476,0.0335080655910963,-1.02224166675634,0.826865641002472,-1.33559227335335,1.11679368892522,1.1092717315678,1.53124637136919,0.171781953868945,-0.176918404759681,0.667578729960401,-0.328333889776603,-0.711993190655367,-0.0640408320520648,0.382131719499355,0.322525275831119,-0.900057063253417,-1.22594702066181
gene535,-0.256234146991363,-0.131205725415672,-1.33179700366866,0.196831901153021,-1.57545312284461,-0.109999711240197,-1.25124656989457,-0.658477326891419,-0.998232353376439,-0.473306731792246,-0.493884730309782,-0.439195104769944,0.11065731805063,1.00281618745963,0.0337557959604505,-0.206929717022209,-0.93707980897254,-0.492793540457078,-0.0314721924304875,0.580010209647967,-0.104321840844531,0.663036565301579,0.0648331482842684,0.452519746244482,0.397046707012102,-0.0073374467396098,0.149822465092739,0.246741539889686,0.263608075634114,-0.0543373798935195,0.960122521141506,0.0683757487536469,-1.42078032146624,0.421359339081459,-0.739661029269037,0.233916430646558,1.11330049386909,0.404075418669653,0.269061064567966,-0.9436203139968,0.388928112169744,-0.142293283682338
gene536,-2.2775904794086,-0.858877251830227,-0.29442164318618,-0.152451808989537,-0.566726189697441,-0.227239635456501,0.10363159932482,0.42349565715851,-0.0072742980465895,-0.148874913298858,-0.0068857900660795,-0.0435664011340723,-0.054112805863574,0.447312302238059,-1.55303250893376,0.849710235360992,-0.529379630149734,1.29310334997665,0.255142061717733,0.966407878655067,-0.759797742911351,0.395604425665952,-0.0865369321227778,-0.21918999180565,-1.21299990071809,-0.560080031174899,0.130664046389238,0.850809576261887,0.708836258237388,0.634073134178798,0.234936713963933,-0.368311920705583,-0.131488397712915,0.530236518175028,-0.822616151488521,0.182469449423554,-0.352097849864812,-1.19229200403385,0.446544402748359,-0.520695047737806,-0.929628192030562,0.192768157506092
gene537,1.01350957320508,-0.130932339450703,-0.845125605499425,1.90150372779754,0.979322251920138,-0.0227360486209299,0.0712776384260269,-0.402950130194641,-1.09661138858139,-0.722372408758814,0.334440110869959,0.518958432560571,0.0775547498183266,-0.842559779343385,-0.0420283302625105,-1.29373744604922,-0.518506586779968,1.01472620525879,0.181462946545833,-1.38097792572081,-0.599343214865318,-0.193954902150955,-0.700214565470196,1.31839291426483,0.254236515662551,-0.27768546258765,-1.0131442144338,0.0834813172117617,-1.33019662127605,0.787188895477929,0.802831582417244,0.332305754109057,-0.238504536028846,-0.734885256063853,-0.217280251453311,1.2716377686247,0.13506813278989,-0.412090153522127,0.710081297212991,-0.472821066079461,-1.42084152171472,-0.0096494652297092
gene538,-0.12561425327377,-0.572913524387913,0.243581363790178,0.323485200934764,-0.0691364985226395,1.11778196714859,0.599995703648793,0.0562648623939978,0.790593704851971,0.621848029737762,0.806541142868963,-0.254253273320368,0.0516417002080639,0.174643160147384,0.0887286448180138,-0.488338933997639,0.678602016229867,1.03472605349529,1.48503377902103,0.198938757844755,0.144265911015353,0.0780296380104041,-1.06118759273961,-0.561286868616361,0.425346694211717,-0.383072040241576,0.203698567316243,0.88226942403753,-0.751972392853008,0.293714768118078,-1.03929389438347,1.01376149353089,0.988401268845753,0.607276038359756,1.47001504858126,-2.02445273144974,0.350461160273635,1.37393423221026,-0.287927275256492,-0.6569643224811,2.01900725641599,-0.0638847933320253
gene539,-0.346974210027736,0.21432754252734,0.20442938892747,-0.560041917973589,0.368419449709422,0.77145098844631,0.341569512865711,0.951845949507258,0.234602957532926,-0.100573906032759,-0.624883170508754,0.72025478717936,-0.650272894202268,-1.30780925846679,0.158333959773545,0.468090731486267,1.53943843786425,-0.48289795363571,0.684128244471473,-0.0319116552075741,-0.371422942748063,0.235850019602379,0.977324764170428,-0.264465917561116,-0.899111162312214,0.155410245612702,-0.576181967249996,-0.146269606917214,-0.267132113981227,-0.998636524325322,0.302844719221025,-0.339267955844727,-0.855636982391306,1.17695152125606,0.471664494931492,0.726047869840997,0.74747338385702,0.127635616837002,-1.50603247796608,0.0256493296989182,-0.838613414554536,-1.50415741808055
gene540,-1.65897705333857,0.889192826343143,0.763607495010038,0.0160662253228619,-0.816666818322526,-0.429842920970132,-0.737721686946671,0.105017444646044,0.875448937035641,0.710235474136679,-0.0165680651180112,0.623693740862281,0.173325938774202,0.328932412280012,0.725922743511982,0.491309542035996,-0.471432867932221,-0.25188992266784,1.90065105936953,1.61269225323001,-1.065985615299,0.262774966815289,-0.695057370192078,0.987675243986637,-0.241375684754403,-0.515204830893688,-0.333522374851005,0.911448607667912,-0.474746753659278,0.492612169945865,-0.180221073556003,0.653802143074541,-0.20437034517621,0.568858158321437,0.108843069143974,0.463232902223619,-0.360216649269666,-0.268025644629296,0.460963575151043,-0.283729979999804,-1.1915307410863,0.0495567754622876
gene541,0.325019379198084,-0.0973297491447146,0.319875280987198,0.947453284110059,0.54395832773351,-0.443521753849998,0.355582161514807,-0.732875425680803,0.288751664581427,-0.176751011191404,-1.34133173262446,-0.0954024109081926,-0.0823819980818151,-0.463774935507061,-0.599779672311322,-0.47742952704541,1.6240301934712,-0.499336904369989,-0.55685625823894,-1.72350916204795,0.367841347185202,0.264576571270632,-0.396232537393883,0.801488631802104,0.918809100594079,1.47811993196195,-1.74049174772748,0.803497455899384,1.05706863340102,-1.29126725491525,0.431865192701482,-0.155747398654748,-1.09343376921488,0.498374666085756,-0.261011766609707,1.06969934856264,-0.17179378250032,0.105686243568303,-0.315054862724303,-0.605301541016196,0.9223548880497,-0.492623175635217
gene542,-0.455221658265812,-0.735393748899296,2.04624019446811,0.754809075106879,-0.252535730833518,0.555883595543394,0.714585868308016,-1.17623507180489,0.763975605966032,-0.594090385365679,0.495197138655751,0.970205980621464,0.317179454492583,0.0116204926028224,0.350054096012424,-0.576736740757012,-0.39382843291237,-0.21777826150609,0.243804897067819,1.52775911968034,-0.194079103932319,0.297705494368927,0.740603009150122,0.284347050732009,-0.539800462609665,0.277214763916688,0.117729541668131,-0.792620314593717,-0.247375079243963,0.637668652153434,-0.65356565606447,-0.680744910999097,0.295907987382435,0.0041247302787924,-0.0930285543582396,0.446355980505867,-1.45973807350641,0.880660141868488,-0.708978477577151,0.369477352371057,-0.129116544571028,-0.572771454574777
gene543,0.392363296282133,-0.437493736931189,-1.14499203168549,0.272163743481226,0.473956913835439,0.984205204549586,-0.0160467067069703,-0.44516355700175,0.231692068526706,-0.841377035026098,-0.967902587676845,-0.321643689668079,-0.722437154100987,-0.001341709465681,-1.58455117147797,-0.204517976411562,-0.0962701498272323,0.402253495632042,1.02269842930497,-0.544925278587781,0.47191049266585,-0.0289649666347115,1.09809424520339,0.90559001983792,-0.594599700683909,-1.13512421130156,-0.231403676166336,-0.291578122866552,-0.692002399646128,-0.357397368408673,0.0891515551925339,0.258484467720404,-0.970520771514804,0.534348126233844,0.359332197581141,-0.940534272550831,0.007245744675766,0.0835732629063848,0.410408594826881,-0.995746445371223,0.64256002906499,0.867914453855694
gene544,-0.779901310105639,-0.0007678013028453,-0.394772845571295,0.0380452573969775,-0.389148594127771,-0.124292786182351,-0.0904228205911217,0.190220064371914,-0.168098539812035,-0.542005733793577,0.744325799338094,0.409997844535749,-0.275640429652981,-0.560585578463251,-0.364864299022744,-0.463927299239327,0.349802700920579,-1.75261543954399,0.0604554749498926,1.14152224670701,-0.878927488342618,-0.613823614406867,0.0645892224537085,-0.0663935929890504,1.40145414588164,-1.30485433642737,-0.231728952513265,-1.17650392931221,0.183314340710058,1.46557692505572,1.06349221818747,0.60015839836257,-1.34362119716503,-1.31368224947575,-0.870520110269562,-1.54155958088274,0.3863052104054,-0.363644069093581,-0.0176901192993542,-0.294564357929821,-1.55130296911809,-0.235674524070235
gene545,1.04217695670382,-0.859317543584627,0.079645902570102,-0.86327225106257,0.145948453171919,-0.117740678152291,0.404774268787107,0.0099355297401544,-0.480276300165343,-1.08777449202564,0.652769960993084,0.968268625058641,-0.0518012688064338,-2.05810177460596,-0.670279818999157,-0.451725475695926,-0.659880300366823,-0.994085576163186,0.785925234944155,0.428397012380022,0.351547223915634,0.114870262602328,-0.665443473183136,-1.21183531318004,0.652653991578686,-0.31503687581614,0.312403472905253,0.555414424333087,1.03286993598644,-0.662837965617904,0.6732683247345,0.180853301616416,-0.171361025448613,-0.162459511179856,0.553751558241145,-0.412794027086578,-0.417401166672033,1.28179473946127,-0.153500685316884,0.115604661837719,0.571333381029494,-1.02570270168238
gene546,0.265402483058267,0.179933000457591,-1.08842986803462,-0.128083676750099,1.12598938731371,0.753688133650639,0.635947004635344,-0.713067591775732,-0.063342414063936,-0.106368611150225,0.0960344680981096,-0.0049133442140511,0.209445713843652,1.50180779157383,-0.797349836931245,0.241507836185361,-0.942140557754576,-1.98677854153514,-0.327153081744817,-1.13621748486683,-0.709668393208153,0.433176623283603,0.2232749185267,-0.734644798244869,-0.633256356074469,0.135097264724083,0.186795257777354,-0.550710046407716,-0.122480840067066,-1.14862390041812,0.0495827219197197,-0.277864792309314,0.883186472611113,1.11150855689562,0.0260749730764713,0.0372128571750135,-0.338446080703845,0.1003126083961,0.828984533096868,-2.22824548079209,-0.490890140346651,-0.0578486848363086
gene547,0.0213233844274548,-0.951569057915263,-0.337533892563575,0.0043835373219303,0.667447539287252,0.923223262284242,0.0246062901461737,-1.40653875223717,0.224913997143092,0.0099686745330677,-0.107201287242305,0.0711453028810963,0.485083881500545,-0.947859150878033,-0.0242690993582791,-0.942626831439731,1.18814860606222,-0.355259285270862,-0.789564726859319,0.195121984406322,-0.448377750696891,-0.657494260398617,0.594051121222041,-0.557053740621618,0.532011878810084,0.524999929700095,-0.781237350207127,-0.136393266403417,0.566404518551199,0.110996434892211,-0.576724193686135,-0.724217027069451,0.599275935384915,-0.271690576425233,0.0507960973191736,0.412836729594644,-0.220947059671061,0.143319361971461,-0.26486162935112,0.343498372157323,-0.672332310865189,-0.431871066283412
gene548,-1.43287214220969,-0.41561339997837,-0.316420080936568,-1.27057471802714,0.799595351943259,0.526129614145695,0.573641931698977,-0.228497731813443,1.31661991638202,0.0788894988360598,1.205120375723,0.38439931599298,1.2748159476711,0.651756549869851,0.0209180834558055,-0.886242137767849,-1.06491363977269,0.276229161788596,0.0431193659544627,0.942502713894191,-0.957482213082349,-0.461069494252108,0.816763472138379,0.0710342559901715,0.763574871459505,-0.998848852990335,-0.123478136937162,0.263104167593964,0.0439959886853386,0.336555044566525,-0.621818207575877,1.24227602373595,-0.35724786181042,1.15577644708326,0.440559693386036,0.88904721998079,0.111584493612477,0.859672783714903,-0.842515376565943,0.287427002526597,0.290028732978344,-0.31164925470912
gene549,-0.507656989672716,-0.935015870080039,-0.173853886823741,-0.295818699078861,-0.168305290212564,-0.778292052298553,-1.51134708154504,-0.939533751297044,-0.0650598616295503,1.13943214881972,-0.620331417617891,-0.478632415193023,0.518060974953673,-1.17258486145872,-0.603863974204755,0.427906008019383,-1.02682204286393,-1.25249709410094,0.877071154397613,0.171133469534248,0.941980196589058,-0.146124627691571,1.24067507022305,-0.165480213715099,-0.422031796862436,-0.351581882479897,-0.184063376043579,-0.918733205083941,0.613100323397162,0.885780051850184,-0.277527783672577,-0.0619671240001895,0.769725427318935,-0.21093177524898,0.920029683037084,-0.409132473264203,-0.984102308913845,0.0152738309450069,-0.993284012658472,-0.376363689336102,0.215086899602698,-0.191389492960018
gene550,0.811988504177081,0.360885906787985,-0.107043468204606,0.879905871501399,0.0652149941617341,1.04140057367217,-0.570414892339297,0.213115424042596,0.389486291755778,0.145247474814938,-0.715237621250754,-0.137276645401391,-0.38498537741044,-0.21452208027916,-0.125892610468343,-0.108908836218152,1.12396162051243,0.899743006261886,1.16228565113536,1.08604728045894,0.469236383805381,-0.830812986589291,0.0961913987572972,-1.07030552530974,0.0555564691115933,-0.595464878513156,-0.376195298384531,1.01145414264151,-0.687963071349606,0.453982050766989,0.0800398215152839,-0.40371174150137,-0.225717536395933,-0.539717832332171,-0.199765586456589,0.346487655212147,-0.193984764760711,-0.277284885624554,0.660451790879612,-0.779042396293241,-0.16426050827321,1.30294425254065
gene551,0.423690394430717,0.818532685326024,-0.393712977462389,-0.133308122933756,-0.200142102387956,-0.94737679600994,-0.242985610342742,-0.512300997255728,-0.774681692443553,0.975971410890993,-0.396435970574836,-0.305669566805036,0.0255607308248235,-0.618787069782534,0.744122096537428,0.185394288727497,1.45470628907808,-0.101782183696626,-0.522682444642645,0.391128108191257,-0.751083485410155,-0.783184484586838,0.447701129525577,-0.334828648516989,-0.402428204594396,-0.332153861521424,-0.539444636802928,2.32109703919725,-1.54725408190494,-1.13772859633284,-0.79516263598353,0.330427747210024,0.732096090242211,0.605042454115523,-0.573293139317816,-0.336588006451705,0.0629435489655742,-0.469083021492477,-0.607443853654593,0.40549839972671,-0.682979083604285,0.724787873092256
gene552,-0.080799638299525,-0.0381409505304707,0.127608822340918,0.277391161428391,-0.262819839343743,0.0583485047699359,-0.329491636576499,0.835571764451394,-0.208246847147994,-0.401274667678354,-1.02059427174018,0.998591711001417,-0.490678199154134,-0.84188374879308,0.375412173143565,-1.3431240943095,-0.846168947049568,0.102586492588868,1.50228783559912,0.220092708075942,1.03509174584084,0.25197242189174,0.346534514734172,0.312290306668144,-0.17585479561408,-0.884405525182275,0.201330356681366,-0.720385794982886,-0.156837691975579,0.461218389744859,0.385443264602652,0.920367190247549,0.504079830157779,0.587454758643866,0.436653364661578,-0.39957448193764,1.78426979798694,0.295988068488256,-0.831584303233897,-0.4887984620735,-0.180621412466326,0.0458456042182075
gene553,-1.03923480609262,0.822408173024221,-2.36741669666476,-0.35040083888577,0.842608881612593,1.24042106703828,0.427860426223538,-0.43373631979583,0.070284012448979,0.982151547220862,0.0056072062556982,-0.732479824564606,0.0753081230392154,0.201199333793321,-1.43645140762705,0.412983384775129,0.18403673712517,-0.853247895876694,0.0548587874837584,-1.05081031220672,-0.203531380549685,-0.427374349332307,-0.663565172503261,-0.83567142670168,1.44074890486012,0.331228265304781,0.055305619276619,-0.255532112345103,1.3476308836669,0.128584019120067,-1.34449383581648,0.204854431708931,-1.30557486789292,-1.70972712287272,-0.678898489816278,-1.10954301637009,1.26629864090183,0.0162526543475658,0.695170219143833,-1.01484011690568,-0.0150069634055387,0.250649187886025
gene554,-0.271358401623658,-1.46384939618234,-0.562293677672135,0.470532901741036,0.255563962761541,0.67737540700118,1.3130495944869,0.849433733325943,0.388347426077466,-0.97441714545022,-0.227916986979393,0.67357303282158,-0.290471784944305,-0.299587287793923,0.548586885124498,-0.379199196482998,-0.821662729282526,0.0214264049501026,-0.867712314691048,-0.348925819328586,-0.268715480109609,1.73701201425171,-0.651399545142312,-1.07610725756824,0.655900080465757,-0.517009853093503,0.370089962008493,-0.852214154460973,0.47734782371053,-0.25054525353805,-1.37255357061702,-0.154682839205736,1.10883416059787,0.504237785754522,-0.183787446696052,0.914745927723434,0.696651195031357,-0.286255693599708,-0.634190750721591,0.216220947672211,-0.562660261786998,0.522841662751729
gene555,-0.430401194343048,0.234462186911198,0.4166901451764,0.0468721139046499,0.374618002091972,0.88649458640516,-0.997219701811088,0.222194010279652,0.934910465869496,0.283772872857049,0.0554635228834545,-0.0281426343024585,-0.868771329968566,-1.04864217198014,0.216394055214949,0.463396347357863,0.213592022293077,0.680745378791965,-0.318953557393425,0.986540489337475,0.52933069493098,0.44229422235747,0.186041286279385,0.137138383504459,1.21831617095044,0.122274040060738,0.0325466066406459,0.0434327154088458,-0.527942651886558,1.87546566558961,1.20579298797031,0.60248907874142,1.43633694832454,-0.0425491747273326,1.97227056904113,-0.419696778331385,-0.668544969451608,0.628374967462461,1.12245323357136,-0.764462716125643,0.445282047677716,0.269116895701872
gene556,1.63871716806453,-0.994584086176955,0.213425251988244,-0.860590330879764,-1.26603049263518,-0.338965135840294,0.689894684042393,0.501490676006738,-0.102184345220548,1.34944458988915,-0.350222732809146,0.883468866968636,1.54094850189214,-0.230591391940254,-0.130617361971093,0.867926564697735,0.116837897953506,0.893038054710048,0.82737488663578,-0.959526218856934,-0.277806665227361,0.463710745738559,-1.06062057760493,0.29292093948052,-0.582799826783369,0.909936236163422,0.516014323373409,-1.12188149896192,0.948996048609112,-0.463578496874963,0.491647806112107,1.28106423807539,-0.996703556251262,0.904823812490756,0.415547552511514,1.28078933786231,0.40979943499147,-0.953145463386505,-1.04283247490363,-0.151494412922301,0.300697329826555,-0.337668261929067
gene557,0.178912983007283,0.40126869772797,-0.44476350323361,-0.596228240842797,0.868084813369194,2.30750161773128,0.248054725488833,-1.29910781701891,0.618112095143544,0.200439160821035,-0.632220706323917,-0.805947643355328,-0.190322963782995,-1.22293209852317,0.343402425583232,-1.35147578631391,-0.123701976944771,0.70488813003782,-0.0122769369827999,-1.54239450572331,0.743820123138593,-0.533016023364952,0.550145479803049,0.429357551877833,0.294383609892654,0.359418308891915,0.284602519706851,0.516553556246709,-0.366406719233779,-1.01464048643133,-0.864290839040922,0.576642722308731,1.20262638146543,-0.688059991532575,-0.361797920961122,0.0652875910366388,1.53738118054162,0.258808795340424,-0.0434987479333027,0.385019423100225,-0.708909908046898,1.14220121028854
gene558,-0.803209811562112,0.101960642188885,-0.384236314239356,0.488763764782475,-1.09259114045977,0.511024322664985,-0.325344657694938,0.0105460486802487,1.71928990346074,0.282206118049192,0.16251807878314,-0.653195987817885,-0.0281638127514875,0.547525813151897,-0.270265767114149,-0.0927577115890447,0.0724844711730722,0.231337427375999,0.433503600043867,-0.790317873967412,-0.736007453660743,-1.05192591413965,0.647704178467868,-0.370114077259075,0.473329059924235,0.506793218426145,-0.140631019071867,0.0799557165286871,0.548465701835468,0.615387726388363,-1.44888776775323,1.07225609912107,-0.0504481368401889,0.514293435097399,-1.01239580670495,0.518361617936701,-0.252708059111804,2.10050309186161,-1.06652783421273,-0.809366473339485,-1.86959214237737,-0.379606548867642
gene559,-0.89851005952398,0.0625327657177954,0.249017390768451,0.27025789178992,0.866288757700343,-1.23702912491304,0.419242676782244,-0.496739965619169,0.541939918634798,-0.64262429125527,-0.232085218541159,0.816750641455472,-0.692260848350994,0.154952306809941,-1.0514973515953,0.301888206459809,-0.208218260231341,-0.40777431359226,0.876090253866151,-0.361347352472989,-0.170339476446293,-0.361461582777382,0.0544908942017356,1.35559825743066,-0.370295716101928,1.53024894925252,-0.20524946812345,-1.05566422080099,-0.0337466349612318,0.753601128333216,-0.350075504010488,0.0240944134425165,0.150172882498393,1.12101951970281,-2.15433878817116,-1.5276066760305,-0.165092564047108,0.874926211645883,-0.463925269296913,0.82990780863902,0.730847187781705,-0.879731264345718
gene560,-1.20197208992102,-1.4119078748822,0.446383062965691,0.284613721381987,-2.28049957757962,-1.88396140839783,-1.1302039263813,-0.671321722705103,-0.12109994829093,0.0041694592225639,-0.994310141774408,-0.862352072767171,-0.966661342791325,-0.468846904144216,1.63648597837954,-1.05869264705205,-0.670466042352185,-0.232846708766459,-0.811166836569275,-0.754627966575795,1.69204727300239,0.97707603860115,-0.741268906273261,0.473691159153771,0.91934542766487,-0.356208302942476,0.657572867827355,-1.50048239340833,0.0710126740724121,-0.922186571713014,0.928060661487475,1.08496991582728,0.896495624706546,-0.298812523406962,-0.124500259620164,0.130245506228535,-1.35797995653381,-0.986317755769387,0.567495444203372,-0.73003667801188,-0.758033258010889,0.122086222501443
gene561,-0.949886680088335,0.0780060823873484,0.132237518186244,0.0599785222145377,0.263568187216587,0.163701368011923,-0.257280020231806,-0.292095231762214,0.812514245795042,-0.812973900529402,-1.5720060603799,1.59750103188521,-0.306836717143372,0.25265957892861,-0.915380581373653,0.199503185294293,-0.119393577735282,0.216179791582117,-0.333450453883168,-0.577972098205319,0.531907475116393,0.0102987094841558,0.705229609061897,1.41723263565349,0.157898960122051,0.264544137188868,0.889483542625755,0.639448522613251,-0.669426272758594,-0.271755395367395,0.274684807836822,0.0224880817160172,-0.0322915122738143,-1.09981762302494,-0.531344169130463,-0.712373350898222,2.03940792603591,0.428285483559397,0.5454346643664,0.975485285095936,-0.948974378011999,0.0546359902364853
gene562,-1.13561730147204,-0.688592247240142,-0.823591600359296,-0.126345202052067,-2.25542627138895,-0.0008850600114317,0.198676644078564,0.146891554459952,0.677510258602801,0.813694282414462,0.65752218279748,-0.364212302513303,-0.448638785090137,-1.17116451074929,1.22402379516546,-0.0648133231825848,0.625534892837476,-0.662257404103344,-1.28517370751782,0.340322625667266,-0.557975330055044,-0.480650952123584,0.0671324840502611,-0.690451380731436,1.14026562984605,-0.504955868169341,0.421569089733785,-0.139564568664014,-1.07725086025239,0.280594501696294,-0.0663803009401053,1.47763084305951,0.323469936339482,0.730814990681221,0.553450700331968,-0.915760209408174,-0.346034125599174,1.02489493600847,1.22098122043088,-1.17960372338142,0.256364284517116,-0.381115587674006
gene563,-0.0128666150763568,0.0791094891339565,-0.0689517605253046,-0.511117333098406,1.63296884762909,-0.700672339707067,0.0109528913512967,0.604808196319544,-1.06078737125394,-0.165794365866436,-0.580089275078426,-0.330048942875217,-0.26601083335396,-0.178775727646124,-0.781904606383642,0.786998382415174,-0.0195195505296488,-0.29500975421861,-1.16443864351809,-0.163434353368704,-0.2689454963056,-0.209091381649203,0.579007734776891,-0.251308139194959,0.458556708352586,-0.433030219216032,0.559315015915247,-0.536139938484103,-0.486004938623794,0.105288512563232,-1.84783087214192,-0.236971721508055,0.514731925916547,-0.395997351905258,-0.474830741956807,-1.04771178611163,-0.0583592850774304,-1.34286162601719,0.281078350986292,0.0695811690909213,-1.69105441898863,0.590418430572246
gene564,0.757141829510233,0.572775126163938,-0.740934347038127,-1.53251641361596,-0.904971355942775,0.382054632635151,0.989877131505074,-2.09548002141183,-0.30135882758222,0.195643905175342,0.0951331730834066,0.457377012066026,1.69909817088396,0.60447127887073,0.982058477075854,-0.562681519459538,-0.448880528642012,-0.662711194304474,0.306328241244285,1.33823428543363,0.833391705387654,-1.09864038503472,0.547255333487487,0.734693382056219,0.214384018400295,-0.440030649713161,0.255807705328593,-1.29467547716392,1.85994945358533,0.34506747730952,-0.0306061453704525,-0.292165937508436,-0.114184062371385,1.44685553528321,1.13759044655151,0.283193038633127,-1.20674572000809,1.47402416561625,0.424548276651453,-1.88945531540389,0.144435074907662,0.256437374327718
gene565,0.495341318662907,0.390520801705961,0.419608645514551,0.393166854589757,0.0738754241198117,-0.0020062104253806,-1.10393675054757,-0.0020144980388542,-0.466603891740067,-1.28865303603387,-0.0745628551957855,-0.928167183438294,-0.389450460355581,-0.298979869317568,0.839550774042385,0.0465983701363814,0.360879321669253,-1.82445625517571,-0.224307322898732,-0.588420424406744,0.761495097855941,0.325464760661256,0.101261114004311,1.50594643914521,-0.442322186990745,1.60135350531912,-0.150941528907514,0.0479826709828863,1.1845478532955,0.777250984368537,-0.861384007050576,0.0713957447478597,-0.858473982331485,-0.0188249915709506,0.703677355526558,-0.599626336461572,-0.0154225609958872,-0.212128389771566,0.14457905492698,-0.85756778654358,0.569123303672286,-0.340198298328421
gene566,0.350995577431021,0.0097184108995336,1.31654796321703,-0.595191148826433,-1.34264382433687,1.12640390513213,-0.412766295299933,0.490286662702013,1.19082223384536,0.45893766738987,1.30474272416156,0.287307188064373,0.298186715217218,0.172581632310533,-0.173506576620996,0.216152197937774,-0.125924373817337,1.13634989116199,0.575385776779711,-0.885098168860338,-0.736552818379704,-0.935943262169255,-0.266533090876194,0.974447230325973,-0.407536916588232,-0.599559876383549,-0.770404285723281,-0.856318428210926,-1.04427666308911,-0.75561429168708,0.160963111198284,-0.675251274455342,-0.362854313947251,0.0836820591388957,-0.469937808393163,0.0786387152663926,-0.229087480464085,-0.435795012504649,-1.41422153690194,0.870159593852569,-0.0629031443936139,-0.27609684977977
gene567,-1.37128688504924,0.188400129099576,-0.899251244139053,-0.915567565299607,-0.245716897450607,-0.233836059797522,0.608296007831643,-0.944784661547065,-1.12933548875434,0.0423753612337968,0.804192531987997,-0.946736558320148,0.360044796807765,0.0627540560475506,-0.76876454895595,0.783116263149225,0.518476958411951,1.44476183605585,-0.666508986135562,-0.46528920024089,0.0482380441942771,0.801197859040508,-0.420727750279206,-1.00954610604028,0.241478924602761,-0.396653802979126,0.268900461915446,1.04433743722247,-0.300378332750762,0.304777797144034,-0.402580181574032,-0.729888536764666,-0.0821454823995755,0.0620296616269408,0.165184191824876,0.115678540337632,-0.0549380531830846,-1.17264747283955,-0.141957401232969,-0.34364783575019,-0.748147696386143,-0.115513814577432
gene568,-0.125209189773691,0.446113724232623,1.50268704582058,-0.368362663901117,-1.05376413110692,-0.66756063868495,-0.794672200713059,-0.172389532783558,-0.706816668291959,0.850309326809228,0.17261778132356,-1.42837613217927,0.0993671002386862,1.73293534461101,0.920021928415805,-0.63770160129008,-0.385056256494161,0.735845916948326,0.588710306581786,-0.0083519646379488,-0.0639043708268814,-1.05228927492086,-0.093198992818831,0.499335996446781,0.24289321563678,-0.443565625366556,-0.310572265968677,0.0596805631680421,-1.34220541829243,-0.106272548584987,0.139268351434801,0.780991245767089,-0.76087993259462,0.639516730300117,-0.923863395954742,-0.0863887244572413,-0.192159257609112,0.336302337068295,1.34670709034298,0.388074433850563,-1.12361566230623,-0.360171194157257
gene569,0.442633741501267,0.782734900570025,0.149828196954656,-0.934528755854472,-0.495516602145551,-0.373417972735582,0.447347641654045,-0.020596608221823,0.729402175827266,-1.22576095689435,0.451018097764928,1.48924273215109,-1.4259222758509,0.681445542325796,0.717076476707223,0.76629474924593,-0.313513079911069,-0.145660502309708,-0.367346566269714,0.578522567791034,0.51726357515361,-1.54605767241312,-0.523533368772216,0.0104245208825389,0.124241405843447,0.165321216985211,1.9433664875827,-0.151552519895147,-0.202595898506284,-0.419703658079719,0.156869053492109,-1.13016466526488,-1.36103939564196,-0.42969724589344,0.0507700740292715,-0.20040382531387,0.237757111323385,0.743742600987044,-0.367089007841817,-0.121190854684342,0.930090610615304,0.187563858790609
gene570,0.265167484443211,-0.504540327684186,0.791594174775285,0.0790141910421364,-0.18898694292002,0.558934265972126,-0.0463841449424292,0.286981500667383,-0.835672007020092,0.225490873706869,0.216924281709213,0.792110020664245,0.887719036204552,0.346622354476752,-0.123422957260106,-0.806661517862803,0.19552787850568,0.0559362276632962,-0.0926164420914201,-1.10522733289379,0.135487199603532,0.904741853641235,0.792825684256895,-0.647027595117549,1.75166334480721,0.102801629854686,-0.522068066660329,-0.424432666270042,-1.11933318974116,-0.809322646818129,-0.129046381326818,0.358800598052465,0.317843422823742,-0.0809161062182097,1.06268460764336,0.511967125657871,-0.196783045134765,2.13458851805762,-0.184710091999585,-1.46406298603813,1.11102637417872,0.0909601216262195
gene571,0.43920716493492,-0.676326279161573,0.3197440807107,-0.656358206584166,-0.371444430035619,2.38686399077964,0.410723590313101,0.769056502302191,0.277704898755942,0.300324146291029,-0.226794888680208,0.257023910381011,-0.277983860311196,0.774956037246795,-0.114410221130943,-0.217596335265819,0.59888341413073,0.119826507945832,0.187456391706785,0.495433163252012,-0.100933071488799,-0.0388588552107348,0.657619681469774,0.983096520532763,-0.516277159073093,0.170518920413416,-0.998339677416191,-0.700772434272613,-0.761135307692219,-0.134638776436537,0.547598831736879,-0.281632952241359,-0.167059581964138,-0.120857962571161,-0.482944074931389,-0.505366309482216,0.747122557667534,0.664842292427562,-1.42835634243166,-0.476498994287232,0.408687252559342,-1.78472802268125
gene572,-0.840407599584163,1.55954680212332,0.340408118944074,0.030026591386135,0.52554269101706,-0.383739990274228,1.5456737553596,0.171829825874449,-1.03760315517679,0.685769069643318,0.276645503334058,0.14751494736428,-0.217759993179508,0.117285635985471,0.5834678568007,0.435262303837573,-0.949893045819656,-0.0196484472534235,0.419504080512674,0.574870130909036,-0.195948981487715,0.569594266048351,1.49948907955844,-0.927200228950566,0.220868273793269,0.577851934103022,-0.2652733467077,-1.15925796608221,-0.446659501531352,2.30227583654967,-0.25261681323147,-0.553404916136571,-0.746074789134856,1.13014529562627,-0.400285876932814,0.303810443017908,-0.47794000160182,0.208582379660846,-0.086711809768143,1.24137347857952,0.245305886627341,0.508179919918786
gene573,1.38909521621647,0.201203484070224,0.0108724901029377,0.18186954529531,-0.379666036166495,0.716203616282156,-0.0602860726008225,-0.434228983369386,-0.756895441594611,0.69877285737946,-0.378305429732036,1.21400570034572,-0.507446376782635,0.0157192269068583,0.658796458171614,-0.238129563002791,-0.457952254239055,-1.21640784108421,0.0835063069876266,1.06847057875268,0.126379835624988,0.756119300987016,0.931629694361435,1.02932099283718,-1.11219987404837,-0.838310727008842,0.176908366544859,0.701753555480211,0.483270621301756,-0.838060804123425,0.0807710222751763,1.35564499080765,-1.4709412722424,0.47891059069918,-0.31460888634738,0.202851622543584,-0.743333466173019,-0.111309466514246,0.250279722569431,1.3101045617196,-0.323994123573893,0.776029352162095
gene574,-0.81533868996378,-0.511100713705759,0.350136940173553,-0.785008366751677,-0.0468612610510494,0.401406562263327,-0.79781813233325,-1.67145777900831,0.0386740387396352,-0.602483599586402,0.469322913408536,-0.890314895385063,0.0704454898369937,-0.343313154733896,-0.100301994143167,0.588736414599278,-0.516273957834958,-0.38013636010485,-0.260762920234929,0.229140193714882,0.125961141132363,-0.572070529505679,0.218376789955674,-1.05876283804404,-0.091488021805535,-0.977993131302514,-0.0534878187092043,0.494513293822325,0.306143490562975,0.0094466642417628,2.4666017149206,-0.194964477541143,-0.671467648140627,-0.814348659322328,-1.16376644079833,-0.807189592420814,-0.127071217471943,-0.538407925627632,-0.793062590762756,0.785781359431371,0.65585707141445,0.920878327869093
gene575,0.0915339220131856,-1.09878179538751,0.601184828875972,0.010801487145493,0.40550897979896,0.831061447169583,-0.0972433107494472,-0.0066655378592474,0.672036961001163,0.105585158712131,-1.41447205220797,0.126899850783337,-1.18185504444792,0.538584887633332,-0.109460249774361,-0.560116495256553,0.204946785083212,-0.98624646189073,-0.274615302781408,-0.333216787835822,0.238338286837849,0.19531278225328,-0.52586672976634,-0.691255073211387,-0.527611854720127,0.0096778411106089,0.0754783487901177,-0.254615668404753,-0.474831084016303,-0.590426393215114,-1.39464345135736,-0.233504980453086,-0.955101386182931,0.204046957884886,0.850316686626934,0.88104615574586,-0.76075088933458,0.0862442505020127,-1.05576658967397,0.0788759290247267,0.541608746477725,-0.363201866525129
gene576,0.95356243321592,-0.31855301788808,-0.814824970721586,0.821257718209067,-0.211755210019262,-0.87505735079624,-0.39737051043743,-0.262222017988691,1.24207013244116,0.689751555806587,-0.374185074773939,0.843847749838338,-0.415822886551209,0.316602223338129,-0.210768838909974,0.586355816406357,-0.006692254598696,-0.228136769386045,1.10984220999061,-0.869736636773241,-0.394499038819354,0.645133207757492,-0.1638431345455,-0.432458528770472,2.18068625038521,0.676419633366002,-0.226362496367571,0.17033144603424,0.0950784133819768,-0.118182521607881,1.17987809912929,-0.0255145088229137,-0.0124851737062178,0.344930242004908,0.127894405084605,0.28914220989118,0.167740769851772,-1.04203932268054,0.382773594727485,-0.0776599813258367,0.312979429337498,-1.64107448484744
gene577,-0.370122596235944,-0.437625097710628,-0.846581201789019,0.18365028441202,0.165911698734505,0.0322864952496159,-0.773653455154967,-0.691082856177756,-0.0643116658817661,0.340377550909705,1.05884411641988,0.936457135127193,1.49162238234855,0.723579777033345,-0.476992058640452,-0.508918874767927,-0.197039166628488,-0.772452681794428,-0.826883674287165,0.199733181647072,0.170189474923906,0.325985180616883,-0.33790034235343,0.450894983771552,0.500294073030513,0.549381359926667,-0.222405878870242,-1.02516434765016,0.345895876934865,-0.245260515970831,-0.434750127943096,0.291393779466528,-0.0434410453304899,-0.504917855630583,0.176532803477013,0.381876704520204,0.147920934254702,-0.135209051109497,-0.129088270053052,-2.04853328122227,0.856761663226021,0.888997060404126
gene578,-0.637510674142246,0.763285139973079,0.221856788594259,1.20214863901073,0.328481142817221,0.681375080041003,0.404070089335879,-0.198722450002193,-0.675076610573908,0.484587749377881,-1.07399487014777,-0.203483413997557,-0.112263983689527,-1.14265755060184,-0.337974484094858,0.488841896273433,-0.447098873842235,-0.139225859383775,0.0402096931579877,0.833115479452851,0.0830199582946848,-0.212933171972733,-1.02328229265684,0.224604586504459,-0.473005374806855,0.953614522062016,-0.278902460583207,-0.730222787857168,-0.263491214002736,1.12892191506105,0.154524766265693,-0.230399299063321,1.0252809946565,-0.206623880777594,-1.01903192405207,0.0186303093278546,-0.608055592345029,0.0241157400903211,1.44800797431549,0.590331579538181,-0.0848583059276134,0.496660653920436
gene579,0.335187475238662,-0.648945298912642,0.537785628410107,-0.410556912122453,0.286946303931488,0.218620130574282,-0.935845262332252,-1.19781472865164,-0.0678012524073874,-0.118785894533002,-0.557172370244849,-0.735000625659587,-0.974911385780713,0.217289550909382,0.156398204000282,1.0218678250001,0.268549680052214,1.00453741262398,0.137932795489055,-1.84689070946124,-1.88895462422056,-0.812834167651842,0.566843210413416,0.238941856320124,0.504459727718051,-0.106206596120298,0.672475145759377,-0.248105314725085,-0.168004423593177,-0.702808547957373,0.509965938960485,-1.40252059059544,0.819318367077855,-0.187899287042603,0.115635048770366,0.929326421240306,1.30574893389791,-0.426864333711249,-0.816981599299798,-0.361202343916975,0.353972288851489,-0.0198613804323727
gene580,-0.852104306699339,-0.240938069323897,-0.32134052620973,-0.315276555670271,-0.923099998138311,-0.754076395606401,0.848424681988848,-0.206403410439801,1.21725993902855,-0.261807605828612,0.204400401388844,-0.0721303269896532,-0.061359741727235,-0.73873422677821,0.72835046346452,0.698130776224785,-1.42705358423605,2.00271126646408,0.576105805589854,-0.473849569530846,1.3483057320812,0.439530648831565,-0.459435236764861,-0.133643091896122,-1.3293170860158,0.658430484134297,0.438703317206075,-0.620772764294728,-0.183132328603061,0.644781313414441,-0.0981468458749533,0.433000330333426,0.378944636173843,0.972570722283162,0.515139591600933,-0.127446250599775,1.1666632839033,1.42703995882326,-1.17854252111982,0.622187604175557,-0.0477883612946863,-0.428850925897527
gene581,0.156959721235555,-0.162662782820683,0.536130674264645,0.587920760244433,0.0134489875902867,0.409507786689869,1.3933077192974,-0.0518692098555906,-0.320007639832169,1.14775451988324,0.919954481176909,1.15660742026906,0.428650903099115,0.670868535779356,0.31226132879392,-0.100156077849235,-0.19000328781669,-1.09510917087208,1.15152710405805,-0.777526628242168,0.657638284306835,-0.0272572605182743,-0.278561864051749,0.272650880166467,0.403974625327702,-0.361630158877227,0.344801149113141,0.825420848726841,-0.280517893822289,1.99269942862285,-0.497948983362565,-0.640543000825255,-0.58880337101185,1.24452413550101,0.167859170318934,1.60704373695422,-0.0225280840345073,0.593534540625896,-0.294706895804991,0.882182857719158,0.0367360501242181,-0.148843718206413
gene582,0.795396428528346,1.08126277274649,0.43643867311841,-1.45396557125908,0.36799489954868,-0.619753977822193,-0.356792449726502,0.41635138640576,-0.506250344756969,-0.415063195260503,-0.922599373518327,-0.506541385344738,-0.296856006714924,0.682524394846739,0.3345153002848,0.344024676957486,0.808742614609867,-0.523203628752716,-0.682841072782154,0.211544166252734,-0.0423776872508385,0.427676081154306,0.340201518700309,0.26990297291418,-1.15717982607905,-0.645550837077068,0.533265395533687,-1.16610904894857,0.667275001261028,-0.517947279223625,-0.556046858674441,-0.587106611542805,-0.417459392409203,-0.285320968670598,0.302887315051829,0.326338991184413,0.605672224865978,1.3530851305637,-1.52155810745373,-0.515649318040257,-0.439609228245074,-0.154099384031697
gene583,0.43705932562209,-1.76184179886304,-0.275683081548523,-0.519824610690402,1.43109209461803,-0.71635832188565,0.198859014780522,-1.16198830473682,0.544929845090686,0.84452515078147,1.52145644254521,-1.13030233063973,0.39792593791386,0.390338012108773,1.58001392098525,-1.8246927081586,0.240192780344547,0.796348187410033,-0.597268839546195,0.0576650911132215,-0.654651767508433,-0.427051330419908,-0.641519516047946,0.611716262026213,-1.10106360882483,-1.43588682048625,-1.11664391754325,1.7436266875197,1.17645103257828,0.242132550896698,1.00783254650187,-0.188013707448032,-0.533925361357276,0.0940048021448476,0.754830262025464,-1.37736028860589,-1.2926779755633,-0.415053517436114,0.456150722939083,-0.260462239179092,0.626302281352137,0.124386462826193
gene584,-0.0762267634127863,-0.232072105498475,0.0734923839334878,0.893408724090697,-0.389217393133403,-0.135537139153007,-0.639236444499399,0.916931492101228,0.0934070861201437,-0.133668692913721,-0.524598488343751,0.439424824683105,0.126375186880283,1.01753941836389,-0.302309203048844,-0.165072492623561,-0.615351742526546,-0.0277259184573189,-0.410907820230205,-0.438660974774172,0.0971528429270691,0.62620504439688,0.472758804116333,0.193928968069749,0.599887712398597,-0.0773190428637381,-0.289386295221539,1.16768266211047,-0.553346662695564,-0.340256750023436,0.251846534283705,-0.194401158008852,0.155144651560696,0.0249583831241212,-0.604204493627136,-0.135941639260336,1.21484247351934,-0.25986345669229,-0.481999068043195,0.473242043700671,0.636143558834031,0.391270009319197
gene585,1.50373368407719,-0.160525257648781,0.114500986617301,-0.600724411948931,1.12477068828674,1.07975882525021,-1.77418786605267,0.0765617826161732,0.475098190198317,1.23971808870089,0.238908118682913,0.174712177442079,-1.05999272967209,0.034954845982014,0.289810875980843,-0.285483664212181,-0.248158276368568,-0.331927865172328,1.38496795143275,-0.0230361302042076,0.231452728858522,-0.0099564479716797,-1.18798658250968,-0.477913321439201,1.0904413751379,0.440988077886855,0.981598709685112,-0.518213165176077,-0.409492394749027,0.0523427890204611,-0.243146338011937,-0.881036917445843,-0.0213291137694351,-0.504306461949336,-0.675298633616751,-0.211520027353851,-0.16911572691491,0.97470931051602,-0.793176267037531,0.282279163582166,0.0284370344661583,-0.90533110748107
gene586,0.70519662481188,-0.72325350475633,0.45465448798652,0.507111295513661,-0.850662565146144,0.0376381823866524,-0.901694447868387,-1.30254490887185,1.44401138366569,0.0365219979837573,-0.0751643990439323,-0.292369951193527,-0.446506494865074,2.09375050685517,-0.319944722145178,0.605904016151827,-0.408692599114471,-1.20956492781153,0.483432961144725,-0.388716173054627,0.748154289847171,0.797921551333274,0.491433790068978,1.1902308068315,-0.0756522325269025,-0.383403933960344,0.435178907811885,0.132769505430653,1.39402957144307,0.563451429625175,0.482135568711398,0.171637815301008,1.04901744919537,0.515104669433839,-0.113618236365889,-0.586761227328955,0.325861700712164,-1.16233477236024,-0.281421553601615,0.361380594291733,-0.0754680719334277,-0.224008473708245
gene587,-0.412341138959129,0.331037443511334,0.949234589476174,0.0541610816528816,-0.694353625370514,-0.581817582454548,1.13213628404728,0.668428646402868,-1.50641416581896,-0.129173407795818,0.134581071498686,-0.0397353279694961,0.401661978114407,-1.16494603820855,-0.289177629710058,-0.947264842695893,0.671547213740182,-0.669547847986002,-0.0876945421170231,0.830536533865379,0.20759440538449,-0.944174172395517,-0.400443236436645,-0.359987693440952,0.327061880531167,0.0759909880816805,2.06833190579671,-1.3811251265231,1.29390075796329,0.579758805426438,0.197806063031302,0.48564792110076,-0.802419110970157,0.947346689917032,-0.335874627471551,-0.452310384331102,0.0448080982577898,-0.501050348106102,0.221201911362032,-0.424975600611144,-0.166558089783151,0.591669429142386
gene588,0.834192683099702,1.03971362971371,1.32791964637679,-0.0593923488805415,1.03883158674555,-0.336127264443199,1.35084616861673,-0.688373609145488,1.81500208402162,-0.647072204422441,-1.67813276011333,-1.22432527711087,1.08100363145903,-0.782007605536272,0.0739086218688602,1.14326096224897,0.0044404129900051,-1.0705886357593,0.0650710298258122,-0.709878035642009,0.698341223814478,-0.525792667016631,-0.88275375621258,1.24441855454007,0.890068103964229,-0.208094245107092,1.12616045949638,-0.37101770360378,-0.416145088637526,-0.217586789823139,-1.87648779338001,-0.29351934602165,1.31388771317006,0.22742355568623,-0.490851255823026,-0.553896176564695,-0.458613336466988,-1.11986063594358,0.207022772790894,-1.02458033239203,-0.400489292583981,0.485463743786853
gene589,-1.3495865866366,-0.0560988656636907,-0.0736205376877108,-0.583264854648223,1.28649623454841,0.131239315215552,0.126260447953652,1.67895247021941,0.483908497847848,0.0816844667814396,0.171840306473672,-0.291630476227012,-0.326856501368688,-0.124457519761054,-1.01769437692732,1.65914788773277,-0.330312317794757,-0.213952651897337,0.343362293369379,-0.25061007379247,0.577243115241731,-0.710711188388677,1.46849561533575,-0.489519200301728,-0.521280742447826,-0.698276488095033,-0.224460237983199,-0.632038096557177,1.05736355343214,0.449124541927066,-0.559944428857617,-1.31480423031344,-0.574282166513032,1.46051360437206,-0.268588321331124,-0.687945622673116,0.177496004678823,0.203077123820254,-0.29232755922804,-0.332552232494847,0.953328261635636,-0.0085577989911124
gene590,0.762265298563391,-1.16318892974071,0.920338246164996,-0.199105479835742,-0.164117690815674,-0.0502224017095776,-0.318049510352363,0.287999123042934,-0.418107414165309,0.953258762329895,0.893693628437211,1.01262726496409,0.357424180195258,-0.336204664872492,-0.481739683857669,0.164800276448603,0.990593008383232,0.140338250994185,1.53037438188105,-0.262002170625119,-2.59308408746622,-0.589390071554373,-0.157458060907191,-0.410320366437149,-0.325794462561779,0.613524712970319,0.166790633011853,-0.205464309627526,-1.32934685690635,-0.597812272121321,0.714414047502914,0.961820342254543,-0.292402912658054,0.260306367665057,-1.36509946855147,-0.779987312145267,0.494584175584369,-0.625124222539694,-0.369271428843135,0.01908758817008,-0.644055012547429,-0.0573936998145191
gene591,-1.21250169961864,-0.707689849686826,0.360385174226209,1.31140344360808,-0.16564461568068,-0.741465984921446,1.1567042707181,-0.188042455210111,0.242852358680473,0.327283373510406,-0.659848170054808,-0.210615212391404,-0.135565962904192,0.767645786848439,-0.27245750648304,-0.638868692781727,-0.389425453654065,0.204129475808107,1.56477019668718,-1.0828147205425,-0.523396560284448,-1.25010070695185,-0.0306454849616637,1.52706015622402,-0.470101585335142,1.55683046671807,-0.681567162035525,0.272899179865127,-0.519442785480406,-0.872274688485418,0.972147360756515,0.538279539801744,-0.675275726595218,0.648585515248136,-0.39055721148492,0.444556612728306,-0.266604641709483,-0.277564526186903,0.0601691615844601,-0.160667319684347,-0.969905643407184,0.642864744481066
gene592,-0.883906285968912,-0.0582767808159607,-0.105331990550097,-0.30263715313517,0.45616824759092,-0.135803774826319,-0.886758367928765,-0.786131091666346,-1.3089338443396,0.0283416504906144,0.666382865470927,-0.5844224025459,0.178648632353722,-0.372906843874666,-1.52585799706631,0.160021548610177,0.149440669433039,-0.114832135310447,-1.02212996876823,0.150675755489066,-0.714002915817093,-0.178359717389589,-0.347598149680487,-0.0956885445546371,0.720841064905298,1.88796282037079,-0.538040038189953,-0.911556666827703,0.0575285259474455,-0.269548753124524,-0.0574735925359459,-0.106586717216292,0.676260750835954,-0.555343469031616,-0.371278432997849,-1.49801894047659,-0.240665769587824,0.494104585732188,0.341914076578627,-0.0447726586345018,0.885034066097457,0.414796725605728
gene593,0.395093631627467,1.08250034003808,-1.17024888611726,-0.83397622700034,-0.544036021007969,-0.305776866992519,-1.30756081472672,-0.976086170248553,-0.296580668249038,0.29769140654477,0.0098887823136918,0.3652185849872,0.133757919027704,-0.177969869074601,0.611865101421142,0.777549372444322,-1.02436266340663,-0.332462224087707,-0.348722739578712,0.206023280614211,0.314942746387028,-0.546995517859488,-0.545966869405257,0.102989711081188,1.43515231200607,0.509097157485837,0.919223519770447,-0.181721534656144,-0.675110342970873,-0.69209600793008,0.848919083711028,-0.608340760856103,1.28806396564739,1.11087332588225,-0.209312357912365,-0.227436958073429,1.04581677134574,0.798574231883752,-0.104605670331403,-0.477956006467985,-0.592215349946696,-0.254854217753367
gene594,0.396801554339199,0.555040494950396,0.332712571719461,0.141808056389626,0.597267876445413,-0.502231446496782,-0.783908150640733,0.385970202733149,-0.51224979054125,-0.0655870930612749,1.09085134585829,-0.0591301945632098,-0.194682788683583,-0.501949031186074,-0.0169298482575059,-0.0060231256980565,0.35443963908833,1.14703770415887,-0.0375921748542669,-0.593655881847663,1.1781551509074,0.404185749316274,0.0830167333055007,0.443958678827315,-0.267564749679594,-0.225499332017925,-0.626374837131123,0.394350313669855,-1.07088467575575,-0.192523269925265,-0.391772637094828,0.186913254228115,0.133477507941503,-0.197414356852469,-0.39521840248518,-0.0622568341911436,2.20596129981004,-0.201821711631857,-1.13733301483531,0.540883736403771,-0.297478851343412,0.203618470117894
gene595,-0.676706927647458,-0.298564209183485,-0.639795330900739,0.646228821221421,0.242144641016521,0.243348160381481,0.617308490555517,-0.629842263072037,0.210360601256086,1.0891103474361,0.614680224810205,1.41067295989744,0.37305495546123,1.45410786916786,-0.148248102960242,0.24647305522431,-0.0337084305843217,-0.165326049820991,1.34532230487783,0.325483268759483,-1.99466945337783,0.0384990816473581,0.185508501025305,-1.5030105133497,0.404904419902108,0.0806600230819591,-0.153155574573061,0.631362627858243,-0.139764566111684,0.246576691673237,0.124754804063564,-1.21348992789606,1.45748130071399,0.992984364491005,0.0407198509558917,-0.550847612706071,0.168863225512259,0.187880404614383,1.63073621261985,-0.640079096205235,-1.26673816811972,-0.802272320915192
gene596,0.539092826954242,-0.562640310024946,0.612687666722752,-1.58187070927128,-0.20363589364673,0.3866955692669,1.7306266116456,0.728976778870847,-1.7381675489672,-0.860087302562387,0.113610003873326,1.03730513575344,-0.0836959470579207,-1.06763279905854,-0.528633718455287,-1.09066086439889,-0.748145844853551,-0.201234602751464,0.229988249268524,-0.216088773421215,-0.477486015497787,-0.357592756904767,-0.181549080193678,0.444290902284802,-0.0599844731834841,-0.109197287736086,0.470840859992871,-0.494924883686004,-1.35459607406466,-0.899886176053077,0.905455143079473,0.411124166295375,0.0741363212526046,0.857418006189521,0.182889589732339,-0.427884365746006,0.547273708167643,-0.681556777699415,-0.465003267317238,-1.54887668148741,-0.48023352408767,-0.738433535889672
gene597,0.335409687166183,-0.36272408317133,0.0943003038825056,0.223014168122508,-0.846192736145966,-0.146177597303416,0.357079487578166,-0.285050494309516,0.136523996601668,0.73282419097616,0.100723130064725,-0.307054243980708,0.128885620622326,-0.468534463798595,-1.26797292220967,-0.252737557935303,0.0060397960876972,1.00957127271294,-0.373844567070303,0.64341153273222,0.511172880201974,-0.0824474688100074,0.382948362461782,0.247235579278596,-0.654190833832298,-0.626319306147125,0.19561791231804,0.436154820698721,-1.54712251403064,-0.5933856640952,-0.0203400558460431,0.0487144257360997,0.569904866329246,0.0137352575109946,-0.371403219127158,-0.0493222401779627,-1.68355510436262,0.066030358397933,-0.933098080705327,-0.87611264310906,2.02897680694342,-0.389024766731946
gene598,-0.364051431267794,1.43454497894155,0.516448696346508,0.203580863610558,-0.606057943448602,0.284153180909734,0.377905275434059,-0.148018209907023,0.249228565803884,-0.223557672416087,0.143358167965268,1.14264844640688,0.122835273517106,0.271274935285833,-0.477064987148324,0.926960645361445,-0.1963713725533,-0.31117792529426,-0.441644177520045,-0.505220025294948,-0.30456041340589,0.900788616948737,-0.874664282847922,1.13499063060516,0.832415317807688,0.486641980166616,-0.803017212303083,0.73987779418135,0.280212351817895,-0.728657118855167,-0.106254536478942,0.129148478567077,-0.478717093559134,-0.344695005754147,0.0028171323127772,-0.0276358878290969,-0.48481143706159,1.53993179974536,0.52368885443431,-1.87514131650119,-1.71213927213649,-0.883452305209976
gene599,1.50087595870509,-0.213422695591602,0.192960244642114,-0.178286689680176,-3.203064006258,0.0059121612730197,0.639160361035991,0.719820568672096,-1.84051627631279,0.165725216844749,-0.174504305210667,0.517898398884113,-1.01970902631319,0.830868170894074,-0.336679184220537,-1.26900789203864,0.277653867556031,0.118268812055988,-1.37429476303796,0.484825864557741,-0.637488036078684,1.28166155323661,-0.0194131247121234,-1.05648184535416,-0.338201327032636,-0.306876846069011,0.702996744573604,-0.174619299192717,0.396211941084745,0.979652889202273,0.21195527668605,0.758084439146883,-0.617518049430671,0.390745683699445,0.089887493255875,0.280609067144971,0.432264449809556,-0.428671064793616,0.261551247055354,1.03272210484643,-0.374235612799169,-0.378979613099186
gene600,0.107209890689016,-1.57499819531602,-1.00378334152042,0.689922390217881,-0.598974766198884,-1.3314710011676,-1.04645885335305,-0.408968001277641,-0.290445330206534,-1.02146865685501,0.175848360622651,1.23274072777335,0.237202006065835,-0.467081358588158,0.930542423343639,-0.556869533694142,-0.871979585951868,-1.75411940624322,-0.202451011982205,-1.91212413999514,0.030746903431794,0.827594308467236,0.428058830788053,-0.479472560589344,-0.58158742462898,-0.0307805947442608,-1.49713726589763,1.11213991677277,0.682117986023399,-0.567604672394861,-0.569405611544017,-1.14654448939617,-0.0912079865483065,-1.28550821287902,-0.96924503885729,0.726496494259026,-1.15097532419101,0.0746966909293627,0.636099483259562,1.97217494694756,-1.0450251942691,-1.06239920867524
gene601,0.185217713525789,0.859094720616732,-0.273762378941532,0.483464775083041,0.23760225556804,1.14323177215519,-0.141642231419011,-0.996641491169116,-0.390781106773631,-1.10852063504319,-0.506437926914583,0.506045538820714,-0.703351107254323,-1.40931846897697,0.69887462946592,-0.379273169548679,0.798271726492695,1.08088966904828,-0.791249171372529,0.564555309362524,-0.872080072990559,-0.0517879419548666,0.106072664228056,0.195047772322223,-0.785615815102569,0.286871015769129,-1.15172816229542,-1.434046634195,-1.65100915356303,-1.89854467302738,1.07097877517734,-0.16913517719794,0.389641677398534,-1.24419819487362,-0.33651708001834,-0.611898204311677,-0.603746851925181,2.3604001269141,-0.375749111792278,0.354708317488557,0.54195136568256,1.24076413235263
gene602,-1.05324156963752,-0.52551848823514,-0.917564521442776,1.46716041260915,0.790126338725479,0.487353718414757,0.293250808382516,0.346860258267665,0.654918827310983,0.55670142119671,0.268891238570215,-1.30868017606346,0.0744479872349224,0.681809901298012,0.0666539485665966,0.53058731326316,-0.0718445983062048,0.648274197490522,-1.4007112447956,-1.10672443758399,-0.978983722967399,1.09286184021171,-0.34832826417469,-0.852919347032245,0.707224579125737,0.101709059417799,0.250375210418086,-0.36004955061375,-1.30245176512812,0.405899582564501,0.719309548720737,0.611292256872292,0.108411691610455,-0.731034261925279,0.366353557446273,0.243098993596868,-0.987898303172555,-0.577969356232124,0.1549785857425,0.0215045305382384,0.448678895716265,0.375900945295576
gene603,0.347774941150011,2.09136174318437,-0.0629946447199447,0.49145443639737,-0.778269758784418,0.270819714521333,-0.889315326950601,0.229544699682367,-0.710906857109475,-0.798169267677296,0.103447118449352,0.175982360020743,-1.35450402043175,-0.183944919056289,-0.271376462897701,0.204536929961433,-0.786230677357072,-0.288111069910793,-0.633416245779032,-0.242228220122138,1.1157348338211,1.9847240734088,-1.18049993518465,-0.0807160440630722,0.109097459601791,0.720410056969862,0.460842605143549,-0.793278607598774,1.55675445675414,0.0393791365525889,0.723344850930621,-0.179894294770122,-0.29503285552099,0.972432923389205,-0.155443850977138,0.620353719735343,-0.694624807960998,-0.165052626718323,-1.59478453421084,-0.113368478635574,0.504974697415565,1.35494473460027
gene604,-0.199274128585601,0.402363417517095,-0.286134404411164,0.78626881400578,-0.510135372893622,0.502256152751789,-0.968285060799058,-0.728641412684227,-0.127368971162336,-0.947339489836022,-0.0785882283601181,0.20880426256058,2.16471771989377,-0.675092114425656,-0.388787039316691,0.146753597903204,0.1141458643059,-0.469652925347037,-1.02913110557518,0.513344457329935,0.457547366849732,0.0822843273366927,-1.42182570263059,-0.866746926858803,-1.27117105852315,-1.36785713036091,0.198497161831465,0.139860158971208,-0.254144215683728,-1.0155926926652,-0.184152991379253,-1.17496572284455,0.0786380208305438,0.716718682159621,-0.618756235496869,0.733159711582842,-0.407596397598811,0.393704207231342,-0.815590168766361,1.03723739218776,0.293684099839032,-0.623201677480681
gene605,0.173905287559136,-0.152927757291065,0.0333236376690954,0.832088005588552,-0.244237800353831,0.94137906326664,0.135863019559505,0.975774479983403,-1.03804998268822,0.492621179473534,0.11628568217485,-0.803040614024495,-0.0275753912491354,1.32389318446226,-1.47240674078646,0.0997941895159124,0.418733505358082,1.09935007894444,-0.635551394021258,0.373407555207863,-0.881535684267069,0.42500508650282,0.133953289014929,0.116098274966656,0.560204665410301,-1.27941739672222,-0.0041237153295431,-0.6394413309871,-0.313039442355918,0.293712042602461,0.233441837028964,0.865285871632608,-0.003177534128701,-0.485715900939708,0.578448749485318,-0.0472274429145072,-0.557933348441344,0.0068524235710649,-1.44820229407746,0.215927863821697,-0.397251498089405,-0.131973859010799
gene606,-0.0551875651615041,0.465867037616916,-0.711717586793442,0.883877548886075,-0.67330988751508,-1.30225850846217,0.257033285059488,0.0842539605011656,-0.12286874183117,0.746002981963243,0.269811349849572,-0.759211859215218,-1.5219437903748,-0.0549003935382188,0.606746388420381,0.892672259831762,1.09048732235214,-0.303393996191242,-0.0559161914861023,-1.16752667778346,0.921819981843139,-0.873651859187812,-0.113095220880461,-0.401244467439405,-0.0580611880776988,-0.579761338719732,-0.143244318496435,-0.153319794351329,-0.321849190677208,0.219100149554014,1.33145863686498,0.143638015019214,-1.11611736158593,-0.0833542687355463,0.55707931088827,1.30689121466404,0.0485037168588186,-1.24175443836532,-0.0568802231998854,0.46232511878291,-0.385112361746039,-0.704627866358221
gene607,0.281418861089867,-0.630495863726352,-1.04570149128628,-0.514693255264504,-1.72498281051924,-0.575585459959056,-0.710762437862514,-0.207943140355906,-1.0178145021304,0.577589896501931,0.271815874730606,0.532934514327904,-1.71751370213363,0.264084736233792,0.970739512298348,2.03758108173578,-0.451928511025433,2.0284431568723,-0.269850169826544,1.13846395038922,-0.189643296220963,-0.545164084602321,0.0319005652736391,-0.266777537539501,-0.241292973367481,0.672665066057273,0.5706952229653,-0.474462445333058,0.135608516343454,-2.1954831740691,1.21204007463601,-0.554583238710024,1.53053692225865,-0.0080481581580776,-1.42323139025948,-0.297965809743525,-0.144127616924734,-1.14629479665514,-0.60233130239827,0.293623086009567,0.643842997060508,-0.384800598290334
gene608,0.970006132355475,0.278753754755897,0.939380362381952,0.0976356839958616,0.810479334693297,1.24836817208878,0.487466573476067,-0.433034675460446,0.250103673740101,0.635286838970796,-1.08344329661705,-0.384025860281402,-0.584733294350443,-0.128014247750861,0.488748282213833,0.314927456849165,1.74785948715261,1.01839302111794,-0.564554179791161,-1.08636405950898,1.63858404698294,0.792617343072009,-0.0934990603045557,0.310886099338477,0.1151395914508,1.89841071201645,-0.297469960991042,0.0890006391840058,-0.335744158634406,-0.289267004596539,0.249483605525678,-0.224194119310752,0.0571187380411708,-0.190168163169584,0.33841629767241,-0.269365962697107,-0.141468022323184,-0.801565983824678,0.381924077411049,-0.636865176614014,-1.38283426014225,0.383618522816485
gene609,0.524564480267097,0.862761560311961,0.686859178086649,-0.66757898897106,-0.685514184372105,1.22932936193929,1.4332617259513,0.528858163910669,-0.583072987775122,-0.145504431855356,-1.02508578738585,0.220420173867225,-0.823831539353624,0.046079687881908,-1.61371505831869,-0.124268618233534,-0.919237962681172,2.11380388235577,0.191676770623527,-0.0953744431495663,-0.649172697877841,-0.659542759534101,0.287478100254679,-0.765862926902055,0.031177869168372,-0.781579499673381,-0.655055701872089,0.865655379426918,1.37653029826895,-1.69710937840714,-1.43455407278676,0.132554550350716,-0.788683740549972,-0.658524138584285,0.822981409321607,-0.275958317120824,-0.476837301373369,-0.922579711171725,0.334994239925214,-0.71085216197188,0.450249837082544,-0.0251639720656124
gene610,0.590892588973211,0.381364520638877,0.999405901654708,1.34436731326588,-1.10406958749581,1.32850002818911,-0.0942683634950183,-1.46465245693075,0.672807372511093,0.541641492186582,0.583043099025786,2.14034111636401,0.785139052699718,2.53554580592729,0.508822913999595,-1.27645081572568,-1.21944712250992,0.528206010512004,1.2547411985801,-0.0326466142159488,0.362391305765973,0.462500156489773,-0.629382318395584,-0.652095423916099,-0.467974831344828,0.742922296805556,0.541346452863857,0.592032396088277,0.396081700983799,1.82247788816504,1.29275737915501,-1.08623779921212,0.575965154546114,-1.11223582380446,1.57916907225159,1.19723934529389,-1.38139754720621,0.515301883214678,-0.0259441438640287,-0.961287862654024,1.13935163756166,-0.285375464036753
gene611,-0.523692994885049,-1.53611867797819,0.0714844155805389,0.340900689229654,0.307171660184109,-0.482493203839161,0.938901501665864,0.0706503720832744,0.0396639926613478,-0.277610481651615,0.0081840709372913,-0.714594032236824,0.356133117823345,-0.355126042983358,-0.117639064278889,0.503853132278999,0.491802224602085,-0.413011893700205,0.479830559878023,-0.249773731385453,0.228398248107676,0.280086906492807,-0.549901704345616,0.766156973461168,-0.275584755109455,0.919898582548074,0.800188862135438,0.524282822093783,-1.83498922665856,0.154105238607127,1.8865701984992,-0.712834112736336,-1.29278764509193,0.876016950642812,0.254909038735673,-0.0938632249004786,0.884571019420255,0.617647241465224,0.528843745452197,-0.498209307290996,-0.104603927734146,-0.413675492136068
gene612,0.919204507641231,-0.0710430551371915,1.36707150564515,-0.59194787795301,-0.323972550108961,1.26380145590624,-0.878817472431878,-1.12616677074169,0.340558555354397,0.0022834771205671,-0.0292901136392352,-0.0605462424775164,-1.23106497674591,0.849734153122889,-0.379351185155588,0.303084564305977,0.0715251782305516,-0.656373403821057,-0.0887894317181463,0.0525076529702556,-1.19808225193651,-1.00227324092455,0.761471982130441,0.400953825609358,-0.570887232087739,-0.602212550675744,-0.712751539463312,-0.735190262688857,-0.715159264249503,0.41656300541441,1.74790598605145,0.626732739194427,0.717434613814613,0.0728370739414204,-1.28575031024697,0.577251824157541,-0.255061233037721,-0.242779426622022,0.88459411961275,-0.178201117705984,-0.0123585884416522,0.612687849213853
gene613,-1.06905603204904,0.682832511422929,0.792255445024969,-0.51379553862176,0.375666529976084,0.359698418420762,1.36723920679061,0.451237216975621,-0.437540510175399,-0.217773437652867,-0.90864957277023,-0.482944356833916,0.291271020460178,0.0222282145684103,0.205295972220669,0.0863540949924736,-0.470517141466057,0.705863516391555,-0.0702417610255399,-0.326731487309798,-0.0200944556189839,0.562355912954505,-0.827293759971176,0.812244011639535,-0.761484793230572,-0.359091613982602,0.348582468869368,-0.350277740365936,-0.0668704356391554,1.31942216827833,-0.0054972644826668,0.0620501661377267,-0.729594662974593,0.0739989722085495,0.19620953010707,0.0349216117568369,-0.547637091358383,0.468928467643267,1.1848009651272,0.239423510584721,-0.817280792513542,-0.049544326390332
gene614,-0.657033357602185,-0.311078799227063,0.594935278893166,0.233842376555354,1.18959521880208,0.0613685943470879,0.847126502370153,-0.262504473702376,0.774164086106981,-0.62291632991552,0.9513213340481,0.834447175701316,0.177059467294705,0.0366033935680342,1.30041902416908,-0.288555567984918,0.412722075442943,0.158041997623697,-0.424552690744247,0.34104975969744,-0.51294245111394,1.03398396438655,-0.125076391556783,0.451233335671224,1.48956530457554,-0.250507238916872,0.367259210287901,0.526534340781192,-0.721923011913966,-0.0400909029079382,2.36690515026744,-0.506164002518945,0.136320333476095,-0.0722374757769592,0.133618387225427,1.43367447931727,-0.0263523578449043,0.0587289963078501,0.0773671286686495,0.44781001435714,-0.0326952821871094,-0.156497196072148
gene615,1.05740580576891,-0.425745904239906,0.040052478091256,-0.0581778554545659,-0.484053038782864,-0.500899372387291,-0.327044902741876,-0.0084155028361932,-0.7319865994411,0.975229902074698,0.803495590497569,-0.427598958927827,0.593066894792441,0.51764111443661,0.39858096085165,-0.660518543770096,0.592449160790748,0.140437095542286,2.14852885336718,0.68779896385276,-1.16944156937475,-0.0318222102242731,0.208935197266652,1.08579876540012,0.587141545049801,0.459345280203879,-0.4088951958099,-0.177864334275076,0.105961990429992,-0.484521861399558,-0.315241738757463,-0.22918241320476,0.337993384270274,-0.214582985930371,-0.229314140267111,0.775868256454673,-0.866040780744324,1.13891654646867,-0.0493259702371538,-0.134034384832164,0.646762844913677,0.363972319920612
gene616,0.0938025899459486,0.560877534732071,0.621679204067463,0.017670564510622,0.760569841233607,0.470225231794157,0.864875679941271,-1.16645710419645,0.858944121438876,0.443101380280055,1.24037040653986,-0.286930778303872,-0.440189037868844,0.466741968512077,0.282897899257038,-1.07770999460044,-1.2967560722183,-0.643168704560467,0.352243293101215,-0.24748850105191,0.381673376556997,-1.67148790800381,-0.127080305905091,-0.986888776025389,0.214884563020402,0.0187488577939811,0.798783352753267,-0.201619265601852,0.554272406471812,0.693189428079191,1.18024341488495,-0.168836761188981,-0.24010303752553,0.108747906738631,0.507338966919627,-0.15057669408988,0.256193222796619,0.593736608605498,-0.679677550185944,-0.299313470272428,0.258240859716552,0.380256337019314
gene617,-0.0365930776904177,1.00387652975958,-0.0216572771087429,0.692621130795959,-1.41228584959392,0.650659652331294,-0.213772592834486,0.631291948923826,0.105848960007835,-1.28228803913887,-0.675288647332264,-0.0017878210890529,-1.05028771911074,0.427081787656325,-0.144352816375516,0.341443870273321,-0.0227131441312584,-0.747615965831956,-1.36268682263805,-0.863664328453231,-0.619332340234276,0.558324200099625,0.0358451395486854,0.342493839002551,0.752546166806003,-0.841078067805146,-0.911027449898499,-0.890457632854208,1.36100848959905,0.273776292825226,0.19004916369928,-0.729739003160227,0.0260259378505913,0.724017404251926,-0.914481029360414,-0.0317536368429955,0.466618609802,2.55820736264428,-0.0428024238974754,1.00195653668688,0.447705947597894,0.160712936447141
gene618,0.384504692148979,0.806949677193612,0.504017445403917,0.528548381844908,0.0043668550371745,1.02733042082378,0.370926174441152,0.929007168164422,0.0907321484726667,0.269913792778383,-0.115996871672523,-1.14054956867979,-1.28152584378294,-0.0342823463909396,0.245766806191607,0.043478309212767,1.08621195533652,-0.464025966434584,-1.03460131838841,-1.6770422344838,-0.0135417268702802,-0.0650142085490462,0.251039102697052,-1.39603566968018,0.108150118022036,-0.453277015763098,0.135921681502385,-0.003757289893487,0.265446810323584,-1.18742688701487,0.277110945565688,-0.110705727661171,-0.519713216702226,0.265497955718639,-0.347762962014283,0.916287146169348,-1.04841255076874,0.295674320034023,0.0797987023972399,-0.337663184628104,-0.822434379925107,0.168395400305085
gene619,0.513784402813844,-0.315940254977629,-0.634683163963041,-0.466771682962075,0.0751838177488712,1.68824724349569,0.0142679006317529,-0.395056069246223,-0.280807292032991,1.30085271804851,-0.448437856605647,-0.139882907165965,0.382874958157219,0.352796178044509,-0.0444523625215319,0.430097517237335,-0.401151619342315,-1.08222261544996,-0.982707588427922,-0.597460495222852,-1.59888611047341,-1.23566218343962,0.863185013176479,-0.894058566495425,0.0066563698027655,0.38227985878812,0.682490750491694,-1.21974676413043,-0.964913822802945,0.602286415406646,0.371987029967569,0.235551247743905,-1.45763960079559,-0.858040858001343,0.320248319830752,-0.0046347305241472,-0.37214432897106,-0.259794493865512,-0.361311809276704,-0.250886630426256,-0.601548719618888,0.193682614138683
gene620,-0.17521032162409,0.781492578105798,-0.806827318153422,-0.342723869893265,0.646871905317033,-0.135082618881586,0.919275404096924,1.19520814696962,-0.216853301321505,-0.158805455826605,-0.931019642962027,2.264828125805,0.118831798849818,-0.816235362413462,0.503953191461466,0.0910230436054453,-0.810790279214023,1.27554258043378,-0.564036606571813,0.430652778875656,0.316032244179878,0.108486709653944,0.689672033156947,0.210280088902428,1.27233674974746,0.0446583639889108,-1.07396736548591,-0.110927174473516,-0.114397786268611,0.393992567038191,0.611837205737288,-0.270905159360108,1.80994160994583,-1.0282336006608,0.434175222782462,1.11316351581036,-0.0452424896838146,0.646944767321911,0.408447416461254,-1.13970959022837,-0.285605376998528,-1.55852126492984
gene621,-1.21261171623655,-1.36099533731552,0.554505070247872,0.306447054084886,0.181596662957144,0.364788032609386,-0.840060298973522,1.65331215201557,-0.4386285370881,0.113083905661702,0.47077011347835,0.117307710045946,0.0426598239192527,0.356897647743296,-1.12679329428589,-0.111709740736912,-0.10938595210357,0.447489247868062,-1.14709575093639,0.892810414721272,0.839081094965619,-0.77308199055688,-1.17549696379093,0.161421897643498,-1.17047253112644,-0.198519825685482,-0.115488768763744,-0.431152542460507,-0.632742896964067,0.0584840791754387,-1.03205151916095,0.576480221939461,-1.3462275860844,0.915473501749077,-0.330563493177653,0.0144931435438941,-0.226605261838033,-0.570825887161375,0.27461927439067,0.899535507471661,2.67157317745737,-0.227452876697533
gene622,-0.217355301715584,-0.0437495829995517,-0.661641160398781,0.39221751782723,-0.518152237019465,0.448299817147587,-0.988144273773718,0.459474489440992,0.744576883225307,1.02390227100533,-0.161114706683245,0.707826315850761,1.14667881387868,-0.547461294301071,0.109089621874819,0.429583997523234,0.35291424845102,1.24233779710579,-0.124728456908342,-1.85550257085997,-1.43854672125025,0.522935678720514,0.243825115092398,1.20875233199273,-0.943676828660624,0.0199745197716125,-0.415066538332708,0.367231032985519,-1.18912432386467,-0.666793837185221,1.19924126671397,-0.540902428415318,0.835711808102137,-0.0204244143841318,1.3955068089095,-0.440475359924816,0.808886321510047,-0.387329345153599,0.907380342678484,0.395902386699932,0.0757711276303943,0.293293921007277
gene623,-1.29018242249075,-0.859269232325764,0.732659357989597,1.30656355250624,-0.332997228225507,0.733669738700626,0.572525491929873,-1.11490226553249,0.686242845130214,0.638511829903017,-0.349132231485817,-0.66339442678163,0.691545866081592,0.822422289026695,0.18911586503585,-0.0178004839785605,-0.27663652528367,-0.199226612951942,1.3734245382823,0.675912180203752,0.204515595663256,-0.267666555952225,0.0149224709072653,-0.319564203914878,-0.296838953819161,0.229624582641433,0.680130854314909,-0.337840406989188,0.925638571775933,0.428957643782999,0.16682308065458,0.568564480517778,-0.137759204465078,-0.300811506364321,-0.355813944950652,-1.01119375591498,-1.81559399941702,-0.235782994359939,-0.729957233100618,3.16151636529149,0.337991281910826,-0.462772649718837
gene624,0.579093176082663,0.802252419059405,-0.171686907010591,-0.946352850048055,0.532858558027106,0.730261831680422,0.717850370339056,0.518488528365544,-0.412488058730309,-0.243776045488102,-0.204055946887318,0.528791734609112,-0.475014410678369,0.0670151516783808,0.184938011226116,-0.194999664071557,-0.141853440991062,0.353311888578002,-0.28117341502235,-0.195107577717592,0.401874537947218,0.104112563115381,-0.221404016786755,0.329438860114964,1.00851001620941,-1.47942252649491,-0.469339813501239,0.539532474881237,-0.0415155796240261,-1.04942874941108,0.0692827374731168,0.397540986592139,0.0651203567268069,-0.0680885337922786,-1.10752926414529,0.0293061886456758,0.464186643289765,-0.14631830078324,-0.656506254567521,-2.12817798545288,0.0271523351287406,-0.960898066876332
gene625,-0.333271278939374,-0.242048018020256,0.413516994891923,0.434113807054455,0.64276470883828,-0.541113111318808,0.366116712626783,0.676569681998033,-0.68173734128167,0.193187328726323,-0.479672703019632,-0.5395283738778,-0.443286287430739,1.07111773288629,0.855139010183921,-0.743939083392724,-0.627385413687489,0.158284951119745,0.0988676119998159,-0.515824072918854,-0.835177596613139,0.0089714177619969,-0.29807761046028,-0.501381383137403,-0.0678726015700269,0.378599727844705,-0.573155208639051,0.0141988796947005,0.297297540856054,0.780772206765274,1.72128481864339,-0.425436546708194,0.0549668029484937,0.527532827561024,0.420666650900469,0.275294957622989,0.697057729847274,-0.509056199025699,0.616568622636825,0.125835006026357,-1.22957403581792,0.0816858521897676
gene626,0.0248163482835529,-0.303139702881043,0.0621706695311878,1.54606309043876,-1.22477436949622,0.890392598937114,-0.120417821425444,0.0519058299965375,-0.894242978896416,-0.569364405463654,-0.384959921733584,-0.744888790426629,0.792474806722956,-0.449623637133664,-0.0013377448030413,-1.04573112973675,1.1310005370215,0.449053687715312,0.276653688072097,0.34235677336904,1.24498942391935,-0.53966648343411,-0.108596845297595,-0.206578534505476,1.51841305671594,0.0151472715264085,-1.279435246837,-0.101545686504708,-0.115274372291531,0.490204757953866,1.17784261560599,-0.605718223497603,0.272273854618383,0.370122562722578,0.0577377031910448,-0.833807391950598,-0.804291300639834,1.28814447153335,-1.11353245051061,-0.834633964576924,-0.874643574095035,0.691715735928656
gene627,0.432868335906658,1.04182314749901,-1.4504217373606,-1.35658174266667,-1.16398801712546,-0.538067367524319,0.749607521308387,-0.329618283135061,-0.268099192237784,-0.551353915184107,1.46883213872138,-1.40593435101188,0.102299779960225,-0.532469055488963,-0.748365525857518,0.744879412336645,-0.865310648327738,-0.470947132739308,-0.34511817236896,0.306610062058347,0.543463725119688,-0.334821019520304,0.855053603898125,-1.14499110512017,1.05762169602812,0.639914102028505,-0.441584380868205,-0.182857726142136,0.448095722867997,0.651172523225873,-0.451429479751824,0.623828169672079,0.0404576588066341,0.007410680250184,0.225003211186886,0.357181436188551,1.10996225944677,0.134022309225286,-0.133695328679106,-0.380832678605123,0.361830091850454,-0.419135760366257
gene628,-1.67539305383072,1.18206584710696,1.04565778138967,-1.83702567087703,-0.0402809448885029,-0.358633094034238,-1.1187188842021,0.498454845382629,-1.70209235346228,-2.15534298478738,-0.0166383259434871,0.75104168414246,-0.906714621597849,0.387740916955277,-0.352122708671583,0.9755743256518,-0.593257866761367,1.14126678629178,-0.173337887052551,0.79909070161485,-0.0338491235272035,-0.264388599309302,-1.8871885604808,1.74384205304212,0.471196535223787,-0.685271604990432,0.66682890482706,1.75318080407039,-0.257713603692051,0.843820753253222,-0.248293813970614,0.3133165397383,-0.40219563469444,0.241816237564198,-0.956784629696066,-0.229052030645704,1.1730723974899,-0.267461850985686,0.231611346030892,1.18339132467211,2.03093274726291,-0.193442141272021
gene629,0.778212002900199,0.9230086584402,0.633823952384685,1.89746873498485,-0.158682416246786,0.495686622275354,-1.72521117945201,0.131525589367848,-1.04375082139155,0.214894295506634,-0.231434887348522,0.0748365656152398,-0.377341056667975,-0.264565412413533,-0.526676912450106,-1.64149745132184,0.288992056628946,-0.122759584683669,-0.536302540794399,0.466145829001677,-1.89348873977351,0.330625150912193,-0.225767102394485,-0.0429411203412661,-0.286022034569058,0.836380186229011,0.427280226185166,-0.529170422805734,-0.647945690433142,-0.0570758125468681,0.392182024011688,0.490367584361878,-0.379251688176375,-0.129412072274419,-0.806518144912781,1.17202889465109,0.986590016696376,-0.952185157991016,0.119486078805999,-0.243134568014392,-0.454375589008894,-0.414285417833097
gene630,0.218666536172776,0.0748123360358336,-1.0714767412412,0.234433618011747,-0.0655740012697735,1.14961821049428,-0.083298978828242,0.284141436677483,0.273983423743807,-0.08234803618764,0.485665810002159,0.574015979531074,0.0434338211909413,-0.11937681604255,0.688925992757381,0.49909528723817,0.332853944494196,-1.36985028866475,-0.138685740946474,-0.157080202129259,0.558003644547504,-0.0616403698848066,-0.461026406156528,0.646979037901681,-0.421988296303623,-1.18496700248809,0.186603653154032,-0.534520504158309,-0.166990148630243,-0.387103110293234,-0.0658471360956422,0.481510203996392,-0.752700454020038,0.541956773878094,-0.38946686984058,-0.380941337463084,0.376549079835005,0.293791060769413,0.304606180293214,-0.343636991177171,0.334423871791056,-0.11381188501102
gene631,1.63863127045847,0.116080568981488,1.03103232490055,-0.495145515562742,0.199821953267009,-0.172855100279586,-0.0519555253906968,-0.308709973566047,0.406551284959627,0.378456044363255,0.0354171220731421,0.886719008185893,-0.261592700171519,-0.13200658579691,-0.466146803736466,1.66542486926268,0.71200870785925,0.684346816779084,-0.0588424386035185,-1.5142384542066,-0.636043353738269,0.0553073320200309,-0.241992528545873,1.09396287865926,2.01899315686482,0.378860450965113,1.43023074484977,0.463135397396253,0.430243565468913,-0.523789085259893,0.607491141914359,0.0044386398046255,-0.720421973941201,-0.808351894039624,0.879679793067886,0.905716407641266,-0.154684357482064,-0.96995956796861,1.42115285136916,-1.47832791955477,0.506154759370739,0.545563335589102
gene632,0.0768461529116882,-0.112242613922886,0.110451551574292,-0.407348979701053,-0.24536030282437,0.227436914979614,-0.0701390532728654,0.261222434906147,0.602263192672954,0.886520325384158,0.34837734782836,0.430253871276476,0.0173043958938502,0.0905395914856939,0.807008499178841,0.932360637792333,-0.109304099140326,-0.795944072162008,-1.13569152868632,-0.831590952278288,1.87688335172094,-0.765997169766153,1.00910048672666,-0.831238342101343,0.175416897216329,-0.0492674698041459,-0.299784797406579,-0.961752391721268,0.546135332652319,0.589593085043317,-0.0248934948513265,-0.538118910044314,-0.640984316767305,0.0306198629417854,1.19685689658499,-0.385823346405228,1.20794213562021,-0.940972681580385,0.369575084332421,0.0308937705561612,-0.119562768471241,0.564513822509995
gene633,-0.688628812119216,0.524330139080022,-0.307265032263079,0.823278700791806,1.28661142869893,-0.73608953899703,1.4435253371471,1.3542590728265,0.0296462337457677,0.927708007241362,0.250994756973821,0.155849299676164,0.152942327717048,-0.518035472787462,-0.91805517726639,-0.57151422522406,0.896397478557781,0.2308407076718,-0.641020982832722,-0.974762017738508,-0.518097199404978,-0.124023376457381,0.0449977508822537,-0.198516893159459,-0.291471249146642,-0.691792428762026,-1.18998934299331,0.0832333623692819,-0.494986664575463,-1.24766017000127,-0.0972728718624479,0.511037228023001,-1.21185099802073,0.150281352484868,0.555283108841827,-0.267922140335402,0.402108136222506,1.75912495307112,-0.546462950097217,0.98797823703451,0.103360845788511,0.318714869028127
gene634,-1.15551379592845,-0.769492617923422,0.47733353804847,0.430708682132007,0.580295620508678,0.480762021638847,-0.140708963064997,0.270991429694654,0.0146471392159243,-0.800753408831301,0.164380491754968,0.0849193208683328,-0.738987194754772,-0.529974388432642,0.125691167782027,0.178740896811254,-1.00709829953292,0.0366803313185398,-0.632316221180927,0.481134727882831,-0.688741238143192,0.736060541567395,-0.879863489650674,0.459694273993216,1.15259785413609,-0.716038109682579,2.16521137380388,-0.289613976912232,-0.28764490831516,-1.27678707770916,-0.0684707699433396,-0.290887371897287,0.0803089283413967,-1.33216493439055,0.285495105209339,1.02018295461108,0.335409550145934,-0.210197473136624,1.05656489197053,-0.0381258979907641,0.144058303999888,0.836917720953116
gene635,0.642837244802502,0.6275568134758,-0.354357929425552,0.33412999908499,-0.891373394324343,-1.05208483483287,-0.880774664210592,0.852180655523921,1.55218241558421,0.612173701644052,-0.221443336924125,0.451515482786414,-3.0603957952258,-0.290555688946836,-0.241714929385295,-0.425491501383437,-0.210207560745932,0.618689440409332,0.857751351097345,-0.10758100636329,0.229520501536148,1.4280631010133,0.025421267432974,-0.725427984238793,1.58286946031348,-0.575183510264439,1.12799398578613,0.0177093235349216,0.455733404327098,-0.978727438949948,0.037296864202842,-1.05685601493909,1.30015232080869,-0.114227837986243,0.657456325335255,-0.964874451449424,-0.918297160852414,0.0244996704687078,-0.795209173239994,1.22194558945352,0.0398190003334214,-0.379159989141491
gene636,0.5097530074768,-0.380350025954052,0.463320864689225,0.241941115657572,0.209170996869283,0.554317908043612,0.983128238317618,0.65982024351646,0.278521910466349,-0.615939812683172,-0.535547230159969,-1.15808196522965,1.6373124001127,-0.431125516930854,0.265988172499314,0.671120980415505,0.346556571803082,0.824346193182455,-0.509729897748868,0.166405278538903,0.111861152578137,0.568441457345133,-0.732428961254237,0.472863959065399,0.988480083886015,-1.02673640832925,0.453366290147332,-2.87722269063534,-1.06109620643132,0.578757761301696,-1.15447582546155,0.238897955455452,0.686117817841078,0.164463184278114,-0.426764824299911,0.484742939051863,-0.573235891454253,-0.962677745110285,0.431675016527345,-0.368149250714296,0.502607551014964,0.316235147409908
gene637,-0.143990999782689,-1.56364937319596,-2.59926425635437,0.620455745952492,-1.47879091912798,0.150383749255199,-0.774721902107863,0.767571948843277,0.464162820446388,0.133708243281947,0.582843204870223,-0.684589460102084,0.117425310873928,0.458356537404244,-0.400134945944531,0.200410146055462,1.63227713274182,-0.314573962564363,0.0688044939313284,0.439104604704208,0.537940806052696,0.802558593731014,1.01144371718275,1.31684000305426,0.215829318113144,1.00996164720998,0.0580269638130474,1.00591334304699,-0.574481255650894,0.656136426702652,-0.691034893700642,-0.631055885389199,0.55222373750426,0.366271488622961,1.03709542130901,-2.6812534247912,0.0930672646168358,0.580167095246557,-0.745187477455954,0.516953443610035,-1.14409872499983,-0.0279711227743427
gene638,0.221706972631466,-0.811796683714811,-0.809696766677932,-1.91140697924089,0.671487711893177,0.640896391393558,1.01358353603996,-0.782280717244612,0.30613802251914,0.657782511624118,-1.26611523794834,-0.742193980531736,-0.350260313408516,0.345157319334778,0.176793505687321,-0.666487268461422,-1.22993029211653,0.172186284245699,0.771063624536817,-0.926407140638532,-0.0533266367698856,0.410402903762155,1.03956911706635,0.388070065928286,-1.20207812943675,-0.558017703910383,-0.244312039660815,0.677914130705762,0.102408803323358,1.02822662924754,0.381365091063967,-0.0534032247949007,-0.0307361240549386,-0.186833369312987,2.25210634424954,0.349010510124091,0.589004543103732,0.0248532576819905,1.323062830136,-0.619744217628083,0.0756280671221596,-0.273792437318477
gene639,0.672927676391468,0.385708583700391,-0.374056546675078,-0.0079557644587563,0.088071822560207,-1.15904060706589,-1.09348145914234,-0.0970646371105077,-1.00593467786169,0.202181919120229,-0.600573858833494,0.323999473019454,-1.32565068693594,-1.29333658806211,0.225087166557249,-1.29084168584947,0.405972281401542,0.40048921308149,0.771460958752583,0.707202870435581,0.491971057921045,0.598259955107304,1.18997333747592,0.648298496466236,-0.578271294281443,1.48288797216824,1.47419508143603,0.542538941642432,-0.55796764862515,0.152908563219429,0.71239852433946,-0.427703758813448,0.465938226738595,0.0731330606176179,0.701096465783528,1.84723913176061,1.60237215598661,0.266497918956795,1.25762338866094,-0.672631931404621,-0.122270149760046,-0.194801487771149
gene640,-0.302250189502972,1.12452852809773,-0.850725334216002,1.67471266170039,-0.216433196449215,0.312478716301409,-0.416088153758893,-0.180118139321478,-0.487389484854766,0.319645355405371,-0.218787891882325,-0.818945392910905,1.40124334331977,0.511349390347378,-0.189660654749112,-0.0355539315971514,-0.499942855576706,0.605367804983199,0.668622353840505,-0.145737976989741,0.456519392130772,-0.399067200003804,-0.280936664686105,-0.133936223141585,-0.59958532414711,0.569835494157079,-0.602298561746061,-0.0750939949469741,0.743595847459967,-0.0803708885481269,-1.83812021127569,0.107928533267429,-0.380168593354881,-0.406915340815847,0.265567076986955,-0.170280627461608,-0.485649254083357,-0.362154000363989,-0.228254997233091,0.105119234939522,-0.387036664594936,-1.92111656393691
gene641,-0.509332312405335,0.244847401821013,-0.589625810107206,0.129454416484716,-1.11325985072486,0.826769451695625,0.54959745845058,0.704989991751023,0.258716377982009,0.121186567263161,-0.924260397737663,1.82792944012715,-0.438952467917364,1.20785852145275,-0.0400898820112109,0.605350680019674,0.802805540338584,-0.225827995789923,-0.336957756887072,0.733592997806108,-0.733738853808136,0.996678431768489,0.111848829362022,-0.094272846068062,-0.35932597556718,-0.847160640666594,-0.679374315735309,0.614980985376026,1.3507612359274,0.319153789202521,0.5117824654445,-1.09398702083178,-1.31465126451364,0.632348528631631,0.365988554601872,-0.547318827611421,-0.493125553873702,-0.359280869337849,0.775257711975948,0.474232461804298,-0.560799548220378,-0.232837920448485
gene642,-0.857041819176783,-0.0976828300025005,0.761895393559087,0.318528077185929,-0.599541317083157,-0.891689550805618,-0.454809760698165,-0.0942000473458877,1.15550162507605,0.531671648477947,0.349745270653853,0.808317062608359,-0.579084398378823,0.480235266681299,-0.63569896762578,0.352750863339658,-0.117787661590601,0.214822886854561,-1.16275057960538,2.3228872550353,-0.342576900829895,0.764617612285994,-0.0316735112180073,1.61363656037811,0.244712965248822,-0.924418564825628,-0.0897542677801625,0.32364760231973,-0.147316631718932,0.289384245648445,-0.132983336407915,0.0090548590208161,-0.548025798800061,0.532905313277334,0.594757724625905,1.16296876685974,-1.68119421129849,0.239437240340051,-0.897560980585229,-1.03351172592029,1.91704832954549,0.601109356192549
gene643,-0.396261884629401,0.623779394499463,-0.253093132426854,1.11075853454723,-0.894714568379177,0.253912226876312,-0.048407075472525,0.196829196660373,-0.173447294514747,-0.425598925874389,0.238494170464621,-0.951767138282215,1.83588565327079,0.959767786518003,1.29431225664697,-0.505529438549372,-0.130549956401167,-0.323863818716016,-0.672322696127883,0.715560815284041,-0.6468146490038,1.1674853538998,0.421102037592254,0.0795031395984738,0.919119122911909,-0.442351679327951,-0.157152344441517,-0.456442536738886,-0.959297679694919,0.531169525138532,0.837817584915786,-0.0600684541524175,-0.136444892892034,0.85147440843128,0.860996243524388,0.231010755770282,-0.278157036777048,0.537401036159342,0.448277040703405,-0.540657695269792,-1.25182127665199,-1.36025252205765
gene644,0.101669411490864,-1.5339876233105,1.96974756143327,0.602202261729177,-0.239519842849381,-0.345251373068545,-0.136556137388392,0.554375950871498,-0.192630138475071,0.322128656427135,-0.004669573939025,0.49057710683675,0.342142986933735,0.81308246661394,0.151115664627016,-0.655886480184446,-0.37104410982443,1.20601932357373,0.737594184958961,0.853021897156187,-0.600970552534901,-0.922782993125686,0.095133384646533,-0.857550037767642,-0.721916729924284,0.682314506402958,0.0112923069435623,-0.423706753505975,-1.21293932558819,-0.467630187177055,1.38554323760738,-0.736417475441485,-1.22062307488106,-0.871367186623556,-0.408939880513468,2.34423266283268,-0.474338837699031,-0.961066087759919,-0.923708870348136,-0.525569615799217,-0.53060582758873,0.291013344733591
gene645,-0.774123525177173,0.245525304966495,-0.64055185893356,1.35974458084334,0.106683968631803,0.494505962638007,-0.866726929697616,-0.406206177354281,0.519490490274231,-0.316316281911813,0.211090613333397,0.728939318226111,-0.38937583560885,0.411743195499566,0.532548202394754,-0.198722114017309,-0.409671469005387,0.837409824784485,-0.0810993389752754,0.550166033601533,0.0100525042117037,-0.831602699202694,0.378623535198344,-0.409595607013127,0.444073055518762,-0.284347837221047,-0.57219489367008,0.197190571558235,-0.855520090268313,0.542770064346648,0.218879002838793,0.419091372661864,-0.261175591109526,-0.506029442153476,-0.944284191870319,0.35221487331914,0.497022544735162,0.863776323784105,0.338499031611964,1.33311420641003,-0.202450176150321,0.926617140753998
gene646,-0.566594341955307,1.15420378937572,0.025346580154016,-1.7798510422396,-0.0515239846252187,0.0598770403280073,-0.859705924151206,-0.614647426145854,0.0325086608116919,0.011458676267315,0.198448580918412,-0.142622302818673,0.623238910468991,0.425744662146354,-0.339635238691195,-0.256144260266039,0.210480986052436,-0.363711464801224,0.609965685241203,2.92731349563442,-0.164905766952896,0.333814048044267,-0.0955151106649374,-0.0909075048261603,0.237844941742621,2.00970266687229,-0.44072979913441,-0.261916674641558,-0.650879555135625,-1.17030352094644,-0.0226469684108066,0.700390978737451,-0.803640859856188,-0.325178982498716,1.87186934790523,-0.26282717588798,0.0972161981817776,1.44709104805591,0.135903110135032,-0.269414172845284,0.974741653438853,0.310900061133947
gene647,-0.804153543161216,0.0429360325529824,0.304909472865505,0.901829999271648,-1.01401808408517,0.955182204760799,0.486403095757004,-1.7833861793572,1.02701876398239,1.03147025732496,0.329384628151739,0.241334455944166,0.310030660105715,-0.617936624333278,0.381573315080291,-0.360575889631844,1.48304501150179,-0.0850114835062522,-1.33292088777739,-1.53862637182038,-0.0159597728513667,-1.0165864133617,-0.0940094631805231,0.163317549011544,-0.712314769571876,-0.139216723077308,-0.866847279714274,0.973912974925822,0.614946728128312,0.564244195362734,0.524585351799058,-0.970540704496806,0.682173166025295,0.0774054464638709,0.765460343178482,-0.377358046218593,1.24989726148007,1.33895717261625,0.168619153447146,1.09266079390435,0.230039836793092,-2.29905720392191
gene648,0.812374815726406,1.73438184055002,0.672233791972139,-0.0023565808897384,1.03209878569754,1.5807272938828,-0.938996894833573,-0.0990674618525213,-0.424056179099396,0.0250091119033677,-0.36800284162534,-0.652492547227333,-1.78180016725608,0.548187131396878,0.956990962046483,-0.357787221220554,-1.73792107461579,-0.994938788552991,0.231972740286393,-0.359569387920723,-0.120418133174908,-0.211676323344139,0.369333111841199,0.577304213491303,-0.311510019194913,0.656976784187785,0.613905942817857,0.479924273689723,0.22010667278425,0.729601551918277,-0.245651000141725,-0.527965344961175,-1.4635610175186,1.37321665721703,0.217642324640211,-1.18928371868435,1.85920119190837,0.0541393451500913,-1.00495170948062,-0.378724293454284,-0.257955085036601,1.16448694010965
gene649,-0.693410190995676,-0.120157394247979,-0.658401858772326,-0.637270828794771,-0.401527520390207,-0.52644979422597,0.364840237609223,0.404809030264382,-0.363518091569485,-0.483435178340463,-1.08286271353891,0.418714283230508,0.589140720645056,0.666656738256989,-0.483573185864386,-0.997766074198806,-0.0212027418533084,-0.840090388752374,-0.549545407610788,1.03532683140655,-0.755117279145621,0.517652976452009,0.264274657172549,0.704831771651353,0.850359900969737,0.487803325342542,1.48100060423183,-0.0980014865314232,0.168449632780031,0.952965778208235,-1.28399671847523,-1.61801241526613,-1.0575900629553,-0.164300344172843,0.383731632510637,-0.875132755718357,-0.784729257536076,-1.19892048093285,-0.6354148695144,-0.857219943255697,-0.290074535358714,-0.956959377029874
gene650,-0.114662169025655,-1.48501923568535,0.773873640019352,-0.237209487443938,0.316530428326544,-0.742550046983667,0.75519147014515,-0.614816264812278,-0.24531881813284,-0.662144959797678,0.708906390860997,-0.536584495582755,-0.808606629417457,1.01572985229943,-0.0170413192356833,0.922001583670793,-1.49386234278021,-0.745663676740754,-1.29908230543661,-0.36205656343562,0.675508791334828,-1.32986554204029,0.485967164935531,-0.060049403787315,0.335947974626551,-0.167005945084481,-0.191305432458387,1.43107467353202,0.111766448040253,-0.0353770038920777,0.565098646222942,-1.5014351385576,0.552553091642794,-0.842853418526216,0.384581552833622,0.741229166869243,0.260037735180266,-0.606332393170321,-0.367339225958848,0.436873973308249,0.153099004037884,-0.429167581760956
gene651,-0.221490657914505,-0.725829185787994,-0.442898760867586,-0.0862561833640864,-0.389314157978325,0.623597058117769,-1.20677217537747,0.72702203935735,1.09152561650284,0.638923199707116,0.275323926166652,0.293298930021648,0.242752640997286,0.0599625818964507,1.2945853242374,-3.35101976574474,0.672189806185003,0.820056590205073,-0.46314120041611,0.0474958193679552,0.249220871892779,-0.385626955348835,-0.13659850432708,0.875439299078621,0.358593544374414,0.0707735673959579,0.125222580918879,0.2608956200269,1.05646281375624,0.32406460636508,1.11334290053254,-0.798568063898878,-0.181739919755978,-0.884282262050125,-0.265972114667766,-0.510926379780388,-0.453360087192982,-0.703418745748929,0.924222892341773,0.399945212305144,-0.851896043589632,0.177874128542798
gene652,0.19371327335522,-0.298091204968865,-0.308985822609902,-0.868633994852844,-0.541882613793471,0.252107466633507,-0.40989983000143,-0.101746033156972,1.21971634809542,0.761904454343518,0.62944622719089,0.0914607316244195,0.112021386166672,-0.226270130356999,0.693471305617804,-0.55676445323809,-0.0059566566313964,0.700182839416137,-0.752878000091724,-1.25992118591211,0.533586601989846,-0.418020445264463,-0.528360064587038,1.4710849621412,1.17234890580845,0.300278581335881,-0.0199610781072545,0.0741809195120845,0.149807643262434,0.56918159350927,-1.27869647742011,-1.46928140131578,-0.760279745801237,-0.2230083365163,-0.318078938565348,-0.355620070376048,-0.623191159112057,-1.12357375866345,-0.0307685327906212,0.579839134980061,1.12517905844817,0.584711229423019
gene653,-0.593761887635076,1.07920724612638,0.667297700341263,1.00042129068894,0.2077653444587,0.11645979021295,0.219355155900447,-0.174023541482336,-0.0274716749640523,-1.37345334340179,-1.1138489391079,-0.307307608076708,-1.14138132581836,0.484093086744816,2.07990313621408,-0.214317381602201,-0.962252946223213,-0.344068494736706,-0.386848298270111,0.19917002595235,0.18965470899105,0.518185537726465,-0.876057356170588,0.474051049751732,-0.764196539744388,-1.24668077164278,-0.159153977498144,-0.390087078780405,0.216290985368057,0.0466308328353434,-0.223540287090579,-0.951677484429231,-0.685961183696256,0.0604429964563856,1.16716755902217,-0.389509111579462,0.169653876387075,-0.282876643032729,1.14095775926713,-1.10852662242451,-0.199455453900773,0.0584637044680235
gene654,0.166358648471281,1.87721461698607,-0.466810245893078,1.32580628283803,-0.245839470090786,-0.482576747148694,0.561099520385626,-0.155254441317929,0.143350538367417,-0.422906375001397,0.135247114693321,-0.329131344869313,0.75759015650547,0.554758395757927,0.693401616037976,0.972166159846425,-0.122304183270972,0.704273291758409,-1.07622733139015,0.477015257001326,-0.0724477758961299,0.404057917763089,0.0152301961937149,-0.273071765658767,-0.763206951540878,0.332901682968929,-0.6442276821064,-0.886524896751946,0.764211041133772,0.705923003293173,0.134886669603605,0.202504187857977,0.340193489762706,-0.853665586639515,-0.181099977364461,0.406421116633447,-0.0785550477101747,-0.913661399168212,-1.2787751294356,-0.483750877574113,0.882545853127372,-0.93193521636009
gene655,0.825127638755914,0.862927942354768,0.626453719118896,0.271440415084254,-0.146992209644543,-0.217703973470127,0.30489734793452,0.341834274479157,-0.333514927711884,-0.643070257400259,-0.0677229623876949,0.686975749455238,1.0468300800683,-0.733234692823482,-1.05422354354272,0.164756157873468,0.275382712553757,-0.256106051586074,0.767845950631145,-0.451672610190205,0.307030639997048,-0.305161198633311,-0.50051425580809,-0.639241929705725,-0.623284653627251,0.0154345473488787,-2.15290639461407,0.136999842286292,-0.20026063396795,0.870640771103063,0.808238146667436,-0.30313810163213,0.19769360272617,0.0153030315891148,-0.190218706080637,1.0864369103736,-2.19801330285778,-0.141788525743709,0.249671512158761,0.473361891211257,0.66798377284206,0.528287524966943
gene656,0.098023842920537,0.567677230838846,-1.72179207310122,-0.583580950118264,0.0224203537327047,0.738724598368982,0.0202394190457861,-1.40508946408984,0.157648550409329,1.04246551860466,-0.199255985409073,-0.162235419368348,-1.12190568982254,-0.740479152385366,-0.629790884653837,0.701159218528278,0.450283987221252,-0.145692145843813,0.255326089284339,0.0449997910314497,-1.22923779636497,0.085576227180783,0.540114812222841,0.186089336805464,-0.12942998992067,0.337876320986999,-1.06578922757398,1.26591835675952,-0.488135777090672,-1.8320972365977,0.954257537300103,0.0120749792936796,-0.0374696683808861,-1.40952430671227,0.787186699520524,0.825260559065148,-0.459254067511602,-0.558457094214119,0.303879584632043,-0.61779467086476,-1.72902843243813,0.0444704643651666
gene657,-0.746517575075066,-1.11426530381368,-1.87241398701179,0.533267199898073,0.421880917547126,-0.268930772525376,0.664926977550653,-0.672685658844119,-0.0541618223458619,-0.463927579530741,-0.210482292591997,0.196252617868017,0.684341020029809,1.03194583581566,-0.166109837700748,0.358926669283862,-0.687655962588524,-0.0076743745236793,0.739188937121426,-1.14175285850716,-0.219443199921326,0.837691060609792,0.340908547961047,-0.461574466389505,-0.231281569842479,-0.0741703187441075,0.289840387642332,0.459078938519899,1.96583826289471,0.320402590867429,-0.504482635146979,-0.25337357106708,0.059167923860516,-0.0464528630541625,-0.251388648505877,-0.586021922999896,-0.491974418489268,-1.98701921377216,0.763066982753638,-0.571834908510395,-0.79348545778167,1.71522948475497
gene658,0.189546493768106,0.678452436128895,0.394827623240778,-0.624359911021421,0.834622610388074,0.987220125452046,-0.782431295802937,-1.60088588854399,1.817215063669,-0.216816352220222,-2.13284897335689,0.368157533288309,-0.833299855449047,0.126379818453647,0.765223417748453,0.479916964378037,0.0644427803949411,0.850956213941162,-1.87121762401238,-0.567685521809825,0.158378594487577,0.392860096694857,-0.242825346446345,-0.318634821833196,-0.334294160560768,0.0592474954203739,0.0673286199541337,0.0223527441452316,0.137435462516993,0.510462724266247,-0.81052816536027,-0.0106472614596039,-0.508210044111358,-1.13393506134808,-0.321582822016207,1.17645890483772,-0.211990438223518,-0.705023243159528,0.325396936410919,-1.15068065257727,0.828169460755618,0.351920374265478
gene659,0.213849202616552,0.615719725544408,-0.195513410398153,0.817276266715422,-0.401716059569431,0.359259489174114,-0.484941378215339,-0.325280118773914,0.210008286963319,0.195861897396064,-0.314050891386936,1.01640083291066,0.767057176607801,-0.0445730061369385,-1.12496002657556,-0.228570207974414,0.81800425432703,-0.909971130831094,0.232565226172538,0.605865069634861,-0.422535032916687,-0.453231115430395,0.483051196400568,0.112699254889734,1.42602113409986,-0.435147353436124,0.19080199288583,0.910100229483282,-0.38916666066588,-0.107288437048585,0.721615171868207,0.959833316390814,0.152152944815661,0.596277991732144,0.378522392067896,-0.261662183889761,-0.656033668545969,-0.605677424067869,-0.585348291848268,-0.893959301857878,0.123068112005369,-0.558559893680747
gene660,-0.277013160797916,0.695786080204618,0.374637166635996,-0.37468600946507,1.2313753795447,-1.15094666869475,-0.661551606116051,-0.085092655065624,-0.0600608019105858,-0.911462372731931,1.00893703377911,-0.215449317740926,0.787988837742901,0.424226155114349,-1.19956028715517,-0.0033251939001577,0.950644752411806,0.303722832179853,0.62382171186346,0.673287495725932,-0.0018950294571932,-0.835794639429878,-0.116237671675926,-0.427379910856293,0.27040361016764,0.0688418612828284,0.0421648195484795,-0.762281883137238,0.70112705664333,0.842322077986239,0.381095600911443,0.996268935452287,0.284442371131783,0.752008244704155,0.805483017085345,-1.31032723901514,-0.949700946396395,-0.0952193955839633,0.0605187282321074,0.404613517900837,1.80448327335692,-0.106106435228783
gene661,0.0498255082760042,-0.14052310798126,2.28865941958385,1.03603483910562,-0.454923017343777,1.04868769823356,0.939319888589395,-0.153229718423883,0.114708887168586,-0.399855914322388,-0.0745591756926137,-0.317473388735104,-1.50283004455804,1.12952290292208,-0.533463801344918,0.0734227201682425,-1.06508885576174,0.591969609206965,-1.40363589160181,0.478651029764249,-0.475480326624492,-0.246409014536136,0.28354606369057,-0.183932585220869,0.0365716646725406,-1.05888023380293,0.363221681745081,0.245338445895417,-2.08783294225335,-0.0532858193115046,1.02805315437081,-0.608330312005332,-0.457963742553223,1.23915484035918,0.285386428358644,0.973876578661476,0.830539149213217,-0.0587514861321432,-0.419145363035451,-0.579155973035766,-0.828217752478201,0.207815232922767
gene662,0.278449626245482,0.452009659657877,0.285491389840547,-0.150307678155541,0.262430068345491,-0.225452323656354,1.07839620312524,0.525567785972859,-0.437633912859689,-0.267368386216778,0.228450249233226,0.0578140421686769,-0.396331355035599,0.495489266211372,-0.75148592143117,-0.167442011920137,1.0317040464101,-1.56098457344753,0.0738646673050677,-0.0273003526732867,0.14393548689657,0.185039396944224,-0.652430300966834,-0.172247573766422,-0.416358992955495,-0.806276042399273,-1.11234563584247,-0.195851136444465,1.91375205167724,-0.420335712606753,0.175096127993834,-0.384035657625857,-0.470213971823484,0.131438395260159,-0.263088642324298,0.850347245728086,0.805883886601504,-2.19397972473326,2.01897334600719,-0.742673057438304,-1.00591136057912,0.705390316852048
gene663,0.627939574771323,-0.039372089779047,-1.0642291726351,-0.55970280380746,-1.36761420010856,0.592312809116277,0.195475190559823,-0.0587791321919762,0.348821874024578,0.170562899123504,1.09275129255409,2.35749236856612,-1.11268793702434,-0.296213114879278,0.219684653028438,-0.825006141064725,0.847917942260361,-0.522752476345494,0.501644300302695,-0.403420836747948,0.720091968714428,0.596360891304152,-0.498343707524673,0.543278352956442,-0.449077120830691,0.90828615006402,-0.383258296602141,1.65445182678696,1.22183910112685,1.76082085202204,0.408866793782516,0.0414019634597688,-0.231524223515677,-0.879354393213272,-0.0653521733515177,-1.50234657429832,0.448457620945209,-1.01171458451992,0.0913337489311459,0.555512589773133,0.12310020869782,-0.662492848596223
gene664,-0.807720275084251,1.09877302876502,-0.0840608934088787,0.444912367788081,-0.360979096919271,0.32814012656764,0.120752435869139,0.405050164059663,-1.33593103615329,0.23703542233062,-0.823780505352463,0.128896464308995,0.215222018584232,0.283806093634904,-2.43086221493564,-0.99323678361347,0.279899906613007,-0.440325674427738,-0.200171522334613,0.82502676469611,-0.826407562302202,0.855338039891467,0.303031609095358,1.38762104855458,-0.345516748226483,-1.25888661668279,0.039870764711786,-0.366096510631255,-0.784378768720549,-0.686423464541947,-0.681740681738235,-0.155144390334708,0.584220297781636,2.00294977777886,-1.05625394491098,0.288825839184689,-0.169932767468989,0.425884136317686,0.113972963628462,0.0853746566605613,-0.108027783520189,-0.253909180757968
gene665,-0.332838654587623,-0.616473569267642,0.228832213163982,1.18768850090476,-0.381457699382983,0.604457577703023,-2.2690847115088,0.942277059592637,1.29124692814294,0.62737525118565,0.432305292798102,-0.0784663805046228,-0.18464846878157,0.0703664849503712,-0.0548249138206153,0.384987497724463,-0.67681822521948,0.599201569253326,0.393625590649984,0.319697885569214,-0.694078009436877,0.742915950707253,0.83135639501405,0.239349944537664,1.29817823932053,0.0594750004348328,1.47319359467769,-0.147703506567754,0.0727744061738151,-0.0656244971797682,-0.272963176365708,0.74000189319844,-0.212696023705089,-0.390452830974126,0.326945895433878,-0.641240427151684,-0.362609940390775,-0.978627889618655,-0.822782351812313,-0.132186433900528,-0.202405746105975,0.63227428169325
gene666,0.525943358528803,0.142689187906703,0.754315202125553,0.286930763052036,0.927950447160076,0.227635548338198,0.939480238296178,0.947116392663863,0.483886612496127,1.00217242098289,0.912178077682493,-0.468434029959135,-0.626346060582086,-0.744137664845259,0.0592683318440067,0.163629406293364,0.332156773554898,0.0780947920832475,-0.668266835730085,-0.015504592685958,1.10361125994921,-1.33394404492821,-0.954674963427705,0.0488991103234549,-0.78530118265211,0.291017155334881,-0.502602968273226,-0.53264122657687,2.06578882985105,-1.24351608627663,-0.600249619628387,0.284780195852104,0.403885470644482,-0.571061112776341,0.0367591901842547,-0.548660897164067,0.394789934689954,0.997059557693733,0.300225887739396,0.342696482601976,-0.420837555124227,-1.11613243976169
gene667,0.598253748513023,-0.883950211886246,-0.423911576839526,-0.37770158408343,0.391556523123102,-0.517771237943712,0.345387825869787,-0.624757553791321,0.956737403462887,0.679760179428879,-0.298613531832914,0.0403361758621808,1.09978984347812,1.53229583120787,0.801774002817969,-0.462106720644101,-0.573924739515972,0.330754971724705,-0.617096512941787,0.463613444231591,1.27081320953396,0.497408814618863,0.43382665420801,-0.428478501006849,0.0116613565364633,1.12818282319737,0.353212180713298,-0.336900264116828,-0.322701737925362,0.989891889232569,0.821943565710937,-1.39809398541079,0.750766943225961,-0.217166493785452,-0.164678041382176,0.625476532122571,0.283215966438809,0.0778038918620664,-0.766861407890828,0.805096225188292,0.492105421958311,0.591194540857952
gene668,0.384073159593049,0.0056515940933767,-0.269475236385999,-1.75909040094388,0.420758667336581,0.647390933906539,-0.0640107537871503,0.572927544564536,0.42232920889225,-0.0040613532620769,0.857229186190907,-0.540372015696189,0.70389344532407,0.389583170858307,-0.0223467115997533,-0.649693998163025,0.961921266479875,-0.876528045130286,0.0614031324628755,-0.196548648021424,0.0924113678848108,-0.387999163347261,-0.626076297931188,0.763526774044132,0.387350633848293,-0.750988457561812,0.179213399160562,-0.782464318550151,-0.277734429348503,-0.62557973512074,-2.17676828581441,-0.667092712825224,1.22503909444614,-0.699011712533164,-1.54058569375674,0.673786725493084,-0.417040194756726,0.807071337348545,-0.449679958805285,-0.364316528098313,-0.830352113748104,-0.599738648660693
gene669,0.51123237871871,-0.275494723924553,-0.867924393903723,1.5356709900376,0.710599088126128,-0.90683369858376,-0.820628492634149,-0.659186416733531,0.203396161672742,-0.37121695497303,0.527988819452522,-0.168961687906031,-0.505847192798134,0.229333493705195,0.661429670057853,-0.405602937025606,-1.73393825282336,0.0563003261942421,0.28744453849188,0.944969430385635,0.102627007499852,1.20491976906369,0.322730102075483,-0.987258655622596,0.11391902700851,0.207887074173748,0.0836484918508636,0.0742963474267105,0.390646582384203,0.232372856506232,-2.21708654538505,0.249986000241622,-0.713196114394442,-0.81319175127475,-0.123510159260091,-0.790252490121249,-0.628634744600723,0.0650377984056482,1.77391603156324,0.666633705852186,0.0108589797701952,0.0442277444239723
gene670,0.692475444213168,-0.532944226509721,-0.110967898050537,0.579274405883428,-0.986515422787014,-1.62495678169321,0.0907146105189122,0.860445271629744,1.2518802241849,0.155820410578855,1.14170920458196,0.113365363024301,0.457237291560441,0.57382420484283,0.4999946106051,0.200251681799003,0.677082140950137,0.478385745162874,0.408208952606169,-1.66858737882444,0.540546786381776,1.19131423478397,1.20092043015108,-0.635481312512167,0.641228391584805,-0.070243729543334,-0.325551665151066,1.04101796444625,-0.43446877750258,0.222127695806237,0.174888072303695,-0.214990388195352,-1.13552087117225,0.654391585871118,-0.695142986140071,0.24024480512225,-0.056571418881669,-0.0716080927585601,0.600145264057675,0.687429112754676,-0.0194408103898808,-0.157309899450456
gene671,0.580981983573556,-1.78557856120167,0.26708553796659,0.554220972992497,-0.291387166342116,-0.689407407280052,0.228192632469892,0.8154651341837,-0.399132577419568,-0.475870844855197,-0.106035124708764,0.119846841356673,1.21892697841853,-0.69722752793688,-0.128907565427791,1.03410529327137,-0.855407043041435,-0.0663380968181875,0.0364521090955973,0.300515282154746,0.0817823323207298,-2.08417594557561,1.01509670006492,-0.496138199662055,0.365415933553598,0.541942979059696,0.909756579578291,0.993960830238844,-0.442062631226563,0.391298922070753,-0.960232718645111,0.749310063144329,0.660372467462555,-0.375429714251104,-0.154344497635896,0.0254363560798331,-0.235200335958521,0.973654785402407,-0.0094895498131983,-0.103864153755319,-0.540097212736516,-0.905017641742358
gene672,-1.83417736979282,-1.55288236469169,-0.0619302427261703,1.04153686687375,0.677294070468338,0.560516563730245,0.0865822900057826,0.358245799049789,-0.873300163472733,0.627174653883196,-1.45502204200404,0.3213805241716,-0.12014649524339,0.495756072542935,-0.222361191536336,0.0207276265879138,-2.12685963718611,0.0756045652298275,-0.938299571423208,0.414019728188562,-0.265776068173438,0.967448626156784,-0.308889945321912,-1.58268054667733,-0.733555870986929,-0.643599335081408,-0.0049803991395805,0.353425242780519,-0.628818675320685,-0.538376345857811,-0.96331899143824,-0.12437965088447,-0.536047862645306,-0.562712104263601,-0.443199257738492,0.332863078574429,0.26095409532701,0.417596115632948,0.0871406959170206,0.354921818188115,-1.0630539927516,-0.039841651653687
gene673,0.540514908325342,0.450169443954356,0.272916991739956,0.813032193340765,-2.17991140182094,0.61778841958067,-0.459774447198929,0.754395518033411,-0.0363534225973528,0.560885150241816,0.510156811099981,0.509674960064476,-0.159660397456678,-1.18466246447066,-0.378103741275986,-1.70223334350803,0.44602419681057,0.34121395218281,-0.881265748222519,0.190764755828521,0.308892184562927,-1.18251373499765,0.549551964043935,0.995045234906174,1.17610524611814,-0.580043432327614,0.617353971511942,0.187707488152849,0.3423035894139,0.105786558401303,0.271561460759945,0.332463125546294,-0.216709753300287,-0.0202922126644646,-0.568029235997579,1.31551881074783,-0.0026684064278236,-0.683582925430094,0.421728490046174,0.173938727725247,0.100104413121378,-0.806962899357043
gene674,-0.574637340765207,0.158320514681188,2.08677062011663,-0.431327155347781,-0.365511521624722,-1.64692161795544,0.293337540029671,0.0019428056165375,0.148346479856792,0.536871294792801,0.304926388779312,-0.457055886842838,-1.43697001230797,0.151860101132638,-0.734175878112477,0.782792863943689,-1.04085091505742,-1.51286419823914,-0.498592925174754,-2.62934942000271,-0.693839080971468,0.34840227894284,0.512459166568315,0.304076959602361,-0.140912258997121,-1.46314083941505,-0.386243103776532,1.74445969826749,0.419876640607882,0.541002957043368,-0.913256160364949,-0.30826798667184,0.330864353205408,-0.713051853295737,0.327860358712169,0.612832105486162,-1.16146361216391,-0.255848948620105,0.183100978114342,0.329181209359586,-0.622321477530546,-0.074245676964936
gene675,0.421401206566942,-0.352893590079618,0.288403645969473,-1.13652527540786,1.11491574037479,-0.399371147108822,-0.575881780046773,0.283984437679176,1.40037020536315,0.227856081176998,-0.817139910913593,-0.836057015862663,-0.260358487528202,1.03150242041167,2.19771816536798,-0.121119697943444,1.9473315176929,0.296481547372081,-0.37747539070243,-0.0422065583876176,0.911163603996016,1.4021057944457,-0.282608697286485,-0.0724968533080392,0.921137639669688,-0.446563702971471,0.378437155241891,-0.523044903432778,-1.0912684276092,-0.704824336921583,0.856960935566837,-1.39066508759259,0.81507392600837,-0.590463033132731,0.723968536542625,0.523454623712659,-0.0444916120799991,-0.0173918942281535,-0.36075853157363,-0.125949137601372,0.789147186562454,0.683077780136692
gene676,0.707013972032167,0.253701759359944,-0.0354937838882197,1.03523358142154,-0.908504788705717,-0.122176846182363,-1.09261533678456,0.393622103130926,-1.05491912342006,-1.1935469910811,-0.122278705838726,0.543186511571094,-0.197369716670048,-1.15608415054735,0.781767465413418,-0.215522873663313,-0.403037197801205,-0.957007240643567,0.149787001934559,0.463509854712919,-0.566373505344691,0.751706634954042,0.46024315659554,-0.50570730624625,0.149058399314477,0.448594832574847,-0.41318445235092,0.0814703640070097,1.81372208147445,0.523045055361868,1.12265166352976,0.991489809352145,-0.100603559005352,0.364276349283557,0.877673998830658,-0.818606438656745,0.549404814871074,-0.033924473069633,0.774090535401762,-0.954029336503777,-0.17283584059097,0.231754344195624
gene677,0.0970521207412384,0.706681125145638,0.398120115548665,0.957557394037937,0.577862159108267,-1.65412594346044,-0.668605095369225,-0.295892948713116,0.467413864696626,-1.17286909283204,-1.64358863209543,-0.459314309049032,1.4478555016827,-0.690238821638572,0.397130552874662,-0.842066238585343,0.0083502676908161,-0.313536873326148,0.115775868856471,-1.75409589308702,-0.420258573938468,-1.01002062520546,-0.205951067381085,0.663212006826966,-0.106781403464624,-0.0939196506738477,0.297270419541624,0.529444796897344,0.334526570269956,0.0489956559025647,0.261046267500715,0.415788001493978,-0.215940885751038,0.22295349866943,-1.07487423561591,0.290131202312468,-1.53802954938378,-0.204803564010282,0.0529339618464163,0.469930215020502,0.631439537616166,-0.180280125082855
gene678,0.247071145713723,-0.380355669264027,-0.0763983210614764,-0.0961947356326267,-0.0710771311562965,0.316223172396318,1.20174231096824,-0.63302418703753,-0.239765193618662,-0.841828341220602,-0.194124475327025,0.837440508684649,1.07269019452113,-0.863350525430047,-0.200451029862708,0.396279271737661,-0.0358975564206604,-0.644269428716799,0.0880139162415449,-0.285909435932381,0.533341010879073,-0.177382253131546,-0.508374600252856,0.487114718937282,1.98265846294247,0.0736266891840981,0.314018555665973,0.220694364171682,-0.242999909278863,-0.397848011173282,-0.0143467845799256,-0.153721474922192,-0.929679339161137,-0.11921665766064,-0.846692793734699,-0.252370736649232,-0.825687739491155,-0.205703324408111,-2.03014370977099,-0.499681415802859,0.536647016090003,1.24480368281351
gene679,-0.668036592948482,-0.333488554001154,-0.0166759122849088,-0.120086947955876,-0.858300618573781,0.302448120952882,0.164468367891376,-0.937114841707173,0.704857547677649,0.447013095833572,-0.861390865791767,1.32883435153379,-0.470619731129325,0.430930130233488,-1.07841085842245,-2.32479794202998,-0.257559294543599,0.464176143356561,0.501512812610274,-0.244930893111786,-0.193947199623134,-0.852988075235437,0.247870241996594,0.484700968505635,-0.858827844820351,0.0001026784560135,0.200864168992169,-0.201039633941488,0.45369472384513,0.350710464607285,0.0351514274002962,-0.635170938677685,-0.681594924305516,-1.7823971005128,0.1361142399152,0.0500127971139131,-0.528853264249584,-0.5534712985967,-0.0041720241648866,0.154992414220213,0.155862024592153,-1.90423758351943
gene680,-0.664233155399771,-0.889546419925686,-0.165704464040002,-0.888036631635843,0.857909911971158,1.00766469449413,0.0976175848105083,-1.4045967449348,0.156211220956089,-0.702379574142499,-0.23979959730682,-0.153158819850856,0.109325691235693,-0.609848549087949,-0.654134009529553,-1.85015380236488,-0.886965918592788,-1.71526672713004,-0.739516823437083,-0.73107280040177,-0.583551332073546,1.64365595571997,0.39426291872969,0.195959798755549,0.449734446497742,1.16392847065042,1.02192210430446,-0.31039229533042,-0.243010726642955,0.244369661095056,1.71259201955896,-0.0297977488728519,0.594338223824816,0.414735387622321,-1.07472461471795,-0.137202538070428,0.588843911439155,0.345290367608087,0.258014918558894,0.240019558153777,0.988912429386807,-0.0512603156468765
gene681,1.43812986144839,1.3111390363771,-0.448791933516083,0.996551002254939,-0.537966372486423,-0.554871505825508,-1.01802931209545,-0.95829861422752,0.408307615658558,1.30482399350028,0.785325191547798,-0.20453752309637,0.397205605343275,-1.17038280241789,-0.168614793773933,-0.503096886964486,-0.168448935730251,0.0245530145314254,-1.16587088906943,0.878589680165074,0.962850243742947,0.0050050064311234,0.513551002452525,-0.467207788464437,-0.638705167138437,0.166143767947549,1.18723243415167,0.720252701892145,-1.59769300289816,1.0288891390337,-1.16844910779636,0.978093819787181,0.721732549855074,1.79935795296195,-0.0004914693153637,-0.116344858113521,0.740085259070333,-0.756181127516584,-1.22042917208825,-0.0307064314707822,-1.69840037479153,0.772272666162325
gene682,-0.707409848788168,0.46992117133093,0.497818374070265,-0.340280044849872,-0.597196492834786,0.940509954675568,1.0516151859449,-0.0419267975700033,0.833320702159154,-0.0110682914021552,0.998052742431102,0.857064071949975,0.670469077380598,0.0891854340574394,1.13608540444043,-0.331729277358217,0.596786800774309,-1.16466084664121,0.833460847812215,-0.191756803303112,-0.468191741031412,1.13021765766474,-0.0388557305689705,0.558310954080185,-1.02550144406143,1.17128143472594,0.896926979755885,-0.613266129923167,0.693952909140512,0.931853154568069,-0.463503188443053,-0.169542207115459,0.14065351901609,-0.130648701560212,-0.340976841503148,-0.420237426807701,0.124101356014031,0.213338070364353,0.998261431519774,-0.0442336432001184,0.878096366304256,-1.95288605267193
gene683,-1.28773920305708,-0.206519674430906,-0.302925480795669,0.549332459258049,-0.588123780042699,-0.41557997299081,-0.937599522775274,-1.53489285920258,0.980730910855135,-0.581272188805317,-0.0624377192936157,-0.327271528423425,-0.413033020190023,0.547265146802461,0.362862987225003,0.733497341947827,-1.07704241860339,0.806023583085985,0.291981145499918,2.08393223021201,-0.718969559224385,1.26781227842646,0.195819321311831,-0.917645538957081,1.11099900325306,1.01336758111342,-0.47920368526726,-0.25864707684151,-0.673380146194569,-0.562652476911164,-0.11081120906761,0.0880972042582396,1.46316827512002,-1.12724123178302,-1.54100122939388,-0.544038227318722,0.751832034625686,-0.604229085865511,-0.214757410215568,-0.0620180388138222,0.0089236543845914,-0.0278680284428501
gene684,-0.862498035108493,0.12951691552906,-0.433060314598467,0.830796958758953,-0.560208994135208,-0.0380093625029111,0.646984404035908,0.442788444110815,-0.0804350294700266,-0.123923753695777,1.19877558542697,0.389436878404283,1.88514980428579,0.593991177650655,0.305419561913255,-1.26204267969546,0.877724908703678,0.317749949602035,0.697331030692779,0.267944426822084,0.830588271337806,-0.428568199732517,-1.30441302349937,0.770828266270277,-0.91590411367918,-0.362164135997882,-0.116530835497896,-0.42446309286663,0.765218200062456,-0.123356922957026,1.2382169686121,0.535454774850204,1.378940869248,0.541786867073268,0.774736660897318,2.02825054166916,0.0013390059026062,1.48357182752124,1.29421846668956,0.0286952822055778,0.444506413717526,0.921793322496203
gene685,0.0821947182838978,0.460616869673897,0.535555269872336,-0.215483714865478,-0.265853496923224,-0.695992240510717,-0.901595390327463,-0.126067004721806,0.356308432466937,-0.205053297745086,0.252837363577941,0.38879119800401,-0.178291988377284,-1.16108105903087,0.267343468282129,0.571986568083474,-0.876079549099996,-0.0247938153023485,-0.169226822260655,-0.609445296657723,0.555841774181592,0.35415126162023,-0.957138356106375,-1.77208557816173,0.625545495144655,0.0395188649697514,-1.0681280639445,0.89929407964012,-0.161654646826441,-0.92849030803009,-1.61151279692507,-0.669957872721429,0.728987838257754,-0.062829694947992,-0.0824397021985954,-0.504061393130367,-1.31562818044484,-1.57126581196467,0.227067019369131,0.685476301167957,0.880401252849847,-0.105452091066441
gene686,0.883319263124578,0.831996170378034,0.164274856334722,0.58577594026087,0.827988136649432,-0.987021345295735,-0.823966937679405,1.60574242514782,-0.163643423922172,0.529459245430873,0.319030245475828,-1.19766159093246,-0.67158187791534,-0.684028798367518,-0.802641331612796,0.648336870840089,-0.0009144973932597,-0.633037495978412,0.345640288663998,-0.52539437600766,0.772947414585352,-0.0600809986785022,-0.69136348442866,-0.582728028597851,1.57546467031877,0.43053132571437,-1.09395062852739,-0.0181578715277599,0.56105107115205,-0.0766264975767205,-0.169874600052682,0.145617467527221,-0.934803908671885,-0.0578896708601708,-0.0315069699865818,0.326643287673601,-0.416775871893193,0.295669045116082,-0.0719879227482558,-0.0158025250898608,-0.696985090852955,1.4741581134948
gene687,-0.119176490771027,1.17738887597831,0.859451525993108,1.29335359464237,-0.87111145753473,-0.653442677163717,-0.557775181790395,1.88760970906328,0.957608905149905,-0.413353271509396,0.0934797506442182,-0.217034081663738,1.43788865526653,0.758100205163461,-1.47172155027574,0.181461856418991,-0.645862234740732,-0.626134103579783,-0.767249092191498,-0.0562999332844482,-0.0555813244722119,0.440096166357768,-0.0952003681813698,1.02812531014525,-0.387526012813799,-1.10099410304049,0.46172199358078,0.574929747096259,-0.548450913453403,-1.02611252051386,0.153912829680929,0.817885259264326,1.23052229866983,0.751970358168737,-1.36791800213555,-0.328461758356234,0.0665691824439987,-1.89425990217917,0.671057219580253,-0.116176027156325,-0.794625794824713,-1.723685115244
gene688,0.693645576892285,-0.122738237328949,-1.03375190248401,0.706369244005809,-0.0996297361687464,0.885474338442035,-0.944352406943152,-0.0682674113926398,0.403854257199581,0.446600493505018,-1.17575014078603,1.19012653440637,-0.105505277188887,-1.53973013964933,-0.227103505771163,-0.0991778579499985,-0.805349660927131,-0.279705064668027,0.859377919247186,-0.515678305008553,-0.230989598878005,-0.300017318631965,0.670582964906401,0.04920006360211,0.704270366113201,-1.00073407791431,-0.532569892223058,-2.19757608738481,-0.336286083387885,0.382875916649914,0.0591454375536443,0.507088885213308,0.629899520975907,-1.38258377718481,-0.0556995857787808,-0.27517099866237,-0.293307328833371,-1.05283675131675,-0.593678172925648,-0.222006864152669,0.0524156563152342,-0.626231885660697
gene689,-0.531444325037879,-2.87186576937349,-0.427545114447881,0.647529777938516,-0.917168903628657,0.205546226017899,0.507339357591089,0.683891598965651,0.200324749056138,-0.161806262193726,-0.339959170003902,0.109557402867037,-0.853858272782491,-0.597147618944834,-0.587874515855027,-0.107351351468037,-0.259685750062734,-0.658766464846759,-0.313039065785216,0.442983179649667,-1.62136652908894,0.0134525987965228,0.15787101999027,-0.333930237741482,0.192781796875144,1.29965004910015,-0.977421081045857,-0.492684849335638,-0.220807447918788,0.424236053798718,-0.28205452289433,-1.20620363712703,-1.21629680360812,0.779088549343803,0.0128603134207588,-0.0982016617587959,-0.268757999399634,-0.668214283594961,1.27634167536252,1.16525546021992,-0.264363299341637,0.277182370046824
gene690,-0.633500117050342,-0.125213813658164,0.351788459008185,0.356196561155458,-0.617105958661902,-0.80540067507782,-0.0900415288776788,0.384056295652646,1.04819586084381,-0.810473239288628,-0.957078559044163,0.240685571812557,0.857087242868126,1.28748773920605,-0.452873794903764,0.636244074005186,0.0152331337220755,-0.441101711374715,0.174338168201906,0.156940795114847,-0.197370356575871,-0.157611806762654,-0.0263578041601987,-0.0986716622606627,0.890418298658146,0.897553228732758,-0.783180146674276,0.264939241583449,-0.263543863139085,0.981437432515659,0.660217613175051,-0.663343416667004,-0.29412099328504,-0.774477381921217,-0.849030571625994,-1.13170270540498,-0.570411302198785,0.522829555169208,-0.600072046579857,0.238199153674185,1.35041988213961,0.37988561617929
gene691,0.1878385633487,0.471160711945893,-0.0917520062115938,0.0908069299580302,-0.762876741100385,-0.580560086129051,0.563184236522797,-0.727473685805874,-0.926048651377152,0.548345498512062,0.408323667807725,-0.0076720368573459,-0.323878048365826,-0.322101777527518,0.538955113190125,0.534590157369012,-0.290829187250533,-0.0726706321616634,-0.0168025106453112,1.67319055493659,0.5295607729061,0.717778729502074,-1.70350606546754,-1.11141750230916,0.945527414945754,1.24660356728009,0.919269563938039,0.177139746509279,0.480662659990496,-0.632184338051,0.453832664595182,-0.169542710977049,0.0240938485766802,0.979868148734118,-0.789492803086368,0.0659674924531202,-0.0750610612765693,-1.35381979740354,-0.0654101698444429,0.936647570767639,0.710764397850045,0.285341801651664
gene692,-0.0162529540432747,-1.54906923428255,0.286813039571693,0.635528774330474,0.367175525967465,0.0567519761019431,-0.602140361980096,0.4015852830524,-0.462674865470628,0.335653381440636,-0.44790455722791,-1.36244836900005,0.587012552359944,-0.398120185295948,-0.0768738502554613,-0.286485287601503,0.343774579631272,-0.0735045465728264,-0.394434817756751,-0.318105156560756,-0.750065509662872,1.17475095721323,-0.521909356005756,-0.140158566201058,-1.30015174025046,-0.64199951222848,-1.01723511255072,0.459053585163751,0.596841048244729,-0.243707516240801,-0.502987253491614,-0.165764313482917,-0.549093777658499,0.585679045011293,0.174831997820151,-0.972995617919516,0.396222745412339,-0.005214537095983,0.278924080908985,-0.663323205772972,-0.504925689609646,-0.598346667607175
gene693,-0.6306150500292,-0.203246371516661,0.272782602470664,-0.475372025436625,0.417927769369932,0.0357096256331681,0.85410968466179,-0.068746026885769,-0.0079658203419959,-0.490855097095132,0.0379800892970758,-0.123884161736926,0.702859728982312,0.2213632554865,-1.77339628103188,-1.54778438730984,0.0196993053207266,0.965760452500631,0.316437435228515,-0.647783680128212,0.716726402840289,0.545107386375969,0.949825245131888,-0.685665644518513,-0.645616147086486,-0.156764655526456,-0.301519559678114,-1.17873223694286,1.53416672432134,-0.172514275793903,-0.385045965418017,-0.0420639097525099,-0.498482662397047,0.295253166234231,0.683460872722677,-0.606536910363255,0.271479807605213,0.569201252528903,-0.102541773600064,-0.635413442471397,-0.95856818244889,-0.558714809700341
gene694,0.0221733797157656,-0.238574781292597,1.02189550129738,0.472796115875021,0.624643831770182,-0.597659504938898,-0.0820312794497962,0.415912448337127,-0.0406486337950528,-0.389134677711353,-0.485018127128196,1.22778659213473,0.629384154728676,-0.0257830422064445,-0.595560464297983,0.100672373348494,0.21485749564505,0.542314877206927,0.528089258809575,1.09868259422547,0.226811761574929,-0.642618647115281,0.422872597682141,0.205881893692279,0.315819602717606,1.11914182578248,-0.529998647306998,0.844350453047396,-1.22218298002418,0.796681790212485,-0.007183007085294,-0.325539979713915,0.0868328292205408,0.0351663564378132,-0.531574322668128,0.568436515884755,2.2458299210945,-0.625714213675138,1.50947067499942,1.89913998275193,-0.341397911311713,0.160399070448052
gene695,1.00330164831827,0.217213295948066,-0.126010190831235,0.46064888403079,0.678305373958688,0.313680173760748,0.155652166453184,-0.619507784186554,0.401661441422491,-0.0743507803248518,-0.439287040324127,0.236175288909718,0.420665888646149,-0.558408030422577,0.162519264158557,0.805779031908787,-1.35048997243851,-0.627026788596537,0.363670593403371,0.126230127984255,-1.80485807371347,0.288415855584725,-0.509821327418324,0.382223690490208,0.312266834768567,0.770968929337536,0.191548960086958,0.472816699061429,-0.979527578126784,-0.512811473488442,-0.28402993746032,-1.77589263046273,-0.915057274441994,0.0168874953126842,0.359454789834124,0.509764681665381,-0.137386714895629,1.08933507781825,0.446845426138059,-0.223811946099886,0.634586454613984,-0.168391205842036
gene696,0.188669027425656,-0.329868128669268,0.369971612139003,0.912819057913865,0.143927300562525,3.61664436767821,-0.425122932630334,0.0304942513623287,0.517571835938985,-0.593224808247961,-0.220112065905396,-0.341683168285566,-0.503017999952367,-0.526128819142482,0.952022469802853,-1.78520480281136,-0.688227234907307,0.917364520304247,0.69692136319478,0.773040416918449,0.879570159371351,-0.601227139714046,0.251120934439946,-0.0394290900931362,2.10113512472589,-0.201290082801843,-0.367888933890206,0.624203339937084,-0.418889373356558,-0.473605544773855,0.342350540758906,1.45649449238803,0.995302885924861,-0.466030694649562,0.175745008354141,0.539922849029914,1.01993251266685,-0.778904005696236,0.297469528425592,-1.50305388613474,-1.23003453052965,0.863223832539306
gene697,-0.117771673424216,-0.4149385305577,0.0478179631404439,0.778115006042066,0.0990478430871162,-0.607176726641326,-0.603285923742102,0.453920646716974,0.337325436315239,0.523165745904254,-0.0140641409697955,-0.383780660295734,0.486572386563977,-0.453651223080396,0.427369690160176,-0.0888800701894015,-0.718018593326774,0.836842305812976,-0.929631343694242,-1.60581787800826,-1.72088823518407,-0.510115812295431,-0.982309568638913,0.0043659192218886,-0.30685397609171,0.41122537776325,0.696622361248319,-1.08960047122611,-0.237188270748967,-0.219190923753365,-0.745269272187657,1.02420543783616,-0.333736315620288,0.0110256194991517,-0.0504827059358034,-0.0813728843425026,-0.718481591820403,-0.463291896815381,0.26517742954052,-0.257247289768184,-0.425143028434097,1.56584142145668
gene698,0.72268286709185,0.0075873347996266,1.54010516806603,-0.33925842899742,-0.240495643204792,-1.80607408128927,0.0337350139430479,0.415118155612791,-0.0127317014744212,-1.5150865267739,-0.251482912908045,0.0744587932679287,0.217011077286735,-0.379595653569646,0.668685147382108,-0.147808130088268,0.656008548615117,0.262601010832164,1.36024364680386,0.458577784480879,-0.0186017246938323,-0.117353739895303,0.27733460841169,1.35252027462417,1.48362480559137,-1.4613495439221,-0.0263658745777856,0.466801908543953,0.789187312371031,0.840128136796516,-1.41013426806113,-0.416919852458916,-0.11293969365292,0.319640929298748,0.0329019181240238,0.167023053512307,-0.158607760558063,0.617062754424295,-0.418717934429618,0.262504360657887,0.10677367758057,0.59655719025491
gene699,0.269298726773436,-0.46050889186083,0.272533808987227,-1.81832469951542,0.0781979444414533,1.15961094579368,0.200504733264591,0.51478711687336,0.414550147125034,0.264718786705346,-0.987211269253961,-0.228253553398868,-0.0702571552594952,0.489274785754707,-1.77856799424542,-0.388094124948061,0.227916397791915,0.780423269626176,-0.286086933229618,0.783555390279143,0.325896834416754,-1.16033634977228,0.894316165152987,-0.11445702203888,-0.149092977779522,-0.0269191931343967,-0.668473195346524,0.422104607278376,-0.0612894765188092,-0.357731621570169,-0.0111837134246326,-0.633471885382583,0.291580322854906,0.185174116936697,0.213001634793631,0.811092965956769,0.185804742514604,0.303062056267231,-1.83306752907511,0.338158547538007,-0.139768822735229,-0.511301379607031
gene700,0.325962246241579,0.510166759635808,-0.0047841367772144,-0.659309640040837,0.377066936448639,0.458035775346777,-0.156432924283257,0.396225685157489,0.124734962550838,-0.148930228729561,0.964045078109714,1.41736442249023,-0.900058234995782,0.437452831291439,-0.13502394923993,0.559786874041587,-1.43267040876246,-0.676417085384568,-0.979837171650772,0.264972297375106,0.0806802609151123,1.51821554344702,0.375498590895209,0.658360036841439,-1.15881072864362,0.264934343737006,-0.754638672357879,0.829177420357837,-0.398865856871024,0.0787059421443985,-0.707827063558522,-0.065733855129367,0.366279924500488,-0.22262687124885,-0.172261186211482,-0.270647885739025,1.25996566933003,-0.287166233288058,-0.220875253365177,0.1572251635642,0.788092696943124,0.788301013521856
gene701,-0.184554264785972,-0.0836745090712412,-0.490544801614737,0.0329095033116396,0.0479388080676031,-0.229708260626653,0.357833444507999,-0.714267887995996,1.25999458429583,0.249869300462785,0.18231843435692,-0.593917528614106,0.699634459215917,0.581593922450029,-0.789193138077147,0.858218791419583,1.53980076898318,-0.979984143032431,0.077792018611354,0.258068220109673,-0.226127015646688,-0.183520065695777,-1.32452527937178,0.0214871188644531,0.0353277557385443,0.111604038494499,-1.0992059321568,-0.212507817146116,0.555700842609281,-0.0762244924329608,-0.823456945216729,-0.303186935603004,0.404952305218589,1.21577834768376,-0.584471881247617,0.33167521424399,0.126556076229783,-0.847580951756006,0.762776361574741,0.890585349047398,-0.731895467661515,1.20051625016518
gene702,0.0308367691441881,-0.261382556092176,-0.319564952132808,-0.0056484841367848,-0.145805924527773,1.27299569133088,0.264519498111196,0.0155618197481349,-0.161791790161582,-1.63869824593512,1.05932080960312,1.31947482006896,0.728655461988778,0.189457489764412,0.162199605417409,0.378146852915392,-0.703040628629242,-0.0750515663670926,-0.928667778771647,0.739499509816937,-0.231960929091262,-0.365851329451963,0.520829576232025,-1.24329907620641,-0.996500835714356,-0.448062930050931,-0.334778952119182,-1.66530413523449,-0.225152992004482,1.17393851879994,1.85918187436974,0.486062381081664,-0.276656041763201,0.799316730259969,-0.345868511275458,-0.197482931631369,0.704450448027601,-0.234233953063846,0.133534647969856,-1.71492670602162,1.01609285642889,0.76370679800441
gene703,-0.329789742482275,-0.440575223783908,0.118104608432552,0.242223585657965,-0.563448926633882,-1.61334692728454,0.404197687236208,-0.0135340798475484,-0.289265458636135,-0.0320316717112166,0.395615152506885,-0.402075025284211,0.587225930790343,-1.43096643036993,0.510662116457441,-0.684531122702011,0.344446126478768,0.180092401128243,0.320124347804519,0.731319000585201,-0.542709733621881,1.39398121666195,0.671360328567559,0.325821020670172,-0.455894922583159,-1.0953423642411,1.30943070801272,0.953722129388598,0.868475364265676,-0.332474008145339,0.849554950498894,-0.574547777172824,-0.0974777946935751,0.0015382023781527,0.271939817524408,-0.887660857365733,1.14545928008864,0.200383639409537,-0.562290922604256,-0.298790282711629,1.69509148423915,1.15048599431653
gene704,1.60470151488966,-0.186265247448661,-1.04960694417172,-0.896954271792019,-1.49221495156188,1.45109945276688,1.4645893268618,-0.195176981551587,-0.110436181849008,-1.1075643999029,0.967637359623999,-1.34630713586011,1.72623929717401,-0.137203711769824,0.83748572875852,1.57627834603634,-0.0120381463887677,-0.513216570305488,-0.512101667668779,0.530917266328514,0.580178565436484,0.0764828850458922,-0.44348201711452,0.27175820939016,-0.290984117622378,-0.564091572975106,-0.121766393550976,0.7132979725222,-0.463020398617113,0.305592749335898,-0.384145294954359,-0.190050241477334,0.645084760044158,-0.302780270871495,-0.280706132871804,-0.0995392689924136,0.156508776034126,-0.79398037324692,0.995200732769681,0.446642306734943,1.71534029078067,0.124764535227815
gene705,0.499141918519976,0.156324932982081,-0.268627027803217,0.514787740801431,0.342201868961441,1.42557744621024,0.83149689976539,-0.545575618420607,-1.41897835701533,-0.683474712308006,-0.569296716983095,-0.01791890701321,-0.0484336089173693,-0.60687212297005,-0.236366780131839,-0.852496430722026,-0.0967960544389363,-1.23036052071972,-0.454555351033226,0.540902129420054,-0.81077392741001,0.289560618870601,0.186517942223361,-0.61863890814021,0.979046635320194,0.229272934054918,0.473123854047511,-0.849809375427235,1.03367886367866,-0.96387891776709,0.3534708392114,0.648340213288732,-0.50707911568322,1.16312232643377,0.958647456697472,2.51437702008333,-1.63973463574235,-0.726353282804659,-0.732756115024309,-0.511457208664314,0.140383408003416,-0.440169574934561
gene706,0.790215199095098,-0.0370788187690966,1.52284180801011,0.429533569559689,-1.73250124822274,0.254799676268683,0.105305919558612,-0.38715579049296,-0.288696780699548,0.489282576696166,-0.746359783268156,0.170497164783248,0.19239032405892,-0.28811131740237,-0.64510313736758,-0.115134707497279,-0.023339990259131,0.0372258422501869,-0.239016635640156,-0.433267484277218,-0.113948625942403,0.925524566124921,0.589839856408209,-1.83895896052178,-1.69259078055854,-0.686110208054652,-0.87876630049811,-0.40131246898298,-0.442339405384786,-0.419373685035345,0.0942894191201158,0.786590133062872,0.287118831612208,0.0863388273175617,0.443502875591198,0.0290039080150118,-0.605714573450813,-0.0030854539786653,-0.73197419768565,-0.288448053637688,-0.399687770232521,0.510815725161279
gene707,-0.556627775318694,-0.645033549746486,-0.182885361756465,0.729937615296164,-1.48312677974549,0.514619152004104,-0.071118707314383,0.815485034884528,1.55028870468994,-0.145065498321664,0.45874455935918,0.545744079384558,-1.14497523996106,-0.404801103959398,0.107917216350494,-0.284264348239779,-0.194027623392147,-0.478474233068727,0.0138825762939773,0.0302942630280508,-0.258129896186654,0.207781106222862,-0.562057135213781,-0.688673122941313,0.287477059144157,0.280940342974888,-0.673443278238715,0.488092827991957,-0.482982396953224,0.564822567734469,-1.16315012220546,-0.191630645659456,-1.25701651297427,-0.104116058818488,0.495812160871003,-0.732477042447769,-1.62735116354451,0.861340420176101,0.661384520978501,-1.13213992342225,-0.345818841745276,-0.550758330153009
gene708,-0.117741569933104,0.824528428309121,0.0738257147366518,0.281108961617913,-0.562139516355896,-0.512236915500201,0.210490296105826,-0.139621992301444,-0.0789226559356594,1.25339999845171,-1.31862044435383,0.147757972006617,-0.995345921536962,0.0543003984962694,0.239994389110633,0.310731857699389,0.0567116482019057,0.791311380850092,1.18503666508491,0.624161362128726,0.29459745979884,-0.0404693271695476,0.454010701869163,-0.857371942053258,-0.35019834709575,0.360434046680354,-0.177195375530369,-0.140710782490841,-0.461232083445042,-0.121126284123175,0.01467656010274,0.594628836289925,-0.665398696626778,-0.800185769164502,0.005374752355199,-0.296871867262997,0.321024131248912,-1.22577135717518,0.670142613679267,1.17647872562379,0.0771301405112852,-0.33560310401114
gene709,1.21290187763097,0.595256451137766,0.650788655026841,-0.836557265554041,-0.703479156127967,-0.940168985216032,-0.569521378565993,-0.132784112967084,0.221977744405128,-1.73657269445572,0.55423821396495,-0.70007030655517,0.62926901691853,-1.49063165326593,-0.566546148646841,0.75112263573232,0.633737726242901,0.381489082677774,1.35370964934052,0.364522686411726,1.70281411143202,-1.35188842631372,-0.556245671634264,-2.7800778941428,0.327006996667656,0.235055899234606,1.13214045233965,-0.20214579721935,-0.0096264686335,-0.411178030798815,-0.724873275913408,1.08021205141943,0.41532390896519,-0.57449950887396,1.16495117368789,-0.107625278939743,-0.270535053479283,1.05690198698966,0.0157331754032524,-1.47945519129601,0.816071719551932,0.385450606046615
gene710,-0.0955567322802662,0.103818081862164,-0.41531520329207,0.473853163637184,-0.408915671869509,-0.65259292182981,-0.189468754295661,-0.398477812051856,-1.0588385551218,0.278228735157718,-0.444637580831555,0.0707080153381675,1.26602079974583,0.0705562542996977,-0.606648894075713,-0.447137241296466,0.501467950487567,0.601103214745211,-0.320756117531545,0.0193169935817386,0.269097383076674,1.1533090506716,-0.0665125785952406,0.0303701465054253,-0.407117889612706,0.539653755041427,0.873420886527518,0.265969189312303,0.526502216051635,-1.10195637394107,-1.54440847249762,-0.542025771283891,-1.43022673877601,1.22528415634762,-0.0725188224144917,-1.77814718560612,1.3858941144482,-0.0952942739941698,-0.297215744976778,0.445803906403694,-0.512735616910914,-0.584472630483261
gene711,-0.538348443234089,-1.49555043538448,-1.82988741572456,-0.482985092166562,-0.380881406754636,1.34313561157593,-0.412158890590825,0.218054521105276,-0.714374123699872,-0.750579120606712,0.887570486706501,-1.46946201956136,-0.0274612737397859,1.62702504634228,-0.336322097243218,-0.471568253744054,0.865054387767055,1.11328062568246,-0.649113603071925,0.306344177882404,0.342405559353153,0.201022892847079,0.301938567038283,0.46235191903316,2.64285863251914,-1.49525315940505,0.120335588442515,0.828864609372562,0.011997535002285,-0.137073474543365,0.0438375134678424,-0.200270812956733,-1.29600248234073,0.0136340342184718,-0.0268824819299294,0.212463236963754,-0.40978070918015,1.08280374118369,-0.845629923669339,-0.4095781528353,0.346980089861258,-0.417445256148789
gene712,-0.774934676204473,0.453367621073967,0.529410548059835,0.12113516603892,-1.18256034718172,-0.129613623973481,0.430321093735522,-0.0726808755897838,0.617777771602519,0.250778048454464,-0.0883986825745818,-0.442415284514537,-0.466264171436394,-0.456654821742273,0.621194055007912,-0.316978762473082,0.486414659927738,-0.0699766394109426,0.105030277122458,-0.360254871581841,-0.175772863208038,0.0809681557285414,0.0893363982131087,-1.0706253008615,0.14760822390196,-0.107525365963123,-0.132019425559165,1.27720332418761,0.867198549137828,-1.20742978480854,-0.0009190697826596,0.114950402417615,0.500408767774335,1.90806103462901,-0.348506280059579,-0.719437581231573,-0.314911896051724,0.604090773535463,-0.316948119242882,1.41132585792991,-0.266962734149811,-0.45010590903977
gene713,0.58651704223155,0.201497963764213,1.03412106611153,0.802824962528289,-0.151018244198424,1.19643902166165,-0.280876722649548,0.0358088060289863,-1.22422968254793,-0.6405902337098,-1.08228731574134,-0.944647466320921,-0.509029998766243,1.50563263508796,-0.111468000895032,-0.440191503098049,0.573851581845689,0.910488426449016,-0.314755214214135,0.659612681262515,0.182892863101015,0.591949740326459,-0.222430341868532,-0.411798228691956,1.02325930955059,-1.15816793500898,-1.79223541799484,-1.16082035953449,0.122297448453901,-0.441913502936255,0.567063640928074,-1.67744376801328,1.11060503749868,0.408783776353809,-1.13691394670831,-0.180798247678116,-0.801110996665523,0.263047029788859,-0.0136857263338544,0.45330745290782,0.369009441298747,-1.20574050473583
gene714,0.949440344957192,-1.76322947900116,-0.0151106705609374,0.452500250263026,-0.0192346752103447,-0.998144037820466,-1.71868243541881,0.653073145952222,-0.985569342643149,0.349678348227785,-0.398481806149879,0.281246253663839,-0.225143890032315,1.40210882967046,0.52452362393291,-0.0763083343704197,-2.91381170273902,-0.854426967555854,-1.34746393878655,0.160409295983638,0.704996835822712,0.984723181629144,-0.3909589525738,0.335218657376392,-0.171551068439019,0.15371838035317,0.899328906887935,0.798632716080922,-0.141849378241855,0.792380246618177,-0.769202676383448,0.0642618630921887,-0.0179246080909182,0.471376148319308,-0.175909467883581,-0.716822570828364,-0.496593928040393,0.0907806228243377,0.509904879668492,0.652190793378377,-0.713501330233523,1.10696535307744
gene715,-0.579431057321733,0.494751040954973,0.0150225634252836,-0.664003855753237,0.524385610052852,1.25876051803986,-0.718423488460185,-1.31768006205918,0.270135636614619,1.37726966380327,-0.0038818889260466,0.336768547028868,0.0797834283004211,-0.188989448654837,0.381592295479003,0.903419903431177,-0.464006464412227,0.528646127454676,-1.31700971729024,-1.19313512013959,-0.661047938380722,-0.854849945919065,0.883846993763893,0.64264476326725,-1.50395170525694,1.98256079551432,-0.151125665772643,0.0742587015606666,0.903699786187378,-0.194508278360535,0.41571480294246,0.0150202807007386,-0.0137537953102011,0.291442200174701,-1.06762863539173,-0.0013221711267148,-0.391169230623155,-1.01731164440285,0.330386237865219,-0.0036222917715524,0.809714436693331,-0.499046370968058
gene716,-1.10593064032455,1.05215291120727,0.593497511459363,0.347323307219858,1.66332086999704,-1.15370744101925,1.2152297402771,0.538105414284847,-0.592548451231288,-1.13282561051077,0.963232569939937,1.53095862850065,0.213636527515639,-0.671882750117269,0.0066251688502506,1.44572753959487,0.957399635234981,-0.0560814196739471,0.200103510924191,0.345099372206387,0.284869409994313,1.18257382928921,-0.40218947852749,-0.174329635982563,0.0930596839237577,0.437307431319518,1.18431845215204,0.174000045355161,-0.119347442456463,-0.894044283190571,-1.39174688592524,-1.15947746047174,0.44620968841515,-0.38437836219744,0.127737403411387,0.414088416338513,0.397477531199851,-0.182841207261654,-0.0134010285265949,-0.746596762437813,-0.696633668401547,0.0314122286034361
gene717,2.38173529155887,0.624809411686006,0.235901999369257,-0.985521563517135,-0.193002623474395,-1.20232711710859,0.0296561777708067,0.220514707812446,-1.80596946464377,-1.23337339313327,0.503284912004897,0.75227999457371,1.76639481769132,-0.120232734543178,-1.08224956995883,-0.0468912174278498,-1.52783938545342,-0.0676589831552689,-1.17752723644079,0.4754725437282,-1.11792304881504,-1.4568713931647,0.271075608350776,1.15060303946191,-0.524224715640409,0.495776868618043,-1.15734198549507,0.74267426248054,-1.62053462926684,-0.14019547808047,0.125826892603873,0.78634122314795,1.20715212480354,-0.443744882758849,-0.0673937044270713,1.07856529947684,-1.51634998564741,-0.0098452612075898,-0.200183358533459,-0.0534411038655336,1.20393871461608,-0.304551845674381
gene718,-0.603038421549809,0.547481918052489,0.242768171259856,0.11865559841525,-0.173985559612185,-0.236471015817492,0.282980573758337,-0.807529158653391,1.48959267085108,-0.445901234251187,-0.169851624378013,-0.487046666492091,0.321508690740264,1.54197109157493,-0.396845755311854,-1.57564403575883,0.721527297505128,1.84518119733242,0.223256484054568,-1.92366110724329,0.381746995138309,-1.41821313455046,-0.102991519064473,-0.0650606214738364,0.270292009937368,-0.254454883295373,-0.278276964286804,1.36402713769122,-0.365225286687591,-1.39231394367262,-0.254818459444562,0.892346955423949,-0.431461786199393,-1.07694296623422,0.476158667158105,1.10779395737324,0.0716724934487499,0.015394606032869,-0.884379387863573,-0.222853960442582,-0.23256112015426,1.0641480186228
gene719,-0.554628742213131,-0.478711730190259,-0.501770698607392,0.777603370700946,0.0992140075589344,-0.485572415410459,-0.316567603648885,-0.0966574271937879,1.07754245487765,0.435182910853551,0.720056468354183,-0.721258628660853,-0.122317510256909,1.11064450356617,-0.852191616366921,-0.111420246815186,-0.43372938989563,-0.355267498022204,-1.33189083973482,-0.884840902543447,-0.579085803091497,-0.260882280871245,0.262102624361541,-0.721302882961395,0.386454786790269,-0.257753131272635,0.228306577700448,-0.12497330670627,-0.878359676728313,0.30183911491721,-0.350668775708218,1.24879212195402,0.148865970723952,-0.464414833048678,0.0531535520077348,0.0100375418210453,-0.0147328158300208,-0.950339831993826,-0.390446511213847,-0.0965522754277757,-1.54170720371909,0.043845673652312
gene720,0.271666443850543,-1.25208046580336,0.204264680129609,-0.187139578883755,0.619529497106434,-0.200722491584265,0.622685682120639,1.61223389715583,1.13168655176305,-0.583918413697502,3.05390564275065,-1.05191157048507,-0.773505258329671,1.08264181214284,0.418855128285772,-0.114970333664199,0.307600338233739,0.196160953327971,0.681261346649512,0.495423971411818,0.386288677349392,0.681922045276999,-0.0493276096783563,0.195808178969038,0.209641700861189,0.245115316457864,-0.975597306619963,-0.0679297806184638,-1.29636343218978,-0.786026713497318,-0.173463926493235,-0.650208675591563,-0.186122333374608,-0.0258300160795055,0.170364641850198,-0.0429647952808702,-0.343209811697492,-0.0773811429455368,0.187035179953287,-0.341064413190356,0.136511983123921,-1.47017515501634
gene721,-0.170821395779964,-1.4640446022321,-0.88478546796519,0.496643388782021,-0.434622801260832,0.335422209635961,-0.682904806446051,-0.223744746172613,-0.740298125638875,-0.596852907485672,0.402191936324638,0.491167122922293,0.672319467594208,0.339653303753477,0.0887587667631011,0.23280519575595,0.90418043830937,-1.0660830056528,-0.547609149614409,-0.205755161777787,1.12932473628394,-0.271416133292971,0.750304525209961,0.0030614427405176,-0.762414232327908,1.50408615446512,1.12379054934537,-0.35270138029358,0.428485213425598,-0.649472060868877,0.887857712373589,-0.72509528050185,0.739636974825372,0.133440089620711,0.174748639612476,-0.0568576455421408,-0.224549213969928,0.423667282752801,-0.046112368766471,-0.893882154239797,1.05297110780138,1.99716517635588
gene722,0.148008939479587,0.512507669556876,0.234246574210067,0.0284813294755098,-0.0236002416977922,-0.425607708026368,-0.553267307034762,-1.70962595842982,-0.109750566160605,-0.708281640322104,0.518643488994909,-0.474679133129344,0.555007657553185,-0.0740235642520705,-0.466237425649612,-0.245064765584876,-1.49068861548674,0.156937004304758,0.225670913942932,0.439118229504199,-1.14115110059084,-0.463366830828441,0.250502189777386,-0.0467140284797553,-1.36413761199787,-0.281423024163962,0.257499980582057,0.456747703171305,0.698643813485678,-1.47464845821058,0.201700149828969,0.983472723692652,1.3597794583722,0.0138263767616512,-0.0295097604940686,-2.06376495128276,-0.672933700700645,0.138221762812993,1.14350260290067,-0.498577629172128,-0.25493178975436,0.561714829281884
gene723,-0.577603790139078,1.37357814419859,-0.716196630472717,-0.0978726088402115,-0.838163055286755,-0.178258068607805,1.03754094431235,-0.0505136652589273,1.14824814693921,0.0015293403686457,0.20208519542111,1.19640419049521,0.202617644665859,0.452914333644238,1.15506637231684,0.544731031977029,-0.743638733759054,-1.26566126341976,1.23249462374343,1.50106290920762,0.499975932364629,0.0179837895349295,0.537569399367035,-0.144282835618744,0.876375742414562,-0.791651469330228,0.940139208841522,0.204402333739489,-0.0521080073649763,0.976451792868667,-0.267199453643253,0.354618831768351,-0.423672948264544,0.116554996782686,1.71245725798193,0.254884500462987,0.978044854675337,-0.542684460800414,0.0653051175788851,1.35260458004561,0.115215548110003,-0.0800548246590925
gene724,2.44515432305828,-0.883943616895283,0.495657469006024,-0.205247903199848,0.203286989883148,0.653522798298733,-0.7520788558012,0.973159125300005,-1.64091733348769,-1.02921784056685,0.524129164563769,-0.280083236576447,0.0601766615966959,0.826461187693424,0.196597266184478,1.40442231561779,1.00348085725008,1.18024691513397,-0.728000392217922,-0.687548730556363,-0.569481581600888,-0.426555491416531,0.777383650883556,0.809838863958797,-0.0989408945230109,-1.36989725654845,0.669482021101461,0.70242057845735,-0.681439408018228,-0.408408230637292,-0.804945845268536,0.257188660308019,-0.120005581229111,1.09247638599921,-1.17323572910385,-0.64547941835345,0.48349959095482,-0.295573701552018,-0.555020628314067,0.812631633465154,0.802865404599835,0.789738318959484
gene725,0.608110757691176,-0.108223511083956,0.781773371527148,0.403244938415045,-0.0891533627929732,-1.0952850027798,-0.534456024671845,0.652396887623658,0.767269735627916,-0.569503814436885,-0.183233114832535,-0.0246297820885769,-0.183950065099154,0.847374757168351,-0.045931365367049,0.0407688630822122,-0.159533854076437,-0.417561291271559,-0.125384275649975,0.367050815499133,1.27674085643709,-0.343269637018853,-0.240263745723176,0.434447408051503,2.79853715785535,0.382741188154942,-0.173110497211641,-0.199646168409291,0.835956854392916,0.971794124326322,0.427472653022953,0.739512219693283,-0.42312236376612,0.727002891899289,0.336174765005106,-1.56823784181105,-1.24218653615226,0.288448673809777,-0.117113087640555,-0.375875003168897,-0.0387420418907241,-0.529425163902008
gene726,1.41024597260752,-0.611090316395421,-0.396071857250362,-0.111539159875082,-0.711843732626367,-0.800414480590048,-0.466002539085633,0.745026290698384,0.933596584423779,-0.0368285141656662,0.297426078527325,-0.534224586453365,-0.432918878604619,0.333315269990462,-0.275075184983682,0.348575246565899,-0.875241770768483,0.251519895247624,0.150173612695683,0.704115951388702,-0.365687279413569,-1.29228316030351,-0.123544146115153,-0.19613630697242,-0.130839919237302,-0.0738887028206365,0.309476343822031,0.472337076530961,-0.960353531633481,-1.01633419641766,-0.0375311873490044,0.827990601479812,-0.207885021848652,1.41405237536731,-0.230839979551804,-0.0819549728085542,-1.1511335626012,0.628151591178149,-0.673995612543991,0.16976159615334,-0.408519351802354,-0.0119869589106213
gene727,0.586816158263537,1.90358583447805,-0.329685726753051,-1.14339325479717,-0.665040503542486,0.561742072467246,0.214475411582781,-0.153144499616294,-1.65533778427244,0.420319703922079,-0.712061361574109,0.73905714085003,-0.0536205077126934,-1.19155107298277,1.52691762661758,0.209853670296559,-0.0143780718373593,-0.424186493119515,-0.271993808318698,-0.105010534898678,0.59875614418791,-1.3309083581426,-0.166707024602014,-0.242680161801368,0.208040779871536,1.07742784613611,-1.88424295366824,0.873165842739733,0.852584234837727,-0.868482212515928,1.3935076402542,0.943099017301847,0.916913107822667,0.0421303086265036,0.433219372989355,-0.0585341379967443,-0.155477006701583,0.134778348983561,-1.4210715869033,0.244930454881289,-0.0067979122672502,-0.116420926665041
gene728,0.659811092338168,0.493950601303288,-0.894481669930086,-0.433565726300562,0.576887122820628,1.18113575288865,0.671529806870472,0.0723056114075699,-0.129009194921023,-1.09849464704482,-0.542957959122325,-0.0064314623858393,-0.187255705280846,0.904559098125853,0.364705730073932,-0.687718106354234,0.465626776074746,-0.493502751603377,-0.652028638841088,1.33215864067709,-1.25057784258696,-0.49451288062419,-0.797510718696732,-0.322310971116888,-0.100047482669084,-0.503126558991712,0.885515229918857,0.784627405273489,-1.38836581263743,-0.813072620622867,0.241488196171224,1.17665253777567,0.928875781025648,-0.117603619197102,-0.493622472979974,-0.369970566504016,-0.835581002943282,-0.0257850638598156,0.691761355548193,-0.746464957542526,0.0967566504022331,0.174400489221008
gene729,-0.0981560865316494,-0.523256502725562,-0.267011432037941,-0.54245332071313,-0.626493496609339,0.0753949349741564,-0.921762924332804,-0.0370157301656023,-0.818418224216737,0.157804780860363,1.12333252604154,-1.51577142886678,0.585908388474665,-0.465013261540595,-0.142653285831101,-0.304752240640988,1.36185707686739,0.562433707880302,-0.980877142173515,0.0697123369985245,-0.182994075571666,0.78078696872288,0.14376246337876,0.151491138901209,1.2868681361735,-0.296197983492776,-1.10862451104766,0.499547150432198,-0.173697658873321,0.264286851241873,-0.111256716918207,0.427364528499812,-1.57523885941837,-1.31565366833549,0.134089415817188,0.235838289177664,-0.272274746650707,0.09123739619559,2.4276461862754,-0.434951239907827,0.442753394119079,1.42080665132844
gene730,-1.19597265233214,0.522070501554561,1.32829644155433,0.166869496375722,0.10574036595609,-0.379235234888205,-0.392659009244184,0.840813604215816,-0.107064720558069,-0.571079189682302,0.913830429365185,-0.259225731312886,-0.574093206530326,0.171947365225575,-0.2617580955831,1.5067312601064,0.166310875377693,0.286903725442107,-1.08484303394354,0.143310834804259,0.175566398161712,-0.733226146094453,-0.315535158148754,-0.5934772407417,0.666698388373941,-0.186145618758927,-0.594609435524172,-0.383892573969097,0.0075355972627916,0.788967869826507,0.343022731696612,-0.18689519004608,0.607471320475215,0.465109168014057,-0.699287624744816,0.467087814528023,0.181077341558609,0.0736041873766426,0.778339798163126,0.549159696010394,-0.34312986651383,0.258910790347481
gene731,0.0784455998885455,0.282269718961895,1.76679190385726,0.2459022847215,-0.565473751138706,0.538552943149504,0.955023196164968,-0.141941977978949,0.425104578591226,-1.11237849548698,-0.169536028787534,-0.778837715240961,0.55119555446188,-1.67805091608518,1.924587289621,-0.218685846743932,-0.906787558841585,-0.0861181404072319,0.551599433243308,0.742936048963338,0.52585584022528,-0.907577349603986,-0.777778894438059,-0.251164858081491,-0.292001190153148,0.475554073761629,0.0151466201631284,-0.503218911047521,0.553369715385892,-0.73485044120841,0.188537325842548,1.21909632865297,-1.05211593995147,-0.27319030315713,0.842379447338734,-0.493459541483504,-0.244650615081786,0.250892703511044,-1.37085206257215,1.06414208469326,-0.110847629849172,0.223168741238864
gene732,-0.51145438015951,0.643312322783517,0.080042471434958,0.111269630905543,-0.134247009286621,-0.0384851098480938,-0.805077317933583,-0.376015070812559,-0.653581311450333,-0.475184301270533,0.924050523379589,-0.413244622265403,1.06475466812023,0.556035337397361,0.230502276206999,0.595541946569874,0.195190766586349,0.987785831758221,-0.0104948930545785,-0.355290083719391,-0.807010088236072,-1.07310410535212,-1.83029006878811,0.0250280341734246,-1.40488695160795,-1.30797082080063,-0.783356282363177,0.0801926989493763,-1.91571823797385,-1.06463922970831,-0.0970590107486249,0.255628270101516,0.157925766902641,-0.135819490755323,0.44466383200199,-0.461468332971844,1.18165663526659,-1.17215052407538,-0.665149221965462,-0.997796506309994,-0.731843291153827,0.214553392483725
gene733,-0.657437245168119,-0.63728846050456,0.347402698722759,-0.282302030298107,-0.619828702182046,-0.563234628663853,0.131028910908344,-0.375733191057244,0.337928073445972,-0.182956789871414,0.622888624681639,1.68452272590007,1.23407666714165,-2.17135535093902,0.429434162351577,-0.960981444023208,-0.209260249889406,-0.527168088274165,-1.37114306573584,0.313847998121814,-0.151498907934823,-0.0315700432913115,1.23726666772409,-0.0981497364386785,0.430393090109294,1.19092001312461,0.199332885714226,1.53279934272465,0.804272058590848,1.25130602684158,0.331117899827525,-0.380262950136888,1.90406062353024,0.283489234856693,0.98195085451024,0.791644496961776,0.704516054426433,-0.064970113774813,-0.554426821876588,-1.61157434985177,0.14786501377661,-0.418162308194679
gene734,-0.810773114611929,-0.676483077595691,0.631751046355702,0.414009151712593,0.308294029488376,-0.0541427098138704,0.428479846507777,0.10608440859689,-0.308508056977957,0.73670160118137,0.225172992398389,-1.40405618496674,1.67961403008402,0.308442471588674,0.470067496270582,-0.582695367699034,0.169774171412415,-0.742106102698129,0.0797667333936866,-0.657874457566849,0.511017250699818,0.0951466640700506,0.602420508960381,0.931156645598382,-0.314775601017834,0.86523453933988,0.922165722481222,-0.871184070966536,0.247815701805443,0.0139041601680458,-0.277752655495795,-0.865284145716504,-0.201430199851111,-0.883052897297359,-1.52744873968843,-0.695644838616414,-1.07339937975068,-1.13091920625591,-0.55191708615668,-0.141287527970777,0.606334677867345,0.684759989186078
gene735,0.0039028202959802,-0.534093168310281,0.660742228687544,1.10244967643247,-0.660119334354563,-0.676171643765398,0.405096857550441,-1.2821562742272,-0.284683483939579,-0.481378278199833,-1.65679795132135,-0.604037687615589,1.15613287375709,1.82049160969484,1.49436638299038,-0.756850585285308,-0.0021151249384677,-0.91969628618686,-1.96675563104666,0.0108823055462006,-1.36415140067075,-0.87848705116166,-0.425457982906645,-0.0031323510327217,-0.0210665496384358,0.275175989456324,-2.85859197747274,-0.853780761035245,1.06909135999632,-0.548623376578973,-0.261517864672946,-1.83646339521629,0.106879907859095,-0.863657646642685,0.961262513523382,-0.816553082400533,-0.44808630719226,-0.197842929999179,0.1066278649389,0.0299380535065202,-0.283535788145571,-0.712270037266488
gene736,-0.637537159648186,-0.618419099587356,-1.15310262402171,0.267301602097018,0.356419519717302,-0.48246865349667,-0.372283424071664,1.17106407591999,1.70037491254958,-0.267849840045257,-0.862505664742994,-0.194140283581096,0.928313249815261,1.56932639806551,-1.47807062426504,1.26555458869854,-0.659127639673958,-0.389091117552772,0.111557221648338,-0.107155012856152,0.235484673305878,0.705352269666312,-0.180485781906258,0.0960519936203682,-0.884768393812349,-1.10417909414427,-0.64318394986785,0.134997318116992,-0.240850378524712,-0.81796742662654,-0.0689237936676546,-0.0884166207641599,-1.08008424285483,0.175866900534815,-0.996499765194534,-1.38332661309904,0.287619359224818,0.196067426271066,-1.03285676293593,-0.986516442753861,-0.909287631153212,-0.600149283797322
gene737,-1.15618181596655,-0.0655655886735829,-0.626397187796882,-0.297826484554429,-0.47353707273034,0.212186979215725,-0.263081149133323,-0.199322637950648,0.0837595969821672,-1.02423540666716,-0.817388448234164,0.0541243380232348,0.0411155977552945,-0.719204652664916,0.0197669226505906,0.847837147192414,-0.432151273397832,0.4048753709423,0.0566274437751373,0.309616978308693,0.431161278645316,-0.342611590895465,-0.573580673224321,0.29057995005526,-0.340933373988872,0.970152409746862,0.419118932619769,-0.238118356170192,-0.708676897515495,0.739619944898798,1.84220781925175,1.00602075732623,-0.638981049215719,-1.03202167996317,-0.484060717686723,0.639343574724644,0.669696977396972,0.735870665987243,-0.452664384908686,-0.36453599578102,0.0786397083225559,-0.431079614519752
gene738,0.0816884242764318,0.220959755029751,1.04281932844503,0.340116209932793,-0.458209133273618,0.590708064573131,0.4484200962359,-0.170177354978096,0.21143032663131,0.479879043136601,1.55133929864289,-0.0303108144594981,-1.28030080492894,-1.18005424821054,-0.511699056453227,-0.310269046121965,-0.298813504594496,0.582406984757805,-1.12526698342636,-0.556359431755891,0.582960235905583,-1.27362732312448,-0.203143817790266,1.67724840036795,0.300013383847472,1.88685871952841,0.350342232493273,-0.706164469758164,-0.175908814749003,-0.645837219358834,0.527148422433678,-0.781938286289162,-1.22262488815019,-0.855697733930915,-1.68587149463907,0.0839892999411121,1.27177119639373,0.544634730611484,0.835714304678268,0.555019614781947,0.39869872583384,0.382010198980952
gene739,-0.70905360090949,0.080230531475007,3.21423447380417,0.295739949030982,0.629449136674544,-0.645734457491261,0.467538529652457,0.330836697190675,1.00629961172791,-0.220929341367053,-0.549725988764256,0.640679627420504,0.217508468660265,0.164222127784261,-1.03125205697864,-0.341497368575306,1.28737854492135,-0.426882809999415,-0.591799604516986,0.247228102109974,-1.05324836611005,-0.936612467993275,0.871516178740256,-0.476558751696674,-1.41940058304854,0.150181165160478,-0.16773020250276,0.230341407056925,0.144918267247759,0.0831292186632559,0.0118971248459714,-0.604532993675872,-1.05181620312403,-0.634153881300072,-0.0638935036460551,-0.284584034339521,-0.103597996029319,-1.16071979737964,1.14407860953935,-0.281956929088563,-0.0828131045280141,1.04434352299968
gene740,-0.564925376175513,-0.213011361183894,-0.33791421701676,-0.938351789199122,-0.305422470888177,-1.6695040910994,1.39012543533703,-0.348799460113119,0.35626419915788,-1.62631169447914,0.0196583822355494,0.623851213534743,1.15585390089709,-0.159282912153024,-0.553863510665456,0.863348165585011,1.11427558372521,0.706300144300136,0.629234462879294,0.511813334862872,0.798066553661985,-1.1517546002543,0.81448387353152,2.0988297296466,0.013116696684745,-0.595196072597675,0.831202824671356,-0.221444020030716,-1.18683443274897,0.983556562999201,0.773705873907687,-0.834946757203787,0.531156944516173,1.27668242474568,1.5667856541229,0.419477336786243,1.1122694104644,-0.871167595849944,-0.831493533080355,-0.644764164523909,0.420665354124164,-0.313555824333013
gene741,-0.182002724660176,-0.173117097417031,-1.61438403103857,-0.440448312962919,-0.25330273442756,-1.31147736600186,-0.260792853944141,0.211471032812584,1.03087763195939,0.393568874852295,0.924278358574733,0.574598279316127,-1.20770788878622,0.198799863277735,-0.02523292830016,0.479953431302891,0.9903886195816,0.114750422531493,-0.381203514034427,0.353672950461192,0.801894054071807,-0.0101583796900343,-0.278046884765043,0.561260925692288,0.440741161442027,1.27008529508593,-0.649272238271703,0.326846279228104,-0.144729491214944,-0.305343517279043,-0.116175311563291,-0.490868497950754,0.427327699670874,-0.106842549131864,0.999412052715824,-0.0270433276599222,-0.0846525886958901,-0.253294950510557,0.159730284355211,1.85669314560217,-0.027572852471955,-0.26624207001452
gene742,-1.14090016640524,-0.475677058246088,0.0205021062340686,0.24857719697663,0.510969640228553,1.05210871558215,0.479933374845494,0.362032793267479,0.182879988493533,0.484379593231254,-0.207282447248071,-0.392195677311451,0.803119021494991,1.31319474254516,-0.690525678962942,-0.0167175130152256,-0.291138622625604,-0.0814208873115432,-0.196237334844962,0.13226602379752,0.513924955453994,0.677198689222732,1.04492503507203,-1.38212417198514,0.863624434179034,0.503333381932316,-0.211972651940359,-0.935850620133045,-0.118857178969322,-0.0644141247248893,0.430863247803387,0.129706573999644,0.352207729693269,-0.434930824963721,0.75741366334211,0.160403673703228,-0.831478144764589,0.485569720198205,0.475804859772538,0.359417005211612,-0.693175503169015,0.469989733041909
gene743,-0.0369743580974732,-0.658413377133368,0.262347748497839,1.5168859847976,0.70026030668687,0.0107428277555465,0.578890932463356,0.52334303306391,0.826381850300228,-0.192026615809375,1.38239384496086,1.08371115596307,0.0720236953565332,1.220724081424,0.748292918016598,0.1721792256226,0.0286325065451091,-1.10780075315134,-0.368487642937311,-0.506267325070915,0.0442404286156803,-1.57891111246179,-0.897755516660739,-0.951418028594461,-0.0242023281285713,-0.394659192150329,-0.25150668016874,-0.269196710621193,0.771727849313387,0.380414237323921,0.488648647023983,0.556417919878751,0.311010478268746,0.135816354204594,-0.785474789726251,1.16370274385292,0.431907503585288,-0.645138427334074,-1.02169456948077,0.343279531090261,0.779066672203501,0.141991425990687
gene744,-0.305405345073583,0.427459695783247,0.158121491565594,0.405439457394124,0.0328059871463794,0.514630978977891,-0.676596277847141,0.592649768705147,0.737682935240484,-0.129358797586385,-1.48497900041386,-1.2689168170264,0.550380202864139,0.141125823270628,-0.793314680257835,1.08885982601206,0.173716481703554,0.447999346411165,0.0396985790724774,0.399927246201946,-0.451858928701069,1.02775568186084,0.838894681153284,0.41926083501661,-1.17627972641914,1.05587130058453,0.066174336163237,0.632140777616997,-2.21340773152989,0.016966363845544,-0.928528103490007,-0.433546689201894,-0.134500910097946,-0.463705569584976,-0.921513932829234,1.87081736269284,-1.6381725280934,-0.726840435775068,-0.175189864624859,0.365557001559753,-0.589671003264067,-0.72528085451031
gene745,0.0887260529138063,-0.393682333142341,-0.16451401616987,0.0855911790300243,0.607796477876616,0.541362742133511,0.434848361900789,0.323730800751083,-0.333808120158964,0.983264274322662,-0.630622827000163,0.257912676130487,0.510284086697913,-1.08880669610773,0.431450301860278,-0.756151276814966,0.316663348358445,-0.0349448247719521,0.103855207877147,-0.461229088943883,0.339500288553984,0.304131913536019,-0.515040884795247,-0.0310928527554172,0.221506977004994,0.515736304352275,-0.296220197505449,-0.878738481353052,0.202707215047935,-0.215403598205914,-2.07973225438048,-0.827479767437097,0.16571287563044,-1.0183502523638,-0.697552149705157,0.0664650289777901,1.26417555321354,1.10815099374219,0.142260505087038,-0.949561384729647,-1.85484700926152,-0.278542233793464
gene746,-0.42482667079902,0.642880304472301,0.513154514155074,-0.154814679211034,-1.11925974813353,0.0328005298924559,-1.04696492267482,-0.133479281260731,-0.279704938009475,-0.0185137641486943,0.251371134619401,0.949446920989542,1.12282130135126,0.12600170835891,-1.01609408708043,-1.66396849702426,-1.60714243486096,-0.17598232411687,-0.0415408859596661,-0.816284693935055,1.01946217293547,0.4069467842493,-0.305197602699749,-0.444500617311275,0.498614862683061,1.04227027755896,1.26941039301339,-1.59803902193381,0.966934760404307,0.909522310189827,-0.170270647294191,0.413830634572756,0.049904013773451,-1.05051270858466,0.691100848410329,0.188292002990301,-0.385337231952318,-0.895599671168907,1.12269113209577,0.0449741049060425,-0.0240605377400231,0.818475999318513
gene747,0.0868677971127222,-0.216953129220763,0.14467494809786,-0.0846720350441821,1.12825685963415,-0.847271540284609,-0.486567401970778,0.631828408096387,0.207347573311377,0.467380227098233,0.635598930487213,0.804511210516355,-0.585701385279656,1.23877902540472,-0.409242863471088,-1.00859063959893,1.67179649540307,0.803695828518387,-0.485869165127992,-0.0175130148585163,0.859306171800392,0.38374375845148,0.285818055602443,-1.28018378369134,-1.38844020234261,-1.06391801995548,-0.353302738229967,-0.719136074811486,0.3575123373355,-0.134508018805033,-0.016268939095048,-0.69778566374229,-0.0575575456071323,-1.09224025429363,-0.179053425542098,-0.544551157610803,-0.971263746878841,-2.00697854766171,0.383659179498339,1.02553102793729,2.18320611978026,0.555730699117599
gene748,0.482976844717403,1.36020435548388,-0.239865817002069,0.707785717456666,-0.549077521390983,-1.13366504393973,0.197979605075945,0.832417922394482,-0.111205114787744,-0.450316908489564,-0.424605340657609,-0.0159424755275517,0.147474663616716,0.391817181778361,0.0565317570930893,-0.796160788578543,0.325613110045673,-1.33487621388786,0.300083785930416,0.0191826685494001,-0.18654464746864,-0.180137175222793,-1.17534371164154,1.03119908977932,-1.8865924529631,-0.447898785708472,0.888821718048908,0.0358660345079952,1.08079428716216,-0.246525370210959,0.403251487954353,-0.277789542704282,0.78685179647674,0.735069141704802,0.191005734705979,-0.15511834683961,-0.220583851729562,-1.68450804907724,-0.567302469299591,-0.910646925346636,-0.629772757419385,0.891583072326879
gene749,-0.271110209098961,-0.134103463884066,-0.0519015559439642,0.437713696833962,-2.56123980371907,0.0194097953129581,0.386472847910502,-0.319294298408457,-0.831668898717955,-0.317533311529103,-0.776909434065829,0.268681411328807,0.313108336046742,1.03420159197045,0.232874274692162,-0.669853244824882,0.0775554353478621,0.349116736782814,0.333229041528142,0.109786499551071,-0.714994965502418,0.692062089109338,-0.313010717627975,1.53168576428003,-0.930676448300874,0.154524628860873,-0.332142862277338,0.682017503698265,-0.700033775016315,0.609215266141114,0.516021947416172,-1.07496587332573,-0.37966636019741,-0.139670437338893,-0.512956023609237,-0.406753456965415,-1.52615355610959,-0.041594398928401,-0.0883811812633392,-0.080788266186098,0.614396674265953,0.703960345189252
gene750,-0.525882160020327,-1.12572612033254,-1.58006159181781,0.778419948459155,-0.390079470551738,-1.61318586884985,0.168062143266485,0.861514485632641,-1.76508541748611,-1.1076372226107,0.584002689738631,-0.163682770103539,-0.0751359065957567,-0.750874969344919,-0.0917238672634403,1.0748756033322,-0.225748560816368,-0.156928992658103,-0.937978105365313,1.56596891578747,-0.488066758129015,-1.50397953927845,1.26628233955991,-0.681700288266716,-1.42345722361692,-0.141753582608427,-1.43239309699802,-1.39341404589882,-0.724977382307743,0.724189826634966,-0.720330319619181,-0.373249709543414,0.53133409897231,0.972624356569116,0.770574421465081,0.462770881193609,-0.330434420913715,-0.228622643322699,-0.171016404258729,-0.73520413101668,-0.317332906851355,0.295572716144326
gene751,-0.698203985251016,0.325280096810401,1.60912771648488,-0.914394413897834,0.977831169625497,0.21808287692143,1.29045639947816,-0.331003826032615,0.215113071515862,-0.692550493615168,0.235611037000012,-1.02833151612921,1.53045507516669,1.15605185763128,0.118172372550189,0.136031802177638,-0.226629793830877,-0.768824133665466,-0.76340455893904,0.387914088839134,1.26720784517722,-0.0583307602086264,-0.933109215666336,0.962666555623986,-0.223319316142642,-0.766599373459728,0.134773322330083,-0.474535514160038,0.30838779019307,0.392018914144338,-0.16665084773844,-0.794706264724038,1.11734349737909,-1.53419849057692,-0.216927059074136,-0.750235316590391,0.152835812771983,-0.472403795861874,-0.513331427768448,1.94534094474382,2.16220616172761,0.350924552522161
gene752,1.38271752993857,-0.502399666383952,-0.345505739936662,0.731360255415975,-0.0422763561127947,-0.134354862013276,-0.682708900159829,1.02034971299113,-0.241688739440369,-1.49425416803427,-0.321056716359352,-0.237930368387489,1.22139081878778,-0.252171683224129,-1.10106609469096,-0.643680120485485,0.273645658360904,-0.6420652745995,0.0412260974806674,-0.654147080508932,0.506979729904839,-0.708472957831096,-0.152629293191857,0.65139445715767,0.254991316549491,0.857085743292862,-0.357670379989409,-0.232604316878297,-0.937707295405704,0.847071707007595,0.112709988250806,-0.753780126061106,-0.299675296649274,0.105576490229831,-0.209792922682798,-0.312168821505519,-0.623081158922745,0.654212586577564,0.898019425691132,-0.37231903144765,-0.165386049965597,0.0133382518935995
gene753,-0.695080026754094,-1.24857060184687,-0.543775775508049,-1.20749475128371,1.58571181534738,-0.434731269233155,-0.16431125283924,-0.529850721184078,-0.855440743919631,-0.631544984851166,1.49619326523231,-1.64784016325266,0.156039743940389,0.153391614956604,-0.591386162626818,-0.287472243253447,-1.57821980508019,0.126496372898632,0.961320241193907,0.0057486437650144,-0.50254107038175,0.512436754653159,0.57296203006793,-0.271200286254923,-0.490470926811899,0.0665202663427389,0.197294215448482,0.081540094619375,0.217765186852341,-0.441885021737466,-0.606823984773306,-0.192757789046529,0.414622401808783,0.119947417609136,-0.645432594539182,1.18344572021376,-0.548399520964839,1.21652785450838,0.412800216334716,-0.619136805930573,-0.604685542166925,-0.136355518342204
gene754,-0.0024544784943281,-0.161338269220345,0.123925346422835,-0.549056062478892,-0.864148585426086,-0.0991474970365107,0.632329912554592,-0.427261409220703,-0.426595637163285,-0.787496441595024,0.730633714379809,-0.600498869975399,0.149826563724654,-0.852512174672039,-0.106136514360596,0.451406534191442,-1.72513901795568,0.212714451708779,0.503224757831482,0.12009204314299,-0.0358496165572244,-0.800162351109193,-1.04194259854989,0.192847124365872,0.238042328546726,-0.0042000155376529,0.772673986714022,0.709784325056621,-0.950667096186913,0.710050226965082,-0.262701286784339,0.0898885330999462,0.330901213566826,0.357573799128541,0.586126267132646,0.479591174331765,-1.80785141140841,-0.618910640975785,-1.00314652330926,-0.919618512693625,-0.57570759177863,0.338558372613125
gene755,0.153527488017012,1.12380362989832,0.364772331339894,-0.226162614524149,0.0815922694647758,-1.18249420994811,0.373435141235009,0.299061936385613,-1.2704174549106,1.40934944421786,-1.20772772980077,0.648078587290132,-0.0931111400425393,-0.401719536551035,-0.734102705810783,0.708357815284552,-0.484398079399274,-0.130695849921841,-0.395208672219911,0.170739289166232,-0.35993530306564,-1.78811388790197,-0.0650209396404998,-1.05872888117808,0.696886215435905,-0.148577901432,-0.55819271363307,0.756732130358731,1.00502346646435,0.510982921519615,0.42070929969991,-1.1250793378853,-1.44305760453649,0.26126109090694,-0.253462700657398,-0.060234272010238,0.766854290695655,-0.499679028204056,-0.357221566760386,0.930218289453031,0.441861444797177,-0.0137573162312789
gene756,-0.0785019332570686,0.469732416533042,0.505667105835833,0.143797319852865,-0.496373467076083,-0.117072731776422,-0.830073898082494,0.386507136645783,0.8574025216524,-0.537764792875069,-0.0076848129111529,-0.324132246548236,0.702250441779377,0.444425544324412,0.264364670775698,-0.778325964839569,-0.550829232354045,-0.221273117803031,0.209699989740514,1.76185661490698,1.59220754996326,0.510136677761908,0.541019122321432,-0.386822734116121,0.289657914972395,-0.815707172520438,-1.3607513865759,-1.5681096785543,-0.163625528178714,1.49131763921276,-1.37656399723235,0.192489064455741,-0.800979837097088,-0.802113320286339,-0.343404888288648,0.383442047509039,-0.880089515326025,-0.0724595003464869,-0.0694747743895139,0.314218907965982,-0.498043282584897,1.21990600802115
gene757,-0.596330306307707,0.353779719956589,-1.05213381518011,-0.265000871566036,0.920863370635447,-0.148051885098739,-0.32568985866563,-0.422067546327716,0.969269762137328,0.527207670825935,-0.177279683265846,-0.0505266916253038,0.323657941114646,1.23309921054409,0.0375933135498485,-0.101043836754897,-0.656822800843237,0.677266841873801,0.527146108477258,1.2563871917854,-0.0924090561612846,-0.57060000252815,0.987631979055308,-1.15172321677991,0.389468769467405,-0.0581042422624583,-0.242789763381436,0.0531266829805686,-0.443839561546043,-0.835172231480679,0.0207544208193883,0.937950811767595,1.57331848351075,0.116937453655749,0.579919994048048,-0.368836027988633,0.121613666620931,-0.159462930657211,-0.0057455722820163,-1.36600641477649,0.629017236781681,-0.262778706836503
gene758,0.118129916039952,-1.38792780487758,-0.287637482667801,0.63557383093161,0.200828544371639,-0.893411536354142,0.0062504702718164,0.276850957486204,-0.19485850644281,-0.48818381239306,0.375591762360554,-0.586593486663522,1.01616799652812,0.6844564569364,-1.51428019825391,0.184957931834291,0.317096142061004,-0.679958283638949,-0.206630001868198,0.0506709297813785,-0.202900396360766,-0.685332552471451,0.0326137499669498,0.678556556550893,0.579305670162476,0.929419151446502,-1.08160358895497,-0.63954734670205,0.501863838020214,-0.74401744834898,-1.25858753254357,-0.295725886378431,-0.51662556134042,0.786121916042626,-1.53171447270547,0.121529065159954,-0.5258255673287,-0.788979040414247,-0.290144889191197,-0.740837318649565,-0.34917964794324,1.10105076215775
gene759,-0.655768427804772,-0.233186307757111,0.474182489307759,1.40232736654704,0.116908903388951,0.0537239526332827,-0.391244199729864,-1.50366552352708,-0.0342162148474173,0.105040549663496,-0.554412492211125,0.890051362643166,-0.504155099081468,1.64878866915305,-0.80125314107302,-0.13377262540096,-1.81796219073488,1.18769628704093,-0.357841199623296,0.343346255438842,1.00460527458677,0.916243922034275,-0.464919926955842,0.628070417013666,-0.692573855316296,-1.00902736051108,1.27768546907126,-0.15462573038289,-0.996583233030469,-0.14065725737024,0.929636605493279,1.37662974845527,-0.197651477654477,1.24407757510126,-0.226537759742849,-0.451708399066458,-1.10792638102832,0.635407433442522,0.257672965968942,-1.31406252258875,-0.338890309482025,0.127885577822863
gene760,0.277848590255234,-0.338144712179948,-0.782255647676857,-0.413599928930109,-0.360119462099047,0.863102253853753,-0.128324977999825,0.783287390582104,-0.617725785649191,-0.258407192954987,-0.669014840080361,-1.286400497009,0.81492617173949,0.569389004628739,0.702006852310463,1.43868114816619,-0.0936688610597149,-1.12190438804877,-1.12831836090467,1.41052427362582,-0.001071539848221,0.174952155722873,0.3700375733628,0.834848123661662,1.03776822713151,-0.625342586475975,-1.25691043665563,0.0460812476794377,-0.340736508994982,-1.19765533593495,-0.300148482054809,1.35601386554751,-0.849811616213671,0.362765367840352,-0.471449100609672,0.83989348405114,-0.445754510104029,0.384072464242792,-0.981116037119692,0.295371540072735,0.375166158601775,-0.144725823168598
gene761,-0.521025816911774,-0.506731554675257,0.984484195996998,-0.293647226989752,0.0694771275468224,-0.235993946420302,-0.13460853211366,1.23158824373359,0.634475076801506,-0.883194394642271,0.555960144272914,-0.521687515533448,-0.261317784808975,0.62648069434759,-0.39480644943544,0.430595919646719,-1.20991473919778,0.781659719378149,-1.55167198602594,-0.0362014391284677,-0.293921067455185,0.327714404884108,-0.739643316786461,0.673984879460063,0.0984951075643158,1.75863880765587,0.0544994859060005,1.56361288369113,0.341034961239346,-0.950437506143283,-0.552031791542532,-0.247330224854954,-0.501928303255777,-0.0276087227190152,1.08274930165434,-0.385979906406574,-0.279322315919677,-0.0188838796407023,-0.918435857774825,-0.56690586294178,-0.104051305585188,0.920797678122311
gene762,0.116050806797082,0.106766908854491,0.711276090596665,0.716691908429395,-0.528944186282314,0.863315526583633,-0.0340118757902207,0.399677862807459,0.960866746707821,1.24537228252997,-1.1573476171429,0.0738376847251402,-0.726660475676164,0.374496448188327,0.007415162730604,0.0174490800237695,0.777489903741513,-0.636416416704073,0.634412970624844,-0.413886672728415,1.02590830776308,-0.254819203501842,-0.322796905272115,0.665854170372439,-1.33236285274569,-0.610498333672411,0.594955028296941,0.0215167369787987,0.345937579136978,1.11331120578302,-0.814158048398195,0.0389867519081488,-0.0624768132400087,0.286753126910575,-0.243008816410544,0.409283614525348,0.811819793051722,0.331825556430783,0.0094056036326767,-0.620854984932169,1.07409116039992,1.23805139390352
gene763,-0.524390894631742,-0.375238239138273,0.540280788788274,-0.0725848555107428,-1.83527254800944,0.084597957836429,-0.994011724621343,-1.05569312120851,0.258114807673095,-0.243369365422541,1.1212582986522,0.282044304253509,0.494621130799729,0.347419055603177,1.47070230322035,-1.18139318071464,1.16375222260907,0.999963313959263,-0.720126902172237,-0.921891147182638,0.155879987759951,2.95636500822241,0.778667386378284,0.395599216168541,0.963785015667793,0.0578440655228307,-0.0959013477166709,-0.473532670141865,0.502207389903674,0.547652773681063,0.345645482302706,-0.484949813015224,-0.366154257428652,0.492424236571427,0.552054175828542,0.242250678442518,0.268298070195137,-0.127139982518771,-0.613498319595322,0.53964635983115,0.629641694298882,1.19740934190282
gene764,-0.278828898521545,-0.0119367766272742,-0.0918741777734693,-1.17324390612347,0.909487544379624,-0.150166036244576,-0.114094541846434,0.309078644645507,-1.31384443536729,-0.0819257364971596,-0.015792104156028,0.049521041064185,-1.4314227841463,-0.392423711826955,0.0242076466252636,-0.849457102180145,-0.929381219939217,-0.0790310218034706,-0.992927867672534,0.57385267216184,0.302069163575359,1.59354715396807,-0.394802733006696,0.017912071462096,-0.5997086945525,-0.673260016726102,-0.126710899306048,0.216606352082359,0.0822965979285872,-1.03985265348019,1.49599087060965,-0.0235487047457286,0.0530358079738889,0.327310206936036,0.6285733043442,-0.194297837282053,-1.07471936476822,-0.591757876202673,0.134956430169888,-0.0145796196953891,0.883754152160698,0.74358750212121
gene765,1.18365266392129,0.998478833086133,0.41233426491328,-0.790070938114188,-0.370963643844251,0.459367646134153,-0.720140788573466,-0.359216677435242,0.50192411056111,0.252634148914532,-1.55541917734252,0.302329943917271,-0.221584894299054,-0.110822790659995,-0.0339963155932909,-1.02266075746412,1.02175592356083,-0.625730848359691,0.459290436608009,-0.111668466448685,-0.30114959532506,1.14141990966435,0.196047942803255,0.334059179638585,-0.174098065944851,0.0573636631899534,0.535233758892238,0.685930081168746,0.601451258521613,0.0457555088274893,-1.06158196722125,0.0026565634461893,0.39931688417395,-0.353857484246367,0.558805127892426,0.397978875100192,-0.756100732018306,0.213225193004765,-0.0992045964220248,-0.667307462891595,-0.139172861394385,2.04750840385376
gene766,0.100101259479068,-0.174341053198757,1.9227756051164,0.755855117505123,-0.907729164937951,0.0567948071438687,0.560752044824709,-0.172717241823955,0.281501318202039,0.486808633402607,-1.23541205749351,-0.338203845239277,-0.150806427094683,0.484518149619629,0.799554877720326,1.07331918079679,1.0505448609216,-1.18165959870595,-0.584812560393164,0.503388724205092,1.4275579427247,0.435637374849397,-0.418304564093891,0.997742033319442,0.629375907358871,0.959247348767527,0.0955476823114496,0.252870892036683,-0.32982484248459,-0.0627983600032319,-0.648228384601003,-0.558410160231848,0.64497235101498,-0.848191244265094,1.12038652825204,0.346555646920511,0.225038456200874,0.123951160095442,1.19872008213766,0.99495700213415,0.142450626616611,-0.736587862169259
gene767,0.710151363579754,0.232481549528986,1.09175642174163,1.97149789015677,0.976595190932044,-0.256731956875167,-0.001959363938969,-0.151419677806481,1.64518951816466,-0.12629588555198,-0.621555824628247,0.0438344550799052,0.869975944523869,-0.497854185608381,0.548544401347816,0.01409678304737,-0.141875464908684,1.1324054343285,0.921668780277294,-0.547688873932329,1.69339017965593,0.114701357369466,0.179692242134486,1.30005854540392,-0.82164764665504,0.949905570501272,-0.337567931163992,0.279059703883733,0.279052122011447,0.501025719024652,0.887998277984481,0.726563044213537,-1.14679488244638,0.744982401304689,-0.236349317928771,-0.0244550333889555,-0.426350357273605,0.864328446728805,-0.141055026558647,-0.010787258502532,-0.158132113981236,-1.89834981746028
gene768,0.377207532816279,0.48937325330394,0.352934384179997,-0.737091240768915,0.757578127836196,0.659885940789296,-0.730524935541433,0.374782067067418,-1.37497046853612,-0.0975300951995358,-0.482550765367104,0.319568988281237,-0.115717032279957,0.661510292493614,-2.40554719126623,-0.0060898549834125,0.402735817082906,-0.387385574088234,0.291875266004159,-0.202188472516226,0.366923634924229,-0.959360673662459,-0.714587505268223,0.297847229764163,-1.24477382851683,1.07886993160477,-0.043716584730693,-0.206650706999342,0.861565578019126,0.357496679825384,0.0613657628369504,0.543351232330932,0.398588450492147,-0.890548521157356,-0.483378472926729,-0.422275088198089,0.431723906034511,0.0222809123230684,1.29358343106968,0.121584105512033,0.877289528430983,0.683766511886365
gene769,0.744879843040998,-0.544725927999756,0.0627246484028179,0.69155834204411,0.573237649032881,0.396019609298276,0.343335947312659,-0.911277835191472,-1.74173873433272,1.02940660657469,0.0545392573645335,-0.964116300373677,0.943831912511871,0.553773990882136,-0.82339467621896,0.837488961441442,-1.10043693519986,0.287564983092064,-0.532461832610476,0.532680722330878,0.934954242222463,-0.0376429111004423,-1.12736753518706,0.394503146462926,0.271867588343673,-1.28407954228589,-1.26512771692667,-0.704175876674931,-0.693253632296297,-0.00087427663774,-1.64275276100601,0.662171906497603,-0.398398236534381,0.57597349613873,-0.340601768010186,-0.928917065570406,0.335622501056586,-1.1170014433961,-0.520832355738182,-0.586343413075828,-0.82008818108341,-0.156452201297283
gene770,-0.234167058538941,-1.39428671936881,-0.181931518187916,0.0714265545929916,-0.981858604365946,-0.126898514586676,-0.0913170653012893,0.305566561878506,0.0758752444935021,1.82069037455854,0.379213773045944,-1.52132999443315,0.655770042767696,-0.536377654563067,1.0326257980774,-0.345840588893893,-0.557545073246206,-1.58377670500046,-0.464840561562651,0.150430200139982,-0.711342323195151,0.13827237788455,-0.215399587260805,0.1014387318995,0.951054731468939,-1.03654595996833,0.330595352331014,-0.104851300244312,-2.11705595952716,-0.650933727941143,0.192410554036508,-1.42366018029122,0.388033071747304,-0.918821101390192,-0.810587784276821,-0.571172166332454,-0.259316910112697,0.886870890319453,1.66543432516047,0.600636755389718,0.578324459713267,0.567536705578609
gene771,0.610282460649749,0.359499129866393,-1.24759831925239,0.178610034528014,-1.34944594750846,1.11836317369523,-0.447158405061249,0.0789745746808075,-0.133326762732294,0.251669106213148,-0.208775477612733,-1.38684704346539,-1.07120544597377,-1.38608455765543,-1.54906070607519,0.423076721980509,0.224419347980879,-0.217691537546612,0.111489200606853,-0.249421180591176,-0.823104694811029,0.134962169680151,0.809035434907997,0.267623282829135,0.356890991500115,-0.903530672734116,0.0895178490996067,1.07978913978187,0.618140516394625,-0.308254510250061,-0.129097762677787,1.2396122214649,0.180962018124266,-1.04184333076931,-0.231209449619614,-0.0345347038540935,0.908084249882306,0.186032616322535,0.139454710111248,0.0889148071223308,-0.566372088427719,0.266010279432394
gene772,-0.400901887642967,-0.625610272842121,0.0881577909257715,-0.0070776636569048,0.207303254340753,-0.308676793894952,-0.702777550830379,-0.533023133526951,-1.30341242827122,-0.737616000328811,1.55861135279182,-0.594665356262912,0.235114967370924,1.34234808117245,-0.369416101112,-0.0808738869276845,0.976860789209699,-0.33609063353743,0.0500294850131381,-0.0099989907410848,0.454296927967948,0.318392351900781,-1.19149430996174,0.897621411152317,0.22043434459862,-0.716611709203045,-0.394401690787164,0.0387278637455278,-2.24145357129394,0.46967111003191,0.135599632383883,-0.575724936823957,0.99690580166215,-0.391475280919386,1.67888888579295,0.551532868314226,0.440781528375992,-0.903288414316519,-0.588970157137469,0.519153866326636,-0.646983705720111,-0.788509874345021
gene773,-0.374089141576042,0.744870539172151,-0.741948670252225,-0.183653755638015,-0.0799813366269917,-1.5019485158737,0.0074199277984037,0.325576970227358,-0.110834951847,-0.737318626929385,0.405367779677179,-0.641712967141665,-1.36586280792721,-0.349816343936034,0.100206826880723,1.84801382043196,-0.332574297086128,-0.365946827782842,0.611291042301055,-0.826129579949285,-0.6447939710893,0.133681289340498,0.737727820182236,-2.27816069213876,-0.845291873906455,1.03867999468007,0.399818262120802,-0.979770078294917,-0.527411403485337,-0.211832631712283,0.233008554764242,-0.121209128216264,0.458261125233722,0.628962786954517,-0.161464443521124,0.648959300480576,0.596117701008485,1.2048595003562,0.347372685628805,-0.776437905764727,0.458336524288722,-0.612752329957395
gene774,-0.404810435456641,0.476774616984535,-0.671951669034561,0.0282572325557039,-0.0646783263652624,-0.29945539364828,-0.196714883409899,0.621852699009309,1.20457399904255,0.0064614919531229,0.228230555300513,-0.739991346919197,-0.76800292550361,0.128904721661993,-0.432341123362518,-0.355181037358213,-0.620194195993526,0.781077577753359,-0.519981460402419,-0.346356465220872,1.69393441054199,-0.432072052504148,0.173981171969326,0.309089227392137,0.500912249881621,-0.119340789776601,-0.868347342618914,-1.03725423709019,0.108890603523932,-0.187456770150291,-1.19661927354344,0.273909532361921,0.162972737781269,1.62623309716504,-0.748508703037154,-0.228562930549999,-0.0325913489533578,0.572624105356108,0.230218504089521,-0.253240341237769,0.647318412715084,-0.918853060952862
gene775,0.125163178948276,0.0868762446038225,1.17802353096083,-0.411354418468263,0.231329674563336,-0.565967413704575,1.00853838966577,1.52004838510261,-1.20443032198443,2.31425800811814,1.02878447122732,0.025759778537919,1.82691203165727,-0.267459126792388,0.369312467700812,0.444309410788447,0.528102656164922,-0.699552088951976,0.27827897320525,0.532658487787946,0.637261840398306,1.0929839759475,-1.22336464032048,-1.0411279667931,-1.26253811195237,-0.854450291496362,1.7205465692936,0.109387093212844,0.258259803008902,0.168801559645919,0.111470006215142,-0.705342639887391,-0.801489282805026,-0.944506553837661,-0.178719655476516,0.214051414349193,0.574308784759893,0.0682237369916484,-0.865252367146267,-1.06432356603661,0.0918591445631065,0.217445273273849
gene776,-0.081133706695867,1.19593976751584,0.34200861320839,-0.14060311067838,0.403729835908357,0.401685424409765,0.573260075278608,-0.755573275380826,0.425108833588479,0.677631083624636,-0.276072790579598,0.723829725042449,0.561970643181841,-1.16290534224083,0.705196979483544,1.52729290705453,0.742531446293403,-0.589424420425914,0.0016243857018778,-0.0888611981675169,-0.277774707972608,-0.70719060823249,-0.731541124364417,0.113355143000719,0.445970831414327,-1.2883079993839,-1.19733269518174,-1.1116330648725,-0.103295460255781,-0.68398111699901,-0.791582562997165,1.00399373567915,0.55144059464231,-0.509911422837778,1.16278727576361,-0.194671489823407,1.07432877988304,-0.714249859510007,-1.14627557064561,0.701265824630169,-0.0001643077347745,0.692302119942104
gene777,0.421731355065288,-0.431002555195943,0.141149259845171,-0.0328214388475759,-0.905783707371919,-0.476948917579053,-0.530438004543884,0.658244634205629,-0.184968730537086,-0.0213718509903474,0.0450731100226665,-0.163167636474999,-0.60480989758628,0.885528902602216,0.623773510260126,-0.415664457797302,0.0631526476357995,-0.613610135867672,-0.652216064477424,-0.201969723933368,0.0939498374682429,1.03681961198349,1.98695414584502,0.0806056976571938,-0.690106417502231,-0.134650763971756,0.45655836871992,0.847418070637107,0.815286811574169,-0.169205137747797,-0.356027024247245,0.491713570325,0.466605617648641,0.384146061855163,-0.0361806226378447,-0.382310516757,-0.547471250195939,-0.597229638407545,-0.186374428614866,-0.43750333598123,0.278174356459765,-0.488024383049192
gene778,-0.103743984192467,-0.662634881115031,1.08231032908584,1.8429773022493,0.0280744344193776,-0.0870616079572807,-0.864402116272106,-0.16241216912536,0.211197124335233,-0.291969609907667,0.244122240166528,-0.044989355313866,-1.46543713914025,-0.269981242531462,-0.0971766923710137,-0.145680369832268,-0.611442198701327,0.698671568258972,-0.940685670240037,-0.458473062333161,0.786948952308042,-0.390047748300484,0.486041741084907,-0.251757739463099,-0.0021566760717516,-1.26182072243708,0.402259053184588,-0.524844532250075,-0.472758958904555,0.0354718490596528,0.431719920200615,-1.89260067679763,0.150351571293023,0.0938636702638679,0.534780600382716,-0.362886499428151,-0.441138862718116,-0.102145340371897,-0.0474461150578687,-0.543367975768428,-1.92171230845193,0.253919324413515
gene779,1.67391634979293,-0.301738298298992,-0.597398707971947,0.198026535665008,-0.662573727756718,-0.0456960228304494,0.165012244275457,0.795143913379442,0.574266645849532,1.6560817331411,-0.386455108337903,0.0041500898031305,0.381856434729618,-0.777410407803285,0.237229035408046,-0.843848001688577,0.527138598588425,-0.946045234710443,-0.606581699961696,-1.27806290263772,-0.422581500109788,-0.351068681129221,0.520632458142877,-0.0110809560066269,-0.150018696040353,0.700913147666006,-0.177419583538563,-1.22260435580584,0.58869216791221,-1.20755429649881,-0.409543234072218,0.166050384891586,1.24146928997602,-2.04243200196715,0.911181314025398,-0.115615046942417,0.259777551817108,-0.912007867368162,-0.445903554836556,0.149522150376919,0.455602189965158,0.542864056042818
gene780,-0.275119644199089,0.896542271580244,-0.862619290086176,0.499298185367875,0.261335834331535,0.118220301891111,-1.12094884572245,-0.173486158501004,-0.223965038516113,-0.588619790273147,-0.547042358206978,-0.772447896198159,-0.177815113529158,-0.814882786541814,-0.224532265448313,-1.18074018673324,-2.00834599151776,1.11506457736421,-1.44503621635347,-0.500596620697151,0.310173979797205,0.161686855685812,1.01875846482531,-0.311834458763431,1.39929186332949,0.81932011227185,-0.594558214900865,0.160560085421953,-0.953482757659205,0.120346138091042,-0.14267859554999,0.0161378743956422,0.219007521041334,1.2360741336394,-0.0753051462518217,-0.121218050166951,0.331682056439295,-0.940666689361773,-1.16560011030699,-0.315289973328292,1.34759274487301,-1.60929192544051
gene781,-0.976392260205861,2.08619995217537,-1.29232661871051,0.83488134176022,-0.0069153791380087,1.52677885086551,0.188114413855752,0.894459449691437,0.361795164573105,1.28079360975798,-0.0838955607181868,0.326660694550997,0.0622978827058136,-0.518422830018054,1.16188226907193,-1.03354598439116,0.313214240268775,0.150470141928233,0.712762336199055,0.0146999061735197,0.937695922000486,-0.827679998272007,0.965874956281153,-0.17652913473534,-0.366799361957482,-0.305136429247589,0.473590057367395,0.0162462645201636,-0.468453541669757,-0.953051905268107,-2.00088329082254,0.191846621687049,0.995593404255907,-1.86016257915582,-0.392541043281574,-0.488998977178283,-0.764065000763574,0.391825203769276,0.647109849693003,0.320223960228994,-0.148448287298972,0.854270758266785
gene782,-1.03222019928762,-0.758228733008957,-0.12020226174688,-1.03302556426955,-0.0981969825642932,-0.0484831745249153,0.904061169853677,1.14296929987843,0.351205604692775,0.592425325447581,0.839862946156251,-0.0953655577250838,-0.0318915552890522,-0.571053256386897,0.371425971464732,0.126058406633391,-0.363019342529747,1.07057948319431,0.690029293293231,1.62225003256834,-0.584091071680057,0.568180767362725,0.394300667873593,0.408566543965221,-0.583966352424002,0.665318499175516,1.0745587923233,-0.0484324867434754,0.574850439944042,0.28304593001771,0.214807880890592,0.404450300937721,0.900595985463106,-0.511564446343649,0.756636403178498,-0.139188878473559,-0.0922570535456895,0.116985344547598,-1.08379366564312,0.286241483408045,1.5839183722588,0.152515440334842
gene783,0.710141491967443,-0.144540287895015,-0.648071195482484,-0.0017694253654627,0.251973299571739,0.388711113730712,0.561506506231528,0.0272209452250536,-0.464377713855702,-3.08494670346192,-0.844727844453295,0.512953236011761,0.285706007579094,0.463661778352391,-0.453580285492263,0.798299027418831,-0.23083175225059,0.574667341009408,1.14358952515219,1.92636884592685,-1.31681340246437,-0.225678852354219,-0.476019428506921,-0.725985496546874,-1.66831909661558,-0.16846582903252,-0.493417133641244,0.543753992769783,0.438940558399905,0.310533227314414,0.295992163597847,-1.07247141545411,0.495144755840028,0.710666990240524,-0.809429822273544,1.16937382218491,0.299783827655863,-1.20189503959942,0.0573744761928174,0.960322583699453,-0.957507506797965,-0.586089030198574
gene784,1.17918668770455,-0.785431587398445,1.10460882598773,0.208023302739343,0.472346533004229,-1.89097841781284,0.861984593210197,-1.20409772688779,-0.596594546911165,-0.109931186934182,0.108661315982752,-0.387492381977424,-0.408476326586528,-0.936475295002419,-0.438401502504785,-0.341801230983268,-2.00819133614784,-0.0875332970389392,-1.01716181442507,1.21243785719581,-0.267945221896414,0.276734525829203,0.0350253454284251,-0.269820621788678,0.498912536120195,-0.38498827339849,-0.0217781428161019,-0.0407517900136483,0.670129685484729,-0.90755327632265,0.697225152539045,0.119947704345961,-0.122860875102726,-0.208989227335019,0.318182142647575,-1.16376950789619,-0.337867288210927,0.0244654795708573,-0.549135759768623,1.50478320817972,0.209113706001086,0.00113731281685
gene785,-0.287241105914266,0.383354505862463,-0.414149470751361,0.588741399224981,-0.51331768797951,-0.323347068828384,0.379868760259123,-0.171904871020678,0.807286475485636,-0.449163119357603,-0.734694163157605,0.535535038120379,0.885548016263224,0.608913760803983,-0.0475332918538345,0.337481200316555,-0.633382884276307,-0.658169118232692,0.296750849665601,-0.404886462279945,0.702167521329826,-1.34207362777438,-0.534137936687697,0.575719232095066,-0.155833918930179,0.0379332984507371,-0.687207680542046,0.837109235623076,-0.143705188566627,-0.036298775092839,0.164617601032003,0.384749693806166,-0.291591995526599,0.767316061401174,-1.09991144863285,-0.28950979435235,-0.185718378671997,-0.118628524669495,1.2209872908183,-0.321326943462656,0.834176627377375,-0.530102103331669
gene786,0.145550315938852,1.07467645536918,1.88918832296299,-0.320696261346547,-1.06166045718955,-0.231325188940855,-0.879348302852965,-0.152087793088343,-1.30993977025549,0.123482081096144,-0.403847748538436,0.983898342566974,0.213084799058925,2.28940868012682,0.402805334001572,-0.403576678719327,1.23720909148714,0.378735013443783,-0.254916484047918,-0.611806348106506,0.850730858738361,-0.429399923789611,-0.207000764755016,-0.0311972319652821,-1.82600248629901,-0.0232742671142152,2.10809165733783,0.181013563204416,0.123698124935735,-0.482783974426526,0.498277210256784,-0.226145951518274,1.24843230274851,0.282037782965081,0.205798564082953,-1.31620907170118,0.407425853908592,-0.501764789325841,0.430481903673761,-0.26908727851345,-0.534144876198955,0.513257341236109
gene787,0.521297742298806,-0.780385889907125,0.0289356248540672,0.708780329082082,0.0812809535247989,0.043105269849743,0.754106235032639,0.26609573738144,0.939998041239023,-0.555784204732448,-0.265349027854367,0.46001806061176,-0.618727534141498,-0.757708807133928,-0.103995356823719,0.0412002960423141,0.739181305241674,0.131418698507101,-0.863810694328078,-0.139685382062239,-1.10166341013316,-1.17311811892327,-0.356221126637006,-1.88410448919376,0.465675186778912,1.21391941434401,0.0340679978564968,0.71943197629817,0.461459501238239,-0.128133263819669,-0.886334005357806,0.274183771619185,-0.136308386023871,0.725676803815954,-2.27834838853315,-0.209570654469429,0.725407389411703,-2.03720244799471,1.24957465234642,0.769246986291658,-1.11701891194061,-1.44208293678339
gene788,0.945322617104826,0.102842859541316,-0.428541396637107,-0.802666823731079,0.238177371595558,0.385146790477181,0.702006594494705,-0.292662328447417,0.165192446791342,0.792628450794831,-0.397977110470628,0.351784331554366,-1.14108713138018,-0.588332899116077,0.861542502232267,-0.942772772368175,0.434560703457587,0.303975638668853,-0.674892976630752,-0.102888794311562,0.51147006432149,-0.39701160931615,0.253841651160765,0.0711180051370306,0.164779779822058,0.361926074894647,0.10898318169696,0.130833656610724,0.451334274632437,-0.31100517905023,0.64135715364731,-0.265447575424428,0.853292185489458,-0.514506828222176,-0.475304533248699,0.470052566099582,-0.0704016282630028,0.0247721357774494,-0.878241473234204,0.0525280777226118,0.0330046712122395,-0.463776325386028
gene789,0.284681891047157,0.652037511560011,-1.20929560059122,0.251007038780283,0.396150083159859,-0.0165333104588411,-0.635740549167446,-1.05423219338052,-0.263337112531155,0.962253731947866,0.814770460994708,0.0278645318142762,-0.518034826207835,0.740688074812998,0.557863984024152,-0.665982669286259,0.544720033355337,0.227584263372278,-1.13652657362892,1.35146856457392,-0.605531687738729,-0.183409944269692,2.23340278423745,-1.41941964960851,0.445017102518759,0.126115772227445,-0.560691583753938,-0.647738699236327,0.0546067735725337,-0.81052670669993,0.413604581667193,0.354196935718149,-1.36406763003108,2.14543452836294,-0.476449073696102,-0.800795272599022,0.434337063915949,0.889721142964594,-0.545442155091402,-1.38368532115135,0.802813155159148,-0.98842902841526
gene790,0.445466868490245,0.270465802608864,-1.68377888056834,0.122642659463571,0.160967709618925,-0.619523011184252,-0.220612886624202,0.184638315085691,-0.88798323702516,0.382880423984228,0.648040596434761,-0.0039019584281037,-0.0619228200405394,0.637697404331357,0.604414255468396,1.52307760820473,-0.854307915966727,-1.16870035826535,0.356380709224388,2.33671518371215,0.046952213512189,0.327414160389748,-0.170907034556859,0.183489822053004,-0.243330367782496,2.39766526632715,-0.352544951265307,-0.82153974184832,0.26527574594849,0.283745642219528,-0.192694524844484,0.619412442533291,0.0218585087783395,-2.02972660826532,-0.301979815392913,-0.676391713185591,-0.500279582690313,0.0043741951212911,-0.187203978280826,1.04220288705761,1.32919704668307,0.052909761603282
gene791,0.709677937624102,-0.0515453164245627,-0.0785872681331464,1.18711168357548,-0.0388411598908808,-1.01226966662344,0.485718454100234,1.04280367398504,-0.305406556306387,-1.79962862748645,0.380810118546413,0.0727770876046297,0.261334989464684,1.96077107422976,-0.617690768172663,-1.96355708177004,-0.588672274246692,-0.743444778434244,-0.168565996057092,-0.629158085418806,0.512953346202946,-0.0879181311692457,0.223364795250605,-0.340876338187103,0.959931431430845,1.02672772279584,-0.394123951064487,-0.288914715882397,1.51011465964306,-0.523035119359934,1.20244321602645,0.480516285212547,0.0599300208183715,0.500066272055983,0.323187490681403,0.0338481056845842,-0.364404264781466,-0.333272456429226,-1.47589126548947,-0.56151672516858,-0.101094899852255,0.423872778575787
gene792,0.442737085178292,-0.951670378002315,0.363781320746854,0.721498152635125,0.140266636218124,0.319758309681819,-0.476651400481861,0.592901645929913,1.19808629904333,0.297503150078643,0.501929671803605,0.0688618786207847,-0.0601336306483001,0.531414957322535,0.742735813479908,0.0477084569154949,-0.666286461508175,1.20581160138946,0.991529871157473,0.998639646778998,0.704432034657142,0.364091355012595,-0.404004685879572,-1.19930729822193,-0.197681960230906,-0.245617299518897,-0.763825322530665,0.931247582534596,0.467693723597097,0.702378755499346,0.0129093213517966,0.22918886016657,-1.07853821276898,0.097001814573575,0.961404746066129,-0.118217979287427,0.278599701168003,-0.245639629001645,0.260195420012063,-0.52285285108634,0.403134091704114,0.253072104934303
gene793,-1.71047776430871,0.448670241509011,1.89385295400422,1.23278069693484,-0.376617307348673,-0.460223983456068,0.219829654309882,-1.29584468977894,-0.839833916592381,0.781164895362335,1.24504511745706,0.0673977796035322,-0.470633274372024,-0.255687274599695,0.10015931739765,-1.33016652935015,0.0565227196711956,-0.474626301989346,0.161405024675797,-0.525598097128787,-0.0713018482326406,0.152966940678844,0.658411623299189,-0.548194494075905,-0.965408504413707,-0.472516743782437,0.100042496391317,0.579956266327351,0.66128709146363,-0.0957340277275741,-0.290359038422485,-1.54681780992831,0.837515532226474,0.539711928559788,-0.807901685682273,0.590059953612291,0.618273886531726,-1.00486265850359,-0.689661722590392,-0.486970415163238,-0.960360623929228,0.25297680656107
gene794,1.45867085665319,-0.161267495340175,-0.0038707904106876,1.48338217148684,0.497626927968344,-0.291335289188584,-0.871935316222894,-0.552238284688718,0.111741363173978,1.48221917336444,-0.589060071091023,-1.3747393282797,0.261930106922367,0.208997956710824,-0.586045627434356,0.216506639709277,0.0335984887854222,0.541075624769455,-0.355368597034314,0.0382247540125841,-0.188990230570785,-0.792368275948955,0.374306280019926,-0.282941639560911,1.01912986774812,0.241792947315659,-0.598132514444905,0.836930086698474,-2.3529494807097,0.0291982147195599,0.580647078171683,0.525361757647756,-0.765518688400047,0.227190498343895,-0.0198391384998491,-2.00096279177939,0.442993135832292,0.38188361519088,0.663153078955878,-0.180461822269642,-0.951783887267814,1.63659244896462
gene795,0.599843801870249,0.570700575855247,0.888940651265514,-0.211054248692317,2.10217733676174,-0.550070458916328,0.31065238189668,-1.20126482051225,-0.798463533152731,0.477400616447175,-0.592458340224583,-0.569458983408264,0.298790935326032,0.504119082380467,0.250057460967572,-0.383811928689232,0.998440586792155,-0.329333603156798,1.21797914469333,1.41187141080448,-1.35409985576399,-1.91278018543479,1.02345783005225,0.580020548006176,0.657473729988186,0.456170745089997,0.169255857367149,-0.342750289058313,0.720145061508314,0.692643172918817,0.156851141801972,0.0218832551659913,-0.323139941722628,-0.523538850207887,-0.596067241287916,-0.311531738335322,0.391582100563656,-0.0015603941931004,-1.27905869096691,-0.250517207607682,1.74064527453221,0.459825292117206
gene796,-1.16497318899924,0.501594478108578,0.244673622357686,-0.267741176553168,-0.230679756772093,-0.916245298809691,-0.043650858754926,1.52386750357678,-0.778271890908321,0.602139725557506,-0.294934697685622,0.804231149776922,-0.693309789531704,1.29415930252644,-0.864487742240175,0.312860455927055,-0.173528595440197,0.196534308808063,0.501376720662471,-1.18204832345275,0.698626110101108,-0.217187564579773,0.377955648994469,-0.652692029104373,0.818435481879662,0.0810051612616,0.278675435030788,-0.745313956507823,0.142135486754505,-0.904665113198627,0.747077083631982,-0.729819624762953,-0.570502504284906,-1.64320659218473,-0.303496305535139,1.24051427443149,0.0651441632896494,0.420145082144178,0.12352497007303,-0.390261453608394,-0.125149613254413,0.660490608033389
gene797,0.89190330736884,0.901368682625706,-0.717040425587111,-0.0231426117904221,0.387613621291059,0.0781512011003835,1.41095467052346,1.11778898538649,1.53116016392079,-1.33948715662014,-0.328323701196737,0.86480093240211,-0.278182758504583,-0.409393359013267,0.470962401652104,0.824767684882769,-0.602036506345727,0.69192839295503,-0.193781376116605,0.738563029135756,-0.554920441745316,-1.4129538848222,0.378544861566233,0.77013187958941,-0.530890315365423,-0.529736562454947,-0.797515942302,0.117335070357633,1.05094251068624,-1.4269837985859,-0.117359879267896,-0.221657766314669,0.772450406456782,0.636576377909898,0.924668625373399,-0.890607283386934,1.39917684399694,0.55734673700922,0.645170725876657,-0.338421335492742,-0.408013031500378,0.418782135965969
gene798,0.133746350802893,-0.420397901984891,0.27311528216734,-0.217604370732745,-0.382298995802385,-0.726919379256242,-0.0473056077001639,-0.144351293067209,-0.207559347315659,0.754394831813319,0.597906563470336,0.956840742703784,2.0622232363243,1.16039226411922,-0.906985078110376,0.947887771674105,-1.6272804155967,-0.472571035687239,0.802713223789367,0.0930335045983669,0.0461320785497586,1.55279254752344,-0.385200959489089,-0.105524191807479,-0.431192215455493,-0.56818229841326,0.240201534720493,-0.35450694300302,-0.291024429167415,-0.857566505712753,0.161873579118511,0.677005202392998,-0.569421674146772,-0.138353561594971,-0.0625999817958874,0.370540854810697,-0.576801432753149,0.759989553176475,-0.275445528839538,0.257647666659429,-1.33346476824576,0.190911836936989
gene799,0.826088180138099,-0.408174485998181,-1.12288336820891,1.69121919529955,-0.743714938630389,-0.576820409160671,-0.0866670788302494,0.808610843492449,-0.0527440820707639,0.45663864743532,-0.389438710535559,0.352534637466885,0.96494819565258,-1.28061659516463,-0.309594932620318,-0.172353724147038,-0.308232417575668,0.821513329030429,-0.256440727905082,-0.383231864442381,-0.593179123299066,1.47598988029198,-0.601828560012115,-0.720485509870081,1.20031102465186,-0.14039020794065,0.458541705072762,-0.0126191801271942,0.44339890456827,0.32350298495518,0.712888998980308,-0.463368459274785,-0.891252237519235,0.0292503458545918,-0.543142441234718,-0.036771117581883,0.574892825282643,0.13572677363405,1.14987735682866,-0.472562196367989,0.0890266312807426,-0.638892065677535
gene800,-0.535560641277803,-0.3069198098887,1.10390969983997,-0.588765845704978,0.92607582401794,-1.32444469919631,-0.18621369975628,-1.0336158193989,-0.184990688232426,0.752136477079562,-1.08727504214412,-0.660950635550074,-0.280200204286031,-0.275721690207725,-1.41624134787271,1.05551512069854,-0.290837648983499,-0.134606074061036,-0.834426345504482,-0.387423978623217,0.907011070696746,-1.43779190684212,-0.381074507221429,-1.22436204938597,-0.572377664299583,-0.0860852538281207,0.219617956943608,0.295921265129749,0.244157519181256,0.34173201961825,-0.677194165693755,-0.515902127055211,-0.693396185036938,0.0237305915777653,-0.696802557067911,-0.0655431014428155,-0.536220147472661,-0.851863849745555,-0.146417795914951,-0.131392612383974,-0.736845586123344,-0.325667263737274
gene801,0.312177106974289,0.845894523007918,0.190689523222487,-0.32065098426492,-0.250801727668696,0.168688241338788,-0.589738031082818,1.16291772672822,0.256206459968188,-0.0756484314562254,-0.446855378421356,-0.428443001059554,-1.2928619634696,0.960938648997001,1.4849379046509,0.120229044960758,0.280703454550361,-0.873605939301327,1.44289216688557,-0.241188162546645,-0.35286492209949,-0.170054722318576,0.239309393366541,1.01259656544583,0.851809533500849,-0.0874281735188864,0.246775281380341,0.526054653916263,-0.116384608375011,0.0196292748513043,-0.0698674474430087,-0.495193054981633,0.619991671514418,0.184830486057545,-0.468234829412725,1.70368493240663,-0.376698513157912,-0.75456589588993,0.1312332655394,0.970301593986139,-0.681722607838568,-0.0023768120310175
gene802,0.410226992356823,-1.26818422897548,-0.838487282769262,0.684894828599935,-0.650357116189256,-0.484698265104023,0.679691112575589,0.326565621548255,-0.449456067863006,0.597144466059313,-0.301762295486386,0.206879471181708,0.853536839897075,-1.04944530142678,1.18764981831205,0.573504878038873,0.172947904837552,-0.644250605518961,-1.01506039677491,0.0660676230919885,0.371015266467873,0.283916648157096,-0.503552019736942,0.762488403930073,0.0053869069008373,-0.265544890760806,-0.335094089088402,-0.90035478971441,0.33107393901708,-0.422282090764909,-0.539943988393186,0.569158041592227,-0.233410683473938,1.24841264831875,-0.237954081365762,0.82489260352849,0.462882050294117,-0.807112575201308,-0.850566653861503,1.5177654580466,0.39173271186735,-1.3498751541642
gene803,-0.217986120877853,0.566083151933331,-0.183561026707976,-0.187414060324048,1.29800164972193,0.507544190220535,-1.45556114694022,-0.461702193415846,0.584421215690589,0.775613289813338,0.297675067877245,0.250760951439349,-0.216453784116923,0.346740216097313,-0.196026352471446,-2.20424776180308,0.320488141595805,0.333555772367845,-0.976077367089659,0.0747398216356958,-0.494980573240887,-0.712954363212502,0.142632023545765,-0.524439039450101,-0.301204746455466,-1.42232439076003,0.257883273121528,0.468368324397764,0.425955727892641,1.69118706520482,0.83034195701804,1.34884175124192,0.0410024385489935,-0.0979209137894505,-0.672371089637786,0.284725110960707,-0.0013085685339382,-0.687419478845516,0.109456309038758,1.49629276801148,0.0878856340986066,-0.155939980367565
gene804,-0.879701682544003,-0.268032605836871,-1.74754457000572,0.429138275109243,-0.218930663379043,-0.347599979587712,-0.456122614019376,-0.458015863056719,-0.503716430014012,-0.902770055153748,-0.995322703555041,-0.206425780629493,-0.512244964266056,-0.176335596025975,1.14852996871413,-0.521334297266701,-0.659004242178876,-0.335343134126964,-0.558333916523692,-0.020346862140108,1.45147881768258,-0.470509707120354,0.314739622979762,-0.359391597611686,0.201526416086982,-1.56907070395656,-0.547532660705828,0.381059970432524,0.0087498980251082,-0.31124135144011,-0.736295495271604,0.0255182638485075,-0.0930496801431717,1.6428058789956,0.266457315830723,0.204295169498238,-0.525045192009516,-0.126357759842125,-1.04561478253726,0.24906528710284,0.627641256569984,-0.860443977516648
gene805,-0.483511726251315,0.592171489375949,0.433723425817107,-0.131459453642748,0.344160077716817,-0.811642066304309,-0.800834575261459,-0.537260565442335,0.86335774712607,-0.656863570864082,-0.926765232423222,0.0090493787200127,-0.213792549299005,-0.608663038891883,0.316695893726377,-0.38025671439677,0.994867109709363,0.58756076228788,-0.390156363638404,0.595615983054386,0.674708130442771,-0.439239823208865,0.477703764547623,0.901684736603112,0.106330418732487,1.40224750084255,-0.598371704441039,-0.595322830353479,-0.323989427701526,0.338261506148412,-0.563783334338604,-0.187305496707763,-0.54422420489667,-1.80413544906501,-0.386882168063825,-0.106132611008175,-1.14737066699483,0.692516088112557,0.789616374797767,-1.19277787954749,0.731248297925975,-0.553791171131191
gene806,0.108128500755033,0.956567797068773,-0.186092763541781,-0.0843812400419454,1.20667350744832,0.237770768249674,0.332056057590062,0.312158485062463,-0.606812658378279,0.719468213020707,0.536998879979379,0.149335990614394,-0.637923436302267,0.283866313185184,-0.731337104553021,-0.0814146823508982,-0.340251072512942,-0.92363610593643,-0.391677394849182,-0.983398948045208,-0.279840815880806,0.282437250707211,0.545166122597306,-0.601398178713266,-0.0045815737950874,-0.852402250691196,-0.878007607642697,-0.129504095078312,0.479637488803892,0.0236118085297026,0.122408659608709,0.122555173370997,1.23854026185073,-0.591948169449802,0.240270144756524,-0.128143143310857,1.6870703728176,0.274940017938072,-0.74943347466225,-1.47140289363733,0.310495886151982,-0.38095904744745
gene807,-0.263019103178521,-0.379705394966005,0.983476652868084,1.03666638962627,0.11105197650043,-0.970467429485157,0.570044337728633,-0.760801009238543,-0.363566097605439,-0.783587006142238,0.155126169545793,0.308668915200575,0.797080039155849,0.422508388323223,0.110330603059577,-0.0639104668769794,0.295049413001476,0.250612416632367,-0.482786561114637,0.315839614542355,-1.09834712184591,0.0964293122676733,0.31651568262832,-0.488600289497707,0.04123500724621,0.161433364288837,0.353441322218311,0.336308633925911,0.803004489780757,0.0728119394196295,-0.107304502962977,1.6194925366232,0.753163954546856,0.664755118931919,-0.266117158196408,-1.16605299465151,0.368226916229409,-0.48588138259546,0.856009241111073,-1.12978149259677,0.347453313277362,0.255749586493068
gene808,1.12436747103126,-0.630858235187634,-0.165817420520361,-0.4213496174841,-0.173590922342311,-0.078056620583067,-0.94603025827011,-0.386861436908694,-0.358794817842775,0.570234889534142,1.02586786887086,-0.560545239395589,-0.0981292281253044,-0.876099769199874,-0.386223686987164,0.580065667412927,-0.145878057100448,-0.829014354891864,-0.0014047901252924,-0.358164751657595,-0.127970839204841,0.900845514136795,0.242017961641265,0.894724300550585,-0.270734867085467,0.673047655369989,0.331774795572797,0.572268524182555,-0.504095408506385,-0.250037706350128,0.43078204413602,-0.619845004822135,-1.07590641918084,-0.310330593505918,0.312345089174389,-0.101273136266745,-0.424683674025625,0.677370926213183,-1.08152651024612,0.49335853874537,-1.54517647629728,0.52058666084252
gene809,0.0238131253694943,-0.340505557471167,-1.24988631581687,-1.90046282955935,0.903973731919932,-0.0738451637357108,0.250880438401873,0.0828384133932605,-0.311688975072485,-0.109965113591619,-0.203726785475208,-0.294049931545977,0.457910307008406,-0.338103089991304,-0.928459897680254,0.033222682693692,1.03821237295752,-0.215190782468455,0.0373923623895187,-0.171435321200692,-0.675793427823319,1.12865555286017,-0.0837898586901392,-0.260547140487137,-1.19278961781229,1.02137905009219,-0.288387714728918,-0.0272082252002876,0.0105395404215477,0.38968101577348,1.41519046187955,0.143313799310876,-0.516577742863783,0.58634166987865,-0.0341111379275024,0.0118384581948568,0.0284254568910924,-0.689863374000303,-0.568186732774775,-0.371510603801672,0.601136286583175,0.417937500554248
gene810,0.130851024830496,-0.198239930031926,-0.967430405385128,0.542004550232665,0.347484315322448,-0.6074529520981,-0.0374735110569681,0.798517230569663,-1.09812716995066,0.683244105844925,-0.106638162265902,-0.153273452860318,0.106826985912012,0.121279266204157,0.402183049284916,-0.348220007302655,0.232672437001515,-0.579023304585656,1.00878472276778,-0.572462758825521,-0.194922356639518,0.97921010667269,0.54352867399844,0.588160399622615,1.35407501274215,-1.12981352785009,-1.08933843433912,-0.648499875299394,-1.22464417077689,0.406195126225146,-1.32681021591178,-1.68997988420991,-0.712170952142804,1.37777585519858,0.101533560291355,-0.0961417465695447,0.351632460027291,-0.3159420823457,-0.0063508655845729,0.439127254538727,-0.477176445010869,0.587152680629938
gene811,0.186163498759551,-1.53865295176892,-0.343675618203249,0.0751546181187632,-0.186493334250041,-1.13890465711582,0.311995130113006,-0.741050078245354,0.453668366608154,0.466791426184487,0.509160541421621,0.0345313196414157,0.551567477749633,-0.947678152239611,0.882356618933644,1.13515512732208,-0.482047031957182,-0.444253675082783,1.14655058828581,-0.457400261785308,-1.36092454494384,-0.337395521625856,0.533831778339831,-0.754154396090304,-0.575865511554276,-0.543837320751563,-0.423546585729729,-1.30283989136264,-0.958647621855031,-0.818175098593783,0.254178139649147,-1.15243874943554,-0.219098369240385,0.277059077221679,0.70013691700056,-2.25132509393314,1.02363823448632,-0.537800716693574,-0.0052721858606645,-0.697560610609852,1.87969243958239,0.881438073999782
gene812,0.423261030776276,0.463871450926941,-0.110810589227088,-0.151127115595043,0.190098611483564,0.408227519581162,-0.92983681042283,-0.545420011069667,0.535827086515498,0.834061317735499,-0.413534157727289,-1.12712083793493,-0.0322325432169864,0.660657399889976,-0.947493952413252,-0.210504967849413,0.822713205293606,0.364453762550135,0.20194286495104,1.14346002275096,-0.0744194002820604,-0.429340208971337,-0.711962809214233,-0.141950225551397,-0.712403583176388,-0.536818117670695,-0.338177991513217,0.0141149078905033,1.05261201342306,-0.108093561183521,0.0135813400824705,-0.381773883573565,0.625602232140738,-0.715087471923135,-0.749641492071029,-0.587123553196102,0.107316378655759,-1.37128264808771,-1.40496568347318,0.430721543469636,-0.410506965629659,-0.442557741654594
gene813,0.702459095885459,0.340877228711355,0.89082427212485,1.03416310038529,1.01807997359643,0.483016868246026,-0.538655493638993,0.623960737164356,-0.231357378638148,-0.324729483780423,-0.531039903359461,0.127284790359495,0.221541648996191,0.199187539226041,-0.0436459817998084,-1.07238931022466,1.21197126351296,-1.00097136436966,-0.406133312848137,0.176425195602463,-2.08764559876736,0.869091239747759,-0.135616643682996,-0.561233233825729,-1.64962390492877,-1.07114630032625,-0.845688582573089,-0.55074334687254,-0.0386326899488709,-1.00939584604175,-0.245014738448572,0.354344604479938,-0.353230561987269,0.969895072505911,-0.155745514017459,-0.9064674784573,-0.435482587292529,-0.986102324089603,0.776072288588802,0.504094385361348,0.141451272629005,0.575304075641739
gene814,0.864118569012046,0.62273545357189,-0.434067917798416,0.173065049768298,-1.3394306713416,-0.236947484071745,-0.0821683661517613,0.0730471089868322,-0.594868022386281,-0.895784322158308,0.886640706905774,-0.24167310033884,0.751139216226665,0.153717284435708,-0.30576296839165,-1.58296868288662,0.427618460139825,1.65524017185135,0.864885900097543,-0.764191003856665,-0.498107134942856,-0.205210949681825,-1.48634111313595,0.045650110076262,-0.843984756388536,-0.299273247920767,1.48484654945279,-0.473143026622251,1.41839331109667,0.0780444874624225,0.137699922362477,1.47808323964345,-0.626334865117958,0.647058852904665,0.0091701117550705,0.71905191131212,1.12482924451915,-0.297781338233625,-1.01321171839615,0.403674589441562,-0.607394907843238,0.704587648826875
gene815,0.929187178619747,0.145014627800398,-1.2960970736864,0.741782918390325,-0.416747969001221,0.523936759800057,-0.599938497954403,-0.586210411382747,1.21804891740153,-0.076633279294226,0.631021667374536,-0.341842832314921,-0.102520354767289,-0.659355671604013,-0.0887208288736714,-0.0872761048893998,1.58890304906437,0.611075724125399,-0.897315423357224,0.476795249983025,0.166641753889258,-0.0773774889169618,0.184244885079347,0.49992600641645,-0.0317382894660125,-0.597207281554248,-0.626687560878093,1.90096048230607,0.183915468221304,-0.129909143686228,-0.0010631120732332,1.19555688644036,0.559059176943495,-0.0160350170480024,0.493915891524287,-1.13379499440998,-0.676067628390481,0.557193658304467,0.440420916670871,-0.849176077959406,0.455904574611103,0.579051626120109
gene816,-0.0313712366099301,1.0896488811823,-0.225177981779624,1.35677661417717,-0.0926266983395756,-0.42612282535329,-0.881318375739685,0.109571474177772,-0.0476813097927462,0.145273503789663,-0.860218761670241,-0.0804213181277815,-1.19221765370449,0.690832999001709,0.496740090089654,-0.766383997002802,0.178103216882202,-0.841776529843097,0.655308622869592,0.813978248987839,0.377742932505982,-0.692364337894782,1.63455153884551,-1.32718981384553,-0.976663675201012,-0.659259411539669,-1.38368587855098,-0.271999546087207,-1.04112693728821,0.378705038886854,-0.522033800176734,0.446888572053304,-0.383635400646706,-1.17323262120755,0.105878675498165,0.105239139615662,-0.0356166825625872,0.806476081338703,0.101005848355707,2.10589701386221,0.50088762618333,-0.990738624619278
gene817,-0.215281771233243,0.682865470092437,-0.651852530262969,0.129054912783513,0.835823968422122,-0.408044055481387,-0.335600267800916,0.281974296364892,1.29936809967471,0.449088349122244,0.63861270843426,0.356821758196796,1.30866838971446,-0.677783994303913,0.65089789522636,-1.24253066559454,0.435973869618295,-0.769887981464376,-1.28439289656971,-0.134284865611689,0.0499255891939325,-0.658105498278189,-0.0199394450852986,0.834819722570309,0.32582659915104,-0.535345407401104,-0.325426148027117,-1.57905384718813,-0.993635243455392,0.421138403128432,-0.823308226927841,0.203970886627899,1.05793676200155,-1.12546621979341,-0.312770937544461,0.319132028152694,-0.337484657498273,0.943029940420478,-0.197215104951422,-0.954991876019429,-0.576961324735271,0.242865144946281
gene818,-0.774022531459236,0.113722690172761,-0.991031892084947,-0.372291330903198,-0.251771320671494,-3.01378221051727,0.218664801895404,-0.876926955053651,-0.442831735901318,0.392606565546547,1.85755417652603,-0.916697909291993,0.750580652008103,1.16300755624135,-0.339045472171929,0.0938936364928801,-0.132452288337597,0.899358347598436,0.444318466841743,1.92707786677914,-0.553705609205813,1.77710857695668,-0.565395080469355,0.247938243085107,0.212848050355981,-0.645456769810222,-0.618300138573921,-0.465041899695978,-1.00402213505586,-0.0668056037681024,0.278559541275687,-0.0871011169879117,0.15395895411421,0.741360675696122,-0.065816949939867,-0.147180081760724,-0.0108960775087736,0.118870565926434,2.67274945322394,-1.58462079590973,-1.30102561514301,1.09992780986732
gene819,0.667888031852815,1.01121482046209,0.0611713962364945,-0.652623163489409,-0.876258165219786,0.273134700879147,-1.08488747802719,-0.952731443468888,-0.0324470346318924,-0.944204360592306,0.37200209009807,-0.0388862901106997,2.3802578239033,-0.61812233273015,1.3740226899566,-0.15166353353869,-0.102385690868337,0.739378629607169,0.229070991815649,0.0713290477481311,-0.248806788415463,-0.7078861662671,0.750483695154599,0.730153392522085,0.0577740102375585,0.249122846842237,-1.12999370058352,-0.327456356646971,-0.0626698446849718,-0.0897658013857485,0.216784039082449,-0.631651944279752,1.11780013227158,0.24999961861748,0.103414310652778,0.390003755042759,-0.096829533254544,0.679135332260123,-0.124359916274536,-0.481075002267033,-0.0206987707219138,-0.396129891251408
gene820,1.46853852619601,-0.665685209721278,-0.122231613040061,1.52469423872973,0.0632804485541023,0.586769748644849,-0.258676248687284,0.584008429006911,0.271004184302968,-0.245685735213456,0.567553044437622,1.71935743740313,0.109286123640762,-0.277303479923845,0.845183660254701,0.0143916321065585,0.260108395261598,-0.434830974724207,-0.40502995593987,-0.754574654507537,0.428559218595907,0.0272145230040689,-0.806288109238617,0.0721591256783157,0.937485584998735,-0.231865408378489,0.625097823475395,-0.0006781572794887,0.90859251671869,0.614632683205538,0.167314284461378,0.904337138944181,0.130168762881905,-1.00825364321858,1.64098188796235,0.854475685575844,-0.426664653113175,-0.173552188348077,0.0685521251750063,0.215505659827661,0.228261810203478,-1.00726266439707
gene821,-0.538348556798545,-0.565694161323043,0.254239828396206,0.569826773906836,0.694926652504407,-0.595080529163372,0.150531217772164,0.484683283024495,0.572651063476821,-2.07590326059408,1.6130523349526,0.654533124961752,0.0540256281279054,1.16477230609182,-1.2030044821229,-0.0695867663780818,-0.478512217887975,0.332441186755902,-0.681541941247119,-0.228827689263122,-2.02215559476854,0.438032543944216,1.03783392693109,0.191009796207114,0.497302095091414,-0.555590606144788,-1.18768646472246,-0.493410281490423,0.296071644212691,0.57154419248435,-0.569887200081422,0.496784863082944,2.03945142602109,0.487008003164944,0.346855695432615,-0.0823252176874297,1.5780090426037,0.0479098955544502,-0.453608283682742,0.608062629411436,-0.185267183209709,-0.821028595396005
gene822,-0.857461439534495,-0.327695907402979,-0.479279671135977,0.151040033334399,-0.0766293948650859,0.496131808743866,-0.555584929318509,0.0064464271874437,0.574038272477565,0.26487734586246,0.663413823366558,0.294585074247588,-1.97793856454289,0.328015255425335,-0.142492243065758,-0.385648875472689,0.404183274137275,0.417211026345329,0.0200950227994428,0.224874034571822,-0.227323806388167,-0.731848041442805,-0.728425140755985,-1.08994324997014,-0.0471421034792655,-0.562507989710819,-0.538749470629939,0.0515002439631917,1.11133616280504,-0.0301601083033344,0.514897647692392,0.155641773910123,-1.14530867014606,0.150216689933939,-0.36183267430825,0.432783616514984,-0.120683253213784,-0.187661353005244,1.29650697248516,-0.325460819578918,-0.0016845214671569,1.474020285109
gene823,-0.28813348730717,0.352117930277741,0.248928464633783,-0.639185407058748,-0.342080238249684,0.85754748868803,0.819869498139377,0.980362017954553,-1.14921880711871,0.175393254636306,-0.930851929123963,-0.427339864307488,-0.389927108599209,-0.545930983382479,-0.230410069838973,1.33647801538754,-1.30910292275011,-0.837143466326685,-0.102913855577317,-0.0910962408883054,0.445975748779385,-0.54623951528361,0.368832658523723,0.71678611606426,0.0033723134706969,1.33957984820297,1.15780445362739,0.730415825838845,-0.758904127254561,0.0838793526246662,-1.26079521166663,-0.080273237241976,-0.301000688401526,0.475539189339822,-0.852904205743793,0.41244129401429,1.25453310132234,0.538051028800023,-0.508831002277424,0.148554781326792,0.430860111013817,-0.862860706083878
gene824,-0.510098548135527,0.663775502378618,-0.811623863991958,-0.564079855107342,0.0353600198344928,0.916020059800693,0.529115043652115,0.568924509598909,0.493177216699124,0.1363444996453,0.228830018469839,-0.471263720098123,0.481079119414403,0.425772584109889,-0.437761098674669,2.06436927192297,-0.550090832643952,-0.541715049425248,-0.161219640319613,-0.701155726570101,1.20684229977161,-0.385726384050314,0.45361938292406,0.891852797915358,-1.12379978708485,-0.450066446512296,0.888986829176034,-0.0528302157598688,-0.651284795796799,-0.543436575972125,0.125935336803177,-0.825356171376162,0.262718894082222,-0.208561637144901,0.142899958277796,-0.927319735948832,0.068660666280231,-1.02953556634203,-0.122209178319738,0.673892811545534,-1.33044726874956,-0.953425719397896
gene825,0.0710960280484334,0.790004247595612,0.485865179232532,0.6574464706176,-0.450727015851555,-0.738947046523011,-0.0508519992304133,0.962500911773577,0.255487688882309,0.429670556429223,0.775983189282867,-0.181784926534914,0.804584148993491,-0.881089461599767,-1.1178757707772,0.112502431037377,-0.282588545890529,-1.25588715892006,0.084614270606311,-1.44610857136093,-0.264016294125105,-0.173841529982747,-0.643766187122636,-0.496808366868699,0.32217320341941,-0.0894540126535978,-0.20237764096524,0.0679224370181517,-0.662985954674207,1.51424432180433,-0.322275306725741,0.717817692660783,0.360043695294517,0.131458318693771,0.588541648697303,1.0260385689756,0.233155910004459,-1.57599471546047,0.659360225296872,0.604699392024449,-0.696346628686656,0.480193702974441
gene826,-1.45117709704183,0.291425023310143,-0.280492044381999,0.0801675762492585,-0.424193480944116,1.26402622464119,0.201264670329411,1.35568391455862,0.134817877513235,1.72283690984153,0.246304702314806,-0.196891995708813,0.627793584677685,0.495375517338044,-0.113433701136369,0.119487109920747,-0.481471133626217,-0.863748246414471,-0.979153822598359,0.573461769092853,-1.28083555612073,-0.494033554475111,0.223542254118689,0.120804587804361,-0.101201803554496,0.0196051418098308,-0.0313707810031836,0.142137278081226,0.779620872798445,0.0296570572076926,-1.44850599364287,-0.596129059781976,-0.0060770833030773,0.992149297622554,0.013286322659334,0.253008158353096,-0.176829006871226,-1.22780888470089,-0.470997762075909,-0.13626487802379,0.961635910060054,0.924907365669017
gene827,-0.635576746919118,0.729013424104361,-0.0513407767582598,0.101798586827674,-2.57389897889188,0.246038229366538,0.04813308659778,-0.285125929802778,1.23976701952573,0.593585864845256,0.0259542730153684,0.505777930507553,1.03107693134126,-0.681865461343471,0.243862700744581,-0.0459411783563197,-0.911159569500889,-0.846244190573356,-0.58222764913003,-0.410078434792376,-1.639301484452,-0.29716236314466,0.132638654515177,0.53334392531402,0.0810628091208007,-0.20085124915183,1.30944746497588,-0.098079461471967,-0.334953890879745,0.52918841186919,0.272043129194468,0.0187290164752272,-0.0473361956706716,1.40578454836291,0.345838616193141,0.0823125473118788,-0.597310023537664,0.0904528558694623,-0.110616677935734,-0.25916114487385,-0.736167004449296,-0.530157619041392
gene828,-0.003076320311796,-0.0040992161307856,-0.242698789119069,0.142656833546751,0.295275618664215,-0.22328192380651,-0.162347555590519,1.0908101608234,0.493734239579854,0.738305634544689,-0.879185457986242,-0.718884644197488,-1.6545360743754,0.347086400340082,0.0296024002634794,0.0996637086015476,0.0831421344814528,0.127717383835513,0.597229340781154,0.696431443022278,0.954459741259041,0.662618448094864,-0.113978848115722,0.303700443638203,0.553038544616416,-0.135212202764008,0.564708724668025,0.431547540816305,-0.858851124585233,-0.0588550468611779,-0.273815922819742,0.0689610366237495,-0.150431548766196,0.777076679449923,-0.643727962089524,0.185726543894421,0.177871662527672,0.492841807603386,-1.09106780007949,-0.0520969657406837,-1.10743222869447,0.242376965040164
gene829,-0.702544010506242,-0.0802932537308382,0.940788999327796,-0.125118165604432,-0.310041652703881,1.51583209383202,0.477413943166252,0.42874493161492,-0.863222950290955,-1.21777703894843,0.696471827081624,-0.849641462590451,-0.900015765661513,-0.459356078964171,-0.3739817304452,-0.61198472424561,-0.506963248472847,-0.648318958537666,0.352994427280098,-0.366452054712237,0.786917738804455,0.617935608903325,0.487311166144541,-0.999757667521707,0.794878034201472,-0.0237323558533498,-0.362553184343206,0.175255993766842,-1.12675602088374,0.538063082485284,-0.306724807288415,-0.725919204666132,0.22352370458118,0.289618872437511,0.103599802261545,0.432445632598032,-1.06907349005992,-0.9190734900563,-0.0235040566464549,1.14161838536591,0.243611968161402,-1.80764410217216
gene830,-0.0803303399616346,1.72465746886045,-0.109898581404708,1.10503835611679,0.0475408902132155,0.504523002149098,0.877969828173004,0.432590913226513,-0.0462514778064369,-1.20989605192713,-0.321963080820532,-1.86989743743072,0.714323546037657,-0.11219071819477,0.618273502723354,-0.554601900388564,-0.0367884927227346,0.862301167290555,0.748860169559588,0.180036434525081,2.11809832229191,-0.73266119326501,-0.180838662111524,0.299786887957049,0.181930638139084,0.278847397962675,0.161517268572353,-0.544205311921,1.11186101103803,0.415042897927469,1.13975708639815,-0.468915907218783,0.562823541802532,0.367646031370625,-0.642792310363805,-0.253557157716146,0.0746359348102501,-0.389778612369196,0.702518864571599,-1.4396877444587,0.6317156605087,1.02598769797214
gene831,-0.754174747173025,-0.492204397679305,0.677300357789247,1.38313982816231,-0.996130573006859,0.980709287423133,-0.660421654959754,-0.840151798502165,-1.28906878976528,-0.750339507492383,0.170518915489543,0.11220239912715,0.961809515079076,-0.867511750997316,0.702194464702646,0.938918531721302,-1.13729674868327,0.795681406067216,-1.33224866624237,0.219453300927507,-0.371029604653025,1.07244434021551,0.0255959878973993,-1.87723494575158,-0.398073812037076,1.59942639272594,0.397949500706772,-0.314095713665958,1.3223451539424,1.38456022536371,0.0119965669746127,0.791070813626807,0.517486768214656,-0.0860952443110354,-0.379392039941567,0.0897724144729217,-0.951347693793158,0.434705118569911,-1.05329052453189,0.445104431384383,0.863507647802997,-0.116531766474672
gene832,1.08346616294248,-1.18485228405664,1.50849856826463,-0.265962017783716,-0.867878709489827,-0.565054874762899,-1.11565098116366,0.287198498313317,0.21110866809021,-0.399519014077819,-0.145663480734106,-0.487592235909307,1.40481571654807,-0.134232543994981,-1.10023252506903,-0.251828161248037,0.221418801968019,0.508914076320577,1.17033389043891,-0.988520480223975,-0.996507253409059,-0.22580085880789,0.0741496250740868,0.955770096955298,-0.50950656698354,0.369152979034734,-0.548450930439192,0.155144140423971,0.240632886209626,0.948797024379594,-0.382246605683471,0.197184148670448,1.57029131502447,0.978017890229529,0.0297778990170639,-0.631846755191617,-0.416448391843838,0.593213519197928,0.0106950672211734,-1.59887722054948,0.336697733100007,1.01505549507149
gene833,0.0189864533262364,-0.483354019270907,2.79194393406644,-0.453128132486809,0.111127371961455,-0.0751991918785117,-0.214530748116833,0.863488442676952,0.764140851162222,-0.346420687902341,-0.525128674294009,0.31567045486711,-0.939807960746597,-0.197574459703206,-0.230181458128408,0.686217765555835,-1.65224682518071,-0.698559327796892,-0.648211675564078,0.600836065239705,-0.216394407119755,1.12782766392189,1.32284116089727,0.337328057828154,0.952085477015705,-1.36692407145832,-0.503393854795066,0.139623573051294,0.624254706017707,0.657905143945616,0.68000075071088,0.572758632263434,-2.10981635561808,-0.764556389790957,2.35697512056466,-1.16122608283314,0.467601620638727,0.716399299979107,0.166071672318389,-0.505468661430091,-0.0320225408208539,2.02480459071855
gene834,0.218399882895808,-1.38842226313171,0.442376879683492,0.913946848310058,1.02092240566061,0.485178256861594,0.321871578438503,1.14817309488996,0.0196737724553033,-0.22905593433151,0.352257539674089,0.581480131973369,0.280167352974586,-0.178953153915568,-1.20482053769714,-0.26901328297572,-1.05981543039867,1.1481356926323,-0.201324435812319,0.470915095289886,-0.944510602357324,-1.03803960670819,0.21117356118075,0.239437255551297,-0.577798701998826,0.553108293875395,-0.126934580150407,0.773459855295939,-1.08340430790853,1.58785631938546,0.684396969733052,0.260744808695077,-2.86629284568172,0.598901334768821,-0.126109119635724,-0.407502990631446,-0.44375913717966,0.066122935526261,1.79241460248334,0.148173434877688,0.0114819275826294,-1.18906317146825
gene835,-0.237888438200336,-0.60979089298355,0.375603892443681,-0.857312975342359,0.977493604634449,0.479594301443268,-0.203071960205861,0.0672821285744671,-0.368591595333442,0.190416805427137,-1.16218568804868,0.162004841324358,1.50268854703127,0.225628781406161,0.23910848847181,-0.990690345867861,0.643021295494836,-0.140359178215868,0.0566048702480492,-0.0610997672934261,0.356918550576142,0.367205022819347,0.142658562247276,0.818672607626829,0.394849026994233,-0.660466588831112,0.992641832293808,-0.0315706786465333,0.573970386585648,-0.0246120174296016,-0.760938594692627,0.390362588321106,0.664515083271155,-0.54589091102569,-0.0702164565096622,-0.277102142519269,-0.618667786041105,-0.498696725891029,-0.0115409317285003,-0.0437261190756177,0.538442124807058,0.298266467724867
gene836,0.0002446950267228,-0.712238831718241,-0.0180555545902758,0.103120004415536,0.174230769713193,-2.06554485432766,-0.911407810448534,-0.524777197817593,-0.210870271179204,1.16809202285487,0.233842773575787,-1.17705484538951,1.12431867724949,0.0869377777031942,-1.72998865134481,-2.15479908605,-0.389164235020246,1.96889391538742,0.920164403301333,0.469517963995669,0.27142357083932,-0.372071094760542,0.536897465520517,0.177213005792323,0.643535411991272,1.19269528207299,-0.359338964401844,0.591019935255774,-0.715951754471612,-0.137741553250015,-0.456855481756321,-0.73953060842917,0.232096281539297,0.625554177899287,-0.495568223909752,-0.55484856527762,-1.39949916096922,-0.335588555524809,0.0705948730277672,1.02088062700388,-0.559110239832191,-0.223496549094571
gene837,0.0116467406525479,-0.695987479327757,-0.873667912434626,0.876104016524539,0.243214628109267,-1.08159448245538,-0.992600231318683,-0.196957058894571,1.14528945401379,-0.605526268515611,0.0175749779777377,1.09721227232574,-0.0365886476563532,0.140474141971674,-0.197786495666043,-1.3156229060618,-0.660387525386791,-0.0927105712878196,0.0911214626693374,-1.362040569207,0.588506476915039,1.21198948537448,1.85200571491165,-0.0957417769668126,-0.836067442480016,0.203856418138905,0.285618131116867,-0.733737469223842,0.0122120689355931,1.84455578315762,-0.871148485135555,0.0494376911942798,-2.60197237967626,-1.7046352221665,0.641162928301953,0.566831047496118,-0.405464412094088,-0.09001255777819,-0.512629986411052,0.102101376834844,-0.786570692906499,-0.568997954218432
gene838,0.989989804198587,-1.11447039240426,-0.309279468020355,0.369756552110166,0.640038009886331,-0.0328420241432916,-0.0687635780714428,-0.921806462745446,-0.0238861395128424,1.34826028513311,-0.270998261361337,-1.09055236697322,0.326222894218151,0.444155887679812,0.473832813502073,-0.17204773806131,1.25731241566143,0.435683218267019,-0.450056172270977,-0.641492427223953,-0.522688007312819,0.906021684587783,-0.461945777613992,0.220606396743233,-0.186510114524395,-0.867713668334851,0.336997924491773,0.0702726794040184,0.643144417397947,-1.43615005963148,1.46218414356684,1.5413066542181,0.256900275206063,-0.301318461581767,-0.408055285654452,-0.259208467053617,-0.0244746873056135,0.581266476873518,-0.0027857920961591,0.588811737546217,-0.321465422444988,-1.00967942679487
gene839,0.575886719245051,0.0155660322506768,-0.802513688194038,-0.92738140284506,2.23874633266856,0.724825520021274,0.602265412001191,-0.587258522420404,0.473684719075339,0.510906279350874,0.0462395071694215,-0.986431223902143,0.794891643306501,-1.31653066884528,0.763229120983966,-0.96091605623198,-0.874286066421953,-0.613790983931578,0.347835307835516,-0.451443194571905,1.18532781072124,0.520555087652845,0.382419021160052,-0.0206281860775418,-1.59229282321793,0.581390121125325,-0.141033715675665,-1.01991428531509,0.310180368975112,0.418629879171858,-1.00868956229943,-0.122918410599079,-0.7948529911307,0.689739642102931,-0.879304663964976,-0.0743065397671406,1.1321590497841,1.08259406289601,-0.374996429690614,-0.0370144535320173,0.0102104122927244,0.0301351743255132
gene840,-0.66274064684391,0.42349843285388,-0.406381952657311,0.589715291826007,-0.502646211041938,-0.183600017492363,-0.927509034903932,0.644629372082428,0.355336534034603,0.983181571493786,0.845051131390621,0.417413570648607,0.527171091980587,-0.527230247988373,-0.266086008357563,0.746057326335045,0.229416844671015,-1.04054320635457,-0.913310178526147,-0.276114195424889,0.776670080607429,-0.731745195170826,0.408630329384293,0.553451465683265,-0.286265165707083,-0.252499143502868,0.483998450878367,1.02474281935755,-0.364770935940885,1.36226711634821,-0.398848653280805,-1.89403073749022,-1.87984791044221,-0.0571341420539057,-1.10916233894857,-0.218438126241576,-0.586540741675957,-0.841279245358914,0.539979081507977,0.723958854091182,-0.647298605404038,-0.0675792163938452
gene841,-1.05819584813523,0.906183867616564,-1.07034980157869,0.311354189165795,-0.0663726017724291,1.27921192416428,0.204138344427524,0.722656306097534,0.866916694198242,-0.372561305097034,0.785026476722107,0.588895615628437,0.0097404823790749,0.300303658177356,0.527890356315016,-0.263388665263122,-0.0891002885692414,-0.612313945464383,-0.984402519750967,-0.814935800814928,-0.234138688715145,0.296667595859564,-0.406329547142467,1.36729112781778,-0.248158337926685,-1.38622448061491,1.44633699697869,1.44469770415036,-0.845874658154684,1.47453566190284,-0.425159927469174,0.926713004195686,0.421291751155626,-0.21696836101233,-0.451502214161367,0.505373456513381,-0.474013878843301,0.0698259588379159,-0.301037030919087,0.568459867692087,1.22067037570052,-0.0155090841828541
gene842,1.08772767509521,-0.263207964703175,-0.0251677734674449,0.255939687664593,0.24090757110185,0.399623909455198,-0.681648576343955,-0.277249652159808,0.0214104021426778,0.194043791082082,-0.140037567811035,0.307109356872598,-0.462672581454507,0.462370503261155,-1.5392937954571,-0.663844456735474,1.49018159655724,-0.0096534024896676,0.762574209637398,-0.173288759281984,-0.270649777668484,0.158507621569011,0.180341964369099,-0.280223120534773,0.478637555762352,-0.565116361785581,0.147845406300165,0.106726903952047,0.745762299748056,-0.93313440723962,-0.913596217506865,-0.490072660825376,0.0997564579514123,0.451112656648928,0.544363532826715,-0.446485419877408,-0.402543071096105,-0.0554082003641272,0.876553889984931,0.0686045526915541,0.0162925898931144,-0.216736545167596
gene843,-0.099000026061268,0.89539531138382,-0.305724802931002,0.613030837180182,-2.31397857313485,-0.137996306175725,1.6220423326806,0.421714876690206,-0.0771171236573221,-0.380026162910635,0.775219381324506,0.525982162565948,0.880874861351976,0.397957108118666,-0.223233485550671,-0.092266060428585,-1.29588373696481,-2.3801422560592,0.849292491211527,-1.36724754377398,-0.848190321394756,0.344445627593322,0.842775831559938,-0.280695980624508,0.210613305229413,-1.29659949000595,0.746630419331166,-0.271514601942493,0.248226938111123,0.281140232583342,-0.342510884922646,-0.551694710644387,0.483271881301991,-0.624057798296675,0.650057473412278,-0.287147860019543,1.63115379308919,-1.02483680965118,-0.552492372178221,0.318718261580813,-0.557027147770722,0.193597689103101
gene844,0.673744640318719,-0.704296707004267,-0.424301162099577,0.946305382656666,0.385963793458288,-1.29138496719477,-0.145318389244911,-0.204375402197555,1.36574954055539,0.773990783319827,0.634907097928759,0.920408574966037,0.267664531126125,0.904460883392312,0.35517584433783,-0.192409432341435,-0.402845698518855,1.11786760300625,-0.760454698090041,0.945035213009424,0.0205470963901867,-0.450967219284827,-0.144561882915718,0.253455859120343,1.36399233750614,0.35305100626799,-1.41474148019267,-0.269030246683108,-0.600233067836617,-1.07789597689957,0.608126558192421,0.424973587847572,-0.18759684552812,0.624932864243575,0.0901158286550029,-0.824599553684956,-0.113204947688834,0.597726911845907,-0.0443686405603583,0.114264976567784,-1.78258547102983,-1.76778500561682
gene845,-0.33307266620482,0.163094846085852,-0.356146935762053,-0.16925688000518,0.485628763104205,-0.513158757232905,0.180703194724412,0.119551896365035,1.30115742984358,0.451819395555622,-0.477778935960946,0.488417153417777,-1.18507491766311,-0.3622622727012,1.73140017314364,0.162828254215289,-1.17658543937544,0.227844361654706,0.583936253958917,0.154714823859122,0.557786222339863,1.25234309670926,-0.447898120893336,0.357904133868467,-0.7080442802895,0.53400901084962,-0.0527715924005377,-0.393320849901775,0.0970617736123317,-0.175106405251007,0.500631150770584,-0.634212671613377,0.243480774428982,-0.0702522564244416,-1.38920474246608,0.691423789682683,-1.19167181620287,-0.0980295245999468,0.687960189668409,0.448967132130634,0.0188402049933319,0.573766929429984
gene846,0.487504043118423,0.147402892723933,0.561116271229007,1.24437669895733,-0.939841324835407,1.19196184509996,-1.73927645758876,-0.163084638324809,-1.59898902057474,-0.374602993264769,1.42030542272235,-0.0662090581670894,-0.172046942723882,-0.242373623319019,0.542527773355006,-0.0702704873287805,-0.832955039077636,-0.754275128697866,0.836811106935788,0.0021505466766982,-0.470508663235192,0.12560336002446,-0.881769616230665,0.524156427935727,0.148913562040709,0.791847289425096,0.771160558607879,0.915005346820707,-0.6639443920891,-0.839644371237558,0.76644368373531,-0.691439888626527,0.269472927931297,-0.50851098372464,0.805799725499613,1.60944403959293,-1.19751841386881,0.809000921265172,0.411720030785197,0.400423743080151,-0.200209753789945,-0.713634660893542
gene847,0.407711911835689,0.955117751507197,-0.610661878425328,0.458943230222338,0.611163148785454,-1.17874349911159,-0.256503054479592,0.274451825269331,-0.733021364654157,-0.16014741098653,1.53504935493823,-0.498660326542762,0.0137824042444867,0.351731528216969,1.08663955194428,-0.399908735658747,0.737172350290239,-0.604250738317152,-0.716530319976579,-0.822129345405691,-0.647556529156581,-0.029351949480182,-0.0812521078029905,-1.46789866988177,1.29111254045028,0.448042293703243,-0.21530249412627,-0.760516316658813,0.572681745824982,0.24401137891658,0.269470533324167,2.06795150690217,0.364916456052743,-1.17412528168991,-0.531645099832521,-0.515948523992181,0.696289243626227,-3.23968803094055,0.14331257145182,-0.503852636297157,0.447185321377927,0.260548041868158
gene848,0.346199486147236,0.474958864376155,-0.296764506544008,-1.05364793747871,-0.581365472931658,0.94096670598086,-0.732583229589468,-0.078422146478868,-0.898531135860651,-1.29980257753447,-0.0557534391336574,1.48092983899701,-0.94651896143578,0.812725855645556,-0.106645011626668,0.660011351208572,1.31435499395429,-2.18712749814885,1.02862039560542,0.274505386534689,-0.442901558767861,-0.704949874840535,0.610999831739803,0.166786870740587,-0.699945002045899,0.145993485454498,0.321048210794553,-1.13928113441038,-0.186487532988672,0.990982067625829,-0.378957923889418,-1.91053206968093,0.371990092159154,-0.0182248573748607,-0.457205203507669,0.327979076648533,0.41850042841328,-0.601393466397571,-0.0753502888580397,-0.673552438616735,0.507390483168041,0.197250766733685
gene849,0.609822063283043,-0.274582703044257,-1.56250997366907,0.444076396219556,-0.396763381014865,-0.628519197749404,1.79587900383464,1.17331487553335,-0.284107228867031,0.654283278262492,-0.955527924856303,0.0418113676098802,0.248923781250859,-0.645987095796314,-0.13001632664258,-0.0519048414657396,-0.386380459222705,-1.5734564820654,-0.666050091289002,-0.253807797814812,0.297039789650121,0.562763621594129,0.167878233694996,0.621019427928788,-0.854577676729313,-0.649122096514624,-1.53662724499841,-0.332465537599445,-0.476496691417462,0.100276284677684,-0.495180666730474,-1.71236171546453,0.629267880345454,0.149612882743589,2.2334523579183,-0.818048945084484,-0.428464958341702,1.10619337114343,-0.654518726394027,0.520200914404613,0.0623384908098086,0.0359656400995563
gene850,0.361617792343299,-0.788737050858712,0.0181669118053127,-1.02051687651764,1.21733691161399,-0.800334268130096,0.872938112419847,-0.0054027051017752,-0.285264403256742,-1.00052125272269,1.1965059535279,1.2280493616604,0.900939101750417,0.766707532706134,-0.332673268402397,0.818265795047725,-0.0993509409474407,-0.271939930353758,0.265793662455767,0.0223355699650572,-0.0095349506970992,0.868587731747857,0.540490086226995,-0.566095593134167,0.5903250580689,0.974164634281063,-0.248827708037722,-1.65173466149493,1.30152684644526,0.248299921970454,-0.308416418391398,0.994161361948194,-0.160336991053565,0.816953172430737,-0.949401733749689,-0.229975559621561,0.536886689975139,0.0226728378745632,0.358880138790013,0.637702277790491,-0.715992405387868,-0.095877421847871
gene851,0.385196058819962,1.24300610546771,1.63084842766507,0.529771829318387,1.6315955194675,0.282048744690613,1.46104231884924,-0.237729348851987,0.601647863494811,-0.420218036646591,0.463072007816248,-0.0923971406287417,-0.122612061320784,0.0160943159149304,-0.930036907056793,-0.555273699291128,0.948979298572766,-1.24187239896418,2.64634506887633,0.184363258803568,0.588328148449296,-0.367718416174025,0.121031573725753,0.260474346485638,1.73682159908261,0.367929131974315,-0.775571610635333,0.374123999509838,0.361746105917445,-0.424716222136934,-1.08715456244277,-1.15406541009041,0.326972359186634,0.206485385122949,0.0359951689957467,-0.549968487962995,0.442523635001076,-1.20876952625102,0.459501027236806,-0.669967981181819,-0.128770565414226,-1.42116307498991
gene852,0.300626786106155,-1.01004893413226,0.188187373540857,-0.241339959844641,-0.435145652376769,-0.0811769294714503,-0.20868108288363,0.657022244452105,0.0717001061846369,0.0822045949749167,-1.91045654361687,0.0871628000138894,-0.53664120140533,0.116600409530062,-1.53047887846477,-0.38169778546667,1.07333289638323,1.58798885344439,-0.225250313540979,-0.303921742187832,-0.937370479339165,1.89372773846599,-0.184908262024485,0.265841885560166,0.1759405654506,-0.0497826078595673,-1.15692117755494,-0.291597865625294,1.18469065281177,-0.37983853272746,0.0721950137954723,0.916957920735605,-0.627736106348146,-0.548360774601044,0.0552263140667991,-0.338502613850482,0.905368641370553,0.410204683023726,0.721899001157153,0.0200247119515545,1.07787951670857,0.0705056306387968
gene853,-0.207702721100282,-1.16189335008897,0.133431984906067,0.367061182830188,0.36029987879923,0.525998074934699,-1.29925005356688,0.108729342398119,-0.394566960001011,-0.0776088127153339,-1.48800266673219,-0.0263587080911294,1.08387308709746,0.0912413797042747,0.143036185455005,1.07823578873531,0.259595367589944,1.46990539994068,-0.663981554040946,-0.11843512564916,2.23751949756227,0.38414420782514,-0.882678143704233,-0.412417589769537,0.495451749734158,0.347685947334387,-0.710838671388459,-0.261812574387906,2.42143194256978,0.412667989672291,0.735956961622651,0.167265566968093,0.676387337854539,0.0265717441119843,1.28162047217058,0.229792108478958,-0.173223857578958,0.241754224269913,0.800814080060431,-0.52778439983881,0.375670673729652,-1.6769842928307
gene854,0.730132940978295,-0.223655265661406,-0.0803258536662092,-0.64404639103969,0.126832378134469,-0.0724834940106962,0.270421974209438,0.423235909302249,0.480516165891979,0.875484101513016,-0.151259643274109,0.626201722730629,0.726687841322206,1.11924127666929,-0.361670261901663,-1.45905952654494,-0.631749577773593,-0.286267482655193,-1.30553185682371,-0.128948874670708,-0.541547456090355,0.445021225224569,1.35941601984998,-0.194846623829835,-0.135152835133034,-0.375437707838716,0.423646917434247,-0.411603780197711,0.41126694403919,-1.12540361006382,-0.0696008969966537,-0.112977196341668,0.346905433491833,-0.203202549609372,-0.0822171099587659,1.57285609303038,2.05931300628798,-1.64304118403494,0.247209143761748,0.0338196922620916,-0.568578265700558,0.132566201329606
gene855,-0.255433716025607,0.447333515135801,1.13830058442849,0.219235311656385,0.319898722058015,1.13682895910761,-1.25340854843944,0.714314151282065,-0.288359181764924,0.209834967778159,0.253632080142035,-0.618303062989278,-0.568428999605503,1.38134731250856,0.125993729344851,-0.0518705099687498,2.01113876302095,0.14066033003156,-1.65861676980695,-0.359071749894011,0.358524238607715,-0.720992505763969,1.49290346920178,-0.290974241743677,1.34627687857743,-0.465466180954589,-1.23459228762007,-0.0461399723392927,-0.845152354636088,0.159562870373184,-0.312398219001377,0.700972274673465,-0.306654571051991,-0.666181676769206,1.60225801440026,0.127416144309492,-0.173767721616427,-0.522900060792613,0.058253499180973,1.05740637452379,0.150976288564296,0.723452518926058
gene856,0.69455583816495,-0.39984848497102,-2.03325624575143,-0.0760245864716876,1.2965189788398,0.0840919620271009,0.28812754787602,0.440772968135788,-0.781470169728959,1.92445575511415,0.379571071135819,-0.204564193284909,-0.407492204682932,0.728277647421348,1.15692570157373,-0.676080198104194,-0.468487015221658,0.870657989182648,0.0496005012364554,0.908669615326759,0.361285227075986,0.650676678806587,1.02063636683395,0.36690246878613,-0.12268507120156,0.304815578615616,-0.126789524192147,0.578562363682406,-0.107147630527619,0.718104644942907,-0.590893885524878,-0.0521367364652281,-0.0939751398363004,1.47211761076701,0.189722615651756,0.0499611870975177,-0.88112110033624,-0.239621109827346,0.492507621036855,0.208413891078368,-1.17462972074127,-1.59761433220937
gene857,-0.610955354545401,0.147899593376481,0.0726697603942439,-1.10906443065198,0.0141527150971084,-0.0997711088135646,0.0674593505504797,-0.517181349296693,-0.300427976351229,0.32863873744352,0.149136347898752,0.123444296371521,1.51594995969567,-0.375155752109618,0.523845999855943,0.430542498721105,0.873110632418745,-0.0182813554156151,1.21975006476374,0.892430644317601,0.671213810603654,-0.862967581978573,1.12525752363364,-0.859120513108037,0.284705355599641,0.443110376675421,-0.258679196956396,-0.930861605242221,1.14455224445178,1.0330628579666,-0.25186262820957,-0.563576819641944,-0.287449403795467,-0.546798177024954,-0.164255812501203,-0.498151844507,-1.35085125098481,0.187482283352162,0.453339602254332,-0.344890527233583,-0.16862694512789,0.480751373478944
gene858,0.741596527538204,-0.0443233218148727,-0.344201912139541,-0.0941535844192695,0.0508966625919732,0.479980995228485,-0.71543460112572,0.454745114784409,-0.484644413224647,0.369250295785866,-1.06555040550567,0.47637663974833,-1.40819712803954,-0.406482279372742,-0.133542336622051,0.906399531392552,-0.271544790960669,-0.217944715011014,0.11900545146384,0.445634322645837,0.385125694624829,-1.2377247683852,-0.502050881449052,1.26227052737254,1.10692780188713,-0.54274401194789,-1.20728010922398,-0.137089419156509,0.928224552714094,-1.28228405353965,-1.29120090661084,-0.975035588626214,0.606062447863641,-0.429269824507185,0.673993472049695,1.05049475606747,-0.906125169669137,0.264928082566687,0.287397867876536,0.601515832728366,-0.808253426054865,-0.308710795292172
gene859,1.15923070801305,-0.118119267093558,0.144741083896697,0.217749427136281,-0.453044923396343,-0.426420369533875,-0.757215078342668,-0.29161573421718,-1.08594147964639,0.0644024597557127,0.513253395913735,1.12239475608955,-0.968117495931559,-0.270829435437924,-0.212200534078213,-0.744412472072242,0.647197733777021,0.767470500592443,1.44536840974311,0.522309187426074,-1.26105243067585,-0.622745907702499,-0.148784371219544,-0.573367498633253,-0.715728731270187,-0.881453196935624,0.562053824096759,0.115869463255719,0.259880107095207,-0.146554482291841,0.461543275666135,-0.896195221273539,0.161483167532457,-0.136390524220399,-0.842627182724867,0.612236535455871,0.117398903825831,1.16934325127736,-0.420375626958246,0.486176822891238,0.897318246236089,-0.726217460107799
gene860,0.173950572702973,-1.07236218935168,-0.0428697449942626,-0.25117205944682,-0.383284767728561,0.668654303820768,-0.30743938948043,-0.597396788992349,-0.507247284764579,-0.0126925251280538,-0.570750020276591,-0.768074506543848,-0.526169701197649,-1.39325281904355,0.424520250383662,3.30808180274063,-0.665237777345531,0.120042049497032,-0.56148738049123,0.158015170228239,0.54479855571117,-0.311590286449091,0.182910020262907,0.159911194213432,1.07451706791491,0.811085236896884,1.04306537208709,-0.427844088715235,1.43979722549266,-0.709119016108956,0.0012839384946946,0.956457674069062,0.69881886476533,-0.387694573467045,0.0495884514646095,-0.263819794014876,0.290018928641222,-0.298721481377112,-0.74571335943519,0.120383553239976,-0.0133350335588287,-0.428205935707977
gene861,-0.0434084903873087,0.398076702846862,0.366654634376599,-0.208517108669753,0.0992373378245275,-1.46755484186031,-0.606135249489429,-0.859709339857716,-1.21357970905543,1.05979579672919,0.596868250084544,-0.440720749986433,0.68896752607556,-0.63494624346363,-0.170971751039743,-1.43651307314175,-2.00998019779798,-0.510916144392854,0.516434827775273,0.178455332064343,1.01666203307862,-0.612767627300147,-0.945236064000996,0.22429961016209,-0.583465549706261,0.199674011261845,-0.193968254643444,-0.325688567256292,0.0665127007525057,0.315020026203852,0.368307631034259,-0.358353455857976,0.729021550767051,1.22733970478595,-0.568016656297377,-0.0578814002180434,-0.072102735411775,0.991385699227435,-0.115290598231663,-0.148101811195937,0.161856467452215,-0.114936507479206
gene862,0.755847645903183,-1.00350472846236,-0.0573712993976976,1.07015022630518,0.0893758853301839,0.756286079944644,0.434407096977254,-0.18990472800454,-0.489321024415972,-0.698005007080497,0.0125327428234544,0.841889445118625,1.23383389326223,-0.240781775029205,0.245395630732745,0.6557159036069,0.792632406238122,0.177334914062419,-0.210655515284963,1.41740333535061,-0.476965804384441,-1.18744056170678,0.817861650775622,0.621801208225643,0.249349915580576,-1.19353756410459,2.08795660289719,-0.90499716446347,-0.0027666244292687,-0.252749955422573,-1.17823705000357,0.34859159457218,-0.363737427203129,-0.0161294659731455,0.449524490033817,0.893545193561194,0.0108122279744014,-0.823338879009958,0.747438823266921,-0.19691360886941,-0.611935537707284,-1.42706293419221
gene863,0.011646704337426,-0.499743631795059,-0.699355087917822,0.0666896055824129,1.12991787812486,-0.370695019083638,-0.481383879126097,1.24257079676506,-0.206418908553073,-1.04615374668847,0.0009006525771566,0.781026599669737,0.437537512692477,-0.561831781183071,0.541613557548238,0.529009720731321,0.371918512394886,1.03184423256751,0.618020926015353,0.460349873635071,-0.553749205933132,-0.24564803098397,-0.409159901387631,-2.33265459682337,0.0506392775661383,-0.575686886078595,0.626724968554715,-0.184518440994284,0.464590956916074,0.388329639092898,-0.285265855264062,0.561480208931955,-2.94190517248249,2.57611050440415,-0.536859931562309,-0.146319481906011,-0.419402601591651,-0.753351557670081,-0.474297517309342,0.669855373094696,-1.1589010623756,-0.0974394702729882
gene864,0.385018154516034,0.295772109257991,0.192755024327562,-1.16419406643722,1.63813639111613,-0.544317896789075,0.133349999904044,0.0312780047251568,-0.0580821890844693,-0.704590936051384,0.249010989403246,0.325267478977875,-0.458687513201036,1.01966637577498,0.0099556620288953,-1.08670098006125,-0.016422343973757,0.244048783113376,-0.114233559573531,-1.37428658473594,-0.804404305904949,-0.551229676133289,-1.87220906001163,0.680710884403803,-0.262140804827857,1.46799830083689,-1.98225956461774,-0.388262924144805,0.551463675630533,1.28348854041252,1.06479669341891,-0.506418611953659,0.409813533880028,0.654786398655327,-1.99792890188502,0.167434157180848,-0.104670144594087,-1.4735905176839,-0.600268078276834,0.688150340562715,0.585846144627781,-0.65964998782233
gene865,0.723956530204844,0.0802424607109294,0.213603941675789,-1.12375152304954,1.20133340682025,-0.0363411128033313,-0.311628474328585,0.691224782421504,0.440063195449349,-0.0403642559772133,0.0444198656391905,-0.766219058089346,0.476165957628509,-0.268663551949763,-0.397348643225718,0.632363340306766,0.438065981588935,0.695800517703709,-0.661882312324365,0.406984770741675,-0.254319827549982,-0.897639856059757,0.459456933437641,0.247923842484963,-0.753539264921651,0.211256378190917,-0.0897958356528844,0.528690168721923,1.37948102422607,0.607111394229874,-0.486856961480104,-1.18200793657104,0.271191874631426,-0.502191744827974,-0.3735448457278,0.885079778299587,0.278939956538374,-0.329597601247095,0.668414024638186,0.251975453075543,-0.405150011873337,0.334573982588422
gene866,1.53930201581782,0.635141322306262,0.140262153228182,-0.782918062359638,-0.634387097336603,-0.57176646665986,0.266049709950505,-0.530024580826146,-0.0181229387515402,0.798511384006231,0.331440673952371,0.615465403539235,-0.414526960000254,1.9271006357217,1.24607482521006,-0.463828023274025,0.244879472003278,-0.488210001527875,-0.677761820741835,-0.424479890818207,-0.124881426827506,-0.0801633689403028,0.139492225408072,-0.83630851701884,0.328751804301604,1.21764475660041,0.469810917635429,0.317752858132167,0.116190642078846,0.522644666158714,0.455712268509293,0.171154718143186,0.353683937440282,0.872277149512781,0.172083708350996,-0.470721165452963,0.602048968208516,-0.356102266575576,-0.122355933472556,-0.681383036807864,-0.107470260558187,-0.54314295530314
gene867,-0.26801402392709,0.0790019607164829,-0.209917718909893,-1.43029247820506,-0.359520053387519,-0.127495284209392,1.72804329648552,0.210484861955127,0.0660357222219668,0.932537885680047,-0.0255797833490276,-0.20577625129634,-1.74723154373132,1.06114139306945,0.277301501682792,-0.276363360933442,-0.925331124655033,-0.318308599319421,2.0541294962632,-0.020840138666964,-1.29958041787151,-0.356222516022541,0.27209736259241,0.304880426356887,-0.0487656910489152,1.75026649238926,-0.6358168819535,-0.176657669684688,0.239741371453346,-0.632046706277891,0.353431048397605,0.823052141573459,-0.343372554653345,0.116060199102974,0.0895773503294381,-0.646430625265068,-0.336687604827112,0.79278354447374,-0.0468487958476667,-0.103910186292781,1.15193760009012,1.03795402755581
gene868,0.463925291188604,0.052568707785176,-0.57530832197237,-0.507494333659022,0.156044582905631,-0.746386124247959,-0.448410142825773,0.623549267668265,1.49130716944625,0.567874724953146,-0.170505212269588,-0.197973486378263,0.238555516148227,0.189640425520237,-0.563438380283175,-0.90778002970705,-0.801104005173735,0.266679522012311,0.0275888620343848,0.712352083947864,0.219663318043162,-0.705288993232976,0.805785922938568,0.220694597134955,-1.16922018198578,0.942212649074836,-0.286129359944373,0.20625216751881,-0.372658132076557,-0.333377593158929,1.24874218634525,-0.95095279291604,-0.141727938737633,1.25745971089963,0.352755890942054,0.0766018642509507,0.46758917877838,1.2621653896443,-1.43048476791593,0.504253761186301,0.352222285351435,0.577373651502497
gene869,0.104993255631182,0.256518495582787,0.966962957953879,0.539518183952813,-0.264675600655158,0.0443925132310122,1.17552566891717,-1.35598066587758,1.28361195358255,0.914330762590059,-0.312281621245744,-0.811470282072268,-0.181874361784835,0.124759862629115,0.55743961609131,0.0226287733886511,-0.540803986880878,-0.15315595514543,-1.97460936626015,1.47074495835029,0.0177624087408484,1.09265389619214,-1.07264747621798,0.221186275780449,0.155230847643566,-0.105556181461691,0.706761763687014,-1.51025618953129,-0.127063471679777,0.587107525685535,-0.898266944256833,-0.662765370554548,-0.848157693013199,-0.91991856898951,-0.508548734338893,-0.550655227666016,-1.01365467091251,-0.0007393130517415,-0.571350888179156,0.296448363609593,0.875808694110413,-0.0904445994056772
gene870,1.62642220583341,-0.496716728354361,1.14031279781462,1.92504387990003,0.56028854300061,0.628464608749659,1.25253282044538,-0.333501498618899,-1.0386727478,-0.814797188634122,-0.221980063070636,0.178690364038256,-0.868632415399079,0.488805254190497,0.883565059129282,0.141725210396582,1.2785785600149,0.092056248975819,-0.308655414482467,-0.550328140110453,0.288446110515167,0.387526396234867,-0.0057345645088984,0.364835748320679,-1.50855303567415,-0.746745182268875,0.100746907373069,-0.636528207599438,-0.0969625097573923,0.877864705221902,1.31405328866379,0.288803440220738,0.726564397782225,0.139273603096461,0.662597825739234,0.0763389262916424,-1.89684739693185,0.853774669938278,-0.106295421451036,-0.216173392012728,-0.56326239099144,-0.987152856037511
gene871,0.0482984613412243,0.623617572515782,-0.544919622001409,0.89238178998046,0.329886286682512,0.223500246903843,-1.16046425576849,0.688657501891557,-0.284731029905508,1.57024493451484,-0.494063929933915,0.419950314924469,-1.08395437434706,-0.71504726412882,-0.143233633586273,-0.140647615716703,-0.425397874263394,-0.645890702314101,-0.271863857413437,-1.09520483068602,1.22421469806725,-0.213679909404885,0.238363689794646,0.600642740733402,-0.108209803901492,-0.247797196409321,-0.414652098837555,-0.494182665550744,-1.11160869320673,0.0164705986661715,-0.433983205819222,0.791107764368248,0.575839441978302,0.112184393766137,0.465994384113955,-0.636028852641692,-0.077761062977004,-0.561927648589267,0.660820589984512,-0.430407820613404,-0.124442420081441,-0.658557135943565
gene872,0.557273872859653,0.394172454824289,0.423531147779207,0.805586020988775,-0.0524899769739769,-0.158752984650504,-0.177148870735683,1.25023801903772,1.73355096752476,-0.478623142196225,0.509457090410413,-0.771426571374375,0.25774513992972,0.178379431057272,-0.571429251344253,1.13155371471432,-0.991701164611555,-0.0269712813855754,0.57950814370585,-1.15595146546264,-0.382781131441377,-0.0814367655868064,-0.507138164866429,1.18023048409652,0.024889018681139,0.0680745900387074,-0.207963405243535,-0.265969653700849,0.820655838017003,0.502697748506619,-0.100831368497036,-0.218006991258402,-0.498481731288657,-0.453136717174099,-0.52051723592421,1.05832916178367,0.164033196498115,0.102742585010883,-0.579110042395094,0.239853931541404,1.29277349195214,-0.4701634976045
gene873,-0.362272124368475,-0.895848136736897,1.26853167982146,-0.454699409723503,-0.49875260560975,0.121101858971995,0.885815034428921,-0.0468823743318545,0.573307882260469,-1.52193026259388,-1.27743421664876,-0.928190809609902,0.29355054136773,0.111684491781067,-0.557885681966866,1.35662182122766,-0.430250500131456,0.0543180813938949,-0.684310141049804,-0.149907980490414,-0.360560204888622,1.43284991485658,-0.839798584537604,0.583673929806767,0.178978737282965,-0.881224440455235,0.373624743919362,-0.0124989314402273,-0.258196557077879,0.466307642305821,1.32719384910088,0.749432312429695,1.25816196281,1.60069184073958,0.819731803071298,-1.1346994455085,0.227984277452594,-0.024462218628964,0.619853070288958,-0.161624087371565,0.250256844543789,1.74733803425171
gene874,0.646294272264811,-0.915936646789098,0.0332822719365602,0.272907857365404,-0.202797171250449,-0.0978880559645795,1.1830905752286,0.890301196984492,0.382449046652872,-0.288310138018843,-0.794997136549382,0.22950973434881,-1.24703317504848,-0.590975536396824,-0.565404334156729,0.152597772808178,-0.10077154418469,0.661845415434025,0.0707569140663594,0.43191295861101,-0.45304332669593,-0.230992527809164,0.635508166747044,-0.63778422867081,-1.02309708276671,-1.77496789745086,-0.0214070292070837,-0.969311706246557,0.0951995600545535,-0.777883690792237,0.670052282620189,1.13898805210227,-0.108705119618534,0.368805660101354,0.648073368670419,0.59245143773517,0.68930599983468,0.537255436455139,-0.532767622072648,0.517114287951772,0.272040984765584,-0.892397522998009
gene875,-1.69435949364383,-0.361313792021742,-0.349541113987784,-0.963407522169242,-0.505131103303761,0.686746096122744,1.43187279677528,-0.535629673473445,-0.450216075536248,2.11569039841755,-0.631746193451871,0.513612523150007,0.125588700440183,-1.38966342542258,-0.04300143894174,0.396924244750352,-0.495632775713789,0.0795502338198363,2.00883010542298,0.275245697717241,-1.58943481784246,1.96002711546211,-0.451385609459604,-0.0733343243049497,0.174233448464933,-0.208087947273136,-1.0783159406606,0.74592635790957,1.39113390262033,-0.162846745206216,0.10738828763397,0.455907119795363,-1.57980346963867,-0.713500625744757,-0.889079305206003,0.0712570608681532,0.801003367672209,0.0484873751023623,-0.822201954824808,-1.06394862978637,-0.784762833695469,0.555109519676111
gene876,0.484333930200875,-0.798290590823151,0.0406899187691542,0.540816069998481,-0.507436197863401,0.794481493611843,-0.903466614658299,0.334804907551309,-0.694216140066967,-0.909402716113377,0.450224830221859,0.332141894873714,-0.034754148500536,-0.0096046859820547,-0.200718086271624,0.849608604811781,-2.07176164005698,-0.598253375089679,0.94357151161802,0.82798103489545,-0.814136678562535,0.434559461743896,0.757807425500245,-0.105446672892143,-0.467240326024986,0.387943931478852,0.490379532253401,-0.361034259902067,1.23813522332316,1.25666809382421,-0.164050828899254,0.141710519079793,0.733010067142823,0.376317307823287,0.2753343702068,0.84750942760571,0.257387155818307,0.18159143342889,0.545312299282421,-0.723800108434823,1.24852788653746,1.31765769247698
gene877,-0.0949278702982932,1.72373204782379,-0.733474862410736,-0.394981771035289,0.925412332882198,-0.117811468098574,-0.0233406904461979,0.657333603800244,1.09409015822683,0.584134619014719,-0.627540046982729,-0.272621129282119,-0.0653079388978485,0.198141511662027,0.311656024862773,0.648865134181692,0.302939016310194,1.23864485888118,-0.782438370138801,-0.868652012430198,-2.40406030096166,-0.117156465605433,-0.423303244896479,-0.301933321016607,-0.244281948674829,0.0535662481830152,0.23434389614629,0.094586429121577,0.193964917118362,-0.14503618649618,0.961318035095197,-0.0576614544989674,-0.823325889663829,-0.175663601745392,-0.660623509997672,0.525265742860252,0.508582956588883,-0.463134616897083,-0.0360509544257369,0.443318328647559,-0.0477507437516015,0.228364690979382
gene878,-0.819580957258274,-1.27045085893183,0.60054983736276,0.968786569367233,1.05472362996909,-2.0498444955657,-0.507443374901352,-0.068083411126817,0.342501099462439,0.543928491481732,-0.440714986852794,-0.805032593233744,0.901263300054134,1.25524526801657,0.118342072290814,-1.41441431186411,1.84234108504336,-0.50040538685826,0.554534874394227,-0.330358946801958,-0.732924436921194,-1.06011539373706,-1.3345913087956,1.03426614211958,1.25322102078825,1.0900701577406,-0.127437097917101,0.78471937860488,-0.0826940879808535,0.830455794446055,0.818898152880184,0.806882340904335,0.419348917695158,-1.15421470159114,-0.721301610585107,0.935436235394441,-0.720396714322109,0.852259665540389,-2.57478728521973,0.135725414056556,0.359770489233297,-0.817594709866865
gene879,-0.243217212949268,1.1386305430171,0.114896155530211,0.874410627053604,0.498249467322867,0.421812740677573,0.273928740548354,-0.801431127863689,-0.121488247381351,0.0791328549966892,0.931314111136059,0.0512921040168112,0.593559761070723,-1.06094779236775,0.0076916762704575,-0.305789768255383,0.47586102378085,0.184003278449884,0.403166704821859,-0.580638537592711,-0.56461532163779,0.520855394600769,-0.424963849940365,0.687114915474616,1.64868816110029,-0.255178430563452,-3.0316342045941,-0.389527179054277,-0.784268657649455,-0.922746069903003,1.13090505965165,0.741014003966691,0.940596178528752,-0.52424010667198,0.721531197623893,0.679932637056806,0.644247409791277,-0.583653430321036,0.014909954909854,0.200162372071221,0.76488752696901,1.06985650709545
gene880,-1.05549190470305,1.00316753061279,0.3335529263176,0.0243309543163538,-0.466013972815853,-0.82368604352644,0.357784416196281,0.349566509032597,0.405177297086496,0.0599616269858694,-0.207983959723055,0.206196811523124,0.555648397525086,-1.44199212772753,0.193427997383165,-0.66310287769017,-0.475367674559244,0.336981880303847,0.0311116115832012,1.33750465626363,-0.379918986475875,-0.119151912661247,0.160452389679933,-1.72661041386824,-0.582185182965473,1.62662212873689,0.713053101912043,-0.519926080607932,-0.752844011132696,-0.0332549111568136,0.50380963624069,1.01864361441895,-0.711561121259194,-0.428555602242211,-1.40940171006603,-0.358891865698608,0.464421857806897,0.917793302515629,0.736925581442409,0.0615754338575392,-0.40157474314221,0.178763157272249
gene881,-0.952336266862337,0.331616535962448,0.375966207882652,0.680937194354607,0.253013942868267,0.350250150786513,1.12793592808625,-1.42329421468996,0.63561195001181,0.128240374611091,-0.123240973104741,-0.542106303685347,-0.884404166360683,1.16174765074914,0.963910632412953,-0.736111307644704,-0.0218639471978145,0.160836754402696,-1.36741846719128,0.16266964739167,-0.296881332910068,0.0622296695722506,1.25639117915756,-0.385846318181265,0.726652766664278,-1.09770272126139,-0.447741839019634,0.412401587758864,-0.350895458506869,-0.0746537142514244,-0.406958412419004,0.41771697659401,-0.16451269551286,0.20935433655957,-0.298712216943732,-0.646358173813928,0.199938584446302,-0.265329064291422,0.870510306832896,0.710255542897957,0.266767327778906,-2.09904818542708
gene882,1.09059069497973,1.57706329217244,-0.92590293228978,-0.653921217714526,-0.487951998270482,0.318585722272266,-0.242370574804059,0.0986495806679343,0.909461371469012,-0.853046182841052,1.74523601054205,-0.706882608220348,-0.268336704979009,-1.81287268947975,-0.315085164654165,0.500297654338302,0.300392814184296,0.755601997679544,0.211447283173442,-0.317818574124177,1.07330396319301,0.0209523192164665,0.793899410856203,-1.34830933126396,-0.143247143575762,0.69175462836815,1.18835998555256,0.268198658969341,0.850826988501748,-0.407525790655724,-1.21882017925494,-0.828990642323894,0.111203805205919,0.577529210177221,-0.965721111522095,-0.0529369000165063,0.0625205943721241,1.16628471144093,0.1959244455156,-1.38180874159786,-1.13459346798442,0.65874776823581
gene883,-0.414157316879253,-0.217760774900015,-0.447201499110805,0.133417087747357,0.145407566656274,-0.23095905650723,-0.883571834715513,0.308608127519233,0.51523984006818,-0.0802458342412665,0.167013381577391,-0.146017123000735,0.361906905401214,-0.0154554597939354,-0.0500869339150745,0.360579708321889,1.43603319111676,-1.4380348684887,0.193588357616254,1.38265327939319,-0.949324561443763,0.596410910585077,-0.573695567177122,0.339937563968073,-1.64863551207197,1.29094626187477,0.656000040631206,0.329485531171559,1.53846135836293,-1.22392150725739,-0.488221712256838,0.449500362559059,-1.16469782869448,0.286750794803721,0.138724214315116,-1.13095571045055,1.1171375526326,-0.447029753829379,0.0308222438806686,0.0440848232995891,-0.817593268482997,-1.06682571474665
gene884,-0.136561134341515,1.25574657512459,-0.0846240522022907,-0.249205019378239,-0.134864061541267,0.739419678269493,0.361982265121114,-1.25915261056545,-0.232083941500087,-1.17863253027044,-0.177409828860917,1.35427897592149,0.319016582204482,-1.9471841741985,-0.819800926391495,-0.0800093490787167,0.450988959918965,-0.551267823889171,1.52298357880491,-0.310935576330981,-0.235718629084227,-0.485193083630647,0.537540785763399,1.14006370386418,-0.678252507340061,0.260655378125038,0.334428507732698,0.366117101487679,-0.93861197267249,-0.403976633102583,-0.197863121490443,0.221654014339644,0.788024516062815,1.89290670256287,0.378886397526719,-0.361642120846399,1.10929850284763,0.306214305077363,-1.83786577696077,0.203289961414058,0.334502580558287,1.54184179152426
gene885,-0.401372448965203,-1.7272454270063,0.0906944744882879,2.10597245201854,0.921443059725641,0.455095088890454,1.19621267561202,-0.216617611805539,-0.036676016689172,0.408195475487879,-1.0725927233549,-0.216984533435921,0.238603561863827,0.818381393757612,-1.00189814416825,0.616134287241197,-0.902844891058149,0.0860675432317795,-1.03859093024175,-0.244505298713837,-0.540846769789611,0.473922657270203,0.86753223395568,1.82515130603361,0.0074917494562684,-0.64337955085478,-0.785606953718027,0.450622819054808,-1.17944681474841,0.0998518206948295,1.05445670167079,0.156916558876594,0.0524796703394538,-0.748775400647334,0.0019798881250891,0.953412049259714,-0.961938388841924,-0.360812909435028,0.393059348980431,0.549227097615449,-0.517248748572163,-0.206951418969987
gene886,0.1773156739687,-0.82762235701993,-0.506407851183305,-0.395111794518116,0.245554303182074,-0.937143505597291,0.328468762013251,-0.835287801051881,-0.586614539190771,0.128955127921238,1.54649411151052,0.0765094015638625,-0.721966328943058,0.537073611371265,0.71351708592023,0.955353897821562,1.58128845890173,-0.567623377052018,-0.420965865477502,-0.782176368190512,0.697182297753308,1.91135394366248,-0.103216630019526,-0.557630677386226,-1.06975817830107,0.644146100898929,-0.0450473754152173,-0.430531153259267,-0.706718596797268,-0.727363037843993,0.512178672550242,-0.0750222052247753,0.15056907843576,0.661565029399169,-0.747307241809352,-0.500156033704304,-2.47663012947273,1.31628802714771,1.14495510162995,1.00862445620481,0.111577524083157,-0.664258021507894
gene887,0.362286322513375,1.54046891389769,-0.489203661253096,0.119478037496039,-0.460755823726078,-0.477756160440783,0.718876958484846,-0.785538058146186,0.0887266692608406,-0.705685939037431,-0.0833492907640251,-0.258492824585191,0.668193454859448,-0.646067424823313,0.556069449036367,0.945604931315264,0.40730656629178,-0.230742928588719,-0.20286056005764,1.89439777768597,0.0822762344468838,-0.689097231790961,1.29782403950766,-0.416651198029323,0.619903478648045,-0.409402258702184,-0.616297673062716,-0.386555005280889,-0.415405391578021,0.440496409063058,0.374136456346831,1.006604847698,-0.311766250575955,-0.304413867306223,2.14323160868605,-0.316092557639649,0.0895519018883178,-0.363148180167208,0.313874219994757,0.0755262451921109,0.96201866663211,0.365601420514801
gene888,0.444226641299254,-0.917805152229288,-0.0347347534906885,0.9431178081051,0.822235877905346,0.1333093483797,-0.526592079471743,0.890097071915971,0.624796007304078,0.244528001255699,-1.40471326541329,0.0902273712259172,-0.162011079984954,0.729701473488373,-1.03824437024735,0.246165803917391,-1.14039178687558,0.299966502356393,0.0782631432620653,0.128916023183097,-1.11339378479796,-0.747415127472531,0.325855456244797,0.335258719630811,0.619916693184011,-0.741177044687993,0.397391750019399,0.189235378163766,0.599745206931579,-0.938475268695677,-0.437542492215947,-0.0356360510444512,-1.59417594704226,-1.74107952013014,-0.205199094400056,0.0106561597582693,-0.197322604442903,0.113272579292929,0.224497610365764,0.195649771204441,-0.180531235341787,-0.726921179517296
gene889,-0.44608069651557,-0.546523310677774,0.221604408976253,0.417432366640723,0.152542916911608,-0.0628614627517382,-0.250016715655899,0.658251904143603,1.44444507727797,0.132138795659839,0.150950712695536,0.28952525450142,0.192132375901371,0.230303354951722,-0.0505856541968536,-0.250962688092319,-0.457935174071092,0.41899420108336,-0.255484321273796,-1.44463747968798,-0.407177798273329,-0.295762083643425,-0.197148431429502,-0.635183639776278,0.0033325835907944,0.407084873385001,0.432251886221383,0.64448139577212,-0.265391680596118,-0.393280578979617,0.139696642102343,0.472322861655993,0.144929398138721,-0.283249996442862,0.646012677396852,-0.26119264597709,-0.963693871997544,-0.0650514367416,-1.53500914706626,-1.28117123103467,0.582738062681322,0.22778018523429
gene890,-0.888355338924305,-0.688451582803595,0.56968374126338,1.39015998254148,0.860585536231841,0.627342819432201,0.168333860968097,-0.0874079005922196,-1.28010402877275,1.50320030419078,0.4440188644133,1.03794103711452,0.598338118459316,0.579797376368814,-0.0741921691296121,-0.753208616263961,-0.49828035123276,-0.619215994160216,-0.794449403613552,0.207699609664464,0.391050948195963,-1.47575810366453,0.66638702625673,-0.499391218704848,-0.49876532694003,0.0919477090203401,-1.01864341468143,1.13748981492088,0.0464732745200141,-0.646156758747899,0.0132504571983609,1.07857805881601,0.363488223690034,0.152598530827529,0.184895267298516,-0.534321747644786,0.0087306200522739,0.294349498875653,-0.415114853555834,0.541002426332827,-0.231651886222958,-0.509389781526568
gene891,0.120351431681923,-0.504271375661061,0.178255305175576,-0.729975235729334,0.42235934139038,1.37009600288194,0.362814493539189,1.28860615119504,-0.85641547468825,0.772953732207754,0.197712122239659,0.187030701858705,-0.274717476284608,-0.394415996693225,0.400087226853152,0.0461588286421896,0.893719590440915,-0.572263041637472,-1.63641582373758,2.32824885299036,-0.448669419536291,-0.0991546026968974,1.60114998234336,1.62265417817787,1.22188081419374,0.263012834474294,-0.561773507695752,1.83415581244013,1.17370562136212,1.19194372746284,-0.551999593395433,0.378439891039512,-0.206927157924013,-0.793130643831661,0.296532443800102,0.614206549402133,0.532774599767772,0.193905076251657,1.63155735889021,-0.263644559069144,-0.517481318912755,-0.0545906987110382
gene892,-0.34142715655753,0.291098200628737,0.64215591155921,1.49407708912761,0.315486637132729,-0.700574348764507,-0.771709333452257,-0.0159846477674023,0.722596809432724,0.786172906578084,-1.44776418543655,0.277729162184115,0.0312671488844715,0.374438648511986,0.650503461777221,-0.172677796481458,-0.161583434123221,-1.64489555428588,0.173260911516789,-1.41559694753709,0.707753282620007,-0.0601171085606834,-2.12676143394875,1.06025618861489,-0.361424003676831,-0.624920708330478,-1.17043920012731,0.0439553571767163,-0.642240793236762,-2.16861138750317,-0.318975131594608,0.0398876350427533,0.19656648957833,-2.43323052414118,-0.689294229068659,-0.911322309687574,-0.248670552752777,0.456881392531323,0.0547946387866275,1.73665969653017,0.002042907632565,0.123045982244664
gene893,-0.0974295084391195,-0.20323890557969,0.139424759679139,-0.882451814588184,-0.651153234218071,0.590479197631464,1.90178772323411,-0.255017544533574,1.48802086331534,0.645978709410361,-1.70615617746121,-0.581971642925507,0.601685664102068,0.502138500259291,0.542792961309708,-0.592235714138516,-0.0810372168314671,-0.174960343402222,-0.742977953326023,0.876991882473883,0.696612207875586,-0.179962367788938,0.428489742978582,0.0567769808244297,-0.647439619228054,0.159961092238294,0.326702855907292,-0.325111916923148,-0.621543607143407,0.88418171302405,-0.211624421625567,0.726765751407205,-1.96975496143166,-1.27117694840526,0.369925756635438,0.71235816709728,-0.431626058361092,0.682984191732698,0.531157408354638,-2.61260870691706,0.0781475004635407,1.36601981472048
gene894,-0.46465174528348,-0.495107673490176,-0.0461765553658019,0.376015788259408,0.410701670659729,-0.542672991514689,0.538222458428773,-0.924501199069179,0.0073182641001373,0.094360499307757,-1.00527113114565,1.55776914960396,-0.91227578257759,0.297625774557562,0.344426271732112,-1.96446966348936,0.600224532302748,-0.690755256158968,-1.39343162080224,0.0505984330837832,-1.04212871876265,-0.342913467015174,-0.771433017149561,-0.75973031577149,-0.535662724984006,0.846977577038344,0.763553442814481,0.169852082395742,0.729778092741717,-1.33882820387048,-0.380972164204588,-0.178293871155824,-0.462903056559677,-0.618586372894433,0.275010275373875,-1.18060512955094,1.32891162143514,0.0544022442957388,-0.54028992110545,-0.0111087709986955,0.202195551500568,-0.10156106894556
gene895,0.219233225432509,0.80566152879336,-0.873743945106438,-0.489310348716471,0.445110857846274,1.06685966169298,-0.49169072624356,0.216499536969475,0.351767024490954,0.470701943010594,-0.0844024876454214,-1.54230037478447,-0.260927039862337,0.422652180219641,0.365821700903095,-0.903572507532977,-0.264461272300689,-2.46820705073363,0.364933853809894,0.358098163520263,-0.102833862207945,-1.17914462023674,1.12755689185663,-0.060860030036218,-0.959948701766667,1.08546996858024,-1.04986648594127,-0.810954766248874,0.247332837135375,-0.359537055773843,0.440084053976349,0.138920166597355,-0.0696663105552204,0.400536652186989,1.09567359287467,0.972867382058961,-0.836331973948328,0.272890193706798,-0.847427922441222,-0.112667698474257,-0.135453997816592,-0.437510310952311
gene896,1.01711166602365,0.371455597794677,0.206247393115223,-0.177698329892745,-1.1068394647638,-0.230066687279283,1.19592785359706,0.364727258897746,-0.347664832644063,0.17912053105149,-0.174330123166664,0.484096489750449,-1.09528713274125,0.186119237364126,0.0030887922601263,0.142409398654613,-1.16030743503268,0.566398929389743,-0.868339050597606,0.311178926681896,0.597376061998199,-1.19383478623663,0.574464372672851,0.13860144850257,-0.224681073550321,0.424419816834326,-0.0899976629261794,1.72956558567361,0.762207329531809,-0.379125143129175,0.80721945424239,-1.1066948718741,-1.65231836247448,0.51429974923909,0.713798566131394,2.09535804466413,0.231403553298681,1.36411675665775,0.361012728363001,0.74793585821786,-0.430418790525596,0.218707735449948
gene897,-0.149853614093434,1.39861284491798,0.0704177137456434,0.576096127731312,-0.111379439664235,0.30890675504798,-0.374979563189416,-0.41024053112371,1.02783121039978,0.0027629401177535,-0.495110799129071,-0.347454102313452,-0.162795940551585,-0.771617020250925,-1.99578361411521,0.331212762826276,-0.524424961073258,-0.0737146364084091,0.180167675221894,-0.395075785088182,0.0437647382897209,0.731456603777142,0.915859183415419,0.608727099424017,-0.290320387059656,1.19681782045165,0.0895463738414624,-0.0396782755008429,-1.0508069173717,-1.07694721911205,-0.767018998364954,-0.758065318189856,0.179063176709183,0.498985359858328,-0.361401611784056,-0.827908506639789,-0.0905076254239347,0.353210151678157,-0.271520107270075,0.582892612143306,0.766329214382473,0.328956084038289
gene898,0.120836942283868,-1.19485395055446,-0.4660829298572,0.0781008920618512,-0.942938229553067,0.402012737778045,-0.838616613778548,0.397043371692106,-0.155146182210608,-1.00563563787335,0.153711118504817,0.134511515821218,1.06827278185948,-0.0985758206100034,-0.340166204551764,-0.535942102122051,0.41711640783677,-0.365860385146724,0.680008982290634,0.385125244113164,-0.195568106833652,0.824945654291559,1.38928309183686,0.271322108199388,-0.599909618632894,1.14331661176183,0.025425248838072,0.291726165365922,0.0222615330647082,0.761727321699639,-0.469098021395136,0.226090531897216,-0.818814700317519,-0.363951047925632,0.40033561348464,0.441804886618502,0.524709367626901,-0.0659427915071184,-0.334179679961173,-0.0903992467943966,0.242967228535145,-0.279236537232067
gene899,0.342294395952648,1.43967942695599,-1.34059470803485,0.59352189745133,-1.08475541326214,-0.739570537656224,1.84216668029504,-0.178864980823292,-0.963740476536741,-0.105150355118963,1.07002350566615,1.21182460612929,0.418747948915085,-0.408537611263812,-0.109633761968695,-0.826811794379736,0.288232886453471,0.342891880191102,0.0292463854166704,-0.517222294296775,0.666779357152267,-0.476718917315358,0.553515299075204,0.179662476345809,-0.274733548418032,-0.952545815007982,1.50034943819425,0.189159867344592,0.708413828283139,0.573556692917406,0.179767780679873,1.92839507256169,0.231195119610213,-0.967809921078177,-0.265510293179552,-0.320504645180644,-0.91356876771259,-0.401817228727615,-0.872155281983209,-0.472812432313751,-1.00274194734736,0.294955692450386
gene900,1.708363133416,-0.852041917709856,0.511730351682296,0.142408834648381,-0.398958541773744,0.423549308170157,0.511491191621043,0.581809453543735,0.684574370585759,-0.702876371356523,-0.636298750079526,0.394883959713987,0.958000809893737,3.20722737938488,-0.866622748999107,0.008321131205974,0.178787615546165,-0.0062166190190901,0.118650945436777,-0.120310555176537,-1.26473082942469,0.0003705111073453,-0.302882341600617,0.346350392624785,0.245804174100521,-0.662499786472452,-0.284696797334368,-1.61423834936677,-0.185950094939831,-0.103131247900739,-0.0743281945782112,-0.811122681288741,1.28593956665225,-0.0060744159616085,-1.14082620685898,-0.380955376072902,0.0953809865863921,-0.317924169095221,0.155001304437626,0.269695644614801,-0.925540081451958,0.383855557133902
gene901,-0.377692868366205,-0.0331349886473606,-1.22260010372456,0.778665741094007,0.0350979804951783,0.925332773950279,-0.507497474578467,1.73176914430628,-1.43995921020503,-0.618908918171524,1.22941397026253,-0.44044931006186,1.3749204123294,-0.212272959319553,0.780758603063054,0.803048585430408,-0.675824622239197,-0.22569561440338,0.560382560895527,0.906813641516695,0.0003817447602104,1.10449017601692,-0.765591696108875,-0.932381119679533,-0.243681602342816,-0.149446769487752,0.651082325264821,0.837371319740081,-0.510207028356178,-0.400929634033482,-0.978430498329659,0.0478757082352643,1.22278274873693,0.365475183632762,-0.263711531557492,0.116525361946328,1.04494382597623,1.6139807729566,0.595598237191659,0.830223399756537,2.85803309726526,0.814832493291793
gene902,-0.385517510989444,-0.100066376085621,-0.267245482540331,-0.14522148353683,2.12747747667089,-1.1331850343036,0.287802749367103,0.735770189640559,-0.572068983402966,-0.012610252036922,0.301215227252042,-0.102905014053683,0.988703614384288,-0.815087831550631,0.142433347540249,-0.874090410419151,-1.67269401259782,-0.840829951076273,1.03014548964409,-0.332645053950659,-0.203697781930126,-0.412918578419199,1.10243122210846,1.38187738261275,0.27878039128811,0.116243004215964,-0.952787445459041,-0.752236577554868,-0.167075765403534,-0.119454428381658,1.31846850412446,-1.38275194897477,0.774841048282452,0.0851132140451009,-0.292919552718087,0.0479667108731219,-0.177763011853727,-0.275206185768619,-0.067309464356351,-0.227854516485101,0.136442901427031,0.0049915783706884
gene903,0.47124463437082,0.589983678361138,-1.49949132248704,0.0960776340413328,-0.1792908500197,0.567823918915325,1.21831900713233,-0.694083291596948,0.27242780318909,0.808704944001337,0.719090842722155,0.140990903238972,-0.0540299877955838,1.27890413945053,-1.0546055667449,0.476480613704125,-0.110447131552745,0.311790928353744,0.591481308257054,-0.233931584311864,1.61320744040529,-0.219997440922986,0.057540177894799,-0.265493585504136,0.399384505284032,0.196170508877317,0.310598095426141,0.383249148466994,-0.970852292417495,-0.0450055795723504,-0.302192353567722,1.54321552779639,-0.432412512448036,-0.159529528247234,0.721731880773222,0.0830709961494916,0.188232341490074,0.522924089059144,-0.922854052425982,-1.05348214569526,0.0532684390239599,-0.549540374666046
gene904,-0.405361520768971,-0.0251381337085921,0.689067141926365,0.61778828710754,0.349904011409099,0.868072890913728,0.21440929494791,-0.589444410974261,-0.524680312622326,-0.860539488715152,0.0700366132752125,-0.225837529193272,-1.07300824636703,0.298332200483495,0.560852251486576,0.470566578841537,-0.164217047787866,2.10419441457523,-0.81485789048715,-0.0894805191443845,0.282477530418721,-0.134562466727758,0.51885501339015,0.732106396463649,-0.273508174366362,0.0498037581473276,-1.69216937919032,-0.287047758848088,-0.654466772697843,1.22957754480556,-0.560658700981357,-0.453622089754854,-0.0037219302005739,0.991003401977953,0.224085237888115,0.348027305798592,-0.19027445893951,0.389661894076575,-0.141204586697159,-0.363599898950373,0.926765540870351,0.555303703882101
gene905,-0.463336456413016,-0.0484702157202857,-1.20812017639712,0.604838103744593,-0.623291523276917,0.858404638138951,0.536672674701824,1.42783461443045,-1.4033817621172,0.658929186552976,-0.263480842492516,-0.237209541086674,1.17171784477792,-0.747003558587647,-0.017296030896121,-0.690989728733239,-0.0264214920593894,0.31780572894832,-0.930673193557064,-0.223610152143165,-0.644140994000942,-0.445810034374427,0.310113582516901,-0.645863035069449,-0.107109013518047,-0.459528689232297,-1.02333784314984,0.370234663751414,-1.47606822173455,-0.1732660095837,-0.463197424473245,-0.851310349992971,0.310746535377488,-0.595172335481602,-1.92112593645541,-0.231177590796405,-0.291815289050453,-0.764258074598439,-0.247212217589139,0.269415105482892,1.18025823351578,0.216531162701295
gene906,-0.180794100644372,-0.237075518464499,-1.94072267484016,2.04673077863848,-0.0487953767386262,-0.662226151261897,-0.453212506372771,0.58416498579203,1.17110288864234,-0.465552913741781,0.515320214866236,0.257454220932151,-0.802486936355923,0.402326267222404,0.122386359334509,0.792668738471251,1.19829800251004,-0.234609363125683,-0.817895401294401,-0.176049197581638,-0.243932502430146,-0.607139171845336,0.512534452058499,-0.315192124534564,0.872123294911058,0.332760088495127,0.344822769262246,-0.829535240662854,-0.452313177909485,-0.749809976069508,-0.668482919881823,-0.161976784781788,-1.04798776560294,0.800334097073309,-0.0369316190879843,0.364715201689346,-0.251147676059445,0.368192415417891,-0.554496142078932,-0.192986618710682,0.379377375074754,0.185527600185047
gene907,-0.262210012533922,0.702025686420832,-0.368075727664777,-0.448028692199187,-0.228377561832695,-0.929318832776587,-0.399681562823493,0.411480161229752,0.731040231459518,-0.373381083935997,-0.765624229953899,-1.23616682064225,-0.309977168236874,-0.756246043539056,0.678472204452567,-0.525519538087749,0.136740064772382,0.236053288677157,0.0528001880083547,1.24232738231237,-0.212325773074011,-0.328425248436665,0.653739704856934,-1.00358589984533,-0.883425492907842,-0.634746217476561,-1.66661763917881,-0.0342881950861878,-0.165097832508595,0.230784609510356,0.5654239669074,0.995493852083903,-1.40999378655523,-0.555028750997965,0.518788948694164,-1.25580740935573,0.246518083600321,-0.140008395886027,1.40182855126825,0.958326639555968,-0.206911057778096,-0.110075136795099
gene908,1.22177688327211,-1.2134035389433,-0.554893750489597,-0.151305135415612,1.76904292688162,-0.121369850746441,1.23651893420701,0.8792014251901,0.755512639726009,-0.318749085356099,-0.124550746828715,0.119345099731209,-0.367311955162267,0.754000572345796,-0.136681581955876,1.68007838568798,0.192169584145486,0.132622918036651,0.139252254615649,-0.17293874557356,-0.783471020272678,1.38814358102191,0.355739501019711,0.199340201608547,0.28611362072532,-0.125852144329038,0.148403850940837,0.512880639918288,-0.758336799036964,-1.12274845563943,0.865830905743832,0.58586708739901,0.95983582944747,-0.278181033979198,-0.68952651820444,0.322447102885195,-1.12448325761207,-0.518101543930075,0.315800353094046,-0.168110871775581,-0.563159177243461,0.427707122865605
gene909,1.04129033339702,-0.847197687147603,-1.85386928941412,0.358350983792358,0.855805137123762,-0.319097826169859,0.503346483439033,-0.0721174963567917,-0.629600061330562,-0.504804083339101,-1.86234177992679,0.850679459287561,-0.602428361304366,1.82022101781988,-0.651054964726807,-2.00587102214785,-0.912932738974271,-0.766807031842186,-0.70472162787895,-0.468989811448048,0.662407112314262,0.489222035259858,1.44745750373223,0.0920539910621378,-0.26000767123904,-0.163499228645444,1.2353619844435,1.1584032987106,-0.9642309372594,-0.848846210145429,-0.218506754958677,-1.47926637567151,-1.52589035195461,1.01179613930904,0.0551611711818144,0.487824815531642,1.319291540877,-0.191656766438228,-1.24194287266998,0.71468482052691,-0.52770217271095,-0.415331101002012
gene910,-1.5910509139865,-0.200965987338557,0.365394516235805,-0.275637924434846,-0.928910073083856,-0.0765897108836928,0.259541170241688,0.238867840658552,0.0162868656432705,-0.108274495057439,-1.24368810392223,0.502664130198224,-0.791222109334843,0.0353628822026005,0.506572671370511,-0.235285903238935,-0.327229695108037,0.43217412719428,0.726568621652055,0.286500803199233,0.649685024898437,0.196574135752345,-1.12790500650484,-0.233733110091743,-1.04487391026675,0.153735004954509,0.0352902834616419,-0.364677876397108,0.238198595135353,-0.760610930266856,-0.589056998901674,-1.91401643422376,-0.0412249245443255,0.203977758517067,-0.906866937823247,-0.279014413331741,-0.801994116781771,-0.0796088819888386,-0.534473486147545,-0.99327621477808,1.09926382412808,0.435079775472649
gene911,-0.0525079542122444,-0.817415911909967,-0.914276905149278,0.768489188062864,-0.723051893900064,-0.186671258581219,0.531449910091941,0.22141931324262,0.556867623716818,-0.67541172721819,-0.22929286076415,0.453932554416045,-0.630379754295868,0.708852563826008,0.230183800245136,1.41284935404419,-1.91893414527211,0.498480340631496,0.0204206791319379,0.140070580427896,0.250822078602007,0.540300923486013,0.565436839505329,-0.713416757292956,-0.532986638589435,-0.266717913856829,0.231949018921242,0.877158050718208,0.367713390839224,0.624154181048431,-1.10434201514913,-0.13366141175132,-2.15656985093647,-0.516472199665502,0.103201338597523,-1.02237328085421,-0.0061063478618315,0.264740889466792,-1.27480783515612,0.155437291216656,0.0704190099558701,1.76462016357938
gene912,-1.21608173423359,0.169044953060726,-0.138606900680891,-0.616740488478737,0.723323273969809,0.216929448718698,0.0260735855395621,0.59110685360386,1.15347094357259,-0.156283207178414,-0.915313018997695,-0.507422185878026,-0.876194236452877,0.0066144655433894,-0.0115013648996292,0.511976567444888,-0.232959372306014,1.55920274003979,-0.106816476083748,-1.05213370718345,0.117334416930413,-1.01794414014476,-1.22216785066225,1.32071455777034,-1.46611276723513,0.311611253570541,-1.89140839025074,-1.45403885916864,0.701326702402913,0.808936846415557,-1.38895516190265,0.310708350867485,0.111594129369129,0.634420704438986,-0.774544272750855,0.178404810677654,0.676034550285536,0.163730065908416,-0.339313678799677,-2.23192595226394,-0.958599086282401,0.514425674810673
gene913,-0.0747167242598571,-0.395746348737153,-0.46684199146521,-0.621644556816158,0.0145927258261564,-0.12751679775921,1.0918742435024,0.163480085364091,-0.74924642346447,-0.658216908826544,-0.4076412381592,-0.586738434102223,-0.258057255473595,0.320082444143409,-1.34039165765951,1.19701877494983,0.701351394768905,-0.658828263185415,-1.11521358220567,-0.632977054259589,-0.0063758069841278,0.308891244833374,-0.530402040111675,0.584883533172701,-0.575725546529569,-0.435950138511815,0.0457124357085208,0.198332839468658,-0.122647347753027,0.5674012593054,-0.0431101738029524,0.574526512206291,0.280817865413495,-0.542294707201502,-0.282399893281456,0.067809682465691,-0.497845740835312,1.33073636526585,0.288397924343267,0.595489339357292,0.446628906206384,-0.208507367859761
gene914,-0.456849908519013,-1.79028320124426,0.181268748728285,0.121849391650624,0.554367740324097,-2.41827257203446,0.435231432576871,-0.528156990789598,0.475586425444598,-1.30487753833131,-0.897994588558752,-0.599213226770786,-0.943193693009314,0.222022040122109,-0.852363955918943,-0.778903452215141,-0.882673966085651,-1.12974445200292,-0.157945719975621,0.770122248697478,-0.848438490937918,-0.511086883045005,-1.04768035775438,0.572940830300905,-0.468007464336662,-0.20693947962601,0.494090316686756,-0.335135686471534,-0.944476444001467,-0.23435495811273,-0.550072047986058,-0.341186566582026,0.190256876215641,0.890626193258116,-1.83912650088692,0.35934385926757,-1.32755392877006,-0.521656497362039,-0.0295192260882388,0.601996036026292,-0.0310727497865592,-0.303734909191536
gene915,0.160102009563323,1.42235342692946,0.622767833687276,0.533012962533272,-0.664947309280745,-1.24137867646222,0.436412172692519,-0.385705901206584,0.270892495653035,0.507334980214495,0.002886959409099,-1.63714530334898,0.290890471220754,1.88367633906688,0.458223467465821,-0.613072960721044,-0.705262353303968,-0.787952831134624,-1.33866092996649,-0.797450810872512,-0.891952440810806,-0.0009734748177734,-0.0352336484783833,-1.23069151749833,-0.519247194238481,-0.244237118274299,0.108739201422493,-0.681150280816361,1.110427136924,0.0115247125086804,0.416380090187988,-0.826712915680125,-0.107856788203742,0.11567235144086,0.123503715059612,0.306952114851708,0.422223784770913,0.867659121694675,0.959952073578509,-0.339076839915674,0.0847266534011693,-0.510760646940599
gene916,-0.566877093676104,1.85765894766435,-0.828261213685298,-0.336556571455273,-0.735903325683434,-0.260987670528043,-0.122943343902613,-0.7907606537614,0.232915568498918,-0.0156799906733616,-0.965632145435219,1.2388019585491,0.138313798344417,-0.0833250681602292,-0.142240350287996,1.42184620423331,-0.925698582200603,-0.883131101590451,0.602352633615011,-0.953031846480144,-0.0767809724823324,-0.127871890760658,0.315186982875641,0.383100868923025,0.982279011767888,0.173282632167086,0.0670088632959944,-0.888477700933132,0.343103596663814,-0.121085870709076,1.1147389796545,1.07800042865983,0.710209286536458,-0.311240504697818,-1.05018285329043,0.238485774292527,0.584567262895995,-1.0238643282609,-1.58387232195501,-0.688044080582985,0.648662442971545,-0.773563798954427
gene917,0.29357221117671,0.175096278859372,0.41604904543517,-0.543248126251618,0.29651003325887,0.245228300683784,-0.613949812214773,0.640429992874907,0.12664774902678,-1.95737915825812,-1.36271903640335,-0.110064906319985,0.30601214801479,0.261606758442692,-0.95244059537247,0.537657632998631,-1.27276132091218,-0.751594871657113,-0.382643865392447,-0.824694025174869,-0.322889619926148,0.594473469504102,-0.049772340595376,0.223673112705839,0.882258159740764,0.846194732822277,-2.18657880425498,-0.226599986335679,-0.051914756888796,0.459204283443417,0.685838098001584,-0.162751885798092,0.0150541504357895,0.145177574243315,0.409390521887025,0.491062364791171,-1.86053333427707,0.354947747034739,-0.263609420412059,-2.2060480692724,0.491843395143152,-0.502705095886115
gene918,-0.820303389231753,-1.13711227185317,0.561106783145777,-1.34132948150233,0.712459734501913,-0.564467616121126,-0.731243771939119,-0.0791777959727542,-0.0571471368836279,-0.0566185598187411,-0.370408258785157,1.24310411059264,0.401401385897018,0.938481261843878,-0.385272540511038,0.114652271941867,-0.706151322524509,0.579385908098161,-0.384733864412968,-1.13345647376939,-0.157344242128218,-0.299801169831608,-0.706548500186516,0.787871315783426,0.213359546831334,-1.82225964142827,0.319455789841436,0.646337682996399,1.06484304703674,-1.71134949400586,1.37398267085774,-0.122950676050678,0.174398226368626,0.572951163131796,-1.25275734860141,1.14631080787066,-2.35345347541616,0.656865714694893,0.22482413148676,0.878492278647073,-0.246029533819073,0.160988590489599
gene919,0.5434579216213,1.40057564388041,0.19602461800729,0.16342854022208,0.365906356423805,-0.751108222772801,-0.694560456682926,0.295579739543745,0.232897919244904,-0.167844587440555,1.09138491294452,1.15804692506317,-0.251422005629709,0.0564434471978928,0.752359339529419,-0.294614035927298,-0.627894776086576,0.971453801535625,0.273271356249891,0.549025664440785,0.684157726123723,-0.682624687694502,-0.621408390514353,0.701061613416067,0.772377155577602,0.441905708446688,0.811916914140002,-0.737850860777658,0.979915831054603,-0.827670528193556,-0.476213741483738,0.170651824171076,0.208243019416755,-0.821659275024945,0.455163160766917,0.950810517727486,-1.19809742135875,-0.393394740422774,1.08232939278546,-0.780807080736319,-0.1474656288726,-0.883268268059396
gene920,-0.836835022350765,0.662574473194912,-0.716252239810708,-1.04903737425558,-0.324772454149633,0.743442027126479,0.361598506354966,-0.522744653904695,-0.570937802324977,-0.718162936090089,0.882367086094608,1.13122860065436,-0.167549694483406,1.03864620252225,0.501648448295234,-1.77339106972726,0.628306157510849,0.517650408373377,-0.0376124307823335,0.206391721452391,-0.204379408329156,-0.207748321950201,-0.433742840176488,1.48937095531274,-0.729022874822392,-0.925252295097699,-0.0290166666233331,0.193210197807755,0.676865646162143,-1.88555962273777,-0.122351193783791,0.389011891567799,-0.0130944725686298,0.0820391773770729,-0.624557715943969,0.981304505396495,-0.422946675699077,-0.412239584726633,0.293157240034413,-0.222377117857041,-1.0699180598211,-1.37217152182119
gene921,0.0377840727462517,0.509086466491506,-0.569995196030672,1.11036312285147,-0.592132799692457,-0.451410212504316,-0.0829790761173611,1.1856253372255,0.266316639424265,-1.58874518559141,0.169238236796623,0.366476224273407,-0.537242549744683,-0.130336139916073,0.278608993949144,1.30656623744911,-1.26082559907433,0.0775906582399511,0.515418309197108,-1.33727239422649,0.642360665339252,0.474306515509287,0.192128226255409,-0.79263289687186,0.365812758552493,-0.155290140011678,0.0976733127246333,-0.42251738989802,-0.0607021000164215,-1.26039140365119,-0.62712426470391,-0.442410257679308,-0.423504476247995,0.70087952286112,1.22830028805607,-0.124678375155727,-0.0789470760927589,0.234314877799495,-0.977900925293241,0.152552223137791,-1.25221139242253,1.62893016062917
gene922,-0.241047802022413,0.348386617104789,0.244006727914156,-0.0821756530535856,-0.835610549142158,0.843641516902111,0.0747709811313856,0.665005991931101,-0.442914367957689,-0.564025298529385,-0.219582104915588,-0.932242623474506,-0.456826715638807,0.459196995024248,-0.132174423017871,-0.845236863107313,1.91146793315673,0.193396348558342,0.557631552220843,1.22480098684559,-0.496269577647847,-0.299897079919545,-0.161074662971443,-1.40889622645738,-0.151309206781525,-1.12618802004312,0.0278715316461981,-0.0286593383617769,0.204943876711712,-1.66937269600994,0.971946598548971,-1.4780088372116,0.37173845005705,0.390360381991401,0.767661495191859,-0.341229147562376,0.0132804196524794,0.527406868064915,-0.166869674991042,0.913779553772266,0.0881232040897488,0.541901169206383
gene923,-0.0826934622814055,0.36812034138626,-0.396967838526542,1.04931534360997,-0.214215798822214,-1.15819776136634,-1.36466298277669,0.494057574506802,0.157777226666442,1.41255848816853,0.0314050536620015,-0.374930439461014,-1.07863957277828,-1.70126814374811,0.0321663913608959,-1.02236024024697,0.285339880548009,0.548168590582796,0.0852632962889225,0.195266840452643,0.160057441838355,-1.24932822653613,0.208295020061904,-0.0237624116736105,-0.082761961809405,0.0286264404879107,-0.836175916508542,0.934385919706764,-0.336780557819988,0.658439030076002,-0.557026332762494,-0.130366011237672,-0.717295834208317,-0.79663886619712,0.0451228210938923,-0.039999697662512,0.916063286593152,-0.0081144211925836,-0.489611755909803,0.332764787242604,-0.214904434451402,-0.529871967258092
gene924,-0.845314674256454,-0.0053063882951385,-0.876155032709867,-0.782757294799038,-0.760338556823816,-1.46053484323307,1.30064902066509,-1.58199882320138,-0.144365239636717,-0.234305949333775,-1.26682627307777,-0.407291840840449,-0.10779853850613,0.359994398997778,0.282540501294694,0.078182638655384,0.248674243865613,1.36643004668871,0.249244729372648,0.409037824607241,0.89027631618293,-0.0386606747498393,0.0068227629960763,0.457563561767645,0.457064662081037,1.13697578446082,-0.728667936851936,-0.406160543378153,-0.368113573384586,0.943482388280951,0.120077045231349,0.920040052704713,0.824844359003037,0.348250650878856,0.339279385079021,-0.306280282494549,-0.663774305441192,0.231058209858085,0.152190034404547,0.38383965728169,0.983720407064735,0.0317891757109462
gene925,-1.15809129416638,0.176760225916628,-2.41474372950673,0.351691744834559,-0.250227768020877,0.309225877933356,-0.329391751631304,0.413880540775518,1.35196049299279,0.48486696217742,-0.45675061056583,0.464098242217993,0.246156743775089,2.65180763928616,0.647330993525297,-1.26537113472711,0.364645062667803,-0.854506545152254,-0.588775625381854,-1.10315819706816,-0.226320418978925,1.05417703975312,-0.10520338470351,-0.67470220469936,0.730191696573366,-0.232447495171105,-0.518123851437787,0.178183529129392,0.223007187548821,-1.22121668144231,-1.23037996190313,-0.654116675747677,0.882152848666154,0.0770735624141964,-1.36863371019794,0.0566933216078959,0.172181363737974,-0.341655277743236,-0.449879336088026,1.31452962765848,-0.20621264741833,-0.156928728817143
gene926,-1.06914169316531,0.0890112045301653,-0.110898897081827,-0.601868129848982,0.568433500419774,0.355555199510731,0.364566628349666,-0.413912195366774,-0.376275830637464,-0.646100680013663,0.18248641847758,0.579821656078672,-0.0912169832170726,-0.009545999712959,-0.084322611309509,-0.207583965164551,-2.49215479127092,-0.504043662861732,-0.0979588716659359,1.08780946727574,-0.699071009533425,0.559538764067229,-0.756751554890366,0.495846711272575,0.729278907416083,-0.288922775615255,0.473550121786951,0.157310441570713,-0.297374590095794,0.694934463769167,-0.319585855477682,-0.115645262304542,-1.83688293812049,0.0354876794487263,-2.74100035371323,0.919433091266561,-0.425801631836556,-1.68451864516025,-0.226792490213209,-0.992623202646728,0.18573170325437,-0.120461224406917
gene927,1.15103282603241,-0.496597279097297,0.184616398993408,1.39812776148262,0.547953196013581,-0.223944187947078,-0.136335804236438,0.174752630430462,-1.2308959181873,0.2065628099031,-0.270309896979081,1.72055352914848,0.0993720852990746,1.33478517949177,-0.785669424257884,0.953979059157187,0.134315416336435,0.930626223290294,-0.400722027691538,-1.57668950953834,-0.317239743953063,-0.132832146950743,0.591769825063361,-0.859211324979532,-0.838170151684251,-0.574334542352086,-0.202626572580233,-1.13198053741924,-0.054349238655746,0.722738890511119,-0.7432585536769,0.542573124141469,0.558616003473467,-0.199615012070966,0.499681652592206,0.199838316412285,-0.543565924533755,1.04359547280495,-0.414297461595942,1.32713104939667,-0.82418041854199,0.886415964268293
gene928,-0.23416901657757,-0.557674735808405,-0.388497113737745,-0.126140917991968,-0.48973423907591,1.03235255341979,0.815652022084828,-0.92455865148504,0.0180520002859299,0.926160764272984,-0.328927018598222,0.286609715313125,0.0533106717410957,0.174019396019925,-0.117012757685565,-0.58723914613872,0.203908010495056,0.235466073395377,-0.34147724497442,0.760075260409924,-1.55737649589134,-0.322293117912817,0.0481358769883414,-0.0168085541639711,0.217947337822931,-0.322358511155945,-1.65073918461486,0.0614909554727965,-0.153437383952123,-2.1959305121624,0.29060365374908,0.450838511044882,0.535237217501284,-1.23282900484431,1.44796647119724,-1.37635904444713,1.2732949280227,-1.10980899177494,-1.06922876173674,-0.0135733682662951,0.260160326547209,0.472618108140929
gene929,1.10320376944974,-0.626333871927462,1.54328093371541,-0.774996970178572,0.815676244324485,-0.400598509778268,-0.0212396487317773,-0.103155699919302,0.373940741776108,-1.25193474305465,0.187675914404659,-0.467038314763621,0.570038615864851,0.295750241478067,0.0895285751051904,-0.120219143446131,-0.0681345703047046,1.16838079648571,-1.09565787016841,0.410982693816691,1.80430935830583,0.352660776719853,1.48654394357938,-0.369233577638429,1.09826836443199,-0.331213915146256,-0.237614517674682,0.0782816034297334,0.0136571070508095,0.589657716097494,0.195745517379819,0.402910413243209,-0.550009783921406,-2.05327036862549,0.371180672840581,-0.198818388436112,-0.262218348325243,0.758241856435167,0.919509735839899,-0.131064191464638,-0.162644453823543,-0.0416109978777188
gene930,0.755357105334547,-0.371015779104404,-0.285449578841428,-0.464530896105971,0.956905099207126,0.922862677392881,-0.467096498959037,-0.135049658431282,0.799214188894901,1.77870352248589,-0.466038959390274,2.1924017870318,0.135137194737573,1.29364718399327,0.810537431036335,-0.427783141013662,-1.10826974927316,-0.912923612121362,0.96849741112235,0.927144018064197,0.50994402568441,-0.394554337390435,-0.471210743238502,0.314221819590567,-1.79135700873839,0.096510548680363,0.0464829708969677,-0.345901879576765,0.905270088776699,0.708091232230892,0.629604021603916,-0.0556947823143035,0.511825236564302,-0.242442901276408,-0.0294903530900926,-1.26583198252706,-0.188651527037913,1.64817618546423,0.5873007065253,0.79256715932853,-0.529180585404645,0.126533755852831
gene931,-0.123312633745967,-0.2221161279478,-0.440106928937023,-0.746234864361437,-2.61986509318022,1.37146810054069,1.34641509076839,-0.585526020753442,1.85381284152496,-0.287646702109789,1.58036659093823,0.547040958401473,-1.12457017236317,0.583835528610608,1.28663861629829,-0.314743207683785,-0.435492132284639,0.913193147733513,-0.604014854833147,-1.20972582681993,-0.348738094036615,0.132391852423928,-0.0929500119389472,-2.04867219834641,0.311814192789561,1.57806491788739,0.020059584304001,-0.747879031609519,0.674292311896514,0.358682278511142,-2.00551242805564,-0.22216607527331,-0.112233531577735,-0.340309551809792,0.331451553391782,0.262982408387371,-0.0773103661147974,0.809985215360463,-0.441024419331616,-0.383565744513351,0.0704636959388134,0.405364938335005
gene932,-1.08472414844408,0.661682249574919,0.12235233268028,0.532133620407303,-1.54732687908375,-0.005523431100239,-0.535603501891487,1.26281787645907,-0.504447297220007,-0.46736228828635,-0.807853319371248,0.427288534248151,-0.344606631138145,-0.0092936513095553,1.39577260777428,-0.0741534858654539,0.672856595061662,-0.210120689519023,0.982218985284144,1.0790246356579,-1.18129692351605,-0.0450075491007197,0.443337862201855,-0.642068785122419,-2.33305829163192,0.334754451740774,0.0724558966725857,0.150886017679281,0.629961193324671,0.568348391375934,-0.212389699749838,0.10586211467209,0.763749975488358,-0.466834166949475,0.0382924270719891,-0.482521345599486,1.0830689961834,1.75681254543352,-1.22835682660377,1.79767274248567,-0.221725652413964,1.38845346870152
gene933,-0.470057105492084,0.860254734753864,-0.556538786637498,0.290905432212341,1.05169176228522,2.32162077162646,0.061429019514245,0.357895039656489,0.599729705981863,0.368547317143803,0.16568961386608,-0.174384343253324,-0.202739573615836,-0.0002413976453632,2.44051084620503,-0.628560680066935,0.215089601982145,0.244751685001976,0.119630506007582,-0.787183826489126,1.26206203303856,0.374196814399868,-0.32353078216046,1.29385064637891,-0.682284896984874,0.124160929225337,0.735639538819179,-0.65775088322167,0.288413872534802,0.456544478397509,1.28099542005708,-1.27887203617383,-0.151160934569695,0.427893053840027,-0.415445138287591,-0.201586983457031,-1.00880586704519,0.262684732516515,-0.0532961996877027,-0.661497161833151,0.547017982351579,0.112203726190178
gene934,-0.314917532983884,0.162565419677673,1.2618153263133,-1.04879725412975,1.01851227008871,0.1848299251505,-0.449752921385163,-0.588411438460643,0.501045603210035,0.593628873339914,-0.105300258718581,0.634301491917602,-0.345224714494982,1.2988579486691,-0.933462240737582,0.328177181122185,-0.103949688933494,-0.28550984531934,-3.51243310211385,-0.483612325115813,0.175381785857002,-0.929101775304011,-0.314673402263548,0.346263009909812,0.174180802620694,-1.25933324171931,2.03317584391275,0.346953689983006,-0.138372432570661,1.44544622660011,-1.15721895957224,-0.955184528531839,-0.462933328013449,-0.495195410948657,0.090293585109714,-0.748465173760211,-0.454163186757353,-1.11385955012737,0.030348496966421,-0.471295078549131,0.0660884917383153,0.732991702468165
gene935,-0.189933831664392,-0.94402330754774,0.491492653203876,1.16740200054241,0.284138489579108,-0.167632323000601,-0.316838857662268,-0.347559421158037,0.674535046091344,0.0220225729355768,0.209434611079906,0.803611329288996,0.975859125333544,0.211336106113446,-0.970449200256793,0.143424891953282,0.505443700429597,-1.306339082231,1.00316355898481,0.602798069585409,-0.121351461538885,0.0615381458150112,-0.17577694616958,-0.219964924643959,0.10838189954121,-0.876314631848015,-0.110148474799783,0.367948208311484,-0.553491561645834,-0.131654344985646,0.0072815342878651,-0.873370026377082,0.549540130271732,-0.328733830043405,-0.913224619976039,0.786367364390757,0.124670703662347,0.688271537530332,0.34522182223929,-0.359377806073075,0.26193161744474,-0.424450308024224
gene936,-0.141122183211357,-2.80930762837829,-0.135098970322649,0.0358483633016543,-0.260348447631088,0.261971588079391,-0.790815773020639,1.11036257013275,-0.361593427281559,0.767361133201827,-0.653153456823395,-0.12286941833635,-0.460664158288293,-0.0086177458445829,-1.44721645294063,-0.279900881648128,0.142140239925059,1.36695744327665,0.743996084131875,-1.85764511451239,0.387643811065988,0.926022546804164,-0.345095777018364,0.127073668321351,1.0889045773948,0.266201860698837,0.141972568462318,-1.06366180652766,0.310702559126825,0.269361213028042,-0.150871132482002,-0.207527024604315,-0.804667665601179,0.285781912129639,1.68164913897834,-0.0480802729581906,0.114684185006302,-0.253101546815278,0.697003427694516,-1.00442257531434,-0.423951710104444,1.67908572121893
gene937,-0.179615995312358,-1.71480058274898,1.0324075170349,-0.223066169742715,0.507309065608251,0.747795372402711,1.58286737289383,-0.659154738709966,0.418883069508105,-0.205346183904707,-0.0837852038301586,-0.807305931611062,-0.612649898441419,-0.0449547012077851,-0.277241739902077,-1.30082721780369,-0.106692246511856,-0.0365588995690253,0.390195723671701,1.6055261945748,-1.53555651287947,0.393409704433807,-0.398007621979686,-0.0693925149715823,0.0621552090346238,-0.735274113816672,-0.284519323023151,-0.449987037063148,-0.0925203358917067,0.732739024408276,-0.871200007289908,-0.188032532085155,1.22529586444012,0.391664108560739,1.59855696719793,-0.746865935156533,0.756286599748981,0.772281903329438,0.290663747958984,-1.03843522955571,0.384957167910489,0.535972604174443
gene938,-0.23900737300994,-0.429166373162615,0.483696558527656,-0.0507062344904526,-0.797483741257952,0.3180841307909,-0.108082052713331,-0.103109305522673,0.173670337347865,0.81025127459989,-1.45370559087663,0.845842946597911,0.886076545651248,-0.511391693068813,0.0313488821149688,0.542674456341773,0.280800374971118,-0.276606370327436,-0.261841415172148,0.544757771984642,0.327642555890175,0.961679682077491,-0.110316312624805,0.0415057898798882,0.430524672371118,0.280361438260139,1.06673766556246,-0.119911101086248,-1.77894105928763,0.0746756681604045,-0.595197116478341,0.607981224153335,-0.220254049782586,0.0093566327223141,-0.548836409694089,1.00633056792052,0.572315768411952,-0.715888803404726,0.737776175417943,-0.12961683177662,1.05563495803822,-0.407268054492211
gene939,-0.564407003716618,0.691084929286817,0.140240751492176,0.289316136963052,0.547891083605344,-0.944159968116398,1.44201789911742,0.363587573758024,-0.730922293908755,-0.78899886762769,0.102138260570641,-0.576771721024692,-0.51423480670038,-1.16723134388553,-0.310707078268929,-0.596734533859413,0.902743034545961,0.227648149973813,-0.727622252406841,-0.656628848247023,1.0624375387722,1.20701131151162,-0.597710859760657,0.913510601175594,0.874001373642196,-0.865553352009815,0.694636241564186,-0.741532690022093,0.152723847016943,0.572887961771754,-0.83947840287836,-0.370725972690661,1.07961903590404,1.09009847528371,-0.930848919911069,1.69249741857759,0.362336187458055,1.43315812396359,0.0761346565427769,0.0458925375792561,-1.03883744343558,0.623089591775296
gene940,0.253907615320764,0.0380457421292374,-0.350989160940584,0.113922720745257,-1.0117348567301,0.607463372436406,-0.277089807361484,0.016162856305753,0.216596010835667,-0.210816125233539,-0.132081348243297,-0.370663070809333,-0.184312658682229,-0.0217621801438561,0.316862652873256,0.217440370825335,-2.50875189603672,1.35707821591748,-1.8252354189932,0.276137787525652,0.506443255457897,-1.22563333982224,0.479222149512094,0.378955208008384,-0.064495424633942,-0.584158472522288,0.410702996389224,-1.31886051812906,-0.594322685415266,-1.11023281859744,0.748347228558932,0.122473770870145,-0.299381263520979,0.939405571357959,0.397676303132913,-1.27601514044501,1.13707415427931,-0.46346518854242,0.352013946491257,0.106543738885505,0.559303803577125,0.0789433190032728
gene941,-0.707624888452306,0.437422024666051,0.834335074261098,0.310945280540052,-0.509776317520513,0.840460272360375,0.975517507079608,-0.58331144046254,-0.667785654796051,0.0729174278978121,-1.06239229516754,0.427353314379499,-0.789276960147798,-0.350051782509685,0.919696485635357,0.727230024417409,-0.324063639628524,-1.06668253523647,-0.774250994353743,-0.76567496041605,-0.316824520889256,-0.962840917296943,0.0120594606357007,0.0619632239356505,-1.09265108512321,1.27738206761887,0.721217792969419,-0.0207567902555089,-0.302384856526601,0.334160384111519,-0.786796647695987,-0.733076973280487,-0.0122063850779542,0.61623029360779,-0.0282029414773252,0.813209803643688,-0.445256607821477,0.221346489058932,-0.0742627038196903,-0.577335864812682,1.32715321608359,-0.649288297701673
gene942,1.7450475885441,-1.18149101088004,-0.0249708094268797,-0.126324523846749,-1.55024898940031,-0.159920254033176,-0.0735142924144401,-0.330129887105703,0.218858467784197,-0.117162365328946,-0.0690157996092165,-1.16118281519524,0.218743022780109,-0.759060265111807,0.750680507780757,0.343208592641029,-0.74219982085836,1.51834289673358,0.136384537817795,0.660433478629889,0.0653184089307006,-0.28517684131943,0.137125244396499,0.313020676778127,0.564758367673785,0.0791048001260718,-1.28383437430665,1.91077790130418,-0.385709972222008,0.0155705682230046,-0.0417899836846998,-0.220014918467713,1.38654003333195,-0.0831221540662465,0.877895022812655,-0.148784495631683,-2.28670956040197,-0.889537885599998,-1.1331567067075,0.421017142947159,0.551313643681348,-0.743143834613966
gene943,-0.900549722794766,0.452337080330057,0.722897013481,0.975713215504049,-0.488913499249408,-1.26243539823696,0.038374450483464,0.0763203260572063,0.575170330306179,-0.286283933732798,-1.54838996180133,1.05697295998124,0.249891301734951,-0.333988104721784,1.47343206241717,-0.38309393127149,1.1853225145719,-0.510452637000322,-0.637326352408303,0.138843113684528,0.188543637444675,0.760186378535726,-0.706792614840985,0.855941253096483,0.703909140463878,1.35367619687778,0.660339667669742,-0.338294559640867,-0.343986886130083,0.0156342883808918,-0.905442193074457,-0.321263027734328,0.986361728013504,0.633566352995573,1.32073845121205,-0.106257228422299,0.427272837524706,-0.51465155212713,0.695916484694681,-0.0352949047071777,-0.3189425081146,-0.0699532236768581
gene944,-0.633673153290513,-0.0721684265547568,-0.289859968336549,-1.56434924740723,0.268233024427975,0.710474113863424,-1.90233346511245,0.700357170184002,0.183850596451878,-0.766032550135399,-2.0028314952477,-0.824323406623673,-1.27454127394074,0.612727437945618,-0.375647947661979,-0.0685970532381294,0.166504235783314,-1.56050147311167,-0.341051483859067,0.435230204168153,-0.0945810876724628,0.722372100902496,0.315700592802955,0.302470117457291,0.561322810957449,0.637501272109358,-0.384787840529368,0.322965666765853,0.473257834024917,0.105049924292891,0.609095144278472,-0.196732768569767,-0.0286770403568029,-1.52317507693113,-0.751625021913327,-0.909257507930313,0.888619109903308,0.239163550042249,-0.194199586347388,-1.39266473829341,0.113508609465267,-0.933677070938667
gene945,0.590182681847341,1.17018481526935,-0.304107449397015,-0.823703692938384,0.394373617019839,0.865684238764842,0.734925127972335,0.136006402421154,-0.850304346292165,1.26618191331201,-0.851558523426241,-0.537631404749302,-0.414201524945178,0.427129197498682,0.357439591521775,0.201533117219826,0.783360561547348,-1.88129677364998,-0.487561958231141,-0.0796624666552251,-0.194802019884406,-0.222015953747222,0.133367594080991,-1.23115488395414,1.06461458599707,0.722656022744785,0.324496659818871,-0.674594893833437,0.423605593474433,1.47763845803555,-1.50279772462031,0.813549564963719,0.173889005449448,-1.06761094781069,0.692590423285215,-0.617139906687541,0.547784901692436,0.145522191760166,0.0595889673489587,0.0362198467889351,0.761598265021758,-0.670669139460181
gene946,0.0984190611271191,0.253108676137866,1.29607901594094,-0.221692835708694,0.99780898811511,-0.166581180869762,0.605868410465891,0.164587942088754,-0.0696844872939126,-0.346512311663487,0.887043312423896,-0.353295560198602,-0.451749861716908,0.0709585557782164,0.526537930783067,0.375968976178,-1.33594583416948,0.563024217839556,0.452921218120552,-1.29675864716879,0.926576999326065,-1.30418567966651,0.725217146000146,0.152094000750594,1.0115364153835,-0.355367132224116,-1.37824713860618,0.161116964781055,-0.339085975983063,0.246037242992903,-0.166475340236356,-0.91959631549181,-0.217369754916468,-1.59031303863912,1.13438315421966,-0.12597445861734,0.987372421627353,1.35323863709758,-0.409138484096319,1.09054670073855,-0.85498826431659,0.73486152461069
gene947,-0.130367771152204,0.71200406615128,1.35090314332234,0.246575219307272,0.514760494712797,-0.15234415568176,0.0202758290776829,1.25269575099544,1.25341089197779,1.00684750302957,0.103987762189998,0.241108184173645,-0.944407974377841,0.569633408283288,1.31456976675258,0.548909740291989,-0.231670736835406,-0.79279402856341,0.792086279766842,-0.305362886883729,-1.24827919179669,0.641094049423398,-0.663546342173989,0.617469801201105,-0.73128507127935,0.82400925698665,2.4957191289668,0.932840109705585,0.339115365030091,0.378488162075958,0.475057607634371,-0.588561878039213,0.106388752511112,0.225913968262038,0.0764823167335326,-0.769218755219135,-0.892378926656654,-0.452730300794082,0.229469145168752,-2.12835678336475,-0.263909695483794,-1.82993970421846
gene948,0.0101666049335072,-0.313142951661938,-0.793835679342776,-0.842932523549163,0.40823134611452,1.14402761706099,0.24426803349321,-2.0056428608429,-0.725742488452681,0.257971291085069,0.313314846889653,0.269962562345347,0.144000905222435,0.327984566003285,-0.0073135719234497,0.0742475766939327,0.270469161574657,-0.0802125897201917,-0.380349405429878,-0.858328865325003,-0.0618163330493308,1.36664605815748,-0.644829829061364,-2.17890014915643,0.383158159680521,1.11568487846821,0.009073402262197,0.263862382316018,0.298746194966733,0.499789325414301,0.244863117822769,-1.12926053518877,-0.0661916789601663,-1.35578995356571,0.594027028537291,0.933849556880396,-0.326769315073725,1.13646743143636,0.689756685071664,-1.02681616785954,-0.643846280084143,-1.16492956032322
gene949,0.0173232633460049,0.605134824916925,0.62217682033167,0.711913279708054,-0.0008898975213132,0.397199877424989,0.605641858524804,0.78303243066118,-0.37460660130774,0.0282140122438144,-1.02931599104816,-0.522574607157973,0.0695902983599877,0.0297475669448169,0.155897648406896,-0.327989122181256,0.108351265959303,-1.09386979935395,-0.15772987393105,0.293149390433091,-0.446132128243552,0.35156863687429,-0.458767616860963,-0.358693812944425,-0.822599239926327,-1.19545354897762,-0.602729049891133,0.71222138116593,0.0167610459998183,-0.115210046310546,0.445514810120398,0.0902158264817135,0.261273833322743,-0.256356267512817,-1.3262376537183,-0.329679628513216,0.107146078305397,-0.0576385192548017,0.358632938707579,-0.325214727258126,-0.0880738712994037,-1.04348354088821
gene950,0.20257940114941,0.0249803144275241,1.60071990343146,-0.481913849607585,-0.190013489274207,-0.081581813329048,0.337902205059646,-0.579892973694331,-0.1765527189928,0.394132105399184,0.373157602599736,0.140017931497335,1.41171628155929,0.520213366700257,-0.0839026383499638,-1.55508549116442,-0.208869234619158,-0.300144217179617,-0.839697502533445,0.407867913964513,-0.639869107472133,0.636932533049839,0.712207923803026,0.475446745117195,0.583599298612614,-0.227061845375773,0.187031027726765,0.368174789026992,-1.56828275012583,-0.0349992697028085,-0.167532304903967,-1.28875644610823,0.661132024721865,0.16372526373331,0.992942009782518,1.03865523694369,0.0637634372458843,1.1201172131655,-0.0012510118816534,-0.0407058920287541,-0.791724065712,0.475535911937639
gene951,0.0315004663837096,-0.67113737741732,-0.925586703674028,-0.0563818118146071,0.4118981562253,0.325108026657199,-0.243379086605488,1.15860633802784,0.729097542533941,-1.59171227156353,-0.567045133545739,0.499551096446551,-1.89006559880919,-1.14615199346372,0.735763485168987,-0.397304997928687,0.848856625343669,-0.141473241600738,-0.676837891175681,1.4397782471082,0.886437118948647,0.0263497740545173,0.777352715090296,-0.744895709119226,-0.583125753492118,0.0109973000596992,-0.130658547423062,-0.312810430088205,0.570092575886292,-0.162257242241798,-1.10059951417841,1.33041734532087,0.665307397784373,-0.568756756829844,0.0214206612481455,-1.51819759325224,-0.203710086179271,-1.0307011718366,-0.798437697845267,-0.0031985221638776,0.243156224420204,-1.14636713287747
gene952,-1.14770196625267,1.04129779145011,-1.80609884636826,0.592075871438312,-1.22678474422755,1.34384491593331,1.12228497656827,0.52781779549356,0.065821786174269,-0.905457824417253,-0.241205728092653,0.063935815692648,-0.315168738324148,0.569318754908864,1.34629743441128,0.497771158255747,-0.318621471819888,-1.52354725894135,0.631160252358902,0.416092163974113,-0.0443079719062464,-0.764801262300818,-1.33141289176761,-0.87069863686593,0.473237428907874,0.108740686865091,0.0897819930740664,-0.189933095343935,0.667881178028126,-0.177041156404719,-0.32721346641461,-0.0450491761309673,0.406064729071927,-0.892154488990624,0.854885194156935,1.80511017260382,-0.0390580007504297,0.805485973717862,0.626328410553638,-0.0720223074278764,-0.496643007753275,0.214519983745733
gene953,-0.0546186163469293,-0.125007285381871,0.7138587004459,-0.652790094294612,-0.0751308227164076,-0.388396142845338,0.2758520441971,0.324493379901817,0.379584978800494,1.56706047217538,-0.374690989596666,-0.497450672033203,-0.261683116499783,-0.409081846876611,0.0021292329862394,0.110947603920009,-0.258795551661617,-1.1725191078809,0.756777362358177,0.638249882119692,-0.473888463611398,0.216912292294739,0.0312854476887864,0.117130405078913,0.290928786525085,-0.727773129304441,-0.102656783248734,0.338739688730615,-0.431672989718182,-0.384625973083156,-0.160376759112083,-0.0363327942143523,0.864457582094317,-0.501096463733549,2.18272983304953,-0.125579034530516,0.580796902346004,-0.62576185263476,0.536443703112908,0.974042710569788,0.190189919547856,-0.396500174404966
gene954,-1.03513965526409,-2.12303392654943,0.655509011056774,0.460035996916764,-0.631576387763962,0.0307916930952417,1.55853062623018,-0.248709098559864,1.23134742679225,-0.0120763981631165,0.579047210191737,-0.156431600331928,0.195353130929589,-0.190819501862299,0.607571363487682,1.29940608994625,-0.685331817180592,0.732222013612668,0.526370702013582,0.168748294587156,-0.0553913115832088,0.311314017566992,0.47258481057643,-0.355296141091403,-0.0658271510085752,0.130824219320127,0.150313779307484,-2.60696965634132,-0.417772923629887,0.971052904981381,-0.144224215057967,0.157469411442808,-0.204159482297974,0.699405240762112,0.0278957689649668,0.105865557823989,-0.402045573725295,0.492454986010047,-0.513617293547361,-1.158691126129,0.249278397984831,0.764666866389474
gene955,0.40703228430895,0.11604763075465,-1.42743517090055,0.649040258239759,0.499519859737601,0.775405586459548,-0.0780371525227943,1.04340807607248,1.18773210910649,0.699258527817775,-0.088251187449593,-1.1471451790921,0.712880785886056,-0.615263575482036,-1.45146551730614,1.29548883116033,-0.11587826091946,-0.618885596607681,0.160026764082557,0.0866199293369899,-0.0083606793337009,-2.01996238732092,-0.26603112105245,-0.698758951249514,-1.03780666330818,0.313238642355298,0.505523883291674,0.463790102893278,-0.001717073037169,-0.80364555733297,2.20849311099401,-0.0266676187929901,0.211169040991784,-0.417529974077908,-0.696956399667678,-0.253050251505402,1.02796003447551,0.564475363799968,-0.54312439302026,-0.284676015374229,0.234260703152064,0.301722452559435
gene956,-0.405399063787386,-0.0499259310199288,-0.784130097702667,-0.385244782037609,-0.274621553322121,0.476434897392054,0.377018648345652,1.04228939879288,1.38321116609635,-0.186130070810843,1.17464102811776,-0.469187547127435,-0.436296784003264,0.912923552877865,0.169597614893348,0.32575710054757,1.38949194077839,-0.134980706031476,0.0465003099291674,-0.864314276452753,-0.769125390655307,-0.202988713004061,1.55209679235938,-0.401815115699338,0.0391819699323783,0.346266168190843,-0.122397675315875,1.06520604684963,-0.903784114882732,-0.069183399190225,-0.168467443731905,-0.65392468950814,-1.30239633123514,0.678565120425796,-0.896539051391558,-0.0710965908942539,-0.199853594737241,0.4562317745357,-0.485838522456662,0.971488318138106,-0.698789150059205,0.296828009914735
gene957,0.327339902128881,0.384368942448923,1.91219395994063,1.53129707588807,-0.07317994526446,-0.186573091866935,-0.544427612722745,-1.36357472117161,-0.763345325346238,0.218297744786245,0.323095427333365,-0.101015718706769,-0.154451788491678,-0.0481655570264479,0.113396243177031,0.153670583107654,0.104718421785327,-0.449343373421919,-0.0671998647045289,-0.0619932383832733,0.322928819864243,-1.62112073390922,-0.400543450391656,1.02640065960716,0.201820636358509,-0.0114904678824379,1.28957978286326,0.109349492287271,0.349385025107811,0.313660970997084,-0.793972678595722,0.975814911608842,-1.03459745683485,0.142465766344151,-0.317422124449609,-0.0095711204097728,0.14490181409625,-0.0483241075679994,1.55306686191473,-0.83332732365457,-0.590091573085613,-1.60954580706763
gene958,-0.207643749935965,-0.133599386264751,0.126539688937624,-0.550763230114891,1.65365647531207,-0.588562358501546,1.5918003406374,0.356965399402852,1.09158815877972,0.674052563676845,-0.431935124189437,-0.308669674778895,0.587185642021103,-0.449708226970821,0.785467660526761,1.25643157348347,-0.848684998485,0.387379362855109,-1.41285556624219,-1.15197055584899,-0.552332987182564,-0.721143404793894,-0.556552901464586,0.80121877519313,-0.528219589357722,-1.41940876113492,0.0917306027736472,0.515148435722957,-0.268136286868707,-0.140232443866071,1.32919881020597,-0.660822828854336,0.120291515073948,-1.61665676134878,1.55206545311424,-0.67092609813922,-1.05828023583409,-0.0592953880183077,0.508936157637257,-0.594871339429078,-0.491713799112035,-0.570215910358716
gene959,0.0988509772816884,-0.784067832349873,0.445860070815368,-0.601825174380119,-0.108697264810469,2.43905542679579,-0.550898243457109,0.0539056366066498,0.602764973222164,-0.698971739498,-0.122260905555334,-0.437790825671145,0.828203302747099,0.148908560751844,0.4408642088048,0.306533902507121,-0.673978800929608,-1.05780804472684,0.729840607540879,-0.294294256390648,0.849668745619169,-0.0374272861047139,0.617562399929767,-0.0808015265309297,0.414406207448017,0.577512358954473,-0.298392063245718,-0.704117814620284,1.07744206120253,0.0318395034469308,1.57961021966888,0.124128625582563,2.05474956061772,0.291746055145908,-0.510951918346517,1.07585693837076,-0.516033686595698,0.0416589805799575,-0.114298854803859,-0.458875202345269,0.462077887179888,-0.368559396728532
gene960,-0.296524741852811,0.953777298815281,1.01173577545319,-2.04858562785403,-0.612207453100354,0.411771201166169,0.724834799323557,-0.330974352319584,1.72301281764783,-0.0906850307613463,-0.683448897414399,-0.734051115674538,-0.0400873901311054,-0.754999319104124,-1.38147201594605,0.152330854298751,-1.58155624910714,-0.177185779260254,-0.744320691584105,-0.566063323335354,-0.443243944048074,-0.338261228872379,0.456007435768329,-0.152182397198445,-0.465829976386146,-0.105074872067437,0.280139505934173,-1.01637066355225,-1.12453060707361,-0.116570832349838,-0.942183482922997,1.33473864799352,0.351825982022686,0.559748206027719,-0.735629711789755,-0.457741079231015,0.342566886894805,0.0205389629472971,0.744574413744263,0.0155810673388381,-0.0768182023318809,0.0576928335117193
gene961,0.779792094133722,0.992049034880741,-0.507882227979944,0.794629684724467,-2.37320885274064,-0.202531683926561,0.0625742540681753,-0.543383480560692,2.54265814197282,-1.15904348270069,0.939476616240602,0.615823817012941,0.0967454364576836,-0.0181759824299492,-0.388584435695734,-1.24612404347461,0.321334581790099,0.649717317664906,0.505302317303686,-0.200659143385566,0.376941395615092,0.0306175066684847,0.66146520238601,-1.53891457227653,-0.0864075918195268,-1.13250446893866,0.530937683227947,0.49613688936289,0.1961331525765,0.554960408631499,0.632152245642941,0.1436801830143,-0.12530267796265,0.620022501143015,0.469586679597831,0.283461741769185,-0.215406900829134,0.12411058720655,-0.751883790724471,-0.991753829734927,0.533579235407135,0.703867034272702
gene962,0.181324346468115,-0.171669515348167,-0.228300928300195,-0.626306598360669,-0.299425321934572,0.0951316798249739,0.764125028351193,-0.7974499615514,0.756388853368906,0.962857737620102,-0.0027699020975572,-0.365462066119496,-0.672611063264654,-0.300681673794995,-0.242198296692016,-0.0643560141018323,1.08531039076413,0.610997022268963,0.0811606781050652,0.0648921134274154,0.567431068271936,0.282037099470454,-0.236544070068603,0.120200580945545,0.185805001499044,-0.392602748437868,-0.0880270626143404,1.231273532689,-0.522210091967393,0.25186961660721,-1.1636111126466,0.008924689334601,0.782869753357932,1.79768685442387,-0.534668549195512,-1.95161781260021,-0.997134395176124,0.25707656666714,-0.346428672303756,-0.597021353520209,-0.579254560986243,1.05354569706139
gene963,-0.811113474949019,-0.317483329835054,0.612935114076498,-0.500353344896626,-0.175583182352531,0.982153108044076,0.81630023727443,1.02712973121993,-0.403721830421151,1.36352601649678,0.26142885282017,0.959645439098789,0.0724986309707427,0.140853555937529,0.335936615118921,-0.456722986216661,-0.561737415422845,0.0460327995665131,0.776100856283501,-0.873588686840145,1.94107129699195,-0.132946002082952,-0.2462244962612,1.37532870323088,0.346970934324089,0.332413730610775,-0.456917921449929,-1.40861057086246,-0.0288652061547774,-1.62814496176554,0.494295791447595,0.0616611862628495,-0.904029232739811,0.344317370572609,-0.711051845945806,-0.469032617324259,0.540331398978745,0.649399176035172,0.209437439535073,0.376066890196709,-0.711293102291739,0.162106507379338
gene964,0.927769796540969,-1.36160771952218,-1.01291418194242,0.686268673742018,1.4739643019473,0.862625726519095,-0.123468368041416,-0.574573512428685,-0.715347328725088,-0.964217985237119,1.01189063386071,-0.215293440129234,0.419591469305474,-0.406928870854567,1.20704054221426,-0.417525394134796,-0.3044758585803,-0.6846873964755,-0.0598597455987872,0.0268291979868692,0.0414844482994535,-0.285855368040227,1.0733080850954,0.539661739036936,-0.404390380623213,0.46271308572548,-0.0477758303817875,0.616146851195384,-0.928704942052771,1.08928530361789,0.130795403183769,-1.36500642195235,-0.951783045528755,0.497704721439399,-0.10087636070127,-0.603581427859452,0.534435871197769,-0.12471461180401,-0.261330473632583,0.200061217363498,0.102058648644447,0.144312602721303
gene965,-0.338934674815787,-0.230602607453955,-1.1322598420596,-0.167908731302381,-0.26934033761583,-0.317453997826203,0.0806100724916732,-0.827874786986652,-0.0511916647100128,-0.510433497059886,0.154366323337377,-0.536670481664024,-0.797272060235131,0.0150621071604655,0.0061656104536023,0.352590050950136,-0.0317270058359281,0.790859173119463,-0.872769349298316,0.339486044107893,-0.510668431284741,0.0917367041339401,-0.335941194755923,0.414707169656262,0.856966654335659,0.416384771998868,0.137643396905939,0.883229685641653,-1.37713173145181,-1.38978401802921,-0.690217370840267,-0.239025331668696,0.1189016473223,-0.424724147090465,-0.155610037042535,-0.419945955492826,0.971410754914265,0.552232750001238,1.02324291211555,-1.41535331982685,0.611150643440474,-0.0709008764519654
gene966,0.258426000454762,1.03265253985926,0.325523306117024,0.426649407342716,-0.359120071964519,-0.532836911524903,0.553325023874544,0.51255107740148,0.132398673590818,-0.0299476339189322,-0.0321789696331188,0.629828735703395,-0.259029657747427,0.0096890453311167,1.15500393327796,0.187595983636276,-0.207957629362913,-0.599903341161017,-0.90090161856331,-0.260863538726913,0.0075818947301577,-0.0649043496532985,1.38272251207715,-0.971934773374394,-0.455040521878307,-0.0049250016939706,1.32297879778752,0.164608704879905,-0.38281523195527,0.894976295411472,0.465938927426771,0.567413144487468,0.0964507259106645,-1.31372835852288,0.292749065230818,0.611462569057055,-0.743918197386855,-0.469955782126884,0.0885774275213346,-0.578710044415188,-1.08825607271292,-0.452835325238757
gene967,-0.512374417027381,-0.602437502185333,-0.487953182137652,0.861191299334986,-0.70080595392059,0.312793454348608,0.330874481951304,0.521910187746551,-0.644787152207384,0.0581661743872415,-0.170527901448859,-0.176743812300795,0.076994071378329,0.0786241412341846,-0.10399812127417,-0.0196198975554037,0.141555011581002,0.004492213838774,-1.25863412189405,-0.113655781009702,-0.0808636890297901,-0.309041636003193,-0.695153929457579,-0.384037070758653,0.690375313685738,-0.747182658621625,0.686418289943594,0.309164761441982,-0.399521184401466,-1.59302415914321,0.89786536062044,0.186191319194619,1.55028676073151,0.610854657232297,0.184782966278885,1.53080780163992,-0.413568398648494,0.383821780071226,0.438736492797784,-0.740218967866037,1.75507208455232,-0.46870951997029
gene968,0.571408207619383,-0.81410286055585,0.699614749292043,-1.37736257914119,0.195534736131034,0.135073622176985,0.412031572315144,0.161670583658909,0.812670079955761,0.854193745896153,1.50695717337962,0.272940425065685,0.230343006382602,0.157430010588619,1.08385105741829,0.0024994973517545,0.494911118354388,0.262516811088511,0.44916486213193,-0.585910101347742,0.709044794920754,0.60282481054927,-1.14731769530856,-0.684398246340174,0.199512740069575,-0.155801219944301,0.927507655740004,0.322269895161097,0.188015555822982,0.977793889894681,-1.89159696326002,-0.209288677792298,-0.807727864713651,-0.464592690666385,0.540251707577541,0.663570630268725,-0.894069878262549,1.46259800288827,0.495834891303542,0.413979074957421,0.376139407322461,-1.54398672504913
gene969,-0.883934169778511,-0.137956610719919,-0.709853826187088,-1.40408097380425,-0.372377610637162,-0.273923672754718,-0.507096329361759,0.107301291507317,0.682727801215362,-1.26859083025086,0.213232114603624,-0.61195959400641,0.482138636580826,-0.345628229344215,1.04492685908897,0.655428303839174,0.225492704898901,-0.665991603283211,-0.0988050406474036,0.0978061698658405,0.684386766089516,-0.326901731677191,-1.34392712216775,0.151345997361931,1.27926976939472,-0.303549552759143,-1.31080293472902,0.998964555036514,-0.514293704745197,0.387265199161388,2.3263122495527,-0.417397277188999,0.704772660789078,-0.164261479867049,0.0897431127111846,1.02514140002968,-0.16909945161495,-0.370944082136967,0.14771427358315,1.10425833975377,-0.93324991567972,-1.01005710116798
gene970,-0.502139658059824,0.466222028768162,0.746236202746949,-0.389520665982161,-0.0605042007430899,-0.480499994401993,-1.3100701295884,0.0635385589101995,0.689535368251615,1.39583787153757,-0.240012141259088,-0.199095473295004,0.0985314279059124,-0.793736500881981,-1.53521625051539,-0.762113019371404,1.32189734203968,0.0412009534182952,-0.131477592108046,-0.119720425407177,0.154376312523999,0.986969039843647,-0.595901122784479,-0.0850540574426349,-1.44750771603955,0.167205431149394,0.120235131245211,-0.0386078285474608,0.707565535086653,0.179660790106627,0.694115149776335,-0.171261030496056,-0.10929785032285,0.415147138411576,0.352387955365898,-0.125340395664791,-0.662889017775214,0.18644152113117,0.927874076683082,-0.590270091504215,-0.982019191868403,-0.0529421938479401
gene971,-0.0789188143627715,0.352742620329038,0.1668315546098,-0.144522734320683,0.1547831795722,-0.482028397062779,0.835897251623093,-0.356287090504632,1.27191087537878,-0.33057670294395,-0.0908617122731547,0.32499527228232,-0.767435574928652,-1.35241576257411,0.29016324430474,1.96063928679318,0.104450101384732,-0.132146433202122,-0.279337729193745,1.71750421781766,-0.270306776581983,0.521318441916024,0.153112782568915,0.287883259184215,0.414825749527764,0.210022834063044,-0.144817520482005,0.5007879914787,-0.227186696383478,-0.0809158466593225,0.988670957971677,0.941841693376528,-1.0527693404746,0.0963771684687236,1.14348351255017,-0.0449923363282711,0.562471344320828,-0.945207293228597,-1.25745138315423,0.386613584077602,0.0570704329104547,1.32511394259029
gene972,0.0170232470607089,0.956481843865197,1.4219585371033,0.513547347905436,2.02627801715403,-0.63502125280034,-0.703571523184407,-1.18457683743086,-2.05831921089464,1.00650258751679,-1.74177595888194,0.121829585396819,0.0903587844371563,-0.123642031128804,-1.53312897224517,0.558209962574578,1.21090436056525,0.479478855342321,0.205947279819225,0.432744133571379,0.590823825372202,-1.24909621385654,0.169987199986873,0.941635213625029,-0.253313843017067,1.17108000749797,-0.220483654446054,0.594012635369073,-0.24483372553672,0.936366459932384,0.10628468804644,0.447506228822188,0.307712038551057,-0.110419251117666,0.362001963250786,-0.603767646969007,-0.157796376281525,1.17159509896118,0.710816843841806,-0.205717504322483,0.517045989058841,-0.331447553047061
gene973,-0.15102450292488,-0.468624633154629,-0.429753027529172,-0.0877522989969043,0.34968948432037,-0.168359908429979,-1.44115015673645,0.678641438749717,-0.328625669074339,0.533279331556266,-0.0023863450426239,-0.414306950223731,1.00173128927716,0.673067377116553,-0.379346485434133,0.950978873783286,-0.499610998462948,0.691805328952533,-0.668981496909984,-0.358294221158952,-0.887515790637419,-0.881854753517342,0.536588207567178,0.0376876893516581,0.711983105672713,-0.591359030782092,-0.070493636101205,-0.829588412752137,1.51778909852279,-0.0762420336847955,-0.128730516584653,1.04208232397744,-0.65760054178222,-0.736241135596163,0.860400214507929,-0.207362335623624,-0.557316081463842,0.0548497775579357,0.055934549252237,1.62406081279946,0.367671871133813,-0.25399948845144
gene974,-1.11846145373667,-0.585493205469331,1.38142209103661,-0.516923563526797,2.06175871961035,-0.549402575198512,0.16523578613623,-0.313275800343925,-0.0128254024923963,-0.373575392312168,0.841933027556601,-0.0679855493374299,0.815130037030345,0.589154019951425,-0.142100888561666,-0.202925174670507,-0.549168053390059,0.815167610086217,0.976247806155973,0.706289407131409,1.00441175856073,-0.694297610498479,-0.045217680229624,0.0029407128450486,0.18043044529508,1.1494210426884,-0.257254148602352,-0.530531776908418,0.457969026144831,-0.979727169165532,1.16431367984547,0.033810750530481,0.109765161765082,-0.303726904406874,-0.914025962785234,-0.554961976523639,0.637192419009406,1.41645044429217,0.627943123645487,1.23717317274283,-0.553390088294681,-0.354476168304947
gene975,0.557079268380936,1.31050715016749,-0.457159378415697,-0.178805849805216,-0.44467519779219,0.650834496500876,-0.783145924658555,-1.14515924990355,0.605259062344523,-0.398958238567862,0.630776805230139,-0.523531826014648,-0.335676734646692,0.656047504395092,-0.641499259405019,0.453461270601818,-0.647232881870268,-1.6467652127571,-0.950395675558048,-0.91268879305287,-0.281711379908299,-0.0697636064135259,-0.0884228375819725,0.0562639639885801,-1.27757391037181,0.56299297551011,1.4468911332122,-0.477651709256011,-0.212770479415673,-0.250947461206044,-0.801512456042253,-0.328792968903839,-0.92916234113629,-1.05120011936995,0.783888213252436,-0.696547304431336,-0.959770725069109,0.289370458302605,0.389845036638662,-0.34888013223341,0.639354913714338,0.954311796306602
gene976,-0.870500237747391,-0.336271321464991,-0.531588821371174,-1.21891252014559,0.0687131666849973,0.0035831282178074,-0.981550713626636,0.603508593881821,0.712163855399717,-0.444124358989919,0.424691205434934,-0.296996728376328,0.651492211531106,-0.194619568298079,1.14022360478036,0.0940274326112225,-0.425216591636373,1.13187261076402,-0.669419940408698,0.0613435469393006,-0.475012917899804,-0.843889112918398,0.296496871150705,0.610045317444683,-0.860029386601786,0.572157620342398,-1.79182849085767,0.862363188903119,0.810987189500616,-0.442613288068467,-0.815153866528442,0.541561303863924,-1.66327726698238,0.215746214556834,0.189971266749209,0.560848203293296,0.208077631074142,-0.699064406186153,-0.224576566117896,-0.351223086621177,0.289611526907734,-0.736423616373563
gene977,0.198343142912804,1.36801278912967,0.772814953345869,-1.13320051859499,-0.697826152890783,-0.379465832672252,-0.355063176166741,-0.567022003703837,-0.530373571510489,-1.21566426811107,-0.718580023476872,-0.366808398241451,0.272686518464611,0.0189413524638332,-1.52481136724328,0.604017902541492,0.212705649396093,0.519734562688517,-1.47479504206676,0.507087506659859,0.773820988031719,-0.0270083652913443,1.17048312480441,-0.192294764692352,0.427563736331875,0.959579838099454,0.491653405444514,-0.394693003323309,0.183610926247459,-0.154707360862857,1.63594650051994,-0.599205916198455,0.621258378914369,-0.278617330440458,0.3673110805444,0.406058031918915,-0.972836165361186,0.218138702577019,0.896744530179186,-1.08855110131661,0.622450660073732,0.950011991396238
gene978,-0.220310075096301,1.03062192579926,-0.576754091755664,0.639642679216442,-1.45238877404761,-0.252226293550409,1.15890702693509,0.0780023095161887,1.49008484765065,1.5291427968489,0.50641438622071,-0.693094435722586,0.0911141475332159,-0.0061492496303268,0.81148318850992,-0.471707167617252,-2.1412276853412,1.17997945895186,-0.521715931855688,-0.183744908698851,-0.0963736358305002,0.318059430886085,1.20469796630528,-0.548035751918753,0.714533080039655,0.484950221075311,1.01746041861825,-0.425306812803618,-0.434637378397552,0.735673092816322,0.313546480347571,-0.542091113145062,-0.420191800469976,0.83393946532783,0.405794356787832,-0.87546498797895,0.0060121667189794,-0.747661603137223,0.415542581852182,0.284242812516192,0.394125445738241,-0.608459198542472
gene979,0.399725243593981,-0.435298634083678,1.30327732982113,-1.3242200478235,0.354604652117436,-0.150570506527625,-1.09817492217914,0.280035803079477,-1.05249799908965,2.80397929023165,-0.463193374349747,0.236146493762285,0.495772458916104,-2.08101033553656,-0.0640178127847949,0.844844425965233,-1.14343511007084,0.630636951170293,-0.27818714576444,-0.691523364407508,-0.667714039062167,-0.945522118518024,-0.0116334434010225,0.506947108274425,-0.10076815504268,-0.0919757755903459,0.170979370944557,-0.60488417693513,-0.397059221990102,-0.158017269676451,-0.320638328603959,0.458895206252411,0.79461668688177,-0.779379011893216,0.251189852763065,1.0676906005566,-0.489959802577247,0.0238266804876554,-0.614240335987537,0.443767602699412,0.11283299634364,0.0615461882935382
gene980,-0.0765275689914366,-0.158940903378317,-0.311329391046151,-0.685913654704053,-0.637093462062104,-1.18397160217892,-0.675131618829772,0.0351764062289154,0.0164188556167146,0.0704338420337217,1.16772598159278,0.185349616770271,-0.477985914164698,-1.01063772551266,-0.1793589654996,-0.452359648916188,-0.774443852888231,-0.38417058127266,-0.186806156734926,-0.0061345107947377,-1.36835691739027,-0.115606934830496,-0.368035182179021,-0.188691341842148,-0.062018460216564,1.37674185527357,-1.26608982776043,-1.03919285217019,0.872707755993477,1.02415568614688,1.00411642736921,-0.0263943885677529,0.357807097160831,-0.47447072711627,0.620105121754522,-0.882212682231139,0.53979068541478,0.706172819584592,-0.804390856919397,-0.360387961000786,-0.822729578011439,-0.44814721386044
gene981,0.345806089968867,-0.724989175926049,-0.471601358973776,-0.631563442881541,0.241254848419877,0.849641411991461,-0.173186679298088,-0.212377213729642,-1.10166614606599,-1.92160696396999,-1.52072167179946,0.48361287509502,-0.963526277756805,1.12669959705276,-0.426540456001042,0.427832590323334,-0.546384160584219,-0.110126405837321,0.399618305400977,0.448962763261997,0.883902237541702,-0.161192139767521,-0.457889693805028,-0.045888462453744,0.293004034058246,-1.2578426301443,-0.463262971660704,0.1706038842142,0.14600089169002,0.0811704449086815,0.576898192336791,0.991845895819604,-0.732804380431289,-0.987752482549094,0.887886493873097,0.0338047202704651,0.272406396733401,0.0690386438791088,0.460958058297161,-1.00506080716208,-0.977305849677497,-0.109367051024369
gene982,0.808855701280643,-0.300613521975713,0.230328613570167,-0.0374891797610733,0.310006829809317,-1.07054503716878,-0.506644364601786,-0.555431694027383,1.02649189391409,0.185068857096373,-0.532039240922093,0.446978185143664,-0.618133263266197,0.842011954100062,-0.310712785113995,-0.581619424077326,1.28707525075528,-0.13599664556323,1.246594528752,0.62286730916121,1.26472484107196,-0.145473328989395,-1.11210953959177,0.23141991707847,-0.221288920106814,-1.32166920121801,1.975904952147,-0.828072205220748,0.169069719748052,0.185676092917156,-0.305384209715877,0.73897214234188,-0.992855552485852,-0.268888633199105,0.0296184356199111,-0.500081425132851,-0.51539284514564,0.551746727648856,0.439721942942967,0.873369926786684,0.366066339418056,-1.12654688792665
gene983,-0.0695143517856502,0.153275339742324,0.289253256557685,-1.96306852913235,-0.375946626976961,-1.31403391646115,-0.106042101520876,-0.003942574254424,-0.730089537715389,-1.9805874849518,0.42821615216143,0.533034280389097,-0.219769084671847,0.464298320352043,0.484743037449443,-0.61057779075142,0.840595502791485,0.267642729817454,-0.678702664490982,0.392301651831071,0.192561231730886,0.237433606023248,0.0803780397280828,0.0326113618824885,-0.97203213483454,-0.613696102727047,0.365431954054979,-1.97009678317404,1.3945091336414,-0.830151783289617,-0.282052565230066,-1.19776334755241,-0.0702022490309311,-0.873040240351556,-1.33813145172455,0.606893982695296,0.329263500880283,0.258371375817028,-0.0359653315403444,-0.124145107089854,-0.651078392929083,-0.718640288174044
gene984,0.695362290088344,0.216945028543953,0.491929744431207,0.210515567346286,-1.06681179127644,0.364351426525997,-1.33042509456625,1.17324137487037,0.0984367566236216,-0.128445788639922,0.150593800036035,-0.384588019693679,0.0867776650980142,-1.07140029626601,0.212539678073475,0.616687091795676,-0.603007391091656,0.375791995670567,0.0464795043830499,-0.835266515770952,0.221843172217783,0.161602923272369,-0.264537057973539,0.571635901437299,-0.437977495657538,0.490227991250154,-0.300825575701178,0.548025074898652,0.121043357643343,0.215362029730134,1.04516242018519,1.5013519930999,0.482865948830666,0.517668573362172,1.27439116781513,1.16965451389876,-0.521449047173722,0.077549018064129,-0.0457151135697554,1.21035542085153,-1.23904154514558,-0.985647589264317
gene985,1.02282499470571,-2.33783067962552,1.20403591407361,-0.0335050053228461,-0.499344108314145,-0.561182218582809,0.17798023256549,-1.83774798739965,0.303717883253591,-0.255901015167497,-0.49487308348833,-0.493544017549494,0.403698683247456,-0.523651194523075,-0.234349532823076,0.131144314612763,-0.21420327967121,0.108932654512214,0.182065345561871,0.147392238713657,0.634230558186041,-1.17017716072156,-0.292948355085893,0.324810382848545,0.0473272670286436,-1.29124728992034,-0.437537000747894,1.51764943813406,0.0655947873856455,-0.227433124283024,0.219582201468513,-0.195691320217914,-0.0893043810447389,0.797651923875951,0.0451728294348602,0.153982191332589,0.386420729809606,1.78998225073972,0.491608416317649,0.205326081517936,-0.34207784009942,-0.0304452593421128
gene986,-1.1974540373086,1.2855236674162,-0.850190895031629,-0.676243456653823,0.813447175261657,0.757680200949808,0.24233019030129,-1.24602338160755,0.330887736628072,-1.32549946666255,-0.54804874879406,0.169610605607014,-1.1328546490435,0.737193361573829,0.555888622124988,0.461143125458018,-0.840732005142947,0.165271792123911,0.928826698088285,0.487622242906129,0.87972589391475,0.0971228034856239,-0.579869479868363,0.156704532367527,0.950499092519237,0.290024202131125,-1.20704814579148,0.0855318768434748,0.283139089790258,-0.0402955946508415,0.333582610414962,-0.981351727650579,0.332307785311743,0.678923114100182,0.235114306749551,0.679443944903752,0.669503681372929,0.826952551492738,0.739994424495739,-0.162468712089793,-0.124158653163958,0.506930666690225
gene987,-0.109566157499992,-0.474240636531137,-0.224652136430583,-1.07448404484516,0.592894862276795,-0.949822856022645,0.594649197361346,0.245339083871422,-0.606380010716371,-0.221038806134887,0.310092082302605,0.176195817444007,1.0199278836675,0.558839162928505,0.052567580680375,-0.306277823588463,-0.725660487245448,0.29647360099315,0.288453285421282,1.8727568030721,0.427108170052313,-0.688649268402507,0.0286213225758258,-0.703551012474162,0.206293648320422,-0.529115874121417,0.401608982539018,0.798882056177618,1.41332917697744,-1.34993285801423,-0.669569474278676,-0.396427537923717,0.343946952718588,0.102209971588031,0.261169420846579,1.07148231722273,-0.29756498245108,-1.15716799890711,-0.106682289183943,-0.073458067032618,0.296592385289185,-0.0157489795325976
gene988,1.13526770296857,-0.209600572045456,-0.212954576974576,-0.93060494425821,-0.833590394630559,-0.219316988614898,0.590309604000416,-0.505409272838473,0.223396384334368,-0.503533566060004,0.267166305363732,-0.523723243223472,-0.070950998951459,0.113590415912597,-0.786487340602039,-0.123420572182029,0.831402310528276,0.844475756541658,-2.09265904004731,0.84292908588191,-0.803186406751867,0.542345691936669,-1.01381596411214,-0.816207675031592,-0.757584712825816,0.237393722046469,-0.497254048756489,1.85878739501522,0.81684019265514,0.412559597084621,-0.105006662085539,0.0731447273359699,-0.603130539949324,0.489062691688879,-0.461906022000692,-0.406748620186786,0.663561172605984,-0.194971874597718,0.853826081838955,0.430445185339345,-0.592808497698875,0.122354507393272
gene989,0.164923887809939,1.19165350936421,-0.444296643501682,0.591870831631596,-0.498743502301272,-0.110836925566964,-0.535937460520916,0.182244207378877,-0.113021410706569,1.12121759551274,-0.288048203136413,-0.949858719957773,0.0725171327588823,0.216541623356685,0.820734090244079,-0.77229748902607,-0.308632641312036,-0.521680440501629,0.108247965581112,-0.0953026507442127,-0.140801549702245,-0.567610808526804,-0.789093471366797,0.0150516209765952,0.797184307439335,-0.203884211126548,0.586634360775517,-0.864001616993318,-0.520676373095816,0.619760736056042,0.0096261196063828,0.0338194444353833,-1.53315319955946,0.6633232456868,0.0290053069418636,-0.836118803453925,0.55067876731186,-0.357806811757776,-0.0295153505654987,0.456298028758921,0.406352850851172,-0.373634991208827
gene990,0.35134516944459,2.46003601094012,-0.255141058235512,-0.446155519786682,0.167480418557171,0.817488014327923,0.171511150957662,-1.45502498997192,0.463414602337349,0.795526668982813,0.321616277259335,-0.116312360026698,0.493622847138231,0.524804207026798,-0.216623916833439,-0.337560696142673,0.176381584334189,-1.07252190190558,0.326700475936892,-1.65576953108557,0.24528121660737,-0.570087180860799,-0.989812549756961,-0.405820130795519,-0.240976935135017,-1.6394253502142,-0.686345675908952,-0.174868323246043,-0.629890090543896,0.0642913140264247,-0.0651903893932868,0.276548581284865,0.698807950876604,-0.573925514768761,0.865322884520792,0.647863002083177,0.466192320402997,0.468727387300753,-0.421762759581277,0.0729857011117422,0.842726939468684,-0.519362128928807
gene991,-0.233568681658877,-0.737161946168149,-0.547293969599486,-0.615626025165871,-0.863596660304648,0.544817721914697,1.43286043528521,1.61594541659361,0.689222231399918,0.454873344343803,-0.182635960916851,0.0848505691636666,-0.022264646779174,-1.18203097865117,-1.07652162490498,0.106707360512192,-0.731093801263501,0.84683920934013,0.360715004531822,0.770914323113466,-0.0816905432121065,1.34068764807439,1.0605698939988,-0.451614414744515,0.890100774361698,-0.110604662970982,0.670408464444533,1.21305522681151,0.288629156148776,-0.270976333739479,-0.364876154822824,0.436703546275647,-1.42785031171116,-1.04978958048388,0.519813333358661,-0.762189948469192,0.505923514513559,-1.27067821879357,-0.0755558714696504,-0.366671098204251,1.32593828610696,0.0926235800615165
gene992,-1.03633082026744,0.445208413780445,-0.274300420696102,0.661133890734744,-0.465658491702838,-0.0306730077108747,-1.3643705393605,-0.244681267752623,0.781003635919583,-0.624068678502191,0.220504136568686,-0.209068843341102,0.560413383766545,-0.0418491154268861,-0.158566354794588,-0.429952678211854,-0.0750766092239816,0.128585907071524,0.122437884861848,0.13913890665538,2.48680633523476,0.433043336635348,1.02901458082312,0.723148325287904,-0.336828340444899,0.863191100121959,-0.603899709792628,0.115578815266072,0.653338756553389,-0.656402882731026,0.597865069880171,0.95957305866991,1.02998253931904,0.699041612446914,1.09708812789994,-0.0486762119469439,-0.705568227726055,-0.828051270923505,-0.385977810422397,0.540879915193217,0.143915336906907,-0.673855925286143
gene993,0.409210584864773,0.46527750176488,0.168094514855694,-0.344910304175495,0.238812807445266,-0.123378348505558,-0.433944367675685,-0.0405242888763019,1.28745238142711,0.885315943405245,-0.602746473528017,0.082581181612319,0.294597266178311,-0.318419910704085,-0.183480983864301,0.617173711374579,-0.561886011516408,0.739593939789718,0.359878257571901,-0.692374515071342,-1.02790627447552,-0.264486945742218,-0.915006492966395,1.26527014331391,-0.0720937814800891,-0.0573152978756015,-0.601457483065541,0.0066936651664265,0.698410951701992,-0.116076179198941,1.47650026135915,-0.718132709635583,0.0644457915597209,-0.0062144712330507,0.971398908852559,0.329256611533926,0.920746222319176,0.29734175032469,1.42586206662514,0.682245825286903,-1.12416691862731,-1.60263435751334
gene994,0.25360081913492,0.930534555735535,0.0837930577059298,0.494728999727505,0.82634053015871,0.471668155381639,-0.789229197228976,0.684726449095554,0.0810208904876903,0.822206412599673,-0.112369458703643,1.38807049023889,-0.360589648850177,-0.542570283996959,-0.414143170157784,-0.853510630297189,0.180316428480995,0.911643946136754,-1.2149939676989,-0.767087269563894,-0.293815897345139,-1.17785655361899,-0.514886043258813,0.666726546744046,-0.393279105774234,-0.21103975413929,0.199363761784087,-0.374804974307971,-0.439282320443531,1.6163120404704,0.751146707570041,0.29259171698925,0.344371601573328,0.985727288633748,0.134815460851512,-0.443937700184742,0.933145366793261,-0.127154748765002,-0.0272301737008076,0.665058110816924,-0.100429826846823,0.319512385496892
gene995,0.203706946894609,0.433062380644473,0.816837321608625,-0.112306883135165,-0.736810445489945,1.6106516408172,-0.011562598325218,1.09755775504964,-0.593256270339064,-0.637456178149928,0.360628072471749,-1.29376338604676,-0.694229764850936,0.665429909036615,-0.462585421292173,-0.542101587921056,1.82531243183898,-0.339195972132545,-0.886702419992457,0.250314402833936,1.10473795347528,-0.0245222903678463,1.34912988443212,-0.486089927876526,0.161379443534005,0.374926618524401,1.2984424657312,0.103299884291167,-0.141127513837268,-2.30096787162305,0.87280142583933,0.816243085187159,1.06227681303427,0.445796438747371,-0.549493547110504,0.0986045298505227,1.07199258137687,-1.0486177416903,-0.713525144833343,-1.0347235769432,-0.606223934824598,-0.605139155516024
gene996,0.0421510800947872,0.165931455712197,0.925576721069615,0.830374485952223,0.0262595874089426,0.0265986846466498,0.766010199239929,-0.900969326627078,-0.913415133224785,-1.42120381334231,-2.99181414787454,0.22215098764391,-0.015404564646297,-0.45724649369088,1.94029274824901,0.709296662059452,-0.98328219133579,-0.56398243200187,0.220271793322663,-0.133132824042805,-0.235413833046671,-0.435239268190483,-0.518651585189792,1.34930865105854,0.53728554959131,-0.127401806338348,-0.204155786225272,-0.522100636751914,-0.0270187683528031,-0.889498900630868,0.261662001535318,1.46278703120487,0.186726727139771,-0.494453492068092,1.47999564599484,-0.576524740936604,0.313809742150321,0.277660409026966,-0.53863915510116,0.333421152605543,0.38433449715317,1.24068910263337
gene997,0.053214256384027,-0.752124723216173,-0.131034571249433,-1.16925753854436,-1.51338141284789,0.273723157372627,-0.123533370999326,1.0370564594963,-0.842538778693142,-0.844981683774441,-0.630118548638561,-1.00127664572801,0.0480594087205605,0.164785548250509,-0.607211185468403,1.14524151324155,0.278254103333802,-0.939201137468669,0.173265103692016,1.04529695162793,-0.143639123545846,1.23906124663057,-0.0141057531573594,-0.283994658307141,-0.356463177976036,-0.776760058894858,-0.755640736937329,-0.797180758168554,-1.83579394848298,-0.810808064585158,-0.265869012497265,-0.620722692111086,0.795856560038648,-0.31268748383084,1.83125976050894,0.450401006912078,0.550668141032866,-0.447084559772933,1.12830570195273,0.603512485127995,-0.760253487881895,0.281287538776338
gene998,0.368997549041186,-0.638446025584753,-0.289877115020537,0.900122327475132,1.20771533567655,-0.94281156151469,-0.915945482760045,0.599052730123418,-1.12041572979664,-0.191399957028981,-0.584221832997445,0.851143342811485,-0.623396545315445,0.409500008505285,-0.8859528617888,-0.0103123008999537,0.0885464166792105,-0.119819035488334,0.245371805326027,0.239374927645562,0.116257132998459,-0.956884112982449,1.23465833233576,0.267431817729352,-1.5036828656167,-0.705517599841629,0.46587388263041,1.00633380901114,0.299376576686857,-0.664891270203937,-0.416879461186331,0.128181090231622,0.047839778690928,0.211242696881384,0.0080140106694141,1.56057580174273,0.113925931282157,-0.530911104499932,0.0094541881025209,0.069209924700035,0.0675641427942317,-0.336103673627144
gene999,-0.0278397120708751,-0.449068091658552,-1.67127408768162,-0.408025444155825,0.0649965152103898,-1.10570740908877,0.653549558016762,-0.0159800255628046,-1.09855526540072,-0.37047670285087,0.339312037877719,-0.262446612466245,0.779367296126867,0.0737828420099989,1.3672296404083,-0.340056079962846,-0.483321995532203,-0.153772997757052,0.59691428525591,-0.423779157915736,-0.885201863226843,1.25357953796306,0.471303024569628,0.634390148427319,0.772026958883405,1.64636446786755,0.815996416176081,0.213302246858842,0.282845647448471,2.10112068391681,-0.780489619333381,0.597494782395451,0.0165306464717334,0.147493580610159,0.180813047838385,1.74782517373103,-0.200430475196904,-1.4838997942399,-1.114976382066,-0.85907437652691,0.444357902894359,0.661230203069357
