symbol,P1_T0.200324504689578,P1_T0.730281202020216,P1_T0.822252340827931,P1_T1.48400636341412,P1_T2.35784075145427,P1_T2.7337046079365,P1_T4.40816085733495,P1_T5.64628731841543,P1_T5.80052501062058,P1_T7.8114939031695,P1_T7.97670339401742,P1_T8.78437882426067,P1_T9.99293417793952,P1_T10.6994637115332,P1_T11.0091243218625,P1_T12.5810965390305,P1_T13.9468738788373,P1_T16.2638795570075,P1_T17.1654330921222,P1_T17.7815672759869,P1_T17.9421732019398,P1_T18.6597876329953,P1_T19.4747564521748,P1_T20.4992729693279,P2_T24.2003245046896,P2_T24.7302812020202,P2_T24.8222523408279,P2_T25.4840063634141,P2_T26.3578407514543,P2_T26.7337046079365,P2_T28.408160857335,P2_T29.6462873184154,P2_T29.8005250106206,P2_T31.8114939031695,P2_T31.9767033940174,P2_T32.7843788242607,P2_T33.9929341779395,P2_T34.6994637115332,P2_T35.0091243218625,P2_T36.5810965390305,P2_T37.9468738788373,P2_T40.2638795570075,P2_T41.1654330921222,P2_T41.7815672759869,P2_T41.9421732019398,P2_T42.6597876329953,P2_T43.4747564521748,P2_T44.4992729693279
gene0,0.266897284728504,-0.41632675668352,-0.0544103702295848,-0.167486466756318,-0.630507585404144,-0.278127526794436,-0.670928793537487,-0.96699789499059,-1.08358122057526,-0.747114296643714,-0.904960449895199,-0.842344996426055,-1.02976013802243,-0.721149879004906,-0.279438017283465,-0.145948838001532,0.038505064068826,0.598400609804761,0.65805857228507,0.750731559286637,0.899371367923793,1.20625208101427,1.23709255204517,0.767812340813955,0.198408288000617,0.144566956484287,0.12794864377772,-0.0970977007364734,-0.0998353588273724,-0.219504324284061,-0.712823453222688,-0.850265214602092,-0.330812428507412,-0.569124740825028,-1.05212946551703,-0.667328241383282,-0.461786627488144,-0.356129669087208,-0.180119069653478,-0.364300171388614,0.0911056583168113,0.452622878987,0.701245110313146,0.990991971204296,0.814928524984735,0.981304623914765,0.743412998013587,0.686855957566496
gene1,0.614204919014502,0.702897405739808,0.707032204132912,0.730099988712799,0.122620029784959,0.297833515766273,0.0910518170907631,-0.400627781405319,-0.434226651153343,-0.4332574485066,-0.488752456798504,-0.398363917190617,-0.301262727911244,-0.95354599898401,-0.589807928177777,-0.300084390404828,-0.369413495729278,0.159890899194086,0.238183178116933,0.249136341420627,0.0574514706352299,0.0844173775122458,0.897663051727445,0.516968123789175,0.3225869055951,0.64931101629536,0.799194664868547,0.279355450607074,0.550854183175522,0.143629240555423,0.201486944475703,-0.221308328276333,-0.162897285304869,-0.432124284937993,-0.651666664671697,-0.740399324337795,-0.472062618773618,-0.682728960950514,-0.794732264089485,-0.58621934343393,-0.277890315917189,-0.0714424852797585,0.115272149101928,0.395172630651001,0.0328507597463073,0.391267192289426,0.994571462605465,0.441677348958936
gene2,-0.511059943245882,-0.653153877020303,-0.514944723154189,-0.421462073697366,-0.399502765401557,-0.501021898995177,-0.244106142592142,-0.209947042649247,-0.103686433521334,-0.13832344683919,0.211337251298385,0.448796431508505,0.53986506402808,0.531120835523807,0.478733631902417,0.326497851774979,0.376528120660106,0.210355619873071,0.257509816451182,0.426893265379425,0.394212753760844,-0.209468145742829,-0.07995066388146,-0.472281622481638,-0.618084631418511,-0.321212256890805,-0.721640577710186,-0.424263946861398,-0.417457922019744,-0.287197233401925,-0.414446872252738,-0.285723113794051,-0.159485765070675,0.057033110801212,-0.0150832048069941,0.250437284996432,0.243702609380362,0.436889850504754,0.500083885225752,0.419797588732227,0.91870708545964,0.26914116344455,0.160634883132555,0.336770572123605,0.222701644181288,0.164618565223286,0.12390994197474,-0.270528600022116
gene3,0.725225806237956,0.681263046909637,0.295605059034564,0.668515831931158,0.749097808214449,0.687862676903922,0.708780074979062,0.329674538251888,0.632641964736275,0.731950251157821,0.429755796653133,0.141176173370461,0.266913147357287,-0.195294237529923,-0.41352732245438,-0.553346090994977,-1.14696440223458,-1.15832568704491,-0.713466055555402,-0.7374703264659,-1.13008994104215,-0.341666692759519,-0.671985914080737,-0.487415864298957,0.509107248182429,0.272728352946328,0.809924564479383,0.50400211756172,0.999227300892726,0.97587003562643,0.834683037658549,0.926288960395005,0.927516035275831,0.238515172420889,0.744574605950066,-0.0365018116340161,-0.0647869031116959,-0.386599402532034,-0.116902833491505,-0.678317699819991,-0.552642608495071,-0.779247942883575,-0.745317838473811,-0.873922071400438,-0.505865453970391,-0.841530523541572,-0.526640103968056,-0.259122191432748
gene4,-0.623737261776132,-0.814908208837823,-1.25457129828145,-0.973453580102017,-0.585769898388131,-0.666899314570559,-0.937205337629887,-0.680153013526822,-0.403329232719336,-0.0895080673822835,0.0621655318362542,0.155929900765823,0.337993687344632,0.589605005761213,0.424244220454023,0.796231154149165,0.968515505616895,0.448434403901903,0.554123839443578,0.608671668183565,0.562053846334103,0.249517101708133,0.0756614685012645,-0.130698504473361,-0.670531385384239,-1.02288379893927,-0.370404390824551,-0.786245380246244,-0.537749128129771,-1.11635041751541,-1.01016167324679,-0.365279370157021,-0.562093301693294,0.467823684844685,-0.252345884011706,0.369917250905618,0.751918947794426,0.8806078395662,0.522084676164823,0.604691681044345,0.751581110663143,0.471437504773364,0.473031362068977,-0.149899976434604,0.31191494286097,-0.0267655307809217,-0.0393352563417309,-0.163541669766013
gene5,-0.123880602940551,0.353830091365709,0.281887501578083,0.347604385858049,0.67920539502955,0.779270478323937,0.689656972446769,1.00845999068173,0.974616165253491,0.842164028994611,0.737067769893445,0.93008664898788,0.232274444259845,-0.0744980397667734,0.117503137910642,-0.0971682603805764,-0.445419584598851,-0.628591375619514,-0.66354610386996,-0.929191881554836,-0.919408150152109,-0.86329397373851,-0.388131768204691,-0.747417956951124,0.0497751588393124,0.0246851409548266,0.168257020850417,0.376577646951751,0.400994487856501,0.583229730493156,0.972497533366314,0.669716003747241,0.504266458229764,0.55355588850178,1.01042322058547,0.598923420287454,0.314910813218062,0.0323324519347157,0.261905382178111,-0.23751522277751,-0.461404989186632,-0.569816948169908,-0.497419528305924,-0.609411588091995,-0.997847233279444,-0.834578455040341,-0.90937918009956,-0.849770998892332
gene6,0.776603806011584,0.778388428476076,0.681281065338673,0.751287008695545,0.837826178042468,0.714519298889578,0.830152274110132,0.803525267281342,0.856259755857898,0.0486651455579961,0.132465849077842,0.172315583721943,0.218704943166924,-0.59529377795889,-0.601938417701051,-0.437372514709216,-0.782286809790621,-1.12783085574884,-0.676446047729199,-0.448619978963028,-0.610339355501195,-0.438350664797121,-0.480753207645032,-0.0125875289003685,0.314274729748605,0.982748391159889,0.714143047624371,0.845439490466938,0.685991474106587,0.931024238115616,0.824726645703177,0.586082760306,0.594070626231984,0.0567605374891142,0.316001260261455,-0.0977888104863117,0.137597876466471,-0.290743599489249,-0.313211733202378,-0.466787235168479,-0.944863416224323,-0.685550768195974,-0.784632277689277,-0.88539791682275,-0.344866482127061,-0.258955050477577,-0.289416161753709,-0.136725174721222
gene7,-0.0928437356934573,-0.255980373045903,-0.464033104076945,-0.642993026359272,-0.828345452315777,-0.361141571506187,-1.14443123511501,-0.940279080389458,-0.216813803806294,-0.800264806504825,-0.242219023269837,-0.693098585622192,-0.378015152325519,-0.153058598404787,0.195796577378379,0.54914923513768,0.508045224367227,0.846760086166853,1.14031383273693,0.945453935823181,0.628178423720709,0.822116154938485,0.921446403348024,0.815358488453133,-0.509122601778065,-0.0201850362097529,-0.226232899675499,-0.673542017151867,-0.764996481893729,-1.18787654804731,-0.82605047457186,-1.22871548824846,-0.849745560774779,-1.13733256775958,-0.495417077051949,-0.14599523124239,-0.286016521326655,-0.148118040054844,0.0624971820253134,0.170371446117908,0.564338761153564,1.54975654879329,1.08720792510762,1.0260773965949,0.737672068346009,0.853136336569961,0.492040526156375,0.732632405754123
gene8,-0.703860048490237,-0.365757360963741,-1.02425595691113,-0.558375174161016,-0.912848454174911,-0.689811405665311,-0.641192248670306,-1.01525380828537,-1.25089727245503,-0.433957552135418,-0.651722719766647,-0.307952427865718,0.0465703338587595,0.303998854912662,0.108199827917458,0.557551665535942,0.933462068967655,0.446315961799177,0.779177412337669,0.446137297511977,0.418248161728647,0.235016985598408,0.285128276999808,0.581748296126982,-0.360327842234107,0.0243920693337673,-0.479783828496227,-0.610020859010226,-0.960225442178842,-1.01972769391678,-0.989898513789632,-0.725452598967214,-0.573925362177448,-0.496138219049502,-0.179759928896779,-0.416759325070684,-0.103818144173441,0.369997099270101,0.255120806596945,0.260611435039613,0.745019968265019,0.822180041172191,0.770058848830999,0.887101258245131,0.832033588017125,0.946107995698536,0.537886695114288,0.174589702853847
gene9,0.187676574981657,0.626551996840738,0.138785997640574,0.043756829987452,-0.251285264617149,-0.136788006058466,-0.803395692994965,-0.6430445231412,-0.664000454783582,-0.995036035398968,-0.877121101017121,-0.945326134875421,-0.804279157344339,-0.814305600637785,-0.4491618979826,0.0350688896114081,-0.204792313431397,0.667337134105842,0.513569482691498,0.498075910307629,0.620716432002755,0.570343829306925,1.08451871638773,0.856487751114648,0.336640036182941,0.483902817017354,0.284587807739006,-0.192598553100049,-0.340984773733629,-0.414261122628444,-0.144076565389269,-0.625725542020653,-0.760896902019721,-0.944341055493789,-0.708201757727792,-0.722361160127705,-0.663077302886404,-0.667615064533916,-0.7642046305157,-0.274443905729167,0.218660146420478,0.298894511015726,0.966439820516839,0.960964371174289,0.810708587385295,1.24911064368514,0.796764302632699,0.646400283284151
gene10,0.239978483032363,-0.0900479092298906,0.135309001191054,-0.0532339770854838,-0.0432742988321959,-0.442957831785774,-0.774987855758191,-1.01857136159669,-1.08977790681806,-0.918660316115902,-1.03613815183653,-0.876704174307944,-0.803792660442206,-0.736188841782264,-0.385403202046476,-0.241923210294447,0.199267061785233,0.457346808907117,0.984490740590326,0.770063694155666,1.05273986700292,0.891988449338908,1.20253865932494,0.899202510268418,0.298675545756096,-0.158180718866777,-0.0508597694408367,-0.109265524811736,-0.540119953412548,-0.615099412462271,-0.400726424662279,-1.0479881288462,-0.820599023628217,-0.737902095621035,-1.08838435050801,-0.880602574496487,-0.662628960730938,-0.656240445202096,-0.115651571933889,0.126685520468081,0.275399487980578,0.437648806229713,0.629033192453288,0.92564207111775,1.18930282351691,1.05593640923466,0.704174983749476,1.04529808444529
gene11,-0.449232695180888,-0.445701666863545,-0.462577565571507,-0.279001911473197,-1.04274241814321,-0.796994074309145,-1.10119149148497,-0.754895215553405,-0.755055912601159,-0.509982923656694,-0.487975724006346,-0.217205477979154,0.152099672742202,0.0312946064206248,0.221993665941892,0.362063244855883,0.249574829163502,1.14638416745973,0.564809911258933,0.526195484612712,0.85178430327074,0.286937799537975,-0.025908533397059,0.376903334101293,-0.424923483576713,-0.393670169655106,-0.527172121497168,-1.02820740741163,-0.718315216000894,-0.971124827697344,-0.720209548606283,-0.807312685911086,-0.720848485539178,-0.702133341157268,-0.441076578120299,-0.542148578524799,-0.166376103628303,0.132153822722804,-0.473946653301354,0.333711806091924,0.832451998814069,0.643706193548361,0.596084170417856,0.872224575507001,0.87503555319789,0.43102427715056,0.328699394401293,0.76071605394217
gene12,-0.768213925682917,-0.950755936435393,-0.425607227697759,-0.489256569347416,-0.396959320915662,-0.407408192493211,-0.330217254320538,-0.19384372352536,-0.292185243055219,0.415654373107696,-0.158521954167089,0.130618845524833,0.247231490083046,0.479742233804963,0.524310638144464,0.431962773215014,0.327317517705154,0.552473344402056,0.439780507955871,0.259648117469894,0.34873697111426,0.420569282668954,-0.284661600062639,-0.394966680008442,-0.53068918864326,-0.47138837073429,-0.63106388661411,-0.917931023326588,-0.638836014268149,-0.641713648169326,-0.670074991360494,-0.249896496629802,-0.18145728235693,0.210005558935593,-0.12118093333949,0.205498522613084,0.287690851266484,0.151158724032257,0.51973943114433,0.683507835163173,0.622107766671638,0.489607399983807,0.400940141710442,0.175612476732055,0.323298162245806,-0.0613892286019263,0.20142903829562,-0.151351915731144
gene13,0.51922961193409,0.483468270554904,0.422564530467937,0.463730424972388,0.253207556705855,0.202819822324484,0.160898742720222,0.22858400165165,-0.164892285002855,-0.55289791776926,-0.270749866090893,-0.625749416152773,-0.504651562871787,-0.380361152716131,-0.207022197114893,-0.582561011000815,-0.459404292878552,0.131556303320145,0.055846250229825,0.144716498686161,0.0126056694697685,0.150717752876422,0.245095005230578,0.63019729277132,0.165902589220386,0.593864673416743,0.471925835436871,0.465563340455939,0.131731087793172,0.224495761034639,0.133779233488692,-0.279953387368899,-0.123787889042379,-0.478027515544653,-0.459863104748583,-0.668767162782854,-0.804698715698881,-0.357032980548145,-0.766374553898452,-0.331337190406747,-0.335754348617886,-0.155330122740826,0.0876478460155903,-0.112694707217491,0.0912011008512857,0.174864082755547,0.323140914011452,0.430044552402193
gene14,0.413473337817491,0.610266647232002,0.35113912809133,0.55232934637661,0.2542489018865,0.419232179787722,0.228925224896379,-0.0844252106778864,-0.171028867193399,-0.598654429267341,-0.461735207754526,-0.606941871432501,-0.504695470218099,-0.705013233526228,-0.751788130188663,-0.580556512219699,-0.462352940368676,-0.0645736334016465,0.166859676495859,0.491100312499384,0.137648096445243,0.470281636470477,0.498916294174272,0.71161208163364,0.749831020375245,0.642818212967093,0.551296130876706,0.755766696508178,0.213674043012693,0.277296029625149,-0.0208687833375442,0.0503696309189576,0.0124008759165986,-0.477634652755222,-0.501829425638461,-0.370860713624334,-0.513839639444657,-0.138530891205824,-0.287832370569018,-0.221319071946066,0.448671411901425,0.0571710475562553,0.335178865611676,0.106997086436678,0.160751490573509,0.0226364571007744,0.538807225001499,-0.0471348791297309
gene15,0.484721297455448,0.98478245655063,1.29570371481084,1.4342603350657,0.222315453139106,1.25401149351725,0.113845369340655,0.576686734086893,1.08663416328532,0.844293314955242,0.802816195896419,0.183085742202247,-0.509360883195736,-1.05455671588895,-0.589156475082579,-0.404411905964223,-0.611788184639043,-0.521150780588695,-0.665212712465558,-0.068029976617682,-0.512190593302616,-0.432144606517687,-0.738831067718175,-0.686114092768138,0.566921991587467,0.107908038052148,0.903116419629199,0.109046716298093,0.907620823853041,0.468862280225751,0.239935519671556,0.697220417734724,0.301868641737998,1.08853532140291,0.182517215793088,0.56828446054268,0.113309578714325,-0.693158197686928,0.464333478845642,-0.573178444261681,-0.884902394790754,-0.232364047327174,-0.508520336551879,-1.08556081514098,-1.64167355053811,-0.110537693150971,0.441599194214215,0.0457697418690649
gene16,-0.0327076092148257,-0.192728250891773,-0.0868147898587435,0.149893596948198,-0.0255904115734659,0.0542290509703815,0.802750032585001,0.776975954439293,0.430223680784829,0.534133362546202,0.860011971675291,0.302249688680972,0.479568469860132,0.589709160029691,0.335569502646023,0.0496665451389087,-0.472235474303261,-0.432615292752408,-0.836335539305668,-0.449369753637595,-0.475452544318137,-0.512566260722002,-0.328787444886139,-0.5989428499565,-0.0138653955554896,-0.244031039120339,-0.239736255525222,0.288351325531664,-0.0316712779932675,0.65971172861161,0.486852517223533,0.863197837698524,0.484245806418902,1.07975353919616,0.554798768666739,0.0528412030596398,0.798121242305867,0.297487732921449,0.385298005238902,0.174921145618106,-0.343280288381409,-0.530440470196475,-0.621597939605959,-0.839596094662268,-0.741809054065567,-0.460881516161764,-0.579694194475514,-0.901998477231572
gene17,-0.0664727426125443,0.0058968094808252,0.319559102895626,-0.311905330533472,0.368302992198303,0.701928709805558,1.02469512863219,0.839725827351712,0.707296017355874,0.779681868750214,0.814452797876131,1.07045766369463,0.863341034694851,0.771588636278065,0.0142608721779636,0.331810912553018,-0.539600381224382,-0.352159498947374,-0.806286584105341,-0.607228225837209,-0.224733295972126,-0.920703113940395,-1.03738534134067,-1.16905477970972,-0.177260048985677,0.19492418771367,-0.223415788825437,0.205627646896912,0.356917026278745,0.503182929956512,0.977602359321802,0.51975740910159,0.883196069996214,1.06061993754561,0.747539444683492,0.475311653717334,0.740897920204269,0.590388163268352,0.0531378541484718,0.536187275797012,-0.326039569714224,-0.675156666145426,-0.966537051691423,-0.395615787122364,-0.497431039202964,-0.630571670934948,-1.08541654940196,-0.616358950893377
gene18,-0.746654768058428,-0.419197782389451,-0.630282486378902,-0.623913532249334,-0.390935920686502,-0.260140495559586,0.0854289178826313,-0.0268521410813703,0.10934233699924,0.70799904708833,0.0694639300840148,0.328918192353739,0.195418912596546,0.102342056568444,0.636559508996167,0.252491555493449,0.264763505482942,0.31784225726283,-0.238685590610995,-0.111709789103961,-0.286122291261431,-0.1731082579967,-0.131236657374566,-0.641261526944896,-0.193716884089021,-0.336462063333767,-0.295978331374297,-0.208978954001475,-0.400243691943115,-0.0971796462336546,-0.0321908362072645,0.18750486350779,0.560148529671619,0.328429347209502,0.435345408490651,0.32521373165108,0.244816026193735,0.361521432893449,0.352091018561674,0.63199700163874,0.17650429247853,-0.27964970851308,-0.0799406814733558,-0.0469735673981793,-0.205193562188474,0.0235598404469753,-0.357779309667649,-0.270813268825842
gene19,0.460963166734949,0.436342128232821,0.536825075493738,0.727749371836441,0.620620375051928,0.665758227556585,0.641313740503597,0.605342750333013,0.647380664111826,0.634299484708403,0.592854765937046,0.0112760810612404,-0.0501153518320292,-0.0849425270285777,-0.0098897711588859,-0.0287685826092771,-0.402347600031683,-0.752485882170339,-0.955435083218601,-0.708838744500068,-0.539450128066671,-0.375740758746486,-0.795621109246999,-0.221397817304145,0.250315974735248,0.85658427502536,0.686026621318253,0.828242763458898,1.0824698261155,0.945026676666463,0.498078275256236,0.837909432067303,0.575029475704719,0.367441021491798,-0.0878808108922848,0.405672315407471,-0.100295948051474,-0.36620263049872,-0.130067499419919,-0.713883557261946,-0.927993616472542,-0.79713686875534,-1.08992439195118,-0.522802358362747,-1.14738794991727,-0.46353569389854,-0.408715766892492,-0.0242740278249676
gene20,0.0200841668393472,-0.453128665146571,-0.0447919569962472,-0.249338912827527,-0.71236465672096,-0.596258018091313,-0.968970379181758,-0.536097358163244,-0.950770906168678,-0.861789354455467,-0.540453393223599,-0.432749020335008,-0.149358196445685,-0.190753907823197,-0.0383342488571174,0.168486020769604,0.294767998759723,0.57017772431238,0.657754168815141,0.559228595351716,0.795750260888928,0.621003430906791,0.699340691211556,0.416429653677674,-0.37605882086739,-0.32551116641459,-0.138720394798243,-0.154948692468039,-0.5983481220407,-0.66979055113457,-0.794493113761061,-0.788309334504235,-0.517982859617853,-0.473369036332872,-0.639302885549793,-0.478938471464408,-0.11192819937328,0.249655499621391,-0.285850691853678,0.413590022023127,0.228903907235131,0.710720649097317,0.565287858892576,0.837602904411935,0.524815601925464,0.410646118166913,0.393419283468258,0.309050168933601
gene21,-0.547573625237239,-0.345235062948171,-0.697614039561578,-1.15181265187201,-0.734457752559323,-0.509673127336715,-1.40031892977124,-1.37623040281118,-1.06652194242241,-0.275542478688631,-1.5732808463237,-0.883792436921826,-0.277095784795251,-0.381864022757122,-0.289706377253603,1.01632422280946,1.1978885848511,0.976358884002524,0.262016986536195,0.815385740464089,1.15376308759332,1.07932353641636,0.667352203362963,1.03415788645877,-0.314717822238636,-0.114684394479669,-1.38471231921396,-0.560183678657915,-0.548588894514553,-0.40424437938412,-1.10187189146778,-0.749709421700676,-0.448061009097325,-0.961458361148231,-0.793091616797341,-0.731284734907762,-0.436167851074912,0.242811106094558,-0.0749031505178167,0.587704738916247,0.5485249584511,1.02593364818566,1.02456499817951,1.24183244264933,0.176926225123112,1.57218255199774,1.12697829079624,0.210157440997945
gene22,-0.570575429449624,-0.502415707955245,0.310508075194872,-0.69837112542952,-0.243679097431118,0.364302388225881,0.449383223766884,1.02190284927351,0.0614593860682147,0.648987048152625,0.96236344447137,0.738772820469544,0.117225372832704,0.365043563476893,0.780370794955624,0.0929222075869579,0.225506010120415,-0.253396638420572,-0.409168803341638,-0.0585143647270335,-0.424329523697608,-0.808449680804948,-0.961085228498475,-0.680105545569931,0.251163658617509,-0.370045277551597,0.0891812288146413,0.27627408931189,0.12407425528362,0.158874886314188,0.0107280022732636,0.261838015985249,0.951332279960614,0.727899281939004,0.631824404525287,0.698231103588701,0.363026097359903,0.406479166098356,0.789572600874836,0.273144981839109,-0.606123366566743,-0.311981971772197,-0.246478896157839,-0.399778487788012,-0.658800815042781,-0.845552494862221,-0.797690154075456,-0.345042283975285
gene23,0.0323883648683098,0.355451342791072,0.244445496191551,0.591763938874543,0.914871031381246,-0.141824681724015,-0.0953981565410961,-0.637493849373595,-1.26349408478788,-0.624779402004063,-0.664959261261705,-0.434910999215532,-0.934257890020398,-0.769959064953599,-0.274711730704884,-0.658778047192836,-0.73272919724394,0.0934072522735227,-0.351731836991102,-0.195464571205776,-0.0949312542964537,0.679165092124404,0.234361533412452,0.456374426620125,0.876922507639459,0.874928646776064,0.634243041553578,0.70654989263425,0.779255704375141,0.643476788027714,0.408618557133845,-0.0528852366122843,-0.79542134373739,0.0886355131952031,-1.30008530010442,-0.993778974415765,0.0525674195139229,-0.131360796122796,-1.13890653427775,-0.137440640604767,-0.139317750665236,0.0057286062494489,0.710138852361648,0.31874543645756,0.0307854878057053,0.0004564001242175,0.383275898696599,0.900842162851137
gene24,-0.725311478447888,-0.494845084550251,-0.990384731430711,-0.697026037688057,-0.604543622086407,-0.104134979632502,0.534497151032618,-0.0670871379185621,0.689421567058675,0.890575262765098,0.903699638005839,0.813576809752296,0.635005013343344,1.13252127900703,0.671885117093215,-0.185033905150102,0.880097541964543,-0.30600006104262,0.0968565124517993,-0.649509648461591,-0.540069747310886,-1.47640707373413,-0.0171985214228602,-1.34541999551595,-1.09660991776447,-0.708023755778565,-0.812341274650658,-0.683002951348901,-0.205614273222843,-0.106967438897282,0.43623887740757,0.50711681411829,0.561785125466512,1.49357546019894,0.948740314762185,0.594528323730508,0.496995376155535,0.448923346198843,0.879392484839926,1.11681320484812,-0.724153559999948,-0.470455993624397,-0.223404955593838,-0.558446845715893,-0.258506469886917,-1.1125652846856,-0.747643092046206,-0.395595190662185
gene25,0.483733648535982,0.640127229938441,0.674917833149637,1.31123157091785,0.774194581219808,0.680666851081666,0.0660130015939593,0.849314398348971,0.074877987985115,-0.0375200467957218,-0.253717483595227,-1.00281061494459,-0.683539242700756,-0.408849752975188,-0.552005573353648,-0.584164484403761,-0.800813576828437,-0.59568607851504,-0.320822286875739,-0.198221024367464,-0.157915389745014,-0.261351003178486,0.0051144141550876,-0.0078363138725433,0.809303175331144,0.993603508737816,0.580768717458225,0.736002613977696,0.967370701373519,0.636210189768025,0.558884533767984,0.352329389278616,0.290271748577965,-0.022050341297302,-0.0118461937309173,-0.39054434934846,-0.521308606357628,-0.507846853147182,-0.408780698886343,-0.84583789811461,-1.11930428776399,-0.471579992475239,-0.137294534818374,-0.236420480999923,-0.148970787169293,-0.434784714410138,-0.173615520543066,0.164062353478054
gene26,-0.869911157019141,-0.787490898951348,-0.424506949094481,-0.814018581022831,-0.737910865656471,-0.617477211926593,0.149519119895531,0.95400724821932,0.65152495381988,0.884874252672326,0.563741247469677,1.0297322843799,1.29380383213872,0.974384581471885,1.04122263613692,0.847528848015613,0.677260420680395,-0.138808577856037,-0.583789682280029,-0.121043772542869,-1.1002647559853,-0.0229244628001182,-0.603931533369035,-0.595628227929501,-1.53593435100514,-0.803464559553878,-0.491490827925703,-0.519123832920909,-0.270837182115783,-0.225052084391981,0.22584963032795,0.0964035496678839,1.0393843771964,1.30623771278892,1.09112230672104,0.776603439643997,1.56302770740454,0.626030802398355,0.594567186870499,0.699111319414889,-0.24664985959212,0.142970722867568,-0.323804296600523,-0.404267622384508,-0.40126225359364,-0.973378901177012,-0.612660084030587,-0.546606959425662
gene27,-0.490609876404653,-0.64808466604613,-0.55496380049536,-0.449726044245377,-0.378990421504158,-0.436872884673097,-0.314321571375514,-0.266548253929702,-0.348605146503613,0.0669537596730299,0.0319050470326184,0.193425079913583,0.36417667702365,0.408188801268203,0.351221835587013,0.520475376898051,0.507674978638478,0.510695482142057,0.166591595022629,-0.0068959963957392,0.265757789739819,0.121191970049574,-0.0156411891895738,-0.0233432489815245,-0.306816445815581,-0.622851315427388,-0.50545607772139,-0.428810494923814,-0.355500068510537,-0.518938125359052,-0.388831299906453,-0.113348719093977,-0.208819610176738,-0.0226378715065499,0.0809591949778121,0.281445420392705,0.363443177638316,0.31132910537244,0.4230656173216,0.509918244491459,0.477080656306606,0.324444549340118,0.0631676843978944,0.301585429292225,0.229587987087281,0.117466785440994,-0.276256037563122,-0.27844811493633
gene28,-0.210598437505771,0.121469836377544,0.201923881410494,0.0203815674993097,0.133373732129352,0.417675877584985,0.192815979449642,0.968574825615933,0.586701970842578,0.93248113300178,0.81928746263034,0.895729111075101,0.330545825302325,0.24986668672119,0.65563388400066,0.0297847433634066,-0.157689451062616,-0.46501671216923,-0.764779539712043,-0.512939588161505,-1.10272680570574,-0.722566818472805,-0.490389469487775,-0.6701227273956,-0.0742372914595647,-0.28923732484272,-0.235896274654739,0.140126846128219,0.464482654613499,0.342573840672666,0.649519329992653,0.955335095638299,0.482534767997,0.913785230996466,1.11139307152468,0.706489953767615,0.527567627820419,0.310778373824598,0.159686914711998,-0.0506913964928569,-0.0429587637098745,-0.768670486091203,-0.27504714056598,-0.619396989294458,-0.576646618443904,-0.603674288401543,-0.781450345787578,-0.333645329002837
gene29,-0.435734573743848,-0.628842047542501,-0.400228575310387,-0.303654636586074,-0.228944628279804,-0.0347325603140667,0.116602942612934,0.46427395342883,0.69603500195122,0.659627088711728,0.48891749703248,0.775943865603629,0.716117963974838,0.622868338331468,0.79939632888192,0.448417953394774,-0.0541059408845794,-0.274402912648272,-0.441902262360124,-0.531541393712994,-0.374344457911597,-0.510794451832073,-0.74831595922346,-0.82841859567571,-0.432401724363975,-0.423921565174908,-0.314658011730366,-0.372539552569521,-0.257838935245161,-0.437446454834603,0.353212570312921,0.393815537718023,0.53262888719392,0.637770522957847,0.77314289033583,0.968748555035693,0.705057677910471,0.926894431184752,0.764148309605134,0.46305373531122,0.518663985737498,-0.341373778296815,0.125683501398533,-0.553195237564988,-0.532310386173798,-0.761860564202279,-0.667631063864441,-0.769535389704219
gene30,0.0907261704858969,-0.0341803402665678,0.190544395110568,-0.449600489252395,-0.876594117454351,-0.576736094753907,-0.560149381973376,-0.840891391381256,-0.747430372619918,-0.908463598314951,-0.820034842414132,-0.732704094015828,-0.510026807257977,-0.57318456430429,-0.514447054619534,0.0552277796442515,0.379687992780651,0.522777616607521,0.930908791603422,0.759606135753046,0.606054632566066,0.783899621563439,0.537787433663002,0.835252655612176,-0.125215072824102,-0.259011956495095,-0.216691261738214,-0.25807819086169,-0.0755070932791396,-0.535716285796069,-1.172068254774,-0.846902977905587,-0.892827571874205,-0.99408005829997,-0.830801373531389,-0.714962290092432,-0.444042772704213,-0.396515598846218,-0.480607739487753,0.0754088516768966,0.383030550878831,0.65589254324673,0.585002720792864,0.791215044720393,0.728501393885899,0.99211157445112,0.729089446061401,0.752146843941665
gene31,0.514462877429408,0.591638331502629,0.812920395265858,0.644718779141773,0.214775112870888,0.686730945342737,-0.0181485963317839,0.286671828409652,0.17124837450728,-0.354084937270611,-0.580653064697802,-0.662381994301245,-0.678972137038315,-0.343523487107714,-0.534561707871419,-0.576988651932818,-0.573005727018922,-0.631046302249004,-0.396909813548886,-0.186325766665959,-0.107735819911233,-0.287967206969136,0.0362024884337829,0.0760378082522514,0.854917789034595,0.677557141978313,0.79974151743188,0.37931277774338,0.464683874815449,0.666792475243447,0.507947509894642,0.11085540942862,0.62253100446952,-0.392234000520143,0.278890735692379,0.175315134253578,-0.449371588525341,-0.0595707776801233,-0.651125907011313,-0.687690993188028,-0.507437629445897,-0.453972369614114,-0.664787917774134,-0.129994075091758,-0.370477794669199,-0.132046845111837,-0.176171559682994,-0.0748107211739869
gene32,0.168722746436491,0.238424626689713,0.82222709421014,1.21381371765587,0.229979573557844,0.392578432785817,-0.307684646826753,-0.61933742886518,-0.643082780783593,-0.703619541351365,-0.335181832063046,-1.09958998165482,-1.16394799989939,-1.04755986101734,-0.69104326583596,-0.785166860749454,-0.730644501422558,-0.201002238541608,-0.194982703385979,0.313154768355093,0.850839083064725,0.502500871745575,0.738225881322577,0.989856350002706,1.42304577171127,0.977369683363833,0.977687701698969,1.3761236348251,0.605885693442587,0.688528045285289,0.716594680445138,-0.0622433798231151,-0.878570343741011,-0.346806668983077,-1.27196247477606,-0.106413743519811,-1.31779482798574,-1.31959864828335,-0.571937843981246,-0.755515550621136,-0.398706406791815,-0.656438346752463,-0.175554345218189,0.332609086644343,0.748392064485767,0.657703432295218,0.251882801193813,0.86698622517768
gene33,0.781967421751498,0.931778675526773,0.807259397803603,0.531425645439723,1.0616026755295,1.07694227760444,1.0867348171742,1.12418501805207,0.709735210689977,0.621845550525433,0.210906474074729,0.330000933975135,-0.611422146207655,0.11150137791601,-0.477769758274224,-0.879967314063251,-1.43164516865123,-0.891219043748453,-0.433380302042481,-1.04013479226655,-0.826632372956778,-0.863172772250114,-0.505692443260446,0.206074022330112,0.246337722641495,0.565203544831577,0.537150320054055,1.11450585494917,0.664308472724485,0.512744620556322,0.698965455924882,0.32681942118113,0.356617137854181,0.727577911495006,0.485623083184553,0.177712923004212,-0.0494335347764932,-0.562051382166702,-0.358740322358559,-0.4062556356697,-0.889750587973038,-1.18736171398446,-0.529391827335428,-0.915800055936039,-0.90316148730236,-0.0378151335765746,0.0227040227688758,-0.311902984480436
gene34,0.743035388419836,0.586254801504341,0.379887160320356,0.796273006790701,0.53948104977717,0.446901062838893,0.108053753962927,0.441742148427356,0.117154877019314,-0.251305686257837,-0.23910495654122,0.0094487477241435,-0.282503617990571,-0.491535326714236,-0.856453199112602,-0.438431290510534,-0.631071101391101,-0.21648314422432,-0.155564515347618,-0.0713826095061689,-0.009089020286499,0.114674075075467,0.107735964661026,0.259398240126981,0.274495948224335,0.752912550186459,0.520422749980802,0.664369049075142,0.591331026440949,0.483898795355292,0.385152320712997,0.152293463407303,0.259767531308322,-0.146095956560592,-0.0585288898591395,-0.229603579523153,-0.32866765475397,-0.666255303233258,-0.231060917419853,-0.454383571605368,-0.620372361297803,-0.423925882761263,-0.185766578900928,-0.329872388095501,-0.0981010535068352,0.132118063228541,0.127931052927951,0.340158898549553
gene35,0.285717084608935,0.23897979009911,0.0009016070377865,0.19689517888327,0.511701298066734,0.55422114093446,0.838614026939385,0.532357514576986,0.671327846320178,0.877966523805133,0.569556378925083,0.606324630659876,0.327293868088383,0.22466862620853,0.321973423872761,-0.176163649341184,-0.497860742618978,-0.637284077449923,-0.933069197658969,-0.669127956114179,-0.817556879360381,-0.554787198052267,-0.402278252981709,-0.772518899817875,0.19599961495907,0.539969432014623,0.303323725376326,0.444298111998118,0.461188270665895,0.57590330016282,0.811254437944572,0.551926436547593,0.753941306712108,1.09353067680359,0.952176057584538,0.760199254602899,0.557492916114306,0.201606637607236,0.185074179437358,0.0216503645926677,-0.563357080045682,-0.721865768400499,-0.636096542834117,-0.928014723248764,-0.72055133268505,-0.879714017599843,-0.45016497697426,-0.603936566930425
gene36,-0.371226041678466,-0.0905476194282582,-0.0611852954355736,-0.0088124055308799,0.330741741499459,-0.0307275253386224,0.591118259404893,0.809407531175199,0.644671557613278,1.13644717807615,0.985075622480743,1.12872188680743,0.984290379483202,0.573881555121259,1.02488777385943,0.351918933189081,-0.0326863835850979,-0.587498439680684,-0.976353830087447,-0.329293792614068,-0.778902276632668,-1.10789704317653,-0.977365634201106,-1.07543606389178,-0.488435306351498,-0.351456122993844,-0.471263252760085,-0.641812705075181,0.607759740041688,0.63186135743867,0.772315809551166,0.892975026931158,1.04543518860651,0.968574876093834,1.12122858437496,1.13643051625711,0.807546020167647,0.797925922223512,0.45902701317065,0.0640666291286145,0.164004675840965,-0.490754844875438,-0.861048607349791,-0.680579038305977,-0.570419165066338,-1.00347931063988,-1.07570828083464,-0.924335786695777
gene37,-0.455066868331977,-0.793167081372887,-0.639656905197056,-0.631549177954004,-0.892271006582582,-0.871905260670724,-1.02095176116725,-0.375489343238031,-0.471980533044033,0.0978289995854674,-0.188193248670309,0.0073126663594735,0.225726509885588,0.530439673980133,0.373815503073911,0.685473995055575,0.714516601976692,0.419967451783248,0.521952985228459,0.505188468867381,0.205788919069072,0.313412506730344,0.102991953716345,-0.14692835991963,-0.449631523341681,-0.737245937914027,-0.491141461829956,-0.670971868323118,-0.549263909406756,-0.432876397887642,-0.484701085188,-0.457978655668714,-0.324020670136086,-0.102565342498534,-0.218618576399404,0.051399858696103,0.343912146825951,0.38969421968786,0.209517880566137,0.498969929522344,0.620434158388641,0.650239970196072,0.591746909075931,0.0284488410811485,0.266290431190786,0.478223645691983,-0.025338067345654,-0.201250383689529
gene38,0.594846021857711,0.76082598615639,0.418288200140919,0.341487606895371,0.43931841602857,0.521130123456283,0.169305453483402,-0.0584295259516956,-0.0054626204884754,-0.294960732901231,-0.35815802977846,-0.414167527112307,-0.280561225187116,-0.509351461421996,-0.503846476549166,-0.66645671501982,-0.172499089583292,-0.154895237426387,0.0371298552334074,0.034103684546212,-0.315441076985184,0.478813917636012,0.207694720188057,0.374174014921896,0.719086469847027,0.865409825325766,0.0525114593110693,0.652564973085142,0.56956208565479,-0.0877552384454356,-0.202692048917609,-0.0640399657847961,0.0228762930234936,-0.382098206273433,-0.217366173386624,-0.444276092890045,-0.631189454408542,-0.727927901401126,-0.594410457649846,-0.733508333422736,-0.431528880184728,0.120178005527606,0.0737744733988155,0.251707737647512,0.285870928567646,0.0029603556148395,0.399469143219071,0.35377020555513
gene39,-0.34372106729821,-0.704115198610088,-0.46527607443558,-0.11998069168999,-0.382069996649945,-0.108084847086673,-0.309295378059854,0.184368216819433,0.886678755778394,0.179557231631458,0.587627644551506,1.09643593993071,0.611363816973513,0.812624141347232,0.0682784539509192,0.713862722360696,0.669536836563283,-0.264862367382367,0.0962295484898027,-0.393141496730429,-1.04092939605812,-0.492455592580046,-0.129625540292822,-0.702934055519615,-0.731322712822085,-0.643073906515353,-0.693598462115186,-0.690323780765604,-1.33839918275926,-1.03950531540478,-0.135133304742513,0.22729627197133,0.256102252459607,0.819438405707607,0.521749286641547,0.955332573242814,0.279027724852209,1.15032732449353,0.967101941573122,1.04317745374452,0.471142427295837,-0.218073169620325,-0.243230756671036,-0.554635160770133,-0.903839589054008,-0.34910605317393,-0.901511378522639,-0.87025739996918
gene40,-0.0439266887252755,-0.0194009931271523,-0.209464200332125,0.0700766753046764,0.186626458134743,0.307975468028471,0.43976286678393,0.700385407391636,0.722246338907883,0.805616916733424,0.866755124470968,1.19459863450622,0.728490224701947,0.674413360091442,0.37913092809366,0.272288046809663,-0.0865325822920813,-0.887958003263238,-1.11535230323665,-0.872563779723026,-0.879612238251539,-0.812523963588806,-1.1505380430621,-0.755949849834626,-0.672841503643055,0.100762454262977,-0.0607456868315862,-0.0237319653594289,0.16429214227117,0.435546492337703,0.71902132623482,1.17696940669991,1.27999413492783,0.843292599378208,1.00274494144317,0.571222937325243,0.871685766886699,0.280173583496743,0.677606687812135,-0.299540428044683,-0.202913922490157,-0.822281429155925,-0.656005621521106,-0.506876171091792,-0.899046960198946,-1.04860242365169,-1.01607402962015,-1.00102523450142
gene41,0.451717868324793,1.03245213761828,0.518511276756385,1.43266550225982,0.0507502653900872,0.624828497794641,-9.34932189884385e-05,-0.0379497200562166,0.216568832544464,-0.938168276756953,-0.196261990472291,-0.837706735475879,-0.784272427841074,-0.847526438583837,-0.568270137296044,-1.26940174125096,-1.49965985803013,-0.841666452463232,-0.11704122192653,-0.13959835666316,-0.467603428149208,0.422515065868393,0.160603391721493,0.528854752346452,0.935653719424197,0.994630149633096,0.865635027658843,0.965062003972304,0.642441495854639,0.771647351995083,-0.0824683281464158,0.475931955178758,0.700566555918122,-0.573629505448244,-0.499017214871916,-0.642470457630144,-0.717585029671899,-0.540825886192705,-0.94842320056184,-1.13108525485862,-0.636991078080237,-0.685128137224045,-0.202411600727783,-0.377038020200203,0.133131801886185,0.184849480035282,-0.346203685892934,1.15605015533254
gene42,0.923013292010354,1.01113053458931,0.759225211024396,1.1608066903128,0.745341485530851,0.79196686879673,0.555611930838326,0.550823743222763,0.132684104847553,-0.130315765582447,-0.211098356505353,-0.438532822641379,-0.610302725529217,-0.304192962172061,-0.876587752924821,-0.958421630132172,-0.625613483881328,-0.390842842370319,-0.281369854714519,-0.259543132827951,-0.192436322368076,-0.187778056988861,0.163004450407406,0.652627935783894,0.679450962564462,0.76673337243929,0.924507464665917,0.773641323614909,1.2550133092946,0.754455452422484,0.0482946114243932,0.459070212257647,0.434657411989037,-0.116880569002875,-0.242857587307345,-0.736431576260642,-0.742927196405039,-1.01257842158029,-0.700830622812553,-0.756370498920023,-0.860440839394563,-0.571761958698841,-0.38414775462652,-0.296779207667161,-0.28154379246684,-0.0059110348264387,0.274693595562987,0.35383333996739
gene43,0.459006734841053,-0.310939973188902,0.219044532812702,0.371470420389647,0.348974227161879,0.317226430562841,0.823909814314556,0.540796573548665,0.912984406115947,1.1251711790023,0.811028065924221,1.15814428262586,0.791539636092336,0.595123696681772,0.342412298844059,0.523394594870248,-0.490536835997088,-0.699380086560342,-0.660885092260391,-0.66703424102674,-1.11780548192305,-0.871519108137142,-0.655431354110333,-0.928388800924319,-0.689397003954242,-0.099927133082683,0.12483544527395,0.101821639860021,0.43868364181083,0.149767401110041,0.781077520009085,0.955513798454867,1.11016636205464,1.01064574490365,1.26189886433556,0.61882077733598,0.660663944870996,0.256696824162647,-0.004458223469848,-0.288966371036267,-0.0842061716757518,-0.59861066095437,-0.743509224886306,-0.740880820264143,-0.662644764138326,-0.838970249804971,-1.06313365042655,-0.611267870332272
gene44,1.06575179724342,0.30877952247383,0.391444135957404,-0.0395551687582496,0.702698050700016,-0.166813269660841,1.26855528526807,0.734565837974415,2.13847905286182,0.281596535076175,0.785901447084016,0.122758278492951,0.144253296091397,0.48608149924172,0.101251216307399,-0.459067425422508,-0.179779046594354,-0.886110946401888,-1.05208681926241,-1.34458221188781,-0.795537568471612,-1.34401139816357,-0.437287204994218,-1.16923288658137,-0.0125716438628576,-0.419151102068407,0.839696035935413,0.618811936176041,1.04228684236443,0.0626700851750719,0.737466149451626,0.922516755443263,1.42363570259708,0.853126311454689,1.13455688107589,-0.435974561092353,0.707529480730341,0.295161887309445,0.31405270620263,-0.300255402146579,-0.711098292094404,-1.06511109078356,0.0959097040239265,-0.964481111467969,-0.725570811948824,-1.44609261496583,-1.72436794653113,0.159631143846231
gene45,0.639663805230693,1.06339548823596,0.21721088354433,0.911171131694383,1.30155929121592,1.1559218577232,0.371234463873876,0.114493560125616,0.16406720307742,-0.127279186355056,-0.0174626830997323,-0.771427484118487,-1.10699581790131,-0.878644918465412,-1.36214490322935,-0.534974781175548,-1.21648182258895,-0.254501641499386,-0.280958976779786,0.178362666475961,-0.0034964063989291,-0.105287991444,0.122729984305525,0.477763861852847,0.915391267204733,1.12064251142451,1.21130216815262,0.993757163980346,0.955615423992895,0.932380118738771,0.370803918313259,0.0167603414790925,0.254550442575698,0.157091494435938,-0.0483285060265221,-0.354762663598593,-0.546799577201098,-0.936050943843651,-1.5324792746927,-1.61149225877483,-0.918499766032348,-0.141632775009264,-0.153733465549005,-0.370515941585853,-0.546927990130064,-0.167558275322748,-0.0668264288700828,-0.28368842839293
gene46,-1.00573209471525,-0.849703234235597,-0.865380861970025,-0.59918085428702,-0.564341619978062,-0.305276134918901,-0.0757833379308447,0.0826605618917378,-0.127330236676251,0.65289495270168,0.334815871569876,0.445750860045161,0.4128078429115,0.805053770754475,0.841516995023708,0.749260362937036,0.424493671048908,0.146835523588825,0.0703370050913577,0.0728385382014533,0.0412273056156414,-0.009026632284346,-0.262920958682676,-0.611141907858155,-0.758010825309003,-0.799551231133455,-0.674386718996346,-0.474481616627848,-0.456678510049415,-0.561274007004564,0.0438365877262496,-0.129547330414526,-0.128136169373844,0.363012458842028,0.238927376509617,0.249978163188,0.464352363401698,0.570038205263611,1.13897075978613,0.575599163479669,0.58936450401585,0.187251974602728,0.337302618493609,-0.461966845860741,0.105407956592428,-0.076325691274241,0.278455305594388,-0.81151759956794
gene47,0.0455341760425422,0.848259325535739,0.654996535768182,0.615912473703966,1.23435797084289,0.643156903181285,0.778284706857905,0.522646162388713,0.632102508088222,-0.295475199619088,-0.12282637207371,0.191710633880837,-0.363869553153899,-0.478025851665216,-0.360324011935931,-0.718417468508135,-0.646036785911867,-0.660589265071985,-1.1853483444404,-0.665499816513025,-0.43724183220439,-0.727289950010446,-0.685152600961471,-0.355700311050605,1.13949809145995,0.955728009793238,0.843481392778106,0.347516509460139,0.552880955430105,1.16488058738678,0.85088382375997,0.505444089008508,0.781086162338074,-0.0637999140352143,0.128772935143402,0.5476437057269,-0.192825330014691,-0.259898441919003,-0.0283995561164675,-0.56290886273021,-0.703144573480314,-0.388164383228605,-0.905386984073346,-0.518255558087077,-0.664940181737301,-0.796085567038091,-0.324512156074869,-0.186885065340994
gene48,0.687797003409003,0.885010367858071,0.721972411571932,0.309529376465595,-0.0030226885901998,-0.052159631961213,-0.134795558458684,-0.405908672157061,-0.544046655265337,-0.629994006782417,-0.847313213723586,-0.929072201916475,-0.637419348428969,-0.40858965948235,-0.991365085082152,-0.356934375284805,-0.5906709457121,0.139583815106295,0.640696953491841,0.451446328074217,0.541761175661137,0.473830149262392,0.474641219457462,0.63933504611561,0.429815333875278,0.568081351219862,0.587110869685883,0.178098719007363,0.271167569953113,-0.0116414322599879,-0.44355035521538,-0.623943790102716,-0.548144808296723,-0.968182779027309,-0.904511252126779,-1.14188194941686,-0.903857125928019,-0.807652495709745,-0.93965581887177,-0.611320121773139,-0.194532039264738,0.368377386908757,0.253396034571317,1.29208837759641,0.385690835332597,0.897900355307421,0.578670521942781,0.749299521225925
gene49,0.39770788631599,0.144561052032264,0.469473136990734,0.558279111662801,0.166794649353909,0.680759096855325,0.55659160053979,0.982471453806598,0.281973423190939,0.285506680379107,0.615392593378768,0.360941292624931,0.1341501094158,-0.309761163578122,-0.0715049274347625,-0.0286266395360125,-0.0002712561430843,-0.697172750594144,-0.648898191503684,-0.717619280472887,-0.858443759619513,-0.698801101117734,-0.865724456295822,-0.52856467680639,0.290270272197857,0.316739183309515,0.568213324995553,0.672187152206374,0.279248244745539,0.34419967838493,0.935983262287914,0.524160273193267,0.625827817075665,0.411281844332396,0.207385778939362,0.700694737759258,0.133662787571119,-0.155397198525512,-0.145684232777142,-0.491425605240303,-0.523053680412058,-0.892310078724277,-0.721238622304127,-0.650613920722569,-0.657642012647796,-0.672039045763109,-0.444861585481004,-0.560868694019409
gene50,-0.289392417322136,-0.669233677963706,-0.160015611533989,-1.2322527983065,-0.495205845405411,-0.820025206022792,-0.66199626700275,0.0914570622921406,-0.351885833220198,0.260458518259369,-0.0300514455473875,0.212107159834044,0.0617781100218125,0.642846501567917,0.442108691572355,0.992402727431012,0.651725857534349,0.466707783872855,0.64055594677482,0.630352166733857,-0.133211720549057,-0.138242560396906,0.0487402803093907,0.290892265856946,-0.749177020699497,-0.783017881885641,-0.4572408816874,-0.544821740146412,-0.819869189736286,-0.777624242577617,-0.688211375483461,-0.572642273986707,-0.553527694213017,-0.449346122722463,-0.327560893602859,-0.217765477307228,0.0700602097015009,-0.216840078950998,0.303520584273983,0.0978272127604264,0.874025763751114,0.425987702948412,0.459205343532129,0.29593218115517,0.845692315232065,0.331455977736995,0.691066108396936,0.0936011097302707
gene51,0.615899519283204,0.686186793601281,0.447831015705945,0.0047197595622547,-0.0473605290116486,-0.288253234806149,-0.576133815929063,-0.929488853582925,-0.505811421306452,-0.569720348977649,-1.08475164100595,-0.857686234656063,-0.529686063838344,-0.684414821311574,-0.667436514141026,-0.133367044977052,-0.149582210059859,0.395084795119114,0.683885548903995,0.574549903066275,0.815415342981153,0.378154207959856,0.570956147114246,0.692302106347579,0.436201979326856,0.320183583641925,0.174909246625749,0.124629837355183,0.0495926131774945,-0.128336659909905,-0.473009045440506,-0.758972995069689,-0.321898685335507,-1.21189472111013,-0.961583555443982,-0.923219181356492,-0.664982546544561,-0.387902805735387,-0.74925254168467,0.0617260034953025,-0.0812539433662423,0.367471358676239,0.464772508093627,0.381742053844876,0.370314125322774,0.610943399142912,0.447113510896979,0.459736483171694
gene52,-0.219821295625529,-0.50677282745105,-0.609925060406258,-0.90129921460876,-0.730156027379454,0.0280210712427095,-0.0620296553111368,-0.18719422347353,-0.097105753743533,0.111270349900311,0.431578519801803,0.288036277020809,0.484851265084414,0.245287992313588,0.467234853612487,0.880884915558762,0.267589176458091,0.275870946651734,0.262436258284678,-0.134585780976661,0.177828672059258,0.24117071479545,0.0679505892111043,-0.321320074732663,-0.508464643082811,-0.714372752817026,-0.676641712724511,-0.664616120118218,-0.456408972766726,-0.439399884749673,-0.314789637469638,0.0244728373653006,-0.146568996240054,0.480972557705974,0.318861408499361,0.252109680181527,0.565081068429661,0.644882100628994,0.506597589600771,0.517933005872967,0.482914699181665,0.776095407903255,0.36066072668494,-0.128837519928159,-0.0140975590717907,0.235387669166676,0.086540698220839,-0.240900460229465
gene53,0.48711150841608,0.883518873310651,0.53393963832735,0.468592000360222,1.12493376502897,0.828356965375498,0.924124636262915,0.884827812930943,0.658798225946988,0.452398498727092,0.0585794147513516,0.0739783091091415,-0.0927869514342104,-0.374826916825654,-0.0292169594313407,-0.644667200788043,-0.575749540543389,-0.215836263387656,-0.631757300768105,-0.920691057844024,-0.587247891604437,-0.749569736117483,-0.520804592668772,-0.673962691178219,0.346462835667328,0.747360853253691,0.376904350916035,0.617029359242722,0.520597747717248,1.00226607296647,0.517987088684489,1.04733046735291,1.04887044350716,1.02218400806849,0.543405971410095,0.0484501691410846,0.32524849972083,0.0819717125272667,0.0239474697319688,-0.737441212901423,-0.761210555626699,-0.533520071724513,-0.766670799768635,-0.791485649538664,-0.488059909271819,-0.457827343406797,-0.3264485813216,-0.35038370509566
gene54,-0.474678329079209,-0.328785894045704,0.0281249983233849,-0.224219937223394,-0.428050983799454,-0.569653457659771,-0.945735753675704,-0.884683112976269,-0.942211564025635,-0.862186204692571,-0.690631688843116,-0.443327620945938,-0.416825812372045,-0.481121086850142,-0.270782379643123,-0.130346377559871,0.507456786029432,0.769048295635909,0.681832449303126,0.95167514708875,0.716373647368663,0.790266309041261,0.855650449051958,0.777477200958623,0.113754667657352,-0.354213228871739,0.283030588583705,-0.271400387303415,-0.54228450780942,-0.842192465044316,-0.713628493001304,-0.947625298377964,-0.923984498807602,-0.882551587819927,-0.871134308926785,-0.5210182976307,-0.479636109907642,-0.485435233766918,-0.229167120550265,0.017168663307184,0.211074930186605,0.617994761249204,1.26134668394389,0.751169122248443,0.833873870916799,1.00981790456353,1.06345178178306,0.734508921705998
gene55,0.470551739347744,0.483480283810822,0.316322764490147,0.231190952042321,1.24914145578832,0.37891891499345,0.790358829012465,0.453590337799844,1.14394989387863,0.204456918279053,0.064472464941758,-0.0626359194703096,0.569002318051569,-0.026150611456141,-0.350352772093321,-0.216359264849333,-0.673751674612078,-1.10229651314002,-0.91422219638224,-0.183151897790408,-0.685129572236301,-0.553798473754937,-0.690481706104971,-0.0638138571421535,-0.0347596583714364,0.47216544887642,0.256609686119071,0.66944762641681,0.741725381231882,0.953060709722384,0.922957232101187,0.713505374855456,0.303150366634328,0.476463360996679,-0.0770704923557061,0.207740735526674,0.149066443144177,-0.0238144250046601,-0.944906852041268,-0.716144160848698,-0.215017747139886,-0.869062362144327,-1.52940024502134,-1.1496329413394,-0.600929492787681,-0.952341066635291,-0.0280049131407574,-0.495221992001281
gene56,0.932888497651963,0.779447244048751,0.672776290743216,0.584082524848249,0.944063056529919,0.77762955032328,0.537430373768893,0.334999525319253,0.13014542132624,-0.16350449164192,-0.158545256941917,-0.557960576122664,-0.516334329380432,-0.26055670355059,-0.997566021659394,-0.899274840962911,-0.114763526508867,-0.309739094017859,-0.540106926289473,-0.32530915068423,-0.303136592994836,0.204208642407222,-0.0916273599731627,0.0839638692665268,1.12027314448578,0.696692704832331,0.428854619151203,0.761671579285928,0.834821385976101,0.86903014630964,0.0981442691448314,0.780202792510706,0.336142981059724,-0.212263904779322,-0.148067266370773,-0.236581523667519,-0.695809495306953,-0.41838742998504,-0.408705378812826,-0.841719418950663,-0.867114884181141,-0.630649603106451,-0.6745976918475,-0.623969817087217,-0.235390819847269,-0.479324544159403,0.14351475729537,-0.0025048668541295
gene57,0.459737333121154,0.485299214762866,0.544809721355239,0.320666568026332,0.389788303626621,0.22062342783054,0.499005953708028,0.485554897971815,0.396952564811421,0.266851791276371,-0.0029904442342388,-0.174267466876211,-0.178519803314747,-0.225923681138401,-0.61516096502422,-0.467645298294891,-0.305577849227572,-0.396566005611791,-0.297260077003669,-0.30491449576238,-0.514727906291324,-0.18395228575651,-0.233263496873331,-0.344229675052288,0.528063173574524,0.700647593233484,0.35247462205953,0.594314322707743,0.535274723861043,0.252962569060338,0.620065104253758,0.309011639935489,0.241698205761927,0.179737925717999,0.0838602115332396,-0.278785792354559,0.0525561985068425,-0.476704626643721,-0.599829713379077,-0.262474405007612,-0.144954083329714,-0.420172363772294,-0.442858527144226,-0.454497597975789,-0.403930089225436,-0.19669377368524,-0.148238284004206,-0.0955823681747523
gene58,0.607997004510803,0.378361287632215,0.524643054169555,0.72188316608866,0.64836961087016,0.702744006601052,0.687657880004431,0.337968276493021,0.475808009290319,0.0224533949630847,0.244256042082408,-0.0084825057908562,-0.211299923714813,-0.293561321470538,-0.492824749869747,-0.494371775431153,-0.499120506799777,-0.538284302584172,-0.450158737366546,-0.380278154973115,-0.0883266021831057,-0.373905572430152,-0.157775635201617,-0.114833061946649,0.516353838518205,0.50365880505543,0.524600630691848,0.419991600567821,0.655623541852244,0.410456394673058,0.470650001982224,0.311596455005112,0.390676077159778,-0.0572105078904905,-0.0532352437760714,-0.0229838536699816,-0.366998424217907,-0.512566912039617,-0.177200602588164,-0.335459477773778,-0.279313023105732,-0.334862619107165,-0.352201808591025,-0.214437836343987,-0.311651518925208,-0.240925207175973,-0.133178067839785,-0.0610648031599416
gene59,0.622607418542253,0.739699875068089,0.674756602220388,0.479633786947774,0.22391144558663,0.271126597121769,-0.624087171129055,-0.091441752024999,-0.181803853394835,-0.804469963598472,-0.612678222227333,-0.45811148482361,-0.280459968912555,-0.656642038436538,-0.672549722564623,-0.639385865472174,-0.401753482011841,-0.33591992225924,0.306030538154239,0.0999921565140063,0.752134604639444,0.319115393969524,0.577299068572089,0.973379008167292,0.609474896396128,-0.15607131871027,0.421842227419819,-0.0272506500091607,0.396083468665039,0.334267254260118,0.104520704537783,-0.173815124670676,-0.0640918501053246,-0.810658549833663,-0.721754445705159,-0.808397141970393,-0.388387986302136,-0.696094467774951,-0.808647869780425,-0.638695018819654,-0.542211480561026,0.356777360923169,-0.0207104363093805,0.304823940787187,0.395480620603595,0.21293205944878,0.644499076672473,0.761356692012882
gene60,-1.04266022887196,-0.946462736399154,-0.487274434644256,-0.745645402916461,-0.792169939737729,-0.712181831239809,0.319646546950271,0.229857425335279,-0.247369909468245,-0.150953832431613,1.04969670262699,1.25540133910114,1.51077164043989,1.19132816480902,0.852365087860192,1.48913685976069,1.13521303839281,0.71817135952446,-0.196470023149524,-0.0567189757812744,-0.525821217279142,-0.606208037422329,-0.0149173440967917,-0.44307668742102,-0.728237542661088,-0.745766895828714,-0.891379341119645,-0.509511043510364,-0.472039754544682,-0.927572805856312,-0.610551686634823,0.255294371074521,-0.185895186837985,0.889263556246587,0.262712576527317,0.729788143017609,1.12890827579748,1.02990019583552,0.45419390692518,1.4151000578219,0.787776562472314,0.85895351096092,0.250405393897778,-0.0885252747315427,-0.0074504880651212,-0.589871245248388,-0.675126867359077,-0.856571714532362
gene61,0.574646129601211,0.296647687505391,0.387247288699428,0.368317434944757,0.247976059783932,0.287203149417821,0.0232631727670916,-0.403088690336453,-0.269639090087599,-0.958347691362888,-0.362793056091166,-0.766389994182022,-0.297946913904671,-0.603260428230216,-0.992591747064796,-0.599998851884626,-0.145157582478764,0.232928654083961,0.248089605350266,0.189079858575267,0.513599656622012,0.52455870102016,0.0406479120036136,0.928506101608478,0.39120787332834,0.157683975938649,0.653995809561328,0.511896267381793,0.305657487244475,-0.0864137003648629,0.0247764949362217,-0.644506807866155,-0.266708983548675,-0.976162720422572,-0.474058327923873,-0.372153289755161,-0.673300028946565,-0.743622796528888,-0.69927537400477,-0.667717921939227,-0.648867586261451,0.068128540281239,0.234619267194154,0.407203748405142,0.53997082318743,0.124050668049536,0.313192998336184,0.25188688683731
gene62,-0.179975628690027,-0.113074363161044,-0.0111595018971742,0.0573767820339621,0.174116881893743,0.22486136265105,0.54043897930653,0.358593902216048,0.702299430394156,0.481788198780775,0.560772033487085,0.584286371884889,0.560776690680602,0.268401309655071,0.34681223201212,-0.174476447875797,-0.316962798522427,-0.766302953333908,-0.475626044350309,-0.470208403141009,-0.537665686053217,-0.558061207713389,-0.900609539511535,-0.468787892900676,0.0115475695492246,-0.0667221583808828,-0.214161636772675,0.0760350682459401,0.0615749184989974,0.175250977120984,0.366260036737172,0.680140324856716,0.62622355946301,0.670709087126716,0.472837090806418,0.373150141098218,0.210792015411113,0.282645122971885,0.409867427167886,0.100355463054709,-0.173751742895158,-0.278394514519236,-0.674870885896623,-0.412683148528638,-0.56223552596026,-0.751667913803707,-0.471164104909664,-0.592481078180166
gene63,0.412792625536168,0.603827421756815,0.739099127559952,0.359291274481143,0.851674174338716,0.890133481604493,0.17256791307597,-0.163544886396161,0.520521079219894,0.158910083953195,0.146644716325448,0.186946642996912,-0.139600370945222,-0.0312103049507976,-0.285007858638225,-0.117650307220623,-0.365593785976886,-0.341909691909151,-0.0519791528654887,-0.184307828977854,-0.209107165933959,0.188520153002453,-0.0270085954206273,0.17479566949965,0.611541390678238,0.55297482442799,0.24938066773958,0.679837456624903,0.551840519749736,0.690437215658152,0.386149821297614,0.340164532800035,0.311695751505727,-0.171699742203396,-0.388388905257855,-0.087758464698779,-0.265551756360714,-0.308352103332868,-0.030349731016734,-0.672003707995971,-0.844379241814658,-0.320078094062735,-0.136127690339671,-0.437287656881976,0.196144113194263,-0.336293605694386,-0.326180929249892,0.1725587365901
gene64,0.225564706277399,0.329237262878247,0.784421216267408,0.574379421854941,0.357934290612563,0.710596649535691,0.260095871963333,-0.156548859542514,0.20421526623118,0.0021750719811057,-0.140798755098619,-0.565584507790398,-0.270254101830123,-0.466554351764592,-0.666432263556127,-0.500810359818151,-0.647983341838326,-0.212484139538396,-0.33761665719791,-0.138607237042161,-0.347215896820232,-0.175600924017354,0.0902773731361648,0.29247758727953,0.626976955575852,0.566199941347613,0.569610006645048,0.221194558823849,0.431641121100064,0.600675043810759,0.614467270004175,0.296504183071512,0.0573189871518,-0.234966992099884,-0.408131393792718,-0.408915011268548,-0.474325769944617,-0.817032626199586,-0.559216405122456,-0.585567531772569,-0.483277695072047,-0.0898127573876809,-0.186248908230044,-0.128244037182491,-0.0972582015056492,-0.332462982913826,0.129274812709513,0.0080849538755534
gene65,0.0178842318488126,0.0539191426084599,0.173161025002851,-0.149959312533167,0.105523863339991,-0.345758376748728,-0.536786366281755,-0.627847550050208,-0.50433806630072,-0.302403708932178,-0.805363977387274,-0.306278860554114,-0.755379037818494,-0.63771693144553,-0.751857107257169,-0.24530299604998,0.328526239285409,0.425678978151528,0.315626516694082,0.619779661549295,0.474149713203866,0.448775699229679,0.462009831023886,0.284736109842713,-0.0624356338710457,0.124698797169652,0.17089214135879,-0.154592838361924,-0.202504168858174,-0.448593101750949,-0.71138970989081,-0.757383254380405,-0.575580451900415,-0.593505210078618,-0.120695295168296,-0.437127805362209,-0.393818117700024,-0.383929280342291,-0.323388774348282,0.0216351038687603,0.0887370546662005,0.37266933491298,0.359741352137718,0.44621976479342,0.332986811538964,0.480007652233628,0.874023690697683,0.841386037015066
gene66,-0.890401489882453,-0.749349882510418,-0.719387920713509,-0.910176212359325,-0.758615771869895,-0.516868485206651,-0.421866733269812,-0.351266370556702,-0.104694997022916,-0.0921769586508275,-0.122548519123324,0.0876138028832633,0.754620501300981,0.938781786731975,0.719888325692192,0.92991397317141,-0.389354719452364,0.321987242450353,0.90751132401362,0.371480861271778,0.549437031352346,0.386479273989472,-0.0626567840545045,-0.668436952364602,-0.702348419961204,-0.747071107106146,-0.740217400763077,-1.02045930963931,-0.633532085606897,-0.638722072608557,-0.032505606442872,0.0222682118508808,0.254391997470402,-0.140065405233803,0.346087737200903,-0.187918296014224,0.348224223680332,0.543050953684379,0.276554880884033,0.75013598863736,0.635458452248589,-0.0884212651903865,0.271293003795518,-0.0732279053903888,-0.344308992627685,0.147532534526301,-0.235000731225392,-0.408102529340847
gene67,0.252082908609848,0.744525607872823,0.850156960540789,0.459700013386967,0.453450533829488,0.920834894484885,0.602682764869645,0.783786504110076,0.439517059871917,0.688813996901467,-0.199874485272927,0.431089917026828,0.0035875776265997,-0.0920111603091157,-0.629042162926173,-0.0547864409841837,-0.581842720102407,-0.779870715009096,-0.0953052881644455,-0.142142318800272,0.302234138739118,-0.406986928107802,-0.915370083670103,0.174145449245514,0.910835805613189,0.212216330973611,1.00703191642166,1.10917306568857,0.728091253099896,0.689442426741662,0.351900664538142,0.571568084371143,0.54476097470617,0.153026571643722,0.655389634474086,0.538074798064478,0.349721565740222,0.283984063854399,0.159815129995453,-0.437005921313128,-1.04029073834248,-0.278372744058771,-0.395497656611591,-0.579632586532192,-0.719270947853228,-0.56078640520568,-0.178005067346411,-0.394069985258806
gene68,-0.579203845435278,-0.154547415707947,-0.578618927312776,-0.663102152382538,-0.459587901186101,-0.502203019541872,-0.695777452347532,-0.198937525272525,-0.208424766950977,-0.0882769890664387,-0.277177051945856,0.304130333668377,0.164190969965639,0.313744165986877,0.352575268246588,0.517665768607035,0.494109282945615,0.646464334666861,-0.0539763397030604,0.199339761212211,0.150953116961915,0.139377252363889,0.1645719886622,-0.201205720346745,-0.436066734582648,-0.300591891087726,-0.876775535175136,-1.12537945835357,-0.462256095460258,-0.0653796432831265,-0.376157503771512,-0.142917324607998,-0.771055297122225,-0.0976707197215431,0.312346188411677,-0.0733790904701069,0.779446355689797,0.396797016312099,0.497253806102131,1.3891151514391,0.317700882631214,0.451451831509459,0.178246165920424,0.377017841728237,0.373742953378158,0.484387209448953,0.413599891116877,-0.0716604562862206
gene69,0.232161065923248,0.294473744781735,0.583846437811029,0.638842012389535,0.619728284650547,0.618209039919073,0.562238813623894,0.70674095020066,0.725239512378079,0.589325459475782,0.398492091709539,0.0647602156228787,0.443556778541894,-0.0853428213191166,0.059743635138983,-0.472120143566655,-0.413327572517449,-0.525438246961178,-0.690214232133783,-0.453848875790088,-0.866237355530299,-0.659911137713284,-0.632305069141382,-0.459362225672785,-0.135478012825956,-0.0337317032184545,0.172588552676586,0.36323719394162,0.408270265483004,0.554212107287807,0.754586812700677,0.448972873368733,0.756137803033909,0.600838157717225,0.562278098398597,0.498822520844688,0.170536441089117,0.283856971297688,0.068096576131263,-0.478843628610664,-0.392124135910685,-0.701327768577385,-0.77681528686921,-0.68476033117159,-0.925264920333829,-0.944811039399343,-0.359828396723488,-0.730405373220467
gene70,0.453500629147205,0.117525353475124,0.294586841765415,-0.0367968101933839,-0.117473065255228,-0.177807195733402,-0.907648492960413,-1.06656514391279,-0.62307498650896,-0.519982262320071,-0.891523442451365,-0.2498832623691,-0.68033014092713,-0.474011553756521,-0.589389253280539,-0.228212891128202,0.577756785368061,0.642376899626254,1.14122805515584,0.789605085291134,0.605333904648553,0.744811531076867,0.77926275703419,0.384424310112007,0.133356287245251,-0.239670401893113,0.894931917289693,-0.102953113647075,0.393086013944266,-0.459493401020746,-0.986209789620326,-0.877930844159101,-0.590801038517335,-0.710637627041108,-0.851090058448402,-1.03068407411571,-0.328082373048701,-0.596403772200343,-0.189212342992596,0.175977018468036,-0.0402635894266451,0.315427662985818,0.229063929247102,1.02480063042818,0.639931791388098,0.602801396364079,0.2300360368867,0.859801744602682
gene71,-0.41605725761471,-0.243336444113814,-0.631127676163108,-0.0907923401986632,0.397057758104169,-0.0076126698573178,0.72164736667821,0.651749850604871,0.287711935555373,1.04608269536678,1.05651299798534,0.742358076234983,1.19413032711072,0.817667910764584,0.89651395916685,0.106086326010684,0.308348042469666,-0.512682302504943,-0.639314865985232,-0.735574208794754,-0.502969833461217,-0.421786367505412,-0.999410151802625,-1.05978776889419,-0.588701565448969,-0.109239515357206,-0.373612200098801,0.288552533891632,-0.0632205288214703,0.296557585793177,0.541431466056514,0.868036209058955,0.734141365207623,0.920297796563358,1.01433102285357,0.800718101392346,0.862285917328294,0.92367076917639,0.897301816869145,0.772529695805007,-0.125061080322573,-0.415286946455471,-0.72188777629157,-0.697468264502554,-0.90875452089393,-1.09683358752669,-0.929225539771554,-0.925141570866403
gene72,0.307023873771936,0.350894371889756,0.303287927186118,0.452728038597245,-0.0941358487754199,-0.0685574021680223,-0.114736849573853,-1.0552358498644,-0.45108729675872,-0.0508119362358904,-0.910690739380722,-1.24614476720363,-0.3707930554092,-0.144846485052818,0.0852518154209093,-0.98684711061241,-0.532779590860357,0.62777457320608,-0.564106224503951,0.501002887850788,0.216932174303909,0.305963461144333,1.26926966013473,0.805176602670962,0.94220037267635,1.09535570908261,0.589557351233227,1.04907846917899,0.102403171019235,0.77676065936635,0.03277514807831,0.269272098629338,-0.687354869747899,0.0372529684595244,-0.329986010849939,-0.548767105302169,-0.292047600792117,-0.673321431573722,-0.110185450991352,-0.979525336454142,-0.456107932515352,0.775866714330643,0.670765642550915,0.304261051219431,-0.213706687854059,0.699004032589217,0.368846514706368,0.77090479530041
gene73,0.558177321175908,0.371639661233308,1.17472926655504,0.714164512550791,0.963926986021022,0.668594327037701,0.617789404447131,-0.0093890879845859,0.560818138939027,0.307692230664316,-0.0768824909914786,-0.0078711719990934,-0.735020868432066,-0.607881704420455,-0.748599322844788,-0.987910936745227,-0.784077820797355,-0.613486365257656,-0.857129191752389,-0.30203432524585,-0.0887064143030572,0.101212199779327,0.191111602003092,0.286052384826721,0.945941638238135,1.04906407486613,0.591660849021226,0.864435733045514,1.15925218134836,1.08909102174645,0.232970757648769,0.302993640684805,-0.305694378260875,-0.1855555437586,-0.0043224045261242,-0.215578242715048,-0.49143654098375,-0.674494201700084,-0.664445279708209,-0.989273382234294,-1.12696913787174,-0.234282004677173,-0.323436510542984,-0.302341517847439,-0.483199723161228,0.0831984747687796,0.244318528960335,-0.223246262639409
gene74,-0.785172044069823,-1.61253523563687,-0.53652099614322,-0.7798657864553,-0.324065248761837,0.0311655997600196,0.447552915919446,0.173360963328585,-0.412604663641339,2.03994875036879,0.84824251466711,0.388284517415148,0.688856453797325,1.70917472452997,0.561421425911976,1.06024675296898,-0.0979956854072575,-0.99360607658864,-0.823566525019427,-0.422037024929153,-0.345269753649655,-0.569137640344609,-1.3303009037102,-0.552144693080758,-1.14968118083498,0.0288396999420683,-0.0448858426102006,-1.23681901395906,-0.170981249867564,0.0978744763099352,0.390745518552862,0.126087194690365,0.307998894152699,0.926806139009717,1.11693163517052,0.671383666125717,0.453201295654019,0.481073109739525,0.345759308295349,0.676010241385264,1.11300346842948,-0.884757268439915,-0.0450559641379258,-0.554307616323407,-1.52265704516816,-0.807890827183967,-0.533005712829007,-0.860758573466838
gene75,0.475290902934547,0.569928763819896,0.991421212714195,1.02149350652749,0.870207489408631,0.760073706530939,0.287719531522315,0.926959943563729,0.139030859570164,-0.368302786116883,0.205677892175327,-0.102495300249441,-0.113366333696191,0.349873229844487,-0.140405754633052,0.0035971142354778,-0.553654977417318,-0.459768209885,-0.541895613880717,-1.10361667637758,-1.33487250176169,-0.748198778734075,-0.760799885528865,-0.226075854884639,0.562410196442448,0.467454614446959,0.624256458866645,0.49849657477019,0.869794204705538,0.307239646561084,0.80811552075574,0.718846744022182,0.707977188166869,0.303072100023013,0.0644045292551019,0.226646594630744,0.304871183373891,-0.773305191990236,-0.0012693505603227,0.0275926361603033,-0.173591315553525,-0.852362709971963,-0.882802051832886,-0.446081482272841,-0.130167521078739,-1.13094878749373,-0.967406153769745,-0.0617495822650876
gene76,-0.570255133611849,-0.527209037774935,-0.393655031479756,-0.505621192734622,-0.548985019768414,-0.673597824021214,-0.543354779991229,-0.205427698379827,-0.448740105880112,-0.191853241192026,-0.100530191521007,0.0345365464050765,0.0312245861397764,0.203926138071287,0.118692879444295,0.570994653138688,0.183124298717217,0.521926075481054,0.751610609720616,0.365527930377219,0.631545618623733,0.324297744034147,0.194753026236421,0.232650862994288,-0.269566227339985,-0.4105203483478,-0.480045516922659,-0.370380527165619,-0.39295100139982,-0.530894302665917,-0.371780873941481,-0.395239816263624,-0.574837249239646,-0.339726145616107,-0.14268504630959,-0.0650568658587635,0.275396520127404,0.292753492606104,0.25395468415806,0.549196624310734,0.566151047774077,0.508527547131965,0.495025869819967,0.296190160958457,0.391187862332306,0.239650845902804,0.0650161678251689,0.0580864799626036
gene77,-0.641687560472043,-0.311126549161568,-0.856985322913065,-1.02160890013014,-0.349750297789066,-0.582295578035992,-0.569276214328447,-0.600442000148462,-0.306542742418833,0.0212415499999625,-0.272154258666751,0.0881196184736312,0.536348787822376,0.278986771731463,0.49077404959355,0.808817915424901,0.726732668553118,0.764354456689599,0.318629387920184,0.41157532937876,0.336874416201831,0.450523577504312,0.195342671376719,0.208297615899892,-0.264709859441677,-0.511863530181136,-0.408118127721183,-0.451441782471637,-0.729357105101499,-0.418130924809554,-0.18969413088914,-0.555528348111771,-0.397996194045624,-0.0184923728789935,0.290376787049262,-0.322496463449082,0.141264057702747,0.304272921540054,0.11334415117201,0.628127124836642,0.342000770959145,0.662062893805363,0.432484763155644,0.660196121597742,-0.0115844545937449,0.501070590348924,0.117552937556916,-0.183117076705045
gene78,0.373709180593154,-0.0383721723224453,0.25558368063514,-0.16632902246748,0.94609474031698,0.926007012078317,0.517417445241934,0.7632797356585,0.938338395865196,0.719357988957416,0.174691814764581,0.558842159698416,0.135157050331211,0.514190853598249,0.0254844375269846,-0.608428263002382,-0.862740100985892,-0.81225023449037,-0.917273256563314,-0.787487123812327,-0.885613213990825,-0.832419216511017,-0.999870358839873,-0.680359724053733,-0.280287187439032,0.57842692389828,0.0737107786731002,0.608898622822741,0.583417196003089,0.451041480575007,0.571396112726522,0.925720344846495,0.928720312167369,0.906048764201874,0.4339511119372,0.758098129160318,0.319811611354297,0.140014799863919,0.238846892345484,-0.104905892647597,-0.733422674411254,-0.913589727578235,-0.656560666977116,-0.859785091193638,-1.09719497523666,-1.30243884868422,-0.442051797343127,-0.919595729227133
gene79,0.311669268113751,0.657962924756309,0.80288373498903,0.511932294316256,0.605278734389518,0.577675452696396,0.766232678537704,0.39042469835432,0.399678089169952,0.476233930091009,-0.0805297308845736,0.0739301182116478,-0.414740987836139,-0.218416411588005,0.0053559839059347,-0.414891426191845,-0.670836605639655,-0.252625820656758,-0.780375491366324,-0.616623575265799,-0.613640495526995,-0.296505216256827,0.114432014215775,-0.243014071215515,0.441457853248042,0.441577572057146,0.577992085119799,0.649810649104209,0.640109382399704,0.626680488525451,0.635041975271651,0.156187540409728,0.532938384131423,0.149353310159202,0.159249796306636,0.125141514049908,-0.238421492846622,-0.437206142764269,-0.255175951420936,-0.566288048228969,-0.806952789494044,-0.415531374108464,-0.627659857157114,-0.579237209842415,-0.333153523743035,-0.293120719905697,-0.610452159521299,-0.166173002004472
gene80,0.42026940201289,0.307555886460968,0.251149587748992,0.0356021255553935,0.322089007727538,-0.133822843470061,-0.0744510424344918,-0.727589662758412,-0.516505642857574,-0.196351069839964,-0.478257841583267,-0.825410712929913,-0.586992502516587,-0.644799484774559,-0.227995900341694,-0.273097353251811,-0.198073705840023,0.197223997715645,0.460695958083624,0.493665466914133,0.630598789307337,0.369594458110622,0.321547849819083,0.384614230869466,0.461771306962071,0.311076136886759,0.490967512987159,0.316319799118328,0.232649553264773,-0.126785975932539,0.196577232375551,-0.457149686859997,-0.198844319071764,-0.407208005326379,-0.59394921796406,-0.534158238211553,-0.459778566150019,-0.309324843502166,-0.564141664197083,-0.0060491411492292,0.162928989838713,0.409033135343473,0.185066485236764,0.421625625494832,0.518213569836524,0.528473366136514,0.292927082769329,0.906229365723815
gene81,0.27954866954909,1.01777901801337,-0.336739759365049,0.474310758981087,0.995882427237446,0.622654096680926,0.638064656488218,1.4679981028776,1.00654079073153,0.470164497516859,0.339204095813139,0.139956200211248,0.0622926116050233,0.214820063048754,-0.266696290206886,-0.491085212781168,-0.756731643422808,-0.786783439611323,-1.22862671869921,-1.3697117011477,-0.793970010618251,-1.05635081539783,-0.651841192420248,-0.288466200760059,0.591506883355608,0.094546793374061,1.20875215080079,0.540746132020892,0.997041784403814,1.12901474990145,0.557171226208119,0.583316043575376,0.49999269733233,1.20520103575677,0.894690092931328,0.458774606867902,-0.0278992072403783,0.380058836267115,-0.0545299573608952,-0.607651639472695,-0.844547100195363,-0.859845168380491,-1.50949344918043,-0.677221932013344,-1.02447833944756,-0.640892220239079,-0.821562642565263,-0.501331641292095
gene82,0.797063663821757,0.572411297303837,0.572096990189324,1.14763572701533,0.539883438129047,1.46047730577542,0.5878376131474,0.48806151872727,0.902358635957586,-0.0707411377764432,0.562199117040103,0.665707728356771,0.572598192660471,-0.10508495536366,-0.0690004593087682,-0.19247461914537,-0.993638256553367,-1.03444108973322,-1.34815991543178,-1.0162301573384,-1.08284012043257,-0.408647351469104,-0.870762309667265,0.237076681685186,0.0842650279087415,0.652973591000687,0.723233902555879,1.19793980876795,1.30544833076393,0.744172822095528,0.758779542391512,1.05348556336827,0.562473110134871,0.664580253172935,0.500848310192943,0.458728717525405,-0.374379044503064,-0.188178689635918,-0.0447286681119307,-0.286945542528864,-0.520970062217495,-0.593514164009442,-0.819275733807271,-1.11908008288101,-0.807063007179872,-0.745678544146556,-0.219311629476236,-0.250386685519089
gene83,0.20400563876037,0.232127034924255,0.0452522014212473,0.288642717734362,0.437376953696076,0.386684359599164,0.185303874020369,0.468043848274985,0.55441224995874,0.531482824545333,0.338739797431068,0.488402135418255,0.369634296000895,0.0890644387937227,0.0987511363200243,-0.0946726226573791,-0.245434638022861,-0.636468020097183,-0.590776237846165,-0.680367584432357,-0.520357450882874,-0.53890049737902,-0.476565202177844,-0.561878027516072,-0.200184891637121,-0.013451626540935,0.275361041532576,0.423585775942682,0.387031592765319,0.103345396688203,0.852859393080359,0.706186328812279,0.427166318550747,0.415189067071112,0.301206899463173,0.105351015835625,0.396201356683005,0.152394980083258,0.11905562450558,-0.0985154858789388,-0.450631988762979,-0.529608530963309,-0.465486320980963,-0.435993469728182,-0.49131447734318,-0.598719049701515,-0.508718529853206,-0.47107099174576
gene84,-0.647849228549302,-0.0164496195269535,-0.409709953846752,-0.759336988397453,-0.7092326323817,-0.93370038200554,-0.745640588174594,-1.35842635228129,-1.02792475932187,-0.200526134886233,-0.477364320182875,-0.406951787537941,0.232443792371554,-0.236000425366257,0.259039564197389,0.819907986623855,0.397798413565617,0.589995897908658,1.11830635098976,0.867333117277432,0.931818286766739,1.12084050379455,0.321076114616459,0.504006329594922,-0.362108822940776,-0.238817588534272,-0.922252812899146,-1.16590212241298,-1.25523876544661,-0.591244260909418,-1.1101800408435,-0.924175379055123,-1.02606146869521,-0.599846209581899,-0.694547690974261,-0.210843428163172,0.175232815888064,0.17355108703854,0.272696134395682,0.739817353455755,1.22215751047792,0.812352058337137,0.716990855522917,0.671728648332428,0.983901383363486,0.894149827032186,0.860154922617366,0.56355339047692
gene85,1.17496888902537,0.157723066835628,0.935514684284485,0.198359301237574,0.381602078494537,0.965115976490115,0.281483268023943,0.123182449879079,0.815375308210664,0.0761665056122857,-0.382609151240481,-0.319006503125434,-0.327548236942247,-1.1885430332059,-1.07587779767632,-0.613296840753954,-0.68250717675615,-0.351865180009048,-0.292090877078357,-0.987924466771185,-0.0792635149658578,-0.256954869062813,-1.00276870606192,0.208909252536046,1.29732961924023,0.231593099676257,0.987607634078793,0.862783157291512,0.566405819425134,1.38069358325273,0.148915022362544,0.196428405222231,0.531083063424038,0.245706470614452,0.426359059141505,-0.54529004816445,0.230597971907256,-0.259680013295334,-1.0595640087239,-0.747506041490423,-1.19728945411853,-0.541303370636217,-0.0308054241912665,-0.234011079037024,-0.123401577213894,-0.141604893886991,-0.170674091712995,0.489650886201265
gene86,-0.528601356174618,-0.35173879171446,-0.584790208929222,-0.50284808285958,-0.49007480826871,-0.363256591170549,-0.344330746808551,0.260560094759069,-0.244169796515697,0.426279953860373,0.454313356627391,0.381507767075313,0.581992245355749,0.484661272272922,0.46986898295995,0.70271247292959,0.887065533240318,0.37691236262438,0.231339999167873,0.130889265838787,0.14785612568092,0.149724723586895,-0.408414207465513,-0.342847471549,-0.618516502394579,-0.595838942389927,-0.526871463340617,-0.656667994399381,-0.620488497443324,-0.688347762147788,-0.124844272507405,-0.064565807717138,0.0571169134095515,0.416783718198712,0.370317554424749,0.315005730809122,0.103815193663489,0.806391654736917,0.563504173429931,0.571573174317809,0.159849873173016,0.202535876962132,0.0223418027306345,-0.127694415165384,-0.0058855723252798,-0.274928694434842,-0.193510661611618,-0.477971279190085
gene87,-0.150223793754237,0.189137266308951,0.116608349278112,0.472759905422421,0.25205815477005,0.484023344323445,0.31483018478359,0.625692852176193,0.455018326917257,0.464893012725466,0.497870269733913,0.261386084131943,0.586331950125389,0.477326130178087,0.438776168678141,0.0530673536547496,0.0219873415183832,-0.481152172860379,-0.493645323450573,-0.969013951736675,-0.435063260321898,-0.594262052902955,-0.786725605595912,-0.418113724854166,-0.343376514799524,-0.541229735424619,0.132720733611412,0.148487459827713,0.409717023193172,0.334851459518548,0.787949193279569,0.786354751086628,0.668406907895311,0.57689297812592,0.915891138731576,0.7330857974731,0.499309617213603,-0.0838242127263391,0.296064354295133,-0.211229210830131,-0.038259331223949,0.0302134437054534,-0.719487064160292,-0.759213503251625,-0.799104570094122,-0.760882120660143,-1.12192549375917,-1.02930191060967
gene88,0.777248599469463,0.617241623817663,0.60575638607791,0.588052366167981,0.444387421844749,0.276577164922754,-0.0661196963072404,-0.267551625119265,-0.0923881032204028,-0.358797040221314,-0.675368965552188,-0.416063299700824,-0.525156417183893,-0.547508241014394,-0.748754388628487,-0.835879879258261,-0.357232647220864,-0.30031196669064,0.121000891630743,0.233888212273444,0.327781371801573,-0.0189701994818838,0.275131356857271,0.512009936769083,0.48011005269691,0.533383452924636,0.303702404963489,0.399464911967561,0.289226660119048,0.118892163961086,0.172416596035004,0.0206663077123508,-0.116646980681082,-0.691629163579049,-0.403867500346806,-0.442251178811816,-0.74372717167729,-0.654479091370476,-0.824808977852128,-0.563437224336056,-0.757267257005545,-0.223130910380388,0.16982970343573,0.299577414673941,0.0970089825197372,0.22569135767501,0.327765446849178,0.49813051062392
gene89,0.165079137598111,0.0225316377479645,0.0056867159609757,-0.197386567246615,0.228104054283047,0.519936504821847,-0.598989298080817,-0.18785550835611,-0.496574340746423,-0.384283299101087,-0.273965103103794,-0.541505675893632,-0.488961568767255,-0.546923606862548,-0.533025707769449,-0.406641856026319,0.203520998412128,0.318958237092942,0.642484373502199,0.36615061392944,0.667976896143728,1.04117454952418,0.560121501173995,0.985014168041681,0.330106167038873,0.150935492979243,0.184163437876833,0.0268120410534357,-0.263977891043091,-0.0841771789884356,0.0647441379744119,-0.97883731831901,-0.810181627497348,-0.397974880605026,-0.490647897784094,-0.789085691631221,-0.259097153380125,-0.916155184200569,-0.594650418147338,-0.35687660675545,-0.236993386330773,0.732868237201149,0.283808456883864,1.01928201437878,0.249339650232153,0.36537097061933,1.16335079363837,0.457322872924885
gene90,-0.69620635251828,-0.42410120406822,-0.614321645886252,-1.07542538941586,-0.593194338741099,-1.05691112987685,-0.586252520528591,-1.08792871135438,-0.327453842905414,-0.161997619527781,-0.0816947243623176,-0.199877113560719,0.195431610382478,0.24641504420929,0.144079053358073,1.09084608182012,1.08779986138256,0.74741692959621,0.760584062474129,1.09044445373769,0.433415805947681,0.671883472044784,0.198714563126386,0.375782210566335,-1.14600252601747,-1.25948072372818,-0.405097543843887,-0.843268850473577,-0.375881049164658,-1.46855989410637,-0.631563477220519,-0.650555931699292,-0.456756483717425,-0.690186068689957,-0.236064103241785,-0.345313794555463,0.283607426067908,0.519184754410472,1.19202201510075,0.546456530984634,0.709413702785761,1.02063680659694,0.911935227107528,0.909566349061683,0.900329153384551,0.29520555620934,0.368602001846825,-0.0473901580641119
gene91,0.016934791100991,-0.022918069966739,0.229021988912226,-0.395980936154253,-0.109827783460614,-0.78672963931106,-0.984608853974145,-0.924489085890791,-0.589039974922266,0.255540600945205,-0.508435211914134,-0.58541793376571,-0.616188627889528,0.539906795965222,-0.198152036982375,-0.104024741778345,0.503247373862893,0.637805926118276,0.704526356646311,0.825413589441187,0.45396849162147,0.472710464335335,0.718234249777247,0.577650374635038,0.0703453862167081,0.249647091063598,0.0923203598967494,0.0669316809258833,-0.37018529496616,-0.16907949820264,-0.663690328704825,-1.03196745415977,-0.357418837804326,-0.523595743080313,-0.314915660261617,-0.45667694063602,-0.619282231236002,-0.417942284218389,-0.471937646521765,0.0304008023966375,0.0018164902792441,0.104245200295317,0.329930666682943,0.630708259581045,0.0614571070525054,0.164262137371934,0.66058048035068,0.633872387564592
gene92,0.34751743905393,0.260962970402597,0.488972761895818,0.342750879089307,0.388877559590458,0.348179244188488,0.328052530566597,0.231004555591069,0.270152547882886,0.102504798036274,-0.0056533274836762,0.101661178946874,-0.295059411621842,-0.417182617893524,-0.528723936774758,-0.550680051853164,-0.622130695537109,-0.397621934345259,-0.0073408456322549,-0.258926996634428,0.0371225370537229,0.0500667904887067,-0.125339690025684,-0.142544391980447,0.459567741627514,0.376665948792985,0.584754374194571,0.467867686974451,0.31699012442964,0.618801742269467,0.466364402528719,0.216956240895386,0.240768142341253,0.14369789590529,-0.158130699547601,-0.227273456175432,-0.468462749837853,-0.131222170635211,-0.525482643119201,-0.350170057732121,-0.475222817121346,-0.288821279476955,-0.283903163540196,-0.314668106135451,-0.343380992733701,-0.329629796044735,-0.310775977131493,0.180410275325855
gene93,0.584332528054945,0.503278620445645,0.614253275923331,0.517724513395786,0.333237120720985,0.180560980431236,0.217584366627191,-0.0244493635191746,-0.0110111692609671,-0.272926059500208,-0.36056677603257,-0.489383675176184,-0.518416860626392,-0.287331556237949,-0.30526346377805,-0.456335851070557,-0.549847709191045,-0.180148132450313,-0.116627125245831,-0.0652575781441142,0.162636937529237,0.0220481931882814,0.349741305839851,0.167006943161035,0.492713759267641,0.550141219693909,0.602233445321578,0.496711521353581,0.234532020237675,0.402768366164566,0.221299728962229,0.0225704015214643,0.0568060333735754,-0.505189027706691,-0.285401434732479,-0.275980539174943,-0.38398650020991,-0.480916595995853,-0.379336805761835,-0.525866701706326,-0.144155712353924,-0.0980994286730944,0.0049437912573461,-0.049283312943148,0.0167860612772882,0.140460103696535,0.313735436582639,0.341668686302944
gene94,0.589067177286519,0.723713268348959,0.695334418842592,0.0567310541479003,-0.119245082410241,0.128829500384438,-0.217239673801576,-0.520978525243226,-0.569369275342238,-0.504213198577878,-0.215087757551591,-0.780995314263441,-0.54400698910271,-0.601061998457176,-0.858027142543083,-0.655180829779733,0.216394250228207,0.398459879258552,0.601866184904097,0.507147976200798,0.376606833096475,0.763864070327101,0.535099376082968,0.79388773053549,-0.0435012535678316,0.535001409357917,0.424887967869359,0.283750790439266,-0.394944552280945,0.38120651143535,-0.484818188859951,-0.203415620832428,-0.510360459769598,-0.67745656600234,-0.558382036398838,0.181136419156511,-0.401398335981234,-0.890459972960199,-0.501251203858946,-0.0891494239166286,0.0762182328634702,0.0965477596417598,0.218101176497695,0.137766207413837,0.642799319389265,0.953602178738127,-0.123797537038601,1.09136795812568
gene95,-0.265930422422099,-0.0166434189023709,0.354100967247522,0.116544743585776,0.175453017750788,0.483751226697312,0.752321044877666,0.77275093822701,0.709749633588761,0.881589973403726,0.736179838971229,0.881129476138665,0.554127127290835,0.59891406023811,0.270824438050712,0.0817686534181779,-0.48723659119864,-0.287396562266518,-0.955343294383926,-0.991478826834178,-0.863437188060513,-1.11106348222888,-0.637130291436989,-0.993467123244783,0.113290137372669,-0.24126613223018,0.452338642275981,0.0884973441517458,0.392955945890741,0.347909872513509,0.969377619168165,0.543694092773354,0.780620150332232,0.756710857583601,1.13986522529772,0.921073131579896,0.474572209371409,0.521077825321266,0.201368993202249,0.0243414472670183,0.116393613515458,-0.619624663870107,-0.754086508708848,-0.810804238214765,-0.745342238316143,-0.419684468572496,-0.822649338359033,-0.94150685204639
gene96,0.484857395878622,0.439240838846109,0.313459880426379,0.973802160130649,0.542986406632551,0.424685715719724,0.385220870781148,0.760391192179025,0.51582723596022,0.926246263628028,-0.389730076640805,0.447156998613498,0.32305046080328,-0.13794186349023,-0.226866821715895,-0.366575890294794,-1.54097246411212,-1.61821435263852,-0.878979419726717,-1.39583072311034,-1.48042288394604,-0.752161981079778,-0.982042360770118,0.200903938922768,-0.0410932323103677,0.843356604722239,0.762172111301302,0.998491763933429,0.576800862383611,0.797947235712627,1.31739138452634,0.759637748520999,1.27673845382,0.0558138403365619,0.586748629826301,0.171739134273537,0.162404339762921,-0.616921803759273,-0.319374743917437,-0.349059223885256,-1.23976078328231,-0.443592377754637,-1.0296149965804,-0.52480709498042,-0.34772617638472,-0.188124730985141,-0.193344752465544,-0.712088339808202
gene97,0.336099723009396,0.193503047923114,0.0732320721561309,-0.0674518441737643,-0.0615129105136312,-0.290900323647508,-0.387812678165426,-0.613574700379346,-0.554204220177543,-0.575121296073906,-0.381913428043596,-0.774202510205792,-0.52300749343266,-0.3572539728591,-0.459444150182163,0.200102334173532,0.186044047831548,0.507452431108283,0.598925668829301,0.770990210778978,0.476877934604105,0.426219318262097,0.586529293715441,0.526077627499558,-0.0746453274890948,0.0065614624728372,0.0259783075516226,0.131666663234634,0.184718682282271,-0.220126728800896,-0.287922331375294,-0.347243678726754,-0.617457800416083,-0.727276101789515,-0.495622359047279,-0.391719041909575,-0.623317431772274,-0.274919258440199,-0.332554117901243,-0.228259785469289,0.236148166937091,0.581136373292475,0.590701817864707,0.501160798188918,0.54751479267265,0.772839711838016,0.539319212754117,0.881451279277117
gene98,0.0826242095038313,0.248383163719681,0.347525465960405,-0.0121669999412382,-0.173492515233129,-0.058949314212681,-0.121190666969015,-0.659600579298107,-0.345052586721154,-0.462273681877488,-0.330953741554536,-0.582213887823103,-0.383163811115115,-0.685770377311931,-0.287174838059629,-0.349275190320065,-0.211607556329485,0.362816597449966,0.266787389318206,0.32993929923713,0.656924510991823,0.450220892812392,0.701707330950553,0.653168299999054,0.454115921926928,0.104969728577954,0.152034594524016,0.450237517043785,-0.0001843946027977,-0.252925191340557,-0.374801215374459,-0.42731530886707,-0.555169222711187,-0.516986831463318,-0.47611750326438,-0.871233882039478,-0.71181300465015,-0.710380431999758,-0.224868057418579,-0.196933495577573,-0.121230930049763,0.627838726042634,0.433814663473351,0.665282440423005,0.49258001277015,0.513169361597932,0.484337950625846,0.882069594455089
gene99,0.38658246344379,0.608091294299207,0.621686971651973,0.816727036192542,0.918780862173125,0.72051800379311,1.39281459125207,1.18240174661153,1.16846339613965,0.732936336858567,0.878243046803181,0.856883225069664,0.0892176285597233,-0.311678793481825,-0.0266162800475588,-0.398701241821962,-0.471540201315935,-1.09276998366217,-0.683659702002378,-0.963288185816617,-0.805608004082468,-0.703431146130433,-0.368779475100597,-0.293404885473551,0.206070973653051,0.559284463231135,0.879152820703612,0.638768809756945,0.714403655542862,0.797275335257556,0.789419325879821,0.918688216702734,0.652485905704043,0.973613931835627,0.4129261607979,0.361377268243783,-0.0010551705820134,-0.1705884563353,0.156229537165033,-0.34304455554083,-0.353000631311249,-0.965617683256237,-0.773826051850849,-1.1288594166309,-1.0403248213996,-0.481288738043346,-0.399402432976615,-0.630833186498304
gene100,0.296616290233879,-0.0734799458073032,0.0605438719746415,0.63240794207816,0.139365454630979,0.153472138689512,0.212327946201002,0.704110840884807,0.43198164595631,0.369010327641742,0.757145961434143,0.160570073209112,0.392018902562043,0.152139444938275,0.123232703590946,-0.142208041862581,-0.266925237217742,-0.805619645210499,-0.482255944579922,-0.500989548131501,-0.806120684189221,-0.869489971228344,-0.0540768408896196,-0.677564281618071,-0.01845108203079,0.398593620724735,0.0244979329889658,0.288852517249631,0.50858216000366,0.323761056077114,0.979489899477435,0.427466510016242,0.67730681780773,0.434118560202232,0.673715198427229,0.166168071399328,0.532768163030368,0.0957475647689061,-0.142293180147406,0.282615234576849,-0.170315969854487,-0.720311487879815,-0.758853788377216,-0.812936582283307,-0.807236765278719,-0.600996791193161,-0.729432954569502,-0.750222589297007
gene101,0.272583241943284,0.594631979907462,0.165190599892853,0.740047409551304,0.526511669705837,0.688802976227569,1.12347534696568,0.727976901152212,0.643515514764944,0.453975434699432,0.45796849407596,-0.0005852009263441,0.0098809260832483,0.279689041829666,-0.155529326186615,-0.433819260417716,-0.461966668316617,-0.676670617363458,-0.929651167033057,-0.518935243692051,-1.18163314899098,-0.572070009678009,-0.355331715575897,-0.213748276828186,0.239166670182481,0.498388444267774,0.176748350158669,0.866088556154349,0.559111682266391,0.732349484584389,0.545057886794443,1.24893350278447,0.562738928767502,0.952948628986244,0.80428721262536,0.337966209827548,-0.127993898378118,-0.0919957208973826,0.172005394656078,-0.159859560128127,-0.645136171521381,-0.873879788945737,-0.69451594701792,-0.875795725006375,-0.543386484829255,-0.370600013327869,-0.181516434933385,-0.700036041854036
gene102,-1.13633021637514,-0.745878026091838,-0.543768184929248,-0.333237870911013,-0.713216560735953,-0.743917499538954,0.567198498499352,0.503752382529523,0.347737673446009,1.12894984582338,0.0655660265853112,0.971464855511545,1.05203192543608,0.906355922838637,0.896760926341796,0.841850954648202,0.259923114450377,0.230182172204666,-0.207150584423231,-0.149585215325414,-0.932668008430398,-0.119538018422152,0.04000833744197,-0.608484143309928,-0.912316491768132,-1.22528815127581,-0.146578131804867,-0.728325836057479,-0.142677417927817,-0.161562915751288,-0.436897118242325,-0.317419261332464,0.196914187289498,0.873634006932929,0.969865849814369,0.680902821172974,0.424426633269576,0.814055563556805,0.997488358253054,1.43232508278586,0.780440844497275,-0.459567907659396,-0.215144614246641,-0.112382615090761,-0.361268254519485,-0.786764603885343,-0.57065876806834,-0.406088433214509
gene103,0.888599936730734,0.484085459285446,0.0275407294944698,0.762645530079225,0.730103881708804,0.269394509808896,0.712660522920645,-0.24854543232684,-0.617477071344394,-0.196172402567916,-1.00632313945092,-1.14566829058834,-1.52541304440551,-0.771736134958459,-0.854847274714743,-0.354085300959751,-0.472774985770433,0.357671090620739,-0.205073518462731,0.393469656012722,-0.189275050116891,0.173234225330314,0.505907749378099,0.976230181568938,0.337516470787411,1.67753589591225,0.572636236825082,0.721969903909909,0.681976116185646,-0.486901828176399,-0.272447149244894,-0.0813231885187702,-0.166157861940685,-0.90118534646298,-0.976425071084285,-0.798160890439305,-1.66734915394963,-0.900493902647699,-0.824705113530181,-0.178904276314898,-0.130734891234511,0.445166616121641,0.651184240445223,0.094605358519248,0.3283486309463,0.80227196053631,1.20314981896833,1.23795369496353
gene104,-0.391757650069932,-0.38552399265692,-0.271966044996158,-0.236544338087139,0.193588913235849,0.182664940357451,0.612698087450427,0.458918355066193,0.440273361080048,0.634843859611499,0.730498944717544,0.59432093104876,0.785507174832581,0.703465510655273,0.555755094571751,0.668130064801019,0.151121245559772,-0.17612508660243,-0.238565251795435,-0.325575237840798,-0.583633055488889,-0.351975805416452,-0.523012165929835,-0.492929659816951,-0.352817909132157,-0.477663220158184,-0.260457829158001,-0.0984891830933081,-0.180097119371155,0.12477647650821,0.17708059887236,0.455308428053562,0.647282669234114,0.753350839391555,0.796479483609731,0.696132227938608,0.604318569377843,0.562063314541194,0.555482123537366,0.503694882557766,-0.0736702731260137,-0.164886330428083,-0.357196392717455,-0.528060752444649,-0.572544574401009,-0.273152893388847,-0.419162697929651,-0.467103716278469
gene105,-0.194772677113128,-0.215730133976513,-0.488301300472392,-0.312176099219219,-0.297990806062258,-0.286992061899038,-0.398362665892828,-0.439585425028068,-0.548445857171552,-0.448072999638459,-0.0185703133155614,-0.3201650274644,-0.209774315943552,0.135097626228998,0.313876995490138,0.215384955194531,0.27190918164038,0.671155442296112,0.354737092181506,0.439804048051688,0.334309176431706,0.387842284041367,0.310730360607362,0.258922652495962,-0.276397465065032,-0.371004647383857,-0.380148403971269,-0.461580226537314,-0.179856608666151,-0.346252366563323,-0.342498602599314,-0.437144769411039,-0.56537364103937,-0.293494992087867,-0.613917084354497,-0.361317774539438,0.114732403449281,-0.128006539751306,0.0003856371912277,0.156242569506802,0.288845912803865,0.651811255296112,0.404998525281729,0.567829622578356,0.583795523176647,0.381345649636644,0.318752631774368,0.407507202924216
gene106,-0.094925356106223,-0.064547374328844,-0.176273232152529,0.16751266955828,0.408051314688586,0.137538705656278,0.348747214335571,0.318309746253813,0.713609276796285,0.481305567611722,0.675836178910082,0.472698340753855,0.422773943030819,0.435188796065095,0.189361363860196,0.0215282305812945,0.0774322022961218,-0.173730648677798,-0.331955752624315,-0.504953170636019,-0.417025374535662,-0.540574884827672,-0.743590543018269,-0.269085131373505,-0.241827089320934,-0.244414626192694,-0.0834461616236344,0.026074986269172,-0.0363016330435952,0.181316864983888,0.4734384057125,0.30449770927614,0.66907055003557,0.451826016444449,0.556778601167806,0.218264705797095,0.29582642534406,0.597509537845718,0.374765660393173,-0.0390923719568963,-0.30824204354675,-0.521497030955919,-0.608791658291863,-0.490059055497531,-0.375427426473035,-0.788234403549753,-0.563214132871079,-0.453034361248697
gene107,-0.046790937664682,-0.124862408846894,0.214534577828064,0.228191918555699,0.17133107427444,0.172348375605782,0.468713350598414,0.743874845384528,0.49824994806912,0.813606891454252,0.245672814433476,0.507525710416187,0.264171667356683,-0.0471244188562764,-0.164617936539006,0.152392785743111,0.144903858007192,-0.446510865088074,-0.627619138754951,-0.570565432535523,-0.323930752875831,-0.45486814654958,-0.508004942976198,-0.778266699148326,-0.148849171945074,-0.0082944199170913,0.12128207230045,0.377322887919181,0.221588671775243,0.158403926920801,0.443609439827055,0.377609825351219,0.779841036686878,0.872111805199004,0.493283955344978,0.60896677452605,0.23739330477711,0.311873510761088,0.0841320259972793,0.366973304834082,-0.343891118212433,-0.4315636451052,-0.676351809865362,-0.454027216505308,-0.705183023992909,-0.524814319076746,-0.463534163413439,-0.397474184788108
gene108,0.0357763769363875,-0.0497543443176742,0.0170350758006882,-0.0537951676772729,-0.0996457568941516,-0.337165491165464,-0.54529375563782,-0.500643658833256,-0.573969756666697,-0.366642615650136,-0.350179139600786,-0.71850425470045,-0.4715548509407,-0.25188445461261,-0.268796906481422,-0.0052516620414418,0.0319016797938217,0.344773477599703,0.509207866086052,0.403044251969221,0.451473172835558,0.542568204191134,0.514466596099515,0.509177743775531,-0.104116326178813,-0.0229203399029517,0.0178583010244237,-0.0935219383083722,-0.269799031000123,-0.340559993687505,-0.354281571988956,-0.597490167728974,-0.47966319137329,-0.462429635513845,-0.43184457617822,-0.445308463549046,-0.477723023020944,-0.279378242193814,-0.327694182646995,-0.0676873391834268,0.166139260591437,0.508808955179187,0.358605317302678,0.529866276414571,0.439830339087236,0.51969996489823,0.46542861119998,0.422586464422761
gene109,0.195007678417864,0.270227250042862,0.0999192839400715,0.652652757850771,0.295946393641456,-0.110463994086777,-0.0406345475652303,-0.42060795998793,-0.596514480157797,-0.638182389868495,-0.795176977727474,-0.535160660796713,-0.578066889942469,-0.671771039731019,-0.700207149570301,-0.448489498033636,-0.269198227112168,0.158887026778881,0.22083006265834,0.25948345792955,0.333409263700201,0.453160152167985,0.680565238908712,0.671403710980832,0.411382069842774,0.610444700467308,0.508690752598009,0.654410915241621,0.0805558785493985,0.222948707332425,-0.0809701647142236,-0.387565688757009,-0.430578514932838,-0.610147696991738,-0.665917261913301,-0.50653055815071,-0.911194264319573,-0.558229929425775,-0.822135469428667,-0.652584103003048,-0.170871792954684,0.401175884949347,0.278452262525615,0.277105854962919,0.341752276138139,0.692411440922453,0.449853604525517,0.733437040787067
gene110,0.877597312334201,0.766603288402742,0.600422331116453,0.811781595624184,0.637190918570946,1.15418099081614,0.457883678635829,0.0805870742912184,0.242493258181735,-0.388176887972321,-0.189370581240495,-0.321079012679328,-0.778829514310986,-0.55728823525812,-0.841381152250002,-1.23010114821359,-0.690152965358504,-0.38815130260267,-0.395514140000526,-0.21525734542306,-0.25444144157562,-0.0377971933006772,0.219693291413682,0.0027056519203138,0.93322789931977,0.751733168821537,0.487530884126999,0.996598572191807,0.790073458825209,0.748186966609491,0.653781898356881,0.432183648254407,0.269183134999492,-0.19030853129641,-0.557272682637596,-0.505903183876852,-0.504993145912473,-0.835678026135029,-0.430416630336236,-0.650717047722686,-0.835945051203897,-0.650232739818678,-0.350685315048981,-0.333354721512863,-0.556002136549562,-0.286848212112296,0.0888454660914287,0.498222295666255
gene111,-0.265247888945015,-0.342517465965099,-0.373609319529437,-0.76699385235596,-0.484673937841205,-0.677633786933045,-0.995117238737936,-0.813406529337917,-0.958245993404694,-0.651072017239842,-0.444561963775514,-0.460211844109465,-0.0727937054545134,-0.202750139780607,0.069910199303902,0.478532479207712,0.631583662517128,0.843235068833882,0.9130513544505,0.598559135284459,0.751354618635361,0.716491698631058,0.941808619747628,0.638461153644101,-0.0953254296181701,-0.528817910179322,-0.446361986200105,-0.555115352187455,-0.526311228838607,-1.11096642540922,-0.859504083017946,-0.64516908341467,-0.953138396192521,-0.564789353846366,-0.175532981180739,-0.804387133500381,-0.0559253989215924,0.0280564381645607,0.106305469855825,0.379149292296353,0.392172821535492,0.967285373497812,0.654612632077006,0.88265770772542,0.869307083748201,0.944300140597953,0.777245450237708,0.842182210241919
gene112,-0.526713903043181,-0.0941952648484962,-0.16114729063146,-0.175824258313434,-0.49786770966432,-0.536163261552655,-0.653815157913472,-0.458047038887258,-0.790108250180236,-0.34573868322515,0.0867075589062196,-0.18528039119727,-0.444187240499306,0.188222443334244,0.38685098783812,0.0488080344156509,0.389607940590111,0.670090408826918,0.61097420761629,1.3553708310594,0.239178328333244,0.400055331203706,0.57432165125922,0.595809309772177,-0.47819546955154,0.130732803746533,-0.235929569249941,-0.435090577715306,-0.523340937237063,-0.52828888946488,-0.7219229095783,-0.83722982241005,-0.58348691812998,-0.341012697541721,-0.665783926085843,-0.104491484920898,-0.278784426651123,-0.237807741021489,-0.267826313388039,0.409869807194748,0.669287532166665,-0.0362156194444226,0.818255783946234,0.356642483331872,0.308657844310267,0.731191027910433,0.529539198343542,0.223969559254856
gene113,-0.947313197219307,-0.715015138896546,-0.543882358036126,-0.439434634192202,0.357358734659692,-0.0972785278541443,0.128949364388065,0.325295344353947,0.903206662625711,1.00387361698897,0.910360846293461,0.67959043727412,0.879865695810908,0.535206337549623,0.766973313102566,0.447682635736638,0.477634035276546,-0.466397703880911,-0.601234564769424,-0.589384633468306,-0.593489027110091,-0.810115336463652,-0.961230269437478,-0.697008700278697,-0.867379168960192,-0.47751654595218,-0.0664584213524455,-0.43220165233391,-0.207087707246252,-0.155275653073135,0.46542929387234,0.386321681971851,0.409321311571184,0.771267498120462,0.570817307366448,0.682700924274476,0.93480860628016,0.975373957070698,0.687180813137308,0.680051061233683,-0.0320894800594725,-0.0093332584498323,-0.304797794536231,-0.347470598583009,-0.407535299568195,-0.947035755962766,-0.922940326691522,-0.839776997215384
gene114,0.265595913449729,0.102441269180091,0.25582378153045,0.0951723779755414,1.50047682137139e-05,-0.253523228728489,-0.522962769727682,-0.506159326692133,-0.688340267702575,-0.595572296700854,-0.722234755209645,-0.768518790408344,-0.788863264973941,-0.770514185064927,-0.553614742455014,-0.029860747034909,0.160764896467393,0.477755144685896,0.38754198919172,0.595961120340134,0.601505236494856,0.800642790570849,0.737407704163605,1.086537157264,0.375921969321054,0.232766471172284,0.0792000360459308,0.303927426769212,-0.228321697383047,-0.221077997717641,-0.379418883262324,-0.316690403729759,-0.488258150845391,-0.494540226883401,-0.635825591956965,-0.460111217821805,-0.375869370376567,-0.447608993005238,-0.466569101073199,-0.209137959534578,0.13476504587562,0.363697574218089,0.564139990153211,0.500429634358563,0.312948824329137,0.746773106184926,0.590155946043454,0.717230585669793
gene115,0.735515144488647,0.624413293781605,1.22111362287298,0.594517898916727,0.734453746725301,0.937440042039633,0.565848497832727,0.287557746671392,0.275340292398233,0.0200858768916708,-0.0479103757233271,0.0450954621091579,-0.786694063183921,-0.925543967621625,-0.539076738806685,-0.825084708584121,-0.841843429608236,-0.0462372990907388,-0.647528661818752,-0.135612895996853,-0.134389404613901,-0.248745417974827,0.0334126963826446,0.245427331320161,0.837617753261779,0.781170879892643,0.850623202307263,0.967873438991414,0.814566650433988,1.04586641036179,0.696345825085758,0.262774424675699,0.258958232999664,0.288066046190578,-0.524001053853173,-0.247280803526822,-0.238944907193405,-0.63274931458488,-0.766390731233558,-0.910126926994398,-0.939789046979767,-0.76909396276363,-0.506346378437125,-0.49186847881201,-0.351176632407602,-0.38075710170393,-0.076115523897204,0.222488241637317
gene116,-0.518130331275283,-0.558801726740081,-0.760615709236985,-0.531334774023019,-0.476364191909533,-0.709283126629014,-0.678810703550569,-0.494329561838224,-0.744704716863853,-0.0410750515735666,0.04195660996224,0.0431653278672072,0.462660032038161,0.52076477120427,0.619318281761634,0.877177293819382,0.778851102844661,0.353009087335625,0.608304888882302,0.0382010848322873,0.393027851182185,0.252001438541364,-0.139551978832992,0.0205201890847181,-0.631710054756943,-0.735192434951383,-0.804529649543945,-0.961642303572523,-0.640331144390168,-0.852389422728415,-0.647153345806289,-0.275577343905435,-0.287349273738949,-0.245145498116955,-0.147953868781196,0.401523117913206,0.265097310495228,0.526828402442348,0.672916783728885,0.872070108372219,0.60872552129953,0.623484747047832,0.638159235730364,0.104816673160056,0.479349170702034,0.408714202937666,-0.0429801396189649,-0.329809434909748
gene117,0.73120581992864,0.684290578380833,0.0137601441014314,0.688825971087515,0.864548535793343,0.695288673277654,0.969267239331454,0.87160909315116,0.880915059734898,0.613842302513981,0.998534735829324,0.548861452646659,0.6348581218153,0.248210344984008,0.247115059735788,-0.523445410194141,-0.955797863277102,-1.00028258231211,-1.395548728084,-1.13374631957531,-1.00081882284982,-0.666952164811877,-0.941108830559699,-0.914404797583679,0.536762260268902,0.667158688159645,0.439460106819306,0.777252900320176,0.674156485907156,0.875272710618512,0.742479329441767,1.07231483334532,1.33270810625678,0.503196597862239,0.533534040454926,0.36558649259167,0.151652642342341,0.365389951554334,0.407898807342891,-0.663608884598593,-0.111484541968462,-0.513240264960015,-1.2297543070847,-0.597065527955006,-1.00297204702478,-0.442199218288337,-0.790560876991562,-0.816379974526827
gene118,0.393085068254635,0.273458275160983,0.60381865027568,0.107245700942171,-0.246996589483943,0.0410343376750941,-0.373921426376905,-0.608547709085035,-0.450802348631238,-0.785677819161277,-1.05561517247162,-0.709790305158164,-0.955256527831201,-0.482748736026764,-0.713755519715183,-0.432963301408673,-0.0021196560118411,0.361025628742917,0.534760027664971,0.518031443077968,0.712122882546779,0.897576161329971,0.391600398506819,0.969117000435462,0.546244951070794,0.208835486421458,0.364910338857331,0.28425534176993,-0.0320325266628185,0.0376520525632106,-0.410777449550881,-0.264071236164691,-0.464357966722807,-0.742845028431282,-0.827189261684638,-0.765762190302995,-0.590359693390742,-0.436762184043264,-0.908987355959574,-0.442837933523853,-0.0206832750961926,0.533369861820897,0.617879233020619,0.534010321130179,0.564326383489632,0.673553541116307,0.625671522057889,0.515025896200477
gene119,0.0990778035900999,-0.690825675640198,-0.053259262385579,-0.516937405385475,-0.848247238414251,-0.632424173619133,-0.277714871240994,-0.149843131953001,0.250773047580139,0.626726892817002,-0.259443949973644,0.872668602430771,0.575255070547709,0.51774283136956,0.827718253486304,0.58417961875556,0.514098410986606,0.620910411336816,-0.195605630241966,-0.0289766297163692,-0.194986288666712,-0.63547419736398,-0.175233321588836,-0.102514828536986,-0.8913826152916,-0.30209668407639,-0.489282344527204,-0.650150613189634,-0.127559434617613,-0.569281201694436,-0.0133141084752855,-0.135886371306038,-0.27898270420948,0.389674403122752,0.247381293326862,0.792681479129432,0.923493247563024,0.371313117156586,0.594852042065515,0.754299898249287,0.452803192272532,0.0695295239529667,-0.527778335578479,0.426397123920733,0.0721629528206779,0.0995523184055442,-0.321200506006877,-0.447897577837454
gene120,-0.172872603648893,-0.258946486721331,-0.435962295151122,-0.726978800929536,-0.31639856203098,-0.217668724326505,-0.569607101662855,-0.711791176880656,-0.517030693146602,-0.192345559779255,-0.201859882937732,-0.638446794933634,-0.126538928176567,-0.254703211405071,-0.0879484400329777,0.189947093457107,0.530696671786786,0.327660210545428,0.433267236375237,0.626007052931328,0.472995178545083,0.528766583063557,0.497668185407801,0.321907954087041,-0.127450509534361,-0.209320447317134,-0.500843196384012,-0.60464620650859,-0.680825345692784,-0.359617554405693,-0.620574881576303,-0.380033380728144,-0.594727543540995,-0.130716993950637,-0.310860499786146,-0.192803245263049,-0.218675485933808,-0.0888529008238345,-0.075916770260491,0.0774219777139477,0.365012481988394,0.405719271845173,0.611239482507019,0.420697497425909,0.240495727970756,0.406132519246874,0.188410317072992,0.389307991025534
gene121,-0.374254021134046,-0.460249106899807,-0.318438428318955,-0.347573646004351,0.177906535649555,0.278288561005555,0.209919832086347,0.806461012719331,0.66500044596998,0.634001245906191,0.509073354232994,0.761816897208893,0.582879686373901,0.343294421745101,0.519909324036967,0.279494151975434,0.0413936940616888,-0.360654945450861,-0.367980987584131,-0.521304565429655,-0.523825203482426,-0.64161087256756,-0.728320974480062,-0.60283639188504,-0.298339653074027,-0.215291222416459,-0.101893479237418,-0.201570050445732,-0.0922302281417395,0.0360646154573439,0.430589073577205,0.571000964646169,0.683430774592046,0.553194221296941,0.909420336329461,0.88203584364028,0.736263409412127,0.33331574039168,0.262162435623584,0.144912157021433,-0.110351676013469,-0.356359171122144,-0.686716725585677,-0.454863787827366,-0.524840802259539,-0.500145914129396,-0.78460401146297,-0.603784277756556
gene122,0.275920760633336,0.556407556993982,0.594106579133522,0.801359164869626,0.965625920798935,0.945461874951878,1.42143356568709,0.65465924130263,0.768861042490723,0.360606892467188,0.895014601745619,0.325153887442882,-0.5045157500661,-1.0351394871349,-0.776497524328663,-0.938732854844247,-1.30228090626136,-0.663068210372059,-1.30272556108872,-0.308785721710965,-1.27353614258288,-0.219235588116155,-0.588603897778607,-0.676421636800976,0.101545141351177,1.3001427114571,0.963154248386048,0.298689556956749,0.725045172036061,0.639071457614971,0.338412879503004,0.728329975911191,0.953089878556096,0.456130715674821,0.0761303636134037,0.149569413993455,-0.461589412034562,-0.683275815880697,-0.41911743373888,-0.692211724965421,-0.610232059898455,-0.343974356744974,-1.35746446246369,-0.781779847692507,-1.15898016955182,-0.633171487403662,-0.499084993997962,0.207217777811765
gene123,-0.712371691459783,-0.491721539784226,-1.0935883401401,-0.707867777870367,-0.633659810901155,-0.98983763009673,-1.20081229696734,-0.867747038628657,-0.715623423679526,-0.326209983237799,-0.0994402666987723,-0.44657952137498,-0.0841852260382859,0.0983173214950683,0.0689818349435512,0.63211278426168,0.750449605412793,0.758686866340324,1.03654463802163,0.922182184336628,0.886663486550722,0.916109520610086,0.716299499936937,0.0778293485273108,-0.731700438174437,-0.455004992402596,-0.428868547592636,-0.942380693507517,-0.688567978854658,-0.927696136520407,-0.705325014287915,-0.964089265797059,-0.942445114128419,-0.400000116716691,-0.463286106040082,-0.136838554738604,-0.096706502955371,0.556175248470443,0.0365438008396343,0.746774013205048,0.621131550871611,0.996925057824259,0.928245565810009,0.655037125868653,0.815849013439304,0.623925917197514,0.819122396435294,0.464164298805928
gene124,-0.327473951655606,-0.244275768304652,-0.51177525281756,-0.571593047323152,-0.407354571703868,-0.228936934341322,-0.274271717186758,-0.693502097346724,-0.313947798362405,-0.0345542952004426,0.0996438805457497,-0.243340096552305,0.181266167983975,-0.112170602262221,0.0946770154550857,0.14378405009032,0.59752853656594,0.671576644781974,0.489965591030012,0.242970678520148,0.885381905318004,0.377254738949777,0.108324136357607,-0.0805606232639954,-0.0143945757676148,-0.416026495601198,-0.284634683572805,-0.48517645480565,-0.352027390676064,-0.502679477360998,-0.499256861008892,-0.532332098511689,0.108300208619831,-0.436766612169418,-0.565116026576876,-0.218979615529626,0.221825539572616,-0.0269461129985886,0.324397054332633,0.363274224485552,0.495021907065482,0.488025626832912,0.221966579627532,0.455701554676555,0.482272608054385,-0.182443178742704,0.170328650518533,0.275270406343125
gene125,1.17559099865353,0.945441295163397,0.545000553397356,0.632878215041218,0.976697451298786,0.995159267838616,0.921567638196666,0.586730829440866,0.518911573022219,-0.173380063501001,0.281406758397264,-0.336716611381855,-0.371998840000533,-0.768049297837651,-0.515374460800095,-1.29422443272871,-0.842145893068342,-0.933308746401062,-0.737361473963181,-0.47855946024712,-0.5964184825548,-0.321230493299665,-0.185109890009354,0.309560944933811,0.832009195243348,0.816706481263456,0.934088900521075,0.917051243290609,1.0374599506065,0.907393929469245,0.70111704097913,0.626374180218097,0.31348365342207,0.156787465378843,0.3583930604819,0.0616788050717199,-0.325514707320864,-0.545306686430136,-0.929418455003416,-1.19453690767079,-1.2531805715737,-0.714057573612275,-0.649173613834261,-0.250240198691961,-0.873035384048124,-0.544232849334579,-0.16915303366261,0.160266117752077
gene126,0.0226077231908046,0.0003594283925809,-0.163814380391168,-0.205713135288828,-0.0479825454434479,-0.364982034317319,-0.467949842709337,-0.410674613450506,-0.438559653449429,-0.537282598817073,-0.449166977272794,-0.333279990868238,-0.187142115243686,-0.319941826460616,0.0419764154092775,-0.0544403358683469,0.36340464212495,0.621845086546509,0.461892269118765,0.592348433038939,0.438189157736544,0.494851740756726,0.550839357264233,0.207260366022041,-0.0354803706073244,-0.237020756459758,-0.140943032205469,-0.29185350192777,-0.232846221044387,-0.426199315318827,-0.436575684088557,-0.583342395871064,-0.559325600470383,-0.177564593507387,-0.242795691711354,-0.289946537876412,-0.181036950743659,-0.222967151561846,0.056729807012561,0.0323827929073702,0.337145821300544,0.514514502349521,0.717511101607468,0.517035338790884,0.575270398384927,0.697000913567529,0.362924259274315,0.43479575301193
gene127,0.532236439698367,0.96991556498123,1.16777303615197,0.621048797368902,1.10818921271326,0.286355283050168,0.33300081845116,-0.159995237409896,0.700785079790999,-0.238956444880396,-0.020029760796368,-1.09944988505877,-0.275708316988101,-1.59746889765956,-0.502662044468688,-0.870129133817672,-0.91737270341654,-1.42541121608541,-0.682604149089164,0.275866086874759,-0.0743596479824253,0.214459111895199,0.656622170978744,0.208965494326579,1.41878806587102,0.828754002868503,1.013852365447,0.627987429812794,0.576159622341765,0.558081892828584,0.237891846066363,-0.20621646651093,0.186951278254605,-0.0927917648480193,-0.823447106711951,-0.472735075012564,-0.560744014452945,-0.55936519037556,-1.24815022461796,-0.825247377588545,-0.66327710931605,-0.859898658278158,-0.227684882658209,-0.827473577482367,-0.192134687778755,0.696194894830779,0.884333345121381,0.851634320758138
gene128,-0.981357769643666,-0.299574823271246,-0.550210625560943,0.207358210180612,0.167573347253018,0.283814438514149,0.319677477876566,0.79672538763897,0.952155368662826,0.968002607566478,0.991767201807731,0.976608131151185,0.828180499504861,0.987908730667657,0.580648173081244,0.298216555187064,-0.192156451668346,-0.656293366641038,-0.662888629467957,-0.578119017552542,-0.446851571718194,-0.652931411615955,-0.750781339982968,-1.17921793751478,-0.104154209111931,-0.761818532368662,0.0749120093222412,0.0278568285341049,0.184256780387259,0.0275150284641335,0.451576968956787,1.21392395093637,0.982681245497692,0.881471839506411,0.874039858710221,0.36955439125481,0.961440578973623,0.741793323908335,1.29782373917233,0.302175142940954,0.629331788281031,-0.381020059017531,-0.653408693707406,-0.594892845365159,-0.962587362472366,-0.849996787028485,-1.01905848621009,-0.744898508875298
gene129,0.0630751313131846,0.637979491953306,0.674181110854363,0.380948053853041,0.747360376796211,0.373034787789493,1.32856289489374,0.495557741415026,1.11608040257507,0.743265827026888,0.71153597065025,-0.324181904466001,0.0153632588317622,0.058380964332517,-0.12576270324992,-0.415316061921269,-1.11355541852402,-0.318359596546046,-0.934391057097333,-0.91500112209891,-0.712240638444502,-0.511098907441056,-0.0484230960433256,-0.226284873973557,0.460539692274289,-0.11105560607575,0.733011696356505,0.07745629967205,0.824222770972403,0.83884990144799,1.06202843036159,0.828089789094023,0.687871141500785,0.99852005655996,0.578664590384772,-0.113747718673479,0.677572094365251,-0.0058264440264754,0.102054089235047,-0.590120931621096,-1.04305567568222,-0.509641105601435,-0.870471390552876,-1.44583790854438,-0.425818019340937,-0.439395226531433,-0.616598580296749,-0.600221916495912
gene130,-0.208276515315897,-0.594645338518512,-0.177815678202373,-0.378597609266144,-0.652969293196363,-0.633090553127966,-0.206498089859479,-0.530162760133174,-0.390221003243719,-0.506564594101415,-0.1561982077189,0.178516587208401,-0.44294267183818,0.200844322295141,-0.0528323205303236,0.35371422518713,0.228957000733179,0.660798918406404,0.619244480454721,0.904289621868031,0.597955424533231,-0.255764108475399,0.58686112941655,0.170666824563756,-0.164605743992053,-0.730918497809543,-0.302479495802008,-0.0190562176324841,-0.611273912883953,-0.816830744899104,-0.293677425131628,-0.396443806517716,-0.0792209120276975,-0.604978917643136,-0.501362918630187,-0.171697120650282,-0.176488956736577,0.0269098914854588,0.387938821841569,0.309122750416751,0.0734461118806781,0.682251267758319,0.424010355929139,0.193856044590219,0.11648865173613,0.443648289540553,-0.0734336286866049,0.312226400924261
gene131,0.359902076045694,0.361863671753663,0.236322758430201,0.195747953038802,0.159294454114205,-0.0043568959353217,-0.264202256245029,-0.27800580786853,-0.523705276619219,-0.834597026215514,-0.470568190134541,-0.822568207914487,-0.806851757296321,-0.542161437913929,-0.795627230112601,-0.282915581797035,-0.387195192791899,-0.0168454983406985,0.460814139507857,0.523520663679883,0.680048101446047,0.668010808325111,0.458392672462616,0.474368467444027,0.310447317172558,0.158118036412789,0.605054423166846,0.437766817355026,-0.433002488641069,0.177171454491872,-0.378530816916149,-0.617362423800259,-0.36040121268175,-0.490705688565792,-0.680194420758695,-0.805127882071929,-0.682567858103889,-0.368713303741797,-0.368812445158702,-0.313303399349799,-0.0928459785780251,0.178941886536104,0.200754535294183,0.141997399067808,0.656810810960466,0.48807646837396,0.882347605687847,0.500589484060386
gene132,-0.30962039818559,0.677493371282992,0.25726171272593,0.353841917798954,-0.0814379483590479,1.68004138236228,1.08332282144378,1.01465429394727,0.676774939450486,1.15502211553927,0.615789042788769,0.537868569182055,-0.757609109902136,0.18472805663475,-0.144325411550352,-0.871476202304573,-0.375925766284186,-1.50788453257814,-1.26036833611799,0.489188530070806,-0.284635386762504,-0.582860482814176,-0.792947033894306,0.11273796847237,0.328790317076681,0.352367362462421,-0.28561732086437,0.494841902229776,0.516048001075654,1.63315396013076,-0.126547399080646,1.22161260267646,0.542610565060961,0.473384987333633,-0.659472038599787,0.0876671427875935,-0.0801480856887078,-0.122025908785076,-0.770602618858562,-0.747781000958751,-0.66153564142823,0.0142338969700794,-1.11068568971906,-1.28495093909654,-0.326144575711366,-0.737066719048866,-0.188155787447958,-0.327006054355999
gene133,0.672072974666161,0.751136511189226,0.784175632056689,1.41042589591517,0.884870426047362,0.78746821986026,1.10950912365999,0.808962702890072,0.374882177201543,-0.257231265187402,-0.082384694042909,-0.0759976005621793,-0.448665762195456,-0.796599006516273,-0.560144108222383,-0.919725314316262,-0.755802941347384,-0.766510748903037,-0.483721503216801,-0.545515830929352,-0.549379505156983,-0.152922504015917,-0.329966728334669,0.188062995879301,0.841334626764024,0.39693089168005,0.765586366133741,0.770816334562639,0.994601268513426,0.679047688736584,0.675659255487716,0.125096940465688,0.183382239357605,-0.060726462947187,-0.0217366563491269,-0.212039566253005,-0.610712789503682,-0.469528539902336,-0.643389756076392,-0.906334870220152,-1.01387403206971,-0.457882594513549,-0.53850306980697,-0.902208817684027,-0.289084258162195,-0.391596635163338,-0.136570164848102,-0.319061514986153
gene134,0.443657787425025,0.523165682087786,0.62969287971585,0.611368708659296,-0.194635800735907,-0.418567966915826,-0.608217717522271,-0.929674783233966,-0.877633142583455,-0.558509283205454,-0.9630704984185,-1.07977519074364,-0.701964297343287,-0.883436660248938,-0.403915135612028,-0.137051519059088,-0.210611297231359,0.819408233205849,0.462837139907704,0.446867013648737,0.733747991549414,0.723043326106524,0.968862631651615,0.970104592169751,0.182485967837051,0.521311968084626,-0.0607679571446317,-0.122141157057383,-0.192922610668046,0.0463127773954352,-0.653689676326575,-0.984015350270116,-0.559560553004949,-0.679500847480484,-1.05572351861677,-0.456008907334746,-0.84661699955814,-0.770862679485246,-0.335142899252317,-0.468603434069958,-0.319305994925851,0.353769939422305,0.965282268741793,0.741638749814076,0.640308470384813,0.667881834760897,1.1551908460304,0.934692702484504
gene135,-0.9620002774652,-0.400662267280134,-0.945452692505787,-0.578536329238784,-0.542166121812795,-0.447164924961684,-0.582558521265677,0.0471005983260146,-0.47803560911254,0.440627724458768,0.260879466834805,0.700254131847292,0.890921016368131,0.551890849022109,0.865142274716254,0.890087583774309,0.468324376598642,0.369094657731628,0.0061646640274023,-0.097515262358318,-0.224261034481093,-0.304220727357527,-0.380839417035459,-0.420776553217027,-0.423843279414147,-0.470216062499166,-0.808475934830266,-0.405879726104616,-0.645104559164988,-0.870175777242709,-0.189266146132103,-0.300222916187103,-0.405197986453503,0.442722209788154,0.112368433687681,0.713616808098478,0.675210196360386,0.814104721192993,0.403754833862645,0.903983681471883,0.65039820121377,0.291029328768325,0.278421273130268,-0.145284849348807,0.197310967869228,-0.11677952188578,-0.598240092696714,-0.308777418653879
gene136,-0.205239261033963,-0.352325755493537,-0.305671675843571,-0.349165450587398,-0.551441172977576,-0.86334593565508,-0.582530461164752,-0.656718843342335,-0.739046812151609,-0.610368085028691,-0.490350571899998,-0.388463926095594,-0.194640779733804,-0.0547832038141468,-0.0824690005837605,0.358594803962605,0.336576654317839,0.613803837998748,0.734828846750241,0.611775346767484,0.628851269116765,0.478750048108975,0.491772077096853,0.294471430179856,-0.0582511375911209,-0.365717620773471,-0.317114605560283,-0.302813430190966,-0.489594091252487,-0.321034797641107,-0.481134349281172,-0.848807998241559,-0.839553064911708,-0.529753695614332,-0.454476851907118,-0.296721061641698,-0.236910226548375,0.19529357615358,-0.196744583467216,0.350932236620848,0.344870797259721,0.487072318324384,0.585587625289968,0.620205315153817,0.468400806109885,0.629517598669393,0.501221917630522,0.24136214979844
gene137,-0.0750904773775762,0.371047488326283,-0.0103261297663157,0.0472466462777648,-0.0952579049688712,0.16851432394098,1.25176243031322,0.615600576175858,-0.0003928099477488,1.0693686704456,0.413689925322051,1.00018385341475,0.138571721909114,0.225672469495689,0.462965988465828,-0.345385395679802,-0.379224549607934,-0.335786696051991,-0.102314349286106,-0.402187289737678,-0.148917105725849,-0.338918441972327,-0.923814441734274,0.0080547478155332,-0.143157869967287,-0.517002420147345,-0.655643232751305,-0.129592802162586,-0.0724143881937158,0.26283767401777,0.822641834570545,0.982258031529133,-0.100595818390758,0.718691547043181,0.572055091372293,1.43698821199976,-0.219577140481797,-0.078090779011034,0.551498904524449,0.200467686060982,0.138736856659654,-0.939587999049933,-0.974386415426933,-0.0360212607306247,-0.532172239587117,-0.236479828769451,-0.188370092396741,-0.818219536615769
gene138,-0.0070521112764587,-0.0435850611361365,0.098527098971264,0.0836850542413184,0.0636687380259922,-0.0233406479543746,0.521685611590325,0.478294442665649,0.431342243594998,0.634322196070476,0.48319086073905,0.626716332083242,0.505576441356998,0.317371690092955,0.414905324172551,0.240659906375092,-0.145859538223464,-0.45868431448733,-0.476598694431065,-0.536383305486143,-0.400815844902486,-0.921611935702568,-0.58183154959129,-0.53951562561108,-0.527383210892115,-0.176782763857016,-0.0419076766764709,0.0366664975388082,0.119899028498909,0.225318834528317,0.397923446358325,0.521114955121608,0.795517090465847,0.771545955055116,0.52329781715164,0.513553913259265,0.536735713629938,0.376791976911395,0.336581932373272,0.0291929102675602,-0.396470095929412,-0.427272575834343,-0.375528838914202,-0.623975264229097,-0.739622461588121,-0.549342998289651,-0.556766111517502,-0.838765426576378
gene139,-0.118049381793139,-0.232851030861294,-0.277001501728134,0.207319776717695,0.263549912136205,0.259581703616443,0.602939857702332,0.755966694588142,0.625176483770488,0.481878858721108,0.940232652113773,0.390353862433591,0.395925646024996,0.434503427326092,0.35658387974226,0.0034619757169566,-0.119372106131961,-0.534518466151311,-1.118651168995,-0.651304707147529,-0.979610534990469,-0.605316276106174,-0.6956834417578,-0.718252447213564,-0.236509949117934,-0.151106864040685,0.0645866942482549,0.016354741811104,0.240588662728753,0.725489982331024,0.330355478439322,0.762820946817377,0.870638644446743,0.791987932783108,0.734077990219866,0.650202401207241,0.546646183554389,0.452607045956312,0.617588455006497,-0.108162131501493,-0.135568868617449,-0.63737475694359,-0.520486510882261,-0.712111549957241,-0.50959786910746,-0.67796346921019,-0.829147225824097,-0.815619583515928
gene140,-0.545785198945209,-0.888067475195787,-0.854765818528226,-0.941153840443758,-0.947705380231516,-0.768062495386159,-0.486635893414893,-0.284024068296542,-0.750971156096126,-0.0865191979222719,0.229668839600385,-0.429432574423186,0.186563089496405,0.31458725407533,0.429406588171014,0.879544473962768,0.760045889784846,0.854013981536467,0.775852079115387,0.917587037250746,0.470234298084648,0.216011850723023,0.193763462525499,-0.159420964504742,-0.131237707862582,-1.56538380993987,-0.934670854734453,-0.515665815147496,-0.603581023275451,-0.534813217955526,-0.604002867768964,-0.50360835402783,-0.913492431183192,0.0772534432325734,-0.117079406547262,0.0599041437444138,0.282163037210204,0.493770307332488,0.318863739146111,0.627225743887015,0.834585416458945,0.358493382357559,0.491274737809987,0.74614293548758,0.433493458428265,0.37623728023685,0.291419386858726,-0.520988621244427
gene141,1.30009054150159,0.239274177461239,0.35349066202778,1.03742725165807,1.03091287808697,1.75881450775385,0.994435381467511,0.498036505976373,1.04144745937582,0.188642706560856,0.505263764471354,-0.501090121467787,-0.587424850040992,-1.12056809901575,-0.75059263222934,-0.828750052504737,-0.749151744769901,-1.17220722102621,-0.600871797373543,-0.475741301459365,0.0721601730375393,-1.07335711161784,0.23271533029703,0.133104331929617,1.14440969556259,0.833401246606843,1.40264600593611,1.45926042505679,1.07342263362562,0.816360289220595,1.24883844142334,0.20562749963133,1.01661585395326,-0.265388640182072,0.341506941844887,-0.154626563612877,-0.575960460356794,-0.335443006273372,-0.0480261771285285,-1.1230772383764,-1.12901304074862,-0.848819384324228,-0.566283447942181,0.109279961162655,-0.785103896924688,-0.288479683207545,0.551137935085096,-0.181981463643006
gene142,0.319036984663194,0.0882464152019977,0.0335125259247476,-0.0862484076852369,-0.0156145730480374,-0.197256729210439,-0.24852733294548,-0.262063010103239,-1.08299115775362,-0.82843763405439,-0.852851032848953,-0.67575865799272,-0.622216898110838,-0.726439126912923,-0.208833105831368,-0.220921219289174,-0.290516771539953,0.366541734085022,0.801286665478096,0.349643366655283,0.793760376201239,0.758698790129967,0.70202244733018,0.91383674221352,0.594408067532306,0.390629717310724,0.521170949866882,-0.124060211918984,0.2713029926115,-0.0143155711100572,-0.360738223229682,-0.799409513326363,-0.591682569922552,-0.935332346723744,-0.948323679300827,-0.678500714989074,-1.18676567465643,-0.737889232548929,-0.366751855847314,0.116811034414475,0.212805413208765,0.555976001289317,0.71133812605309,0.637920935408067,0.502175789382886,0.535345888127829,0.809294107534319,0.888559931756852
gene143,0.131090084932141,0.0128017401078488,-0.0420463121969393,-0.189303719028629,-0.58366548318285,-0.44911140227254,-0.751718838749873,-0.766514157872807,-0.56666681548647,-0.685515190869451,-0.851107522247251,-0.588825217142932,-0.320235131934956,-0.147688230542165,-0.263973452944097,0.214800425669484,0.261758483000817,0.67741157806168,0.571874192764026,0.655508040875415,0.655588394367448,0.479704255702062,0.629242881586465,0.436701695884799,0.217425950590014,-0.0135109437427882,-0.50027515529585,-0.41735686593846,-0.33271877885077,-0.486680099561148,-0.585645575309142,-0.587873890593408,-0.646854076233104,-0.857383856511092,-0.423415179919078,-0.446870277551551,-0.054360782802531,-0.149733009453843,-0.350625008924626,0.0439160164522789,0.304950206356881,0.526067062335567,0.916003617170375,0.914926370869756,0.594642831589817,0.39373885523189,0.44941032630703,0.440210264356603
gene144,-0.28535892408494,-0.16444453308048,0.004718640600545,-0.048392780236364,0.346175212364781,0.651377568745563,0.948707817902544,0.765364264577749,1.18541087561777,0.959321830507883,1.33322118458924,0.981979181903559,0.591557056897442,0.565920891953183,0.353746700940722,0.316855359081654,-0.393105343620013,-0.446800493442896,-0.816762360799925,-1.46290787988217,-1.2821218289757,-0.425191433885432,-0.961390830346409,-0.781407481169006,-0.142075036152193,-0.410197557636593,0.0531634097348892,0.141480585779894,0.0378984238840185,0.263391763185077,0.377539483077299,0.926480823425883,0.913907262724454,0.669122840099834,1.02957930046096,0.925993921851438,0.939424112260173,0.362006282895992,0.853292304624633,0.120595107592738,-0.238023800550383,-0.941012182376224,-0.770404960478089,-0.950258151513296,-0.662070553256256,-0.880293868988787,-0.781547340598114,-1.00022567947369
gene145,-0.0257238832695662,0.121970140439338,0.375865027792986,0.0068289857602083,0.0849938016587456,0.177545832904408,0.354815663266158,0.648074177487062,1.14868772912579,0.933467024104206,0.523380666550647,0.952172696912926,0.758051870867943,0.759269447591352,0.328560881435481,0.589401582584672,-0.51492224868482,-0.282913987416886,-0.674137743842291,-0.525170819329443,-0.201660748618951,-0.836410582854638,-1.07790330327168,-0.158487989012358,0.198409996820084,-0.359181557609266,-0.089087146770686,0.257006071339403,0.158334646038837,0.833586191620996,0.589403354296091,1.00638797887885,0.729786770621614,0.636091581500225,0.516790192228537,0.926727137573389,0.734936483407364,0.525915926880015,0.74783897958796,0.265868836850772,-0.18884940140826,-0.609416231777569,-1.08006942460137,-0.83642189949872,-0.567625986339241,-0.525430664761661,-0.57783621946476,-0.854653537625998
gene146,-0.572561920965421,-0.363846903922661,-0.279685747173916,-0.443396843337776,-1.15299405375838,-0.944432663757346,-0.934383998091185,-0.928213387101476,-0.605099074972044,-0.406304046772129,-0.516219205498919,0.394147437606081,0.46309339091479,-0.415898665107884,0.118935676411173,0.247311061241537,0.333612068667125,0.785378708289163,0.541713438101981,0.442810659624221,0.441611452229028,0.875099863449235,0.619485030972164,0.335285215264705,-0.671132379824202,-0.768363714157582,-0.427989231116177,-1.10532524855041,-0.503729017401284,-0.545448438530686,-0.709471614174622,-0.66496336871697,-0.652349821899248,-0.382218913003023,-0.393140921411169,-0.540626601069596,0.192286802141399,-0.531227766321653,0.249032332116717,0.662954468528323,0.655067373705097,0.825686636094022,1.12871278106656,0.928772817445484,1.4333196473317,0.861238620800802,0.589110586863818,0.233145220688676
gene147,-0.226973309332564,-0.152163944904498,0.0177554043758392,-0.115752766129132,-0.5930229047874,-0.620263985169297,-0.641617942327843,-0.645056412233917,-0.35299417164771,-0.582718580705362,-0.709660563709368,-0.495596558700422,-0.442474541476926,-0.143817718991535,-0.219321866011155,0.138535447177535,-0.0152896357988269,0.473794281788528,0.585911095980621,0.760392513474733,0.370017059782643,0.531926378169988,0.46923509399099,0.575496757272686,-0.0442591609214277,0.147248957502434,-0.0058495692130572,-0.15759242138473,-0.41722991804271,-0.278725298391168,-0.305730242282408,-0.661992835866574,-0.589835064762655,-0.374452620419822,-0.70327674373,-0.2621052430402,-0.448605105280282,-0.260897021239773,-0.334685773915312,0.21945018843055,0.26310993859735,0.73547688388329,0.430314997906327,0.779314882729869,0.448613901819363,0.630468818489458,0.563869416142261,0.603626752888973
gene148,-0.016810640184952,0.035000461570237,-0.108384419756433,0.216838764862333,-0.0466464914568349,0.196333342402121,0.445578298512917,0.629305395548408,0.666481009418388,0.804018470279251,0.55689058565965,0.54128697700144,0.429831546036509,0.388290037392915,0.123923647527402,0.0065779413440575,0.0042150554369914,-0.383769861574526,-0.691843546454681,-0.439580033263893,-0.886154269584123,-0.57605855640978,-0.729557643973318,-0.681671803689166,-0.258968406240247,-0.141225354854035,-0.307359012006704,-0.0862503616559127,0.0146454101892498,0.122673956578974,0.521503512152657,0.565663320235196,0.718423129632332,0.525080756001731,0.529246496396821,0.730117605312705,0.611042421420577,0.596008257409073,0.396907523425099,0.252933064349758,-0.0390404137795436,-0.317409590853524,-0.277702706768695,-0.500043019326175,-0.629426059441285,-0.565827531398959,-0.556104959658874,-0.650156720526472
gene149,0.175010971480199,0.473580071067646,0.346107313050634,0.259099941472234,0.338054119490145,0.41727972546939,0.800424421816839,0.438981251342958,0.401976798537102,0.493576425457185,0.601891049329811,0.172390872909297,-0.130899864130404,0.156134870013989,-0.0865455226656609,-0.416033941254568,-0.558505671934471,-0.432625920707089,-0.623050237977922,-0.654870278861547,-1.04338884823318,-0.610071060536748,-0.454721050495424,-0.374479526242106,0.138363765548853,0.430852907888143,0.237584635705604,0.547770410587478,0.612418155168686,0.457977987010448,0.672046537222193,0.672169234730873,0.347892368557022,0.322326073956459,0.552425718130939,0.233834376015094,-0.080273619493081,-0.024135942291545,-0.0106916736356025,-0.221994929959983,-0.410798566021842,-0.658329829352145,-0.792715664325006,-0.663059582111846,-0.833459620460769,-0.300353865029874,-0.423543842552802,-0.265285117706194
gene150,-0.704939083906379,-0.530918080364795,-0.613836764956493,-0.675593705729729,-0.482339203422896,-0.470842198275406,-0.252835804696658,-0.390904988994584,-0.229396499871121,0.3288089369848,0.0920637814918544,0.38578679969784,0.412121372184852,0.556945145213405,0.462404174744656,0.3773673750045,0.467493360356778,0.39943746253293,0.0546020882265203,0.221173987726419,0.0986404910287203,-0.215541602922027,-0.203437242799158,-0.334474088620351,-0.477041781038239,-0.543483368130211,-0.450248164607774,-0.326496953273984,-0.488311131056805,-0.520006858349799,-0.195880979549837,-0.171011887290632,-0.141639168998181,0.0978589370350847,0.14739179240892,0.198255322796619,0.400995485503894,0.469470972167156,0.533583009222098,0.640225311228808,0.543902128236981,0.270449900059244,0.0416443158893706,0.159834166356047,0.0304919064272643,0.108364957513462,-0.068387155474858,-0.233728925480363
gene151,0.675986388810886,0.244241813042049,0.507241005662324,0.378694762604071,0.186017348268544,-0.0120586926253115,-0.370323103200359,-0.250263952889458,-0.102512846806704,-0.513233491443002,-0.847285072629288,-0.871806727709005,-0.57822647960112,-0.696153280185515,-0.377780494650122,-0.289088918094594,0.0817595332764057,0.0899070616708094,0.622443266271877,0.248404900386619,0.378993841757418,0.408408817720021,0.440273143797313,0.451298875549458,0.387035871928766,0.506213171244295,0.385546394429889,0.145962511630072,0.309504319380574,-0.0996528556538505,-0.278633994259014,-0.724899657574853,-0.240656349525576,-0.713487226102737,-0.492510047219304,-0.737168509685479,-0.59159727293869,-0.552584662535585,-0.504569953873394,-0.133634381383619,-0.438340759719677,0.352777560611333,0.407367600527847,0.237125212771215,0.293116603153418,0.589050136305703,0.539664989415297,0.716247614534996
gene152,0.0467832578477718,-0.0324995255972071,-0.430833300488661,-0.0755349120525997,0.0055006613269231,-0.436429193890298,-0.355597954344609,-0.386755586701829,-0.872355020664947,-0.564428157546603,-0.262900099520685,0.0048615291456312,-0.705152580864978,-0.256971326472142,-0.46924425862304,-0.178106738397933,0.407277278646374,0.374068747123202,1.08778875822864,0.47207679936731,0.64815562320814,0.383738588340675,0.43599793156414,0.985273217284725,0.447059632145284,0.0369814200764282,0.23006704140219,-0.356325166979246,-0.376288362225744,-0.355291361565601,-0.472685401695307,-0.274426218284951,-0.597545011007774,-0.371772025942188,-1.19737173183872,-0.45639726531366,-0.5983522607825,0.202192769037176,-0.459821721049985,0.0121736240895445,-0.223656114616771,0.763038427310957,0.555216593696559,0.806553670464486,0.507521447926817,0.410273595480989,0.546660484755943,0.215328568593683
gene153,-0.56880814794668,-0.694883190896642,-0.687445367654612,-0.406873207367445,-0.586957450637124,-0.568972971503967,-0.491405574044425,-0.333768976176096,-0.501644845728296,0.313350679018664,0.212434074828961,0.0576193881581052,0.80434361743379,0.613607972289277,0.269808153632169,0.648070632046849,0.530865836405766,0.427123590129092,0.0077778713932567,0.195913513097017,-0.144810447705661,-0.010836688336734,0.14173501178756,-0.349315437767545,-0.537173640831837,-0.918451619613614,-0.597017898035507,-0.424197392863199,-0.598062472556399,-0.72129399665135,-0.400702425308642,-0.360505575399433,0.0618773717639686,0.0378068926499628,0.383756337221831,0.37523139255863,0.399452740389608,0.574182666794774,0.417451007524306,0.45908987688984,0.554956308130745,0.503911904717072,0.154265523411711,0.059322167697161,0.308971883668775,0.253413802885705,-0.0754570487399153,-0.311652594243994
gene154,-0.597763830715838,0.51432060124954,-0.334053801925513,-0.302803887542988,-0.942024568511493,-0.458230385911522,-0.237497169958911,1.41636476798337,0.617159999717022,0.58760608038836,0.913274208339415,1.89930880156426,1.03060301305346,0.668614997286016,0.87862572476543,0.347754322577662,0.151296467642914,-0.107154161866993,-0.679151768954232,-0.782111659104611,-0.402365252237445,-0.577784529389814,-0.475617642795818,-1.59186401821211,0.0029428683577027,0.0681089834887346,-0.150468949714647,-0.53659204073099,0.408035760705615,0.448370324139004,0.755979853709695,0.110774903732813,0.426759895360002,1.23837517013231,1.12567739202767,0.577004701526828,0.637069569269018,0.790686920502942,0.0443122477212962,0.805393358868229,-0.307095161190374,-0.817239881141826,-1.31258278642275,-1.72407838791997,-0.0092254492386884,-0.829960433286491,-0.907100291720033,-1.34834866174995
gene155,1.01385513780884,0.707701248804998,0.90521200198867,0.838233898218901,0.741840672332526,1.04240658516847,0.55366772800484,0.25364406494989,0.117315570481892,-0.221477299143981,-0.237260213381442,-0.189169914880743,-0.255719032608999,-0.50368753590442,-0.475020427545799,-0.686698628569238,-1.13274361020786,-0.375716580597564,-0.187749271936279,-0.25012314217832,-0.183392599162403,-0.293822992190601,0.357175295493488,0.201797160262943,0.80002132364105,0.88102643029871,0.783390103525775,0.820556012927874,0.48873295730567,0.844371578982975,0.643639948295512,0.287603899633343,0.449533757328161,0.0568316815263983,0.139263808899171,-0.165534768459812,-0.57749655715145,-0.703962632218641,-0.562141662782939,-0.662622414347422,-0.776473857089556,-0.708668517941739,-0.291640291512097,-0.884531629933745,-0.345209651729611,-0.215115104205904,0.238103907783424,0.168463431233575
gene156,-0.0136329865273478,-0.210160354159575,-0.333065813860262,-0.459540616143108,-0.228264639113513,-0.796941564553811,-0.480706626925613,-0.523167835913912,-0.953979287768991,-1.00092785069363,-0.74770685932109,-0.585561551512433,-0.768955893058007,-0.231187132324283,-0.145552903655847,0.123253140188514,0.745762171752006,0.667200587699498,0.67584088514324,0.737127826523338,0.553111777550149,0.858363302313222,0.649402979239993,0.681049271031006,0.32970869883324,-0.251936661596805,-0.236039004804356,0.0369197652070807,-0.116926352348284,-1.06010222128186,-0.485771661344387,-0.805525533197082,-0.756528578106691,-1.2092543345049,-0.770473369261908,-0.567976503670602,-0.479679946271409,0.0947422503095677,-0.0684020842259656,0.198004413473387,0.392789251287399,0.476739568646202,0.999325564175816,1.09360380480425,0.613081104930132,1.00130194113092,1.20187488197504,0.444816728215423
gene157,0.595483623557294,0.379183800132799,0.492551602636357,0.872198651924275,0.892979054593622,0.120166212675824,0.116680406854598,-0.10202886094193,-0.305003062163535,-0.274828832595487,-0.51380600379697,-0.436264350564881,-0.577464567541269,-1.11829475357765,-0.660100668817658,-0.402912554374709,-0.85971462364419,-0.0930440830153186,-0.0603333803064501,-0.0967019157388186,0.307171651133313,0.152538276665621,0.871365774886941,0.724566256973041,0.794453611119121,0.634900029002288,0.572120980460543,0.41688299166839,0.703055025398874,0.535418958622573,0.508148768544544,-0.33195629764446,-0.0796790452463535,-0.719801638439673,-0.32735062159883,-0.946527684416226,-1.18477902568155,-0.634122365537688,-0.533041250133299,-0.115570956860318,-0.424901610250398,0.0684052894097061,-0.393216099875805,0.362541290942432,0.395553297909974,0.433317797371092,0.334365521552449,0.620721300865621
gene158,0.463959963890661,0.222378378233994,0.523052322586095,0.692395785472169,0.380171806268194,0.797908760781475,0.429854683066603,0.576489661070523,0.758660020579106,0.189232915721446,0.187352333285464,0.13700089866486,0.174127599759976,-0.318812288310635,-0.195343337175416,-0.789377059814789,-0.752325813955914,-0.482647411359775,-0.192323380813817,-0.652021483158051,-0.524849351220064,-0.174791287142125,-0.0389209149101987,-0.0260989913205132,0.650491992794715,-0.117202660345112,0.207929120717039,0.778876434807716,0.651745744249967,0.518030870666535,0.588360064966902,0.809889569487922,0.374117333478778,-0.0101703631736109,0.58122219404263,0.19925574722261,-0.467387885558844,-0.211612806880604,-0.0986027764016439,-0.578184074174879,-0.463900160151823,-0.187053381250077,-1.12211098086502,-0.259801493232451,-0.437611700451829,-0.68880374474729,-0.943002098919931,-0.562726143429156
gene159,0.370206239994452,0.662430052447114,0.791624989538354,0.373434130661464,0.392357460426806,0.709561594137635,0.336274981724334,0.271277092704157,0.391672928118392,0.0457937003882641,-0.0731377061492826,-0.273730668224908,-0.289349680692263,-0.46314521283051,-0.398215544039352,-0.435953518255856,-0.783556342207287,-0.467931569835162,-0.445654004512217,-0.403071424554449,-0.443146552557142,-0.207727119001361,-0.177098031096677,-0.0737334118920275,0.615015679099359,0.489059946487783,0.596726638684424,0.560938212205494,0.511656702772337,0.590279867807567,0.487214425982169,0.445459593337262,0.451807048341651,0.0969875604900899,-0.0272614109070659,0.0957467693120653,-0.265798619421038,-0.406705207612409,-0.437932360470337,-0.369874389741769,-0.696141495713538,-0.590121703324342,-0.405957127106426,-0.432297160154501,-0.587839776207045,-0.22108574445662,-0.165584157865712,0.213150977858675
gene160,0.280938649121022,-0.375160357795958,-0.0465945224424225,-0.187557946199226,-0.581077354602422,-0.526180087007661,-1.05365955511794,-0.871514306064275,-0.952334937147384,-1.05839211079017,-1.07068673841855,-0.373194184055031,-0.837053177307516,-1.01061787801475,-0.204898282345443,-0.289032243140644,0.363690532965477,0.395447705248758,0.171033759589602,0.369512289418865,1.05794351891537,0.544800974467379,0.53546536438016,0.392475865673412,0.0262143627509286,-0.0228763672337285,0.241996331070635,0.201285413730753,-0.688696265104873,-0.018412783348932,-0.40516351731669,-0.373420700091513,-0.438235816579724,-0.681017738833198,-0.895618145635781,-1.38910664338055,-0.648226530132289,-0.804676074220092,-0.400010291581621,-0.130870837959523,0.050460626743837,0.505982882079225,0.661697863948283,0.265235395982633,0.91788025034264,0.41086597099345,0.920855773216926,0.591003982897231
gene161,-0.578238502928803,-0.64291190972561,-1.26662456518015,-1.03589875374896,-0.929386583415253,-0.13862941130278,-0.890675910368548,-0.51521191045148,-0.914746339877772,0.100861714565786,-0.134280828078552,0.67909963936602,0.20546590804384,0.545832483698198,1.31814060037234,1.42862483752565,0.701628060442936,0.358475392816729,0.870344648983797,1.06881846962174,0.341555702611767,-0.36605923119326,0.389182362227542,-0.39397861105013,-0.908214136866149,-1.12801126625204,-1.17532424328174,-1.10902010248406,-0.280325007577872,-1.04468876880358,-0.119934702104433,0.30896692254275,-1.61777300233,0.188377159111415,0.252206701857742,0.6712887471791,1.13863703945964,1.30912753759105,0.081291365539656,1.23389256891635,1.22163794925558,0.723736039836112,1.39162275099829,0.325567150442715,-0.0176379070430743,0.12241336851702,0.207891251631238,-0.665314022004372
gene162,-0.497363971359864,-0.404803324867236,-0.53423344040026,-0.544840075491505,-0.812675722999754,-0.188826786988119,0.0099148346578343,-0.340091923402951,-0.0123873929019788,0.181118871372805,0.246550587137852,0.0164077307575915,0.499532728854502,0.372021915737698,0.353950558774943,0.698516005854882,0.321109075692988,0.434219570773291,-0.0692245200421259,0.0495427758746026,0.115724512082161,-0.282850230083547,-0.153192960707897,-0.565069259767401,-0.585768912119663,-0.436562376119007,-0.717295345827309,-0.385587243511503,-0.482081706549608,-0.214699248751004,-0.376693019414626,-0.272510567644492,-0.105014934131095,0.281898201836626,0.160506929809552,0.239617156150412,0.427941288764247,0.50687092285912,0.272025840879442,0.600136613154603,0.446161299763285,0.0207983933578955,0.150494611492354,0.011918582395706,0.0240381447738614,0.0550772554464087,-0.0696104900688567,-0.378608853925633
gene163,0.352432516697109,0.673254269416887,0.385388458021121,0.698047764526107,1.04685692534187,0.830470409339862,1.00834069722691,0.890689163752907,0.731121085157251,0.379664280518819,0.770722256512342,0.284882246626241,-0.420005879789753,-0.121727085304857,-0.389981006330448,-1.18727341303093,-0.690966187655885,-0.899742107165153,-0.839631697972395,-0.751393011003987,-0.658196371378016,0.183735666208152,-0.344376646696864,0.0948765164327279,0.621519638620607,1.08392126016239,0.723252755897887,1.0092048631953,1.19440727243309,0.478200549510454,0.724232778164329,0.730206877750556,0.55516063041781,0.380358791355689,0.524124340518177,-0.0710730541450653,-0.127087512177144,-0.486942226791613,-0.31313974533769,-0.714278598154963,-0.713425671976628,-1.01518082584219,-1.05940529385085,-0.72410181533705,-0.28318577987601,-0.840471754266969,-0.26957707451865,-0.278309605407447
gene164,1.19282605243923,1.00686883198121,1.01822390590109,1.31433402897361,1.18958779415382,0.897875821758176,0.507537010104974,0.351185403950891,0.30647311134037,-0.543772828346169,0.201213661791004,-0.352773686090021,0.0027470148029164,-0.266144072146272,-0.150803789983794,-0.768368132716661,-0.816279272587877,-0.818824477369527,-0.509284430343007,-0.815946332199622,-0.442625569391247,-0.602856668215425,-0.822362447954197,0.329950397082289,0.73580441140053,0.568058548722419,0.824519219950762,0.753196739426529,0.490719207972196,1.41401309795559,1.2679286056841,0.847329374785244,0.514853420244098,-0.300289472371833,-0.473673828511506,-0.092828422476139,0.273319822410576,-0.350980693011617,-0.404827100802919,-0.700730332183186,-0.828417830532665,-0.898985889277284,-0.60490344713567,-0.569483105370819,-0.220005582659905,-0.918932755716442,-0.0193970801963833,0.241159734288169
gene165,0.865232675995613,0.880497692886023,0.899697851316502,0.746692641213679,0.584421678533282,0.605869659371342,0.0067860904926082,-0.110442228258305,-0.515698162924849,-0.741163504052167,-0.516937297286381,-0.750912826362905,-0.624196516313676,-0.278764184579334,-0.875913449085231,-0.773076455267214,-0.668708780071177,-0.0456059455006929,0.153402020877222,0.0411021415300463,0.0272320711692485,0.403439705106296,0.550880804178012,0.768301028757775,1.0150219603045,0.840917862652703,0.883881431949735,1.02470247671,0.670329559135904,0.402062808095825,0.015098135748225,-0.0640794788719204,-0.377433854636046,-0.724653888723885,-0.832876472231818,-0.628996668403723,-0.94978322289246,-0.826581504619218,-0.803001519239567,-0.568936844209204,-0.657521524985861,-0.277888232093845,-0.118577689757243,0.279472728901423,0.0826161442246514,0.262745248506594,0.497735037433874,0.754317444085337
gene166,1.19961608876687,0.512843878172042,0.860793449983458,0.835165561083074,0.564386029861383,0.657010217819847,0.397783944372103,0.170573001903312,-0.194076168460477,-0.62001666656257,-0.193048012398702,-0.329283624475202,-0.682424758259186,-0.70816510516598,-0.93373083604091,-0.757405335148089,-0.913880337244517,-0.519728673881626,-0.399719583635467,0.381854184664101,0.0806155604947585,0.459216910815555,0.183239706938335,0.408637841858053,1.04555077910555,0.356334999109385,0.771922065630375,0.343134698156923,0.497851926834331,0.387730461564553,0.448877178324487,0.170004149558628,-0.145711304696784,-0.189567378384529,-0.406659467560362,-0.724644173428421,-0.804304892703865,-1.11267987531863,-0.939850973976897,-0.698404735836141,-0.557686481808345,-0.738970051133854,0.160969668915191,0.441387918330142,0.233786373312278,-0.223178888392351,0.383979897417354,0.336993129517622
gene167,-0.0954595889255927,-0.169137083228526,-0.226618299827322,0.0092836076397808,-0.357811302259217,-0.176227683167124,-0.659915831244586,-0.536640414346294,-0.536320736099716,-0.953397781411483,-0.578349136777152,-0.679709311921472,-0.567306003205374,-0.204572684399838,-0.213049249488379,0.0772044676910888,0.190454247997197,0.777395809889243,0.831909295973271,0.609493279873472,0.55692746998347,0.833657875702965,0.723608946659597,0.56109506937822,0.18480550535364,0.0400315789094246,-0.275828101194295,-0.490780146413087,-0.228171935131849,-0.415283908812253,-0.68025817176336,-0.580427056081744,-0.760419082916587,-0.527373243624348,-0.449542775195563,-0.671817801061239,-0.423540442856555,0.0659511185630016,-0.0651029168923036,0.235711462043841,0.259999462964449,0.736886792041099,0.652767949958686,0.946231564364053,0.519067785419197,0.80773510408922,0.765103890961765,0.642790186191636
gene168,0.333900148641372,0.158129583512676,0.0913314494773645,-0.0052265038124443,-0.212188109398838,-0.282622575238912,-0.415738701105407,-0.374044715969165,-0.542705781372052,-0.570006570240322,-0.460730780921675,-0.564362881419308,-0.329315192261964,-0.342173488809808,-0.23815960594762,0.088150013880108,0.210670496095486,0.554065595758565,0.596388778213655,0.656411076556923,0.568688749056796,0.564789542560224,0.669245676447464,0.251469925567794,0.259216641109231,-0.0098089445049833,0.0357058039013839,-0.0055715156164512,-0.220237965655129,-0.0658449717610934,-0.212813401412214,-0.424854080116284,-0.621087022408695,-0.574136729664061,-0.664968328171985,-0.433469680955084,-0.410963124072327,-0.288013867630059,-0.31249766693527,-0.0347225330758097,0.0883370255560482,0.381635083927309,0.533166471289508,0.587430281657067,0.51611730195888,0.68619107881769,0.481665853547212,0.702608420111565
gene169,0.544354470130916,-0.12837241414469,0.123704206218276,0.0863779983166864,0.146782308098658,0.0755190911250919,0.0330224465317237,0.0123109996263779,-0.29731800678618,-0.509351410657829,-0.872960028511506,-0.21833654991561,-0.591789852310002,-0.572605086384648,-0.262724032118556,-0.429560139081707,-0.608607617549575,0.0623846278568981,0.502944057828523,0.159265228893578,0.49950440484564,0.563817189438823,0.44907040953072,0.829668268756246,0.124173280767885,0.391784182125313,0.319753336907675,0.0115485832994302,-0.113279720441603,-0.220905084233823,-0.114393451156826,-0.640786788135849,-0.333228322354151,-0.352836754183034,-0.240965334171117,-0.915147258037233,-0.770495091350836,-0.49886520323453,-0.662606716978396,-0.287047599824877,0.0157450471516598,0.291288922062566,-0.0441511092425871,0.329149049824808,0.506816684502643,0.254692024799615,0.739329916845345,0.536847908027517
gene170,-1.15813439321612,-1.15451331406578,-1.04420481079016,-0.605855883279823,-0.808644842422503,-0.481210973951539,-0.0037170913704528,0.0133398468384705,0.540114577419956,0.670288661040839,0.747994374950091,0.653880707191637,0.989254156587251,0.958308159917287,0.783750869817099,1.01219835118179,0.965006164438259,0.293226219418413,-0.253407073037805,0.248055735829092,0.344545073655201,-1.12225648094035,-0.254825254918203,-0.990926716764826,-1.12576353302354,-0.725239399341189,-0.635501970880922,-1.03526986509996,-0.879322779376886,-0.736497405841456,-0.315217785343531,-0.0575555349783428,0.545803403683827,0.131225789836599,1.02013257742705,0.858973454422763,0.905281795238085,0.902625733654248,1.02982543695667,1.15205370862225,0.877803187574518,-0.0505536535200164,0.396603489032867,-0.263180069565876,-0.182980310117291,-0.0126184954797091,0.042188402432717,-0.703668600200512
gene171,-0.194950484631918,-0.227006500098862,-0.0543962120083384,0.805624432629696,0.482089663243101,0.468390046568941,0.890625588564523,0.531508866260973,0.623491271487518,0.181982807065809,0.769641982876155,0.675382391316839,0.619841226990359,0.111277428781775,0.698378416003796,0.316193970922051,-0.195694668083901,0.0410750060789016,-1.17147562482253,0.0701482531148319,-0.595376293596403,-0.73734141469683,-0.419981244168605,-0.466032299821089,-0.172140461228283,-0.298240101331012,0.177965035384296,0.0098369093100534,-0.0526167731203284,0.494503101377295,0.661631314419217,0.882095257216346,0.943598497451036,0.929981772824229,0.881279829466908,1.09995140605479,0.386470252477025,0.641939985004753,0.433863269225161,-0.94614543471645,0.252303050937667,-0.479011814923621,-0.184213960460288,-0.290441332572058,-0.881877472667804,-0.861592944035564,-0.855310277342249,-0.740032803144396
gene172,-0.643502866587184,-0.706763031920433,-0.420373017444697,-0.531322909068053,-0.492455858392425,-0.369064947657548,-0.403102629828672,-0.322878680250894,-0.320337371693475,0.264732676995177,0.128876564102777,0.209779662817662,0.173846068097101,0.585341954680665,0.722967465515555,0.645344916355046,0.611917640633585,0.269480301706567,0.270688515889465,0.155094347619234,0.226015350174502,0.148939955936813,-0.0418910216457926,-0.147518308239419,-0.666629731914541,-0.362771094693475,-0.557237051985412,-0.365227551273194,-0.627137470199864,-0.340022033318244,-0.523107935524698,-0.170186846240435,-0.261434939211787,0.0659987163476137,0.0099597738952476,0.273537562538411,0.407689846569461,0.450234066221246,0.371655746979237,0.417443830520344,0.632349363654586,0.476203922557635,0.391863863641178,0.202225647371373,0.403937288329141,0.0009246109171492,-0.176378703353745,-0.0132697909172611
gene173,-0.0804689813665062,0.132099045215673,0.0288086258017408,0.103303627185434,0.129038935697751,0.182234288443015,0.200368239778073,0.405118916639558,0.607843861133294,0.377078320467586,0.542492250344068,0.245407177030769,0.143310980077084,0.372463715819087,0.0579792393115826,-0.0457940560405556,-0.365608800654454,-0.59329283371546,-0.348760698120455,-0.363344064025987,-0.698329028293704,-0.774429523988959,-0.375244613528354,-0.45987492915036,-0.182448249941396,0.0303804737114705,0.127246888041384,0.160868949062002,0.174683154116137,0.309290469594097,0.462543037549696,0.50822130738184,0.446480224001139,0.290121614649038,0.515573633878189,0.0634393859785873,0.187457383719206,0.168923646380586,0.179503822034013,-0.332410762356862,-0.287901440618526,-0.797216682375196,-0.550412630591049,-0.712027482153509,-0.524145373087922,-0.573298056989462,-0.398160538091899,-0.507341623147075
gene174,-0.619095084482524,-0.771744843199268,-0.663785140178256,-0.417119355985242,-0.924735457588258,-0.62587820187707,-0.0401705208630417,0.409962080716845,0.266032763265946,0.418950305597155,0.492305716480235,0.872388432149847,0.594587350772764,0.947279864521366,0.709258176607706,0.0448708658341559,0.53479012103243,-0.322676572642826,-0.238410344468526,-0.164922530705601,-0.24672182639232,-0.659534231870786,-0.415637580132089,-0.887736058724232,-0.750809291008533,-0.801882410051667,-0.470501817282731,-0.410651483489328,-0.707215964351877,-0.446182965220618,-0.434139073392105,0.0924696346582594,0.150974379536233,0.967101445158336,0.362110000489897,1.17553124705511,0.34529987243381,0.558429997378447,0.785810040298801,0.787147498018407,0.520507247094613,-0.442527727571431,-0.104926231292792,-0.158778627042045,-0.613819628112615,-0.156953181030584,-0.416111553465875,-0.506490660233978
gene175,0.163850933197135,0.108496836397238,0.295541047820446,0.01328830175615,0.175328138081663,-0.320156889762143,-0.566645382104678,-0.640251458361583,-0.668445153147255,-0.776665363175753,-0.719101392403641,-0.448586598608579,-0.312209325078088,-0.198409937896577,-0.36391957592757,0.0252431356761995,0.0888857235937633,1.04956333332613,0.91248469101208,0.631759351801337,0.268711673814395,0.983452982523247,0.940682546581086,0.707261250873583,0.0442211325611452,-0.140598157689202,0.0495908064433176,-0.357061739012118,-0.205174932629774,-0.276197647324212,-0.223560089316948,-1.11286270686808,-1.23590659861357,-0.50173159345036,-1.0535602820854,-0.346328131335847,-0.673903696820301,-0.683782804308564,-0.341621114962763,0.196017547298328,0.383518280584099,0.71953332937849,0.860921277326687,0.519009503709029,0.79644546160772,0.638987507897213,1.01802035741268,0.569826639884099
gene176,-0.664771015832336,-0.0102409759492789,-0.221001068858836,0.0714370990051613,0.253967315539286,0.313072051371609,0.31085258220944,1.05669004148277,0.229366734010781,0.745803944953912,0.97358891690542,0.904063678075808,0.863665932658354,0.763471792454649,0.803680587514178,-0.0472517833126017,0.199646533694532,-0.447325422410479,-0.671116681948429,-0.845655852656762,-0.698485277900502,-1.05484533426722,-0.731205238992428,-1.13909947116428,-0.699638419567715,-0.3115041655324,-0.310604767186118,-0.232869933271954,-0.329410164480453,0.289151052788848,0.676926298398492,0.67133324803642,0.743769680442061,0.769156936621505,0.820506080133207,1.0926950393038,0.814659981933345,0.64399213492765,0.453447110941043,0.461329747714181,0.0350345179353972,-0.130080669360748,-0.588747545488797,-0.775401750792938,-1.13547040572773,-0.91417538744067,-1.08803215172451,-0.992957953345471
gene177,-0.261984650630565,-0.484138702176117,-0.30824283294627,-0.159158094413465,-0.474783190957439,-0.25193892584815,-0.668004229509505,-0.803851651748405,-0.622357732735844,-0.346643509865326,-0.365754262488836,-0.54766118450381,-0.118162685826851,-0.188596087389733,0.109459122510517,0.221626921903293,0.676560724432076,0.797399627431642,0.211402655899204,0.655222841285612,0.654347557022463,0.412445434211782,0.460751847523333,0.189855194314687,-0.345125981976898,-0.290053361459536,-0.248529158684839,-0.449293700743736,-0.467438272347489,-0.734195290301257,-0.50736598285376,-0.463983355905107,-0.520721644395184,-0.749193484167696,-0.170584286923871,-0.489913555619992,-0.116199534951863,0.0252299940278484,-0.0093711706019386,0.0746972066316448,0.340359520768222,0.563034929064292,0.597958130387019,0.649735604776625,0.713606938201547,0.468026340674913,0.620778829999855,0.29436673241578
gene178,-0.904059783776075,-0.121412518293236,-0.697775098351986,-1.21592591981924,-0.839241897883828,-0.663423473778617,-0.834706947336274,-0.172595620002617,-1.42554535991584,-1.17016858187607,-0.384096520200217,-0.742347964888392,-0.324941118382391,-0.313769116223493,0.291784367937317,0.960505644720293,0.353595978520907,0.926072399017175,1.04368886083561,1.11412424669005,0.778847433420013,1.2849181628852,0.563462576491087,0.834286066479337,-0.252758654789167,-0.387218908807735,-0.48013274031361,-0.885834167476712,-0.44296539142426,-1.08080795616505,-1.15386060117877,-1.41029347906352,-0.886255593029297,-0.871053174942274,-0.718100479111269,-0.520524027811987,-0.138978169440845,0.330176916787173,0.21523871470141,0.479630641916582,0.552456136709623,0.854059275334234,0.941449203785344,1.16819720293567,0.803302360166192,0.701691808013244,0.382194475289773,0.687542835737169
gene179,0.558951891960584,0.448937856349491,0.191607418875252,0.356522626145626,-0.365494864925526,-0.128493934295838,-0.3817140466774,-0.512905220679819,-0.260748706666496,-0.42579966933958,-0.357401941903001,-0.570002578714089,-0.0830061405093384,-0.574434926318676,-0.561572704812248,0.0273841746161409,-0.375550165150161,-0.18099303472721,-0.0889826840206617,0.708566555904661,0.4006112203143,0.396659342878623,0.460353147347462,0.515009119180355,0.307398903996358,0.284297319202013,0.438226565566846,0.326997198155361,0.178828724213368,0.256671879296226,0.0023303559216027,-0.440056479867349,-0.320638090822113,-0.41346541762886,-0.214387265544872,-0.780987960494848,-0.503327690079189,-0.248972139671695,-0.551055280252414,-0.38941668777036,-0.90538217002609,-0.368751027670396,-0.0193406034438564,0.27181012917903,0.24075360697743,0.680942703659268,0.232757711956144,0.6062119012431
gene180,0.199650853823638,0.358841904804692,0.313877872350453,0.461620208398418,0.213404512684606,0.222334008353592,-0.0408339255306594,-0.123974804992851,-0.348899039420878,-0.424115284882611,-0.288678110224223,-0.496734331804086,-0.486558790729881,-0.619481321041435,-0.593911444601808,-0.359064772069345,-0.168232957520806,3.3236219556157e-05,0.124647259154658,-0.0513006921313742,0.19157130123761,0.380168868462311,0.349221444079179,0.364666068334802,0.350016971175717,0.369589978929577,0.20354883452064,0.260967002424346,0.0031249334799294,0.212196549609,-0.157579113024051,-0.0722588605183765,-0.36333607092621,-0.461273534972501,-0.557297046333367,-0.557579453783675,-0.354758711525463,-0.403921605022126,-0.453455515979834,-0.388009328996097,-0.205108136707733,0.142039922583413,0.368738681842613,0.373206947187202,0.224368625150934,0.50424048895072,0.415972700284148,0.402775181087024
gene181,0.631529920381971,0.132576733321844,0.605516939832691,0.692274414557916,0.541284232310009,0.792554887685714,0.981282492354879,0.889292575069509,0.843760130828964,-0.005522475473454,0.313815822042751,-0.020728542079542,-0.130791554559719,-0.264194827623954,-0.391502638189663,-0.668741526732884,-0.473181758544831,-1.06377737449308,-0.62099661721181,-0.751596954074822,-0.676398724550685,-0.480087853191912,-0.397802693385323,0.165259463811184,0.289417736039983,0.658754664408326,0.897617600676624,0.661716987099016,0.724314224069719,0.470442122047921,0.501763744678973,0.989043563713969,0.661683453389481,0.09411681436421,0.179510648855065,0.149263456639083,-0.0493901635032422,-0.0158080032378075,-0.510911850377259,-0.705364839820558,-0.719212522344583,-0.40423744818661,-0.464920535081087,-1.22189741943446,-0.420641048851295,-0.572664975829541,-0.199044001271526,-0.387699925420142
gene182,0.27396620917689,1.02549164377178,0.681565634772763,0.942279488932018,1.13162996559651,0.158764354845673,1.34961551081809,0.544557553760467,0.330425988474089,0.26641024210591,-0.327761707245317,-0.0333090253802709,-0.298601354238076,-0.440042037168523,-0.734935627025573,-0.34031937352561,-0.754198049642558,-0.206496503844817,-0.113945237098237,-0.325410862711722,-0.609166918664886,-0.17614498139168,-0.417881019681193,0.17527032595502,0.714720926364474,0.779987488438064,0.949187522313415,0.597637095221994,0.676062455674419,1.35189047297196,0.787598136360998,0.850810925911153,0.441508017344802,-0.255482392019169,-0.445026476150755,-0.0810877392142499,-0.392772533684557,-0.626759092931934,-0.410613436101685,-0.281655840366036,-0.892370367889133,-0.798090772990249,-0.859561523687973,-0.326536233799243,-0.0587494596074619,-0.355129354111107,-0.142945383924118,0.20778200694384
gene183,0.533465627704101,0.660703089661834,0.686757679913606,0.723254172053908,0.706533438219968,0.243023653360905,0.372333203681209,0.196491482701743,0.429657873422033,-0.105730813566912,-0.0563891263980638,-0.363239148279196,0.0080374850542808,-0.580015855785428,-0.681423808343931,-0.420630728151062,-0.996314260712988,-0.606007525162038,-0.433770377000404,-0.53050332026453,-0.197507452612734,-0.433748052919195,-0.0565010441151952,0.123435381375435,0.685727264386369,0.59548452695323,0.692422828015992,0.215824696826548,0.687298070240823,0.468719846408585,0.295331756700006,0.256194085158708,-0.101023821285109,-0.278530370086502,-0.207694784733528,-0.166513469331247,-0.267891361273854,-0.532564837409003,-0.327298738998275,-0.387850385585214,-0.518292579311079,-0.744351496156631,-0.634865874180456,-0.405954075398193,-0.350705529796574,-0.0807138215558773,0.255790462335396,-0.159410464944476
gene184,0.148317295335977,-0.23907048203863,-0.190022406329769,-0.498681784651396,0.262574295329941,0.396570492838973,0.374028449921185,0.643282397655119,0.805379380229273,0.627313198066867,0.275772726686786,0.636713837128031,0.465180879514073,0.50296009364883,0.24227748183848,0.231609556803614,-0.063119749163287,-0.115568907574593,-0.340804616897961,-0.142482510555578,-0.648247485319405,-0.722949487297718,-0.807345303313918,-0.847494418153886,-0.0410152934613367,-0.117712058751482,-0.0898950250283272,-0.132115862137048,0.236083882495683,0.142018003888918,0.378498463588696,0.43164946725733,0.431504134329703,0.50062602836801,0.416613233112896,0.985454078295246,0.471654995278304,0.95083749209546,0.449547778685933,-0.0223916678988201,0.361358262243543,-0.212768833099074,-0.279276350496877,-0.639108978901854,-0.633932118033274,-0.485509725943515,-0.403307396020028,-0.583757682394381
gene185,0.0037948011561843,0.466231663958167,-0.262303015512191,0.290411724187972,0.710874186995732,0.625215254229146,0.449345466316496,1.12542000888013,0.753641966380239,0.883720673555785,0.777451110839407,0.121788367240398,-0.0443871089196594,0.250774007058144,0.209894080512478,-0.0138311523219145,-0.890495147903423,-0.866268622679016,-0.66709066132499,-0.697750329324041,-0.687048977068055,-1.08782119188748,-0.885646810306032,-0.655056980768662,0.0750290273626652,0.519446293966826,0.186992019943563,0.357940650873694,0.0425513497251979,0.5801768385946,0.978924993372708,0.900744142274598,0.764902136594946,0.79294306574144,0.996038394633312,0.948067113251445,0.73267921602992,0.396292797890648,0.0486064570110305,0.320763359512441,-0.603971782266031,-0.532901444788315,-1.0772929549358,-0.557986484387028,-1.30034250896976,-0.734722273967398,-1.00427888805543,-0.714683648609605
gene186,-0.210341770971429,-0.310853112316135,-0.246366682758224,0.16601660358054,0.442324736932885,0.230629125813838,0.788592883963997,1.16181318631045,1.13101628752703,0.942168261442593,1.31571715785869,0.625678248556465,0.473618969244988,0.0735965701611094,0.387603658277124,0.505035876039674,-0.263537326714274,-0.151832134312412,-0.532739685017395,-0.224821736728325,-1.15795433403621,-0.539870610448799,-1.13856833617086,-0.873352772714943,0.236486125421118,0.0727229410898699,0.189460764813962,-0.447159034528245,1.23080924021542,-0.0375715974983344,1.18236298055521,0.753776366442192,0.945413969766136,1.01202365788907,0.614130516249224,0.64926766501199,0.791494660713007,0.616469211798376,0.243488913597628,0.296492180073488,-0.499088140702723,-0.743983440580995,-0.420875075268793,-0.989857425553089,-1.35534615047482,-1.05593990424973,-1.58431382138798,-1.19982697489679
gene187,-0.755699522979095,-0.980510039990174,-1.31194388304625,-0.736075919257213,-0.472759477078147,-0.669288699261864,-0.396211957761075,-0.0502314108695361,-0.0655880680961806,0.63152059298237,0.126139688682913,0.746347003240352,0.730863831330989,0.911890677901358,0.544068177479142,0.513018874871892,0.325582461384697,0.184760414500497,0.0288056289991271,-0.0207872453292034,0.236878211788881,-0.276837867678676,-0.466228324117687,-0.594102201624933,-0.683090782020072,-0.810685387831047,-0.863185039089078,-0.462508783872095,-0.624769690437722,-0.67788419536521,-0.23409382360109,0.027522830473762,-0.0454746594270628,0.57806547865564,0.218674904069087,0.517343406388376,0.550851566986103,0.945048519065101,0.871650473154033,0.848475878723554,0.666512280254031,0.0234884786109033,0.102387483775283,-0.0520387086285405,-0.185895732234893,0.0248166029668299,-0.259672626483975,-0.485849431474466
gene188,-0.13916788118868,-0.176735346350587,-0.227043094798898,-0.77359818089529,-0.458174878925481,-0.430433347578541,-0.404498510195616,-0.509777551447518,-0.753609222304511,-0.32973060503789,0.0790714510278654,-0.276620883963395,-0.476021397826649,0.219808576855589,-0.204924404996542,0.332124930586012,0.380516973289573,1.03545658131542,0.755088452322985,0.537169363335002,0.500144012674013,0.922990415378115,0.656111791537194,-0.125751481913745,0.262284509171377,-0.205343001864644,-0.308348928133555,-0.321721860439177,-0.528707301035289,-0.0067545623629761,-0.893365569898626,-0.478720653285123,-0.734966677234386,-0.650601867822886,-0.282269722042765,-0.245787186438218,-0.150096811595591,-0.207573398321726,0.249871506252106,0.698402720556655,0.170693270412498,0.505367684833169,0.18626598516279,0.555328501653862,0.395545317712802,0.747949594712548,0.655612974293985,0.38487213468648
gene189,0.485903007978768,0.843799365399849,0.781691902688356,0.700298722820506,0.816582488201391,1.05329371997068,0.64164011255414,0.518984286818889,1.00956102862119,0.61457981903284,0.174256511267063,0.549280549360961,-0.138344764386723,-0.727213706992926,-0.528987331343789,-0.425133094336268,-0.946028608699769,-0.970104060516386,-0.813842293109433,-0.597227061416797,-0.785375435669224,-0.364150712256794,-0.665157231977053,-0.285306971128272,0.737895379398129,1.12503286566273,0.970120543633149,1.29369938868956,0.969401118478184,0.853569065632466,0.939214211639703,0.771061083531305,0.430430171744751,0.134341076665506,0.333926142415824,-0.213141129661048,0.0763900184618574,0.142398736484672,-0.421078768569673,-0.348210470260078,-0.990412530701418,-0.628553861778103,-0.948196143124137,-0.590806207063522,-0.206741492431316,-0.313389220900571,-0.91426820165277,0.332045791068358
gene190,0.694749873146986,0.614215125820311,1.573896990352,1.33781906393135,1.09493059635066,0.993348054512897,0.0583326997559959,0.827023000333383,0.974630886981454,-0.175114941550614,0.0467135059870561,-0.789610590052297,-0.887767081352876,0.0752247490289851,-0.822708487196987,-0.761998296066573,-0.766740552596207,-0.499219608572787,0.013885434574985,-0.377432378426823,-0.195659496565295,0.591289935387694,-0.360329380272772,0.964635653160643,1.28095808082376,0.567616792331744,0.353041861900011,0.117687567237175,1.04832112923067,-0.0559022615047342,0.179618574977365,0.594515663632601,0.666154129875197,-0.0907485708555751,0.190333304153731,-0.659487033752396,0.169019027130305,-0.249452877889615,-0.530643253963822,-0.911232950400145,-1.11922002732478,-0.849344730455965,-0.235805957955657,0.0067014003798359,-0.668362962050993,-0.850262279317703,-0.316454519720195,0.403269759810115
gene191,0.356120914167196,-0.0274362443778548,-0.553722741354265,-0.0765335558117,-0.236150418396405,0.520855160235103,-0.715858886583784,-0.745457774121649,-0.399177611752583,0.0081891832222121,-0.986183165507691,-0.692466669566444,-0.934606345559947,-0.463807498937173,-0.149800811755044,-0.27986204049672,-0.282042273363271,0.495727212602132,1.13119110952192,0.387143715976993,0.255712690171462,0.755050602609433,0.814824165292846,0.622198899570595,0.0610370821970645,0.263010109317812,-0.187357474495714,0.329954482446479,0.252864118750415,-0.18455274413819,-0.365127148828424,-1.05792774805386,-0.341459786663146,-0.578484740661143,-0.156074261617126,-0.787720927409145,-0.520465582314843,0.182051639386635,-0.276694055047086,-0.278528589034335,-0.0775468516673234,0.858316416698736,0.738224127949332,0.363955948650981,0.660282386392749,0.432689988648392,0.96321766456467,0.537421020160143
gene192,-0.697258098431003,-0.439515943447107,-0.332788171293235,-0.425082421307406,-0.274386386575068,-0.525389019761055,-0.270139196813298,-0.389726479259871,-0.243287010178449,-0.0422747841515291,0.15852772859276,0.167950167774048,0.367241405632944,0.504948179267585,0.369730402696922,0.576388419562637,0.587014267495582,0.33237264955879,0.378004895267764,-0.0330789010953769,0.153264016029124,0.172118533168739,-0.105853134288008,-0.223218291517911,-0.575076463758205,-0.597521647220153,-0.691338913468518,-0.632608993185896,-0.508779629870273,-0.0786702582692895,-0.534245516084931,-0.170441215169169,-0.0756651182804939,0.0309683084174292,0.0445244608696326,0.0405805530562082,0.232793523645069,0.273213874313493,0.542340825385442,0.652267190987239,0.543733727641751,0.178114852616832,0.364202589568222,0.248406520801115,0.298719696779637,0.324462077221686,0.070201238225622,0.0023647888401222
gene193,0.33637823669077,0.969504153139715,0.469873974069133,0.561287502602659,0.161031358457058,0.199276504410042,-0.223949721304241,-0.0304131368764373,0.0804301107425384,-0.162290857219196,-0.178331623146575,-0.330562204060701,-0.732001640826801,-0.800557544097548,-0.708509531212372,-0.892293979557087,-0.4282814334036,-0.522770405235386,0.102831577839406,0.190184213225044,0.482265591228721,0.249546388068985,0.433904090799368,0.220193373673235,0.512693132852153,0.698580817012246,0.232787426265805,0.569943753989881,0.361706098717688,0.122401529455366,0.112399184327559,-0.275188343543829,-0.242891813253004,-0.527114867748879,-0.831886437478572,-0.702549530682972,-0.724009172318656,-0.685571142548788,-0.659701344241217,-0.444844413193388,-0.247643943328981,-0.109825214184061,0.323578510860446,0.155907423341871,0.279806334825426,0.352114753108146,0.526227638739898,0.402968613502336
gene194,-0.820868187213126,-0.222107785622582,-0.625601100660819,-0.133287169153069,0.501626977736083,0.352708165644164,0.0607686902583501,1.19744991602205,0.616503342430344,0.716124483956176,0.893014293459584,1.40495270724961,0.995329904344023,0.694275351363828,0.332829561322302,-0.124692767293737,0.257191181528486,-0.0203504771526765,-0.652502279934001,-1.12032580201686,-0.646445254552064,-0.550054778749734,-1.02614932050625,-0.823316089724192,-0.0846753808671135,0.0468497118425565,0.382113135150669,-0.463955376592907,0.0249710145357339,-0.0631485968152223,0.309414906117887,1.10679066521481,0.653339295720305,0.715657839811159,0.813091294525813,0.319956082278635,0.76268279210479,0.479886401663416,0.189282436342292,-0.0904237354285575,0.0261751932201114,-0.63718482999024,-0.627053183752037,-0.590128950096992,-0.965240792080401,-0.328181498253692,-0.922103169536246,-0.63319908296672
gene195,0.376151940429653,0.408036216333509,0.36919639451149,0.319915087351781,0.0970953468265989,-0.249249082505151,-0.50075412970304,-0.286125883057173,-0.4223002424723,-0.744976072557197,-0.640173051067,-0.917233014071449,-0.847514580872021,-0.573337103016287,-0.442501925861102,-0.477954446305628,-0.595808208677359,0.031803422039835,0.288017079902328,0.586193658195435,0.447117717630057,0.503934599294238,0.520112943108389,0.477183986585194,0.41303032147132,0.687415928435173,0.674892031284004,0.188258263751187,0.121208380314865,0.420966951012686,-0.376567295752227,-0.338311524540383,-0.432606145290408,-0.406705362880553,-0.70686874435923,-0.823500168330571,-0.279121158117055,-0.668302585852253,-0.698925974973468,-0.399299870135608,-0.0251496548892604,0.072196540521033,0.156179957555259,0.228526698601238,0.584469515790499,0.480075518618293,0.861997643096473,0.792667668521521
gene196,0.260833955855139,0.278085841142393,0.551075417796036,-0.225544151677294,-0.889103831503735,-0.34493028870478,-0.04416293662299,-0.71420673981923,-0.6801959158785,-0.705077021524268,-0.854508117403325,-0.550434610514468,-0.512745668571721,-0.34703273214457,-0.275152148595968,-0.0042192965797154,0.536540685548324,0.494947424395499,0.61386126706458,0.551655840175235,0.468828870391705,0.452544009086062,0.719907136673728,0.384794891455414,0.164275611261627,0.313836354877433,-0.587280702180966,-0.284875864167574,-0.0028298289668266,-0.050225745344588,-0.486651798854857,-0.567676789958403,-1.13908159636004,-0.319627005889083,-0.357198038302375,-0.0264088096398239,-0.200638976034544,-0.313054935918758,0.0621435564800406,0.325820323242415,0.180978927040979,1.14077815228445,0.71562363939169,0.643133732673733,0.926928823640618,0.68780255765361,0.627202177891596,0.669177341295689
gene197,-0.369321522227536,-0.677830815706257,-0.25906686972638,-0.472944663877646,0.0508808596785742,0.000142556100321,0.275136912575067,0.0644431543019594,0.466202640699713,0.421055848597428,0.62425901072867,0.629775231314989,0.382181992006082,0.566329522133906,0.27710770443111,-0.207044033346454,0.33534761228931,-0.634114082139602,-0.340307465930297,-0.331795299478866,-0.615620528989984,-0.609947325349353,-0.434451780001506,-0.469338852468692,-0.264745089478159,-0.229905718167189,-0.907632167993498,-0.414326749193529,0.232371504191221,0.174878772055463,0.622409649869763,0.144800804581756,0.44013802817414,0.463942962873382,0.307874473222336,0.0594236319471609,0.507143258085145,0.795852217099899,0.412592250275312,0.598525436126288,0.567234146114512,-0.0311167333904641,-0.148399937610956,0.112767820989347,0.0303694119551398,-0.355395808744777,-0.768833216832127,-0.363045139916162
gene198,0.146720807202418,0.427020857640934,0.203604912094904,0.106902754800281,0.153043819879506,0.628783842109315,0.425982475581249,0.545878278024823,0.466370759421006,0.438358526318515,0.38137296820533,0.278108922944915,0.3801477984619,0.228062495677392,0.239008549111821,-0.0527182591293423,-0.358473258737414,-0.511502546432312,-0.781723914739879,-0.666642739124455,-0.67669264365265,-0.41513713163682,-0.502647080526567,-0.417460268915458,0.0051125357830692,0.157750053507216,-0.0394933493254988,0.300025642150966,0.264281454283773,0.536106183796469,0.378489997303365,0.573893761229199,0.45585213846628,0.55715850142046,0.393238560362918,0.519629378176787,0.226270144847753,0.152063497944772,0.105933047327601,-0.170737780214934,-0.359925018527518,-0.785444209141056,-0.493625509302736,-0.557706747324547,-0.394601578796889,-0.59039334980897,-0.32378059050252,-0.279713822341039
gene199,-0.285755561740466,0.0870272741952273,0.431432835961585,0.672602324274374,0.752605652170208,0.176845184939625,0.535073077381942,0.956885074352447,0.925967521199369,0.725526202846969,0.50853316462512,0.359397430970949,0.533436605257714,0.121321592352884,-0.0363652353428347,-0.329944474620039,-0.237063026579337,-1.25560167157854,-0.84766442679428,-0.53701451519949,-1.036679675783,-0.767606703727667,-0.590896138634823,-0.850406587345491,-0.379592695599951,-0.122294917584258,0.143789187665844,0.172854628727718,0.376119593127712,0.785854205542952,0.78571557784493,0.493092960198933,0.900522223857193,0.854162819716811,0.422231219912477,0.581359623711779,0.393471389925428,0.484998847358779,0.1729123654369,-0.144231023125667,-0.478614742105704,-1.00820446946582,-0.670208581019473,-0.431077565578365,-1.07514488466064,-0.580019583172813,-1.03297151765896,-0.534180925952078
gene200,0.363672857863975,0.252283383150782,-0.174207885103187,0.658101191996712,0.0970446567105184,-0.525824946257739,0.907457227480576,0.137588603727232,-0.685610516171903,0.15091555471491,-0.558328389116994,0.235192128666709,0.253233482515726,-0.719880926560599,-0.392766640846448,-0.688743207115934,-0.729048579489838,-0.0737424366600906,0.374013935918272,-0.104275319531272,-0.798567166938398,0.591237941254836,-0.225330358502727,0.483308622095959,-1.37367801770179,-0.201907226637909,-0.801661988113026,0.631897906313632,-0.913715224444185,0.0533304652309751,0.411581985107545,0.992887142486684,0.174745968806239,-0.739735747856925,0.0893381748196306,0.987895978574983,-0.44616499892622,0.604290656420826,0.624683522833707,-0.209820525313118,-0.939963662320138,-1.7744746092462,-0.166542449572566,-1.05510253164138,1.72613730757414,-0.185970559052604,-1.09456565600427,-0.24392039192552
gene201,0.741716064134386,0.557815515098798,1.22515259587131,0.753822761220644,-0.465495362692581,0.748589781429967,0.32684196750595,0.0584879869977001,0.467633987212555,0.0294304034469889,0.148656938082991,0.277551903274848,0.77877859992899,-0.782605296327322,-0.330275961971996,-0.266034400641559,-0.798368244424669,0.82550405933717,0.0157183560528434,-0.363369703188964,0.505702783737135,-0.110679981798437,-0.0196030185587052,0.141859560965379,0.944763589928107,0.67728309517582,-0.0580994806292919,-0.569308398247629,-1.65913065089909,-0.675704863679982,-0.429390931374111,0.154450931502721,-0.565422847738272,-0.617980029730205,0.101722578230349,1.15183633473767,0.273184923046379,0.794637775610951,0.821921317090113,-1.57611709958975,0.200331785519873,-0.437276240460689,-0.866534530826435,1.27129383805972,0.294374889439996,-0.477608253278807,-0.684719474548808,-0.976847527861041
gene202,0.464337171581855,-0.838784555810395,0.0321882290872393,0.720219672157938,-1.16320555099657,-0.469707998164157,-0.303767116872131,0.757529019814797,0.0738679132785327,0.665870460120139,0.28581997059812,-0.386575287085229,-1.2194378417658,0.0208951461843863,-0.645647305215045,0.289444628967306,-0.0414243677351107,0.940934977748086,-0.342842802882883,0.146463699376904,0.336310001162187,-0.187554584757423,-0.614783463325166,0.0824294007426214,1.66426338450459,-0.580693193859647,0.777013990088194,-0.989503948675201,-0.050385670907676,0.926156262260025,-0.676638250167744,1.34012859157646,-0.837046428301038,0.970071143009527,-1.37030072034771,1.540452548679,-0.435625110223473,-0.276081508855716,0.0479406628682752,0.0918789790675016,1.01917541023048,-0.0137743307872437,-0.49350517652713,-0.529930154597186,-1.70267053718849,0.149422503823774,-0.470947726066791,0.343994083515053
gene203,-0.460708304943992,-0.71069569394281,-0.848842159718995,-0.130091809646517,-0.127698707882137,-0.343757742318051,1.26851705973332,2.03564002885902,2.00143040282802,0.245519808581384,-0.296700889967522,-1.47738237210654,0.027388689700966,0.225615685177503,-0.0758862071613955,0.276047613894803,0.799968038356232,-0.062260527428712,-0.433809230354117,-0.725109729805011,-0.553000929013712,0.79456413968293,-1.9625750774205,0.46136314308235,0.692508662139577,0.129906303775264,-0.158778787262288,0.152669450435501,-1.1731220224137,-1.03974103891893,0.0441570360786121,-0.128312148057796,-0.434884194686801,-0.483782433903375,-0.0301396120303411,-0.903105291797421,-0.110964435625766,-0.151039304281487,1.14376016421118,-0.407842131543019,-0.134901889471087,-0.54575328069798,0.849077790205781,1.40326621545914,0.257849854779871,1.00611828343444,0.268275684088274,-0.110056923389869
gene204,-0.373651269912657,-0.70141828136512,-0.18872286872051,0.254741281788653,0.794895614894609,-1.57767676970464,0.867095898771345,-1.01472975727541,0.0536223344122235,-0.365753993685915,-1.18936825536865,-9.53638059796584e-05,0.734535675776645,0.365155677296743,0.201698921148892,-0.291986925396077,-0.274435298751534,0.764657658190615,0.157003720863669,0.39345674087231,-0.0520290668768256,-0.77757251681456,0.149279703304419,-0.039446232222894,-1.96253722214729,0.659526213097238,1.40461404035896,-0.169583768126232,0.839127216888004,-0.396081533496159,-1.70938754904632,0.57725115269027,0.0838963038699695,-0.518040985334719,-0.220491089127636,0.482011416452743,0.0210051674249065,0.768915554478827,-0.758199199264295,0.36246550626707,-0.324935916008466,-0.251941124455785,-0.427545132375958,-1.70346290870877,0.95912558726265,0.297764246443617,-0.499658466449002,0.163229146621796
gene205,0.232998301814616,0.136951099777881,-0.359087483025932,-0.93391800134531,0.037551528796118,-0.296247259276228,0.369488742509036,-0.890774833940677,0.866183189476032,-0.6130741712953,0.820543396367276,0.281861340114768,0.169144281478513,0.816438335769426,0.411240637191097,0.562509266405505,-0.668914432404537,0.350884104497556,-0.238096072978629,0.996727628468982,0.334560645394995,-0.976099769787593,-0.51046299988568,-0.49360029778642,-0.266643715766028,-0.0180689554016301,0.13787052600977,0.125408648664985,-0.499985900869899,-0.567300023721643,-0.537313649103052,-0.386480240422367,0.0813739634161315,0.601636308098037,-0.417798155780921,1.09756483427775,-0.127809051659588,0.006480960192384,0.130041899949895,-0.408163648066968,0.210775237678568,-1.66313263967588,-0.595754256817628,0.354636971144196,0.164247728592782,0.055291166740781,0.139865585556317,-0.0282823084116903
gene206,-0.186203604263027,0.811585299374313,0.617149321678502,0.573755072136676,-1.35432713149824,0.0392352041538943,-0.412856045944486,0.0016554591774453,0.124102389011618,-0.43874868893972,0.2012362041441,0.702787189277245,0.37486720059869,-0.631662799482124,1.66126268804571,-0.0216525549039525,-0.0782673522082547,0.0421634082239558,-0.737550813934471,-0.0395299051325727,0.391598990477626,0.35165617611932,-0.216217001214311,-0.805244625273871,-0.626856879429045,1.34885132200526,-0.14030841302842,-1.8373349716562,-1.4671664306105,-0.43205580450138,1.88431806471414,-0.124464551914946,-0.604913500394278,-0.553192188974385,0.0787219138392065,-1.29096017529432,-0.663227927664223,0.169838877915849,0.348080230500655,0.559957551485481,-0.65246695092571,0.967165758953167,0.866968737482863,0.215777348494645,0.743417199939408,-1.12828648370586,0.201389938228127,2.95544420560026
gene207,-0.43036581573416,1.50342494281748,-0.33199550849371,-1.01200108882685,0.441731697871468,1.18322858540415,0.473937338713036,-1.25666880460379,0.491892503755969,0.448941496586076,-0.285221916922917,-0.0279609579515694,-0.0109148272039871,0.127528415873275,0.842464981463336,0.20313610202269,-0.502232388557147,0.092309311284377,0.0176921899488154,-1.20794726098942,-0.881487270686484,-0.0391155906088284,1.21507271942068,-0.239635610993831,0.252832288960075,-0.91435446894451,0.909561618027253,-0.1403764577828,-1.20115265245965,1.18396916867732,0.257021621981476,-1.00642253891268,-0.802652006216297,-1.15612001575838,-0.178838475808024,-0.808745408097238,-0.0740225210988739,-0.411882462324361,0.583373251454806,0.553325407376539,0.453394895061025,-0.16151681317563,-0.568595439890019,0.338391534437031,0.0934274233665602,-0.453158662249887,-1.33747729388547,0.106326336615191
gene208,-0.177365946568111,0.969978214168973,-0.226868126128968,0.0686317166872812,-0.915483790089169,-0.254165913223798,-0.146892342789171,0.794825002981673,-0.0989920815897718,-0.728814799456957,1.25128755019496,0.604613950922547,-0.889787486261434,0.838536585335982,0.39192269176224,-0.72815373001777,-1.18982701470468,0.105917388605424,1.53584368727146,-0.121933023240878,0.550771375560236,1.64562641170204,0.7188266821428,0.361142569774496,1.73182889840971,0.371687843430481,-0.332366523514984,-1.87489056292528,-0.840941632734635,-0.187444798694094,0.893607255957795,-0.911678008647946,0.13335673007045,-0.981770853561858,0.225151875790684,0.306350359913256,-0.172246768282488,-0.467376075693024,-0.247349472462206,-0.576899612909549,-1.16250881974045,0.413859238226181,-0.432967350496553,-0.649996529824382,2.43581187343171,-0.928537053446237,-0.372315185478082,0.107641071744081
gene209,0.409970107472167,1.31720418651176,-0.214151737741298,-1.30193894802239,0.290842159388462,-0.0648620629432218,-0.284641065437663,-0.121007733487853,-0.961329165454502,0.300044872841643,-0.505041585463599,-0.344377254227444,0.59275266014378,0.662211807823797,-0.289492877963058,0.202241129976753,0.963811327863595,-0.62014755052465,-0.46876612443108,0.981081806043362,0.950171010149184,1.17619265062403,-0.576229896740048,-0.354585279096895,-0.236557521761232,-1.96523960025267,1.13566426688184,-0.0374806731588753,0.672809448253442,-0.583819619511401,-0.120839427665152,0.980448705109992,-0.217638208370364,0.802299952383786,-0.535269188073817,0.118434309887943,-0.579866138149114,0.0698479698252967,-1.75861295827129,-0.943090135061918,0.177546909445427,0.996814837816982,1.41955069156255,1.21300815306691,1.55619904622312,1.84746169632443,-0.449333429381448,-0.146220089805511
gene210,-0.0273523277658633,1.28948252537197,-0.944641992821546,0.234721479779719,-0.343889306529887,0.0475134420674956,-0.235519314943098,-1.14386573329051,-1.23466348083815,-0.70982222227025,0.331479807594414,-0.208852680595887,0.103228904842396,-0.50079094040483,0.292256625494101,1.72929020939119,-0.901935707842635,-0.231518209119229,-0.387741637879635,-0.122163529132813,-1.70219605206854,0.325486525830431,-0.567551556077545,0.524212220525056,-1.40447034220753,-1.14215606674337,0.482708955625279,-1.09331403164631,0.281043722386317,-1.38617135175583,0.132156831527285,0.889436142383163,-0.154727623107763,-0.107026895741974,0.304918521882077,-0.811318972178871,-0.417195205940078,0.200267525186507,0.120164580006485,0.773506344312796,-0.242809578721517,-0.221596955293666,0.456870881555247,0.317245451581667,-0.344714262024987,0.752407874153855,-0.209966367207553,0.971987520483242
gene211,-0.311684940959284,-0.510164833758297,0.213626954192179,-0.459091231479434,0.0167333346215756,0.637201113474208,-0.556180896320494,0.0626973510928191,0.141632308135679,0.0444041459926345,0.897915027007993,-0.282962533476287,0.298294099291564,-0.465742954236869,-0.579503096653712,-0.28099838719366,0.507265642539088,0.370264264477159,-1.1248367738272,-0.73185309863223,-0.68663901179667,-0.131664368892356,0.538485779744707,-0.476198125739735,-0.131384684488723,1.54988823442098,-1.5106267542041,2.20052556222819,-0.886927112180353,-1.6985664796095,0.0394156593312625,0.418768665517772,-0.645724492610613,0.445745405397829,0.78624862576287,-0.161573522504566,-1.28698815486768,-1.42896153158849,-0.455294337593956,0.0371704570843068,0.840155325057012,-0.247162820157933,-0.0014945345824319,-0.604506732860678,0.626192495280264,-0.167789117171741,-0.697266220697308,-0.664574974381515
gene212,1.62768080771438,-0.043523484298354,-0.0379710070463913,-1.47806509128668,1.05168354012876,0.377980512507357,-0.205419258730149,-0.884853808579604,-0.0077806511536387,-0.805428671940901,-0.195257641267923,-0.476210991794184,-0.13892547609895,0.18209747703849,0.515831035997544,0.614436179631804,0.231195126706749,0.800291993509347,-0.378846004315914,0.713643351038654,0.173393597760268,-0.485510199328456,1.26731504357544,0.35120883539511,0.648657462587437,-0.401248652322892,0.628656484829995,-0.752745579048939,0.40824689657846,0.698160981302205,-0.996403134024544,0.247011975013163,1.08456767822681,-0.0316765684750992,-0.061970836153939,-0.838400366116897,0.132702338297009,-0.68299036969504,0.826928395551543,-0.264968608248968,-0.124574420727108,0.897044875224511,-0.171592290784528,-0.59858695212964,0.0319321181606083,0.55256060361251,0.711554361299254,0.478864275957248
gene213,-0.0431309485374827,-0.711928966190938,-0.891497719718065,-0.45312346276196,-0.572835225477037,-0.109813509498431,1.34615740109693,-0.442730018976568,0.0543450078679721,0.464196312023354,0.934442663740604,-0.615392666777642,0.560330254328599,-0.0668522052802723,0.17770871913971,0.402024895564447,-0.622323747210075,-0.608881703287346,0.807410070104912,0.445526086649581,-1.46149527006896,0.392161403890445,0.175307968262078,-0.313972523617405,0.928112119544495,0.122009864651632,-1.05242852070953,0.213688197311264,0.627700227533053,0.0201474256577801,-0.70249356273014,0.237115474286914,-0.467762010623155,0.898633769294044,-0.345434195353935,-0.546129335707335,0.924899419054941,0.856510792524043,2.08085164595014,-0.359809795971152,0.26017770790285,-0.135583235632896,0.57043721321087,0.409256911435418,1.32534849412583,0.726841407318938,-0.337667938986571,-0.626292793679546
gene214,1.43854803573638,0.3753467327417,1.1108392374862,0.103509854209628,-1.25483601784359,-0.0757750884475345,0.130479501041695,-1.37901700999451,0.471825696254731,0.490679027188231,0.71445764024485,0.209770468113664,-0.584538330321117,-0.0554214514469058,0.219813806468944,2.30811757799012,-1.12617776509991,0.27984781141198,0.95027229847648,0.797406396752899,0.598174797827496,0.915838987798768,0.286970101902428,0.944978714063233,0.665322127286838,-0.965168880798054,0.330190047784391,0.222964317456105,-0.942480827150851,-0.557397855655895,0.0424958904324993,1.3715128512543,0.660047977523408,-0.912574579646575,0.266068612462777,-0.576154069591816,0.0969378634923902,-0.818113039248864,1.83924319399268,1.31801055219627,-0.135102886247196,0.208078653880781,0.304763602556973,-0.357365628641407,-0.454082036269149,-0.493952626995163,1.4767840809107,0.371993013996741
gene215,0.432642643012389,-0.61723414003872,0.281710557064392,0.3420362683247,0.48119048982342,0.579196692281059,0.513507962800826,-0.216007916209399,0.861291500820035,-0.629609808446527,0.173146568160292,-0.803111692233213,0.102468746580168,0.78635544032028,-0.243739967178664,0.61479201053196,-0.108629708088124,-0.287412260440905,0.122815781282798,0.402483772542827,0.369018171052793,0.28046325329953,0.29954052997916,0.86145474796685,1.2469537070393,-0.188921048433217,0.856124720872199,0.105887599940369,-0.820217297651786,1.68560191295826,0.391748671010606,-1.17495909532579,-0.119092621977116,-0.179795837838583,-0.40231852062969,-0.637769080593053,-0.103718396553805,-0.709676687269195,0.929301395069906,-0.604798613942096,0.0624654275783659,0.457365553871974,0.276878694912256,-0.0747593540341811,0.982140482558315,0.0482236426387995,1.35767790703014,-0.474210300152128
gene216,-0.243387963302451,0.426579405996906,-0.708829121675043,0.721739611113235,0.111410040165107,-0.855945034967903,-0.89607196632028,-0.59727788907762,-0.840876448733581,-0.0663037779419241,-0.530815560982602,0.439988265337522,-0.695971124498744,0.620316748331548,-0.0006083740567092,0.480300579446059,-0.672555246474338,-1.1924092939866,0.480389834812732,-1.05847365025277,0.550451595066014,-1.41569193597655,0.70778156136977,-0.565198696947565,0.681280604976327,-0.196034713145216,-0.529334145544889,1.18467255592734,-1.14485927737911,0.516504269843915,0.0558321667923305,-1.1034395894104,1.42135779847091,-0.109768571900691,0.552156551453766,0.860340614592448,-0.252649677992901,0.192209709874092,0.0069424114673732,-0.400802551685038,-0.270414536563912,-0.460623880578303,0.0572638232367851,2.79984933112687,-0.19796783812775,0.558576538993719,1.20662281615318,-0.313632392451234
gene217,-0.232814022764549,-0.003767745419801,-0.57524599014245,-0.413899987563839,-1.20954813869652,-0.615157862479538,0.68763397753425,-0.567487975319691,0.278985315730779,-0.349783545566162,-0.397682293965847,-0.277438531699676,-0.726366749780509,0.342090617220209,-0.367855861534024,0.817980881513172,-0.588072435947881,-0.119462650327797,-0.331026069907689,-0.733767368911479,-0.173236463918924,0.35077937486863,0.847380144700288,-0.174467568762231,0.603601300978426,-0.38042922803861,0.64895029766792,-0.920603387560209,0.553251349023156,-0.91610546141976,0.497849871850865,0.0218748948043344,-0.408325176599849,-0.12841550746457,0.54231819449089,-0.0182104669673055,-1.7467800241868,0.489859303931831,0.182848285902785,0.0433076082412757,-0.579412651244435,0.139377866615431,0.627594156357064,-0.465557516306601,0.219980733885627,-1.29480753251086,0.195343246725317,1.06930890392093
gene218,0.348250097145299,-0.622596520034445,0.674681085185092,0.0689338840272208,0.0951315358777961,1.56841656675091,0.191516885497129,-1.22753164529006,-0.250694266139714,-0.26941078493858,0.12539452245845,-0.337176919737178,-0.241652268847518,-0.487115586937297,-0.544064097683697,-0.516997200633846,0.909444423088238,0.622782942836187,-0.107402760039829,-0.203156523578847,0.30219176699288,-1.08456349004138,-0.460002949949564,0.545211255132519,1.10100255556711,-0.616050774999635,-0.940722187724156,0.555055676824768,-0.795281676897905,-0.772777285614536,0.352098191172576,-0.0954873499446095,-1.16964628456812,0.42450745812592,-0.896738561805861,0.0186450733886239,0.0556414918158959,0.122336962259352,0.669869017749739,-0.122743298583229,0.215310283889784,-0.940865178204316,-0.0023965002242838,0.0637193629770442,0.18725681923562,-0.88576874938669,-0.701051062869492,-0.808544845777894
gene219,0.493336950530431,0.535647869750075,-0.0003491672074167,-0.488431761578273,-1.53675858138996,0.455677924025689,-0.106604422201072,-0.235529476035481,-0.0906945894738266,-0.129102772338848,0.184279557165377,-0.241682792322637,0.971965957815985,-0.626690202434734,-0.778402370242829,0.734587017044536,0.156432238550481,-1.41874158983467,-1.06010274615099,-0.264760532890255,0.109934739458136,-0.885529925572101,-0.918818542912973,-0.0172417709568796,1.51087947621024,0.267764944481903,-0.801938818287005,0.393410982710895,-0.97556038300111,1.54483010784274,-0.0230359215966193,-0.639879657299726,-0.0866696020067013,1.09306217899112,0.593504320390526,1.08291976046238,0.150147156322883,0.303772038397462,1.06507263248572,0.119417434812,-0.725968282682756,0.122080333920434,-0.438187702926994,0.466457889506621,0.04886678789696,-0.100639032641414,0.50908128098529,-0.144727567661905
gene220,0.964842476186885,-0.709941765939384,-0.38245178091499,-0.651038347277761,0.571000695895171,-0.755345170972228,-1.23190242299883,-1.78776431562165,0.387232933438876,-0.374559803946792,0.50387920820579,-0.0912925855060911,0.0205429909712053,1.20621711562248,0.489952230250496,0.41966094327067,0.0217812749729427,1.97358906231179,1.37011183963276,0.583922047157979,-0.472658718850923,1.12509008688984,1.04394415471778,1.16530347920973,1.11136482997799,-0.0335422304786196,0.163144273995231,1.37690185024512,0.797613540422631,1.44103532775642,0.562325066763101,-1.90129361411554,-0.578497645453496,0.219326659855291,0.250287592223506,-0.184387541693043,1.50283701159238,-0.741434230193896,-0.938495692323868,-2.29291965767757,0.0440676169797733,-1.07775860149477,0.385693055159958,-0.785590634078883,0.84963265493455,-0.290378614065874,-0.791119063771246,-0.726109144198551
gene221,0.812019562212644,-0.248355988948188,-1.4100259963019,0.456533303062926,0.296635860416574,1.77078204151594,0.0733406379529092,0.58757128502496,-0.685608088818992,-0.573270766923686,0.885326523631758,1.4089619113135,1.10939989286652,-0.606500494949879,0.779785715620689,0.562018342003233,-0.552050930638286,-0.140475521825192,0.115040278463811,-0.0330286879097259,-1.12037860673091,-0.8944676459526,0.0450634902320624,-0.60170131598661,0.0145376716246848,1.14476751200598,-0.863187218239358,0.264857299627975,-0.21460415774147,-0.460666399787625,0.323121934335428,-0.399955843732478,-1.07229796094597,-1.31289107759174,-0.0031956039316475,1.15055906511757,-0.602375216194721,-1.33967762579818,-0.237397807977269,0.0656750076936803,0.579170817158473,-1.27320222313832,-0.413972152092098,0.501906648516006,-0.969070848300798,0.0674214073176834,-0.348088209969118,-0.773556055465493
gene222,0.213389487439486,-0.576346330704666,0.622275193072463,-0.413319628722525,-1.35325120964305,0.636386032318902,0.718231407807396,0.769000135641421,-0.990407195935019,1.068634892281,0.438196554604425,-1.24952426195618,-0.431128547650876,0.493223647865585,-1.22544047460788,1.00555619046444,0.76407908815736,-1.30109111144789,0.337257733684244,-0.0934418312688886,-0.259911685035207,0.318503995393864,0.228530671437238,0.601486528821801,0.0676767022502806,-1.18761376054315,-0.793195903093814,1.12327151410253,-0.0631263117975428,-1.65623854087117,0.60333204091318,0.135496698761298,-0.0385259756606682,-0.977415313265194,0.268449991728513,0.400478190540985,1.12479614215127,-0.0764616380914397,-1.33341482988738,0.802320507303274,-0.0833269603228891,0.728995209230453,0.349261647689189,0.806891885920902,-0.759395329706328,0.0051194721543917,1.71222289759273,0.0715606419198535
gene223,1.47342236696827,0.285508020576607,-1.2377978328881,-2.26174521224651,-0.613369227806923,-0.69186087395814,-1.26781438273993,-0.124822887157804,0.745451821038184,0.504543708206578,-1.22245997375816,0.650959935466818,-0.115268165096793,1.10772051883645,-0.742714319231831,-0.615779244056266,0.143971863246316,-0.649152795133698,1.32331334332016,0.366286371053752,0.365803343756412,1.20833721230792,0.109028851966292,0.0878064598035043,-0.311056909545959,0.623255612956053,0.312492288093796,-0.0016373480408967,-0.13662667954093,-0.380781574316421,-1.39895891740133,-0.774851038278805,0.0158103916371891,1.07613032027291,0.680837528286277,-0.906600464747936,-0.735826251184512,-0.978311990862476,0.169431642045452,0.0943278407497103,0.0645356764584832,1.44366879012891,-0.105604840788457,-0.99564300187764,-0.123151006125793,0.984627169306819,-1.14320858789162,0.719955951541557
gene224,0.171135687247474,-1.03245444206358,-0.218268105110677,0.114706406213227,0.112530360388138,-0.404070674042328,1.64143886632213,0.359954884992065,0.937319052043092,-0.594909142856195,-0.701460977514458,-1.33212498009094,0.370189166179178,-0.78155432795336,1.11965252133858,-0.0934531104805783,-0.951052632622602,0.475609171711929,0.706916834591922,1.33097774788415,-0.0332852233274376,-0.0075665320379419,0.476170822973571,1.3560555946196,0.75576422951979,0.100135098648081,0.487035188374136,-0.67470875308431,-0.296463963562092,-0.0707413912738944,-0.892697336288918,-0.375611977062669,0.876998842892016,-1.51791717827454,0.800172200921856,-1.24464941412887,0.669999278577743,-1.04620206410478,-0.96613735439239,-0.158028424094858,-0.408973168557671,-1.93000121717543,-0.556808807293827,0.819972178165973,0.616956966192185,-0.57971334370086,-1.83274023798824,0.450231779751384
gene225,0.159376663027423,1.85303950474102,0.512337694578106,0.940612497390329,0.356946806436614,-1.27180030871345,0.403008638512447,-0.0259967454633983,0.998023054357701,0.14011034367797,0.538543172141587,-0.782811242402083,0.222043352568113,0.562179286921127,0.428671774713415,-0.77435599299353,-0.208415486496553,-0.65974535749217,0.679656732042286,-0.653984869936241,-0.552492845463794,0.261896913948566,-0.0471431019044211,0.702532219455966,-0.475668763605391,0.718538671259367,-0.853139856292455,1.1761487493835,0.343510822201627,-0.296581685655262,1.01174338035915,-1.1696370419171,0.753170444837053,0.940578098882998,0.408041634303791,-0.0317178273395398,-0.396157040399565,0.495859719957839,1.38983650209491,0.723973598570964,0.318324876631357,-0.266976910206804,0.629893234789041,-0.661834909464056,-0.0200561535069338,0.208994228353485,0.572410505842528,-0.137597335994423
gene226,-0.131814220998089,0.508613664514071,0.754367263610314,0.783639242514505,0.417168274592609,-0.395642093931722,0.317867619631218,-0.392024380942264,-0.175199287952264,-0.850915791409659,0.525841581846948,0.607919515018561,0.821311880255549,-0.48334002436787,2.05486884284628,-0.148034073463472,-0.619259459981309,0.374876552920032,-0.296113454679338,0.585548088338967,-0.0257365018013463,-0.551270902018651,-0.449252967975187,-0.279217884868676,-0.211416808711272,-0.324005165078214,2.07148612891541,0.132124496690744,0.560654097488864,1.19906142314033,-2.25743676004385,-0.786250466296163,0.0090123518101888,-0.985046229748488,-0.0061945419920206,0.778594024500254,0.132639230715607,-0.742561362986415,0.366758401301303,-0.131357235624058,-0.141223669918025,1.39178239664181,1.5076828026768,-0.514445344656867,-1.87048696170307,-1.42583167420316,1.30288663002749,0.649266333649548
gene227,1.55961127198675,-0.35062751394785,-1.17499439618603,0.629135698251281,-0.0633837906759559,0.660644691221406,2.39498422395985,-1.3305386064516,0.0294685055934448,0.193373517065684,-0.168579805275328,-0.306344714288913,-0.429604016821089,-0.20260839754584,0.174931004827084,0.654859461407032,0.374839792470272,1.22823196542512,-1.14728787588705,0.5432951378821,0.322495328325079,1.02063670193927,-0.247866917933419,-0.0392276536199784,-1.95677329167776,-1.78786044427921,-0.634717019918849,-0.48383971045038,0.392883596702097,-1.11936667559887,0.506687607052126,0.619602758381874,1.07168912890128,1.56037984773054,1.33321143773383,-0.442345086890567,-0.443355112711587,-1.04123856986263,-0.820550622494757,-0.126704671499861,2.33766554820158,-0.527427850854389,-0.275551743861917,0.0788587017716265,-0.401010287011174,-1.59466578753329,0.950050768672504,0.149123219179704
gene228,-0.755034184236309,-0.0169314015926491,1.04184004360073,-0.0582332396029655,-1.31002938854888,-0.0259433576504685,0.461331443086602,0.197893977061184,0.930353065866522,1.63512042523753,1.41139959155561,-0.662713585582671,-0.465143875792683,-0.611669904882101,-2.06294956262333,-0.199329632778175,0.116983836436778,0.985821569918579,-0.897030427214149,-0.702655348142101,1.60112660525958,-0.338109288793761,-1.73029986107003,-0.0526615841868105,-1.08588192155876,-0.549726068245687,-1.70719893750379,-0.156724803290688,-0.182271898541993,-0.218921325967828,-1.51410199726236,-0.481162145731341,0.0491534341045117,-0.30488750064507,-0.909880496268484,-0.0255308701742683,-0.778999977249408,-0.151116366174327,0.21817530178989,-0.347527485505877,0.203381903381235,-0.203301103747867,-0.448169315149481,-0.858645387594563,-0.155932119071434,-0.176953022126763,-1.88598672411405,1.0143242110287
gene229,-1.72455819871696,0.0616351101356675,0.357208064110578,-1.11187496385751,0.0980146361971945,0.140515887268692,1.12999928883137,0.523784667823323,0.604790589031288,0.667104051192314,0.370358839949387,-0.754016912071899,1.98541220821798,0.0821636981535719,0.661995118391461,-1.17568155998879,-0.799097469860895,1.12377555748375,0.408372148954047,0.433739381493835,0.0611647629774897,-0.843850288798555,-2.47480346201653,-0.332381917287916,-0.106420490884883,-0.572876077739088,0.546322052055298,0.241667465092628,-0.378355497312137,-0.589626256456745,0.48902472494238,0.105201909175331,1.0402752300671,0.992504967080045,-0.756361228080507,0.0243151174083218,1.50935818370376,-0.847604063846917,-1.14361405579145,-0.202990364823286,0.804522570033204,0.136846116730182,0.246800668797143,-1.29586785132141,0.853719208856185,0.887270619853933,-0.0971806719724853,-0.496861097672463
gene230,-0.978636935708449,-0.29731320427997,-0.6857168097973,0.074361193738266,0.42775324827713,0.309690828008431,0.182538388502155,0.754043631157569,0.694892206350725,-0.221160529345061,-0.796578252863129,0.590370789485028,-0.695391205994306,0.558165108637977,-0.0013340509323729,0.199819803367692,1.37959777803801,-0.281748406656935,0.0355111362439006,-0.434442250154432,-0.0898006703027365,0.607751655793311,-0.905186218704175,0.306173833676596,-0.206910945478081,0.363131284276065,0.134671500533131,-0.0353597839414907,-1.21527388783506,-0.858219881442341,-0.367610019900545,1.15881872250078,-0.167961914104932,0.249808072265647,0.386588884963345,-0.73064657890231,0.216655105330416,0.256989288938149,0.438721986797302,-1.20256061830798,-0.373930042258061,0.830709356621834,0.179207613031336,-0.205459791923338,-0.994579081948196,1.22362543998935,-0.0240368494906609,-0.517738201474127
gene231,0.381824382371566,-0.478366704355716,-0.0136420270317413,0.482741454134452,-0.556994686838767,0.380962129267962,1.50216925247602,2.07271082763919,-0.217359048881635,-0.200993009534638,-0.514645655629235,-2.37606888306366,2.18774030842966,1.74194109946995,0.357989441321833,-0.478945403691412,-0.124120583549095,-0.686205473621287,-0.699184202828303,-0.0242275983476428,0.0775744203891927,-0.0530404833801898,0.0546354694524878,0.532154828725752,2.0025231269423,0.951463620241981,0.336219697759246,0.0134722492520206,0.297830207052558,0.108349409901402,-0.597942201992229,0.845928766131393,-0.74423941471504,0.871788596073505,-0.331905591271831,0.402867489697379,0.928170780997866,0.2871815955224,-1.34777506084937,-0.964916349415831,-0.12107454403537,0.312164744698767,-1.37282612433764,-0.662237615586526,0.879221022077729,0.169012958646499,0.0650494955055563,-0.505675138210432
gene232,-0.545199450947179,0.453209402523455,0.723258276972532,-0.74146680849294,0.0043125319787093,-0.171603528071316,0.246200567532977,0.347334975773544,-0.709960918540632,-1.01500767059173,0.287006463864782,0.824756250667443,0.427437675060574,0.398753043700424,0.409371617796895,0.0964495649828922,0.293212363528872,-0.4704704674885,0.0264467240760139,-0.743147707111727,0.0629369386912055,-0.882197132289366,0.96777767011105,0.723403664478088,0.930591870413536,-0.0436064399481165,0.136928438114355,-0.25545451290273,0.245499928432417,0.173675953600725,-1.03452327774694,0.419237581084214,1.15334009749789,1.02727802482242,0.11333475926675,-0.257399834764984,0.0299462102134543,-0.0497664283768187,0.721209096009339,-0.354480952450177,-0.186464895668096,-0.704715444819206,0.0680748838443591,0.301887324464474,-0.215162593665908,0.0211962238432056,1.2220328585791,-0.195733155020074
gene233,0.159877838363458,0.772669995211611,1.06589670961228,0.358855725590839,0.151711045557001,-0.659093768491701,-1.1448489062209,0.885457998192561,-0.78867993398722,-1.43369267930922,0.0802241912694041,-1.29825291403099,-0.135003795917474,1.49206017151467,0.287466933552113,-0.185402689675621,-0.774522626053849,0.483824926218594,-0.623979588230492,0.471059061015412,-0.676105183211083,0.58490854998368,0.64151603162715,-1.03673698139058,1.86585964042106,-0.293824146556069,0.319522194730625,0.0910859879690339,-1.25444539284925,-0.584926353614205,-0.411339110766092,-1.19473056152874,1.13697814293839,0.0122935224552658,-0.104555753685899,0.541966864951651,0.0343680090697489,0.3193676083229,0.0116494179620723,-0.10361946461343,0.247141907501248,1.79251968671401,0.191624152006959,0.136825256330327,1.27406308501113,-0.125394190797352,0.506688497173595,0.589136548891259
gene234,-0.663781232235588,-0.793782777595005,-1.18326034005141,-0.322576465279441,0.208581204516427,-0.556245354526801,-0.554291225876555,0.328910157512104,0.660442275551679,-0.178606275240418,0.656338027609684,-0.539568898801652,-0.747601215346667,-1.59677166085896,0.379363032737734,-1.95857589323486,2.54175972946736,0.3268212711006,1.29212050958148,0.102708486984967,-0.0538581705867929,-0.929874765340986,0.145299592985501,-0.244615806531896,0.0962759162437439,2.90101751700923,0.572212520650621,-0.0295275905815246,0.783733598140267,0.41699443684182,2.10752311057554,-0.993515872421761,-0.890157749718523,0.103704460864316,0.234230439451153,-0.462393115536918,0.970672308501009,-1.51439114102797,-0.185189873042276,0.648031707157889,0.618212808636117,0.334444231566616,-0.0792420853281138,-1.63172355407408,-0.59359894093364,1.04615449878891,-0.0543575883553111,-0.207005998178169
gene235,0.0102775042963986,2.02189871942653,-0.682534451818398,-0.0530389973695754,-0.546055300222584,-0.0498206795882454,-0.418726358754604,-0.594394098452566,-0.431746376944868,0.204194109490163,0.1921337694976,-1.26373993747975,-0.207243614593927,-0.807925955412672,0.336001361015063,-0.0300272299438589,0.69125609340345,0.9467675056486,-0.576852775604628,-0.520137395057737,0.207307898148603,-0.0766810467541541,-0.432871612876828,0.0331758716674751,0.407933459117716,-0.31322130664964,-0.0699563751592199,-1.17557786306607,-0.473463702936432,-0.756620438274042,-1.09287665962253,-0.291336558345869,-0.991583330043734,0.330268357379974,-0.496221246750788,0.951834483852196,0.643976707514055,-0.197404765392299,0.214504858402826,0.346234984936166,0.202102388416719,-0.668390938127498,-0.553393495439911,0.278269920597743,0.934573171841364,-1.07014941458263,0.934922384798117,-0.320162454070831
gene236,-0.94599184646325,0.543649689776105,-0.588043108813381,0.508824941832882,0.379077259222852,-0.276163455831767,-0.0059025581976866,1.18147550604749,-0.831904867967682,-1.19677310413367,-0.276479133129083,0.113723845813895,0.0385754014930312,-0.0482591472953091,-0.84799481764226,0.494350401658983,0.341865103800362,-0.854275348217549,1.63596187608364,0.90641647229761,-0.138409817271421,1.06345086122353,1.81442888962546,0.107553609393156,-1.35963986155055,0.311617573238246,-0.491761639124327,-1.35717560366007,-0.4959230435267,0.0200627593844503,-0.851943427606747,-0.296721782584485,0.845601430344509,0.250229728988986,0.374167054101192,0.941492035107178,-0.566808355100958,1.56144835554716,0.0441441475234602,-1.86719420443777,-0.333818254505538,0.787863659160206,1.01343301269355,-0.813441084248894,0.0021681060755143,-0.36747846726212,0.0488740923498588,0.232820499702403
gene237,0.0535858960084585,1.32361709128318,-0.174899525408942,-1.21426044843652,-0.737762167912571,0.279619285150783,0.155634749244747,-0.185638569660945,0.97457054017355,0.116492059943901,0.730304275112641,1.05243598847027,0.165917431594699,-0.705920347654341,-0.170233928694157,-0.102121397582973,0.650404934561843,1.14959375714048,-0.295068526868747,-0.389972468952024,0.278030031793487,-1.57674951765048,0.715956801463955,-0.330936730327078,-0.607415506130446,-0.271419740449958,-0.360210398137985,-0.473495128069462,-0.365076686002168,-1.11919044953398,-0.992540241233129,2.12350263756625,-0.0651301522200337,0.478803295246982,0.399573586665616,0.234149328323766,-1.08131946596328,-0.0335158065785262,-1.31086993376768,-0.637152169335036,-0.594702525322507,0.786785810513522,0.015358667108156,0.235593904872014,-0.218460393070877,0.548216249886881,1.62805622758175,0.33384148137003
gene238,-0.565955479466904,-0.173169260989666,0.413564339538914,0.0940897710199913,-0.0434280315649484,0.072091214413423,0.684033728538142,0.612496868858612,-0.341735673166168,-0.0250343720601678,-0.359268360966795,-0.398767682044991,-0.666861923210825,-0.403079601512534,-0.638429220683287,-0.269673123237311,2.43858447912355,-0.931613389318615,-1.49939330973972,-0.122017604867909,-0.347768293736223,-0.0297056937773002,-0.514916274591791,-0.463259500557877,-0.400698856212206,-0.266366956882361,0.736062235458571,0.186397435002424,-0.0056649598154407,-0.317992542332104,-1.04324318050006,-1.84868377837118,0.157628096790509,-0.336371477120583,-0.271463855774048,-1.23189924840289,-1.38876138726363,0.305838092395415,-0.479034866130507,0.106254196983976,-0.14712874392172,-0.0038451988488499,-0.533024759716136,-1.18443107116056,0.363210938421065,-0.295277290041603,-0.0117064138584655,0.414870958723357
gene239,-0.278288322689658,0.109560263635945,0.179452369222023,0.402604004081416,-0.208406593850575,-0.278202347026976,-0.86774414221043,-0.815212697455106,-1.22307504585883,-0.283978472839482,-0.77821149546845,-0.413078317536134,-0.399506207709002,0.314897260191452,0.118037036025574,0.518905853541298,1.14619128393055,0.0091884848450391,1.24620454009212,0.528387970228642,1.03905947457694,1.05607277714025,-0.634777210553853,0.4990018118565,-0.0281411004751436,-0.294737501693076,0.337534226586325,0.733019288276431,-0.0508615706567867,0.56806673113562,-0.245994537843746,0.0466526168440807,1.74124622099424,0.248869136751295,0.171661389802497,-0.154090999837283,-0.463938641953162,0.180338847388512,0.442884789405481,0.311676739570699,-0.217810055067679,-1.37540259202112,-0.392084128898252,0.474723379714206,-0.472828261124918,0.174538004705666,-0.779166895364918,-0.149472155189518
gene240,0.255107190378397,1.83418649375994,0.0405644430631228,-0.161296888329673,0.533353955459842,-0.490631463190125,-0.925339539753339,-0.920886383200699,-0.572733760868429,0.289051147408897,1.13582476110777,-0.0235344493167487,-1.13559850289368,-0.686909828564407,-0.143152713493209,-0.135678108911084,0.518245248948935,-0.446112695073952,0.406447717397916,0.204786286611569,1.11952630975582,-0.252552410573937,0.0604130110753327,-1.28765962248145,0.2622150398573,1.36765833415992,-0.0428966532822261,-1.18179885451622,-1.34153679968368,-0.455241647482391,0.119453054124635,-1.04095763754772,0.555139890670076,0.575290719357087,-0.465730915222484,0.256223337241008,2.52017367868587,-0.818172850965796,0.0844739957970041,-0.368388607843641,-0.0297974012401688,0.137830486767688,-0.4747059614861,-0.192953533073117,1.03564137068825,0.252875205588741,-0.872815983158213,0.187355173035967
gene241,-0.901734240625521,-0.251486352390882,0.575676876467851,0.2706171236101,0.625899980267813,1.13073702304865,0.0562178253412235,-1.54251433391844,-0.0108251970066292,1.39847652977383,-0.445642578595949,0.0194746155466712,-0.803727746411367,1.10875063993377,-0.455728876113311,-0.645659068908388,0.923179811520424,0.104928198836594,0.451997684775961,-0.307533342618363,0.0555177315595784,0.176168038163492,-0.16233652462409,0.829488953156071,0.481316268432521,-0.748431538818214,-0.995529291805031,0.331474225091048,0.0861587677294747,0.903126187996342,-0.0969245799318551,0.754721538068734,0.0921452854876977,-0.541520287628705,0.112274434062805,-0.645397917021332,-0.0741436359066375,-1.01029971627965,-0.802981027119178,0.170048791400357,-0.369820690197384,0.609715044020111,-0.634442974770704,1.14315802788136,0.326746498717125,-0.290846072312428,0.416757261756876,0.914628282398264
gene242,0.202848991074997,0.551100647664149,0.463471959739267,-0.0015039287369591,0.158056358744884,0.600881676093595,0.861361299798799,-0.163410288581345,0.855552193357692,-0.024914676172183,-0.397716007484703,-0.33223248926842,-1.3346231914188,-0.96559618227783,1.03443920317034,0.811882620540528,0.147161394324435,0.106695648812484,-0.794020767894921,0.181180118258598,-0.622485576071016,0.106745847482532,-0.624013384927162,0.0434344848526086,-0.664851130115256,-0.230488380708683,-0.165312888920162,0.673914495596621,0.735292390717323,0.297277522261909,0.428619034683711,-0.0784105575668124,1.19905378442023,-0.72874500247202,0.914068909959826,0.321589064176073,-0.0479358534130938,-0.120604842928706,0.365709910106285,0.553554158808439,0.841267130711172,0.534718931655818,-0.292784875515683,-0.791936391957836,-1.15617574880792,0.965230616259781,0.0111638665689955,0.723529731110433
gene243,0.587304848466528,-0.419354965521325,-0.121033037415469,-0.0703379311272339,0.701220910465088,-0.116058413271864,-1.47925257180493,0.938500558243757,-0.555760310015805,-0.388137060485042,-0.577126985562472,1.35773181816861,-0.507384279336311,0.0491290325565793,1.84100960691094,-0.95086980275294,0.56777173846317,-0.535080090043804,1.51693388141503,-1.32792452214888,-0.144524482821393,-0.0181237830618439,-0.0407645794048946,0.124443725653703,-0.323998964726349,-0.943907839773243,-0.694332282644108,-0.801933574533528,-0.0522662465651934,0.812446464778805,-1.33029375958789,-0.57022697126794,-0.465852069838913,0.548114550280743,-0.520577301180296,-0.283364558057294,0.0961742798817005,0.450644032952149,0.379835640332945,-0.860944171043206,0.278220341463585,0.271069866263511,-0.221207962139875,-0.0238254044273242,-1.37626955486115,-0.160232689336061,-0.899290863493121,-0.217852277106737
gene244,0.872920376193229,-0.669055558969347,0.223886948998584,-0.564675904642613,1.27512277964735,-0.0452237468732694,-0.800898814277766,-1.97383440729797,0.644960268252383,-0.729786439114942,-0.758757785038404,0.147016300549317,0.310904797284282,0.470672887373536,-0.446670224980634,0.141666447936484,-0.294514132534674,-0.184072628439586,-0.563671742763178,-0.411569448878911,-0.339906088329381,0.0646914660595135,-0.542664114604251,0.74762542933005,-1.77466170608218,0.248051089015821,0.423619211840802,-0.381173327203869,-2.23402204655722,0.351803526035949,0.998995356391804,-0.129684665682069,0.952181460281924,1.10109096910411,-0.506065309001457,0.0336868770216812,0.388044746733568,-1.28564922612331,-0.409555915405626,0.160048595816885,-1.8174267408836,-0.0794467603457859,0.76505228867235,0.0809111729110753,0.510607666778119,0.109328022994747,0.137254982176911,-0.302658709121468
gene245,-0.622660516880398,-0.856345794086956,0.14512389322344,0.570350762470029,1.35863498869519,-0.319451649750218,0.409042693637026,0.519777233857223,0.496565134434195,-1.46708197838437,0.701080690729959,-1.26682703401096,-1.13124526376743,-0.17436614159411,-0.145535320423564,-1.5665881047406,0.382586036482791,0.284103608229907,-0.257638384744045,0.0618844366190891,1.25170232261664,-0.605336540440238,-1.0055244225135,0.220136748629779,0.740811090267795,1.44777550487396,0.690344105840066,0.207771781369332,1.82401524552956,-0.160353636673134,-1.58922022221495,-0.0257164774596642,-0.894330325887514,-0.415739157413145,0.165234349564685,1.15800284878103,0.17730539434669,1.09465829334247,-0.423865743158971,-0.244179847763242,-0.748040172838634,0.262286373004903,0.0518286903570743,1.09815878473921,0.649107806862787,0.448596621522846,-0.105819341594065,0.436910353304082
gene246,-0.428211023363671,-1.89407745955379,1.48822508285152,0.267057331100028,0.662449108060317,-0.473775773358995,-0.478711787609658,0.611549965142587,0.0748979013853009,0.283724394532542,1.02759046803972,-0.576283088112388,-1.59193059968671,1.11833458119746,0.134992210420262,0.290465485122082,-0.261572666826903,0.327898844362716,0.674045057230112,-0.372916104606151,-0.1403404287543,0.586784944359163,-0.349285558196114,-0.651006409382129,0.0363951840258942,1.2644765828244,-0.421158236820168,-0.79588388445214,-0.266789612077446,-1.2593252587181,0.338703909060783,0.548419425953638,-0.119629772676579,1.51153004791745,-1.82712862383004,-1.03903827420358,0.868426016963308,0.153910596754391,0.223280082932074,1.2599681677237,0.201057656412667,-1.212838939603,0.037883288754153,-0.665974734565433,-0.180516772850613,-0.366358905129087,0.808075295857344,-0.829395563541581
gene247,0.998517307938734,0.68151669021448,-0.517699183882968,0.622535146365804,-1.19339542011819,-0.166422448097933,0.699041659223387,0.322504250022113,0.894620867812788,0.117892889250883,-0.0699185344211253,-0.912419782795739,0.454481591244273,-0.116835980013165,0.858154558148347,-1.36188860694896,0.468766656862857,-0.0114952121817463,-0.541110137970244,-0.570479109623504,1.08041234345279,0.601641784672169,-2.09310165054974,0.82098064707178,-0.189697262014625,-0.195858115505661,0.15009253583321,-0.174352833498872,0.563483725564268,-0.993613339816291,0.74727244990669,0.411280324340002,0.644982748422692,1.80698653849805,0.753270065157323,-0.474727167782583,-0.191110291020436,0.0726027943540451,-0.905551889277381,0.200176251738912,0.63553672921504,0.26238503422219,-0.0171354224964022,0.288022093779951,-1.02954594094605,0.232584017855792,-0.772971497514467,-0.995654438268339
gene248,-0.344120916100754,0.200147685062385,0.477783307346954,-0.0372516044086341,0.883039134140591,0.562597296252405,-1.45407465473172,-0.404719792185358,0.239673621682127,0.415378537243202,-2.24440394105013,0.615540421686791,0.496027824562925,0.876766979187199,-0.812011146653299,0.299068815844729,0.283395186625785,-0.218273424490653,-0.4017896233557,-0.847941987014422,0.567767033719766,-0.442117552440753,-0.20871514336947,-0.617543458168669,-0.322004989723637,0.37185836791378,-0.0323306926242998,-0.129399764358251,-0.0493505148261844,1.10735315753549,0.569900183382794,-0.0634888522087489,-0.875094945135657,-0.926628888622315,-1.01662364872961,-0.309646295884909,0.420821958672516,-0.516566303563102,-0.0124991015347813,-0.36832376443667,-1.05981291066831,-0.257231420174276,2.3386429599706,-0.143754054322438,-1.50114310290364,-0.442450250861982,-1.25207794162718,-1.01756546852941
gene249,0.920636003712513,-0.0852395505704819,-1.26738923872332,0.783128228695315,-0.379251275548942,0.406706583112734,0.911428527144676,-0.759897135263639,0.138508729980758,0.0736860577417431,-0.502672138824312,1.09060961572487,-0.594011208596791,-0.225109568123873,0.225997618142186,0.0440335885603833,0.562746469157342,-0.0872636337228951,0.437493924422073,0.286890503960124,0.548615575936275,-0.336230615209659,1.2663050133663,0.477394309710526,-1.10428876937584,0.382217475936328,-1.33554200080714,-0.92953513169226,0.661063734385589,-0.501683038526517,-0.022545305454985,-0.524020137095816,-0.926753239611326,-1.05127255093096,0.632534036583101,-0.187236587841694,0.303645659561095,0.170350040112429,0.302879811997704,0.656423479410935,0.687290923705422,0.408494716124454,-0.693389792912085,0.334165040074153,0.991830012466981,1.37695421785685,-0.100157975727511,1.63424631964447
gene250,1.03272720759647,0.506628074082376,0.423720825756719,-0.0466886577715654,0.177999966506667,0.579902953868064,0.210479390300964,0.454206764411336,-0.542380291552083,-0.361557735276166,1.41495060909123,-0.208195228946551,-1.11070246906947,0.470086922341657,-0.734594852632487,0.645647017847852,-0.179738523250063,-0.931081057995776,0.8600774258972,-0.812685802501115,0.208561948656033,1.26404593501282,0.631119891586745,0.35673538220237,0.0200519208919294,-0.382039906739259,0.193741548196427,0.80607984252927,0.0893256945628795,-0.559253525567328,1.69948760188421,-0.566581718181296,0.955351671156292,-0.234777100027077,-0.495253084944874,0.214217878566543,1.00805944880435,0.136376691990716,0.197506480201213,-0.349722212800104,0.469415280444924,1.96830287709036,-0.242283220019898,0.61498588455192,-0.324224634501828,-0.245632139538593,0.551981212859871,-0.0752734577611397
gene251,-0.931171004220895,0.259789015303768,-0.240575625530388,-0.430938589913564,-0.0965997202091949,0.65309950115253,-1.07602763166186,-0.850639062432397,-0.25794478578409,-0.672468296939673,-0.962671907767154,-0.95661951528742,0.986894615177955,0.525635549627819,-0.0267937318325533,0.42365006533622,-0.0579679590124988,0.226091749495512,-1.07229704710932,1.50140732518525,0.273027691645369,-0.382472325859759,-0.411221266590447,-0.588869379373234,-1.11918248111888,0.446727121886607,0.135078618681881,-0.110529572023581,-0.86817759346156,0.821235921824288,-0.232752155640896,-0.444761647242861,1.32407627602809,0.700317650941981,-0.51239125413855,-0.517141766320362,-0.138853521074875,0.39496042039841,-1.10312841895706,0.79900883993869,0.459607225220994,0.225261687000392,-1.82037153421708,-0.639483000345413,-0.634571302117681,0.0726966191567074,0.0873971774467468,0.276986862151672
gene252,0.339894873253723,0.76682915056571,0.531885562165516,-0.802059120418788,0.278494878227847,0.477878152658062,0.791845204861063,1.43412260650954,-0.217641919743205,-0.071758085986539,-1.56860307992816,0.497387150191123,1.32442812774146,1.05038218743956,-0.345864063254072,1.04856021054297,0.0701686338746468,0.414513564373867,0.578717004526753,0.633061900321304,-0.16992524554442,-0.264035022369891,-1.19293924275272,0.425403112142395,0.69780394526389,-0.644759206531735,1.62141177099516,0.520332018119202,0.281236328384648,-0.405753521301535,0.421811002574161,0.379558020822397,-0.862124785817371,0.0109816601242521,-0.383028244414489,1.57165674301866,-0.722128080867561,0.387000928593396,0.294736464458685,0.283179097113279,1.13219510355912,0.369365156390481,1.69474662710089,0.629946200068214,0.420183063611946,-0.796379124280838,0.858695529237421,0.34499060726414
gene253,-0.328213356234868,0.50607089097137,0.104097753076799,0.339778052979185,0.413500436137395,1.20473453100391,1.27065428209075,-0.760923241527553,-0.518997255807891,0.0238278896522164,0.290068083506508,-0.222452716572456,1.19112758161761,0.0767888137752805,0.7552625058167,0.397986323239773,-0.962999945757942,0.553680446840751,0.0540970255972738,0.282719392741514,-0.870835693582528,-0.744484347567446,0.050986476201788,0.0670703184334596,2.04006283770836,1.53632058855189,0.0330345531073391,0.294797542771185,0.186894019348418,1.15934635942996,-1.20818737113239,-0.141003486594479,0.670770085350336,-0.535681390400293,-0.683613031997442,1.02396192271537,-0.817875597332794,0.197220506472525,-0.14573126308444,-1.52696054067023,-0.217319786061303,-0.273707139304124,-1.13034739872269,0.326418997242511,0.296324604986318,-0.932017697048347,0.277904437138411,1.09095811912517
gene254,1.13230131709596,-0.742861122520266,-0.193759401866446,0.482787241502433,-0.862717148247021,-0.84715474210841,1.02792941847725,-0.278495660773516,0.354248993888007,0.185660147960389,0.966754656193287,-0.0499933398952983,0.209492775176144,-0.585464886596708,0.153440292110357,-0.0469079287788762,0.458975138624633,-0.317729428526748,-1.13883700017304,-0.193061404137557,-0.152632361303954,0.254095160035806,-0.410471172170256,-0.96690498011712,-0.0168554036123444,0.205339688667467,-1.18064684121144,-0.956305234621832,-0.550570797816524,-0.0812283117192947,-0.527904568664277,-0.194654539628078,-0.0954003629649074,-0.512526789793998,0.416111375337851,0.111752381947949,0.102760190359489,0.283045550362964,1.15410429091722,0.810788190120976,-0.810505568234444,0.404372272167434,-0.456074632923598,-0.355310832293983,1.1691316794615,0.547085676743341,0.234914713002061,-0.086381668538374
gene255,0.628235501863117,-0.0701896652535027,1.27699490652817,0.352620493431645,0.185620613713744,1.43234530420221,0.542731731079171,-0.542978061617658,-0.983295854489741,0.539178082344549,0.657523641435838,0.482861092254955,-0.445888703433317,0.0337991276214233,0.0756888263449185,0.813808152890006,0.692687029763268,0.337092833189641,0.849866846777712,-0.442633324094135,0.152756748754576,-0.521253868565093,-0.237242809207517,-0.387012816279992,-1.64447840840779,0.729061636467633,0.0639578573242947,-0.878955853554333,0.442130259443014,0.931970217078871,0.463964230243348,0.314353284387393,-0.271357269165339,-0.252552493130413,0.432832600738971,-0.732437677253961,-0.177123886225298,-0.277612207259717,0.39510510921639,0.421752424162846,-0.854698085344173,0.857588266742279,0.0058633431634627,-0.223610297266062,-0.303506899437792,0.226597136721719,-0.348338556293373,0.901227959457534
gene256,0.153225922447504,0.0370032836407578,-2.0125623066417,-0.462744673119863,0.42265754375061,0.318928847996592,-0.608188667642608,1.13063593921241,1.31231721432609,-0.845130215965776,-1.02326372474412,0.905617380452794,-1.20895924268495,-0.101747665807571,0.0586560486374673,-0.234227530424295,1.47806352296809,0.803612327982928,-1.52170605036457,0.299183974225173,-0.102777942926443,-1.15616471178212,-0.285438182734443,0.128066113924995,-0.454990688135453,-0.705398852316415,-0.378834989875384,-0.576105381271047,0.526707763402181,-0.139040851513654,-0.709364664297295,0.794154655982364,0.657040255624157,0.204628892581553,0.153443560469465,-0.512526361778316,-0.941067881310566,-1.58245216573528,0.571434191261753,0.0924559233724508,-0.549491317715381,1.10652208459769,1.81064439109118,0.301229707741632,1.53849970321988,0.326970069618226,-0.466093501543073,-2.01612458363987
gene257,0.305971195788453,0.407768531481694,-0.465115862065514,1.51517983737483,0.390871849571774,0.669482590607755,-0.0773743467150496,-0.264252950239828,0.742551505817333,-0.157090852081069,-2.18462680032314,-0.314242528135884,0.0365351944398886,-1.24085611053126,0.136899223998836,0.511855641720576,0.0098630585719786,1.48922563830667,-0.354732731867756,-1.03415632058708,-0.140435633356361,-0.606584273072613,0.555646519791332,0.725553423242711,-0.877974082951716,0.429277067413462,-0.4123465203246,0.586880950387185,0.696351750381343,-0.942429961153164,-0.135515706956912,1.51009914642489,-0.746876502583206,0.648986029800355,0.442452606341734,0.122260382482035,0.505005480113819,0.795564258900883,-0.725293825102153,1.64971276459068,0.207668203052278,0.769318412458927,0.407790229161966,-0.255357109699777,-0.396249762923318,-0.226928552702877,1.31882606120913,-0.464848775521508
gene258,0.924765118773397,-0.220565421488857,0.940011613527123,-0.685944223765337,0.201475911806338,-0.649087378831508,-0.158434280413165,0.48625533152322,0.378558297010324,-0.0773276819682021,-0.504371508156435,-0.295279128838276,0.948673899666545,-0.364834498843736,-0.219864242982893,-0.312099670224481,0.566760186951685,0.90300945667515,0.0289949790648878,-0.0203515158766602,-0.130892084036383,-0.390838196560578,0.620910536811099,0.694048834690264,-0.495721158377009,-0.588541199693628,0.0724411712335803,0.259547424754138,-0.878074609454923,0.576078344264218,-0.0699937093183683,0.52137168945275,-1.21291430786394,1.67804791736025,-0.113739928278372,1.74744241927464,-0.981140525628173,0.427350826396061,-0.32033924672084,-1.43194415542466,0.699270526950926,0.484432454762945,1.15240718166874,0.737768874878292,-0.953978919014562,0.339880482580285,0.444912268781887,-0.863059881796713
gene259,0.940151713073579,-0.24165314348695,-0.38565528624454,-0.910788010843677,-0.0700739098744228,-0.938609255592418,0.736959012524431,0.101341939839107,0.573544113003769,0.364337848682527,-0.865474684641297,-0.590676062635996,0.592580412938328,0.221483787778091,0.577961906066819,0.70576523228972,-1.67009904420199,-0.14437925521602,0.55279093220411,0.440899006655728,-0.102417950797116,-2.13306938520525,-0.379044653322876,0.758298378419579,-1.10479021257948,-0.789494153610576,0.948587094708136,0.94802602952208,0.667295352946543,-1.35177020907219,0.521196605130315,0.489170585924008,-0.690577902293284,-1.1701596888231,-0.332644215977263,1.60559509955417,0.153282055946802,0.735464920987282,0.721896591842304,0.086422603555241,-0.365139534103075,-0.139791878876952,0.397634922162168,0.0892462104039419,0.120863962871819,0.0088011243091789,-0.0235362220011881,-0.465098620949057
gene260,-0.860678280183432,-0.73938914433401,0.812094811300471,-0.780222190139667,0.45261132436014,0.825457126405291,-1.98098922635841,0.738844382742642,-0.836648877926528,-0.167705485075491,-0.378328058949369,0.260602067042122,-1.38273569076349,-0.371544005276807,-1.42866561489578,-0.307974955516285,0.804759112329884,-0.47936032972701,-0.234312860902496,0.369195870671798,-0.35605663095006,0.607338029046928,0.17651205214828,-1.05005852293062,0.152803741624296,-1.3101642017479,-1.88012045507405,0.891128346198025,0.650462455377799,0.984691084877277,-0.70039880225015,0.437322677761568,-0.200928256742747,-0.845858730547186,-0.739091389101988,1.087255620651,-0.271804081403224,-0.396331662371665,0.538490164459409,0.152101330310566,-1.0743719575299,0.405493955182673,-0.117841015834238,-0.186080680921113,0.0946360167696718,-0.70872327637092,1.0051283441209,0.100083052237116
gene261,0.508337878873026,-0.35997516836395,-0.37050955369099,-1.20354158756079,1.83683576940505,-0.48080668518658,0.302708287098847,-0.190758089449437,1.09954277359937,0.60957498125078,-0.0985519063208758,-0.707909029011974,0.0427019577901093,-3.20213718023062e-05,-0.950189992637916,1.76801836896178,-0.545318258814255,-0.214695733849812,-0.327593624795187,0.578078548001921,-0.705677957455088,0.0833146144851236,-0.935202436770952,-0.931640384370743,-0.346492068050273,0.148591802495043,-1.0566678500691,0.264258441994394,0.418258082746864,-0.422567511775757,-1.14673465463912,0.899272968071829,-0.0507410530841755,0.481487678560284,-0.442764852894234,0.319028798658316,0.368703963802979,1.16407393232642,0.376360615375937,-0.588757704600623,-1.40935377253414,0.0714419302931275,-0.128338629962069,-0.910387446625951,0.45112354306658,-0.10485622418033,0.622267798918116,0.89049919944898
gene262,-1.02125170450286,-0.487420477405793,1.55536511428667,-0.651238716903195,0.105922622926419,-0.741940877984619,0.543931473240558,0.601350455310315,1.36044653885348,1.01531082709294,-0.134696501217497,-0.906825609794304,-0.640829263036346,1.05964352964955,0.0793971086772698,0.573795695369788,-1.01261628988791,0.898187303149799,-0.32844741721285,-0.553222857580189,0.247475476435029,-0.837565302503966,-0.701894168079772,-0.946784012495387,0.689797235467326,-0.397516992584448,-0.107406719911754,-0.695977285629088,-0.142759717291824,-0.541319825182273,2.57080238005593,-0.31941792653524,0.620761751014187,-0.379727665804299,1.07094766038643,-0.970812953301074,-0.360301038124959,-0.603473953298868,0.405429089501319,-0.0523050037991668,-0.454513142550403,2.01417114019365,-0.588700931728031,-0.375221718653112,-0.118641520805491,-0.142290739889726,-0.0396177716119218,-0.698352514931464
gene263,-1.4657805921408,0.60229814141979,-1.44152126323044,0.248978098067462,0.258916532294431,-0.596759546050376,-0.446643483597116,1.23244764588902,0.0322336286811033,-0.736866178932064,0.0621810979325693,-0.599595689767562,0.09348326457407,0.0940013677678776,-0.606406005267814,-0.668927451006822,0.407781620251212,0.0533400151571448,-1.0464958907936,0.831821112181184,-0.265583189014023,1.101332117965,0.831591771006526,-0.140927035373274,0.111098028321227,-0.773274928740309,-0.0612783192690688,1.26695164416199,0.640789568628819,0.849143084650713,-0.249776646999243,-0.190686273862241,0.106397334582305,1.25556635630398,1.39749185246809,-0.122407151262535,1.32504422261187,-0.81595611161767,0.771866409266598,-0.0290753267397817,-1.21720345185068,-1.05856013700053,-0.586353694751752,0.11656509490071,-0.774393097623943,0.151828354992739,1.37038023079276,-1.43542229675649
gene264,0.607670521472196,0.815784984357326,1.50101492948878,-1.3405472270806,0.587460823571892,-1.32109437749019,1.18851678154421,-1.37415131705105,-1.33868548095986,-0.909499345215692,-0.0479518173556973,0.3863876953533,-1.14149456808154,0.196804283197717,0.204248046712134,-0.593397834551269,-0.518624809685806,-2.33574060223648,0.673397868004098,-0.589558809757774,-0.578152637790691,-0.889696554357674,-0.0618399826344933,0.234197316737917,-0.521143097679581,0.885264104549027,0.506454343654753,-0.221644751111742,0.265348169609806,0.434724784070292,-0.637459406116008,0.276115568557841,1.44098787762269,-0.787366141730017,-0.890256873083018,-1.12473988398461,-0.653195226430319,-0.670077090342512,-0.462303102196753,0.872419980812363,0.0033791894530114,-0.0946115621142232,-1.19112051552518,-0.0325666544494564,0.839892726043785,1.72887739631319,1.16875971150206,0.264412044165538
gene265,-0.42855451502099,0.897354688005337,0.0373335658579298,0.165596728976775,-0.99497657640316,-0.384797442039003,0.16017742128356,-0.219759235182703,-0.382681658679549,-0.313363688645441,0.182320857706334,0.510778289195885,0.225527620354626,-0.275892196157744,1.39066784193003,0.46333786186033,0.216152549053824,-0.500697748270349,-0.666536146588484,1.09820908404665,-1.0687049535695,1.26218071313032,0.34267631221207,0.289825371986355,-0.471777145103005,-0.721066125602195,0.827259779409855,-0.195555243448162,0.504503749927123,-0.853894148166708,-0.740778872850099,1.28931994026332,1.57246317266363,0.52988632241322,-0.360491427289179,-0.241578133519447,-0.362743982035997,-0.703081103203468,1.64966384717774,-0.745649672587746,-0.572470193760966,0.180239758739259,0.0467664312591146,0.705153754898958,0.38573136600777,-0.68853502100238,0.713104807732787,-0.746965374704605
gene266,0.513461126862969,-0.324215542193669,-0.690390597726229,0.0673067392586105,0.248136411101127,1.32641225530981,-0.709922937493855,0.735962781908213,-1.77820930172807,-0.422273104291127,-0.767950152806593,-0.573114781800749,-0.120674678385368,-0.61902530481232,1.10024507631877,-0.637824263216277,0.175212010624234,-0.222766893089702,0.977390097612795,-1.05667387313972,0.191978122423013,-0.970012400297162,-0.83902286296816,0.843525160987258,0.526689450600768,0.475549718712065,-0.450770081230859,1.21200181198503,-1.32794665538403,0.0616874664340917,1.36882233920062,1.04922806421724,-1.61264204546237,-0.767428336988434,0.511532813646318,-0.0010082488955656,0.450801810250992,-0.66153695927418,0.147148030921055,-0.799736426767133,0.0618894771259,2.08180882236651,0.553094108173604,-1.06733513909508,1.17062603142097,0.010621365955803,0.056145845240969,0.359788142763467
gene267,-1.18170335849768,0.590299993587527,1.49104163253697,-1.47230113666718,-0.774068231136071,0.273960105130046,0.666872197346023,0.518122074600201,1.84036574890982,1.19999044208328,0.822830906499481,0.12490774070081,-0.0980315820261223,0.441959114771361,0.367286136258428,-0.863934714831397,0.946052816810239,-0.152711860850561,-0.92756158728474,1.13614005631785,1.37842399474737,0.346521747803442,-0.123023795607501,0.894772117668323,-1.15107075033729,0.519443224250368,-0.691894243827815,0.0638424665960357,-0.343554227489229,0.545300921334661,0.687794268521603,-0.397307589583482,-1.30260443330547,-0.110480603526457,-0.832155012638991,-1.20706084439819,0.227902248574077,-0.674628382722789,1.18465963314564,-0.203516956474737,0.797496604114697,0.177716058234554,-0.264987996742551,0.1469688270108,-0.144728390890073,0.272394858110262,-0.129021920052438,-0.624165664597263
gene268,-0.219301243009119,0.249039287162307,-0.715601468297141,-1.45774262255053,0.19570514681103,-0.583667664935677,-0.47448758791185,-0.899087090398928,-0.0882880265967208,0.806739252941982,-0.361040320847611,0.24888532646495,0.33610464434932,0.763152752916524,0.214985457688113,-0.41726236610794,0.902023143215043,-1.42517443406453,-0.098436144166088,0.517242947306993,-0.370432124498729,-0.666747429810244,-0.870488091804889,0.987529513714798,-0.666429815065925,-0.0124429163568901,-0.275247816914651,0.561288837194029,-0.001407343120647,0.519338159032706,0.732713436119544,-1.01974931051238,0.322839201870305,-0.963963318733791,-1.87010915999652,-0.329581380363943,0.220193822533118,-0.75833400582434,2.86781437650476,0.500961831294975,-0.0945154502034567,-0.846694193384871,0.816503575661892,0.779641225782597,-0.542265240949162,-0.0827326578382448,-0.398350591298127,-0.149675021017912
gene269,0.22131104595034,0.146741313409939,-0.859185536546068,0.817772556732447,-0.40652441283468,0.282472266234776,-0.427670878486266,1.2173395973331,1.65343516932149,1.20965344019305,0.987090069275017,-0.770273100691283,-0.0746733093360738,-0.626205395582243,-0.894580459677075,0.0777318761391151,0.167565548234571,-0.252998623481343,0.322887561240084,-0.0102060685996255,0.596419947196825,-1.63807350154157,1.44816141763387,-0.412039955017256,-1.49372615419828,0.517119605279311,0.162285044304313,0.426607333473364,-0.268409660452951,-1.57551610257954,0.273605908043515,-0.842618864668823,-0.221481052328932,1.06472220408801,-0.967601814311481,0.0110394514204672,-0.334243394114492,0.367037316216127,-0.401274836235533,-0.993299061195236,-0.309102616456521,0.0424345837935674,-0.0412105935766424,-0.953979015973434,1.22878783308197,-0.143802963039802,-0.678459023507423,0.0398188906485907
gene270,0.864425162497816,0.496225811434167,-0.11749732914232,-0.454039168504246,0.195204623144392,-0.35427631734024,0.610658239775641,0.942135706871316,0.182555663399038,-0.268308177982206,-1.61251126621433,-0.957523426615403,-0.0218088559061699,0.435221991429107,-0.947840078603977,0.0165354321476253,0.0433642595157123,-0.656452192706748,0.932828301756395,0.899221872170977,0.777719073964947,0.126086731360908,-0.61162183856322,-0.899075437423308,0.971121597307337,-0.559482361745268,0.35992082255104,-0.0943022980473252,-0.260568877311494,-0.9327315447709,0.862561887310461,-0.506323761984803,0.662136971720581,1.25646850542633,0.60753058864736,0.562519019740736,0.413952482271877,0.730403091583721,0.0910791189934051,-0.461456664903303,0.790651941690186,-0.525996123252983,-0.771231023851881,0.447735358503511,-0.407552006883007,-0.197228590390742,1.09920555699909,0.591077911727854
gene271,0.625755496183968,0.0207655636787545,-0.249683424056638,0.756043101874767,0.585651233510193,-1.40229727527071,-0.711876884444649,1.10054467593936,0.584941338397363,-0.0107841439185156,0.171789249791634,-0.743482914963871,-1.51564211425167,-0.348438814759375,1.00672878769007,-0.529360360770985,-0.531316611784216,0.66816441772539,0.701024281347531,0.81757932698001,1.03836432535644,-1.17985739471672,-1.11841930209398,-0.987573977280098,0.191977405638724,-0.121924015646361,1.53066074504604,0.899487536200226,1.09938366127581,0.521642114969434,0.871117589350303,-0.442257354520165,-0.823212168138348,-1.17989808230108,0.761378274306255,0.226862006998079,-0.305973503217242,-0.657178018761817,-0.760433269277102,-0.662464277316031,1.04973086700789,0.579047162994238,0.423294022236757,0.83321980181799,-0.884242170973665,-0.518754627505655,2.02306306255462,-0.13928784403117
gene272,0.380466945567909,-0.771396102606045,-1.59597777032237,-0.217245893437171,0.704506119566598,-0.241891085745907,-0.33359727294692,0.211060529343614,-0.502943581183765,-0.309187089329428,-0.38651796242529,-0.711750155585251,-0.379927348506891,0.0178375555350674,0.339682721695092,-0.411600472570728,0.116040062857758,-0.367026607542021,0.249865777295369,1.35331341062945,0.131867391839568,0.399084148041532,0.610536498929241,1.39665923854709,-0.328018197649422,-0.80234153053574,0.689855333768983,0.46113488322168,-0.277294461339066,-0.194838509613134,0.160213179656693,0.305289494481511,0.421279194091301,0.261128689189451,-2.51712897391412,-1.51989006817386,-0.76924930618653,0.993065769552218,0.0492655876676872,1.22548545263441,-0.624231720346488,-0.89046846903771,0.717202480913583,0.82701169519801,0.0718817853471526,-0.525955631963175,0.0237377612033719,-0.480823048040157
gene273,-0.0877087760851001,-1.89936166832265,0.532741396866294,-0.190979822222883,0.709889251215984,-0.14673811218795,-0.057554982247459,0.0640471811704683,-0.794337007797791,0.502644995407801,0.020499284029126,1.60390509219827,0.614738919064178,0.314864937501464,0.338399648987063,-0.62615213730516,-0.67900823829626,0.778749800668487,-1.02111619349472,1.68062946845422,0.237494881801456,-1.30877276173126,-1.39913319226725,0.183164254141633,1.03733174956169,-0.370690996346161,0.35563438131949,0.0185208383105927,0.71893251686881,-1.19246485279359,0.367611530073558,-0.382979131254318,-0.383617941874891,-0.735221796919439,0.971740484247953,0.165016808578302,-0.0738976617836372,0.0320670292483628,-1.09124149124151,-1.00371426812503,0.368096250395781,1.24486188598028,0.745897088829739,-0.196944320500128,1.29045092067127,-0.785432181990057,0.414155456987958,0.484958407312806
gene274,1.28032932159525,0.681418177250513,0.814802526189703,0.0137153463721703,-0.449472070733534,-0.0157989213590961,-0.523667176478726,-1.00217342205767,0.123131092250819,0.232406851869347,-0.243350581562884,-0.245761414300608,-1.05185164496048,-0.106715193973076,0.936572821955001,-0.500364895790295,-0.397723374010481,-0.124944204212866,0.217371981339061,0.278944096131417,0.745410923645097,-0.0527285854424181,-0.794833190572394,0.0219385394720868,0.541321195880481,-0.497877035005588,0.60008235035961,-1.41287964194182,0.450591630874773,0.298144676576091,-1.75435636985965,-1.12443067640942,-0.0276526429796321,-0.809321385120228,-0.212969248758561,-1.12383170552061,-0.414596063567087,0.198115589142912,0.499672458489638,0.181011970585205,-0.589785026283204,-0.184590708383582,0.671538609743591,-0.750224177677229,0.250777551010478,-1.32305663087488,1.04966244305305,0.0933542193320853
gene275,-0.263603570296436,-1.17871798809119,0.085005169443336,0.451106790370228,-0.157558575270599,-0.549668331310637,0.335794972710397,1.89900619141998,0.0094469544241859,-2.5032384742999,0.320430313148341,-0.605999762051423,-0.981454382049113,-0.400872054021898,0.37898874105189,0.589374489675772,1.35289955263786,-0.509015098057142,1.07585788848311,0.211691114682207,-0.233052289181207,-0.538695659894526,0.286292849323115,-0.434760136863934,0.581721719139792,0.844014301954997,-1.10220535492864,0.615962291447769,-2.35110890670202,-0.32633861319397,1.42998289021494,0.425227537101555,-1.47447793626297,-0.678968846571371,-0.35259696749419,-1.3016634491182,0.596404034290553,-0.91160947765068,0.849602675320181,0.124424519040398,-0.65210217342633,-0.624051824407624,0.421953243910882,-0.21329896107487,0.490570701905681,0.884083277265536,-0.337119390067162,-0.12337850041599
gene276,-0.0224555609908623,-0.424075262147768,0.0683731501904827,-1.30480075231169,-0.424292622607672,-0.158069078743273,0.233920815322611,-0.256600598448087,0.251203730871669,-1.00856814087408,-0.774118378103263,-0.339026323239503,-0.548670356227246,-0.418280536055534,0.141227584554709,-0.706477152617611,-0.327103308127779,0.369662539059668,0.308822469637444,0.373923883884184,-0.850186902940551,0.168038864263972,-0.935012300859384,1.22548434830113,-0.435484961934889,-0.0700909717030222,-0.202897268539802,0.499957891842527,-0.594310886099483,-0.176728274562295,0.565008839314598,-0.844352294318661,-0.504317320919354,0.287467135897344,1.01758100575181,-0.0140036353922432,0.530629337960756,-0.873487579665913,1.22146008460359,-0.494272752879198,1.23782161686436,-2.14163685165137,-0.857306801035967,0.270837553883572,0.860309128636049,-0.25587049210393,0.295632059716518,0.41656652505984
gene277,1.129665810789,-0.248979288847435,1.23466345518419,0.912391531238631,-0.0297778449975256,0.780092781578645,-1.35787412870702,-0.208634703447284,0.0738594976629968,0.711565722731516,-0.0067790002982777,0.514118827231676,0.532852800108944,-0.724677825693314,-1.33582792382391,-0.554475155725187,-0.247894077035413,0.0560300331393541,-0.0271260177124297,-0.367102001494655,-0.0366871971612036,0.625897151445942,-0.624111198792413,0.122976623516365,-1.28042863167361,0.869408353964244,1.49652848219391,-0.686200213377992,0.25519312995987,0.85858260677637,0.167325217767855,1.40820794931119,0.657151047568655,-1.50344051640397,0.189113733190435,-0.979500586893801,-0.302430132199258,-1.90086572198007,0.658602853340286,-0.158496791971454,-0.712829269917715,-0.0361777521926302,-0.81469734353474,-0.384936358874363,0.671476251743385,-0.693399643254628,-0.330964522834001,-0.72898087831739
gene278,-0.315208742998827,0.108587337622634,-0.145425333635679,-0.186613655176682,-0.524949585794307,-0.700671922630992,-0.969966491474203,1.21947071925846,-1.22223619738206,-0.0940126110722798,1.02948571304681,1.0424856421133,1.06279316910137,0.238704811487767,0.096530257046835,0.191201778722839,-0.188741171315082,-0.756249215180183,0.601109467928973,-0.391405329336103,0.572798428423969,0.64194413393258,-1.1643291843925,0.808857544538286,-0.183852259305297,-1.30181469333783,0.624930824768858,-0.213848552692241,0.700202123204246,-0.217709963212005,-1.37628577846104,0.22429072480005,-1.01575335093415,0.3878518504383,-0.168540223897529,-0.519746774460666,-1.24464819356098,0.420817175648634,0.61762386081161,1.08414305098826,-0.774704407535877,-0.212872098879194,0.223149198026794,0.318497748681015,-0.475674277027047,-0.466229099641617,0.410231082250653,0.176554687529712
gene279,0.618684142596973,-2.77157730849723,-0.5083072149285,-0.323017179455986,-0.309368862707295,-0.0687968140653149,0.467662306844784,-0.80641494192904,-0.545990970094196,-0.25501792757819,0.368952016622341,-0.998802072513932,0.139585696918231,-0.525629316209985,0.380410203426196,0.779791896450178,0.050510833027517,-0.162596542139931,-1.1086443109373,0.136081254311895,0.851414542672658,-0.876421397958396,0.6049328502904,-0.181816367804429,-0.884082165460331,-0.322860290464509,0.188322461365622,-0.579558962354127,-0.0126089689692328,0.465429303526132,0.435196735418499,0.961312820119157,0.55928975146647,0.917905899564639,0.69375893002855,0.122623919289248,0.461145174186989,0.19479553742282,-0.642166034233658,0.245787198397331,-1.05670536845094,0.303551203369131,0.660475536028601,-0.765852257026717,-0.0877267278112588,0.570109144805542,0.757489113643048,-1.01480056953174
gene280,-0.514312976154382,-0.364652093080872,0.293002467289301,-0.510340936618733,-1.0339470580791,-0.638314244366783,0.877302687210923,-0.567078743334108,1.44485322490409,-0.129317031568147,-0.366047986431967,-0.683366426948701,-0.364113605510909,-0.240103151125985,-0.775258031116449,0.0854949176997992,0.0808244225891386,0.938786919007496,0.406651045811504,0.168456384367724,-0.694419422112375,0.233424648706654,-0.228228575273538,0.568640412263891,-0.0229083919943435,0.749235040918521,-0.454605572357302,0.458355612168918,-0.199677155665214,0.0682551605541603,-0.253532370338083,1.04005286875196,0.394251973815824,-1.38758767255789,1.1871951137954,0.0684771231704416,1.04063456020791,0.301160258425779,0.28526576916681,-0.190416496166823,0.437567146551024,-0.0940868667688529,0.814608910017875,0.322442234740157,-0.0629736760404765,-0.558942430928684,-0.27099801217738,-0.239280495870024
gene281,-1.0507860539754,0.829727245522505,0.0945668506934777,0.784617354925602,0.318725381578037,-1.1364055766642,1.30716079981377,-0.0187507606459449,0.48897551740017,-0.524371019495879,-0.151293106833457,-0.0078700704361556,0.0609964361167643,-0.114356506657054,-0.0150185475155278,-0.29095131398844,-1.06579210129934,0.768274712018662,0.487206997611096,1.09930063581594,-0.938974812724204,0.568359653253959,0.19183770843059,0.905874334746744,0.971319052924686,1.13957277684474,1.22455558531895,-0.286019459153345,0.408905844482787,-0.315676146725488,-1.4972747617712,1.35819474950316,-1.60020430597734,1.03393165013034,-0.402643123452725,0.324507496155842,-1.988032298544,1.34133973646677,-0.0391514608185159,0.0204735460337407,-0.567582413352199,-1.72672295584987,-0.116666875635911,0.35475803525884,-1.62649940309732,0.954481728162425,0.711027780946708,-0.340863697204347
gene282,0.175169728612377,-0.736062959458615,1.54835945892882,0.276988925099783,0.146761848929213,1.60205003756793,-0.796064136942463,0.458476417577898,-0.535580042561983,1.00641862653588,-0.442242107159841,0.782624900175026,1.17626324207776,-0.636614392682412,1.81450310967674,1.14724990686566,-0.337781920786814,1.38675608280684,-0.402267115978774,-0.052732589578309,-0.673120561870007,-0.512666319960306,-0.276060200562018,0.148260231643137,-0.482197482862477,0.614111360687333,-0.266786154521346,0.28624214162104,-0.714510579057522,-0.520918771595008,0.221143773285825,1.21017951343902,-0.780725369708383,-0.362609376343236,0.773046411775603,-0.272245441921947,0.410007909109376,0.229110831216641,-0.0572946572884107,1.67431804474052,1.10181091511911,1.09184117756273,-0.92397673558383,-1.07158416194908,0.728523651148988,0.988442694323376,0.167213127250895,-0.38674516280446
gene283,0.901638507990832,-0.554319569822713,2.01659919918953,0.527616260739878,0.341707265342813,-0.339174302697079,-0.364073238551847,-0.159915078269581,0.224883701283844,-0.46994648373547,-1.46132261451411,-0.0631527418248325,1.03084654884539,-1.11476198223166,0.500945722507816,0.173035439035105,-1.25180325747991,-0.41204671761336,0.208599284028766,0.224589842595737,-0.0648493397551696,-0.607886605776944,0.495222873434273,0.751025297258631,-1.64795664919853,-1.60015803840249,-0.193230616745882,-0.003351212462811,0.937543719336221,0.602677551649001,-0.307066288301495,-0.938671591072594,-0.242564599955161,-0.442217810451227,0.325689938016098,-0.190855216440553,1.302028194047,-0.468429088830041,0.0081488422991618,0.891859449020546,-0.499654803503594,-0.045614533385158,0.273119271862766,0.130675569340078,0.312870795578127,0.0130804416261395,-0.288464251020234,-0.0428731944737474
gene284,-0.241136433937731,-0.493378438581718,1.87800965870823,0.0750437026392159,0.448444122176322,-0.430077036017914,-1.99591191606226,-0.199062377076259,0.501259143040989,-0.131096734208984,1.18365346408608,0.501911139397495,1.33012965884045,-0.0849067763697255,1.18321866627877,1.05472787645474,1.03578692728893,0.698096479362696,-0.309724072019485,-0.379205497176316,0.506300854648121,-0.259165784503141,0.145171976720021,0.230440999819549,-0.916359853578418,0.515929186178099,0.45989765773909,0.0614451846836653,-0.429619732786543,0.815326235372546,0.864669339975357,-0.445317492409577,-0.315373582451902,0.265358332294316,0.955652528402072,0.695015927769878,-0.181069036095163,-0.327682739088179,0.710234361762694,0.0020839678230147,-0.755216998229946,-0.65203843350903,0.264241797501929,0.0163867048253512,0.105983290323806,0.555047254110532,-0.120995087482071,-0.636128200195013
gene285,-0.494635152069734,0.307635237491514,-0.748718995159936,0.0866023605113512,-0.716228883701923,-0.238917869452734,1.15600947159278,0.116437076757032,-0.444429846608774,0.606279534727969,-0.700393830283506,0.909514756876575,-0.814925086867868,0.403632867779777,-0.324250299169894,0.402833718027817,-0.745596381914453,0.103061929185278,0.144409930419694,-0.0695884288714282,0.374609529913915,0.105995475440293,0.813177042485992,0.383564753092446,1.35530032896054,0.0440899377169009,-0.0685842498552978,0.312206860732127,-0.694170391363116,0.295052558751004,-0.471294509147853,0.344785741956535,-1.72809258166268,0.682275653629911,-0.693920426245012,0.174792137038335,-0.361267991651356,0.0119271177374513,0.546986261411468,1.3150745376544,1.94707377645652,-0.985098895635667,0.677092732354337,-1.30319864385927,-0.727265993268435,-0.518295084911837,-1.30434805926288,-1.12414772735606
gene286,-0.121745391459648,0.162282350594052,1.63052436729234,0.769276485367025,-0.764797136698686,-0.196125188995339,-0.629512040567321,-1.44051423032276,-0.490774486865778,-0.455969732420239,-0.515444405243917,0.149026456422928,-0.388134725832643,0.000349958441515,0.195407805483322,0.608748268254336,-1.13508379591661,-0.705973938699152,0.257828389737763,-1.29634402706005,0.455434347111775,-0.299011125265471,-0.902990410412261,0.702672905553067,-1.20250044771461,0.347598996129642,-0.561885385099776,-0.606087684800096,-0.107771203804399,0.103058344130111,0.320376938547304,0.173826704251618,-1.54911966816042,0.498743120716844,-0.013887791993059,1.09423327091815,-0.43175270522353,-0.12606134059067,-1.56349039834089,0.705027027020782,0.622007110745077,-0.125444173479565,-0.123214817330761,0.0265065446616552,0.145475756763471,-0.184372374874654,-0.0536618499687241,-0.291538054758277
gene287,-0.678510708494938,-0.414857648626002,-0.235264044197683,0.378488811926253,-1.07874534005953,-0.329875149441307,0.409478905161845,0.202364846965771,-0.914355747698964,0.194255037000851,0.267488528879319,-1.56987632493509,-0.194219484128402,0.378123227130594,0.0347761886893241,-0.429350944330442,0.533266296934837,-0.984240550984276,0.742365206159612,-0.927908064524789,-0.463132020498222,-1.60515373999842,-0.249438840210692,0.581308563085239,-1.05275425781849,0.580350365603626,-0.040037261649039,0.396322953855548,-0.513951656741561,-0.224683650464867,1.65385341706223,-0.2252777246267,-0.0098442356289478,-0.432766360736121,-1.8120467958561,0.238995494173958,0.136518233721187,0.56609562535369,-0.881547389228672,-0.272921898754759,-1.34297575742468,-0.87016435319726,0.73067135236722,0.426640597772729,0.475633317054272,1.0205652125008,-0.649250459237843,0.542369789527774
gene288,-1.49513205929553,0.0710661955236025,0.352955806834246,0.0714332659815709,0.570307185649321,0.411718371203143,0.250731482748585,0.45216906303016,0.247590881852963,-0.867176650408052,0.468657196136862,0.544331456532958,2.17402731417309,-0.654076644225137,-0.994049691668845,1.76379129086913,0.71309998911791,-0.166862375938821,-0.10396190907362,0.0724251334365819,0.674492541758149,0.0009643143278268,-0.325987014346908,-0.697112183064026,-0.902126084443858,0.0133091406160678,-0.384416022904843,-0.309541194517808,1.76411394971125,0.850647970402253,-0.620020181216399,-1.10764967065902,-0.529101383059002,-1.00252040393342,0.159605440306104,0.852044603575156,-0.141978017238845,-0.277790953149278,0.620309751047792,0.928744531775512,-0.493717289518444,-0.213369596877414,-1.29571701172627,0.214771853067508,-0.555544296958166,-0.706063507739479,-0.168026460425884,0.613316266482496
gene289,0.0987971222021088,-1.11518010107,-0.444896984601256,-0.236239694279302,0.548516375341386,0.11839358386202,-1.87938056713885,-0.3207953221011,-0.396799639674619,-0.0851484365508737,-1.18237078902098,1.48316677996977,1.00733690401684,0.128931857550002,-0.784027427459838,0.787384764011425,1.45346696579106,-0.883871194418314,0.464616373552074,0.773066417584225,-0.442345214361458,0.186137960961183,-0.153026952906879,0.215306329991876,-0.773604056172921,-0.638047638717009,0.804733447805629,-1.19956442520146,-0.0879139995814306,0.175946468363691,-0.163839653004049,-1.34204729374216,0.747446350919501,0.30526244098598,0.598580844376785,0.60071868465625,1.18899299784184,1.35796875571725,0.264506312580586,1.48608925555398,-0.170202796136168,0.244298007164656,-0.46183346989363,-0.669668401099413,-0.0942843504039879,-0.0264053319117033,-0.172885826543781,0.306273047276141
gene290,0.0068296086405644,-0.520335837068911,0.0631453397947935,-1.79182980119855,0.791553768382214,-0.154478485704458,0.591787276296837,0.198358892418094,1.11161826719865,0.682855637416814,0.394340370871571,-0.773942923513355,-0.783809352413783,0.819374072586911,-1.66529415048201,1.21873542481868,-0.595009491661894,0.166346044279371,0.221811418002234,-0.791334255233976,0.262493591484928,-0.757910790761625,-0.114523013432823,-0.556486403551464,0.490573079775738,-0.0599022846721717,-0.501007579418627,-0.946642051235589,1.10344124161583,0.631443943515125,-0.523356736669965,-0.295320339548588,0.851892058526134,0.0444290695183289,0.862327866827833,0.801493261807433,1.07026379612759,-1.10673129895788,0.692005334558335,0.399504416214665,0.59816904178091,1.57083474575579,-1.78878285118474,0.339042809287868,0.471177624942869,0.0970542885122054,-0.845290434007545,0.110958458661769
gene291,0.0672496185465053,-1.08420550273338,-1.15533897460242,1.13840174135193,-0.320815870731736,-1.00828831167205,0.117910624554518,0.739133308634333,0.53741294886759,0.807121849200387,-0.122177838468979,-0.106098984438839,-0.515803121171654,0.24460462133398,-1.66558270836727,0.30821770030284,0.140521209253985,1.14958105567337,-0.568272685081501,-0.497925546100716,-0.986518880027237,0.31149867583481,0.864810335561691,-0.243138776800563,-0.579838243091954,0.134848895690643,1.11554833348762,-0.0976866911008229,0.416446523160677,0.442551657540349,1.23111629309503,-0.708969945209666,-0.223821449924368,-0.261896058409478,-0.105489050059432,0.031906434831677,-1.27323296373245,0.549409482354495,1.47872774556976,-1.09483320854589,0.228661583221006,1.78462513249431,0.170904072128859,0.358385683263751,-0.897208213460326,-0.32533232906128,-0.70443671035222,-0.335293541775595
gene292,0.723791934320674,0.385610034686064,-0.154385457360117,-0.797320393564497,0.123932675791221,-0.47886755330338,-0.317665973776141,0.227174278355707,-0.749108478674598,-0.220438424144199,-0.168642462635895,0.0626804586318063,-0.503662692818047,0.496012124701315,-0.140582599951675,-0.480727129455204,0.35047189672678,-1.00729101134003,1.17044809697443,-0.689221265376911,0.366108787320478,0.632967312827188,-0.983343117905209,-0.194504147810646,0.94718407357913,-0.771530108493139,0.0177008720567501,-0.221000232233105,1.43900972707808,0.0463241113657324,0.311790378615054,0.302202906715316,0.455261038664202,0.100193185534144,-2.76195445585866,0.146016084725531,0.517241781848829,1.21129459908099,1.33716543910282,-1.14304623629665,-0.311353628811813,0.963000238871855,-0.361538635099805,-1.90877753921043,-0.564739593586562,0.133848992386696,0.133568357874847,-0.121860673644185
gene293,1.13685474279544,-1.35742640555955,-0.188220342912819,-0.203459640876694,0.403336079141114,0.0451325645757174,-0.733146868436507,-0.705175986283174,-0.255058503246855,-1.56682933716833,-0.135692616907698,0.873793934464861,-0.204458647811264,0.0816219478943102,-1.01792405771608,0.0238110729503952,-0.873868146539938,0.394847620798078,0.12099559593763,-0.76682483466002,-0.423856152078624,-0.650869307882444,1.29968297633499,0.0366120887586201,1.56288395131942,-0.739494012400626,-0.317405266761733,0.188567608636185,-0.408595869163771,1.44898458894881,0.257429356507139,-0.426081871952834,-0.33188627526984,0.047254290856005,0.465476259462833,0.8511578725725,0.394670673685772,-0.777294665030379,-0.353062225016775,-1.13291595550444,-0.104584611430278,0.470191561416794,1.03303420393939,0.124487363162338,0.287476781525038,0.798094895367082,-0.748234752903468,-1.17983729317882
gene294,-0.256004122046277,-0.514656128545007,0.736369233539161,-0.996766065480805,0.386843009729755,0.381530454457186,-0.181504251487822,-1.09699006352391,0.222824787409112,0.131702210345703,0.0032371720012354,-0.121489416526594,0.901636482344801,-0.858096719508691,-0.334173720399102,-0.922212762227582,0.374041044743941,0.166971464941549,-0.662905567860135,-1.33261811268213,-1.0630214906592,-0.157381706213336,0.0760219162605391,-0.792002900614273,-0.313207728329506,-0.0644177873242808,-0.694307333383073,-0.324519155502363,0.0943096412838542,0.449461895537357,0.255856927126708,-0.835044586132811,-0.167525771322316,0.618804792902717,-1.09170664347776,-1.17535607051521,-0.501934232644715,0.632512710817262,0.296465483368399,-0.363968728515757,-0.0478163497765982,0.756796272211438,-1.66699761600491,-0.226736783582585,0.046825371224345,-0.0591081093198234,0.524410722212166,0.194442319282835
gene295,-0.814719243787174,-0.808993184064452,-0.0644117320173092,0.910629594941153,0.778083504273203,0.735632419985543,0.273475797676275,-0.202665766985961,0.0643176881935842,0.308526856370973,-1.48773898957173,-0.114568736583137,0.859330067313743,-0.589618114705347,0.99781763670637,0.203178276002293,0.430418614094272,0.760600199494293,-0.523069186050815,-1.55627462070491,1.48538045748693,-0.94189801547317,0.467513075761684,0.0874345494760401,0.239658566265385,0.537897047638947,-0.389456432432358,1.27959807133161,-0.309630214739957,-0.567852056234657,-0.234992455980775,0.825409735682539,0.883126302441205,-0.986534699985642,1.02484870602433,0.952302773015026,0.598650711721318,0.201351755972852,-0.755001059167216,0.994462734485125,-0.579190838432665,1.18462641977683,0.86075580820595,0.955617444773513,0.0534161491335636,0.368194238505443,-0.237286563105548,-0.364630768662731
gene296,1.93027029801617,0.251442706400634,1.04546131300407,0.296456609244255,0.21950718000551,-0.241069927649028,0.555271934424507,-0.407492501236202,-0.668607561571571,-1.0142090564552,0.397183849555918,0.0815058082872494,1.2335706433803,0.301264240905156,-0.619972233126477,0.958164694560172,-0.409832065685523,-0.609507439275702,0.436652822469157,-0.533361188658121,-0.0068377439219191,-0.704012987769932,-0.482141288526059,0.600797820181393,-0.458686421586611,0.162296875897783,-1.63511557238431,0.47739202961049,0.302724226003724,-0.300573893163662,0.324912746208409,-1.2124363703326,-0.0758834946300671,0.0501605035122643,0.762257051934068,-0.949086726881452,0.664847212842039,-0.176719769098358,-0.628498704323538,2.28835285171171,-1.29398980251735,1.38896715212889,0.670945563083144,-0.2800281111784,0.200968670230839,0.972123417910844,-0.403773967939664,0.0470755961248252
gene297,-1.54979189728996,0.0779048513117794,-0.250279174612866,0.164368151138901,0.718512177892766,0.982936619118178,0.127786826495251,1.25489284053776,0.0311847781935379,0.20019266058539,1.06920231099725,0.0793167914065362,0.511342556078312,-0.658621375216614,-0.354237060051305,-1.23810680758358,0.499449106966857,0.613111992737101,0.319760609106462,-0.266192382344698,-0.0684106234431488,1.73670946582205,0.964101491313521,-0.764456030592897,-0.077138057311505,1.02089557536461,-0.457745085169818,-1.24694417146941,-0.246421249504316,-0.446088748168044,-1.17939010694449,0.633862795136712,1.11395219347835,-1.32325294101116,0.298255084995178,0.331468856406322,0.442816964464211,1.29157522399763,-0.448189020156784,-0.674454101769456,1.17195468700362,1.06784440723723,-1.28048817172766,-0.234134760327286,-0.397663497470957,0.024136135149428,1.035765007964,0.34903100533058
gene298,-0.0516404990870598,-0.399496369787449,-1.0394428659323,0.0505238997385863,-0.290873852034227,0.364851496140074,0.351687701860424,0.843569529695982,0.590568938358192,1.42349377696316,-0.341836092722753,-0.643243881405177,1.26474747659381,-1.21942691562513,-0.456163409415242,-0.0547044492931493,0.123353052547614,-0.188649668195324,0.512705430712944,-0.893198848587654,-0.125486184062817,0.998443658505144,0.0976929138284714,-0.474720591614372,0.543588465031026,0.990649955618438,0.550001635447427,-0.116772144133487,0.169081833449576,-1.06853208742163,-0.0285713901044725,0.0953297936699394,-0.0674578686860687,0.455375036588374,0.494528130737367,-0.327971788168406,-0.244845695699186,0.794025840445712,-0.317796234349501,0.233063712546012,0.190721133939008,-0.724623515901521,-0.247132059694031,-0.728425969319291,0.171232494323503,0.130537377084874,1.13646920671782,0.391447990352967
gene299,0.201798475212244,-1.36302972293133,-0.901304171547504,0.290034235488911,0.200102778748351,0.587762036876628,0.961722999897834,0.677924770904765,-0.0507050566980061,-0.219930420739369,-0.335454097013714,-0.605168820426044,0.849713255285391,0.473408809239978,0.204618430897839,1.21013413396141,-0.925381295921391,0.404846190523207,0.881133073118932,-0.496820948592147,0.155471289735899,-0.330636021349358,0.164987682147495,-0.782719932628863,-1.1885637031076,-0.752233630319325,0.485058350651039,0.946962409507889,-0.277634495149817,-0.231664318557344,0.138557047308625,0.258516276003731,-0.894467818800596,-0.80546497473608,-0.0226393838581144,-0.410516186511935,-1.65673296544733,0.673061544417988,1.62656627093405,-0.320232865717501,-0.0046000420698372,0.47678529049959,0.0282782895250341,-1.13787593033774,0.0509575952222856,0.930683686529258,-0.320091393325951,0.330428938170682
gene300,0.344584752147261,-0.828549452486442,0.329269133053092,0.502394997426412,0.251741179033754,0.281655483747337,-0.294474722449697,0.766237140772071,-0.246256607109954,-0.368976959200926,0.0753285805428267,-0.75240821296884,0.661672751585251,-0.445250624825836,-0.233422903348723,-1.18231163293102,-0.569512183038243,0.272800389591662,0.317912328513757,0.999359130345807,-1.14158327305639,-0.798073351648062,-1.29768520852322,0.851556080369942,-0.134057428236073,-0.497243462925837,-0.975420263802246,0.0506560725597538,-0.406713129718757,-0.830241484704236,-0.663896840720768,-0.418673113310922,0.569222283695108,0.498408078085858,0.655963064254049,0.235063418744762,-1.0767364403175,-0.109338435347021,-0.262157661332631,-0.142665520095425,1.49089369013783,-0.191496656798791,1.23880910110117,0.863342793713635,0.130270857535259,-0.191237940864761,-1.11054697053202,-0.48232975653944
gene301,1.69701656543643,0.621818942594667,-0.622894598185003,1.65335922787697,-0.741317202532753,1.37972192692458,0.388064915050444,-0.108419728905062,0.4224957924511,0.54748859003903,0.340647361038346,0.0850458827711513,0.271840928324424,-0.151289507034759,0.7117827418174,0.240855399573435,0.416655259510274,0.353251595536111,-0.0869107957886803,0.712714398853738,0.743653306928293,-0.0882765521019916,0.365587598365967,-0.706511735651699,-0.606340521653299,-0.872857075714664,-0.294185615513021,0.192070242388289,-0.157375968165855,0.918618091964419,0.125140634674046,1.06005064476951,0.151914456485164,-1.14453182062715,0.770850422209643,0.634886193605792,-0.469238147652191,-0.0036795707496402,-0.384985546467851,0.151388210477644,0.466964322840625,0.584825627978813,1.05581536452964,0.022100747287762,0.474462247552097,-0.185202874576431,0.540328338778302,0.166278263249383
gene302,0.947478331395088,0.568232191905372,-0.755867612511268,-0.28503499374714,-0.314847673410491,0.38171263835425,0.508472417963465,0.727928390217939,-1.07705920114253,-0.207510447045909,0.894250828711119,0.287714891089712,0.662176390033113,-0.730225759325101,-0.855644078613339,0.532491532941649,-0.474659679116563,0.620292753498158,0.255253806524119,0.205988848320252,0.0484021793060942,-1.2126562300259,2.03731518406566,-0.250729216364731,-0.280305706486039,-1.0492966815271,0.112094094703882,-0.0062586697073507,-0.503435113405486,-0.630119191784421,-1.0789903527083,0.313589033479913,0.233779838348824,-0.0734331538906358,-0.434996740253586,-0.367337580417433,-1.29139775350461,0.867582501260435,-1.27676331580802,-1.03712190197316,-0.189441126914518,-0.449484370715094,0.249842454187445,-0.623149989727357,1.20174090488387,0.0087645419448359,-0.332940907413982,1.29482644067599
gene303,-0.007342861196535,-0.0085785811810211,0.631894979541273,0.609862162248289,0.0715907167803377,0.74950937763625,0.198642687716466,0.917271139690202,-1.80534783425274,-0.301579761124306,-0.63918918657937,0.508806708378773,0.836033104401399,-0.799810222879853,0.319970065322198,-0.120246783022094,0.75219337668306,0.18407904157987,-0.674158446233543,1.05358115191466,-0.0162920136461599,0.0193156440151428,-1.04410546513183,1.0216281408727,-0.537276061848895,-1.50751361370863,0.504512866613635,0.0598877374081389,0.181899583535236,-0.222633714247526,0.749817152356167,0.08609286747083,-0.197129941543163,-0.569225411718245,0.310305896050149,0.893167981170844,-0.0846813514528427,1.11272888426834,-0.236937240537192,-0.0119192058760331,1.4322645174328,-0.413036360312787,0.356208986584464,0.714414908107451,-1.29801438560711,0.160357903941935,-0.218117279114481,0.496310431494958
gene304,-0.278265133222219,-0.874379318083782,1.14491738144864,0.257176781974785,-0.876750111624084,-0.739825725307326,-0.354108350589069,0.165676641453067,-1.58021484328052,-0.275389236333799,-0.103412772071205,0.661745957882795,-0.349279267458078,-0.858653138546058,1.48935296551765,-0.0819664686863176,-1.37776321958319,0.253383887054288,0.762092214550449,-0.322662604370608,1.13880646298126,-0.294686908730278,-0.352891564197136,0.678334374806502,0.91109107788774,-1.22523119682915,-0.378650927541916,0.478301684568636,0.142499607856494,-0.18792564047626,0.63197340507608,0.430836703123446,-1.60168985129807,-0.716913730704153,-0.363164473654049,1.33885529056808,-1.36912174062731,-0.323463205422511,-0.435381521781449,-0.681853476211628,-0.0331991710641226,0.113563276583691,0.340640759202931,-1.27725114587083,0.752793235931326,-0.471107875687739,-0.302384239076807,-1.15462584221352
gene305,-0.125266880885177,-0.0562510087842708,-0.328167717936374,-0.225293323346067,2.25590869386424,0.465165847243344,0.876738324520083,0.641865475843145,-1.60401224102256,0.671533241375625,2.11122060917158,-0.451114533442771,-1.01182512209907,0.356595126499778,-0.977793024242698,-0.388153624625179,-0.850128196618017,-0.164639543532849,1.00822635278143,1.3791413603357,0.179644836754915,0.330301596569448,-0.637736901403248,-0.264748310836371,0.567548439741587,1.01763628166453,-0.383442734543739,1.4516674817101,-1.19141853332838,-0.179577721493129,-0.245040607360374,0.514307773022752,0.473408800758953,0.864699211453182,0.894127163666123,0.408137733719364,-0.486677528309315,-2.4649518037318,-0.732671632095293,-0.377260252871448,-0.0443947672810923,0.334371968838224,-0.124318721653478,-0.3281652545151,0.296075844434247,-0.273063511936531,1.08561886543843,-0.86969850275234
gene306,0.259665344231339,-0.633863966878606,-0.780350088076808,0.320243678372463,0.204944195431928,1.43520754954896,-0.496814675801966,-0.945055649128075,-0.0045309781383083,0.483486181133191,0.523537337013516,-0.139946571825777,0.743830359333331,0.578803585010709,-0.262697133288635,1.15954852175116,-0.986572675861901,-1.50332341802584,0.729200026702887,-0.476711729705477,0.522339467583139,-0.76445792472286,-0.763661716683862,-1.30757338645956,-0.248216942326617,0.102325914607684,-0.315075236102762,-0.414258245165089,1.23921191544128,0.842746956112404,-0.148201968104337,1.47858137522112,-0.0807978619818269,0.386221881500843,-0.350508332186638,1.37142359723346,-0.10076149338248,-0.391049206919523,0.393182667781085,0.565458160498946,-0.228506658881614,0.683818845604133,0.552474232942698,0.630608805750696,-1.1396077364322,-0.0543207057198503,0.690036203451799,-0.329295444092392
gene307,-0.0804049118349488,-0.736616124075578,-0.187217406598122,0.440903910778062,0.22867823457475,0.864663729571169,-0.367843377052219,-0.406812807165633,0.227661127035688,-0.623208873650014,0.660760952153317,-0.202434170775236,-0.11442954741719,1.12743195145997,1.53717948354145,-0.251776251458274,-0.740706332798387,-0.24531911396439,-0.130238474559952,-0.160235895767254,0.576438966996231,-1.00040438249469,-1.22093004489308,0.546248569426201,0.143543713490749,-0.246786939230399,1.45364253170192,-1.05042301400212,1.04285227046578,-0.452668140714858,0.0403076638166719,0.860677944459477,1.87299769416661,-0.634310846566556,-2.06184096490356,0.345039044028782,0.172905381854752,-0.0954838633121078,1.40355459463509,0.302530053148677,0.296040494773485,1.32158481352433,0.539748632109121,0.802099826170028,0.859371611019277,-0.466163412676211,0.0975051377885426,0.279370666207618
gene308,-0.474686464929685,-0.827616247241677,0.117969840104157,-0.826270691578117,-1.27932972432103,0.949084527634176,0.011682102667254,-0.249399179927408,0.19132605660459,-0.789430923953156,-0.0467466182555438,-0.292160186217734,-0.96219396799572,-0.0139571281086264,-0.561368339654581,-0.10014005705637,-0.114228236849887,0.165408798341198,-0.646205279783852,0.669506304258788,-1.25669780083011,-0.795726284795166,-0.417609145678585,-0.0164364312388301,-0.0660311638646462,-1.04729496683042,-0.238191211212586,0.372715686631237,3.08336608972829,0.2755506713834,-0.407211135579957,0.930747569804981,-1.52674778475415,-0.0031709748072848,-0.565849243370984,-0.101571826389472,-1.92434935987657,1.28193714821136,-0.0656594886075829,-1.31109932209558,-0.064794549606481,0.847536881724576,0.897148187403943,0.510919482185892,-0.758741211552515,-0.11298411689198,-0.222309007708774,-0.523562946964796
gene309,0.569111340706952,0.0341491321211369,-0.256324535466169,-1.20082885975393,0.844460126601267,0.213342121064572,-1.42611199691516,0.270476322553285,-0.137843348770424,0.466656886723266,-0.302089007347882,1.03839099472941,-0.736163756734182,0.0613687426535829,-0.617660876500992,-0.287639562280822,-0.488455869073832,1.10327309252297,-0.86974062276214,0.851135377475086,-0.696041766107065,0.545635150479309,-2.69197296022714,-0.265374672313145,-0.714985079080873,0.489975483018799,0.496798799794852,0.225195241650077,0.570189883631263,-1.09429335056578,2.38315543092309,-2.23362487409889,0.801417295511033,0.447235385270165,-0.91868222949421,0.838345250991694,-0.865072467724202,-0.267294667816158,-0.287979251200342,1.27677074769141,-0.178628825961597,-0.929191276098194,0.620289865318072,0.369426514898599,-0.0527951010286396,-1.10210294870265,-0.143797645194014,-0.927447046294542
gene310,0.0014356797745062,-0.247872104615369,-0.74635642223323,-0.46769751552422,-0.739497777636368,1.19105193301559,0.220277009793785,0.0506894571272332,0.527307582515697,-0.163582795616041,-1.34766183360616,0.572462181491145,0.508858465114471,-1.30732178257149,-0.49303570407712,-1.13101382363099,0.140148598324468,-2.48619176130106,0.2124228887013,0.0577579908017415,0.667493613668531,-1.20366045254165,-0.635711306387802,1.09529787925963,0.505028194198631,-0.258339003062915,-0.0959923213053411,1.27779395458813,-0.19726571625681,-1.4246454964378,0.267087105461558,-0.389018608534869,0.0628851683313991,-1.19910007206997,0.0036104170786865,0.575029465435721,-0.348292227255226,-0.876597482830826,-0.242313128340591,-0.0882486532115514,-0.0286915832920613,0.744574816334205,0.582139573874856,0.917607986969094,0.0125629681387004,0.702909610442659,0.204374434818062,0.93679009180069
gene311,0.487777051132574,0.230041713519904,-0.588045295994377,0.0408878901645189,0.218466593424173,1.09723474191328,0.468386486640711,-0.505113682195991,-0.161005486215575,-0.750179605654149,-0.5665061259077,0.573841675526632,1.24485895464817,0.182846877490937,-0.466744455835668,0.710163424143845,0.300215571934473,0.0282051926324554,1.62069237857655,-0.136259280018347,-1.40444438500307,0.298921417408857,-0.706472697790671,0.429125532186028,-0.516956630525852,-0.430021333968548,-0.517199833555239,0.167523506366034,1.15189893522974,0.514283068001984,-1.07811506973164,0.476673931289856,0.82002082463559,-0.435878872370813,-0.677560162202491,-0.98499230443081,0.483008989277163,-0.0321614326816948,0.7185294692084,-0.0885310213914275,0.683402032192033,-0.474258232195673,-0.476715186133821,1.01384770299852,0.469803874005077,-0.101721406133355,0.328066525890863,0.794096957807367
gene312,1.04561604086364,-1.05880223084039,-0.412893667323238,-0.139157471195698,-0.654585739875343,-0.439618256603558,-1.46284590146431,0.20993516469674,-0.359827779527292,-1.37215423376978,-0.702851505562157,-0.518616557956155,-0.578298876514599,-0.137169832098902,-0.192255401502805,0.727542719857143,-0.0171883422801455,0.683265359531171,-0.828767757199259,-0.150202032744196,-2.89095623734281,-0.566166349972632,-0.237706042972695,0.50012780437279,-0.157267625285221,0.35007984225732,0.365823916477925,-0.0659930496699436,0.660796263922741,1.28006423465532,0.23075377188251,-0.986983650547403,0.633695586065679,0.147577259937231,-1.46420919862114,-0.331824221054824,1.80601978044948,-0.716926857822457,-2.5610135577839,-1.02951856700205,-0.597835603047103,-0.0734440828000184,-0.409311384515922,-0.798960609911947,-0.220451706026155,-0.0453030809726984,-0.733860210948495,-0.25855621007381
gene313,-0.123349981360581,0.265456185002455,-0.28847531230853,-1.39872829132513,0.472755058426606,0.498635847775948,0.243894930489775,0.404059702467916,-0.393074091226111,0.583813859016908,-1.1101600544782,-0.687313261289243,0.537575275171057,-0.89887351138339,-0.7597688298902,1.42003041809867,0.584667035958166,-0.0499892729188402,0.16450370420033,-0.788676115237191,0.396322394174712,-0.640487849023572,0.680963722991647,0.154803504384764,-0.241667080292983,1.06437853383509,0.0856930994297467,0.593387853254004,-1.07985675034914,-0.39810561766804,-0.358227358551163,-0.021260004936932,0.339944798826677,-0.187125522870264,-0.0441292610735603,1.18896928416429,0.667485660293208,0.675151081361602,0.897069862806526,0.70769811699901,-0.230739793149182,0.514609210813877,0.0154902931915118,1.44503664711757,0.701740816697406,-0.277022141530056,-0.221180334259359,-0.250433711658546
gene314,1.65377988738444,-1.17046861524411,-0.319013700201811,0.531165131819102,-0.249417338423447,0.13260184353272,0.705524924196355,-0.313310367322142,-1.61220908372253,-0.0388631708087604,-0.129028280785276,-0.539001525176108,0.169956293281124,-0.909760917912864,-0.122534816691642,-0.21245040931681,1.0474830016934,0.0772166962682465,-1.26491569965765,-0.158712016289782,-0.850752254998991,0.24505946712732,0.994528767743074,0.178934358060108,-1.02353553806035,2.0716769371674,-0.963958810964008,0.269579730795656,-0.267300800310831,0.952375046430124,-1.35982786199262,0.273511884734935,0.164022160889771,0.973839660799702,-0.265912230490083,1.12864784437111,0.801833779984051,-0.711159676797787,-0.179421811041678,-0.188747050997278,-0.305083149187863,0.581068500794589,-0.613061111062602,0.564742204514897,-0.0378101541765529,-0.355174508213417,0.0790946218191753,-0.68033400623771
gene315,-0.4208572078629,1.44068892456129,-0.189981467128883,-1.27747018256778,0.448278055997792,-0.301181563162715,-0.0789924695529037,-1.05984568067112,-0.68705783604341,-0.276004534061463,-0.0319261365033622,1.51611750321916,0.864452297309918,-0.232601315758194,0.132267371349692,-0.347878377459727,0.214034944826158,0.529534357261322,0.547034878312299,0.70040491829866,1.26573928155586,0.760596763217246,1.35650766556845,-0.0293095525632813,-0.255823941910558,-0.856702795871877,1.12367303287282,0.0713124891638003,0.0481294113213921,1.13374122943616,-1.31328291834326,0.452506251744881,0.196069203391581,-0.728662556373656,-0.424214205498406,-2.07779977560921,0.7783828988177,-0.273037399792222,-0.82575189149389,-0.92842400016706,0.399292761684738,-0.346065888266393,-1.57302699555514,0.301490137123091,0.514165094339413,1.4234642579781,-0.748954247258039,0.172523465432374
gene316,-0.837543374084692,0.502714777170456,0.35057873556004,-0.313214760360632,0.617952807314984,-0.259156629299709,0.400072878526919,-0.478763763841793,0.923430746096619,0.735059389369115,1.03064243158899,0.41440870685706,-0.0701402774977679,0.772486294221144,0.330400288762628,0.220497622250955,1.42901512214035,0.760795197498593,-0.781197392592489,1.38145376546381,0.685242019647629,-0.458091867486544,-0.0197033776262069,-0.131001264169156,-0.120828380772217,-0.735606830264592,-0.140929382551249,0.675163296002715,-0.0773242048424166,-1.24821859380354,-0.356399082801069,-0.5551681139006,0.426702430848436,-0.280201731601309,0.403257217983488,1.79579958898551,0.395731441287184,0.880709976424505,-0.288660982249081,0.0113000304704794,0.614908302249584,-2.36156045658926,0.501737015570986,-0.03048300143392,-0.158412902113105,1.29950557856165,0.701064529629734,-1.56130743376591
gene317,1.01040199031535,-0.461761702539472,0.802838111562654,-0.445199025731398,1.00711158576405,-0.346002573471118,0.0597773308523826,0.929181672139086,-0.831514053527572,-0.414082235964134,0.299994939765845,-0.651169830789651,-1.00886613387014,-1.11540250864331,0.376435219924744,-0.120123259227321,-0.136059674039182,0.8184972094333,1.01760515728695,0.498524765263596,-0.677413861222491,0.550413839014779,0.0222609502734442,-0.996461397306169,-0.368343061624047,-0.385002861776219,1.27727043179082,0.691901614643085,-0.710667689181673,-0.8150541854453,0.654405264034427,0.0248252222226607,0.242714994451299,0.145227444678663,1.46207840823352,-0.980736545874826,-0.970104402321543,0.253322662538483,1.2407136433143,-0.0509213099952782,0.616953023381565,0.124433155540763,0.409466493551847,-0.423648411823603,0.626023374875281,2.37969397930612,-1.01437021800717,1.02935769956706
gene318,-1.39150115795518,0.0356575977350226,-0.745722892642127,0.275294168566586,-0.780742323391754,0.985808406614522,-0.207246794662132,-0.0801167081033692,-0.476277064964734,-0.0689380089660419,-0.562622499891684,0.248151810279167,0.563323960075565,0.361472901973662,-0.328807333621015,-0.477435095750776,-0.47023544370714,-1.94192117099099,-1.50177498682747,0.157150570579061,-0.294635426333427,-0.0752257210760936,0.247761389478535,-0.570894951574782,-1.21021939834723,1.02202313351917,-0.725687609652261,-0.188325227397148,0.932652084962087,0.0131659291615114,-1.07993717526179,-0.0390383035551454,1.10061391178007,-0.766379756644721,0.753923057550694,-0.634808880826279,0.732422816352092,1.00741176753901,0.412631161552721,-0.101347981320141,0.335915563407474,0.212292271968483,-1.00997126632294,0.765353642092828,0.390282598011579,0.0233367276506282,0.431191283875187,0.776592829505608
gene319,-0.446326747286863,-0.621859688358779,-0.382804296994926,0.318222805221122,-0.675281391753594,0.139882543434052,1.4609840051073,0.877210970506276,0.715182347766304,0.0952659406415018,-1.69298648786381,-1.21945469552417,0.6704732077973,0.485441446350958,-0.158950532924616,0.726486465954595,0.424662714825873,-1.19668452456333,0.451390626567035,-0.386494935977825,0.19404784389005,0.510353156701104,-0.369546566367407,-0.155433531212671,0.215727572961701,0.596960469168006,-0.894373821713569,-0.690992687147885,0.350567571785401,1.24751801160524,-0.371641759955138,-0.968150343502379,-0.76144442521124,-1.30921776165048,-0.658544528935625,0.45695814714251,-0.35348260701034,0.370117727659715,1.52869493695005,0.212622349340085,0.120443211760048,0.123474850056081,-0.0927780684772646,0.455536968228055,-0.558235515829136,0.199999606799571,-1.86324683230773,1.1467488330774
gene320,0.515843955146049,0.0335443201341112,1.55431582510221,0.432658440110645,-0.727834856493606,-0.437028226483369,-0.185787609247246,0.529090204117382,0.450857176361277,0.972154779919514,-0.618596725956185,-0.808893173154519,-0.0854169956342065,0.890007162848113,0.281471418159868,0.0056906463827806,-1.38742814526223,0.263747855024225,-0.478752979627967,-0.497444697332496,0.285867303652737,-0.0407931218791095,0.960801615862623,-0.387674692629277,-0.0117317743739611,1.05755667629892,1.62423710558526,-0.347840828243978,-0.441216994529878,0.576858026451016,-0.0668645467198478,0.0398057354179659,-1.72341738743617,-0.185655371283598,-0.0595679451313282,0.0781231459119113,0.350647684411287,0.275258696672957,-1.29184550873955,0.884425481480101,-0.638718572017989,-0.663952368488566,0.554723331881723,0.858548345407639,-1.12764213483448,0.889549666338722,-1.66514678198045,-0.415794094816922
gene321,0.442307210121433,0.0312897452641333,-0.626235960065194,0.783600987770948,0.359205738313427,0.640142947248782,0.464096538265664,0.076978464277852,1.21865417835167,0.0528232620413381,-0.376666823214007,0.708851251935513,0.220864014224354,0.349806080926248,-0.500566835548252,0.870146307790096,-1.46684743078587,-0.0158402433315017,0.513327704822967,-0.76978550508066,-1.2882168618745,0.353748364513322,1.01143829036581,0.43320755706508,-0.415904395592896,-0.153629314115187,2.19300898382475,0.286816080086143,-0.107066246068893,1.08259802610782,-0.70111282276442,0.236505042573837,1.56310123298565,-0.201310173971793,-0.81755177853299,-0.747415195000722,0.741143131035729,-1.58881858979381,-1.0265163163285,-0.144297571707277,-0.726604292630222,-1.19568722154191,0.0864395176497754,0.123705439859012,0.409460248687649,-0.721414511118175,0.515780544715488,0.121040269100994
gene322,-0.638075507789154,0.0625269262097096,0.144411019716638,-0.1557670590592,-0.366603301531143,-0.0789539631395422,-0.0316380257435417,-0.309217181913308,0.0251377225029886,0.441055188412323,0.0222613722739056,-1.49898727302946,-0.102958171767812,0.136439427811241,-0.178098279084857,1.17623497998024,0.662158218402973,-0.244789047185657,-0.518931336391209,-0.120081911883295,-1.10898647517168,0.68063367072085,-0.142536079150469,1.81111745382889,0.693414355638246,-0.359859477106243,-1.4426382740978,0.821934185237747,0.868507872580217,1.0225700997848,-1.36574384128276,-0.390240945928113,-0.410353823397999,-0.569228494506644,-0.246639541636824,0.562318653074006,-0.95355315258884,0.397377465859272,-0.579069717221442,0.548404443384025,0.495331417300987,0.209891946057633,0.0697484740967745,-0.832661416042557,0.731496861519858,1.01285443928641,-0.634679674990574,-0.0414678351953132
gene323,-0.563388488432785,0.605903943492959,-0.432909790493991,-1.542065259594,0.434932526574205,-0.0383794543329271,0.465257704708292,-0.188128779441994,0.40541628030586,-0.169099196144691,1.29502164227564,0.574859095811484,0.269926808108535,0.871807534951685,0.726618806081946,1.43039840881572,-0.288758478550138,-0.694980497047795,2.16094361003422,-0.1454869735257,0.516856378249563,0.76687901271665,0.488857006835454,-1.35133118672029,0.14514091265668,0.640052241758066,1.5719041970276,-0.0567010489854518,-1.5250041511068,-0.366491597446176,-0.238986533507188,-0.0501359098416511,-0.293588282801962,-0.0145336216152811,0.199118148362155,-0.452409085943368,1.28077698929561,0.0110382291673833,-0.479189863031739,-0.163786236434663,0.837569012071636,0.364781986193345,1.08006183283444,0.445951051175151,-0.750044267468015,1.4091397215062,-0.929943185447922,-0.295081984045661
gene324,-0.0560151334412337,2.26524106763736,-2.07218804895999,-1.23452274984367,0.179577631726049,-1.10032924730214,0.576840373314171,-1.42503893753316,1.41183714429341,-0.873783538241479,0.397067908015194,1.92939045096232,1.26220963296756,0.416212310212169,0.446659197421636,-0.857226174165336,-0.441677285829543,-0.585584827971588,-0.160078568314544,-0.093042981827421,0.553310120748609,1.61609371168403,-0.06885217767776,1.40490542508254,0.231508865184664,-0.924312479137981,-1.13531734067674,0.92402108832059,1.95297398701298,0.501177544935319,0.168535830895624,-1.85604733411121,0.680110934192526,-0.0106088205235577,0.46180932540089,0.40102044811827,0.0293129478706828,-0.0764707082518773,-0.543912128059539,0.0100202742553515,-0.724316235299445,0.867227013264384,-1.31897609200647,-0.609176919054938,-1.0568835058792,0.270289837191233,0.819873748878965,0.647148900579504
gene325,-0.952810332002626,-0.397230146840281,0.175023371666185,-1.38809829605629,-0.167628976958637,1.74299431220303,-0.32448123963258,-0.218662432391308,-0.410691973916739,-0.338629314588175,0.754011763074221,0.419483721332157,-1.67287673304255,-0.326120862641664,1.46634841125725,1.02867272358683,-0.234807763005757,0.749338309016471,-0.0476232314081954,0.289203587483787,-0.224161287684002,-0.444796605756756,0.787733847023197,0.853685550680672,0.386823996957122,0.663107472874932,0.132752276301581,-0.426178983451014,-0.464635949184876,0.586838379250416,-0.731171200027359,0.571680834973319,-0.154249941418787,-0.226331419548527,1.33445119222044,0.429755308378965,-1.88186713161517,1.09923768639927,0.27862228346828,0.288620953419422,-1.16287124644157,-0.349284636605817,0.244495905475084,0.248213947419649,-1.02625716753809,1.15862962927182,-0.584888944824192,0.187450312832398
gene326,0.470539326737244,0.28061622847864,0.115831521963216,1.21748970645576,0.459954071548122,-0.583339971300036,1.49788296270783,0.219574224018491,-1.08083661269086,1.93139137403038,0.152141486298102,-0.533485167739096,0.929852284675026,-0.676237734004723,-0.772631202147894,-0.534295535881853,-0.707328692763225,-0.594226113970919,1.29376003376278,1.4017046053298,0.449990809587573,-0.440420240540563,0.366863793096212,0.176741654255198,0.0674519900308911,-0.898945818871661,0.245505755743242,0.60274176069128,0.476916121327977,-0.605428078986187,-0.255449668916604,-0.509764663946866,-0.649767701895382,0.544296315600416,0.115746319250469,1.70592313902442,0.66044362234923,-0.380149581796107,-0.112704732539004,0.656032250818123,0.243060963130287,-0.372017434997826,0.0985223624427703,-0.724265132518634,-1.24607408972819,-0.948785924869171,-0.244375859450536,0.10108445541303
gene327,0.693036256648145,0.620989658515135,-0.68060918891295,-0.55767679976733,-0.821608247135888,0.316954032328005,0.751413923338505,0.772557235076497,-0.750922733314905,-0.540547316212199,-0.835893726524791,0.247925905224804,0.379979681880897,-0.132383501522411,-0.111125750739398,0.398029628762951,-0.326441746683628,-0.129831236334253,0.0137133979956688,1.50327898249236,0.197044853536977,1.53253925623332,-1.16153231612496,-0.363790109191723,-0.853900575680306,-0.409928184820468,-2.35354828463202,1.03083569403607,0.305187820057116,0.575691056660823,-0.993232639668755,0.138939837327875,-0.645210498725137,0.225242845507704,0.267967012412792,-1.92816152377684,0.597025113839098,-0.438984532426673,0.873150628936129,0.721745552097616,0.0765924844150309,0.355019137852152,-0.243286743866074,-0.856940741235324,0.031282115035597,0.593146492064995,0.444737750939502,-1.02428863732795
gene328,-1.11486024011639,0.915517928046135,-0.318894508095241,-0.503628374817202,-0.172122814096915,-0.118256276042668,0.653075099539886,-0.182892247328879,1.41179351366131,-0.0113008358141072,-0.498067411270227,-0.316330309241705,0.0364063387520916,-0.121432400108862,-0.462223919080506,-0.281447161182256,0.437216598065586,-1.03847498838182,-0.0916302510379075,-0.457630333278301,1.85191779092939,-0.378892365589608,0.247139760947182,0.660838149000263,0.68085024600447,-0.80333244666986,0.0751077246852164,-0.466104621404196,-0.734748355372872,-0.760766677942897,-0.121743323365992,-1.85457764658413,-0.299450984220286,0.0805295729902691,0.315918327823816,-0.17042380272831,0.163133343429874,-0.570377926553435,0.0913667165953979,0.750031503913626,-0.450121894432501,-0.700261090375504,-1.88939781836977,-0.305443050884177,-0.393505265730015,-0.22139138165412,0.183651441541342,0.612465996498703
gene329,0.454112874988945,-0.19481078034497,-0.0087061075062611,-0.498039658730955,-1.03320387128972,-0.350556886019856,-0.855208260244334,0.305770439798446,-0.634902281884379,-0.594683890473595,-0.89592183152142,1.16504864895063,0.104229222871855,0.699106145512019,-0.582104321011686,-0.854476025445256,-0.290895382042132,-0.800249594679245,0.0509310884558936,-0.654019650694975,-0.657523854232244,0.526079732517626,-0.237749645767617,1.13390394710961,0.561067983575135,0.0447816981387597,1.05428475947565,0.0182359027873599,-1.57562055963816,1.26364645386184,1.32100575550016,-0.714923142773061,-0.526406926278675,-1.1216293355435,-0.450974018286188,-0.62366852239033,-0.602080471170447,-0.721304574875418,0.402575286472142,0.0710683715650621,0.106040952537848,-0.293357817110626,-0.0019750792685645,-1.38939166849864,-0.114985240979755,-0.141556750478168,-0.075026592514292,-1.08302282118447
gene330,-0.868782222061205,-0.469539618649712,-0.233755062871111,0.671918182616494,0.754516283498292,0.371195074438349,-0.0013949480570531,-0.140832615217424,0.90950250809849,1.08082825353567,-0.288583621141347,0.0937844540000825,1.02991598245933,-0.577531648636448,-0.986088893858296,-0.502155930485028,-0.102156440884225,0.307036882634755,-0.231461774469729,0.285753729753223,0.107527208918745,-0.104758525821243,-0.814429225534145,-0.115819419927101,0.947389749732461,0.207097659645942,1.07797878003826,-1.14441669217711,-0.538957944486089,-1.53398534579053,0.904531338589564,-0.74812135299937,-0.0814804334563358,-0.0660478494682421,0.490057902150128,1.0341541370788,0.208595621229185,0.0310009210675667,-2.22068843267618,0.120310998137354,0.973055235215313,0.479559353430847,-1.05896352782716,1.1232412291764,0.466220665487197,0.0015654332461577,0.0436406057968825,-0.326934947610696
gene331,-0.373248538850161,-0.88857829715901,0.869941068015311,-0.719927398106324,-0.189405250719134,0.0784809036592518,-0.288898056006008,-1.05485404799151,0.141010287623533,-0.15603220608859,-0.0592559240104908,0.468656463371438,0.0852830212765843,0.637792695744265,-0.467232656430188,1.10031413931327,0.204731023432487,1.46792984888253,-0.851046171741884,0.207825482216062,0.704196888512145,-1.0361569760399,0.747019973033268,-0.408517193756679,1.88159396250115,0.379675563989999,0.0302273487979185,0.55482172984919,-1.30759682528308,0.581474417893284,1.04199739781274,-0.25678282209136,-0.245841532211869,0.370632223754184,0.283376325777974,-0.186307654858748,0.353223661598278,-0.856261879349612,-0.196464010179255,0.0299454154319002,-1.05230451318038,0.496032386203219,0.603368493871407,-1.10107768427584,1.61942623375965,-0.951171160207533,0.149104197663727,0.869173247113848
gene332,0.397214120312277,-0.135418297543885,0.169531754857088,-1.37737177833146,-0.792447762674457,0.192096854015889,-0.458698587919783,0.549865351155204,0.415907367841169,0.482427642740353,0.129615448591929,-1.04941940211127,1.21841716680882,0.559447007193039,0.220767305384688,2.71860241271425,1.18451300621448,0.212289759858568,-0.193140550744614,-0.299314135145145,-0.760916714513276,-0.282889932380154,-0.544780743673238,-0.691218399586108,1.97969936907175,0.418834118008078,0.0917767658097988,1.80380158826833,-0.237072687115067,1.60026703217074,1.02058099046119,1.26127903597637,0.25479356260257,-0.29712897953658,0.0788677709994686,-1.73837262866877,1.06608041167669,1.00631454606593,-1.19345196726499,0.931878771187759,-0.208624143631705,1.83183381976537,-0.404677797613286,-1.33887118069515,1.86606241558681,0.0066144562889967,-0.261877551872182,-1.54575124583918
gene333,0.201160271607765,-0.118792211713708,1.67912238545012,-1.11644184400879,0.173739110588127,0.981114471371736,-0.399253750768628,0.147886424142422,0.168177892900924,1.34188820109931,1.00193879623394,-0.406108722499923,-0.350741230923894,0.180415803759385,0.546943063785434,-0.137045067103295,-0.402329835967492,-0.987501626400886,-0.115344413478065,1.88346764611067,0.691617740990497,0.956988781082624,0.0864190920297057,0.53160211919881,-0.685993877380151,-0.118635448059541,0.0704198081748264,-0.780383055595232,0.317374299917028,0.0565996474590147,-0.0725466163791181,-0.366867666179757,0.539912523271755,1.01401729690771,-0.270895146658908,0.0776640575900085,-0.0847083794538314,0.358333825715798,-0.810912753564157,0.546869892275011,-1.31551891235882,-0.116375618787611,-0.0583474636838754,0.0298899922228342,0.635323554434694,-0.177246395360946,-0.823823121329123,0.151591317521708
gene334,0.740329696498302,-0.582625018882374,-0.838217096179208,-0.149448585751662,-0.145780459546266,1.50357840751818,-0.48175270885943,1.24882630480737,0.0716945880385804,0.0594582030985032,-0.13760040378565,-1.82409851189098,0.395982368279255,0.707338196947515,1.83930465423619,-1.39214791871158,0.79309059796305,-0.657076749982154,0.0459033731961433,0.084049004672823,-0.0791733698847049,0.537558699684188,-2.11218141417702,0.213449037445625,-0.501589105503092,0.22599043600517,0.352559592224409,-0.0427432165645348,0.942038320262539,-1.44391524779351,-0.231859553734878,-0.721666609752385,-1.23468273566853,0.502087094896522,-0.0756860991519702,0.271114743180321,0.177936009806214,-1.02680291515276,0.447460942043262,0.456861951353681,-0.165953915127867,-0.0210418717521953,0.0979496642204746,-0.750222411543285,-0.152749040247186,-1.11471869185038,0.654025843188123,1.12677218032816
gene335,-0.981455651544747,2.20412793651234,1.03267876887341,-0.131366859792089,-0.274516158885821,-0.170648819082351,0.532520665190003,-0.362224333217727,-0.675406066467245,-0.452365999570179,0.299471124838845,0.529817410594341,1.1596310498726,0.170052450441277,-1.02204757785913,-0.587193760752222,0.137920332922891,0.490818736456771,0.138871811751821,0.287037784117074,-0.265744701197817,-0.199953782998844,0.63364913421689,0.940731590748457,0.0860070552128852,0.219435973139744,0.962726552224972,1.39623455583475,0.506603877118709,-1.36874320374733,0.222125766321291,-0.437727204572572,0.0400732189457651,-0.409081223716771,0.472732499669658,0.229846831231419,1.27063063437523,-0.0344543723333674,-0.131533485117198,-0.16644030702404,-0.763617265150363,0.267212106903024,0.52230510752752,-0.623755949050508,-0.900418751637149,-0.214429293356092,-0.236176847789466,-1.03760911203876
gene336,0.708947464323182,-1.0844048501666,-1.22200441786585,0.718042467182699,-0.565669225805689,0.525613941902693,1.13197855066903,0.714374788247157,1.27050465843576,0.330503684366234,-0.458773733709355,-0.139807518014835,-0.344708803715065,0.265333395396576,-1.45705847611794,0.145764821470521,-1.24091657005372,-0.124442931453329,-0.354676083480826,-0.0134383150590478,-0.292023537374472,-0.824387270779194,-0.347074669588241,-0.51190853996101,-0.683473750163614,0.980107710980818,0.0889023757743615,0.599447094888643,1.06285127934223,0.122733770462343,1.03978153665118,0.935772725771821,0.723108428790791,-0.310804364156386,-0.904415803504076,0.465063791776315,-0.0910285687493955,1.22134731233613,-0.0974842020881076,0.48301189859687,0.948650625929879,0.169343570159981,-0.115645498309927,-0.0098271354120243,-1.3047089825239,1.14174358258068,-1.26082439867097,0.0394360316714777
gene337,0.40195410671024,-0.571507700398477,-0.209505367419565,0.679171713198477,0.183337439289427,0.833225210664148,-0.467492551738106,0.174525646267549,-1.62235114872916,1.04353610845884,0.0559518601675105,0.174776670007903,-0.050255984315171,0.356253391894771,0.50165312494071,0.04763790489752,0.107928995980044,0.331046046153989,2.34396260394582,0.782757776339294,0.381519642022681,-0.795967296851503,-0.225894918646309,0.745810604729122,-1.5652600829628,-0.055413757640999,0.165513907096458,-0.365266282763556,-0.71526485304938,-0.257665439069426,0.46158139275393,-0.0274990888056438,-0.380349893360985,0.0209570686651062,-0.848122193199027,-0.525162073321342,-0.121252630748661,0.675459777593898,0.0993529324411293,-1.53368282072581,-0.33248473885884,-0.0362017172808577,0.57007763218668,-0.389252983798737,0.289422406622128,0.120241095049723,0.277775560089426,-0.9767836109511
gene338,-0.399642421272857,0.776028419525583,0.386492464692922,0.496827796756348,0.735314880900617,0.0400507997407306,-0.417261961942014,-0.789835732299022,0.450688905131124,0.23329678825972,-1.65223450071945,-1.01049582791703,0.315207136954274,-0.453321229421909,0.0877665084745942,-0.234058443643264,0.40195212544504,0.258280968601435,0.220629880247309,0.94397843158101,-0.0676867396717258,-0.571674927373333,0.339285849241487,-0.858976038000723,0.946222710554885,0.996427849273977,-0.899957475484847,1.34912558167954,-1.06119347087545,-0.0956636826997499,-1.26601175126692,-0.388969433796428,0.156519188511853,1.50060455624298,-0.224942226102584,0.105260241317982,0.646350441943199,0.345782557541327,0.230811751813418,-0.269118143971952,0.902909074150817,-1.24966343479842,0.445186248412275,-0.148538786874056,0.32063451512712,1.27148738041003,-1.19564788477227,-0.686447364975898
gene339,-0.9411971400443,0.446202852470497,2.26889961931976,-1.48083421007281,2.0150382487715,-0.0135994341859345,0.269644033043267,-0.689006142374257,-0.514142004435599,-0.122402810219097,0.615677520689463,0.789150210262433,-0.634208817195586,-0.867870244847954,-0.226880179515779,-0.304552674997417,0.852311616782131,0.8710301081769,0.994847033277009,-0.0017549137795419,0.631758673741301,0.120155144859259,-0.150747046037374,-0.0125391126291584,0.119573070101333,-0.241584739203396,-0.926240479679269,0.088690913111936,-1.20444457259611,-0.386872332782376,-0.0577497463085913,-0.759225132278742,-0.562656459833423,0.21356656814961,-1.91137127699916,0.0069361481288129,0.0611872015230966,-0.444575791360979,0.0118727388672127,1.13961955923596,0.37875026451231,-0.612494121177515,-0.107100134849254,0.177090993745045,0.0992607180422719,-0.277242069822924,0.620179085842571,-0.37022891604068
gene340,1.33177359183916,-1.13602580978574,0.132035690710542,1.29084318201324,1.21332414921773,0.666078043904383,-1.80663876508244,-0.401418551462891,-0.347480617717811,-0.893070457092097,-1.41342761518005,-0.412902890376862,0.0162882930467337,-0.557371773481382,-0.033196271481122,-0.676562818700919,-0.411710145979004,-0.089297535936788,-0.0751883912173174,1.19018808573294,0.612289210172969,-0.476098781271865,-0.0679816950853952,-0.58032206479829,0.2044243955151,0.631859534946866,0.24606700806021,0.18861846664496,2.03806493804449,0.833332196524979,0.0006592923460924,0.472417382711202,0.0948135420861878,-1.45576130151146,-0.439121445371677,-0.436036680883645,1.184986444672,0.950650331495318,0.708721739752106,0.239945187416499,0.576876845342813,0.738835579299622,-0.966907932274273,0.227147024800482,0.730923432086049,0.796714741168642,0.952932665677084,0.708145065312546
gene341,-2.55115856104681,-1.17046723886613,0.106455267463244,-1.23962512517952,-0.0256155826188899,0.683422152871029,-1.06428828044812,-0.92660993478672,0.681605091920896,-1.03491941824514,-1.13740519253193,0.243764117187703,1.31597807661633,1.69518065152154,0.13562825347052,-0.227183851443424,0.425290964672171,-0.25864744640252,-1.05793125743565,-0.714036183831262,-0.545971770012665,-0.350970534007636,0.194763271312192,1.15227687927865,-0.737074518926812,-0.192239263180028,0.946489735675571,-0.172062716332025,0.111615216943855,-1.82271774995205,0.0370898245510382,1.5970585068152,0.161536168404781,1.70152875732095,-0.195583936265503,0.219776300701165,0.299259030967461,-1.49468037420167,0.0261504104660625,0.122777245773002,-0.421638578371594,-0.619257207393096,-1.02548861049331,0.481341491540089,-0.303233206524634,0.973438693492812,-0.820036252422256,-0.444503747973605
gene342,0.480202046494654,1.7808407122261,-0.114797990720102,-0.732840623747723,-0.350978844869974,0.304042891726746,-0.186739606757404,-0.812270664615071,-0.403446934104153,-2.63444715509168,-1.13991529016486,0.732756812523164,0.592723924016045,0.20857738825879,-0.942610173311968,-0.548404667404809,0.525741755197575,0.878670303675885,-1.30682585473172,-0.0391228937934278,0.934458268432156,-1.39513553452798,-0.443020222987055,-1.15061102725146,0.522723828812994,0.210530681777402,0.176807080043967,-0.200439107366123,0.270987712693828,-0.124890642439087,0.660419631350575,-0.454837942403699,-0.539032331559472,-0.683846172584331,1.09440334713988,0.709309278377026,0.774226962023949,-0.16518587730112,-0.0761850794065286,0.102914043841935,1.09054205539541,-1.48447670271342,-0.62282422766081,-0.30861575456814,0.640956190589028,0.625394628430977,-0.954159373093569,-0.862171565364507
gene343,0.160548158648933,-0.224182714974867,-0.36951743028505,-0.635673052269026,0.309759115788758,-0.0349425501479355,0.214730318085818,-1.1039572374978,0.0651887906634614,-0.61520319267963,0.966662115993201,-0.0368349021237324,-0.117695894548639,0.238346683839931,0.112503920605827,0.473436896545657,0.284803477984173,-0.946701936475868,-0.500572855068286,0.0847180979901198,-0.971037045246447,-1.78184352032564,0.219021909121669,-0.568046830410848,-0.304985272067145,-0.907399859004049,-0.736530137980254,0.313408597818519,1.15370894667625,-0.743599571113834,-0.504915254821589,-0.315701169519536,-0.108535770709748,0.287436282661703,-0.038005928976813,-0.748981684486194,-0.630221177320277,-0.694920487155284,0.383973588847099,0.344888987068119,-1.40024173772029,0.213327276174847,-1.57191423204713,-0.901004479812389,1.09577824322013,-0.763553627372132,0.402788689547533,-0.626663299027331
gene344,0.924692058214648,-0.826671867612477,-0.32221908915472,1.60651222191644,-0.51712537296332,-0.29977952545968,1.20115605153062,-0.0087926964677838,0.355107743263628,0.0720674490738191,-1.05606766113599,0.257565200489247,0.0828247009671371,0.771433898132488,1.24425917141042,1.67505267027708,-0.883507644446255,1.19535262836748,-0.20667711643144,0.958019946033678,0.106703943887498,0.84283987191892,-1.10960631573502,0.75575794719153,-1.26949042853926,0.686558446061528,2.39743238024832,0.0348213469379259,1.09704349385978,-0.611372322575941,1.56693919437747,-0.110648863017346,-0.528735304274952,0.534268323845077,0.153571053063045,-0.353470563743206,-0.611022025702621,0.558954176350679,-0.133652084045689,0.0315949936749362,0.495111227556649,-0.483742613906185,1.65610192948418,-1.06277361148082,-0.896708678578559,-0.012848819236115,-1.62461212670322,0.452910125227267
gene345,-1.15977718364621,-0.027977366991362,0.161744229101635,-1.08656671087843,-0.342914023928639,0.509485913568905,0.60048805154069,-0.114395283885106,0.228425498297231,-1.21719499715165,-0.36643933117073,-0.402109320594735,0.117355632702338,-0.47689960226997,-0.47105058470899,0.0891707962137396,-0.565876020754479,2.50689736523449,-0.376306506097793,-0.171010228486741,-0.122120459461799,0.122634479705259,-1.21926422248569,-0.491005747344181,-1.82442981572211,0.507350644984552,-0.800587130765647,-0.78333200303368,-0.687827558324766,-1.41678872290078,1.15897112174832,0.0165483858639937,0.202350750506662,-0.469385979139714,0.0832744662642868,1.07330395474752,0.484486343639605,-0.337595569094527,-0.697948347178582,-0.0364085303417444,0.564832228979317,-0.117121852397489,0.294344569792447,-1.97812309675419,0.287989559347451,0.0013189398199274,0.0549537707486582,-0.0965697445811329
gene346,0.151116681508523,-0.896069105508102,0.620736595910947,0.955871549807823,-0.128010578505624,0.141550429378332,0.603361658982463,0.681742434085278,0.681192938125422,-0.233277973586409,0.58384971160229,0.0604941942950078,0.793088145692426,1.42158129893838,0.326786467898029,-1.70439277567921,0.991068956032332,0.15882754033401,-0.736121260687958,0.076124651422782,-0.686895391005219,0.31434934527544,0.16399814814189,-1.42569674459683,-0.266318725492343,-0.427565166691934,0.186353130523744,-1.36526147059497,0.103173343702694,-0.257775808323569,-0.0559805357149682,-0.308999097089204,-0.256825856819169,0.940251254509208,-0.152854794805632,0.993201995393856,0.156427697503866,-1.21000679073149,0.140455418362027,-1.07881543905589,-0.643514334531013,0.288501113372937,-0.828654692736113,0.519933744028773,-1.28775119221297,-0.563587135206885,0.598702878646694,0.624965112870889
gene347,-0.165140303395141,-0.108345358272596,0.898521144446277,-0.111668535305714,0.562501712590835,0.0048749672346327,-1.26045025342415,0.0234849380037755,0.721766395234559,0.408816267369358,0.111468073373306,-0.417517033242161,0.667513247585017,-0.66034583484775,0.126688052366525,-1.65852645624957,-0.0367600262457722,-0.474560907644831,-0.447734797782805,0.333219853898235,-0.256413001042441,0.833861375013392,0.0124718954848802,-0.477803044587962,0.361635632419931,-0.349525164522445,-0.862590853030987,0.417839740214552,0.556843995111084,0.0795291159493317,-0.0210150297952668,1.28743689408192,0.114617563934649,0.405208353281598,-0.128795552818598,0.0059842747003189,-0.387406629289626,1.3764058229803,-0.601744391877044,-0.301327776071367,1.19784600134635,0.320154927204081,0.630979334350839,0.0285630925645553,-0.444857613899387,-0.671267944159647,0.293420037841453,-0.719794320577781
gene348,0.468869340151984,-0.172653939532816,0.349777705441562,0.236025260106224,0.0863343703672416,0.868524505182264,-0.469150977028142,0.769794212428913,-1.29021705311877,0.326576946121884,-0.0551704623886238,-0.438812909502487,-0.104951471874655,-1.13738572686947,0.635910736065921,-0.149225132502167,-0.959997916410359,0.651810775815592,1.66819285028791,0.0703853806081086,0.526452844206141,-0.182912414474325,-0.71619746678785,-0.80373755402801,-0.669396087655664,0.82353487626307,1.03514319701147,1.17160093440898,0.198360758614466,-1.10172940585222,-1.37074113618344,-0.987828771350133,0.45774880178099,0.617821541990158,0.47494818259473,-0.481143288808302,-0.0444393937746466,0.769258245597981,-0.23991716542205,0.458313189501928,-0.552540908823971,0.744355692273267,0.385192100027604,1.29797417652534,-0.028875333767948,-0.860594987741361,-0.233978898602031,-0.467026438573692
gene349,-0.520100363446242,-0.766449037506233,0.551379165696556,-0.515670164833983,-0.888368906949216,-1.27671122490142,0.309548285354274,0.108940503827047,-0.0500715446478344,-0.977097366674466,-0.405875855140658,-0.169780290993495,-0.309185560014188,0.0991763580974433,-0.995846382443186,0.946900120464579,1.16594820884565,-0.852025730628042,0.397798866069143,-0.0744592119035903,0.0729401468038226,0.168984959484077,0.30412872520311,-0.534022752626305,-0.292953014820856,0.649045345343765,0.0431888698328693,0.372134919751756,0.638803208321401,-1.23625989892275,0.308914401555077,-0.344311266731447,1.77829308017654,-0.28959115723406,-0.667901323076935,0.166344400142407,0.964886740118639,-0.808536765296056,0.300148949797713,0.914454371567386,1.05555174623764,-0.826962826571183,0.198875768993139,0.250777777321288,-1.09578418123121,0.115817380103792,0.0519843506830404,-1.51635352771515
gene350,1.08307413302618,-1.30850984779718,-1.37373616880742,0.906584470723772,0.669530536650553,0.692550220291585,-0.840590201015676,-0.53809782249286,1.62259745174379,-0.225042681153077,-0.193559315842813,0.524694209490233,-0.732054046546569,0.71157015807346,-0.220785970399238,-0.249840905250743,-0.448483870357268,0.995736687671401,-0.449433898500479,-0.413584889327697,0.755903015005597,0.694639308954025,-0.512521056490282,0.921284531686493,-0.0171793949374708,-0.058601122850278,0.330902354966562,-0.496983920997098,1.15655844250966,-0.148930717680217,-0.63809219313279,-0.893773876187526,0.668380581286958,1.43630271902632,0.106080095806442,-0.645721519296619,-1.11097627422463,0.364991906164622,-0.093205354850846,0.018854847066804,-0.182600530302026,-0.0321938554938657,0.0040585152928549,0.178241859628172,-0.122879459629068,-0.343006995642526,-0.32029457595754,-0.30031447389346
gene351,0.595489184440283,-1.78093634692606,-0.276956273241292,0.0033283711616493,1.96802331838265,0.0589193389719725,0.413641929006124,-0.830519845475704,1.11278036980374,-0.38003048388801,0.449092757603249,-0.404680776097385,-0.150780606784729,0.608487198932591,0.78801648090644,0.0961354614982975,0.418698365794738,-0.919480950101837,-0.779942775753578,-0.0036908649516487,-0.491830036886524,-1.95764451743002,0.518176316674031,-0.45276788088804,-1.12874259797562,-0.400287257402691,0.108217921815175,0.724026112780269,-0.325958523534121,1.13201778253721,-0.576708963998656,-1.41480539142481,0.0299316726496995,0.636616121139767,-0.67937847761127,-1.51439177162239,-0.595342624042005,-0.0080595977522388,-0.40130029218857,-0.170390271778538,-0.1857178020995,-0.47505752576004,0.513669706643692,-0.0049262651209216,0.861152103162028,0.974911373311907,-0.133452821698916,0.529683508764205
gene352,-0.129204984685849,-0.221759257311424,0.233642474811819,1.2237391651141,-0.682546884805685,0.789129828497928,-0.322912003772259,0.274957318185522,-0.20779191988544,-1.7226593370968,-0.962161498229748,0.185502116458948,-0.0147120114975239,-1.03894406268838,1.81721561263992,-0.563819306847008,-0.6288648055265,-0.477429738530749,0.466149797487249,0.123969652846754,1.04071544944876,0.363372054284613,0.840322534519094,0.436611728472255,0.446617281322377,1.18549801608606,-1.12668055993266,-0.366650262738548,0.442937982467623,1.03117703266658,-0.826661142891709,0.529371211714567,-0.310253344000958,0.438423473567608,-0.305795459465451,0.882986527611955,-0.0631321519134624,0.228289667339752,-0.433349084149307,0.271055822357699,0.416600625999623,0.0457264659798112,0.294731492993277,0.709554625653664,0.266672520174117,-1.15997384213973,1.06953322015145,-0.14502330084656
gene353,0.344385586603495,0.489778283103093,1.50542806513948,0.953035023365082,0.285898314195212,0.712333938281947,-0.653246831690797,0.923845678572529,0.630438731024306,0.365339458537425,0.939225954446379,0.0473548794449013,0.510516245254061,0.46812048758091,-0.107266291354694,0.308669782703438,0.403669996551434,-1.24529222361387,0.0994625667491166,-0.268177648432106,-0.320874727228212,-0.0976438492492298,-0.712093509465204,0.92667789740972,-0.226736452941257,0.633482366939916,-0.842100691016421,-0.913124521533284,-0.0515199140789612,-0.84273424657738,0.143295848225061,0.140231901790778,-0.123227988927993,1.20392035542701,-1.12913740742265,-0.823378567677687,-1.13135374886352,0.476992191087823,-1.46725528305208,0.738041765096529,-0.421507569242013,-1.77391425760862,1.50293601053627,-1.08298055941608,-1.81782611732339,-0.461589617489582,0.498417604686615,-0.206853033261647
gene354,-0.232772277359654,0.59211987131378,0.742703697050128,0.396302292918298,0.923968786123195,-1.25110636371184,0.347576250890138,0.715653326508479,0.293830928684094,1.0435754945004,0.726724374492873,-0.0793324391914641,-0.313141459069522,0.726169958934354,0.480679811996447,0.966790940752346,-0.132982984277411,-0.930742198388422,0.0345900617313338,-1.88546285871877,-0.0757376010210095,-0.558711791911551,-0.136478053759773,-0.242563641312603,0.411088032725487,1.26610311093182,-0.99457678570093,0.387232535176522,0.67881838660743,-0.610927107513489,0.983364558296328,0.112953395006026,0.109152803557018,0.0392879676375513,-0.534354381422644,1.53870372865546,0.198794336732481,0.172449524622352,-0.0539882840598746,0.263604124506626,-0.508007317586954,-0.27706070701268,0.994024828505894,1.44824699755664,-0.210105006695178,0.470788350791686,-0.168096561470056,1.11489397091404
gene355,1.14948512542725,0.483888955803262,0.216758878125027,0.303590951015824,0.908267972110604,-0.104315704926431,0.218209947926675,0.21433291084445,0.169774306289654,-0.872543657491542,0.0500642092059057,0.398141646961118,0.455300184011223,0.2060855996718,0.494807344042398,-0.55405926050165,0.198134051685938,1.64207506805979,-0.0776370730111765,-0.493362626684194,-1.2224642106777,1.61444774559259,-0.178098914914421,0.406323687509997,1.13034926032513,0.418643848591013,0.470634100880687,-2.01706616478077,-0.808011934389326,0.139302433985669,-0.619754702208926,-0.731938077466186,-0.769300016928175,1.47910826737629,-0.0839007919829528,-1.18168344020831,0.423995856057978,0.692772601293522,-0.600708605094539,0.515798220267384,0.259080035991626,-0.187277385076553,-0.559720113872888,-0.440928460130956,0.0616223786558715,-0.172988148066174,0.764724892652742,-0.335307205239893
gene356,-0.563683410032106,-0.259481553518126,0.851805572692418,-0.921877188139249,1.32516496850616,0.764149246485695,-0.173795866248712,0.156014428728973,0.105862026231182,0.391637071798927,0.130811323942631,0.461588867352674,-0.788751652044915,0.785332779556148,-0.121641654730739,-1.62512117314442,0.173077237161832,0.581482624899961,-0.744261636763498,-0.663356988875256,0.494928270032367,0.133240587554707,-0.173030656449052,-0.154532708722247,-0.781195429494575,0.409911010966157,-0.330645082522774,1.08795696410211,0.428152631240506,0.758522479412482,-0.859296147342974,-0.873472643557067,0.324782491123643,0.437355752400877,-0.207386578382818,0.891192117795126,0.317060470759367,0.0660184101888524,0.0902461303992702,-0.0121306738551244,0.189129537346073,-0.813220393041682,-1.02923873191049,-0.707847638456491,0.997526204557106,-0.351102418090769,0.530238645965868,0.0147212757755568
gene357,-0.0521679117997571,-1.48771553126645,1.18413550839975,0.682975924600792,0.583709509934891,0.499198667306253,0.25398403328203,0.710023016358915,0.0042302679716948,0.516957689905013,-0.0864419307642787,1.09365288366791,-0.75166486585577,-0.788059682448459,2.56937280032105,1.00275240789413,0.843420619190667,0.96060929236234,0.0461422972855813,-0.834217115041353,-0.186427825560934,-0.862833821816145,0.838604231782186,0.455546054282748,-0.283887715908447,-0.714234483659998,0.6497183074011,0.756661534414983,0.901697405326488,1.22942062677288,0.53707150751532,0.657767686071192,-1.17217163463102,1.28225447090914,-0.810418506433081,-0.796704942285433,0.465128118311302,0.490696344216321,0.0551195563842044,-0.669338927366045,-1.21662940036409,-0.977496544544724,-0.0323208824051329,0.654668238678706,-0.905278817190684,-0.537947566470966,-1.26637070903434,0.34236414002469
gene358,0.480220581167894,-0.473134789169657,-0.863115294326087,0.313570256979378,-1.46377469790404,-1.26444297864457,-0.543121263819408,-0.347811358044091,0.175678915172141,-0.405915550053042,0.43642296462331,0.230077332863962,-1.33994328060222,-0.715744497036581,-0.730108466571869,0.249380789175505,1.62090056657482,-0.189074965120659,0.575570444452474,-0.422598922367328,-0.0899252456200697,0.568545426174715,0.658250969461011,-0.519967016181891,0.875195502043707,-1.04417156352841,0.522777430469791,0.241421492708332,0.531024506141898,0.224671627939598,0.740238782818334,-0.873157375216112,-0.207199681074331,1.83107162903562,0.908019542567459,1.37068098601777,-0.931875289516452,1.59976855365814,0.0386398963773946,-0.779026773387878,-0.697931337523311,0.179868153502652,-0.492077486987808,-0.950870355994392,0.247957426075514,0.672530560208283,0.351730164582309,0.0134496552308412
gene359,-0.37941154429968,0.168545279009776,-0.118115117094665,0.300585529773969,-0.700104693158647,1.13468477031558,-1.2639190377904,0.925001405324808,0.466207098608203,-1.13618921221731,-1.08089816885555,-1.36665682534255,-0.902819669465196,2.38974139789537,0.459215426107444,0.331503855583595,0.476378838184999,0.581171700405361,0.0736545403891766,-0.355829584649577,0.693504517192548,-0.18074803670078,-0.786653513817804,0.321475480609337,0.183281586647789,0.117164908110252,-0.262616234111236,-0.404317259682522,-1.38919773401176,-0.375427249982274,1.71806765842982,1.07443970996754,-0.83389690758143,-0.46450183741662,1.30086288894703,-1.39970002039921,-0.671890301862686,0.775813403424021,-0.504165235987566,-1.23770387686761,-0.0960319702657127,0.052214320952703,-0.454868201616771,-1.95279503846715,-1.45390805461703,-0.266824267661279,0.972237219203535,-0.470189908475721
gene360,0.112429292458677,-0.657444477278367,-0.309137139148938,-0.390417354927172,-0.199533376107161,-0.636940328940589,2.69967589456713,0.387162455732141,0.362612927517703,0.203513743794265,-0.603996383403705,0.451495704054841,0.906070859717717,0.282307016500526,-0.440493069156453,1.26519973593221,1.17813923031089,0.163928927426877,0.477002156214687,-0.14262164466802,0.218962932701387,0.111823625767583,-0.260311943790005,0.184315632879131,0.0989185558113755,0.737007529323545,-1.08225172667825,-0.51227224130973,0.0565623902789436,0.622369318262429,-0.20645018588192,0.451507311297554,0.805861900425085,-0.254342347790601,-0.12893044382037,-0.452863895256609,0.541662994899146,-0.140307620439116,0.376624009282367,-0.73997022146398,-0.28372615226789,0.597266920566195,-0.550718648854694,-0.551194491100357,-0.0831116400029048,-0.482997925201396,0.83210143471959,0.477347718847004
gene361,-0.122280875237275,0.371169107084983,1.00949017128845,0.815901570751018,-0.396366550108078,-1.43032636715669,0.830430573378765,0.520529675699699,-0.395558226314592,1.34214649810155,0.696366914929546,-0.487791202305251,0.21875053571207,0.161883899817691,-0.87806901786506,1.09027117255729,0.572996555144885,-0.297221317153368,2.6111418203859,0.416618807423481,0.239537411162549,-0.993583901900174,0.170155398532605,-0.441186798116745,-0.75113727964304,0.962304165346311,-0.191295030523906,-0.317628308595766,-0.484562146676391,0.699716573027337,-0.66434787697445,0.172078333513363,1.24955415781594,0.351974791097519,-1.0926878563709,-0.222759514933088,-0.409706965263189,-0.0488012781189037,-0.0600589885756852,-0.475758916767215,-0.415484029445616,0.347207586215076,-0.373083272294279,-0.202896814287293,-0.924023652288266,-1.42220875141521,0.983630715191944,-0.0869873427029732
gene362,-0.0479279875884046,-0.345405092944396,-0.119592295373441,0.102704111127396,0.209376501772599,-0.445133862109145,-0.484606753573741,0.063448479756132,3.01468244126213,0.519564906592522,-0.190372577270197,0.132271576987154,0.270397165565178,-1.77752133447591,-0.083188680101942,0.0360385729283535,0.0577486721344163,-0.445070510558335,-0.0457547647402042,0.107501436791994,-0.220525020712201,1.19889697087578,0.814914032345273,0.174787597743505,-0.653633825166075,-0.641402909471593,-1.13153021013186,0.482083768390892,0.0590708352934803,0.0488485402160733,0.917192220544707,0.291040934436217,0.508569628943793,0.0887118166346118,0.501182512709408,-0.315018200308761,0.165893884109919,-0.674302907585308,0.327121842278866,-0.0415063032912851,1.26543631312601,0.153492903552978,0.642999555792499,-0.589861288046379,-0.0501301615620468,-0.926519872221209,-0.472143072941309,-0.313361410690785
gene363,0.153609195461169,-1.07519600366817,-0.66617872656476,-0.227548183408549,-0.0649325799435262,-0.393766496180962,0.322516098331872,-0.220367410598246,-0.278911606146014,-0.769362109279025,-0.703968236562117,-1.03950373299769,-0.376556631736238,0.935854819775075,-0.276713336118612,0.514566676662613,1.59838274733067,-0.4138918659021,1.16525312040916,-0.274863930059887,-1.70588903186003,-0.0947250149326551,-1.36308377807646,-0.237121264510991,-0.906608820282548,0.18200305306206,-0.0569334648581091,-0.583585395201166,0.481577490965364,0.625053589748468,0.230103852731223,0.045549045060591,-1.38480367929339,-0.391523623757117,-0.256754653305746,0.582039399093174,0.217438383797101,-0.125798415994477,0.89909997598714,-0.628201927242099,-0.711147931210932,0.131228611616437,0.407824180030016,0.167411319158244,0.385729921765273,0.43116306042462,0.240413802363724,0.862141637072622
gene364,-0.377845096999756,-0.0509189814928345,0.24856541743308,-0.0891096928112272,-0.204105785320665,-0.217563082778969,-1.39532107111727,0.68298596350411,-0.17037930006879,-0.863537971574654,-0.604245465821505,-0.0007484334488433,0.325624343845794,0.31932567730348,-1.11835223967712,-0.0639186885885518,1.55762850265244,0.44696648593076,0.657750651002738,-0.179689228005246,-0.441249927034207,-0.627586459086565,0.159562871270157,-0.107073948077365,0.358677437069045,-1.62726931016384,-0.410752163293985,0.261737389164292,-0.209139506394806,-0.0347115893317542,-0.366623052127801,-0.798664637799978,-0.636893297001405,0.203101172828277,-1.00004033598891,-0.140902259354108,-1.52859719094037,-0.0941566775289889,-0.635496660560576,-0.579104099502747,1.11473542662305,0.386588928697175,-0.415690025263688,1.18295287664961,0.431799237927702,0.0865395824317881,0.291739786944414,-0.48872641955708
gene365,-0.219008161822299,-1.05981683238955,-0.422427294911409,-0.0581772763177849,-0.379945491945031,-0.117473765858423,1.40745286764837,0.729335538825993,-0.320756019516269,0.970041731544707,-0.299584787115214,1.18020486874109,-0.651561358772744,1.22167471824009,0.593020954315631,0.387052163803606,-1.24261424073455,1.07288997477386,0.148863388279229,-0.743019061802321,-0.106167996217705,0.575856310710213,1.13598791132221,0.914597986930508,-0.286400548984454,-0.924907268982683,-0.996209007358174,0.153415702267127,-0.597014092431076,0.460582202156384,-0.211800686190659,1.90369409442373,1.02923609958609,0.412325988255178,0.0912742805018668,0.269426639190276,0.265866556812229,0.282450156914723,-0.335021338908976,0.790734684302288,-0.188289262310965,0.196522844494898,0.563837454593433,-0.806187480921468,-0.121909451749932,1.33578986123846,-0.398908110224112,-0.607569131883545
gene366,-1.15653596105822,-1.00759213145178,0.171835993571608,0.238908298102853,-0.396832817010921,0.494866072293734,1.11185323681839,-0.604973162040232,-1.02881618434489,0.672207330511119,0.372643738260691,-0.046614848773532,-0.882449772548207,-0.159531612512244,1.23999972838111,0.619433970293707,0.340312997919704,0.600060689118482,-0.579613251147499,0.393851636088477,0.643049680810425,-0.25919353226632,-1.8944323500816,0.8504913422291,-0.399460441311741,-1.0383596020856,-0.415269215230989,0.239589699191425,-2.16508979089421,-0.424113920973913,0.539517940132143,0.468292325081798,0.333626900795071,0.203546094841467,-0.858362734481959,-0.63886298516802,0.02730219260143,-2.00353785201119,1.09400923144254,0.574897610599782,-0.287348193674951,-0.899600567524156,-1.48129721603078,0.220563528390231,-0.0537799744513593,0.170896159775939,0.726842229153226,-0.390883906741897
gene367,-0.60992253612836,0.475694564783539,0.661038346214711,0.542559464646428,0.52600197642941,0.491365157459635,-0.134696707817977,0.647207509116033,-1.1688271233711,-0.136936845379957,0.603277262865899,0.50275100385534,0.0399356138620036,-1.52479340326123,0.263018921692582,0.0860619192601116,-0.632494104734506,-0.120904305522229,-0.466187931957875,-0.833871589576747,0.225510361028223,-0.468208467089002,0.260336780563574,-0.119434242016019,0.0205435087673109,-0.732664867579658,0.0092916229810482,0.33788169626184,0.366902324826543,0.146408429112875,-2.04263179081032,0.808902740444852,0.243120408494812,0.114514892725893,-0.683896636682152,-0.912884215987572,-1.23861627948083,-1.77572323441619,-0.450270101428719,-0.624098814605511,0.439685850861938,0.555581603674515,-0.0018730629387531,0.83056013676358,-1.30790738701117,-0.942507140246383,0.401253994072971,-1.26120677667858
gene368,0.472327276376081,-0.238101287169905,0.0547506708112372,-0.751395169300084,0.276899501974342,0.55586851510444,-0.715845691426427,-0.595659255614904,-2.08936904591196,0.0753563919800565,1.43038977348936,0.805012295006151,0.564071860300558,0.479604665655078,0.213174183137633,0.22696825993833,1.18015071453537,-0.54936360587334,0.151111327698416,-0.438017637242877,-0.137439595929207,-1.27210898492928,-0.859691232420748,3.11171720314431,-1.33735058054021,1.57292285625817,0.314127023419148,-0.438234804389528,-0.612317494244285,0.0495023576039428,-1.3072483934684,-0.0395228416217206,-0.442620246738775,-0.290326901376793,0.320669815533069,0.243799526973734,-0.248518104239795,1.09197345702916,-0.650915543598989,0.439160103019604,0.565149667258409,0.801616566759056,-1.13608894062314,0.642132492493211,-0.264347641364447,-0.340455547346208,-0.445853470894359,0.541522209047048
gene369,0.293982305747629,-0.158893786401355,-0.821638647258182,1.09174411105322,0.89189074192418,0.764518906824158,0.732674621564972,0.270297142834604,0.368324284127088,-1.1929735668829,-0.3854304243878,-0.178637088052017,0.184142184288079,0.276722355545345,0.951934132886577,-0.703584168477569,1.03317983346208,0.363530670632754,-0.840735774907133,0.218914587633008,0.857060651047026,0.0262728974732177,0.089098188940521,-0.44816612671653,0.0895587099954653,1.46594426061866,-0.0156882310621617,1.18897387402773,-0.617205375977402,-1.41162154221541,-0.542029185022939,1.25778587631936,-0.375524379491627,-0.0136920877160686,0.882828707439707,-0.0051317842334298,-0.79808100109656,0.264195467177625,1.16183080799703,0.54314728616103,-0.196621310203129,-0.140780192473208,0.140208360868655,-1.36819985021332,0.203941827378401,-0.220805870211579,-0.535099751857189,0.0750606010405067
gene370,0.867702700059839,-0.0732754635138551,-0.550134870578265,0.554172901355273,-0.376910218109021,1.2744866092149,-0.0318102598140794,0.219297067980102,-0.0513278863472943,-1.39330770397783,-0.37427830350764,0.4612698664117,-0.242944567154944,0.311956245023049,-0.0660194717046777,-0.207961403461752,0.821568215453795,-0.0676609140150662,-1.062093015188,0.214939021739496,-0.272140984853641,0.816438317279193,0.507093463805403,0.366292137467695,0.378402858070042,1.49320021470234,0.263282336841185,0.159790835873525,0.174743275664642,-0.50724585800275,0.749866728751501,1.97092489948232,-0.248805173178252,-0.74255976719273,-0.259942989362536,-0.398669534365594,-0.494327719073399,0.39691394144492,-0.887896245958435,1.19914168506888,0.271860838706768,0.336093884554885,-0.320507799777757,0.0554583100591759,-0.318860611222346,-0.305036179084507,-0.493036173808124,-0.308843773124533
gene371,0.416252827604205,-0.861193701959449,0.982682161272301,-0.515925439885967,0.186512924493426,1.03504488483961,-2.51616397736744,-0.219397265972512,0.919900174453572,-0.753551078977986,-0.325035655244411,-0.138062855679346,-0.311687742977207,-0.470043549260767,-0.884536489504803,-2.15217077178616,-0.563642172711328,0.334530049814264,-0.885623415796815,0.817153996116049,0.190294970462028,-0.371033813165492,-0.527240824666311,-1.01593167524885,1.10319745296183,-2.11852678250592,-0.18712149689362,1.56660348091354,0.416024555344394,0.468791914873459,0.0641891260799465,0.371321194007998,-1.42133947986936,-0.260731201539592,-0.757385500677134,0.579751796242576,-0.339649337335053,-0.384275772946915,0.802315902950327,-0.614150086880709,0.469089587225559,-0.346291396882705,0.0599758107770925,1.18844916429551,-0.34653989376603,-0.463863191150089,-1.16345446362873,-0.546510878931149
gene372,-0.648514951191033,-0.643478598342379,0.981490484143548,1.03377007482454,0.0601527953072383,-0.301163053099693,-0.11602752941523,-0.390331430454359,-1.40419279664404,-0.593362226176559,-0.80624624579894,-0.179916600000907,0.0913687228709202,1.28639806269473,-0.746540783993266,0.613906439141262,-1.69556747929566,1.68459257637939,-0.0339491230610622,-0.602001358981909,-0.540505854362971,0.201567361808178,-0.189799829153298,-0.186721636704416,1.14438217846672,0.267403222145724,0.382565467529562,-0.208811746038911,-0.348133661618001,1.61316818831534,-0.759599310861556,-0.613714280678571,-0.10962337467277,0.699499378066237,0.827012201893655,0.849286065976804,0.960583399574773,-0.060355090494509,-0.111911922078147,-0.303670838763344,-0.594474980630986,-0.441249688961205,0.0386017998092531,1.21557210104301,-1.87688741124195,-0.845313478092,0.0793074915894137,0.385187936407879
gene373,-0.268880284401452,0.324148690490837,-0.181745310371757,0.0449320178504548,-0.085469031371282,-0.367219810032836,-1.20345003185015,0.535510163148399,0.519348799508332,-0.421420281784673,-0.155774518818171,-0.0579620773885289,0.655037778777347,-1.5010190446608,1.14584138159794,-0.264837522605408,2.11623971430475,0.0373513603048526,0.0114089671800279,-0.211039133233217,1.04951298665945,0.91634877856318,-0.191623264319679,-0.353159750383258,0.338273270316258,0.590310233397583,-0.624811867462529,0.386691347207066,-0.836378609804757,0.224413751529035,-1.21959570353311,0.161400858283202,0.896623080483938,-0.0725856948933079,-0.0887837239694908,1.33240567500482,1.5173855492646,-0.556888695255188,0.410637258062482,-1.56752612802981,-1.069389446398,1.46431267855101,1.83276871503635,0.725882591603138,0.048858165587033,-0.462114570362984,0.83995682528135,-0.0891822670682383
gene374,-0.482549861475619,0.770345358513632,0.0747941352426227,-1.01708108914357,0.0766616518758267,0.248085900962032,0.832050721605283,1.4151650654269,0.377069301782351,-1.17576016351547,-0.512372987871771,0.520929862779462,0.0331010700157758,-0.449205799380987,-0.759316760102842,-1.32109926245633,-0.220305147474496,0.545891598518952,-0.563177813125407,-1.05706438517114,-0.841592136192844,-0.870630661109099,-0.139644695713291,0.477991931380108,0.0580699285338585,1.31132439295524,-0.490627934894495,0.48284985701628,0.269095399224495,-1.53897398385266,0.355745785770335,-0.228126453401746,0.463427969601617,0.11001442637494,1.23561227320365,0.214159136254335,0.256458343683199,0.583028050299957,-0.402079657349128,1.48667413127003,-1.0335906628257,-1.14316032279408,0.163198783590665,-1.052257617783,0.173077078035029,-0.0827405763016187,0.0781282734287536,-0.254562969594727
gene375,0.776356581642093,-0.278118602642357,-0.963762583455306,1.56594176894151,-0.354206777993465,-0.357332372246624,1.1001230607404,-0.508771604542312,0.305963703987853,1.07553786540949,0.500821794663343,-0.612182879468041,0.206544523448502,-0.202697588693854,-0.364448399599652,-0.961301122911246,1.44811651231208,0.869148381548746,2.08981008900283,0.523743296382338,-0.869485843869063,0.692490802608045,0.0429403069307433,-0.312286002399394,0.766474202855468,-0.608005551406081,-0.554032074742309,-0.195911920859533,-0.88817666380827,0.479413214799437,-0.250794140960708,-1.04262757885046,-0.257884370379408,-1.05042564344284,-0.823173670205029,0.801759787521529,0.626102439213879,-0.318064500639988,-0.336198102716397,-0.190981306194358,0.0502908152394186,-1.0160574850746,0.74263320618151,0.86031691034877,0.839028840362149,0.192076319481385,-0.294533274231156,-0.522238678119428
gene376,-0.292212981401212,-0.690015043501314,-0.751010222262297,0.400750474029442,-0.226949373943585,1.15069687232042,0.120470046847628,1.05016513483954,-0.64498893096431,1.03221609791743,-1.57084806748937,2.3816156731264,-1.07901744952922,0.212253188140563,-0.458810099396048,0.118284204083529,1.00125275796208,-0.224644347069482,-0.194376062888709,-0.0432439979537411,0.170081163903309,-0.436083835600286,-0.0603734948429773,-0.943142712889204,-0.446173842328411,0.0632005697107846,0.114301534341157,1.20025163476911,0.0475976493439783,0.385708948453345,-0.369642243078684,0.199647139704168,-1.5558346359079,-0.400303878281642,1.17569190971693,0.150196078170388,0.342870702091883,0.084943202121417,0.623076656614046,-0.415147689191923,1.30479240492644,0.729562905538211,-1.21389594655402,0.853244175378358,-1.20305975194588,0.231166310833913,-1.19843275989339,-0.551043725059586
gene377,0.149671492679539,0.160423573133804,0.938426704634609,-0.107448336590658,-0.515925511428913,-0.229617851636886,0.192968074867987,-0.185940985525376,0.305513819058207,-1.31684854371046,0.295078478715173,0.159482127933949,-0.727259415403241,1.30914516859239,-0.351604620040431,0.192259244737888,-0.320858550712786,1.34332076686069,0.148978603708715,0.846010917703512,0.387239067354192,0.300327864184838,-0.791531850355275,-0.40078766782798,-0.003900385186638,0.59959188284575,-0.331732918058813,0.114622824293894,0.920610761405408,1.39439479884888,0.586956268623301,-1.13138390343337,1.75764063738608,-0.97857295021115,0.235328981773639,1.06199975726185,-0.340088241873181,0.87501646112985,0.458487611202769,-0.632535607262968,-0.181569042228,1.39506499472025,-0.231977278986188,-0.743333713046721,0.0582943197222868,-1.36469659343148,0.38296565115991,0.689526511532163
gene378,-0.407128991606586,0.611644447571856,0.506942858553666,-0.0878707740356704,0.876111782664132,0.642438709448319,-0.522030100275031,0.574338518658839,0.0780207014963336,0.576518830557669,0.0229974177658923,-0.316779348665651,-0.452769205746335,0.661181118824766,-0.930325677019671,-0.656400832360538,0.747145946544116,0.490371570865416,0.633085469971371,-0.581654078753637,-0.692627066988888,-1.29446618570837,0.998267015542869,-0.198838317899977,0.032244275354397,0.691163056719911,-1.08144395958722,-0.724080223335615,-0.484201380967393,0.54678214388387,-0.824444776967812,-0.0850772471188614,-1.05204782831984,-0.320544761131237,0.289495578680612,-0.528007333100334,-0.0966045072389523,-0.164105670798117,-0.283000892390466,-0.54010569260254,-0.622080745396615,0.359363697694315,0.366822686831494,-0.535386076984544,0.566444698017392,1.12929722134045,-0.0145231702651575,0.0147041543610454
gene379,0.291847670392547,0.450252012244159,-0.486497129484414,1.34051925555509,-1.02279719376722,0.963491057489329,-0.876772387998322,0.013891065498828,-0.462031493547843,1.18694595066591,-0.4812106556942,-0.476834694848667,-0.255883000761577,0.042137182137246,-0.0473276285606831,0.977168101911793,-0.971658663073882,0.472492986979336,0.668591511673746,-0.0683815123920408,0.680677580416485,-0.325107462554721,-1.83834722683189,0.512149231451072,0.207250518590364,-0.650749314768372,0.819243577554326,-1.37766938285654,0.867918795938471,1.10095157978253,-1.26110784099164,-0.170010996254953,0.854604445367241,-0.947283232019842,0.43448940235194,-0.0553655458983429,0.206933062098601,-0.974818262902053,0.219211819991593,0.0986978739705472,-0.294554499251203,0.769612896665637,-0.177372907449363,-2.70422336462476,0.826862533162605,-1.76139710448644,0.300168338112831,1.00123112287575
gene380,2.12262769216355,0.032745407480853,0.31953354568199,0.191481589475929,-1.36304827243136,-0.133316413594423,0.254930046769067,-0.427466417249741,1.14411964613047,0.594101364546993,-0.129432150514412,0.854788885522926,-0.703527880523448,0.746308821010859,-1.23392340753576,0.03071482313927,-0.383488378458669,0.819972644610695,0.562721860486684,-0.551692523381687,0.714064607817688,0.286164024679785,0.61571946248525,-1.69697685838076,0.442569008802643,-0.383091096172898,-0.614757843877236,-0.341172498923933,-0.73561858974499,0.6493303249304,-0.656681815780783,0.348755900132022,2.13056128008785,-0.552339621646119,-1.12976928371652,-2.05849433410995,-0.849213452326294,-0.783582699304701,-0.441678037446778,-1.77325015777492,0.195457707743895,0.670299873404887,0.432601671927645,0.567253718146503,-1.35048627082061,0.905023280771936,-1.43787620848969,1.3033001122848
gene381,0.950893624462375,-1.08984009623752,-0.188983628787869,0.231567556488098,-1.54084444092598,0.54400148643613,-0.55076835037363,-0.597792702991053,0.359361484522626,0.690149099683306,1.55227165302844,1.76282708155609,0.908409274805912,1.13319268440893,-0.410824951401014,0.388389356336628,-0.485304185836076,0.49747176510408,2.01173085937706,-0.104117479866252,-0.653648124780335,-0.724693713439534,-0.19971899240549,-0.527587977758122,-0.81473170640008,-1.00947066345222,-1.55595182300891,0.988588227406255,-0.509444039927145,0.0243202126454181,-0.529356421677239,0.0178652453653538,-0.583506176341685,-0.300481604480332,0.21569830690444,-0.702018845517858,-0.376119014311248,0.442557660608174,0.412483729521579,-0.236273373759879,0.303528134520901,0.224658068558888,-0.854427282788301,0.392385506937706,0.814099899495075,0.707446991088929,-1.17086309687761,0.0003112844629093
gene382,-1.10255344526381,1.44311571890447,0.494120318756662,-0.0076980701439308,0.13904988902895,0.0501725668237531,-0.0374977461792989,0.115920245787699,-0.0608682452371099,1.2957636254381,-0.306374684725532,-0.233456792653747,-1.13083592972857,-1.27809260703465,-0.79389250719271,0.578747083232825,-0.459896112163637,0.493889044289161,-1.84262098565107,-0.545951570167357,0.345653685275504,-0.313818114181384,-0.202435726600929,-0.242497296672154,-1.23387350348501,-0.135061719182881,-0.742526922226056,-1.35098973279769,-0.152608023817508,0.26351160095556,-0.955575392162342,0.241805890973356,-0.468569681379604,0.672415995626962,-0.312742602284961,0.417468065245671,0.750463620471885,-0.074616254749202,-0.690051508886797,0.186719065408014,-0.635856645388374,-0.323284144509479,0.368043454537842,-0.492606345181171,0.510755701189525,-0.956365644932958,-1.38170772374887,-0.931010672780186
gene383,0.929900792106515,0.0728846116441857,-0.0674046809683293,0.383180142416302,0.0478650836614613,0.0476114133975081,0.134330542053173,0.510007114542257,0.17873510021542,-0.318724059047653,-0.603298709147303,-2.51705535052506,-0.338231417797685,1.26854312447177,-0.30659405774547,0.0555551724810656,1.11348730136305,0.282977353400727,-0.684909662984808,-0.120720008817694,0.121598635718211,-0.527278539210936,-1.31262334859962,-0.0613741239013038,1.703784782166,-0.356011198198935,-1.68054650117289,-0.77405089564143,-0.0709682638106932,0.933822468635484,0.608120034314096,-0.468154957456998,-0.979206356656603,1.17439058165127,0.420224278093119,0.59822677031606,-0.149073271302028,-0.39646465939559,0.0626153611132366,1.01967294930267,-0.0198002684248345,1.14560370503049,-0.294457409216411,0.17660656234866,0.70423721270354,-0.259053551894804,-0.439617270106137,0.478924971289966
gene384,-0.38558221182978,-0.294302474825727,-1.04976325442712,-0.502128059105122,0.453986685262156,-1.35256697190768,-0.714878737541261,-0.861669798938398,0.498856607927704,-0.293589057714241,0.49990681760953,-0.137933344877016,-1.69828049814219,-0.0764409421468398,0.297405401086392,-0.125533224031392,-0.593073378731977,0.994372631735799,0.215840770782659,0.584913303672574,-0.506773050344501,0.831850488572112,-0.190103713152229,-1.4360631296762,-0.100048436210566,0.0714268850292149,-0.170870273964567,-0.63419448404876,0.617074070554612,-0.585705568009286,0.487332278718216,1.10061887400386,-0.130507577313354,0.20719668131603,-0.398306147872616,0.0117518552911842,0.243296558417478,0.468393902920469,0.536352331823629,-0.781369449691893,-0.252667298021508,-0.094125213081059,-0.324194414621137,-0.915443608719804,0.498216650543837,0.827617407686254,-0.360237376421179,-0.0848541964922005
gene385,-0.455435265751411,-0.856119052826024,0.142830914356234,0.737703037876933,0.341273038365179,0.739214301835651,0.157615425030465,0.116355800588294,0.154211515269694,-0.318326056503914,-1.04367459067749,-1.655500795059,-0.548362996020104,-0.411118043145065,-1.15707902280578,-0.894221030424742,-0.461307891264249,0.142662931989065,-0.285294336880804,0.14611607705743,-0.641505099036626,-0.232105921239009,0.0639560156430611,-0.076528883268612,0.0753635436277788,-0.279374673733344,-0.56045564222987,0.203716346008006,0.0694235185325382,-0.160547462873538,-0.0154223427708127,0.592113956739815,-0.0509368139555497,-0.3362543851064,0.174702408076532,-0.126767860359109,1.00612671897646,0.573736744656849,1.12243505711723,-0.75072001765385,0.393834387074301,0.592448152329499,1.00281997823406,0.4039717092639,1.33841424552467,0.441106081282261,0.669674094763053,0.793159996395849
gene386,-0.988610050595395,1.48119547650336,-0.0297659345843814,0.219386106757995,-0.154539438948223,-1.22684852989971,-0.275864424822893,1.31730852719521,-0.359504870821023,0.528269170690849,-0.503376174022217,0.251666481684299,0.292758882039444,0.507575838274017,-0.673265929271417,-0.280512070994888,0.047347899195106,0.312102239024063,1.70963939517498,-0.208032100320931,0.526443366530122,0.348035044380428,-0.294080298235836,0.104553383132249,0.205196136124404,0.511746080166095,-2.34134316741876,1.29327072892438,0.27359295401876,-1.03165255239178,0.351141699331614,-0.565539668116188,-0.494882747060266,-0.156160284558688,-0.576723909841827,3.02047798498646,0.384740555507528,-0.789063463835135,0.779317650659209,-0.731062700189917,-0.223647852774448,0.544490973103266,-1.3342532389412,-0.967739766851627,2.63399956680766,-0.231890555809013,-0.0753032169799185,-0.0305709845141801
gene387,0.855131893697,0.190040497958376,-0.0973482150402188,-0.900619566370007,0.507601673191701,2.12360750699421,-0.396268113048017,-0.926755482677053,-0.293989050007683,-0.553068687639221,1.21513428224367,-0.432411114534218,-0.681022261404473,-0.156330205656699,0.0936861782161101,-1.03826769018273,0.145567545102745,-0.075710139749332,0.187570675378399,0.479659266324373,0.0583269280510181,-0.158575416290437,0.0041472684150857,0.842216093229073,-1.00858766332435,-1.06128921362076,0.68764057898608,-2.04459937832408,-0.871476739653202,-0.632966696236069,-0.178766153300385,0.431745903346816,-0.333678228195775,-1.40823204237814,-0.572355724154951,1.95412716619032,1.07544000383249,-0.755258909292188,-0.388554409145328,-0.817582719886531,0.450325070471371,-0.550868978116321,0.147975754565125,1.25740982592274,-0.267894941132611,0.355664672234571,-0.761129836723594,-1.44662872085651
gene388,2.11007766601334,-0.389535435129843,0.241328354012007,-0.201763369808696,0.0449694523793578,0.57259500440221,0.175527102283239,-0.22360196709438,0.0904709586947771,-0.300235483306889,-0.0758742766701696,0.347441756021377,-0.621556348372131,0.77500559524297,-0.262854252607809,-1.51026602803065,-0.220822746795995,0.283117627152347,1.0849188988277,-2.06333804612169,0.199940036996616,1.45678477514269,0.966183918346799,-0.0040257773333958,-0.355897805146367,-0.884398728328765,0.593357822085827,0.637340222866251,0.32117882632865,1.42816020035535,0.0980503835686294,0.228498188541919,-0.879591216252984,-0.882681768222875,0.252101640899814,-0.608705014680136,0.905175817156138,-2.22964348632965,0.151010909539745,0.189351409939045,0.743138947073028,0.298771019344244,0.728780547895712,0.06876635382428,1.44927077820919,-0.501755757449097,-0.0388846509658332,-0.731631541346461
gene389,0.990710848664513,-0.129212029535927,-1.74929340741826,0.486548475531015,0.172593775710455,0.246188012180629,-0.395297000439361,-2.64863984785785,0.0839035553478188,1.40803374964389,0.216614866180854,-1.56862044232988,0.186481508695685,-0.0047506977325207,1.75510145478018,0.192654276336765,-0.153973837714256,1.09486209502242,-1.05725635055112,-0.304954248104481,-0.0522658914715567,1.20687477910201,0.333278572018458,-0.655663907173595,-0.703237347298237,0.341453876105874,-0.250469600790886,-0.833069675386099,-1.13838365006992,0.720868681485235,0.16606533212697,0.501975026106444,-0.0745864123668754,0.177515616207526,0.276051250589529,-1.54234973698943,0.492925422844451,0.62156629864114,0.391134930784064,-0.185018208451426,0.0797013769040315,1.00803498197972,-2.27699266349773,-1.16234460209224,-0.356813768479743,0.727516027490523,0.653739878797205,-0.589960738897439
gene390,1.36932717921156,-0.382090133848406,-0.391008241672958,0.426686321489718,0.148990169825174,0.743616550428579,0.799310498317844,1.96333427493203,-0.834747523655815,-0.148912395451143,-0.594170553235762,-0.701638453811743,-0.614345763116252,1.50850711269651,0.311290478527372,0.863005153102438,-0.451628934302921,-2.1441646056534,0.0852189895456756,1.7961683817497,-0.287806651696328,-0.392308533718362,0.11989063946187,0.444062066386057,0.360904465986611,0.296295383845146,-0.579889459112119,-0.804040858984956,0.435448180872228,-0.265272930462272,-0.544339942802766,-0.626326565198715,0.590873393112981,-0.401849466715038,0.442798179197505,-0.875186782737587,1.96323593056966,-1.12698023848324,0.549295088713246,-0.543920699656916,0.236139927863258,0.0185139123799414,0.286037851187639,0.274797019089011,-0.391132951935605,-1.50005175577044,-0.447066845148805,-0.0911127706673159
gene391,1.01585281170337,-0.0751549767243005,0.100109440834718,0.384104209384238,-0.118840459826126,-0.244035958806284,0.24514157883785,0.694941651952389,0.408812856702902,0.0305732710982253,0.854662046068838,-1.50232576341021,-0.87603999378486,-0.561080236212868,1.39465185706594,1.93257979493545,0.14839579472892,0.0082577854377244,-0.121849193583463,0.103244738760693,-0.288465797885331,0.123614360334314,0.418506551572241,-0.405839486503659,0.920715615842139,0.16920233733046,0.485492787426647,-0.847942260872225,0.361988518572722,1.92581318678473,-1.2875744239764,-0.414214633718691,-0.272027606154008,-0.161595643730789,-0.762969549015932,0.134858041145689,-0.164390613067417,-0.0049696585333751,0.323390279583558,-0.498033762305662,0.16900680369491,-0.83674317414274,0.0436989578927135,0.799198322472323,-0.610979807438354,0.0502463118604269,-0.0477354849040421,-0.250159306573829
gene392,0.189511675754379,-0.0922633051672722,0.135500557909952,0.847617579731662,-0.315339410088984,-0.583517986758474,0.535934349724144,1.46696544074288,0.877685745032884,1.10897197489929,0.422525750605647,-0.860147156379214,0.409116504193432,0.0425612424007561,0.175177809088489,0.272528357771882,0.599127096878999,0.485364048462286,0.653700576210529,0.118164236905726,0.501641036716098,0.954221696755719,-0.691268134368411,0.169024706896482,-1.07820926074947,0.639915068528699,-1.44015846265929,0.499042145304432,-0.895808882252035,0.772190572027766,0.0690810469329237,0.230497132254501,0.0579632601650404,-0.12950336349076,-0.67395268500874,-0.54597661636165,0.234227758763625,-1.04357826868323,0.581128556522471,1.61624473705493,-1.60345279088863,-0.513784846908117,-0.138220004353932,-0.803309829628443,0.0302660912775382,-1.14701204690476,0.451731965078865,-0.194963407859456
gene393,-1.23514191623673,-0.553047175961113,0.970305129703803,-0.333842220398353,0.0383853520234711,-1.07959682676698,0.155306310046167,0.728868481974092,0.166888627592675,-0.439252209327864,-0.0274412162015327,-0.195054357336898,-0.0223367934157203,0.0159073734220647,-0.388051269080087,0.71736034763451,-0.827220773343849,0.45464821523581,-0.261516958893175,-0.397975286888295,0.488904812088745,0.857658805210245,0.663633055437197,0.622419677990492,-0.301518787696571,-1.59472292197589,-1.6497974489439,1.08180177965832,-1.15610971210839,-0.488134006737773,0.331080341501572,-0.174734016920489,0.19892997026069,1.13785214812755,0.255597830897545,0.342006873820562,-0.313562601811112,-0.255332785376997,-0.520243993584399,1.7186739762336,-0.0125470825122132,-0.0811275907974944,0.651536997950323,0.454750180869247,-0.241179505179693,-0.784216633935925,-0.004257676237395,-0.875398517410856
gene394,-1.09695518565127,0.684127725595683,-0.46843927609733,-0.873457521467697,1.99428288870954,-0.0822302171117824,0.649391478231075,-0.0190567970042433,0.431193224518388,0.930434862026626,0.389993048042905,-1.10230343816569,-0.085723194596184,-0.105968581961822,-0.0553231651419936,-0.0665219089302836,1.01922106595855,-1.1465567438123,-1.10766934551108,0.240154204169568,1.09514078696521,-1.08708528623204,-0.520650595151279,0.358553735523883,0.686232942170413,-0.455350885023413,-0.410847650713561,0.465093254000365,-0.632332125863001,-1.34805175706492,0.473524975767166,-1.17755931985448,-0.76334009058419,-1.23428863779455,-0.129596965931671,0.190624646318312,0.375137248011824,-0.262340694768499,0.507839516534013,0.460093083606979,-0.508138499739772,0.371501752997655,-1.97936849813889,0.995457347457442,0.278497766992786,-0.364072289548758,0.508861050817889,0.558290345845728
gene395,0.122511588222898,-1.36782495468999,0.614978996903515,-0.687386386785772,0.932026226543244,-1.07588835017843,-0.247686870164523,-0.240334424707526,-1.37092999647154,-1.14538649940805,-0.197623170391211,0.0789456822410545,0.284773023372856,-0.237088502919278,-0.671307197692005,0.176723328422871,0.630764387878465,0.317664702778558,-0.923114720787918,0.279996597229789,-1.16068396072943,-1.21159837126983,-0.299633907968494,-1.23341708130066,1.2152218766452,0.137871637706375,2.00916802217708,0.0165815808335734,-0.924681881329551,0.700252549379298,0.620588174858651,-0.279322146430842,0.358286586915264,-0.87252166121843,-0.208302594448947,-0.717629469291094,-0.23472704253118,0.286633740213628,0.988229137924748,0.133944462226817,0.594423960666041,-0.539924800405697,0.37261759425308,-0.940616646850294,1.08312565863224,0.225929213670153,0.0622666038391057,0.43826400330855
gene396,-0.0669824272409825,-0.793006808156474,0.30955803399303,0.271640956183384,-0.87540563685361,-0.661147310331019,-1.24788886132684,0.280410677728048,1.02498366121493,0.577561364083896,-0.357034807047593,0.972205105617867,0.0139873379053594,0.0336058086192515,0.201754564592881,0.275169929984184,0.473351093437052,-1.52945711226213,1.19798699852395,0.882427385081982,0.0352471329867042,-0.17051387997927,-0.691121315481198,0.509722850884927,-0.597848317956472,-0.115695380998518,-0.213427545043152,-0.760586562418307,0.510814920003001,1.02920353730584,-0.759393856483005,0.485672176622069,-0.0487773849742065,0.576339463558984,0.1111008727603,0.921884064111624,1.00855272934957,-1.20752609607843,-0.508535002298011,-0.970386512721972,0.275570004331468,0.0425560624490953,0.569528768767592,-1.22187216136127,-0.574266200858915,1.1749790479257,-0.478657542390954,0.611773263745385
gene397,0.8734414753335,-0.411015382309459,1.11861150534385,-0.422229423452477,0.39076129156991,0.047169585554443,0.378890895769791,-0.0838835467451543,0.247737507728017,0.236154276459532,0.858852997564647,1.16854355472431,-0.433284013303191,0.719717093684994,-1.24884723527309,-0.0548158155555105,-0.181183472460139,-0.537567539189217,0.425428981853057,0.234831825187471,0.277515848161689,-0.641164885862211,-0.261762772981418,-0.747552119833427,-0.356952031950846,-0.754299159911963,-0.164459970015652,0.116470187683999,0.172747773821896,-0.566833759057818,-0.246777495988867,1.15151432870431,-0.344765942071734,0.022516560674358,-0.368555538326007,-0.15557953311161,0.703464288794447,-0.16943607367061,0.453405172680694,-0.457119529424175,0.876536963154335,-0.414655043032034,0.521983839173618,0.758177638679172,-0.723198887893011,0.659226650442196,0.602333045644071,0.645081088592924
gene398,-0.291897196371906,-0.143899863413125,-0.545325517508417,0.470157021592936,0.103212145571034,-0.60714076808323,1.28840990755167,-1.12111922684902,0.912544833253236,-1.15587965846409,1.03429768140977,0.486773501769335,0.268371675959021,0.325129840341324,0.109564160514008,-0.274635049957418,-1.70786324691363,0.277435624199024,1.3166186442642,-0.100001678590068,-0.239455866620159,-0.130537171957967,1.00993315410528,1.16100667038401,0.297365796976836,-0.798212802453755,0.634296487366758,-1.04751798080985,-1.48977097329122,0.0535111381570088,0.970422840147767,0.820478580493597,0.0966222774316044,-0.261481107043535,-0.534691642355363,-0.011817708963067,0.189400905140103,0.463175939819217,0.190626270439184,-0.409800810605334,-0.211110300283861,0.907545101013301,-0.0471375302948904,0.832712013759446,-1.27355661615317,0.0053979591135038,0.983470977330573,0.419678965135305
gene399,-0.456609144648122,-0.471130849658017,-0.768153304596151,0.787790139018012,0.597706273314054,1.77183840501499,0.509550027243539,-0.17031864038337,0.30388453252465,-0.818625224498479,-0.370593620908996,-0.335147835480731,1.41666934815214,0.287381702747678,0.155184411213429,-0.359961175064308,-1.34691114856407,-0.833168754190381,-0.266079871870543,0.407932689258434,0.0426656420538738,0.62207234369462,0.270958384974447,-0.746494264660238,-0.447249848135485,0.888348531332607,1.12877616375918,-0.245804516982409,1.20355384147483,-0.381902601089108,-0.461748228058189,-0.0261124273569662,-0.824010298163148,0.248204716503355,-0.692505906010093,-0.0910901259147495,-0.888153742565933,0.58844187667912,-0.472598985239817,-0.2839925124246,-1.26698772108651,0.447967473181169,-1.19609394911357,-0.186435468345557,-1.99426831632743,0.755682593724834,-0.401798921930764,0.197539942313649
gene400,-0.260977970091355,0.761820620977747,0.36905379249171,0.15347920089111,-0.914233178447755,-1.06962444739433,0.637429729875284,-1.0791263854779,0.28979779542138,-0.291748519067785,-0.340379871854592,0.314941466844658,-0.648607041341091,0.301809449853538,0.81777646503526,-0.498059709223449,-0.581820381866599,-1.04660160272975,-0.303899465080015,0.320531560664465,-0.814231006153193,0.625748002106739,-0.128947050383768,-0.438750316028269,0.696392836807331,-0.263006050526658,-0.156925034222193,0.0360912403701775,-0.311750496639232,-0.0208824901772129,-0.341944699318078,-0.870358731045978,-1.49417055489702,-1.0131752875366,0.079899444501094,-0.26502299381185,-0.295637557728437,-0.335501036486098,-0.0075180265987446,-0.0537300944455851,0.442192434988405,-0.140843335949497,-0.332734115008415,0.469394622019028,-0.828914208060783,0.047478996258125,-0.361162166174658,1.82977966241582
gene401,0.062230972032878,-0.124222347310142,-0.106188392794947,0.302083755404034,-1.16381570966872,-0.892110943115278,0.422381619680565,0.625897999231523,-0.91584441759525,-0.441668099838378,0.009347849862365,-0.542193643645015,-0.793426508812177,0.208222585150311,0.11781782155002,0.650329606343828,0.670134026652564,-0.0431220764851083,-0.16040638941216,0.835128726281691,-0.976211081100391,-1.35193263690737,-0.221092377123211,0.0739101232539748,0.888238623657238,0.387243577859247,-0.10289892697451,0.310789597118705,0.0542948764306109,-0.878722454964294,0.758537958901061,0.977222222302005,-0.448660209649155,0.521718980547823,-0.181675707208631,-0.172341183402162,0.313476133797118,0.916439235841398,1.22221955323197,-0.86939886026251,-0.326050276773928,-0.969289890403604,-0.760479055253816,-0.929837043783493,0.566308281088589,-0.650221640289326,-0.579549563410476,0.259837060028423
gene402,0.411175472420637,0.929609088795617,0.850703301251209,-0.208386378655257,-0.637381018413579,0.229546165950717,-0.679488436520038,0.251009382003518,-0.699435414149665,0.0512240367982996,1.0171859069837,1.37898319313921,0.0377825747950537,0.555786239020219,-0.0566745472826781,1.97342367543551,-0.6743984994627,0.93880997245667,0.852694486738262,-0.115813677955191,-0.419409225170143,0.417284261616673,0.37848927607118,-0.120595542520011,0.340953233247331,-0.363261363916336,0.635035066358902,1.35797016174801,-1.14496541593318,0.211833163106751,0.315534925046572,0.216084294378214,0.653457537480795,1.06910232213168,-0.30660839085098,0.37823928484769,-0.0961444333689539,-1.04749256175345,-0.664793384736265,0.539777651261919,-0.99258681915711,0.0053839171884123,-0.889571886319145,-0.97182612877778,-0.015913192426464,-0.711357244146101,0.591585549246306,0.848819090930256
gene403,-0.503939570337365,0.610205784083744,0.266926022120315,0.588820770896955,-0.276294245980746,-0.91730021470829,-0.495929061722593,-1.34034309482986,0.285125197515647,-0.332156781342979,0.165020490367014,0.956258280588039,0.893425765298323,0.18805202944845,-0.229747494910245,-1.55615259370232,2.5516826749123,0.0801451530672214,0.725780919439243,-0.542098779800436,-0.88221511659273,0.114963122691769,-0.575434969859675,0.289498991210228,0.628090886384339,-0.731848898521639,-0.0051745799830347,-0.0709576410287357,-0.409880602501443,0.494680911151987,-0.522415388637499,0.359537129852014,0.121775177965574,0.524432726267181,-1.32725650368857,-0.173179442945027,-0.626663293462378,-0.191175865037757,1.1420915693597,0.137017381789118,-0.230069828800302,1.21225553892554,-0.971772614814967,0.261532287068595,0.251820075149374,0.244411688085413,0.0761204138382665,0.641746411871496
gene404,1.69680267893174,0.70882554043936,-1.04232525516991,0.0649012563834066,0.300403405339577,-0.0699043065274366,1.10951154647165,1.21922659279985,1.00092073909081,0.663338043545087,-0.499166318524273,-0.607899975945484,0.481892027308339,0.325152138263033,-0.608530983487331,0.717979249918129,0.792423864098986,-0.787682501716608,-1.58711109097143,0.172244488146544,-1.24654403009666,-0.227865880420368,0.82401931478158,-0.251725715478497,0.663608186769393,1.42748084951155,0.124060347051469,-2.12184527615325,0.779876421483774,-1.29531902946921,0.630178036363772,0.877081643904552,-0.555182037163408,1.98624441612482,-2.07658724233877,0.569554734159633,-1.05748295426468,1.16328878563714,-0.0774042946575709,0.539455097356614,-0.497124053409817,-1.74546112112135,0.0598677142420206,0.275007129936394,0.664913703750454,0.538369918692613,-0.781135674254551,-0.265309967799052
gene405,-0.326157060649289,0.395461200906469,0.773399811180858,-0.823819392351038,-0.12900651246191,0.49931275816656,-0.0682579028304474,-0.928552946972986,1.05108718270325,-0.150234486933739,0.0299703128532803,0.247521308650063,0.092134825525507,0.571147150590014,-1.08225111818989,0.204975200393463,-0.485304270073595,0.814306744924661,0.769009841532246,-0.218860960339296,-2.52311545007933,0.332642795162837,0.105231341889117,-1.23325210953765,-0.279229760243732,-0.445070711897181,0.183276363354429,-0.198126492788075,0.0568650789488688,-0.554511513598501,-1.31246130022534,0.252569908849329,-0.638668464766294,0.859028259729347,-1.75093461704095,-0.0914971344769792,-0.69123664394028,-0.121012992862368,-0.937144135855693,0.177032569134202,0.367820544618863,-1.48683802458503,1.0498637089805,-0.0540125622506433,-0.0680536802766492,-0.447738698737896,-1.5237232505003,0.0595951232823454
gene406,-0.248123189990842,0.432329054030449,-0.432768609077167,-0.688231562594494,-0.225171016143042,-0.23324375692521,1.18540771502262,0.572194055358741,-0.122026743486697,0.284354731655641,-1.7899894209765,-0.470990917077872,0.358413151390364,-1.00233427488399,0.278870866940976,-0.893386018037549,0.579616626922304,0.0497523254150112,-0.34823124637313,0.399744678390997,-0.879108565014402,0.247954192611423,-0.016763374519502,0.180296902091816,-0.2721498637343,0.590278910496038,-0.271562529572332,0.148765520279416,0.11333390407761,0.67675203767865,-1.07600459079067,-1.75177295639593,0.104563282712143,-0.561295768130154,0.734893290556806,-0.299400501038411,-0.131625242615348,-1.10636982253994,-0.514810569345739,0.883490411132076,0.333602501437489,0.675557863885411,0.760079046844108,0.582057999577222,-0.707420540892571,0.150126467962333,-0.366127483148368,0.277210951484378
gene407,0.552423671120486,-0.163427863439467,0.152426894167028,-0.463568904631438,0.596528922257106,0.893931633096889,-1.90071371577957,1.65046922838762,-1.44073342493262,1.99042814904104,1.31358645872977,-0.846517428510303,-0.809355813915227,1.06425488567925,0.666882604791916,0.512862992230859,-0.157522081941566,-0.234048475465512,0.969089415183605,0.213450150887208,-1.11558755395147,0.521929394842487,-1.09049865915558,-1.69643465067696,-0.719890495256603,-0.573199165253417,-1.41833984236057,-0.963088883207416,-0.379943141414716,0.288119936574808,0.329720327450388,-0.244848103343788,0.26380596006434,-0.807632802241338,0.19311642268594,-0.308515455770465,-0.382723803438334,-0.0288697169508219,0.123150705012814,0.781895670457787,-1.16153217810189,1.21162850801321,-0.199702046783707,2.01661690146725,1.13855472128955,-0.730349762703835,0.218446052102894,0.395365044434435
gene408,0.0440794204608885,0.318379299039175,-0.753090670477274,0.615378576490904,0.781658879081678,-0.153938940025714,-0.311968209919113,0.474779019413438,-0.25755757866954,1.68486952493781,-0.409239739536783,1.63645536703506,-0.268485176887071,-0.166167725935388,-0.425856365956414,0.157175309651181,-0.280991408480742,1.20108247402538,0.15311714998264,1.04370814741481,0.509268106709928,-0.0444649189611447,0.0658347734328962,-0.786617524634561,-0.287106010323277,-0.317029719952813,1.09978365888736,-0.549095335470566,-0.221076275950253,-1.00844363402184,0.411451527959837,-0.524917587921306,1.98327287282405,0.254028777038434,-0.772008660978267,-0.210827701606023,-0.26360990039698,-2.11568874797841,-0.0639938007453275,-0.355107972476159,-0.0645640060936821,-1.23927542074771,-0.319908306173184,0.73226491815779,-0.202844314897563,-0.0003436590282472,-0.804832590578115,0.0021337996710582
gene409,-0.527693117254871,0.54691357933186,-0.655672758924191,1.44833237086947,0.335227451644071,-0.30425612032392,-0.59685648871005,-0.0068810558021422,0.31967078886709,-0.729163185626574,-0.137221488825781,-0.334111839124514,0.344885956572875,1.38776370511565,-0.699043650070038,-0.26617599845113,0.853083043521553,-2.45546794356883,-0.996977925537774,0.432933851306649,-0.522861647379037,-0.897641345185862,-1.32846879251317,0.290025246606979,-0.474867831984942,-1.16200598751782,-1.20767442143613,0.339117360580122,-0.683615425776832,0.453695407119957,-0.436706721015532,0.558090286396199,1.38040490931167,0.835169177965116,0.047805108815701,0.409753999030952,-0.0091073391166769,0.735578102367726,1.04567857203566,0.415584574666829,0.707205820045848,-0.0968001475349681,-0.346893927848265,-0.436006989437335,-1.72337843296333,0.424068932753499,0.4902173992683,0.0074077083860701
gene410,-0.0756273973214154,-0.916528599409314,0.401073769351183,-1.04550304708821,-0.175912753889089,0.640198303169555,0.755294512295745,0.551135052436249,0.624889188241769,0.0952368375250171,-0.64942143858297,-0.46522245071358,-0.772473063234623,-0.432612024036405,-0.014468908549669,-0.676273061778313,-0.42340701579482,-0.376244438752618,-0.486161228832182,-0.779308662591532,-0.224410301387757,0.0714926785938012,-0.0834474658803404,0.884447007679275,-0.280069793712467,0.128647356437305,-0.005344697970295,-0.352095713748457,1.54884683297035,-0.458771246411985,0.0368309038754555,0.0055222426556556,0.249008898151678,0.564614681018211,0.376501809489465,0.549826973176227,0.0877558964832581,0.988702673212198,-1.30588403035958,-0.44155084209431,-0.944932054473365,0.827423858792334,0.745892176256973,-0.657647747927433,-1.32349754323408,-0.27839435439132,-0.852154908536197,-0.808485357725851
gene411,-0.971592001422724,0.304167363358251,0.196479631273913,0.487671674311258,1.10859009920994,-0.199857883202353,-0.401436373013766,0.108621150223346,-1.33321170723004,0.746361251916101,0.485033718389243,-0.788660820917218,0.314274028183478,0.849452669774618,0.372384112389532,0.619509389204518,-0.278732455372234,-1.37919483242777,0.128440974531969,0.848235540447367,-0.29164720628097,0.494800389680002,-0.809997164219965,-0.0217065898730613,-0.27309728247797,-1.75704868823054,0.652552465120401,-1.33806717163928,1.08758329954799,0.0215362727538499,-0.530777551769127,0.303138947796393,-0.0335531422821297,-0.337164813991999,-2.45038817175571,0.59975575433177,0.403213287372988,-0.590197939727693,0.790255682194368,1.06712178728203,-0.461316449697167,-0.380631142423304,-0.270625875471968,-0.064321964887263,0.987949764332905,-0.0388942063635864,-0.0562135156594533,0.224337685343467
gene412,-0.462294511484213,1.5521837348537,-0.219753158602665,0.712306293570801,0.295226656882806,0.478296852937209,0.393597352036794,-0.180084807653827,-1.40507401728678,-0.321006940559699,0.345790913540138,-1.02060308219401,0.67090855492305,-0.331735095143992,-1.01257401565697,0.425562020916846,-0.825109553167293,0.135276659363891,0.318757227688213,-0.149894826751604,-1.10075006469547,0.0771798815651017,0.022568644324303,0.0629597761681156,-0.170611313202927,0.333163602501871,1.22946002201807,1.26563649291771,-0.249876295984831,0.665163163286722,0.206094971142894,-0.452992978006436,0.809142037244567,-1.19583169377573,0.159826770628927,0.0397137897404589,-0.641276629833526,0.490581095756793,0.113677389112126,1.27629354877841,0.242008473258907,-0.815448332432416,-0.43217299787332,0.0783000722764795,0.534461373194401,0.868312977229004,0.14246260991512,-0.691366250328335
gene413,-1.30989089157258,0.649711346062365,-0.978685342712224,-0.0247665579445681,-0.127428191834875,-0.242127750969493,-0.949426594984244,-0.024975896183288,-0.273192571658249,-0.840469572578408,-0.21204724817337,-0.968700989099051,-0.413985035309866,0.52368029501878,0.0514173135002794,-0.0402345798801313,-0.560618483615332,-0.716996211917516,-0.168522041237524,0.189612929137348,0.564130147390625,0.0578761822415064,-0.860429160590878,1.37464312424079,-1.97732999641877,0.384278448194768,-0.402252421119384,-0.497753354419785,0.0312347136994145,-0.911656558079396,0.316090962486229,0.404699392938878,-0.335983159301868,-0.0974538638762587,0.750850343219577,-0.442689186507479,-0.0546730793230997,0.0812813232454007,-0.466060429457855,-1.10756821378717,-0.542434687777704,0.164653798697904,-1.81999445320227,1.70083669468435,-0.589586447434077,-0.587830638387884,-0.742204935088477,-1.73217290731327
gene414,0.752441452137035,-1.09513192231806,0.922399304543441,0.392871564169934,0.546738803183053,0.866634827546263,0.727074008698911,0.363887012969415,0.341841440450374,-0.819853875133698,0.067261541829025,0.987328727465342,0.249075716604417,0.103365501471431,-0.237752875273911,-0.384201266776848,0.301490971138727,0.0087760470840706,0.284031037422357,-0.790342239530807,-0.285369554509029,1.5767158382718,-0.501533405903533,0.571527029928391,0.428940740860177,-0.970256817164986,-0.964954285155563,1.61719065603519,-0.2216262688408,1.35622919186877,1.77033752696761,0.813560811335756,-0.0459850257108369,0.804748226154276,-0.0063261999777883,-1.80311150834845,0.78223607163519,0.980687734435987,0.596395239276975,-0.119363864112838,0.490442489367408,0.811888361020048,0.14673122743478,-0.0628923842559947,0.662395828975258,0.775097551989273,-0.133385662415881,0.375116824812544
gene415,0.585712025612608,0.277574022252067,0.150765374149088,0.0624736127348583,-0.194895766695032,-0.0716407334325848,0.664788040120648,-0.244198194504668,0.543979026315671,0.610873177246542,0.670679754725051,-0.10019472592404,0.26184514903407,0.716073314371719,0.479571124672041,-0.100447202299047,-0.16582117676794,-0.805946130898261,0.747426887240312,-0.0047619183647769,-0.793038259391577,0.498302453856706,-1.01350617826117,0.737478230913398,-0.680612360542291,0.621055934656635,-0.601585777970148,0.440313290323726,0.486529649918381,-0.767111609832609,-0.182117494370822,-1.69227235688991,-0.434091620764793,0.169485864680924,0.48182151728925,0.289862718684178,0.485646650219731,-0.763141182646863,0.746836561950975,1.59197328926906,1.2700161249642,-0.470150771112272,-1.72853239798202,-0.806701810361113,0.552707841641233,-0.449401113608653,1.08002137638112,-0.588822094734815
gene416,0.0812077401118867,1.3188618800381,-0.826642747644423,-0.256351622472029,0.432779370532104,-0.0490250352879433,0.34469973239091,-0.271909633998966,0.4816154254822,0.732005252946295,0.21873059587916,-1.4253654013825,-1.25127496109097,0.111403402532672,-0.745910332958962,-0.460754472816871,0.149164184106649,0.474144425287356,-0.0307439140820299,0.691350117427612,-0.0272597691664338,-0.668805068016484,-0.474266638009691,0.483688628387773,-0.180905465982241,-1.49374301160814,-0.401586809464307,-0.834438432739433,0.0070534136689752,-0.0217373051608778,-0.0246994615209402,0.51866349696308,-0.554093853655026,-0.73847190130721,0.972723203905742,0.586510374117913,-1.00866328970012,-0.449504936827182,-0.843026092026576,0.71427335810555,1.16157362262565,-0.111273853984862,1.17078940986498,0.356353630117527,-1.24655684973874,0.779396467352567,0.653343836652657,-0.593041047590715
gene417,1.36842215702592,-0.240137715696902,-1.1857706983833,-0.484510960424603,-0.325613701329616,0.0407004730904048,0.178587177558688,1.26141678592722,0.634350535836758,-0.0514333323468746,1.05582288729924,0.606145139609719,0.269679494529887,1.15509424054103,0.931981888238411,0.831279946136933,0.0204537406488324,-0.323719032740587,0.816412208496288,-0.404465938450631,1.01528870423299,0.0896272072249777,0.331860050552113,0.640648022586088,0.140799859330264,-0.306811887653012,-1.15635272910361,1.00625371291836,0.399824619708698,1.6368040987032,-0.526868901517312,0.202285421308202,1.3932809519213,0.0700828178749022,0.0644577938876597,0.395746812652073,-0.810859981244418,0.422349139229551,-0.545319897004157,0.365555137547333,0.86189243650025,-0.200378340383516,-1.4837587619809,-0.441876481723533,1.38792158668615,0.834303447082305,0.431584912775288,1.13420364752628
gene418,0.261303323967057,-0.626947353984167,-0.351346236797152,-0.240127701990268,-0.319256785339913,0.361574362494437,-0.216423792808984,-0.183391594641201,0.300642871480825,-0.207119827660547,0.960165193920752,0.0479015471983145,0.755383311124781,1.62740842170852,0.392365445713153,0.447802583786439,0.244111518925569,-0.577739534445731,-1.87802355506364,0.47691351676048,0.303425104503629,-0.404565874538602,0.206788296307738,-0.975761999669186,1.50062515977786,0.365654803592757,0.441103393537928,0.0807275600357834,0.694617739740127,-0.504384176377076,0.482679985330684,0.391571007706086,-0.944232602958798,1.07480623749992,1.02318705587743,-0.0210753798326283,-0.120150730612081,0.864353687778774,1.08030554556457,0.851973480608654,-0.0630245273392159,0.242839623145385,0.737066073388819,-0.0536646191724582,1.11130846381311,-0.562335197744167,0.855831071964253,0.0736049366300824
gene419,0.26963496277875,1.71817326106126,-0.0405634439242522,-1.11470688421606,-1.16382520645714,-0.976415143419579,-1.18975692698275,0.437213143694419,-0.986398075892201,1.50394727843423,-1.07166946175619,1.0300526315355,-0.0731225109084746,-1.10199454465865,0.193488354196939,0.262271892047768,1.22273897450545,0.575232497252954,2.13666116919656,-0.951613515026448,-1.06482438296735,-0.689380639390652,-0.512667558248086,-0.23932140431539,1.05625109652367,-0.34309943933241,-0.699368435808576,0.639570990044019,-0.216738147857383,0.872572577767415,-0.792067061570958,0.646952785881403,0.0547045146818893,-0.329928409878439,0.858046107066038,-2.21054905662341,-0.714187171681451,0.186083114244613,-0.376041351582116,0.875306755431789,0.0780574523264879,-0.847595888732505,-0.422954598880784,0.255647799307011,0.530446397231235,0.693969485744958,-0.921914781474567,1.86623314590788
gene420,0.981008922127021,-0.0122058069550877,0.582828941932824,0.443224869542899,-0.506820852982762,0.194727564614311,-0.659019774326815,0.763699298636194,-0.26171907166633,1.03611456181653,-0.400010609432452,0.104264170063982,0.878458523596097,0.350285569474088,0.693676511289209,0.416334075957756,-0.511279313158534,0.34620009547829,0.397818365183228,0.027390225989445,0.508804604474993,-0.214364837306429,0.172407146911001,0.113936911710404,-0.680949988624649,0.212350303129039,0.463099212490669,0.437659757946099,-0.073583148602049,0.605775165909494,-0.482697721612393,-0.275535688431077,0.43019548662468,1.0148212053439,0.354371305193396,1.24733180861042,-0.767186037457266,0.273335637842289,1.35054898192044,0.430865858529823,0.330185309398597,-0.901988699825732,-1.02793418248358,-0.400668986655294,-0.0977406664491692,0.37894454145027,0.11909839547857,-0.60613653751233
gene421,0.843013488818075,0.273788942824998,-1.96493714569775,-0.048411871458025,-0.333650547158594,1.05178183698481,-0.885578699019946,-1.00132765911188,-0.430594600487529,0.801641149505389,1.11997699339092,0.148389359850554,0.588608554417746,0.347255420575975,-0.297070068990424,0.121970919899486,-0.245102174068037,-0.269489514040771,0.152226899626361,0.0755246865839184,-0.759316639605257,0.154699742548082,0.191925318282114,0.583718153087344,0.477646397278277,-0.626235528447337,-0.179722005321459,1.65151799728437,0.0669704858682642,0.121461581379491,-0.846583666618005,-0.150563043167391,-0.861915947408195,0.013895625031295,-0.0870555396807598,0.331474775855205,-1.25650514369598,-0.5816391200979,-0.402142060209749,-1.09837064101812,-1.56021768002109,-0.117592943963669,-2.58875987615291,-0.225826431096616,-0.403594007377447,0.176973995696936,0.421306947921553,-1.18175232953218
gene422,-0.411831167068906,-1.41503147026347,-1.58151541613016,-0.232011492524411,-0.0850666180057182,0.286717996632513,0.0573068392190256,-0.158018121721922,0.481735523871218,0.236164110652326,-0.535068042131156,-0.371789514616668,-0.236658257898889,0.431975171134774,-0.736613312848852,-0.602874613887908,0.271192274710661,-0.691767496582039,-0.125209190729338,-1.13950534959824,0.779441694750514,0.0241082580724802,-0.291713005602119,-0.0044890714035458,1.41723822034611,0.673687439023034,0.44087550007157,0.0385922374342772,-0.225904665977136,-1.02882904454112,-0.541887735563736,-0.178855671170161,0.100349228202231,0.101298283990983,0.172664590919356,-1.11003661812771,-1.33124242654365,0.886983552954913,0.17064693458479,0.574330301862485,1.22403840205731,-0.0040807166731935,1.74322881907408,1.03164222200852,-1.44281363897505,-0.41947387829315,-0.439630394668657,1.3079737439588
gene423,1.21996667245162,0.305642278438002,-0.804120081766721,-0.103994428890935,0.239250746915692,-2.34829173677022,-0.58106820607856,-0.980358392914942,-0.808144834399452,1.01695706479003,-0.738289681604286,-0.477309089233019,0.363069780446119,0.337104556705496,-1.55804491730941,-0.0505595408660588,0.483637256563898,0.0370666855382269,0.141614510687174,1.09245964348241,0.768479401516493,-0.17329026985127,-0.271453759027001,0.2556328035567,0.39867777349564,0.0103264999512387,0.365635212127688,0.409068452490623,0.147880859472629,-0.492711127134004,1.24949312213641,0.179810311574821,0.860086889062439,-0.840845148137936,-0.334634217659461,0.496762277520665,-0.130026531459311,-0.622505206384693,-0.243257549340221,-0.648473762585041,0.866890964777314,-0.620409285071518,0.977701903477221,0.294959439404758,-0.554962246354613,-0.661336180205609,-1.49990201530493,0.783180811200848
gene424,0.704529752806218,0.529014901996195,-0.617259747231583,0.496613046486159,-0.0502676372806929,1.3099736885868,-1.4825304381601,0.937860711486971,-0.022597285605186,-0.227427622400942,-1.18505328487472,-0.0589515090972927,-0.57090158399362,-0.171077817004555,0.857697849581549,0.205004854725581,1.16378675329961,-0.123824133088996,0.135713973724435,1.0476743432847,0.732265475390524,0.253629750548867,-0.165399001877406,0.474850170639296,-1.36595324799702,-0.839163686976698,0.0375359798090045,-0.0754946967390194,1.05960300178827,-1.43135700558506,1.25826798592771,-0.26098288027135,-1.25739017301811,-0.0024493315630117,-0.115078150181601,-0.251184901868279,1.2706609690986,-0.327011714488161,0.704342537609218,0.478265651127598,0.223003119904911,0.358968626736338,0.46516855855991,-0.083624849190021,-0.487798435844368,0.122049944368777,0.168049054598723,-0.196217348996535
gene425,-0.553749657336105,-0.377256970551281,0.565704489879202,0.814476256525453,0.771895315671736,0.602972989040961,-0.538031077970582,0.247259419966825,-0.534131878499565,-0.360374299410207,-0.378417913004805,0.2847736981305,-0.264431369008078,-0.132817645897882,0.304688012810466,-0.945513632356753,-0.111138474018506,-0.119614264437199,0.134694007392909,-0.68770690879553,-0.0628156720218585,0.795071252335495,-0.360408105863081,0.495940465493733,0.0147318509068381,-0.405646915046512,0.178745726903019,-0.157861579891699,-0.128273896876171,0.214694085343288,-0.889668294087173,-1.41408912235787,-1.23181807289116,0.25208302198751,-0.986926105355676,-0.151814572885488,-0.448101359027028,-0.0117565932210482,0.629604752934676,-1.44044293369463,0.417347511784962,0.753637588385311,0.512483588655493,-0.107491882291465,0.534962006085377,0.303402270522528,0.612349987453117,1.18735830609436
gene426,-0.215925573132277,0.549958285792466,-1.60148275272219,-0.164420443396204,-0.451491369348715,-0.381522030723637,0.507823096932188,-0.580699855488585,0.476654599141911,-0.115070274850924,1.3736022668761,-0.30163397547184,-0.10609006163283,-0.543057507761645,-0.443278045690654,0.0937103898810002,0.564124925248011,0.51856973095889,0.637405541486471,-0.246534182788447,-0.369021109176654,-0.586392258537322,1.28800859674654,-0.457198231540929,-0.364146843980522,-0.397873171156358,-0.428401033289232,0.608305513215052,0.33111605193628,-0.0960779865041759,-0.770060598106333,-0.0397549616423039,0.967472976187673,0.375633091489176,-0.263574022192096,0.800430549337863,0.267115969042566,-0.746919476828072,-1.02896877273807,-0.0252969159576838,0.644883803478393,-0.19433595503833,-0.375583407440099,1.29482553855762,0.637346399901665,-0.544497413309056,0.685858634812547,-1.43257762075833
gene427,-1.05565228012572,-0.443439051596807,-1.31113982098184,-0.597848564932685,0.234447210962219,-0.491994178187953,-0.123425141730421,0.20750439592611,-1.22990177177276,-0.477423923912817,0.275129451729221,0.237130771193736,-0.34114048728739,0.26995314479564,0.0897764036656809,-0.180762263083212,1.21369129586825,-0.964582087215878,-0.0122503322847963,-0.149508487111731,-0.529555900602383,-0.321767639713165,0.11605019982202,-0.523627532011978,-0.65633447721181,-0.558182647056191,-0.303666806169551,-0.230848856345061,0.51800324693581,0.043045480002479,0.0288768156335439,0.196013388040164,0.419295643837669,-1.54004979399088,0.473655027741135,-0.0321703175682966,0.599132528742228,0.366781213037243,0.939289121130097,0.178349843552047,0.26998812369476,-0.310647130713846,1.8063759862639,0.285566392687694,0.593621974051059,-0.147527620264976,-0.903939268473854,-1.06567023937353
gene428,-0.387159408309972,-0.247095191999884,-1.17002721609658,-0.90315885480351,-0.911762873275194,-1.43023474603267,-1.22446851760168,1.21059262811148,-0.671914771977469,0.905377930396625,0.110064363494078,-0.0930236677390821,-0.0334329605536251,0.171214672812412,-0.356358272209847,0.28515452689237,-0.44863672378903,0.942444423172937,-0.226885634533635,0.337826009152808,-0.0931620273522404,0.195910029561229,0.444118560135753,-1.12316254375512,-1.22025363151113,0.258260026037552,0.0435449387347297,-1.25685141677871,0.72723561997179,1.01716277663603,1.32107311603492,-1.5414109368368,0.148709375464329,0.408079839189189,-1.13750196984178,-0.38509479465295,0.308789922958233,1.41144773877102,0.470268618399052,0.408847381488242,-1.15312427947165,0.0959128021171139,-1.07015401311745,-1.21910607818124,-0.639280066738962,-0.870998431163065,0.293059935984921,-0.10335532453662
gene429,-0.605341841842482,0.604748402754974,-0.0791268617858438,1.21481928113772,-0.828961909140502,0.18604256242155,-0.15904725064043,-0.417127538266691,-1.06627378904313,-0.570798178727086,-0.697545728381885,-0.0710533700341495,-0.446817915816803,-1.86590721726208,-0.364827905578766,-0.3128632815635,-0.0162855742163406,0.0932649379653196,-0.493731477859345,0.114608022397591,-0.0193800822973246,-1.57165922824298,-0.182662460734876,0.236357873487123,0.8092643755349,1.30411800264693,1.11848031576233,-0.956164537153542,0.836338027746114,0.212012293678387,0.289636859732263,-0.265217214419246,-0.426357519030749,-1.08514670348272,0.0711669601191769,-0.862711246699038,0.506808675477932,-0.0074690735999662,1.55589966145882,-1.0305444774134,0.320952814866862,-0.909970103194854,0.183294352835852,-0.0805757264134843,-0.813626545422797,-0.548393320098844,-0.0655526406629374,0.611432647920948
gene430,0.263196675511934,0.49855839233984,-0.482758400082884,0.325633749374015,0.581328515784295,-0.417043662287167,-0.244085243524508,2.04249405848735,0.104034529036804,0.467304606449725,-1.23818400756183,-1.05897413163775,0.136952230090862,1.00139098645568,-0.963765189779725,-0.224733886102881,-0.508840805210719,-0.264184831944442,0.215910698185753,-0.698674755453134,-0.51732827926002,-0.609556137876287,-0.817984897332924,0.124746509312018,-0.0830608869212657,0.436524428221365,0.264181561892674,-1.66439820999771,-0.543185371674452,-0.432225932133724,0.560054439329759,-1.52592172678647,0.0737033574325341,0.765647447618661,1.8064874024983,0.245847270662136,0.843192965953318,0.724564596837011,0.513888676696974,0.95953331272814,-1.04245396785978,-2.75988461564634,-0.0383151341912933,1.48367285968743,-0.281304952871019,0.805492329595899,-1.67068966898009,-0.349608688319981
gene431,-0.528052566983023,-1.13176334321422,0.499515617030892,-0.217667302199692,0.255264752255482,-0.727512612042737,-0.0004927224292586,0.111331500792518,1.97885386888032,-0.229622474978247,-0.142117617064605,0.319376498521078,-0.765370228132902,0.746898111441978,0.108074722658705,0.18200461123628,0.69482288880249,-0.443617792151765,0.364739684746929,-0.259984856791703,0.923926539465677,0.642010544461639,-0.603217792509218,0.405886682332461,0.34085843368386,0.250262030779106,0.180852659916026,0.8282579973371,0.364314758201616,0.670373622327029,-0.154485774056195,0.203381698373987,-1.01393000383314,0.450221762778614,0.274094173818754,0.059732229819913,0.405327162785728,-0.223860115901367,-0.142737509053273,0.263714794751946,-0.951098826227197,0.40850021160372,-0.167701675233658,0.274549317527879,0.0360775494689841,-0.177143234502162,-0.485926178570758,0.833599468062607
gene432,0.0084345631281667,0.491700423734178,0.295239185711048,-0.0059584171219128,-0.347920938906405,0.491618926682198,-0.696775863654068,0.753053058203197,1.04039597089223,-1.3772573563017,-1.09206712800976,-0.453010917031584,1.09993102402561,-0.79144069515807,0.626110123886602,-1.19474881442884,-0.114894186771784,1.29608764240137,-0.155191547194519,0.614620731167791,-0.240178026871842,0.214763289804768,-0.544780448711124,-1.31163681709228,-0.146386805462861,0.382703026347759,-0.643309517390341,-0.255705253393438,-0.207277590919148,0.385091054086639,0.36374796611663,0.705344196923667,-1.10028441693415,-0.0850208162224132,-0.119672355921717,0.331430431269493,0.454320160157618,-1.04249686364798,1.05123385445738,0.406951161963144,-0.345181894100234,-0.426987461488742,0.31874842087141,-0.0694694499732813,1.47839118203161,0.397091995383217,-0.12829411816721,-0.723800135459935
gene433,0.562594758942596,0.0945463843610363,-0.100769079691572,-0.567536895860583,-0.606555780192682,0.0571691214857499,0.001573698817951,0.378980238256628,-0.275291928130203,-1.09218178779973,-0.0208968377637158,-0.287078846196371,1.05540072424262,-0.747087687160737,-0.402762125286349,-0.141767232203625,-1.31047058534842,0.164950648842196,-0.959248308509996,0.413246619983818,0.132484006893395,-0.287623222255718,1.72816837620814,0.329297890167403,0.564298101119569,0.0745054639621812,1.00181428917039,0.10560411370962,-0.120623360395887,1.08877184307667,0.278430766622156,0.719908683461348,0.232332207903655,-1.7704967368218,-0.803286369672865,0.775002409883492,1.17642699004141,-0.440713075158834,0.691271328237646,0.263899966299407,1.87855397055029,1.69073813396124,0.717034731291027,-0.738435196392356,0.631167607311169,-1.25525876097637,0.149750350501885,0.169102539655528
gene434,0.920579159010493,-0.169568831201221,0.832410485038289,-0.38435895175823,-0.266000199587141,-1.17332832943012,0.341470508941909,-0.715752722837016,1.72597514084146,-0.718020493127648,0.097527193352218,0.635305409458764,-0.329112445974806,-0.633442787267948,0.535176617755277,-1.08593474993533,-1.80675199608707,-0.534446250457982,0.400271736530357,-0.332239723103468,0.231974009238857,1.24931769597133,1.76594549822091,-0.67071007601972,0.111540266760127,-0.053400621127409,0.128919714325485,-0.211041173643452,-0.251413640833057,-0.291969610153849,-0.0056049707341529,0.419469473227282,-0.0770341711850153,-0.431986228737841,0.650896040256147,-0.339631011966021,-0.775524728489777,-0.682366486665689,-0.119416296204768,0.778166155721649,0.0306405030397643,0.458149288817952,-0.595888913367073,0.744739927486082,-0.607445787852898,1.28474431290656,0.554094518297529,-1.32950283581363
gene435,0.797314186527378,-1.55372663518248,0.553693238890755,-0.0986304601032142,-1.13279886352198,0.108628667740834,0.243999548016023,0.373387795473449,-0.229787054403489,-0.550694258257145,0.808024977001726,1.24636467105996,-0.0453099478489837,1.06393313618122,-0.151513906898815,0.358158878357481,1.81496509904142,-0.0597708505423513,-0.386737417186023,0.720403148892373,-0.335354207001001,-0.68169894799867,0.682049433408592,-0.0406549274013237,-0.167315737917548,0.0303427226057464,-0.799216474112544,0.897264163173303,1.60617115967052,0.371139145441613,-0.0571138073645466,-0.858032205094962,-0.168915637139364,-1.02423999364397,1.53518395870111,0.540421987081506,-1.42165668661061,-0.703959045078879,0.585134617748765,-0.723237112135671,0.773782957868802,1.05363414438259,0.913290714554724,-0.168661332091395,0.090933656668387,-0.796506966160959,0.26582922754378,-1.06628183943775
gene436,0.544795290543093,-0.482478588283653,0.838995862915821,-0.855128379465331,-0.165017678641478,-1.23514561239447,-1.25553680827084,0.230758628065439,0.604171791609685,0.377570946161756,2.01943841973383,-0.273837181662702,-0.691222675513804,-0.270078433595191,-0.726040052725934,0.469426501887724,0.358465231653122,1.41481245633274,0.579119023926754,0.30738253806288,-0.37550180645422,-0.460213185157104,0.999388720434319,-0.0104924732016184,-0.623002772356413,0.583638128241775,-0.0849888360002786,0.326454906065153,-0.242173340923449,-0.947738524421866,0.0952566145496443,0.459366819823911,-0.16307739128975,0.0182835366320559,1.70168870559891,0.157713952751155,-0.102018359143472,0.272289580416242,-0.448300651831498,-2.12442426326279,-0.0525477175806485,0.556612049013722,0.103782411852266,-0.628587194836735,-0.893803436142663,-1.53337211409304,0.715650424403197,-0.0215464053582981
gene437,-0.522436263761975,-1.19878524292339,0.165945085725124,-0.11692677532525,0.16861821304319,0.0720983164613298,-0.274493467990049,-0.416128510447238,-0.0654417241721592,-0.152999820358841,-0.422087099313082,1.23104991586297,-0.164143932380088,0.826272417310755,0.931984082899127,1.08552111100713,2.25066047535484,0.1372712280148,-0.382173445422268,0.411171044523991,-0.360552133451441,0.769878785060789,1.66669785545772,0.663577760114148,1.04986328438436,0.386042081741987,-0.714217222313211,0.023518608672201,0.0020408670891293,-0.0903768186433227,-1.21002731652899,-1.15201067524148,-0.717192471835103,-0.500884090364828,-0.136684090144793,-0.486675317828359,0.324407975743726,-1.27735288180095,-0.334647435840442,-1.01422783793041,-0.0617703538243988,0.961852480735285,-0.425352351184168,-0.538398646624409,0.682956199169288,-0.830197040051433,-0.192699296871352,1.56928822738316
gene438,0.0891859029179598,-1.31898564860771,-0.497277645437345,-0.248354477073132,-1.06890866848493,-1.2994761226593,-0.251110130069418,0.999688885607767,-0.767221926098807,-0.0532944924523497,1.85984624551829,-0.973291430578007,-0.677101590220409,1.20792774041888,0.65230024601645,0.632542930738796,-0.124983907857523,-1.13053449604702,0.43301746936673,-0.430670628700238,-0.222798368986174,0.969151303228845,1.1290988069647,-1.0144534921668,-0.705773773520335,-0.138830289594171,0.137543802382028,0.23016782983537,0.469882161164672,0.889330332696796,-0.235107246575987,-0.288582874737796,-0.424646097770287,0.102820966857382,-1.00015767866587,0.514812409996039,-0.388882190158504,-0.146067682335209,1.17598009046533,0.127191666600903,-1.41186327708371,-0.884864056252316,0.113322545623826,0.815174864992668,0.875011474590919,0.22265246322209,0.650511119384961,-0.920808946180077
gene439,-1.42163100720425,-0.317911239018084,1.01353686268144,-0.946816376528214,-0.901047971670529,0.40286832097297,0.109173118813286,0.313251398668871,-0.0469605667301878,1.60599730361247,0.115233804653774,-0.276652502764712,0.423255199373115,1.54308670511699,0.0745232576446954,-0.563799438983174,0.662412529947042,0.583190933914215,-0.398101912328206,-0.333499023269243,-0.174043276313802,-0.246368194197795,0.614849909962671,0.771396305318975,-0.448737114617376,-0.504433737769104,-0.163123486639475,0.535501563652062,0.308020986948346,0.155904255134902,-0.138052176031202,0.0502641560629987,-1.5945513397899,-0.390890981453944,0.117257042123824,0.407124300526077,-0.907281157945951,0.207408824491291,1.0117174978306,0.325449541486986,0.252804340947757,-0.128805121812275,-1.19084298275182,-0.241225405438529,-0.0271086901365607,0.763007300361482,-0.772374630543925,-0.467295064675384
gene440,-0.108393565859597,-0.469732244744231,-0.404390290892293,1.18668182730248,0.831730741220635,-0.240969348520508,-0.520993870076335,1.06329404330366,-2.37766558315418,-0.602972945652779,0.642273900488572,0.870858982614902,-0.0697717431809805,-0.1645954160226,-0.192329889041267,-0.0249638947410136,-0.087711410263303,-0.740522413054314,-0.767927221407358,-0.609744335411837,-1.37155626809642,0.416848921615278,-0.704271527577331,-0.5665126484022,1.57537754112377,-0.73215113248785,-0.676539992652653,1.45479430454787,0.210217354214356,0.675204632125613,0.279894564534473,0.0285493873641625,0.1993157168546,0.303707557082413,1.04381296701533,0.432199357092905,0.336658342814303,-0.286733022967693,-0.647047424295135,-0.602356155280624,0.6498482162868,-0.88943814961019,-0.426741674558575,1.61580459889399,0.36262018985347,-0.759323432282283,0.854020212505815,0.425139846839463
gene441,-0.458901670886531,-0.446997204435059,-2.21535368056279,0.109885054796587,-0.0308336535822969,-1.83292813628729,-0.232453901267261,-1.92657358820089,0.317804477173197,-0.354472170827805,-1.855749551081,0.577885398866292,-0.54740191586738,-1.37252083360271,-0.110574344247021,-0.286621653548479,0.97842862026569,-1.31809738630451,0.0137468477908006,1.24181687149172,-0.355020010722644,0.467684595887849,0.883746950118441,0.0485117697500051,-0.103238142472763,-1.63762492535796,-0.365189586900448,-0.79815016569903,-0.0588347376166553,-1.89037848678687,0.853291240174468,-0.387711511872882,-0.154315456604667,-0.348216103918349,-0.0023534604282769,-0.749094784429729,-0.284797701370754,0.607398319775118,-0.754459181377137,0.129803336156116,-1.97955788411094,0.826143349867099,-0.0993376585534122,-0.540489825007862,0.686650078304403,2.06587969448612,1.0298951838341,0.773216141646136
gene442,-0.131755112444471,-1.45668903402328,-0.770460203878871,0.676973756022448,-1.50604234112606,-0.0630328687647966,0.141168788260246,-0.201892621208072,0.0081224691405031,1.67277071737111,-0.975169201223525,0.236585152166591,-0.755602197117275,0.181637240502079,0.115491352703901,0.162624394844655,-0.618465555888539,1.49225942145191,0.946925102275776,0.231054491027662,-0.317972471092513,0.465198434274923,-0.196203547215423,-0.112447685518531,-0.230932954399011,1.66410062854343,-0.50151688581292,-1.12057588508283,-0.105197476770693,0.254933394706452,-0.0225873078954686,-0.52750315507675,0.0639109717288886,-0.216427809403667,-0.569936051151939,1.60281606833334,-0.0332805953796837,-0.893330279826205,-0.632441506666594,0.624070179486477,0.95945983242542,-0.453054026174451,0.247587723134638,-0.19019317568403,0.795124371085002,0.169598987273874,0.0744120137911547,0.923459011753443
gene443,-1.50934679382991,-1.33078069097661,0.953765632014271,0.415671729199624,-0.66906508738736,-1.16225897122162,1.24996176842423,-0.49098490383334,-1.59792455470794,-0.741314959041012,0.0442313887500474,-0.539330731645547,-1.28114499556306,-1.40765756745614,-0.262271635502274,-2.16041328706258,0.154501091481761,0.122970767920145,-0.692730346183609,0.580991606378814,-0.507903145331801,1.07433788687986,-0.40587501756179,0.0387731122623575,-0.222357720748544,-0.720441924436171,0.754121812800333,1.36846137687242,-0.254830561528378,-0.202899435099275,0.495068252254799,-0.344486904763576,-1.57760230641934,0.135661924065955,0.916698103669005,-0.394499572655079,0.369917978684505,-0.0351971938637172,0.711946429079339,1.67069187952038,-0.995656795400454,-0.438405487250735,-0.599229976031236,-0.742195998126885,-1.22490766541132,0.651830631029116,-0.621671456755118,-0.0994769087953519
gene444,-0.642961187913773,-0.560363421995202,0.204447833281832,1.62103947770132,-0.396867431805489,-0.7320520828697,-0.174484342145297,-1.66888201879278,0.0124119089877244,-0.0904938592489003,-1.62433913432499,0.030882348240625,-0.456378688626313,0.121157892122815,-1.22203399189234,0.70648345537173,-0.846398588833671,0.471675230868684,0.467194410975759,0.498993147499276,0.20491416017967,2.15345287634035,0.0908500419357761,0.0948622558820138,-0.38506122604633,-0.501482609480013,1.54944479065826,0.203050212585526,-0.775559113308828,-0.68135012436651,-1.280762418166,-0.706279285574878,0.618664345675106,0.122386230161454,0.858912465741707,-1.43918166534051,1.03678804239906,-0.333040443759153,0.0740180883388181,-0.145087034582972,0.39039373405059,-0.6715606601571,0.224092281236806,-0.218053727122108,1.19312137562235,-1.55960624145904,0.883498793220755,0.0387271357027023
gene445,-0.838146414685102,-0.785479764849745,-0.173663271839582,-0.987842652395634,0.528139728272015,-0.657987309621053,-0.905490761230591,-0.023524221891835,0.120724363145228,0.192975627071612,-0.373990625424455,0.294847857607243,-0.756924826950866,0.260909083022369,1.44016742733614,0.610816913824003,0.539744426183201,-0.101295220509327,0.180694680874912,-0.319560911999634,0.325825270712351,-0.410847480883134,0.895658894758542,0.86914026488821,0.387712363105742,0.0728720012935871,-0.110880909418268,0.160364576981195,1.3658372366434,1.93798609658893,0.140667969702369,-1.07658942166847,-0.378418415601727,0.217357806102234,0.115239098199522,0.324720561969979,-0.300884712974359,0.134159024654672,-0.621764896825054,0.947359349653286,0.132448820646449,-0.406167900063684,-0.721430929582842,0.651666302757916,1.12217674793258,-0.346347584662778,0.209796533926902,-0.916811598558237
gene446,-2.40332801007409,0.0393764863796291,0.0497679355318757,0.362055935181144,0.396099035103344,-0.6967263087707,0.390969851591645,-0.652606641041964,0.209178467098439,-0.0915438910174622,-0.603595235010767,0.879587371799564,0.617152301433557,-0.636368260641183,0.477113870101011,1.66237627058219,-0.557670384177632,-0.241567506470731,-1.11794982341303,-0.390672504276442,-0.394024270414095,0.0825059764054046,0.598201500786985,-0.643711124926985,-1.21114498808211,0.805362810039833,0.122301136965893,-1.10984168832764,1.1899959488709,-0.199419111738341,0.0402363789956945,0.103769147261591,-0.283802439985159,-0.331551034476252,-0.295727019251365,-0.203821453620522,-1.16475135457646,-0.0966610026314161,-0.622151115835541,0.207783916864428,0.272605710340613,-1.2482431443168,-0.48941856157443,0.143140210294978,0.73849098020966,0.343951119614877,0.136217239470186,-1.02166853975904
gene447,0.500778606674609,-0.352620843389094,-0.0433861162373406,0.343953316904054,0.647518879432816,0.562646392834194,0.447974329393732,-0.350758373834379,-1.97918362042793,-0.98256786516716,2.39436035718895,1.09873626454385,0.656673791109565,0.823148523280196,0.242404573728882,0.447473856493442,-0.474054243879614,-0.519642814172681,0.526519151332575,-0.316212632467163,0.296519105504277,-0.790921580913648,0.510567117227909,0.384589542962797,1.19889219729556,-0.0517861305018249,0.317346369304903,0.522448264266778,-0.571997549289622,0.531381881461391,0.919576179124334,0.24455784197126,-1.45260284782667,-0.1191338713488,0.376201996491455,0.268310041781136,0.0370203340003522,-0.726793662303464,0.768250250542516,0.0432582820750341,-0.32483077675661,0.886651310499258,-1.02932515167432,0.218916382542773,-0.144891063654842,0.93278242173276,1.37259334464866,-0.918879028508082
gene448,-0.1500707167663,-0.164709476989104,0.10070659479668,-1.50537045717686,0.508368974713257,0.307575167920249,0.245077179650093,0.0336559000341618,0.586231056053493,0.0695119329639237,0.654157599392881,0.719977010125256,-0.265470823873182,0.664617109437361,0.602710378620947,0.530344784036069,-0.0841153441364374,1.09325111538057,0.981991696149749,-0.246685303109576,0.0362659517225093,0.0237136347444553,0.760345571578701,0.0806814768039034,1.1690487584411,-0.264652027613906,-2.72749559159058,0.0157221940139292,-0.619891231862912,-0.587826860460075,-0.490854739374519,0.830702109286928,-0.637486665622635,0.27147313024815,0.152619923115346,-0.366979913283338,0.901583433861659,-0.879563340900465,0.0263434199735167,-0.276129791241868,-0.846092127294203,-0.592755730123194,-0.0740633781659758,-0.229062246067635,-1.27052700228697,-1.07110306685202,0.236252570803464,1.73632643332387
gene449,-0.430008498638331,0.371060000592524,0.796135269683273,0.164165415652269,0.512553194648099,-0.252753500124648,0.447886645241011,-1.14130112441865,0.501432118551868,0.0405292359095829,0.0737640018166915,-0.120551048716496,0.475280782195251,-1.76285049331623,-0.545266895919742,-0.278703203782208,-0.150441609162843,0.18655805402069,1.06290926419635,0.0704491096430742,-0.433047680882714,0.255210127860596,1.31302916335404,0.172459410912631,-0.220735673960514,0.357845645023391,1.07667706910103,0.390824718082547,0.21896704342731,-0.0217228753516644,0.0797384085448003,-0.42950493448079,-0.996373553194158,-0.927566886357811,-0.220945886271502,0.0118750075307227,0.694730367007751,-0.872912385244788,1.47002563568771,-1.11669435121455,1.09311170017044,0.280175774971991,0.203995196769986,1.46129321553573,1.86611981803941,-0.775117549488964,0.136234407109612,-0.939056772772137
gene450,-1.0647189005506,-0.484613760208834,-0.859339950229475,-0.296949241791287,-0.0066771238040098,-1.13813561769369,0.218890466571047,-0.987404553754275,-0.561733823015936,0.0354377756114679,-0.103491674370681,0.317987026345445,-0.587148431037247,0.488601001922254,0.128226138756425,-0.445821675997421,-1.88277821035418,-0.0490493886179804,0.594672254889919,-0.682459343550229,-0.454185832150659,-0.721125678096937,-0.839183148447739,0.343410600909412,0.423487342315373,-0.88368967907003,-1.12314179064155,-1.50010187766295,-0.864710720148346,0.416036969720569,1.15438400067952,-0.316861032547021,-1.12516910141211,0.0694283595426783,0.329167545842434,0.227596244821925,1.08399085052898,-0.554253614750572,1.18327452404625,0.025939140926772,1.32768484360887,0.161419658223907,-0.528139823943136,0.189463713454671,0.351154183757662,0.0355532365284966,-0.413295988561764,0.215561007411772
gene451,-1.0476586360366,-0.872137259413538,0.231382836313478,-1.41855979550789,-0.345256577704347,0.0245310254904328,-0.510234808096872,-0.646895502341426,0.103231660434393,-0.817273004517988,0.0750117337388845,0.481678245336312,-0.724564595346239,-0.907427328612971,0.36394372122012,-0.772745025049459,0.789231941185337,0.193675388512351,-0.0949058338843321,-0.251264634236761,0.203679103806883,-0.209359338826457,0.566512743998593,-1.35277402688869,0.787617051773544,0.120988305950168,-0.961864100186508,0.607526818995966,-1.95685218915542,-1.72861036900895,0.905174930246296,0.179573148815275,0.0309955832320012,0.125909105227426,0.0468635210065408,-1.03811324882364,-0.0434005673868503,0.209400374397078,0.487708257660255,0.224657341986803,-0.633676993181205,1.45603796901368,-0.0116378410062099,0.149356437353355,1.25515738191468,0.855451766598111,0.348341268560488,0.37303518819668
gene452,0.0489912322944463,-1.07688038404147,-0.750219964668773,-0.246218121213425,0.614912681008937,-0.726760768097406,-0.789277157220584,0.158167951412638,-0.320650512865805,1.29708716983001,-0.180368329740039,-0.340513124654928,-0.113605771646153,1.05534256772206,0.301646297920321,0.640127675684841,0.807528805375744,-1.13016858570976,-0.728941154733056,-1.2096400072854,1.5251241217156,-0.303529103414564,-0.842987354166543,-0.654865102009078,0.0738389763203149,0.0873670322867504,0.670889318009193,-0.762879612125752,-0.0317993837626894,0.460128507201902,0.627248889255653,0.861619311414467,-0.108259583937372,-0.679407431061257,-0.654707648644438,0.13542014185633,0.202409214172405,-0.747549658518591,0.155920713262,-0.107760306944171,-0.400451324965591,0.0912717695093355,0.302832897693576,0.980211975216651,-0.330920768679659,0.547531495172083,-0.0940820871913964,0.602279023559612
gene453,0.0715947531110444,0.101877456396495,0.323841809759856,-0.725396521101574,0.140405283387673,0.700571365688505,-0.617487387945278,0.537109177788974,0.840240879952586,-0.79644293564009,0.415798066093535,0.0601105661501254,-0.63652528466434,-0.788242836304262,0.313638324480193,-0.0846074874268088,-0.859646430583218,-0.053114288832429,0.0226935410564407,-0.688013432054355,1.1026629698106,0.200688832567311,0.424485154654942,-0.0415750984014772,-1.0618699337747,-0.596973250233865,-1.17984047871263,0.612433060008784,1.48545561446256,0.186311868652738,-0.401437874876406,0.350961702299431,-0.38424631454553,0.804181386026778,0.662730419590458,0.43275336902031,-0.432125227882857,0.1487533673754,-2.10360657304008,-2.36025173221801,-0.422889452583356,0.543331290406648,-1.28627128500135,-0.182491548376197,0.67589460779326,-0.561787890656749,0.538935731074572,-1.09829251358822
gene454,1.33940373964145,0.65662257528332,0.220523893553971,-0.517789978741809,0.599674261561516,0.174445240339499,0.959684188593946,-0.695681537666459,0.571946250655038,1.17717106902142,0.555675998461702,-1.08327628575495,0.262403068470239,-1.60265305586003,0.0885735453966938,-1.00160145572084,0.963559221605396,0.0887385204120686,1.04465173318191,0.837453559121398,0.904169833653563,0.393634943591666,-0.344072082619605,0.66632902181602,0.308648895896884,2.02686956442665,0.687668372636427,0.358976265511351,-1.44043624697214,-0.224304084951672,-0.114371125066508,-0.0878954103320607,-1.39072913886988,0.0035925300543564,0.310093293779795,0.39709853112329,-0.0471990892572784,0.470782664754057,-0.611319300286101,1.07730700093097,0.412974585526859,0.74634220145311,-0.120426513562572,0.500864557925152,0.740182735262139,0.523592193334131,-0.35516484265513,0.0372850197027324
gene455,0.352397424644091,-0.30485171530066,0.0765245180842872,-0.194700428763337,0.356010268014428,-0.595300460915674,-0.631109326403299,-0.44121593336122,0.0894579078144511,1.4150055796112,0.583853441515392,-0.598349281865723,0.0299014681577787,-0.0555570128810035,-1.5876218621506,-0.317062593315613,0.0934515326855638,0.727305059172829,-0.577687000129819,0.501505110715463,0.826800959886678,-0.386957893493615,-0.510813469979718,-0.120707196830622,-2.35361544448395,0.101514351450369,0.429441944766335,-0.68503465064421,-0.821865419839186,0.623156577722169,-1.17187326084337,0.624616873505108,-0.184054534844727,-1.22741830327864,0.895938846508645,-0.521377527214409,0.263130359420755,0.114227099093312,0.595916240627041,-2.44658177140127,0.323976305762554,-0.101545316234274,-1.02847220397655,-1.46962318936297,-0.845695769065207,-1.42111305033743,-0.13348251204803,0.0216594328438519
gene456,-0.245615539030993,-0.035210517327577,0.358621161759718,-0.413231217089182,1.19604443310164,0.120821600793801,0.678701519832978,-0.0243514885264404,0.683687869471168,0.579645046153542,0.101921959503589,-0.541781824735001,0.788277802143754,0.178288646150274,-0.871271724801243,0.247340416349188,0.0987099925682022,0.0901806200609282,0.388034326499719,-0.803293571994411,1.26422432344756,-1.28148981850678,-0.17964641176181,-1.45722658170235,0.271821137662646,1.30234650901203,0.949414853214917,0.109112448877738,-0.880575057602875,0.304306006583054,-0.540612100323008,0.447925095583293,-0.8670825198226,0.228521409781651,1.48873707010656,0.604145648944122,1.5721350199808,-0.961722107223005,0.170966834704636,0.380220507063141,0.156838752076115,0.615030689249668,0.337510451105552,1.29598834847452,0.560546781233273,-1.11230961038392,0.465748537883515,1.38429880598792
gene457,0.26422313669099,0.0569902327655121,1.51772284963208,-0.394650546161101,-1.10229025627519,0.363578376172936,-0.339691061872929,-0.0987450404489608,-0.164707553711142,-0.170289379464798,-0.0686795601963406,-0.995917676060994,0.205075136347087,0.928912351954122,-0.862044635019607,0.413692924297193,-0.263628571879131,-1.4018546665884,-0.947148888664676,0.650840021741336,0.935655062337538,1.74056184122228,-1.64545117555404,0.0007373361715741,0.636894375012716,1.03900596977072,-1.08716272109846,0.270752856226549,0.565460147405414,0.917577667740638,0.660059776702208,0.0893992470014087,-1.73321993659876,-0.518459725189439,-0.489441367851279,-0.215287948883593,0.13642065910312,-1.42867696634458,0.167836122295595,1.40190937118314,0.663892026805719,0.570835209847011,-0.219944684994275,0.481567581543764,0.13463828471134,-0.845496414842153,-0.662679562824719,-0.812206287454744
gene458,-0.076790986740776,0.286604662152191,-0.955333919063795,-0.628198476142644,-1.05041270390099,-0.563160886209624,-0.135306399664513,-0.206687086503149,0.558163165434316,0.801360189836357,0.310799789491597,2.20204603902057,-1.39088045808775,-0.153412105789967,-0.107448297101611,0.214769558012161,0.339447724421716,-0.309765497724591,-0.567969897080982,-1.39816870992878,0.346818965666679,0.679997088538499,0.235010457323555,-0.882967188277157,0.609462329650227,0.719688556390804,0.429782382666694,0.0890526071427378,0.921717854492256,-1.61132401168665,-0.392828158487039,-0.918847022192294,-1.04443528345981,-0.713025212869419,0.642745268472371,0.225536540572342,-0.41340901702567,0.155741359726994,0.214789363634982,0.308332972529252,-0.0611089671514171,-1.05961019260025,1.37170582492969,-1.2125616331415,0.471542029325098,-0.658789499695057,-0.292085889653694,-0.271767579957012
gene459,-0.168553564332118,-0.0292347960319278,0.970462067632993,0.390790057691166,1.30762136054626,-0.418795044971367,-0.690880969682736,1.33481414564846,-0.26060524805315,-1.64096612380703,-1.38869554942521,0.52560177850251,0.043923507482796,-0.894736593144875,-0.268613972603618,-1.63354877876139,-0.410811349965324,-0.0558001987234992,-0.186443301079631,-0.99143198576217,-0.521830135420019,-0.559558637058729,-1.07077122782265,-0.231898500352218,0.129599291061531,0.774180368713983,1.06918336296388,0.559245706357881,-0.169781924803316,-0.358836868420368,-0.129589230009324,-0.337793534556579,-0.989964952963855,-1.28522216715642,-0.14115983655983,-0.11010611467063,-0.637297989214429,0.393135674403712,-0.0554164591769632,-0.702975656643613,-0.258941657984783,-0.725846794602693,0.159966835872322,0.3053929257039,0.569895971682607,0.148031809084542,0.0680072820074768,0.0806409061925331
gene460,-0.462043145229684,0.977206842229633,0.204726135554312,-1.19494570648059,-1.16747662021894,0.52212029958041,-0.252744960083043,-1.3237066028186,0.465106162280832,0.565917229360876,-0.547710369749944,0.480817153659353,0.980138087047347,0.170394570078894,0.130010800012708,-0.180819506365265,0.443487838620141,0.076921904765653,0.167361408747432,-1.45185761159582,0.211632478314583,-0.375027776454352,-0.291996063647161,0.942425173963126,-0.74434590762417,-1.13971365233543,-0.232215365926103,0.440764509866782,-0.432113585267356,0.0080027859027693,-0.726844161310527,-0.149547902159958,0.254695663846631,0.726687654539667,0.224401011425484,1.29494197567563,-0.771889873986051,-0.678287112159487,-0.415340006628357,0.658368372786028,0.392821244238042,0.14002616066155,0.344088071248864,0.269972032944112,1.66613596701647,-0.471990632075221,-0.0574746161307795,-0.41736396721146
gene461,-0.998882789510784,0.241222361367041,-1.599434161639,0.0966926877020022,1.13107357080206,-0.0112535455025633,0.524460828818056,-0.560459993595182,0.425378895544669,0.809402040439109,1.13096075373794,0.90042424965396,0.761348672448452,-0.869472248128453,0.429001526658155,0.683905061901343,-1.2049851950647,0.876383488621495,0.850928664161011,-0.404396303916758,0.154389063727691,-0.0956558169015829,-0.244957704598883,-0.774960108459035,0.909981366357344,-1.12322203284203,0.910741933904604,0.866237228630278,-0.279073805343486,0.813412738062675,0.773969410935457,0.551529201988847,-0.338524911242708,-0.180658165744516,1.12240461352569,0.0210053831220352,0.440737475182505,0.0357138677465805,0.449196867778155,0.264958083932152,-0.30508099494289,-0.364449696451942,-0.516751338540473,1.23661144843394,-0.814191234523434,-0.987268010707384,-0.497959747300574,1.64271488791746
gene462,-0.582466688512222,-1.18758672429091,-0.539485467823307,0.0382396238247446,-0.507710722515949,0.155504205829019,-0.993676984051371,1.15699018630661,-0.302298963443728,1.18008692588412,-0.237683235619853,0.0117649774644078,1.54213183909664,0.667998511114516,-0.888156238845778,1.0745303055056,0.530254715042983,-0.237819792682999,0.0752738950457257,-0.947778845153985,-0.0392752337879283,-1.5696591840205,0.330253098264095,-0.523064817695256,1.14796765282335,0.334380768904127,0.445254054161301,0.369811317115582,-1.3643245705343,0.274349918806169,-0.02264907319429,0.938067434176144,0.258046253341484,0.862440892329833,-0.972483921924907,1.68771498865333,-0.11692658781251,0.480748273055604,0.407679180652347,0.900032401790257,-0.918979908883442,0.924588768866519,0.781211230746386,-1.01868955804878,-0.479085717718611,-0.631401809773227,1.38029220003346,0.85021247384817
gene463,-0.612980916255472,-1.91382558189794,1.77736707369572,-0.162400666659185,-0.749464330500145,-0.629889138881889,0.34246724019992,-0.479157686030032,0.910338566657134,-0.569437103479926,-0.480874040016543,-0.160921968059469,0.239250081407236,0.343060186775645,0.354040837561585,-0.464146096096874,-0.0473149148965729,0.0026393217972795,0.365363882321666,-1.12089759136096,-0.128243235185071,1.06668721540967,-0.553026617705722,-0.860491944149155,-0.510884321351969,0.236024747360043,0.274520505840898,-0.728192457156138,0.237349392930268,0.264116310220489,-0.507554232518931,-0.954586114637225,-0.0576741805161875,-0.314846697919096,0.570363696394078,0.127273430202455,0.996321578942141,1.06221903287894,0.593886385217701,0.146160118537652,-0.822753246350749,1.26691258740657,-0.325816908929406,-0.0758808548380063,-0.312283596868613,-0.109532938666796,0.666699435889039,-0.687380973456398
gene464,0.720312600623812,0.584578336182592,3.21061026774532,-1.20513181317991,0.531224874436961,0.540917586297654,-0.779818575306632,-0.520029768401126,0.512962401667591,1.57740131084357,-1.52849235467111,-0.417613055086338,0.354443682344944,-0.465290560801068,0.17102816292208,0.0318063461770682,-0.0398791968700295,-0.759248942217805,-1.10769791437891,-1.39683797024371,-0.729442955677903,-0.308777285770623,-0.927649771916082,-1.07703347422824,-0.138457745576955,0.537972709116951,0.327803319905691,-0.51326451803215,0.384607421209299,0.266098087464831,0.48798820518874,1.01731292614641,0.908552973235351,2.03788392519518,1.39140519629487,0.666844271691124,0.548947170015916,0.599928810635223,0.368965116002045,-1.40316538980103,0.933952896835906,-0.0506091109167799,1.13905817953824,0.304334352629059,-0.568898253585383,-0.64772918776433,0.0168248279411694,0.3963964203128
gene465,0.0615201225142344,-0.248471830262148,0.525464436173013,-0.782281933435192,1.45800863006577,0.882545710573107,-0.0854826686607441,-0.705290690372718,0.182627858418319,-0.482437795594242,-0.0271445421338441,-0.17956483418895,1.51231477098667,-0.298784331125787,-0.678722851877893,0.610481783388515,-0.0267023565512956,-1.27398746439664,-0.246144681192234,-0.402302814622646,-0.561776117921515,0.229379205163009,-1.34245281316485,-0.47457336517448,-0.0721081378067123,0.955120950562299,-1.57853863922134,-0.91935011418637,-0.324264026549501,-0.0976876438166955,1.60902001434448,-0.486911511268481,-0.0156673968946823,-0.0869759827852406,-1.15376273714424,-0.156710761288652,-0.493611194382563,0.645023843530063,-0.454382380929316,-0.441876547644687,-1.1091570352792,0.997475617393369,-0.482091662896049,0.404701045800799,-0.442322515608044,-0.778384887221202,0.237700298416427,-0.0874576863401645
gene466,-0.811183566373093,-0.882430301850832,-0.0168977856438012,1.4491725663068,0.0054537026725508,-0.383156772522445,0.413452314652258,-0.486926266660523,0.665484449789877,-0.457617752082526,-0.101384156354953,1.0673134243053,0.204180009891347,0.741376273653556,0.70380804829767,-0.809519548437041,0.0798733239108115,0.111029676713117,-0.229682662584799,0.702818840218418,2.03435936136408,0.593705341817681,-0.222795433525006,0.211970701289866,0.0631632909214505,-0.589174058429608,1.00819848363209,-1.26729627583718,1.01175131511603,0.341385338223677,0.84425597613942,-0.849556232404513,-0.807108852871837,-1.24046894301424,-0.555672930143322,0.648638309710672,-0.276931278303854,-0.153804833125873,-0.276081575948082,1.13041937309178,0.955467456234299,0.620201678083987,0.999532638903814,0.63258404414708,-0.39354754780292,-1.29779492719702,-0.562875339920454,0.468809617391708
gene467,-0.463852404099351,-0.478846013997652,-0.20412969769244,2.03802804108675,-0.561831211387609,-0.601231254868764,-0.125515011191075,-1.69735484880673,-0.804245322252217,-1.33618237829673,-0.200784856443809,1.14282888735235,-0.282250665846045,0.583986280567874,0.755993916204634,-0.786651593605051,0.766414365859444,-0.566442280176484,-0.634124392043401,0.326877759604054,0.05487995118549,1.33770844789698,-0.488674119042557,-0.817167801511794,-0.269871436453515,-1.88858036021641,-0.0501360255742184,0.541651003424055,-0.521446537582921,0.0301421566191464,0.102383445067376,0.829466205326701,0.655451092064346,0.143128001283465,0.870729442813894,0.574035495533618,0.654812597178515,-0.509690044088565,0.103038588587309,-0.432910854283497,-1.75968600882419,-1.12044743557653,0.707514270690288,2.08481965823144,0.107011150989562,-0.0412224077384975,-0.184457083629996,-0.214353183647691
gene468,0.247698372123515,-0.0053009829204552,-2.04189908533629,-0.510684677035475,0.637662213489434,0.883005323444018,0.271944545453379,0.616579867296042,-0.0073094769143774,0.50336708201975,-0.491525650070411,1.3686208423776,-0.808944671219783,-0.546311949261898,1.24177195542325,0.34232657327908,-2.53715230536172,-0.723411248802996,0.863029615907441,-1.15855200406614,-0.27080762199103,-0.267948190077512,-0.298827861362019,-1.02872473056217,-0.439114629453808,-0.530922049200937,0.240160096515451,-0.871575240606336,-0.423779649209382,0.0284467520356449,0.210339292876887,0.403354470686181,-0.609285028190399,-0.695044006370631,0.183055701158356,-0.460888073732788,0.138882402265154,0.430101844235792,-1.75665307132342,1.49124942638477,0.273378241952589,-1.31762203157388,0.110085169729934,-1.42689229785519,-0.141710704822323,0.0549793982101238,-1.08025252274836,-0.831817076730572
gene469,1.17250296099606,-0.380443104350672,-0.14251005757187,-0.419800417007675,-0.310333820410102,1.13512366685446,-1.65621066410056,0.315096969979252,0.115270748424679,0.77102789544504,-0.443850909318256,1.03672767625214,-0.26010570280024,0.454820377468325,0.237423916409913,-0.147372867725077,1.12208979643396,0.366315923856174,0.534717822411513,0.374227254839413,0.231928159499718,-0.695506526252563,0.505507321825787,0.33952645032196,0.708665107037258,0.592457885029076,1.99235243452872,-0.858090089585608,-0.146612300114629,-0.356524798047442,-0.7565211889458,1.14426498676626,-1.19139671531528,-0.787156707336566,-0.214691397633771,-0.163995646894014,-0.843483387065806,-0.674334596093247,-0.662403838620227,0.621814010636664,-0.0610403647976226,0.904005992174568,-1.10069194966879,0.639586680035884,-0.178861347300784,-0.108681660153363,0.373229886722252,0.203229242993728
gene470,-1.34718904467014,-0.802077492139233,-0.431704920862108,0.151968810402957,-0.615720766753666,-0.710297272510038,0.0632942449260468,-0.509679391449263,-0.655131713702543,-1.01427037786284,0.217675001447618,-1.31744077131875,-0.0717763210126985,-0.358150272947384,1.48038316244883,-0.233500019812625,1.11284207533433,-1.02744262340728,0.223670937897391,1.18364652014389,0.0591642653501231,-0.264201951000041,-0.726474378422832,-0.429617802321424,0.591978991116388,0.115798760229828,0.026613125529248,-0.0290165756556131,-0.779417702260924,0.904000501380762,-0.881403994340593,-0.695899301550432,1.94393815351251,0.350682020808002,0.490395079837591,-0.129631142961447,-2.05775978065434,1.18730031340965,0.11591899304307,-0.566511100725031,1.2450246020388,1.07216558095413,0.629935473293231,-0.736957853799137,-0.945003549712201,1.2356534344516,-0.342799610895726,-0.0968108717249233
gene471,-1.08852752603339,-0.957352410855953,-0.318925042910908,-0.0001089335787348,0.570712472141018,-0.279740758141595,-0.166631768374605,-1.86792991148479,0.364952580506615,0.0824682364483483,-0.673801872524796,0.609632048480495,1.31371257437461,-1.1638510712703,-0.715857782869197,0.873950938941291,-0.327015028411954,-0.100637555866386,-0.779391213722142,0.771575664632501,0.693925259426634,0.0690077339553145,-0.632919652031436,-0.0169230396699436,0.736548804174981,-1.13621708560735,0.994318111328193,-0.84598451661401,-0.435832741968696,0.433777035703625,-0.42925430990463,-1.39251942520511,0.881230386750339,0.522290766797786,0.878957162966466,0.748791049162369,0.624403308056655,0.619879051035902,1.90009176286384,0.0106795930609481,0.190817273105239,0.280041912369234,-0.607496163026088,0.168259648228584,-1.43557548820497,-0.640591503634041,0.181211362978033,-0.9569642108172
gene472,-1.05353455124553,-1.6618200597101,-0.426177844827576,0.0026245091384796,1.65097707548908,0.847823569443809,-1.22591500499261,-0.309150140550256,0.820729824584095,1.36733592704213,-1.15116431215347,-0.059053996694772,-0.430332003517971,-2.22409224087087,0.571186985960016,-0.564106120219672,-0.269642109408002,-1.20328900282236,0.951406890804453,0.156467435679746,-0.400028306324242,0.625251701466485,-0.395560361965399,-0.452912629533971,0.249351782690668,-0.710417572298434,0.13014107577711,0.109242576876854,-0.948845005935998,0.344714736202138,0.467979633422088,-0.544428649363559,0.806879137729786,-0.0825129786455522,-0.334344891121743,0.208544195675374,0.0411856140825686,1.18129218762491,-0.0316016238413619,-0.512003541225115,-1.76117144629831,0.42615790343188,0.52249411367599,0.197268271385353,0.659785263766888,0.261359067624681,0.0988894729431107,-0.756982969844705
gene473,-0.140297571649951,-0.108581523233697,-0.892121671815436,-1.69862415287153,0.0642353806961022,-0.113597448037931,0.0979145323842056,-0.0328669226726223,-0.647946827773442,-0.10517861735701,0.0527326196666844,-0.258543323633549,0.704099264277649,0.0667309178781271,-0.18294145763588,0.431802683082886,0.428763065628081,-0.330912032861094,-1.70830889898003,-1.25851295394177,-0.473082119482282,-0.448602445327528,2.26827043122175,-0.95164804616462,0.359065513549135,-0.252029661888995,1.18766453341935,0.726859199801933,0.578807436633354,0.204580730454366,0.246776470216527,-0.699021573675962,-0.757760776884916,0.859154385717494,0.052191105641202,-0.068017990527378,0.269353338842364,0.925183200788047,0.733566070047962,-0.529152648978023,0.168458300681041,-0.800902923471235,-0.275020337336168,0.007515652073087,0.12715469061044,0.695824992141218,-0.271845967448285,-0.0818213911390207
gene474,-0.393242441963996,0.647263844199846,0.0549687432790852,-0.266872568263381,-1.00848002198015,1.959935595038,0.640682301159567,-0.564957266261605,0.268789626223114,0.18130085908366,-0.816402551166236,-0.461815024183301,0.620720432824635,0.52728403564167,-0.0017423278784514,-0.458387346064048,-0.553078231022916,1.247444507672,-0.784549524997547,1.38334158932051,-0.962396995760157,0.543277101369384,-0.0872643521052715,0.837412975210648,-0.153807434556566,-0.303773488814776,1.12922708408519,-2.0297059452885,0.447682157514818,-1.27949746898536,-0.607885343593541,-0.683206777571451,0.549641698989654,0.308564676198961,-0.57932611807734,0.551641155449578,-0.457778231006532,-0.588618474994741,0.951444832997196,0.319557306813658,0.49348059101547,1.38271485888065,0.159184797988095,-1.3075120365793,0.309248341335767,0.764684357431501,-1.17473598099209,-0.660301822084572
gene475,-0.478326447126032,0.728359023741062,1.27605625796943,0.119666933879885,0.331849407976302,0.659872538312361,-0.479927653793945,-0.990875065406489,-2.04368425962614,-0.338854113714376,0.486200991845003,0.603091133800222,0.296582676601573,0.0019740721330252,0.430906778383109,0.459598976247994,1.24536853194062,0.985829249332804,-0.467552137953664,-0.281646765163095,-0.0249079297291122,-0.093320880987788,-1.30722548250679,0.887829188288371,-0.0194648429460312,0.491916233358946,0.0986503410761403,0.309056586635867,0.927264097645724,0.339588917794926,-0.491289166414471,-0.849377425429984,1.38165142228594,0.307740562156257,-2.19065074628663,-1.21390346291787,0.675170744337649,-0.149245574113621,-1.79364180544613,0.966106030104569,0.184582649375218,1.05973248950815,1.59493454886392,-0.224570401814653,0.425371167835265,-0.674642649675149,1.15876891952266,-0.199676504851291
gene476,0.951495529352506,-0.152686206524963,0.838353713427214,-0.467429087047841,0.37589720181971,1.05899693951435,0.489617342448321,-0.457253401822636,0.967603197787748,-0.347643297960424,-0.396588593955136,0.598588357812821,0.998011670157876,0.075403163308675,0.75980768112766,-0.0580324087731995,0.490826664065647,0.151147913436768,-0.0824351541239491,0.0663451526357311,0.174733924039311,0.300209561687142,0.297613681521931,-0.474289681228097,-0.370569186647936,0.805601072942398,0.354427312820715,-0.62382668917501,-0.345232816866853,-0.439678522718368,0.840126624867958,0.853578666772758,0.464307691630226,-0.347697759812696,-0.800164489999756,0.892155596471625,1.94654772076894,0.492579531670001,0.0763839955144599,-1.33809955790579,-0.102121099130707,0.23840188527856,0.191012299067885,-0.491202081888357,-0.544575211817518,-0.568353413288874,0.653330242509729,-0.605423207831372
gene477,0.385002032426725,-0.959883268005739,-0.331502892273739,0.675471236657351,-0.355457205197885,1.49757279107976,0.063121792435209,0.266188852521408,1.10020895579377,-0.145006376287176,-0.0076873646424062,1.35913666539741,-1.69097239731928,0.876941839971383,-0.333309238424729,0.0612361293618227,0.963474573692245,0.110238643883564,-0.0828905192338299,0.087348534336371,-0.628484707465795,-0.398100560546103,0.384379966864974,0.796317100371746,0.534088422629005,-1.55009591073167,2.26344870983635,1.13098662598552,0.348466226887099,-0.668242267458814,0.405141981265949,-0.999709200320351,0.828899310827464,0.272831612365212,-0.179117820086984,-0.0474003091534618,-1.04926807208678,-0.559430537827557,0.128814867920535,0.0389813608935332,-0.321345802516001,0.123922337749882,-0.460338777462249,-0.0173953464739792,-0.742504617090862,-1.43924969959715,0.0371938690360955,-0.296660558667333
gene478,1.0450207073155,-0.913677865301823,1.42390772392878,-0.045258640359011,-0.0386464735720979,1.3853496407456,0.470442907114204,0.429088509960412,0.349815665044311,0.353134613665161,-0.0385240983991414,-0.11423778784007,-0.699092202554548,-0.646941358573975,0.387212951085591,-0.494051583009856,-0.0762604651691723,-0.494609986398647,-0.964076818477339,0.445769411710253,-0.472460616036469,-1.49639574304673,-0.320105198714807,0.392904382155385,0.670699565307307,0.597936867209189,-0.398293098809617,-0.201084691689162,-1.08457741713771,0.730154974481099,-0.254939479352778,0.0828002793472342,0.972281130973901,0.461935995627033,-0.0334520013615944,0.303906492882854,-0.783041314013494,0.174227175643404,0.734280399807211,0.187530435668059,-0.291505028759045,0.716045637245825,0.396376130588197,0.159571801020312,0.363646313947269,0.608532127232564,0.488382130365275,-0.796636175032412
gene479,0.61475692695699,0.589178372536062,-0.501722800154568,0.546044583374785,0.736625043979554,1.75281465586103,-1.12199938565821,-0.318968350808801,-0.398790519460427,-0.59631370663218,-0.145190311640649,0.133338403630219,-0.291945611212733,-0.339900540139026,0.387740314054413,-0.192542699554604,-0.104880904980086,0.972107196254227,-1.30924744529289,-0.0236191228749332,-0.455696662144336,-0.134940558131578,-0.157365402806163,0.22658866630083,-0.902281180258659,0.759232027665844,0.461805361661875,-0.192893338499173,0.433784510211768,0.604352477106508,-0.447354818954786,-0.164833811985299,0.368513777599882,-0.0981182074403184,0.593214160983491,-0.295081502710344,0.668649235727009,0.917740173268996,-0.137137024988334,-0.902586726353141,-0.0619566220602703,0.779595920744472,1.10619457512228,0.206725881032593,0.123797299939694,-0.703639748288221,0.230567508734889,-0.403430644777102
gene480,-0.279027153959791,1.64092411659705,-0.797247518400754,1.16797738287263,0.122149676780834,1.39027908797791,-0.012869726970478,-0.0938314930546448,0.0698637152862663,-0.101937495777775,0.455264835670932,0.570519542436996,0.0207135822742432,0.663263787061922,-0.518287510195528,0.379744893421787,-0.975395320666779,-0.691533306708128,-0.499816503921563,-0.59786403927726,-0.847414905151878,-0.517231368009689,0.690657229383007,-0.278145158489844,-0.140530310058277,-2.17137390686198,-0.267642683289402,0.92609876159693,1.29400152771148,0.522917900455548,0.216848840114038,0.220881529035152,1.12980059540059,-0.408596051993931,-0.242564657382758,-0.752938481656711,-0.119166453074113,-0.822727776756891,0.493681507602567,0.056412464851577,0.151567477190013,0.4585157063298,0.787452980457315,-0.909549703296128,-0.280585758304338,0.152561364321756,-0.40298916924652,1.16330682972421
gene481,-0.442479062639514,0.291708084403547,-1.23698461924635,-0.808613679248355,-0.592866997419458,0.513526756407353,0.0272056210524713,-1.10752187582394,-0.312240640789043,0.863685209942429,0.898656399634174,-0.412134261700197,-0.373373267437059,-0.0643300555293562,0.169341527485001,-0.330575770967106,-0.465449396098247,1.61991446764848,-1.08132875665594,-0.361980135421355,-0.109363554948008,0.265439294039058,1.19190851029063,-0.206633325615151,0.20468932500351,-0.0599359634883627,0.159445348651796,-2.08413638575162,0.530390998836061,-0.501745218045375,0.0329004301682611,0.527816692566701,-1.42928206340056,0.328210588795807,-0.0961474792549422,-0.849965647987174,0.126305700487884,-0.120977776905008,-1.10505843094576,1.51205471461264,0.714708813213028,-0.0962096616941078,-0.480951376043942,-0.479017173573951,-0.144818050036178,-0.112932087119836,-0.380193011025297,-1.21398639356391
gene482,0.0605045945466992,1.50059206168528,-1.42481299130192,0.812858697342247,0.166104307524157,-0.517376947372338,0.186493731263122,-0.207097421162921,0.853480777625323,0.968609130318989,-0.624398402291404,-0.989050651781327,-0.0664541237336388,2.00961147571238,-0.0814131881769592,0.241353743774314,1.40586992430398,0.581573623372353,0.558390950932742,-0.846957628357801,-0.0690951052200563,2.21171943437158,-0.200919479186666,0.340454956979656,-0.278176559533744,0.68027966298489,0.194337158192917,-0.435490450064121,-0.131206778383308,0.238618451557,1.9354256382162,0.0208026738309571,0.659199785821672,-0.315045663872663,0.474201661572033,-0.0570582321462193,-0.0356448613983418,-0.0389866949320675,-0.697355197338617,-0.650721945859667,1.39620318189146,-0.0395612514029811,-0.49171387060838,0.333890263144902,-0.139470465015945,0.540419485301396,-0.754927082776812,-0.595965388351102
gene483,0.153852979565929,0.142825137205169,0.0657222019230714,-1.16816939510237,-0.516915808181373,-0.10402848839462,-1.62568602863194,-0.371481933939025,-0.218972338782853,0.375414177531241,-0.98476295574691,-0.945030467120553,-0.780789014755239,0.139858420153612,-0.39251659571507,-1.13604659411503,0.251484855191038,-0.983180941122106,-0.833696285705883,1.14554125725352,0.739563989884864,-0.122526075382394,1.84804929120055,-0.740951322726535,-0.683106618943515,1.27315493967238,-1.0957209171209,0.203622063150608,-0.554560193951587,0.439634077989098,0.329901200414057,-1.4783218836425,0.765617848589122,0.856288534484221,-1.03855691122336,-0.683615082135129,-0.0659860524545014,0.617281606975018,0.624953405024017,0.451683000884675,-0.628194316335976,-1.1118802108847,1.03325222926784,0.608954228877695,0.949839039896795,0.863801338266305,-1.19733365963359,0.392923915742407
gene484,0.708972009333251,0.122295822734347,0.0273483052903224,-0.178416839140032,-0.354310700863249,-0.345278293701258,0.0241433047071025,0.364165521683594,0.362352857033069,0.26287541731258,-1.32967534043592,0.796572849670526,1.06424899281853,-0.162545292240575,0.451240533165306,0.188258563626965,0.570040602967138,-0.520752090896768,-0.0256725724093317,0.378781876220249,-0.154984889603424,-0.466404760628111,-0.865806922871506,0.123808787908887,1.94080752360697,0.621204456690085,-0.717639583502339,-1.44569823479101,-1.38659901257199,0.3602247867105,0.0764281020299598,-0.585154374003425,0.241092560774337,-0.282133593616535,-0.172984834368159,-0.197360585585099,-1.14897989115645,0.0367654326384728,0.612841407835301,-0.573425883497186,0.0812278281753909,-0.23631364221986,-0.610222058810821,-1.01593109994266,-0.294645054535252,-0.340102026573376,-0.345099574084725,0.674387687432627
gene485,1.3202158785902,-1.37878165529865,-0.141550015004543,1.10222533876648,1.33477291776403,-1.88540255864564,-1.65999993390858,1.64004330365265,-0.589243320570564,-0.453872628758884,-0.342968546734363,-1.24671804372556,-0.949942578669565,0.356680202340141,-0.707967379899289,1.26129888541744,-1.14267074296057,1.62287318756735,0.0100758706538028,0.416081255607279,-0.0835463163717426,0.0457354451639812,-0.676053511915941,-0.195344336933971,0.164767763532519,1.00864587815417,0.174280345247866,0.416275750257241,1.33226741956012,-0.174060462986157,1.33570293039027,1.08561671789822,0.713931397500267,-0.330529817617497,1.18475119162419,-0.165245117255933,0.522143009070755,0.0351261957797981,-0.664687136018503,-0.497771245600173,-0.697390085923312,-0.651722736667116,0.314250794007633,0.12021656491251,0.0073512201006365,-0.302081509999283,-0.178796539353124,-0.0505703322357987
gene486,-0.338535705970148,-0.300549982641558,0.182969330311963,0.58768921136544,-0.254069141711481,-0.856691029734827,-0.362272221794865,-0.871003168738083,0.0926063445264178,-0.0203502206353402,0.359453242109252,0.0344435996176688,0.713956726754655,-0.572606995615946,-0.0382332309600811,0.0507588418438136,0.517582550101681,-0.661498709532383,-1.46489688278484,0.0381245874316854,0.0746941144768073,-0.242313733937173,0.663991483311121,-1.57208398420734,0.618856881713409,-0.713063596851399,0.294838881119468,0.490535094118065,0.958020434895952,1.32113491172824,-0.358777388087652,-0.111985945495878,0.614912236131671,-1.030331146733,-0.696266621928562,-1.01341204145373,1.60096948099824,0.0996534443180996,-0.806538625857427,-0.395934036644263,-1.25819585862306,-1.42247050956034,0.504756779223223,0.43731775950091,0.410748487317019,0.629382714964174,-0.203661129741173,0.810372733330425
gene487,0.127599872187532,0.0181853383906797,-0.21714211563339,-0.116869995593035,0.0307508105606778,0.854765714939936,0.6628856922515,-1.0366770664208,-0.989268604732096,-1.12419478154079,1.52208915331222,-0.439133759561228,1.24414452635246,0.150163896622133,0.126310975638328,-2.2129644181493,-0.483881906495041,-0.279589945544709,0.130668378335923,1.01265535727606,-0.546045387004388,-0.0649874231772568,-1.05719156720791,0.360653903792003,-0.511636319367577,-0.206206419318432,-1.11929191419146,-0.259767292081172,2.00923321024871,1.06920539528963,0.530198709692686,0.0040381783188935,0.0153875294780946,0.0695137231031596,0.547761547380912,0.270376877396975,-1.02368278873215,-0.193885135222058,0.377204703517087,-0.243213524745551,0.228274008403939,-0.834457524304987,-2.06058616873916,0.358994836139554,-0.431474864916381,0.894176217744073,0.100346174646496,-0.0859279647014128
gene488,0.103457475248967,1.22905597718035,0.360705970966849,-0.770970187369797,0.649931869487606,-0.558664459846385,1.07926087074777,0.966348652746357,-0.181660068842916,1.54238535215288,1.67863500667769,0.618577697585448,-0.216122278042182,0.362894477210602,0.727172981382017,0.971063336309886,0.233348144021852,-1.12260099869156,-0.318238883862101,0.783828372473159,-0.474318199063584,0.0778950890366914,0.506405822943985,1.39853504754087,0.290692202981673,0.339865351856565,-2.16323643224935,-1.08203716448914,1.49690190199166,0.32312803821315,1.04926531689512,-0.677128593779691,0.513076238347683,1.5382664231338,-0.399118640724598,0.646516587824782,1.10655833841105,0.832466493258589,-0.507263322210846,-0.685081136935838,-0.795640216666268,-0.25325207446438,0.108045887638191,-2.21605604884457,1.15572126703131,-0.0705682140269374,-0.10513793397339,-0.788550683423214
gene489,0.114354466615871,-0.934676993787913,-0.22666745347853,-0.869726188493268,0.371022879800587,-0.614740973741856,-0.155059583105579,0.126585982183967,-1.02510811109675,-0.863276130833646,1.67347719069969,-0.156100764872591,0.565041946960214,-0.858328468570993,-0.457488827320893,-1.10716390949593,-1.21723344324524,-1.13021429069854,1.24574276655338,0.28216242626384,0.458528549924348,0.204610200687613,0.547983989608939,-0.423531805436749,0.182951549085598,1.43606565513497,0.117481678097988,1.01310961663483,0.572277342214936,0.214961633414491,0.484902528901761,-0.442301706179671,0.514164439835396,-0.53880224125464,0.0954138027987684,-0.0820365328882435,-0.289683885923011,0.289287861610312,-0.0234772032027742,-0.598121095051526,-0.262403823893267,-0.203617837515699,-0.809420395892276,-0.979792315053562,-1.78074848105006,0.333507668744504,0.113785271492316,0.0563422585841565
gene490,0.425617506585091,0.146262907237478,0.113100282990664,0.343895437044313,0.715775360465867,0.871240553605472,0.119748131018442,-0.0881674796035292,0.594467229900316,0.22908260263832,-0.325329735850484,0.935486661589428,-0.715234131180499,0.918860840812559,-1.27343295923797,1.16417613692477,-0.0957241440761652,-0.405324009783969,0.0343489784178083,0.097109609742575,0.271859972344662,0.138700557838145,-0.175558329115649,-0.183380760965327,-0.584350370093674,0.180894679976328,-0.36446921727101,-0.580033609346792,-0.527736991448189,-0.367752428102386,-0.354226427627985,0.375643936115663,-0.298773663398429,1.02484024927835,1.29369361226555,0.643075974018337,-0.164196635619025,0.286911258389201,0.0867018047976936,1.53693058691095,0.220350454001174,-0.678931156347897,-0.140675915101395,0.306950970279281,-1.41369230955659,0.106408343122908,0.212036009263159,0.316612669848198
gene491,0.240560058780575,0.267580186203306,-1.00554476646569,-2.13201090057253,-0.0845312951978802,-1.96815247045789,-1.41001365922247,0.568476299182411,0.0937104436798019,-0.426381607409703,-0.341564587435388,0.711856201696292,-2.0951320382665,1.1194392122894,0.419419701294341,-0.298701461048142,0.470713506647663,0.672363287709018,0.424384320941856,-0.371700180255435,0.296735426851484,-0.421445359947951,-0.658075290833581,-0.12927087310571,0.923998910207172,-1.33572351851946,-0.0771234876953076,0.872498206899092,0.414546197190715,0.633036628720514,-1.94754241373363,0.478767822362929,1.03855879764088,0.0378961540979406,0.509277159543345,1.4397523452806,-0.0065897150373687,1.33400807399216,-0.40597292150478,0.834623400910058,1.47454086324813,-0.0593121761095547,0.616959845069023,-0.0635521572194101,0.907125021043148,-0.915228243761348,-0.0677123957930083,0.58808543966286
gene492,0.155053144705477,0.199207928968477,1.60956018756113,-0.496983436957019,-1.48048560834663,-0.48291703417092,1.64163880917512,0.159708349787185,1.10274587482068,0.756663996168896,0.846165722892284,-0.698691348859967,-0.258863684542296,0.474071764386027,-0.439645920992081,-0.585983464437321,0.615802301546041,-1.3978501583544,0.180496938355033,0.304715028391497,0.158256543540633,0.472609792422802,0.258217500685401,-0.551764485403124,-0.475454278237004,-0.438280866661361,0.405347368331187,-0.808901158369276,-1.50289862388793,0.184676200009658,0.257781588838691,-1.05366481307219,0.492257874582217,0.10635814885486,0.949643402587108,0.634068240892643,-0.29185304005157,-0.987500847937457,-0.2178321875143,1.31292467936951,-0.629656227982396,1.61566673671862,-0.10827141645855,-0.536553584322664,-1.42092191768378,0.594466298734089,1.51150528189792,-0.172993798609084
gene493,0.510870605229496,-0.476896004684499,-0.399799238340302,0.119231584351248,-0.07905397589621,0.254018950423638,0.24214902775602,0.650159441319176,-0.607976775244134,1.40756675095264,-0.271390541986554,-0.583851772830918,1.55807571126149,0.796570926842994,-0.236978359533194,0.391959379796571,0.340031455017833,-0.657707630354139,-0.0165822516429784,-0.262370674258344,0.380239960206038,-0.313692863654738,-0.479076726069548,-1.18823232844447,0.551587288071437,0.992472809171216,-0.483452136447594,0.0426499162003493,0.2912648283624,-0.609697310172694,0.36939752891442,0.370969337970479,0.674322003774722,-0.883413422535559,1.57452419382941,0.0876355995446195,0.60108075938192,-0.228772215911918,-0.932017841378484,1.18790789648624,1.28861850917691,-0.913882265316226,1.34863784096252,-0.0004579835603524,-1.24715213839688,0.634722957985399,-0.226560562139846,-0.340738085945579
gene494,-0.16111396186905,0.289101922126015,-0.726082451648939,0.344187817279242,0.380686509197728,-0.122852592420556,-0.864705476921222,0.233327667389666,-0.0049251786392302,0.0043897856304906,0.732497003685318,0.207207483436929,-0.49356592223189,-0.831122832436386,1.28789609466184,0.140322861885879,0.796530163224827,-0.945300909240879,-0.630323783656708,1.2694809373714,1.22210792916695,1.198346695526,-0.918889190247381,-0.323532704514188,0.391607955299091,-0.370919025970716,-2.26846910267456,1.38075933238541,-1.79491918309131,0.416974507569981,-0.0444143308318055,1.39642671388328,0.458112839833896,-0.686488513487254,-1.41897756992907,0.0921789311610719,-0.126297812250504,-0.0248158351177929,-0.931071877844427,-0.543617151570165,0.352961240257181,0.576046645767556,-0.298989293838858,2.11557436686819,0.665416470038137,1.88238020352382,-1.39077696299154,-0.452603304132186
gene495,0.692253598606054,1.09610521135912,-0.275664355409761,2.18454739308045,-0.584791582989555,-0.15756671874967,-1.17846360862317,-0.37152458379544,-0.147037822489409,0.161733529033302,0.075653407053075,0.41945463468305,0.463131617452168,0.16587493321165,2.0529189949601,-0.760846807516176,-0.107447072437738,-0.139858925125862,-0.222567443269144,0.715097003252642,-0.230790070404988,0.353047035552905,-0.267007503545694,-0.523162478000253,-0.448906000432297,-1.51247662499661,0.145369171778835,-0.361117876073307,-0.298547494294452,0.685748739108087,0.662988243658493,1.05674068420817,0.738601475202654,-0.0610871493864187,0.0426289475567608,0.213480792526981,-0.450409103239213,1.15939725117907,-0.994154796115511,0.67698562598171,0.0192136924320918,-1.45062426749048,0.621585057976026,-0.657366213147182,-1.28613182382962,-0.991418114997473,1.31237364470968,-0.808718219154953
gene496,-0.316418434051547,0.54332030135518,0.0942618606939676,-0.809871550690231,-1.04969982735352,0.784511593893187,0.22435045716989,0.574151631538178,0.240333809119355,-0.106391419602111,-0.26583817342469,0.412466629758073,0.676273279091389,-0.490700139906122,1.2453485868054,0.330078316722825,1.23796222188696,-0.99648585598118,1.45505988584313,0.949248299867583,-0.754723875521969,-0.0040925721940967,-0.0183581514101609,0.119097508646165,0.368023651818992,-0.802435651188463,0.199759908809338,1.24172841506901,-0.890995014379464,0.438662539832825,0.30259718618901,-0.576568862934201,0.207138735738764,0.0878087136563214,-1.24610592581562,2.04744582885111,0.059151207787435,0.860228906494211,-0.699042716940101,-0.719690708102886,-0.263102734292657,-0.353606696527606,0.626847864561917,1.01854670391322,0.219562562237885,-0.645591756892759,-0.167970797415045,1.46551033588735
gene497,-0.198489051900198,0.065449732179426,0.645567710270205,0.0139176931463572,0.719158807430866,-0.0807867776196355,0.466609335171355,-0.430791252675265,-0.652808743428568,-0.0625912031517646,-1.19316033418836,-0.657933397821755,-0.139680276374659,-1.43768072720606,-0.0057770379415845,0.869734193804815,-0.508166684307107,0.203526523298557,0.274573583992837,0.0483458341389657,-0.151709562135446,0.0351656771466648,0.55884926353439,-0.610974836074,0.185008812281313,0.242064340510344,-0.0524059612456912,1.30621494994949,0.305273154985876,-0.393350383862341,0.541407138436466,0.90171898893782,0.686363951743348,-0.174537930456322,-0.220030315654521,1.31130966397294,0.334485379687694,-1.0062238008102,0.576226292437328,0.266791493386234,0.0600825497841367,-0.15810203377557,0.22664008609329,-0.688224234537465,0.294469691515464,-0.971835131123815,-0.0302118432551909,0.384561423915317
gene498,0.514177791993999,1.00141992687827,0.342096576971397,0.721982107535562,0.0273005827859338,-1.06050073921514,-0.170355542167571,-0.789170739383356,-0.602815811866231,1.42449643794759,-0.730129964449641,1.29050286775887,0.710293404906966,0.209392979685293,-0.740831384205825,0.618282408675295,-0.47891979988979,-0.379004670791563,0.0320259296651018,-1.3342920747685,0.445247994376844,-1.0635539974045,0.534247878748968,0.151099161851181,-1.77136236712654,-0.600547323458567,-0.855943227212006,0.0013981585876254,0.281133927572058,1.52370622507702,1.3287480164748,0.375906243681386,-0.239052461323335,0.171313699306893,1.47990892886509,-0.415011312227748,-1.10343801999094,1.74111021357085,-0.588187037861828,0.173477558670361,-0.406910659242291,0.566819634491804,-0.559258608540744,-0.0756103034093254,-0.242567977671279,0.426022177734426,-0.121598839042755,0.758877344561179
gene499,-0.149398184191328,0.0123194968608505,0.282526941687842,-0.0230498426678558,-1.44056628359543,-0.560058086549557,-0.15380727447283,-0.868621712998573,0.737622115172056,-0.666368194909011,-1.05351909583541,-0.496355896738705,0.106624880426404,1.55092328421418,-0.11263161829442,0.327171226754581,0.209225487520568,-0.394263687081971,0.143499106541654,-0.854422689180056,0.340805729540465,-0.0119562927429105,-1.62613984311919,0.0774531858253121,0.0788443128725991,0.883349682457204,-0.591897991242657,-0.0501112551034285,0.141217708428427,-0.315031779982432,0.227541885124331,0.407508316525056,-0.0483347702936249,-0.131030142497406,-1.18588693678068,0.221638032168828,0.141175578339097,-0.383901813985126,-0.111236430815152,-1.60974984570112,0.38108619644963,0.616682654468245,0.0526700405604762,0.0192922224340885,0.985264224355769,-2.23481432214471,-0.544271133375269,-0.429760816204114
gene500,1.48166003298477,0.60542251470181,0.863107807848249,0.956275856580928,-0.185876145170972,0.272773938546185,0.609558261022187,-1.22289210601857,0.32653258927542,-0.362169674598629,0.448860268092961,1.40540356149435,1.38329320538866,-0.724979963847582,0.595780133329,-0.203328822911195,-0.680095112960127,0.251210155719854,0.201828162340704,-0.441567150897253,-0.745068984921064,-1.05260854514766,0.969734397858113,-0.970287974272067,-0.109296217813399,-0.983229250478999,0.598268415215128,0.354237404890342,-0.0531976411344516,-0.215228057104713,-1.04763737911609,0.587267251504217,-0.90646362231719,-0.328605914789711,0.321274158809431,-0.278035180741842,-1.39784843268646,0.921520445537989,-0.123481167062324,-0.0151758049622613,0.672310257767639,0.956520441927153,-0.229898630684158,0.399540352509835,-0.0470617576109928,0.720766776698501,0.293107885182551,0.501107261605272
gene501,-1.64059859462442,-0.174620929076794,1.58766465470542,0.916946082518024,-0.509875842874388,0.810561763513904,0.140394848100855,0.753099432174218,-0.565407065197336,-0.933910267300777,-0.162255494454592,0.854827725742597,0.0346544405902504,-0.101900117231158,-0.127701639592531,-0.480130349388201,0.67567202540206,0.277465191918581,-0.126252303934929,0.125618056729116,-0.078167745512403,-0.655876104285895,-1.33095843934774,-0.369487828677709,-0.932500625151465,-0.537637552325259,1.12237600811511,-0.999781453521131,-0.145527478284502,-0.249778560257471,-0.270116406178515,-0.0375174397341628,0.466949097949274,0.287930135350673,0.0778307751800481,0.0809805264956362,-0.4223987864602,-0.960002235460691,-0.111183457022189,0.828458684304862,-1.5333118699459,-0.304672194114576,-0.241725925268264,-0.366906769904886,0.178628520214857,-0.557971079204756,-0.432137516468465,-0.127604473956323
gene502,0.491924598812952,-0.0812880129617835,-0.330305488496783,-0.152270330257894,0.0303852830580738,1.29568664182065,1.20280382741426,-0.7215197155027,0.303990415808282,-0.0044324449545534,0.988521461210866,0.0837639009452267,-0.164966043552337,0.445151282849983,-0.138121873011886,0.800643265301305,-0.306799791503612,-0.891286596426349,0.106298608202765,-0.980100325230137,0.471793035365314,-1.6310174397583,0.704360380877872,0.32384331223582,-0.565944595031132,0.683557140766182,-0.332460880239823,-0.411608253865358,0.586451328461527,-0.411930057173644,0.0933759428636854,-0.003359582806056,0.137166564172855,-0.302103186848361,0.358553057527623,0.261562394921896,0.25843138598868,-0.93350842745299,0.488971312638225,1.1256569390156,-0.49809818080076,-0.29518818879999,0.721949689256935,0.0206035022113211,0.129389083894536,0.39534558232628,-1.66953316243415,-0.0377236370493211
gene503,-0.550539351089949,-0.813998150141029,-0.297018329806374,0.137621854746178,0.734563673629149,0.084092840709923,0.0356426039217326,-0.262182144660137,0.0961762498811798,0.563514202780986,0.993900660310042,-0.253093031897239,0.927371235730984,-0.122490371370882,-0.279740096025202,0.545503883145951,-1.13629488137073,0.340108584771361,-0.429061698331748,0.621548143860606,0.502568021086222,0.397504988577968,-1.69128633698731,-1.89135496132575,-0.762661974551021,0.387918431095114,-0.417834725650244,0.356928008652131,0.963526861024904,-0.69131801988799,-0.0520291174474195,0.956613226225867,0.992108854429697,-0.4880245528736,0.248024040251099,0.447093532496804,0.226026114978679,-0.734655051479579,-0.191862423669587,0.453662780840886,-0.469562374945918,-1.0120484578909,1.1554473868344,0.0889918615453692,-0.577516455585566,-0.353425636474466,0.688225021315379,-0.0682557456164413
gene504,1.09178292119961,1.21477526379726,-0.498818984999228,0.329193441445288,-0.844931050405743,0.989026016166064,0.71232356125779,-0.611878389427208,-1.26566322003866,-0.346279102775636,-0.563092314044718,0.570852783141273,-0.344234434143722,0.535953655813532,0.500985144117781,0.114438584389,-0.0431213266384905,-0.0196057937315421,-0.527433661941054,0.0819550395578402,0.268051485602551,-0.433567193263745,-0.437576724435308,1.07020545548683,-0.0250925665115728,0.585295214844657,-0.0621024752473265,-0.92743941266754,0.39245128386041,0.0333434986877321,-0.593731812367437,-0.702198223990976,0.171977486116547,-2.65098754834777,-0.28689818475879,0.218897797518314,0.473842626662385,-1.21721282929357,0.470731600544943,0.182946559635443,-0.498878346976211,-0.32714022367993,-0.536121596846997,1.02625320817423,0.0957189745627622,-2.21716556130984,0.237752005197934,-0.4530940533004
gene505,0.651185644204905,0.0697857481363598,-0.0216492755561403,-0.193492796147623,-1.44377518894924,0.399353522300494,-0.278055513863269,0.802458664058108,0.660061994896927,0.260584579612691,0.371263234242344,0.0922798716019683,0.326088093855405,-0.471466334965914,-0.689997797693306,0.479187277075332,-1.06223320407094,-0.0816740819960883,-0.0139340124311601,0.284526913359784,-0.617274586737729,-0.0851286603729672,-0.34382767461689,0.28921659060364,0.512986652758938,0.12095195490123,-0.601938097535924,-0.303905742013988,-0.313684686503312,0.344618658290332,0.0577460520745566,0.216152225864818,-0.289097959452137,-0.0835410258957581,-0.638885250003545,-0.305497467469247,-0.116370385254092,0.416868665681812,-0.105545041012388,0.321258157106688,-0.868410945907857,0.697806538465218,1.18394061495521,1.53336600309973,1.58944460251312,-0.354219509199321,0.0764586654278518,-0.149610489374171
gene506,-1.12053647475898,-0.606362409659364,0.487311041715352,0.769683769103827,-0.218728335974972,-0.576250780520751,-1.88945767545814,-0.014506307282333,-0.41704063476966,-0.111931005702097,-1.64647196294945,0.0205462759445472,-1.79192073253374,0.218811028919208,0.314039200391935,0.239563721972064,0.370022302868788,-0.135035019884823,0.406135950037307,1.23610295586232,-2.16672950332131,-0.110249149777368,-0.324109777938968,-0.557303130389829,-1.11181520771124,-0.292757229171236,0.443476127606548,-0.109956334284691,-0.0642424116339325,-1.84943611888301,0.51487343046325,-1.25793125245319,0.897683199891016,-1.14349930548885,-0.573115577787199,0.0125471653103369,0.0657616566432715,-0.358478317863687,-1.25565093444386,1.34577592822938,-0.0186326834663644,0.662442828276745,0.438724577633324,-0.251998621764603,0.610202673357776,-0.219116794071429,-0.0056636912724669,-0.680991280483523
gene507,0.41645237127862,-0.300025628851368,0.192093258747317,0.314749427288213,0.451985016912876,0.816392762009193,-1.53111465995928,1.19206920051387,0.152539988071509,-0.0937971905177941,0.237362582533236,-0.83514970643772,1.06918697116562,0.250579268732322,0.377972590836716,0.15226074468009,-0.0953011636534349,0.196710525923991,1.43576036385758,-0.909903947477,0.326941570207705,-0.266502076890381,-0.405154223411319,-0.286741599752034,-0.735565030249905,-0.205203987140875,-0.337359261773947,-0.14194875449633,-0.413899352156097,0.348140964334406,0.176886207738104,0.464518494561627,1.05908574859357,0.860765763332837,0.889174602522704,-0.470258780431732,-0.151647227530605,0.989783975061459,0.063485606549037,0.0639255361205753,0.250960561747408,-1.77700900045636,-0.989374950075493,1.42630168078819,-0.386084391450028,0.391225168625535,0.74908976968388,-0.853966146125776
gene508,0.242782117789982,0.002842916807113,0.153922289467283,-0.0929973308025368,-0.137257489959589,-0.0816076021463191,-0.587136358235349,-0.362731219613699,-0.30356607985956,-1.1657720969538,0.0322536381047843,-0.724881500371791,0.983266850868346,0.590882460913664,-0.256139391805195,-0.251029497165561,-0.269839859702832,0.0938693156185291,1.80070778415792,0.860559446340448,-0.143196879968553,-0.167702136360672,0.211883103463695,0.0618547684748214,-0.0100237254877198,-0.484646728889408,-0.113449153161436,-0.183779763034716,0.186263596751297,-0.204917370678233,0.0797605481945134,2.35458467862185,-1.05751649170312,0.846023285371337,-1.45070530887311,0.222419337626155,0.230310697409051,-0.741457187331266,0.586779893179438,0.329920283105888,0.479914174681516,-0.385870816882828,-0.568864693334978,0.479091201485706,1.04044223618142,0.0791635891659133,0.115616989074566,-0.327815416964232
gene509,1.92558362157702,-0.0966687191563111,1.42320742971032,0.631833423992353,-0.235535905628312,0.497303240961522,-0.934796798020645,1.18868494622481,0.406452823734896,0.782751748183767,-0.395689683321314,-1.83279183578175,-0.0938632011090494,1.67058589091802,-1.26808583004743,-0.0473994087376657,-0.636583533214284,0.200102044837403,0.313061442327268,-0.363499358901929,0.336694246216584,-0.061507235443144,-0.357575018675857,-0.285796826272209,0.431799069487791,0.456042733422314,-0.398816987308278,0.219995520724618,0.489795685983589,-0.202247958229505,0.425461393108098,-0.0356411288968027,-0.780582460776281,-0.785070029958194,-0.178508599926308,0.414252684475241,-1.25009088140494,1.18371031122872,-0.131061447883201,-0.513854685947651,0.199078455955444,-0.51594366270811,-0.137174632982253,0.285258310273237,0.191986111143916,0.644455599762941,0.349578708651543,0.53528804496454
gene510,0.367921833061881,-0.645096605714402,-1.14551599054444,1.1417437578222,-0.319533615701635,0.285308032850908,0.016906702158315,-0.119757807662455,0.650916558459233,-1.1476373193859,0.141264402820179,-0.195672403949488,-0.620680132159953,-0.320942224542814,0.283828471668447,-0.734217463947079,0.526550268624801,0.0702501494024215,-0.483408499769051,0.143001977253605,0.402637354572736,-1.22692322749767,-0.690297433815113,-0.11771456107019,-0.661671102037523,-1.21763417698899,0.669459225712902,0.28534807132724,0.247132865393474,0.189799279416024,-1.86880793338081,-0.45619546178813,-0.487521586450729,-0.250919550644622,0.0977483069372646,0.481556147880492,0.159553927810503,-0.554294592590421,-0.370539973588053,0.0928873768185831,-0.714178341527998,0.0353886132161732,-0.166441565715924,1.29120365168803,-0.124985780905127,0.975635886248178,0.719671759821241,-0.523737054577108
gene511,0.153177921199243,-1.14218716849171,-0.309864047510329,-0.222583814519429,-0.817112180477846,-0.091867730777136,0.256346234304797,0.790923730169111,-0.751247996138705,-0.0779769887128812,0.0983577236940625,-0.25953114703729,-0.3111379205921,-0.485739257347715,-0.587463928955374,-1.29091948926572,0.792676138218251,-0.0592573994790975,0.0676794790917241,-0.255987155544261,0.171859315146719,-0.304051280724211,0.41871867151573,-0.643119071791241,1.73924198912457,-1.08064056805094,0.883254643064323,0.380378391125376,-0.745903854939882,0.208676749849409,-0.960053422520068,0.514253912179063,-0.708198308599845,-0.147991274940335,0.661104344801561,-3.12490360815982,-0.130067814314252,-0.52612691651272,0.478790911982526,-0.487576540371048,1.06738340143698,-0.169878888677941,0.323273037836751,1.14226545151182,0.783539144872178,-0.947214435165481,-0.162845445824838,0.522936214089595
gene512,1.24151906999006,-1.30697489162062,-0.383426365967991,-0.421064032542656,0.687371139623663,0.741010171247159,0.175372988625212,-0.345515893640981,-0.9990744315141,0.505398577224979,-0.815673596340392,0.614388526631036,-0.408394167067117,-1.2373892053915,-0.0710807388704575,0.0570937678931053,-0.12276468426181,0.602094570644369,0.109029873515862,-0.115723329342162,-0.0389846579738076,-0.179083213521691,0.0647301332475063,-0.417011040186596,0.0502657635955961,-0.0803121653256411,-0.139557347661302,-1.04258396647657,0.495315230062947,0.313555381969733,-1.10138883171187,0.151421300352058,0.497670024432119,0.0304051895138764,-0.346797163690308,-1.84963774293781,0.868648139524848,-0.292622300121082,-0.0494939812516384,0.504640396269084,2.1165276924491,0.416691334030251,0.78583722340545,-1.6320346769008,0.749001790117785,0.318499654354936,-0.038230776188462,0.437871623990412
gene513,0.276120943580403,-0.35491593225878,-0.528920800751905,-0.776442691789035,0.0210903545760941,-0.111325616279443,-1.38213810519968,-0.384931612991119,0.675844991165265,0.329391952441993,-0.710457622929714,0.913949398124984,1.36908895153338,-1.66297453215536,-0.803401357224147,-0.854389980548325,0.199594958238655,-0.125199499215293,-0.0402887431534035,-0.635203559404922,-0.308284366350737,0.0530031935303806,0.319130217570726,-0.4077367328885,-0.450301906047146,-0.637833423733972,0.67866416064544,-0.373456057584957,-0.435973146693985,-0.272257328049841,0.0348078383008636,-0.482120584524514,0.559910243490931,-0.109707857087741,-0.0272988728671028,-1.52661803426831,0.525851162944389,0.944667253333368,-1.27092443557665,-0.0346462752437849,0.335794680885227,0.173803626465833,0.4108073572276,0.424342470111096,-0.623584720070382,-0.785150932368314,1.33883117443357,0.680654324686769
gene514,1.24917625055357,-0.475869549677218,1.07146558680518,-0.007738241546364,0.364245878203472,-0.361900901568741,-0.310544445684037,0.11090698814544,0.0560392384531682,1.22117652015765,0.234169891734449,0.128870444504038,-0.770267651197643,-0.442690159409908,0.170995581625606,-0.172767857832508,-0.0456534311759332,-0.46955162237168,1.52214313105348,-0.0155123573709185,-1.44296785283683,0.290470429760743,-1.41717242383494,0.01485553966186,0.775727758817748,0.185824777892773,-0.843083058480006,0.701833257526689,0.51102714762402,0.206716951191035,-0.60276851034603,-0.236273272447854,-0.165734152259263,-0.288583835951994,-0.29685454547649,0.666761204960861,-0.675496120811338,0.0028289664871154,-0.0877530709933726,-1.14678927907699,-0.104604636364286,1.30500218136415,0.0916690045843328,-0.132168560557348,0.639694617782767,-0.498332450469046,-0.797036114041681,-0.626587992222515
gene515,0.613194407374884,0.44650287696409,-0.864321574212969,0.741741928770263,-1.36459710833195,0.0606526543663604,0.469649985964634,0.833089616732611,0.534694904277399,-2.30663350066283,1.48232243077234,-0.430777534539164,-0.473300747331311,-0.434638904316486,0.127454588242976,-0.306852416147494,1.18375268080445,0.562021545333681,-0.483521544097294,-0.369308994705394,0.289942722008801,-0.021411790330804,-0.320335505252758,2.44457898672986,0.874338205742884,0.0936916282443929,0.285827290237913,2.35586324662423,-0.790190275028562,0.780294975714619,1.69915221154634,-0.780986773929061,-0.664607599128332,0.315001637694083,-0.397800056108737,-0.905268352024161,0.0724982309526495,0.664687055778723,0.485545595767619,-0.986377277152183,0.727975517471615,1.6840858302939,-0.527929956860825,-0.116549905872291,-0.642648982106526,-0.101520756021646,-0.127415411218936,0.365620045538577
gene516,-1.67933916723076,0.44619678930722,-0.419661362442416,0.700882159299195,0.759346523117523,-0.0384253918443746,-0.388923877050474,-0.731458651294334,0.569116561307179,0.235937168629449,-0.828219466697124,-1.91756431133497,-0.420144761392333,-0.305804102898449,-1.74672401009245,-0.0052722044187778,-0.181202937513704,0.606321782474714,1.79636465325818,0.603953797324125,0.526409549250521,-0.846383721979456,0.368493410591541,1.05479646049863,-1.3350461681952,0.298589627709172,0.430273846157933,-0.245202975145009,0.22005501961078,1.01944096752682,-0.426620311731917,0.251115979849195,-0.299066384883039,-0.716145668798927,0.415934582192058,-0.942926168229929,0.669592726909577,-0.558318944697764,-1.41885906551756,0.887561196222476,-0.496664503173671,-0.0939137719166008,1.38545866613147,-0.176689703971975,0.132368882330725,0.94588619426897,-1.43191790791796,-0.089516350935329
gene517,-2.05429960429838,0.838487170279573,0.197095363695368,0.372549759774495,-0.579932703761416,0.214492835474693,0.0400772554069752,-0.810614621172712,0.045263294535967,-1.01620523603437,0.291244868640859,0.861757761664033,0.155897129902723,0.236828736559627,1.18276374841467,-0.233026914575528,0.392148476736601,-0.268993710590789,1.10206867544995,-0.304297050799586,0.497355269179424,1.19879561605251,-0.501065703949774,-0.304355897439234,0.373977600361765,-0.241766590889407,0.636968909535585,-0.179084122471928,0.606633989422321,0.269829261163035,-0.563736399593702,0.443835248642709,-0.711550195903949,0.791614130755815,0.0736246155008878,-0.148667664493918,-2.31606746863663,-0.820343205816729,-0.641678175230165,-0.133807370861258,-0.404832596926075,-0.142710349637792,-0.652484987908777,-0.952773850312566,-0.502936102792758,0.972889543987349,1.80426970994189,0.6142145250409
gene518,0.984197972603352,-0.596467534923742,-0.449722257467723,0.171187191216964,-0.333516641419963,2.32956339213037,0.252390834725538,0.254259322086184,-0.656646941961147,-1.83271880056044,-0.707060744275437,0.0680200085210132,-0.0983954359673784,0.281423695283889,-0.764677725729193,-1.69958857721756,-0.336293013538186,1.23025820393908,-0.688099959418135,-0.262356286621293,-0.347601354760361,0.600484440088492,0.505076085874823,-0.476653162852863,-0.732514054677459,-0.173560655557367,0.196848205174545,-0.141498303348868,-1.64293472111071,0.0752431608647909,-0.20732014055052,-0.278198556641297,-0.755509935747327,0.424399502566927,0.330990099737283,0.642780059672832,0.534852270067523,-0.115451044881569,-0.544528173895734,2.06460719308947,0.0237195891487876,0.828205824738883,-0.10174731250679,0.184272649691454,-0.339841774995722,-0.577887887237997,-0.879331564092299,0.0901752795680366
gene519,-0.0081113844650813,-1.10143375047618,-0.0305546885360459,-0.182364628996002,-0.429511523688705,0.387737408109714,0.0630182618657022,0.591015459283779,0.033285947054688,-0.611478178650804,-1.11891308191729,0.298490991934792,0.454322353974916,-0.195396310884654,-1.07735779760759,-0.34804682606766,-0.412341987690737,-1.08935566448127,-0.0480476278826867,-0.752943434425502,-0.301180220917262,1.32257493193516,-1.02669993581824,0.425311083267559,1.33717482926253,-1.93853077800694,1.00929088132925,0.121864434893448,0.887819162849493,-0.278994921599842,0.574719957705156,2.33248278335909,-0.394311100063643,0.847845987859346,-0.889654177433734,-0.0920911276129624,0.54551437838566,-0.539332040945011,0.789392517038059,-0.29156611655442,0.241503597179682,-1.36145111788691,0.544051657074363,-0.552721371052813,1.54386679717204,-0.080414765717217,0.886643593247244,-0.259311219459016
gene520,-0.513405833022479,0.296310080785595,0.846778846899267,-0.813635878434673,-0.15800900065626,0.114525786877985,-0.572840845874191,0.109564622533954,0.53819931367724,0.577011934706139,0.921400009643339,0.205790243355135,-1.6834503346296,0.205046228611911,0.501553206375346,-1.23834452079092,-0.070115145648438,2.12106959617732,1.53046414451159,-0.315070938706779,0.619408644631943,-0.31590990014599,0.0596663734218049,0.92968516620618,0.0452793974281433,1.20734175314749,1.93022057033601,-1.28077144031808,-0.414573225144794,1.23553213162765,-0.0780398840394047,0.584311805575571,-0.102669147814664,-0.211039592541501,0.318603812490108,-0.13451627504673,0.700866255664131,-0.0286781585325519,-0.719620974192718,-0.0122414898488415,-0.66388544532093,-0.484760518184432,0.501632856936339,0.970875100678282,-1.37432132146957,0.555148792779189,-0.850833637473092,-0.86438543121556
gene521,0.408421030215001,-0.278566722826003,0.455217293146492,-0.389711668228078,-0.0056433895088839,-0.603756719738575,0.613176232491046,0.253919324646209,-0.388432679704944,-0.171763000564565,0.392933875243763,0.835756932244101,0.0965349591208826,-0.0301628725985651,-0.344412441939053,0.410787081471729,-0.495069851008378,0.625161822302053,0.784650050351877,1.15066013712217,-0.0322898342911083,-0.323927524249407,-0.609677615012265,-0.233756445164383,0.740639302318133,0.39822174638332,0.343966837906884,-0.584803023248829,0.6126176858406,0.0679732225343764,-0.151948470157289,-1.55129965363945,-0.0725005481003491,0.167975064142871,-0.137064943659458,0.239048325447845,-0.254084366321961,-0.589598586038333,2.0800722055806,0.49886575183878,-0.205358019489488,0.606303361733474,0.455378626011277,0.197437965456279,0.564203096133581,0.465587202260002,-0.975151471713668,-0.673651613897812
gene522,0.576254996810189,-1.41956218129082,-1.02719294928161,0.42446670881705,1.40012834576757,-0.683259088457711,-0.54188571223734,0.0739591646526474,0.51903251655388,0.365985558775482,1.17332489578369,-0.0290335902270939,0.951763255604464,0.562098908559051,-0.809977631449346,-2.50243580179119,1.26140035464218,-0.999452990506645,0.331417803302365,-0.346815166213929,0.237997361649409,0.266296141635107,-0.0335516633514676,0.521022656919567,-0.682127667234453,-0.400923725205267,0.404315868868958,-0.633470007626857,0.404955113361431,-1.08988635330249,0.268244237277229,-0.259901338590373,0.688903762455864,0.35948982252046,-0.140969750405553,-0.535317919068533,0.109279174512165,0.0406191600295464,1.0084875954635,-0.28792306721609,0.601226068731285,0.344345579208934,-0.869911863938386,-0.78591810496697,1.14761921089845,0.594568949160833,-0.30529072050328,-0.0220748427428402
gene523,0.0869467376683749,-0.81359277857812,0.646944643646944,-0.852947255216017,-0.0793105187762967,-0.613966782563524,1.10185099902407,0.0629532513103917,0.452716054116803,-0.729870279551105,-0.274156281547575,0.625542388845968,-0.761774480656571,0.19935127561798,0.883713334655204,-0.281915614844889,-2.34834855627944,-0.0329209052461408,-0.0663937855321872,0.709626747091704,-0.183890631041642,0.970756392898961,0.0299871308060676,-0.261536763166025,0.209226048965638,-1.08021801599227,0.591692521058639,-1.14339299636845,0.145125990656734,-0.288327071326046,0.770539182776856,-0.0817676704476309,-0.681988309905363,0.50142433121791,-0.349253221177241,-0.251457011586421,0.171024020853401,0.0411043916957307,-0.602050659580754,0.358475808863928,-0.946592758347036,-0.525764278866007,0.809870064447925,-0.0043686097005263,0.383504122471275,-0.238437852944812,-1.71994520965688,0.0243804281839602
gene524,-0.0309137359204678,0.731774856187925,-0.683407089303837,0.0946417433537463,0.432168404781153,1.01763627625257,-0.0024566464337488,-1.07845721038166,-0.051859322077153,-0.506546617998511,-0.300963531229353,-1.14423327495424,1.16561281331445,0.251033589833172,-0.288831581253561,-0.182292847069718,-1.5131840267017,0.241714158610239,-0.87961016429002,0.884977535566165,1.63671344856701,0.00885892575027,0.25502042100883,-0.962614979989971,-1.25705512788408,-1.89465503748602,0.122395022485056,0.562161191602141,-0.133799971327608,-0.667365125781812,0.661799356481803,-0.504213862690927,-0.900180967587001,-0.282049079205301,-0.0058301722766686,0.375221171093882,-0.812762006515338,0.001071797584822,1.49477689712867,1.27861433018556,-1.36508020878694,-0.4270721811413,0.542529760415739,0.363463911375185,-0.388609099234882,0.514763284325567,-0.52835195878417,0.247100155303459
gene525,-0.188159328605195,-1.49170570454744,-0.470546842164231,-0.957519655405374,-0.334342320236989,0.0418587287325585,-1.23610100973358,-1.18333997040479,0.833322869767908,0.0384615052442307,0.162879766279087,1.10808195919538,0.554440289368435,0.290602871921711,0.805883224520968,-1.53624317551385,-0.545350370710457,-0.44172568435559,0.554440976080621,0.0142513773063058,0.929939342242821,0.152641321535132,1.15202861605582,0.556602580283457,-1.14052235194305,-0.475563031747872,1.85314350298355,-0.196543559502029,-0.162292124041595,-0.23401279558974,0.484928243863991,-0.576851909447651,-0.487774878725111,-0.300963759325474,0.350632282504277,0.967011725697957,1.53819068444674,0.277506354708639,0.153795556766865,0.81828645761929,-0.582805913923528,0.317444373716845,0.749639736837137,-0.943605577690475,-0.48772483932351,-0.290591014108715,-0.443209546059892,0.661229149773217
gene526,0.561635919106153,-0.280323701029673,-0.101070268548163,0.728266024039416,-0.781365244491686,1.79414628837697,-0.40660801864053,0.287011516263,0.66951054690733,-0.263005970097583,-0.928557147406277,0.478818092870568,-1.82115058778245,0.0336698726493365,0.628950889587421,0.0234068532333091,0.0410857905433569,-1.69402925734455,1.08462640685345,-2.17808798499923,0.0472764852209931,0.216198909332416,1.08470686493856,1.28880429996647,1.46803543774647,0.226639457018817,-0.0323342061500684,-0.992399703760663,-0.952806232143644,0.245744826562944,0.0946776188399295,-0.818921614403246,-0.806339168970117,-0.517682885556229,0.456035522370208,0.058391938123089,0.335932688920779,0.0823496185593847,-0.10145998645904,0.698600986564175,0.350152577866039,-0.139221296958615,-1.10559315768754,0.15497949180315,0.03745891032247,0.627248149760326,0.648973488727232,0.962941848257893
gene527,0.0114778782912151,-0.307822558259699,-0.344272362062864,-0.498524765464542,0.0526575595467464,0.594445692710797,-0.347735594593049,-0.472953614733053,-1.01083578240897,-1.14795756351977,0.021761754566271,-0.384581840744,1.34849450988031,0.204778731903386,-0.26412115720897,0.48868603894115,1.06608788803394,0.698980176856832,1.0304798041658,-0.40672524947238,-0.282580083382526,-0.525282937775225,-0.496824636627275,-0.903451894999831,0.161357671721619,-0.0229537312671317,-0.660660744469164,-0.251343651148484,-0.554776814549531,1.06253611424988,0.564555172672334,0.792442093416353,0.151290100842918,1.10610742608201,-1.33648643472035,-0.438945540269849,-0.562570508254438,-0.724310206936736,-0.472912123678491,0.0079631731068169,-1.48850706358485,0.738824485001894,0.628085163002588,-1.63727280265164,0.311590810460343,0.50688480866678,1.62731777146114,-0.891282143713674
gene528,0.699917627802145,-0.578283116756415,-0.864586662542546,0.233707962505607,0.300300737575631,0.685052340350022,-0.342323091980071,1.88368368814262,-0.792954071259712,-0.478765178234556,-0.0319769682548308,0.663913122894878,-0.0841368197728317,-0.788999370662792,0.685611084700321,-0.81157837166437,-1.13331233087684,1.34536121259191,-0.594163370065668,0.786781277996077,-1.71069844640037,-1.09332431663477,1.02716659384948,0.591112768254451,-0.185141520966988,1.02248391227274,-0.186303256090471,0.528587015509742,0.147900842820112,-0.0070862772948048,-0.465573138707301,-0.359073779438301,0.575080404802261,0.245309787999944,-0.272997398968552,0.326063071499859,0.962532412160237,0.893558822320902,-1.14741977184459,0.70224463485931,0.29110294093611,0.162993899161729,-0.52827867964558,-0.096832325542232,-0.941529213152409,-0.798328355788555,-0.478234367111246,0.566123300497442
gene529,-0.0948708072681885,-0.570675639259186,0.0155068124987817,-2.4369610969441,0.0166990763513946,-0.549601633261594,0.27310148975815,-0.110600964142008,-0.538565882647442,0.618885040174936,0.236098747244347,-0.0512701471950143,-0.0671229753630711,-1.11326983761212,0.46263183580563,-1.06357904392044,0.0365232333335939,-0.896021426307117,-0.514906574112411,0.634534962949686,-0.365260849044966,0.31911572199105,-0.40070163258103,0.923190961697497,-0.381845875520248,0.622961053136227,0.116157780695388,1.38000938690025,-0.328263731860367,0.379584708012814,0.325957517767892,1.00779296891891,-0.294394911163905,0.797741158498506,0.194776092870617,0.0760890940713596,-1.24193084351256,-1.03486604452552,-0.642039784092283,-0.0559656188779417,-1.84627368940154,0.852402443842142,-0.433335824272776,-0.332808486677131,1.00493166605761,-0.44151472560031,-1.19308177687853,-0.406377146439797
gene530,0.532018494483436,1.17932764295046,-0.847446503779982,0.14526499035927,-0.982687200445482,-0.477957710671001,-0.131443988657795,0.487168471891104,0.292208633173233,-0.316144807175654,0.0777767294371402,-0.23297264561413,-0.0626346876214686,-1.16323532512864,0.0525117020764772,-0.0136732038595535,0.185808214681771,-0.961773674197364,-0.520210178618802,-1.34462957186054,-0.680896967377671,-0.376408511483294,1.05246859397347,0.0927998499686619,0.496083706710958,1.39901923766491,-1.45629343851169,1.34543001094864,0.226626449723825,-0.303950092069779,1.57991831715502,0.619727208057992,-1.26819229653775,0.0032866409122116,-0.108053961953737,-0.493168548269272,0.350146426866049,0.0261234291278096,0.296249730421604,-0.696440675673869,1.02892695752355,0.352312230840497,0.273719199347388,-0.379061444356366,-0.480467706575335,-0.975545368614176,1.38764020743463,-0.335703850796274
gene531,1.17641748069637,-0.186632401234297,-1.21644281973954,-0.796942867544116,-0.381238607858464,1.41301525090306,0.431396623102149,-0.645820183077078,-0.0573632544526445,-0.384546681041449,-1.31351052360779,0.318192045388408,0.0562302144281078,-1.00415456745709,-0.0121775463284759,-0.586736745744704,-0.237984774724624,0.205507507841518,-0.297728827940844,-0.0700161654330428,-0.728403512911402,-1.2423940738703,0.909356278984653,-1.62659815244747,-0.630299999987758,-0.973538139725417,-0.693956248304218,-0.606306785462502,0.398775363414393,-0.0464270869058315,-0.218716724918685,0.498345441114936,-0.516397702368247,0.417100391723771,-0.500639190248509,-1.53007881483625,-0.999448371029116,-0.487390989718499,-0.977119963219222,-0.795096770389409,-1.65875910351717,0.387418348263248,0.0905359773540254,-0.0643291513355523,0.11951203677348,0.388248147461546,-0.649288124721923,0.810350497967111
gene532,-0.912420231430459,-0.590710646610467,0.629153538070933,-1.33483281559915,-1.37312648175871,1.44930093197501,0.346815725894307,-1.02078417269742,0.486684839240378,0.789069535396693,-0.0453574909612558,0.430381948930014,0.318978288338368,-0.577978336548204,-0.149706486815069,-0.702585848738641,-0.3980723346007,-0.479018815252778,0.740595229533285,-0.163389521473279,0.532991713692266,-0.505522603666439,-0.411794321311075,-1.24474651684788,0.12338264000447,-0.420313018974512,-0.722652986140155,-0.988887094589386,-0.444563202528352,-0.237157010692166,1.02879173884526,0.515059246211518,-0.790551468693793,-0.371592204724553,-0.417444814618922,-0.41625700480908,-0.403375411185237,-0.791803957559009,0.0003147003748875,0.388302758655789,0.908502360718515,0.568268007715502,-1.52050144472595,0.38776620615007,-0.397662765368173,0.739853554739496,-0.922588814905086,0.163329667211497
gene533,0.692799144791774,0.0606240459771493,1.75361663203985,1.34149726903747,0.64587427377191,-0.693181262281514,-0.359066991351734,0.570574105837556,-0.65587052912146,-0.425719371226033,-0.8138569893966,-0.348632187003183,-1.0764265197262,-1.39616992105087,0.594845932045209,0.34566241521255,-0.432175479907762,-0.0637779503476809,-0.515953932992924,-0.317245846736316,0.64492705324225,-0.167929694568101,-0.776046545499162,-0.390356456668229,-0.99388859404041,-0.315026282630412,0.182568391723811,0.937791840637353,-0.0573656474298815,-0.151519810880339,0.183043812411759,0.244979458236037,-1.81761497462006,-0.831638621078943,-1.0408531003956,0.40922485144053,0.830123777350485,0.696799168612336,-0.0025109998807684,-0.226634347196411,-0.198411268165829,-0.115596556849085,1.92966443600643,0.0402893187252987,-0.0400824287064206,0.910344450219585,0.0452743889090508,0.601637894951958
gene534,0.222387518708678,0.0542803860494719,-0.0582918983856293,-0.924035595424423,-0.564793044891655,1.06331448464832,1.38584144453068,-0.35897255361941,-1.10535781788699,0.498705658632235,0.128437610962898,0.534365213864243,1.14375770705385,0.546534895452918,1.5260233168292,-0.31701763245116,0.442211489933723,0.543288461047363,-0.434535927753878,-0.812411496359566,0.964623659425906,1.42639272567095,-1.36282206618553,-0.488186681633161,-0.657613925403529,-1.59649596370642,-0.935314663699956,1.10120258021234,-0.248610056728911,1.0009129271526,0.254028295630457,0.0954680205137079,-0.31999506721161,-0.582708631345651,0.395771540878257,1.36597313712076,-1.74302723434422,-0.850940129102683,0.124583048033887,-0.995962197923781,0.568165462121116,-0.517187212866335,-0.306641219555712,-0.264748769274494,0.0092795286605135,0.346941240026766,0.155070463069638,-2.4022691952468
gene535,0.218533619373166,-0.0683649328736638,0.241320264869893,0.88136048085708,0.404095459588489,-1.10571913669444,-1.22282116777503,-1.08896897905608,1.11217661888274,0.739585006902338,0.456986945151826,-0.9594067755456,1.0684073492328,0.515501176299636,0.564712797029472,0.654793355219488,0.805342699438694,-0.836890672548953,-1.03139973338878,-1.12490399692993,-0.162143813323732,-0.403993431026226,-0.47664129187521,-0.296836266214449,0.411525258821343,-0.258291513794422,0.787886363391016,-1.2823501751648,-1.02320342585972,0.532659896242285,1.11371214706559,-0.54709699172021,0.398159793898283,0.865252723950411,-0.299680167453635,0.0007492731070757,0.150328915734413,-0.549633701644535,0.293100092298906,1.07938360063209,0.0645269041990514,-0.210836635625165,0.121483392436692,0.382101489864492,1.13888349651366,-0.976388329318081,0.517317595895594,-0.433663772186738
gene536,1.26222128588079,-0.806781687323913,0.817424504637807,-0.0297260886947245,-0.356780034206353,1.44563331084414,0.0485777972263239,-1.207270026049,0.437602261915539,0.808060377047381,-0.358078821919901,-0.94043105552112,-0.64669914604379,0.679736849805012,-1.23267565369939,-0.438520218909993,-0.339821341935688,1.75503469360291,-0.366596725645633,1.89155108792271,0.141531087201265,1.46119767348957,-1.09081664535708,-0.107833426462254,-0.409986019718698,-0.40937780589166,1.06744406781611,-1.54150389552655,-0.0028907371097062,-0.900475884828368,-0.596385946560845,-0.60754130770768,-1.0042805579686,2.10046832990335,-0.42638725062129,2.34754019632243,0.401084786994375,-0.104540987626945,0.374359291954896,0.239124943726943,0.842574706541146,-0.602730570589908,0.374787410390537,-1.16659238691807,0.905317887353365,-0.550547067281309,0.414980072596632,0.945507611936362
gene537,-0.0635062451032739,-0.171067801288455,-0.15367567038866,0.0891407987322664,1.12977176322099,-0.595991929856018,0.199850740602519,0.70620720777114,-0.966058666825685,0.484274058773708,-0.58921986976473,-0.185575116521956,0.202769674654889,-1.07101915326676,-1.57771347152244,-1.01728155349415,-1.08893949200456,-0.122974862868201,-0.18283491845917,-1.7418196028517,0.388067259293026,0.186470000154879,-0.362263802768278,-0.0824155303742105,0.583523163687291,-1.93111099152762,0.109618366428279,-0.307206811166919,0.79462009471885,0.0059153860986608,-0.090269166541358,-0.651157682140195,-0.12107278382584,0.226252371778654,-0.925799917561052,-0.242947113810354,-1.07118461054061,1.79319954354999,-0.564358648378774,0.0715923022590926,-0.364224605751109,0.830517173935024,0.805882989754456,-0.876344069127042,0.480773606562803,-1.40198832125692,0.275836674989419,0.854195151299009
gene538,0.777167933457007,-0.133701190658347,-0.217560492258316,0.693411189479851,-1.49554035309821,-0.748112290012387,-0.954302876651747,-0.550244221051679,-1.307390084113,-0.426139323327276,-1.37906663108415,0.501625884888222,-1.74540389013327,-0.12239897387867,0.661318978988306,0.322022432810274,0.025929802630156,-0.942777443526774,0.132512758617519,-0.689234573563842,-0.51465952700551,0.236495862108866,1.12792284104948,-0.562237754172749,0.0597324635489349,-0.784261407586361,1.06143440876092,-0.740949436553697,-0.363264273402385,0.151494227874882,-0.886094176912952,-0.214718876330085,0.0008377754469359,1.15066525447809,-0.0389790099570594,-0.495314216440184,-0.117951710123334,-0.14819988778007,0.156704862205763,-0.721919980096885,-0.127712968285789,-1.34670127073163,-0.061362790208135,0.422617398680789,-0.481368669750785,0.450810824564234,-0.58661526741053,-0.682356603361968
gene539,-0.471225720634246,0.262594633634701,-0.804035656516903,1.96717992227263,0.214072498299265,0.659414253924876,-0.0148788498429923,0.108547589693188,0.267417356648754,0.471214321601394,0.383258085216676,0.834412931450246,1.11487365355487,0.829359110042639,0.908842848950705,0.552647990903238,-0.0894459043668951,0.457215162620808,-0.0597736969352298,-0.670341723625971,0.973473041105341,-0.037933766804125,0.0404686797101008,0.598194030600089,-0.608648405043842,0.392055016774609,-1.46398847635395,0.612660351872017,-0.787549845306902,-1.07133257658425,0.220666331079969,0.259464281130049,-0.994491274880287,1.48798584503887,0.141430411365745,1.3559342013934,-0.889980107441116,0.277367499744992,0.304134442919532,-0.929897568971006,0.405537771150313,-0.656197764114806,0.427947525181003,0.578678328402753,-0.69494491520252,0.714898361175593,0.838789373313425,0.068396731369266
gene540,-0.911733316254073,-0.0904369687683785,-0.0017957807565006,-0.845637201305855,-0.124090704088334,0.506045694856154,-0.687799432133692,0.292269016047907,-0.491620188954213,-0.249669138491373,-0.0902315122032327,-0.100724511225858,-0.747784895088135,0.302962725000453,0.015523816771669,1.57900409494471,0.548202109444937,-0.296549022071949,0.496748716948384,0.387032905743941,0.173087436402579,0.735426834649768,-0.736315331234492,0.929032765286779,0.750464724147639,-0.152120873364433,0.829163331107843,0.911853328337392,1.07399406994452,0.870541467967453,-0.614214396937186,0.591535541582579,0.282431858968463,0.969016078114968,-0.284906818417863,0.105819931772185,0.762477141923146,0.15271418728479,1.04014930911005,-0.677127157617549,-1.54797053888603,0.277080951015867,0.350922644918095,-0.597091859036296,0.956808300725076,0.436776385195028,1.04582830874611,0.953270842850944
gene541,-0.501072651162419,0.608534570714804,-0.441778126139509,0.249699959033057,0.121783477122946,0.386105704952202,0.542965535666093,-1.49457810079248,-0.1261657234899,-0.359351569505927,-0.46038157138808,0.265047569342058,-0.0150845869070466,-1.35331490643665,0.0152495405886995,-1.63906247019515,-1.00773336537931,1.07486058696363,-0.0326800753728086,0.247568573768718,-0.0664587406527409,0.685224130604113,0.677286427289429,0.363198392668239,0.881563284158249,0.80619473591822,-0.589445735154205,-0.527642285899046,-0.114721475000738,-0.0905055401110204,-0.27590571066341,0.0867680941409517,0.232141615149236,-0.0101734851775432,-0.237345576490683,1.18153014097089,0.313453149250295,-0.470533005089492,0.489013286568373,-0.415396839997632,0.977590187085214,-0.512791763376141,0.43355487299834,1.08567731026256,0.27296235692471,0.656903329963943,-3.1719091915168,1.16751876299818
gene542,0.523805871315983,-0.379714372721096,1.22146934441976,0.988644141256563,-0.179103143227474,-0.470425302167657,-0.550505284809515,-0.40062588966617,-0.607265172968037,1.36006559757335,-0.931327459392133,0.572865066000998,-0.910470777704089,0.427541076241029,-1.33764127292088,0.605145403990916,-0.695950529591472,-1.0432020651486,-0.410281178875413,0.38968034345028,0.464146051899056,0.277940753863343,-0.297107294427593,-0.642994481540233,0.899074663006992,0.35549107693788,-0.520072545951684,0.684261819165494,0.985899653496793,-0.0342152272605342,0.458865338208278,0.0523147299937261,-1.03719025209695,-0.517203371089819,0.26014739928932,0.319030632608173,0.0726701898312842,-0.811497310781403,-0.971907894500325,-0.130001153074925,-0.262423769577436,0.0911634554525043,0.856386929833608,0.75466749351855,-0.0863367100095704,-0.134233670717077,-0.0878780706182946,0.0103786337915499
gene543,-1.19626817415701,-0.700808248015389,-0.805404973817592,0.322441395680017,-0.018893026894138,-1.16665331804502,-0.0082753468660994,-0.809741416856716,0.689584651282631,0.651970163221377,1.11407162399454,-0.470679424028045,-0.814237876027325,0.153707991635205,0.349696824138789,-0.852529619211303,0.0570279220844088,0.34354626223218,-0.797417499638918,0.216147518931236,-1.71950011389305,-0.60463954386095,-0.823676356032404,-0.796560300116261,2.26683985960056,0.23898522685218,-0.601345107772915,0.0955638638874814,-1.10776003541921,1.07285846959458,0.323433374318349,-0.401727971014735,0.157098627996394,0.33454374754211,-0.281914208500153,-0.854109146432347,0.339936953101061,-0.541863563969606,-1.61381794669683,0.0779628205752827,-0.315996575673746,-0.0504598636529664,-1.11417327104198,0.271146261137459,1.46749165330841,-0.455823139273367,-0.309837732990629,1.09032355485531
gene544,-1.56772824009127,1.17476599233423,-0.034008515406057,0.909023411392619,0.0764266578703942,0.0269480624442348,0.306335971507129,0.831102392841371,0.941749386260518,1.69776833413779,0.655740746231885,0.355951243325,-0.384361238462744,0.62991722335687,-1.22119901841711,-0.237100389804859,0.0678135057226471,0.608198391851114,-0.850479452029573,-0.412210944333232,0.534176515937993,0.241817014527988,-1.51844904573431,-0.217789084079199,0.937922233709584,-0.708365207299453,-0.068695231047901,1.94772782666582,-0.453964980053698,-0.777465695563741,-0.127590245560846,0.499658973947566,-0.564413360090242,-0.665832069409693,0.313346452630382,0.126257121321118,-0.129281264565705,-2.02543005659402,-0.102387934737611,1.00105077469924,-0.430794397914451,0.537162031758851,-0.97117132571515,0.197888394152589,-0.117587980189576,-0.371623497352057,1.50661927979574,0.933234539782104
gene545,0.285036565599713,-0.940899481587336,0.141510232154758,1.42546711113082,0.143585741873543,-0.347928660596223,0.343914146816075,-0.0292374325698888,0.308786098624439,-0.380305186477095,0.920350963907653,0.540596558095235,-0.827692020878783,0.940040562260164,-0.186399683983576,-1.14846090905374,0.911722909513304,1.27525692114971,-0.180604845740249,1.69581517580433,0.625435945492368,-0.283240876677683,-0.579273502307167,0.217009434314454,-0.598608678086726,-1.71736554907925,-0.0760124547093405,0.736544888098245,2.55124665419539,0.341830766969509,-0.220993946090405,-0.883384135226456,0.617743547949427,0.713136919105492,-0.198697061665187,-0.419028999562346,0.859450811169463,0.403911841322719,1.04405307662449,-0.69795927786733,-0.830286179963669,0.086231766349075,1.16145992690915,-0.709641878968804,0.960133931446636,-2.01343683037347,0.379232702739939,-0.233117211668156
gene546,0.395284861365211,-1.4304392347504,1.079223105603,-0.276652063039901,-2.30934012186848,-0.317357691035777,0.623933898859699,1.05824195013007,0.489517855089737,1.11140542299952,0.517088771164871,-0.297347593332451,0.608577145215493,0.0387610082187671,-0.153702258691166,-0.368118350740463,1.25198472032036,0.438580572240705,0.930020748214891,-0.534759299694041,-0.939745724491564,-0.542384085910269,0.284614789741475,0.473599045603874,-0.717048785921385,0.390011315469455,0.280771657275228,1.5052421186624,-0.656352520726894,-0.0360821051567306,0.525095908363836,0.276718930704557,0.230628978455985,0.117856682788474,-1.17813539675534,-0.975691815341913,0.724246238207992,-0.350256926380831,0.221266703970153,-0.623456753258051,0.0077029562924968,0.149841935290088,0.688999109940504,-1.01891501170762,-0.924457622828188,0.509609380639926,0.500030315722072,-1.05840472430904
gene547,-0.26125404673265,-0.19963073250287,-0.0051787907639967,0.446655521385687,-0.696486124797731,1.35727360629338,-0.7577838604864,-0.887387440991031,-0.323338169112899,-0.130548745852014,-1.63118809407157,-0.0089880191281844,0.999605139168526,0.616949776776859,1.4651812057401,-0.868993826062818,-0.586957130084131,0.804624561276857,1.11929357205158,0.68125353585539,0.989182149792862,-0.382469489786224,-0.522931815340657,-0.441186423774774,-0.0800720941281652,-1.21202578249371,-0.732514704577035,-0.908754948888781,0.271190781175136,-0.254965798243667,-0.0886247976151632,-1.01559669682761,-0.294251339062761,-2.20645298392696,-0.183936633578021,0.594833521890502,0.360875702618367,0.417206756152404,-0.442145230548159,-1.52703970075764,-1.78009970863455,-0.193684447555424,0.319005150488182,-1.58203154925278,0.219295443047172,0.798297208799757,0.658916675804139,1.30517290162671
gene548,-1.3008927507251,0.148139877874235,-0.329119671178272,1.21806218673676,0.200881644076168,-0.0414304501436604,1.49347442439217,0.610699293865789,-0.10872947316301,0.303223246071705,-0.279115324861642,-1.7295444098873,1.12584309752318,0.110353006497978,-0.308863877748711,0.941245025515461,0.0785328762964515,-0.353645807255019,-0.250221477252878,-0.199527443669443,0.967084190200182,-0.916296998560544,-1.22890856304921,-0.0241341493342731,-0.257403100367154,0.663365023526355,-0.0671833461157783,-0.225151495997392,0.0760823735524146,-0.727752870816543,0.0452105493906355,-0.614331336068102,0.260879460179213,-0.0107510984826209,-0.358751098005577,-1.19627304956205,0.445695616886606,1.03685124023676,0.419678244183084,0.200433618302964,0.643966012271353,0.543396483609398,0.314116708802019,0.785087041654243,0.671844306591592,0.081408993023857,1.11043127523151,0.727818733948998
gene549,0.49597860830409,0.0142601812339139,-0.447340603196977,-0.202131118304828,0.211561142433744,-0.506273366874319,0.560706976672796,-0.170540522992861,1.38652257167264,0.487740071249384,0.171549590499586,0.104267151320338,-0.482631487361762,1.51767442240957,0.967527538239951,0.0909625573761779,0.131986869347363,-0.634757677971687,-8.8481762841133e-05,-0.271384953841758,0.174385062997927,-0.0203125027875874,0.359508421118419,-1.03243207695978,0.139358678877233,0.142603373092584,0.293136568883033,-1.07436469179595,-0.541693980263538,0.172011492503203,-1.70952482025118,-0.400355437659346,0.924385297963931,-0.826230746349524,-0.463950328381305,-0.155187253063331,-0.478798895456282,1.45456344738965,0.549821825079802,-1.95266447012217,0.0541873241515098,-0.41230945646652,-0.141230592840716,-0.0831960644288714,-0.235070122905677,0.716082244945019,-0.164955315653685,-0.128926855153771
gene550,-0.475758490025073,1.10170500562962,0.968461271211292,0.142130198117376,2.53029067854318,0.519699819526297,0.61071131722201,-0.324418950345716,-0.798132447658018,-0.828170112064967,0.404239554064943,1.38827007266795,1.80961737820747,-0.38224167290632,0.829866896588238,0.0760066084992367,1.03602315255482,-0.16678453339628,1.12515943573148,-0.318039656218975,-0.456112311399539,0.210983032038175,-0.493494406505283,1.03287428685099,-0.767529327448406,-0.323670621449977,0.356744920705744,1.50586453532364,0.350707007652247,-0.103781881427669,0.64914199145626,0.49191288306221,1.05962201467882,0.428141625983726,-2.0131577588341,-0.512201119417385,-0.0426246872459364,0.485903641759678,0.346542074557356,-0.0255022834566177,-0.370705824762823,-0.136472085556544,0.912637980776936,-0.308246727585073,-0.669819935941828,-0.734658972277965,-1.83511368044782,1.23007384711382
gene551,-0.0309495135175286,-1.42688738576961,0.0902513435867022,-1.06465289370971,-1.06609978002102,-1.0599947023773,0.802003441973743,-0.172510573634849,-0.441917412459785,-1.29646359800132,-0.641806468621601,-0.0604717429121598,1.00357879934408,-1.01815433564998,0.145376151619011,0.700325622009296,1.19084663614234,0.874007991425076,0.884713175282235,-0.450617225107529,0.333671567011365,0.314335449378371,0.621879412601178,-0.251211694652636,-0.658025541290757,-0.217229615161422,1.03091812102996,-0.330849055083468,-0.345213536303596,-0.5581896817496,0.693884023505239,0.427320537679152,0.158598751860279,2.63193224459653,-0.944446473013613,-0.108686769698343,-1.12265919188305,0.125469083490526,-1.13540587587072,0.0727874672887444,-0.102787150238111,-0.774888293257424,0.117399826768887,-1.0696832022046,1.13801203114692,-0.123098452566885,0.0986815500452832,-0.960145850302032
gene552,0.236298601076955,-0.451546254902976,-0.0673962368205424,0.327110117264404,0.0497160348355237,0.300934304135375,0.436852752669893,0.449989199911907,0.0246632995024254,-0.751800270160689,-0.43987411349073,0.388715365464683,-1.78570330838828,-0.280953805700116,0.533936347442716,0.303018501558806,-0.564434735457936,-0.23870995375333,-1.6186841731339,-0.345469241395616,-0.15271927668241,-0.182403043413877,-0.42058769460165,0.426682517952182,-0.996724172173804,0.196116488232786,-1.35387351896408,0.423237029858295,-0.608095927865252,0.898192912179321,-1.08437100749018,-1.48147437584059,-0.121068631690986,0.899256094905639,0.0947564433418623,-0.132602015800621,0.256704384580384,-0.0691969677051869,0.269595360351948,0.0709044380709942,-0.077673677603066,-0.596110258386754,0.693269960203919,-1.05928671848476,-0.14640066567012,-0.796267110727246,0.35601982294551,1.1815430556474
gene553,1.07909879139053,1.0999572015802,1.09406725659177,0.262514198269018,0.531603367442908,0.664117349062391,-0.430720422869939,-0.487669670244719,0.444638268373933,-0.587332485891974,-0.861657449390572,-0.142800773975199,1.17328441375981,-0.978440781654488,0.342790959553432,-0.0864625152470344,-0.318436985023553,-1.26404337734894,1.05394974158407,0.862744226567252,0.992631145830312,-1.35929179101399,0.34344491733744,0.307212815732378,0.0194949319793972,1.14403845678076,-1.44300529023986,0.691160116038455,0.366685787799879,0.610744619302177,0.732691807144169,-0.460803267511612,-0.191945709959323,-1.04711526770739,-0.61649191508488,0.304680038418534,0.240498681373428,0.313709412418136,1.47927787033958,0.377879661754556,0.310918071501435,0.0057061793957553,0.172474475959444,1.1513102810946,-0.541536811761354,-0.216456543103249,0.537479432583978,-0.0550714811712644
gene554,0.574002317501182,-0.955097658340984,-0.847543060288844,0.648297870989597,0.366571165860064,-0.367697366880608,-0.493113573722433,0.0784147743838606,-0.100194869183266,0.81960677272157,-0.478927659748702,-1.04554972834844,1.34331142042994,0.200803422062281,-0.44476905730179,0.722043281179856,1.15034407130174,0.423656291271486,-1.59521209601177,-0.290188744361824,-1.03442705495943,-0.549570471333251,0.303607100698292,-0.142779508041673,-0.184055464131588,-1.07728355577806,0.509893664459337,-1.15538640729323,-0.0283977963643228,0.57764697691296,0.190160281898535,0.0573809434390652,1.10576932893563,0.862270663466218,-0.205043299216253,0.277516856794206,0.182997555809697,-0.0898844319986583,-0.067395881485351,0.184251361439735,0.135787901131284,0.653429924288255,0.105044426211013,-0.741066755842459,-0.299609239926457,0.445017431741124,0.697330161376599,0.30887363578617
gene555,0.299960621893942,-0.829409225138693,0.696178587065342,0.0213212590789351,0.6714296465284,-0.100339369480828,-0.703114905915655,-0.660135768489517,1.46302334011505,-0.808385911899224,-1.25864768696396,0.0477858786023034,0.902731652719458,-1.09272230430229,-0.868575006489282,-0.446402335398387,0.999982464998787,-0.579971897686941,0.499376445565547,0.0616856901503507,-0.851670027684423,0.521252400690198,0.654419523445951,1.05635693583145,0.902584100322377,0.217224499178205,0.358969948864419,0.938615225984762,-1.06086713793254,0.0671169509235126,-1.09212102732104,-1.90435184463418,-0.559547450781149,0.889483997964704,-0.284574435414813,-0.0639589972323353,-0.177287501246195,1.13310733044398,0.440313112770473,-0.221693878103168,-0.304491148164473,-0.341483608471923,-0.618438533424494,1.07301440000695,-0.363234091155189,-0.076487883989196,-0.736118774947501,0.649416334738676
gene556,1.5193121870532,0.445844957778198,-0.123500592679143,-1.120488839081,-1.22581200171014,-0.715336795431661,-0.285085469592264,0.957394254920584,-0.0228123488338012,-2.63004766657212,0.828746739544098,0.66196849489114,0.244524208450427,1.11741543270432,0.686794998633022,0.171118788734855,-1.25879950764005,0.49042495123918,0.4678797459594,0.861007850489008,-0.710180825655761,-0.224653800401476,-0.201098271555663,0.0237972579763878,-0.378930723349066,0.676516296266391,0.0665868448351571,-0.0009471996175524,-0.360505127299622,1.0051267876256,-0.34611079202865,0.782819708114387,0.612393369456524,0.217022915942221,-0.3241442404436,-0.569741933403139,-0.694572172345571,0.448033860022114,-0.667313711964269,1.19057172868763,1.02284366612583,0.608938668360337,0.0028435251326689,0.899738049574605,0.158571535498072,0.170590314669141,0.953234302308906,0.0710709958245266
gene557,0.206556088315349,-0.388082452262544,-0.0959666616478192,-0.987796321289642,-0.379224375895498,-0.356563694759698,-0.405047192972213,0.159344392187463,0.353071437348738,0.331170980281819,0.518196311836482,0.974185844807618,0.0123915089366299,0.192164158498932,-1.32356209127398,0.267531119461437,0.630883362520109,0.986395426592718,-1.76414332564844,-0.029679818394424,-0.290727733672441,-1.24105245724223,0.373946991442583,-0.309722832825087,0.4074442314893,0.235737758279974,-0.520741264082681,0.760681700099136,0.125884349271334,-0.769755949222752,0.390398339606791,0.768572519337279,0.567113227783393,0.319176994951324,-1.55212455201111,0.0653700580431194,0.300146494547763,-0.734749823113274,-1.41309923520825,-0.604912014848179,0.180438146236278,0.962277622491227,-0.071134789750471,0.471708398856442,-0.386723406560518,-0.173730883159752,1.40044519264079,0.937997614806433
gene558,-2.46966706554567,0.0171252632282725,-0.436205224217546,0.416835725944164,0.583114171337304,1.05533749650876,0.665789318720086,-1.09934332975385,-0.651552416649443,-0.939587073894229,-0.598263004303584,-0.369596664315198,-0.426831435418902,0.168302257035938,1.2105741165774,1.51097473599371,-1.16373353927397,-0.596395849550672,-0.420045365293747,0.48076574237536,0.748414639756155,0.289368336857126,-0.987084604925728,-0.313836534387816,-0.881857216039463,-1.25735023386558,-0.0624156929811035,-0.599222611545368,0.850460922171597,0.0611405255692702,1.33943394448297,-1.24810813133145,-0.484969956165445,-0.285980265496684,-0.110740688073483,-0.981954557581276,0.129036928589912,-0.318559916152174,-0.0507593515649458,-0.407819185760932,0.818795188796285,0.604788116669777,-1.22433910330781,-0.418328732363333,0.237467253879095,0.888195981985305,2.22663556890416,-0.269556227934764
gene559,0.646394179364644,0.133637609044058,0.625899737718167,-0.0657242327953917,2.1430251167866,-0.225365144147694,-0.0332393281998617,1.89232798513285,-0.54626974914239,0.485830529252841,0.170465862633957,-1.28150994806173,-1.24009685954397,-0.399301444471929,0.94982263249373,0.693227352879976,-1.11997870295396,-0.264985428790744,-0.470236024937743,-0.80679938563767,0.28606240222122,-0.39251124072184,-0.128646034811679,-1.33297599792594,-0.737834813486328,-0.15201295662577,-0.178984314003117,0.282050927351409,-0.515979767774225,-0.128170785855358,-3.02472461427179,1.04394484198859,-0.0447025052878409,0.498758370952489,-0.589857105809258,-0.337785615896527,0.682563453617348,-1.11700382165517,0.0072221263188607,0.140062860835154,0.377002507731758,-0.814273112860569,-0.236777142915231,-0.0241203374062991,-0.735960989698916,0.472184631719298,1.52293725160132,-0.33284321438535
gene560,0.129341137433638,1.25740407737142,0.420649834654392,-0.5272982775706,0.612827819205787,-0.777287256532335,0.0203406344700936,0.0486475606056573,0.719038303554411,-0.0020127040854791,-0.809323761484849,-0.785445740788442,0.780416530303086,1.00963215562668,0.122780176965754,1.06321569546927,0.947254790011735,-0.167374250569053,0.540401731743853,0.17400552536076,0.482320804705349,0.0923412969840279,0.0530453928584129,-1.50088897871249,0.974306565552138,-0.118335742611635,-0.661333409272507,2.36580542135113,-0.278470481676446,-1.14825216363399,0.441689813961488,-0.870506653511789,0.449616318301014,1.61368847965678,-0.440310701582199,-0.977722329874324,-0.529135291939812,-0.0817663050219192,-1.59844701774339,-1.31664153948933,0.327672621793435,-0.611494143925247,-0.29729426005682,-0.194514418357917,0.792838221745846,0.125675889522055,-0.639206873470839,0.924542183741189
gene561,0.379067782881202,-0.942559085007315,-0.524945772420486,0.559753869927162,0.727894477777654,-0.101461662248566,-0.644444389311874,0.121295844625806,-0.398101844510605,-0.939559395318764,-0.0211590108509619,-0.09376580187302,-0.247432814849675,0.384940619298377,1.63163608661938,1.02253369190421,0.552795233399479,1.56076333949635,-0.246881708341182,-0.0693979048030152,0.232665363094105,-0.448704827035308,0.439590446193009,-1.14536063747924,-0.426739693909541,-1.32958134309903,1.19999994728053,0.552915050618328,-0.0089587744454393,-0.254423357849537,-0.17465898281866,0.742130455584165,-0.834979887419126,-0.980714401929849,-0.687355668233599,-0.196927017022734,0.325824572830514,-1.12959399008759,1.36817762566795,-0.161641772989631,-1.17464944149385,-0.507008762858875,0.0458273157661975,-1.29484172537655,1.49821239436874,0.525179552490381,-0.111383759705364,-0.881348378154584
gene562,0.154621925083222,-0.0689657014412506,0.428410771146694,-0.223818010308878,-0.294860926616993,1.2365120037823,0.0627600542977906,0.152680956951836,-0.622994615204374,-0.49851471803194,0.351310325351734,0.0794446951772117,-0.572297431510912,-0.606870235036752,-0.614487812383428,1.01237571230905,-1.04007014348455,0.50825723937018,-0.281050920176201,-0.670445110487741,-0.533203307416771,-0.792839295301001,0.371070365380435,0.417873740369959,0.459651589513258,0.305742131540946,0.679658094889075,-0.251376521821567,0.252287166240384,-0.345045102531167,0.836056493400012,-0.258157472528059,0.469382467790754,-0.115813710985918,0.276055793095524,0.571314908248315,-0.779334574789817,-0.889134493455295,-0.877406451501276,0.171839094624016,0.181010465150134,0.540340661182557,-0.477648054126379,0.318056395691723,-0.809445409458656,-2.04027698999578,1.83506552833165,-1.35096102826707
gene563,-0.333713896224814,-0.0350426684197813,-0.242216651343241,-1.33910599572905,-0.509882320771691,-0.739321845491552,0.679185919572436,0.264190600063076,0.437157211440632,-0.513749223437936,1.87818399346683,-0.0311244737612543,-0.231306552310149,-0.0466755422827804,0.977308986799124,-0.126182543275996,-0.391081510734888,0.119801992332832,0.356206148107867,0.241733117467988,1.57781201201586,1.65324962422052,-1.79442490285758,0.797653957468004,-0.33304749779865,-0.73924925752186,-0.889380635268059,1.16053663067252,0.209209345187157,-1.18346041294229,-0.0250307632871695,0.556503474666352,0.510516179162272,-0.561467944190219,-0.866207922273696,0.866028494096971,-0.397592977108471,-0.721812389348267,0.403596993666792,0.0559303918912484,-1.59011186356846,0.334682024136723,1.4963713943254,-0.21716803194472,0.103094902375151,0.297577292747638,-0.471412898440921,-0.848248227056242
gene564,-0.602803055574194,0.722224720469635,-0.792331253514232,0.472320483621556,-0.0185248421977694,0.765384171779494,-1.60728861498008,-1.00838196671093,-0.762533345224204,-0.31812552656714,0.445162397896366,1.84316440805948,-0.436759967429608,0.0458635513049428,0.356135770443416,0.614707152054361,-0.343326367408388,0.966826297692824,0.960625943612414,1.12344164210376,-0.905501299605128,-0.383540260965447,0.206518216349523,0.434809528179322,-0.331526620424331,-0.148619402026378,-0.167406171450263,0.182447701586203,0.540126534822394,-0.514135449629778,0.115196619118356,-1.22867736584314,1.42932656043686,0.837873377299751,1.64347344213578,0.183579796789252,0.535277069265334,-0.0296952876616408,-0.396181975430551,0.567282992593078,1.3301822018868,-0.0704950089200641,0.419623630230043,0.54466315922419,-1.0853909407358,0.603988605660441,-0.579997065586099,0.833077900863231
gene565,0.330082096367714,0.0903999533404564,-0.896701879959882,0.992412654993749,0.333186298610465,-0.067246678935612,0.0034747493455598,0.497301505555684,-0.14698896380286,1.74677250571306,-0.106583045254243,0.300923893951829,-0.170159664425999,-0.0250197218486037,0.906459008218316,0.583278242063465,0.241212360804998,0.0231151139080114,0.431937720307282,-0.292312126990166,-0.956167298225734,0.354331151571368,-0.195304157983322,0.402172684369418,0.463551444716926,0.577170852020348,-0.42205878778099,0.540821214513631,-0.247617743893637,-0.275410056037294,0.489454575950393,2.11844492495907,-0.370445723564085,1.49679523469601,0.0109115423107515,-0.3751519857151,-0.919818975848379,0.567109372124744,1.01729603335632,-0.252874957989906,-0.744449321768431,-0.697247406689458,-0.299174502356153,-0.416994127336019,-0.561533745231463,-0.380496729810083,-0.664531364084918,-0.190139019627599
gene566,0.15469205708479,-0.94560878444309,0.431579192861062,0.402389149735426,-0.72665831195338,0.496562825477707,-1.33223258687112,0.0730949115835937,0.247584135636494,-0.590434636529125,-0.477798300364266,-0.196391241028593,-0.312702090845692,-0.769220130391015,-0.032549660963113,-0.732133770572297,0.334656319094287,0.336568009234916,-1.00584316074184,0.368683026742036,1.46583091133852,-1.86747671857191,0.327932285086491,-1.07580479038472,-0.174116460098291,0.0304226091828577,-0.50280940545695,0.752762611792325,-0.53805962341166,-0.228757498854342,0.725238061736061,0.374122485564032,-1.30840749969172,0.649696674502784,-0.499351760204934,-0.27853506517518,0.0705285845735754,-0.535228719038877,-1.26603153330728,-0.369188240426996,0.312549576230828,-0.59822316043211,-0.533018703846342,0.583471876412959,-0.851199785065057,-0.519021394093136,0.625102705662314,1.17101730926357
gene567,0.100285149666529,-0.372388278612629,0.599586257857016,-0.748493756892547,-0.157031179873956,-0.222648444396047,-0.0283838756692304,0.692603835071585,0.0582889574647501,1.60685560293862,-0.534102913393954,0.462719188539702,0.567265559122608,-0.531691458980561,0.713664510834485,-0.182309794935506,-0.361188199647075,0.160842715831079,0.17784180549412,-0.520423822124294,0.759566909438136,-1.06134831117912,0.533613980840445,-0.963218185037639,-0.262457378694117,-0.38922551346322,0.62896387422137,0.69718092161173,0.389557346430646,0.0790163943478728,-0.0451582288858463,-0.384441867147218,-0.748149552323606,-0.289094291814567,0.821879706399114,-0.286089591627977,-0.486895903358321,0.38412702428861,-0.341983551776648,-0.536901621473329,0.604929551379141,0.655060705148118,0.566053579482494,-0.557553730107252,0.53255340059733,0.246373779055488,-0.779903493520461,0.192777499335833
gene568,-0.0610157581253673,-1.06457041119913,-2.07533642441252,-0.164647418964638,0.457393372842915,1.2344943392386,-0.0452603033422294,0.450971151715348,-0.298775016774291,-0.314468332858641,-0.205229186521622,0.843989327468896,1.13114612975236,-0.272046323201916,0.297438091265312,0.594393065446614,1.6424625336332,-0.420988044873095,-0.0746443023037769,-0.0393203530791483,0.686982721641657,0.0460231353588926,-1.0031454180605,0.209379112465436,0.994428858939313,-1.54775932190689,-0.27303782762811,-0.0078791073405943,0.867647907460864,0.146425163520608,-0.419062822562111,0.708225282729293,-0.428790644985575,0.328793864993621,0.825759027637815,-0.449053959098954,1.4718226982972,-0.520978941515936,-0.499470533191764,-1.1608752700029,0.569580107483427,-0.216520654954731,-1.09042773122703,0.465945193578601,-0.58306005144955,0.504853440720611,-0.15694699676935,0.842172035050586
gene569,0.177922189521437,1.08696462627779,1.30924267691764,-1.81086672079268,-0.0163459640527698,0.374313884066065,1.39453384460428,-0.752925894597217,1.01653181357349,-0.486696586745421,0.308298607420768,-0.799930365849849,-0.60547473100681,-0.351350311345786,1.09766477773328,-1.2781495039655,-0.0454470122795133,1.02495608210241,-1.22429717356253,-0.190934496857882,-0.361872628650126,-0.968060315971457,-0.10659072831963,-0.651511559193722,0.540794932237766,-0.787265833407337,-0.618512284936087,0.217776112655831,1.14451714848508,-0.239284613545154,-0.509865850896478,-0.230080853278267,-0.0161217514467537,-0.455642847521305,0.882495449572177,-0.459587002201092,-0.120558849015173,-0.204984799891685,0.887963183968128,0.91726870597388,0.133405533699042,0.431855376434827,0.0519353038800493,-0.470071519076099,-0.880192151224869,-0.595335702070007,2.17475052269771,0.757320886190785
gene570,0.822194200383072,0.879818585357133,-1.03988316462784,-0.550226118849319,0.153048494703226,-0.525193127561287,-0.239228903622721,1.05737269207695,0.224038720647947,0.334898248015009,0.819927275098039,0.183622672782321,0.189363609078565,-0.0706487640563116,0.343332149924967,0.311305331593938,0.430527911068126,0.116020066240992,0.125757168827723,-0.16225720175977,0.786920899697422,0.469553764395518,0.830818145389703,0.185663924402127,1.3467603857864,0.30317409224796,0.137776713656587,0.150185688175986,0.502280462475154,0.264741182799177,0.118358674254272,-0.414572301993311,0.561067003027916,0.022282896597275,-0.585813450276183,-0.432029545554914,-1.69425417885084,-0.166653138110985,1.87332055500685,-0.788278604476187,0.694133500419866,-0.0516984446203979,0.0252534882482228,1.5200321811536,-2.02231230914278,0.549213761093063,-2.11585457652993,0.215160024869249
gene571,-0.308513112140019,0.373839703681938,1.45156015816543,-1.70964024084873,0.877014443488589,0.164391344272196,-0.0509735200027667,0.944265899602323,1.28177494954954,-0.134292429181549,-0.0245468811219035,0.0830671508048187,-1.39007065469592,-0.133591826615706,-0.372648282753567,1.03441632964418,-0.292254573780987,-1.1776381246575,0.757062646424384,0.563614999114951,-0.148847424689131,0.1312675275306,0.487761143929076,0.627950562149045,-0.813041641923819,-0.273517346020692,-1.09611620931906,-0.614186584620585,-0.254132930963486,-0.595081961475152,-0.469186669324455,-0.511205524224595,-0.288140268440223,0.429576637379786,0.463506567988587,-0.694695481810064,-0.510750235960785,-0.590943121222899,0.425665269317223,-0.867469036063345,0.225726364981473,-0.153554290133939,-0.653764978256701,-0.355495793646908,-0.151993615600237,-0.254751745784888,-1.43961962862744,0.637844666995995
gene572,0.242085478533277,-0.0183237988607247,-0.23565960047654,0.248950994785576,-1.18410201765198,0.35939884665599,-0.113842461504356,1.78458542534565,1.5182207486169,-1.39564194381723,0.799989157717421,-0.490382149290418,-0.776055485657128,0.314886646183857,0.389984839772521,-0.646530449866191,0.872995131865128,0.677345590780909,0.218504132106561,1.00562310441971,-0.955547916637655,0.437097514825975,1.6457309020079,-2.0421672063431,-1.08471135789295,-0.98580298591991,-1.4010022022821,-0.115767280325984,0.836330643172832,0.831359753452032,-1.94326755634304,0.126603867064483,-0.217329470750296,-0.940958717421076,0.602047907435338,-0.278918960305034,-0.46150676252161,-0.310376277803619,-0.198778469486394,-1.05364380153231,-0.357527215818964,0.0162311109031881,1.45739806405954,-0.409440502848634,0.246337211214548,0.596747224068829,-0.0843891972979558,1.20680572676707
gene573,0.519965884835998,0.105377153038928,-2.60583405586942,1.88184793896959,0.615318486781513,0.655757938896757,-0.642261771445556,0.944912293960889,1.27409571602145,1.32900726034618,-0.0544303635384285,0.194394857890957,-0.0400266001342746,0.0806170256465768,0.268971725166394,0.116286506470801,-0.817228200782555,-0.455282296457021,-0.145809551862982,0.172875727008089,1.0170321908209,0.687113486697723,-1.26351258778644,0.195026663954184,0.46871195509679,-0.404716266016711,0.0281906159716234,0.391507585240072,-0.0613876358873625,0.110825552595097,-1.3836325111226,-0.301786494076902,-0.503826717793419,0.946864094620777,-0.308546222629847,-1.28634154182334,-0.143783614943902,0.0101668254054827,0.226649404070544,1.29485435323875,-0.337327772581182,-0.18779836577548,0.252111194751727,-0.573992669856799,-1.04304132976194,-0.717360506865741,0.963619743352495,-0.324189318124221
gene574,-0.572495484025893,0.776832228972982,0.502177009983288,0.508562886142778,0.257713920592592,0.611241349207633,0.190498247688702,-1.57610197349987,0.0175632472958369,1.46113840706886,-0.0394876216809764,0.260224740491625,-0.382250295333849,1.46070968205412,-0.142690665447337,0.554555747113285,0.0074166517870754,-0.0715643996111589,-0.20637179523322,-1.32708966367502,-1.19728787761399,1.88488239137675,0.601847095375147,-0.0789391855004893,1.19496390263695,-0.924899406416605,0.546987258450223,0.260576557208396,0.656601636768306,-0.582266300862727,-0.0971031542398014,-1.04915318919479,0.0501962437020951,-0.881817980618787,0.153362736928232,-0.439639671620425,0.519035462481783,0.148923539622914,-1.24629631404594,0.0506926121395443,0.366941033923559,-0.0980045973823672,-0.611565243348245,0.897785523570465,0.64778402322759,0.549787714113464,0.43926136194248,-0.419744155577467
gene575,-0.488276887968653,-0.0093195580455212,-0.241589623482606,-1.0164084690565,0.28054332568643,0.737353360159068,0.905757071095406,0.391734791909564,0.0341867948746127,-0.395433187563023,0.175139716606649,2.28976037439755,0.0167665389765391,0.701772368948928,0.272858665671211,0.557034521928708,-0.616362023735274,0.441657438897305,0.0363038842057541,-0.679016017250776,0.511748543280375,-1.70210647022674,0.635944255510327,0.184126490340567,0.161497508742567,1.21327292023806,0.413080997355976,0.350816006193616,-0.49885257638078,-0.0703120407699532,0.422840307692583,-1.36339657465525,-0.0096886900545046,0.107293315458853,-0.248716694744397,-1.24744407665226,-0.181964329878578,-0.451446099477982,-0.667347692779315,2.84561518583099,1.06389747482849,-0.65112305873583,-0.848459842535516,-1.32264432607647,0.14890840063481,0.197473101336669,0.432007132147581,-0.576003560693006
gene576,1.32920072430676,0.754817146706995,0.0207702881014111,0.747795855413335,0.0642875959879666,-1.50536720233542,-1.54358523510425,0.0625275747251934,0.924195852430089,0.625779661832913,-0.143185215611261,0.0593766209313778,-0.491505711975462,-0.122882506404067,-0.311608321807899,0.595067206019622,0.756300386256042,-0.370403201407322,1.14950708595085,-0.691759945383882,-0.445714133368747,0.0984698052862986,-0.677833936252608,-0.644192893227214,0.619266702419663,0.0333491255134815,0.234404227270358,-0.637907750466668,1.19412490446424,0.215205013707192,0.391052289625145,0.453152605113161,0.673690627388249,-0.343956947849624,-0.632645322316193,-0.558990323748845,-0.113068994152234,0.556140850758219,0.466347893631067,-0.776511365996217,0.808555758446241,-1.29599755687311,0.0822283661558256,-0.143693272778219,0.375276818783692,1.2637630748317,-0.634920892183171,0.506423782388711
gene577,-0.130538966105404,-0.440887818925189,0.637041611194979,-0.351627397168572,-1.38320126389212,0.746051349089095,1.04867165692266,0.116055518488758,1.35478841530222,-0.109511727632264,1.17111325767588,-1.52276230326344,0.177549336285872,0.952074370429846,0.11481950974525,-0.992758533024858,1.09764144056543,-0.433725963402844,-0.734450979944121,0.360010150031684,-1.21530998067556,0.134819392610407,-0.203866867487509,0.054524874508339,0.378190167875333,-0.0627275668637137,-0.0332768281709008,-0.623917252450145,0.180835744539834,-1.29335988574775,-0.333786356993992,0.698546757942215,-0.164632840901547,-1.31573582343571,0.577806421075445,-0.276876534353984,0.465380907136563,1.0420594266119,-1.43422886111473,-0.0206362421974163,-0.535043196768876,0.294931093176773,0.517280528016952,0.20400194379229,-0.63247420551503,0.505967230782132,0.704131243315322,0.81694367960148
gene578,1.31571033531794,0.142529982246114,-0.104769620107746,0.384971490676959,0.736022091191216,-0.398886274070189,0.60449731909949,-0.216566222439352,0.847560664790438,0.481404049049853,0.252696888037552,-0.337430612323729,0.028640221415154,-0.23636261100663,-0.0165838447314595,0.290337485553047,0.250605599692955,1.56764174680095,0.594138320580443,-0.69943909287693,0.0355564873476189,-0.168687308608266,-0.0608620592972958,0.460783641571231,-0.790611607907393,-0.466368803270304,-0.082756901414847,-0.286870790530092,-0.517443189610546,-0.183450153304693,-1.22206578160311,0.849455675879024,0.499945249598318,0.474819276340776,-0.145726161163395,0.383168545745107,-0.415656780630039,0.303954689641976,0.129487475475258,0.618471894913574,0.821356677298777,0.118765075310698,0.28741264269747,-0.169007257578662,0.578771065959446,0.0058968425594213,-0.0001382513720884,-0.382114566265667
gene579,-0.201185870296344,-0.864565833789832,0.0204577228367934,-0.552976210242623,0.0263221053065987,0.182263403577468,-0.930459026898299,-0.378243354260905,-0.26865547129561,0.184032525030273,-1.47872146707726,-1.77604335049808,1.05713319766595,-0.258762835462163,-0.367269223542468,-0.124466243143771,0.692500183123501,-0.0587523421009373,0.748505599180136,-0.198535264989261,-0.158049388721159,2.62387589826093,0.508002026892645,-0.625613876493404,0.0214089342794795,-0.115688025008368,0.429056284419024,0.460014294118266,-0.0842981304767889,0.0221152065560839,-0.380827497826911,-1.68094814638546,0.359716145790248,1.19291352402471,-0.50961052826631,0.032025471698167,-0.465161892228344,-0.59883698295751,-0.662114645500726,0.0533208163338147,1.66700829575868,-0.36762427196378,-0.639769791327267,0.564128221879733,1.39787056758366,-0.100235885175514,-0.339202575608343,0.0261276834836278
gene580,-0.0398929068043513,0.591832952321548,0.546888843900993,1.11675483370712,0.0579802196114061,0.611092606233265,-0.455044602623303,0.419779260454114,-0.443834911620553,-0.566530854914835,0.76065476136719,0.0724467570559995,-0.0962259924687695,-1.50326020793792,0.131680068766322,-0.0804847032666528,-0.788514155862394,-0.0859271571508202,-0.894508262858942,1.26060640904645,-0.858671312766532,-1.26731301598902,1.37198726659601,-1.36760674428878,0.833797128023056,-0.0364319240946756,0.0515762982902396,-0.253921682212942,0.109919866059144,1.42420567879868,-0.99809069414326,0.576429399037458,-1.46081955708793,0.541945611533058,0.497491478579512,0.292653983140666,-0.0446629642949342,-0.56506200884011,-0.222075987264553,-0.306873480258282,-0.607894274322474,0.0572231980753752,-0.0308465499301342,-0.333150828709641,0.110182317383013,0.688499471053471,0.415612331791234,0.827331539342043
gene581,0.621350869971528,-0.582529352369742,2.03768681041842,-0.520097886930803,0.585903417808992,-0.606283665585504,-0.231114930924425,1.00825816957384,-0.40813379627839,0.471187638116756,0.602684355351381,0.736491627399074,0.0270233457474157,0.0869894754098925,0.638899444163361,-0.129182624927665,1.41342817096625,-0.0451675062301196,-0.967661904285582,0.95458410201731,0.880594047772646,-1.34004505929483,0.564883243602339,0.299833570340417,-0.552585790812144,0.567518603353269,-0.720817864905568,0.0276414269272299,-0.818976453709955,-0.0503073355449238,0.471625281776761,0.481510340864741,0.522087003650826,-0.412327730544114,0.528226076226237,0.413356215739297,-0.97188606944422,-0.57624643902363,-0.335732286858965,-0.218732376923072,-0.388669455129359,1.49610482026861,0.639152715582505,0.106474910902983,0.104815243265441,0.596297257306168,-0.258680150913915,-1.20922287586843
gene582,0.12363020401468,-0.0402390491655181,-0.464150912875588,-0.594029277860448,-0.323822677506289,-1.36631175432729,-0.373055000632302,0.405231804293007,0.281972432533351,-0.160522172016107,-0.0310634047281409,1.59933210244296,-0.88382135018253,-0.19699909464694,-0.0019264552038388,-0.44844209606201,0.351676188200938,0.384710039521954,0.172790071783934,1.06383598569688,-0.561119494946242,0.369746071049929,0.0941698048270277,1.58460484211715,-0.0248527070513805,0.120612869245793,-0.194135208776125,0.341107099534638,0.015887553275767,-0.231426243359947,0.883563111978801,-0.151091498532709,-0.667939825737568,0.568374051320795,0.410068493073056,0.462903846553282,1.11414719345948,0.362475041364815,0.70359177562083,0.234634670311973,-0.28550734298689,0.545532027037603,0.519930556412405,-0.98026475155135,1.08434327914594,-1.21411644705082,0.370306485026658,-1.1622058989861
gene583,0.998420538080627,0.549684729784107,-0.134090184580022,0.221561204885424,0.448998717481233,-0.0661029917660982,0.964063699483335,-0.294990357694961,0.720315742837917,-0.406516132407266,-1.05804173830809,0.902757801953183,0.85347502849091,-1.14272634553175,-0.671972990629354,1.59809767529157,-0.0148521851787381,0.331709504974051,0.271025126407873,-0.321168306969025,0.940230910687997,0.146425775671447,1.28425434557541,-1.0478457646208,1.42173288916034,0.624244751839249,-1.36985468971126,0.289170311608178,-0.626133231717839,-1.17332200112753,-0.575175358641119,-0.33567168332839,0.444011626765829,0.082123596150809,-0.829625287617127,1.48148987971504,0.722350506963867,-0.165940598846119,-0.847012398959813,-0.253173796790333,0.545487398667049,-0.656683647912469,0.237536322308826,-0.171883618174135,0.768676203980196,-0.51504205141511,0.603711596477199,-1.17001803848111
gene584,0.996734249043965,-0.201486826451663,-0.213663832161317,1.73392264662349,-0.0487745373923663,-0.331591259355158,1.00626503421264,0.488555364847465,0.217163728716171,-0.184833621757028,1.8047644207859,-0.104318279380052,-1.01203834318714,0.765077420143738,0.591751758668402,-0.864486116154775,2.5937151094937,-0.382008935689106,0.564979378549465,1.06045975771354,0.454069888721296,0.557712636092845,0.670857876921979,-0.0415194994146275,0.777563283494933,0.0438133431038425,0.275880821200394,-0.947936240636828,0.975438311022954,-0.234684856050038,1.02713570136616,1.0860910181474,1.09339736714787,0.284668083486951,-0.087478976827465,-0.434064666933644,0.114369762133646,0.58137735843005,0.237956214502701,0.480978693750342,0.881801335346751,-0.162035596210748,-0.0687768274612483,0.224649287965652,-0.327447786825899,-0.864838101159691,1.98164872629046,0.476916006246061
gene585,-0.267556672026942,0.416684809745315,-0.581758347087226,-0.532196903623319,-1.42073274641727,0.349428937923883,-1.33196295653947,-0.125058934643682,0.497444259838711,0.551376772820882,-0.65234777022319,-0.738554257281992,0.243497585798908,-1.16955465639505,0.713983521819409,-0.679187225305078,-1.68427952503522,0.0440340290466929,1.94473736370827,0.252224675341071,-1.51592888435763,0.546704455422065,-0.636990969817326,0.480008513866713,-0.566689173594844,1.76728892072878,-0.136404324328832,-0.0080552610717377,-0.601652391785073,0.767390818680036,-0.946635297066664,-0.325155466014487,-0.629678536695837,-0.369678672110198,-0.780598394469158,0.453255089439264,0.0998897152627943,-0.123069253517103,-0.076953322449433,-0.894810768245187,0.0340074432533585,-1.17541626202538,-0.303644468318952,0.58195514717935,0.427821057123171,0.15029313128402,-0.335377510062233,-0.356513860124309
gene586,0.236163012538851,-0.157855338041173,-0.908313011410595,0.582002654813375,-0.0705750701479261,-0.44816262160834,0.93724058419721,-0.378492365461094,-1.17054897627341,1.9669220159843,0.284963610085118,0.143685350964032,0.455078897592773,0.378477870785852,-1.71781338093685,-0.17411802102716,0.679885569479074,0.513861987817611,0.155447205897076,0.713963290913684,0.707184593267572,-0.858392212689713,-0.50109956076156,-0.687592573660377,-0.277519991370144,0.541390259570804,-0.558495989091245,-0.126132900718587,-0.51622549319638,-0.841264926683401,0.148947348841992,-0.416926375383755,-0.747751916412606,0.416709405282028,0.294326185140954,0.138648310006978,-0.0072921441568645,-1.23545085671188,-0.513399388074659,1.2783116777708,0.396996569031059,-0.0636846252612227,1.15161096209646,-1.31939546447581,0.224641673775112,-0.263361532773764,0.357926842146276,1.03713946295363
gene587,0.909761357140056,0.145193832610056,-0.167338962409799,-0.250431917122836,0.554024389317325,0.719894445449104,-2.14410241866504,1.02709525888497,0.622736904952446,-0.743968025434122,-0.990598310986043,-0.139030695385724,-0.122395538574686,-0.238252039848225,0.615108617027909,0.647884197625105,-0.607847261614907,0.0335926383945138,1.19911611368341,-2.03860838189221,-0.278766183728744,-0.228086107751379,-0.460131396890163,1.0492638888136,0.688170462675873,-0.487257887445474,0.178693839420269,0.671646438224132,0.712932305342958,1.0227579704011,0.839796162520096,-0.831495479528525,0.654871836035267,0.0010403302121138,-0.0270864947243138,-0.720162192195959,0.839729096285366,-0.360421992575032,-0.529573844648219,-0.425945332167034,0.467012578269853,-0.422292060742814,-1.30165614187885,1.12565160638817,-0.391600581215495,0.984274181234724,0.642456806808169,0.432747784204434
gene588,-0.0107029283279108,-1.31717626402,0.606450513639563,-0.602701934240607,-0.475265809019562,0.0669776210831875,0.444954715965823,0.643535901173183,0.453751572974746,-0.94365899371122,0.135519315965765,-1.06789675813225,0.18051547348651,-0.160558379287212,0.337819436142397,-0.830256559845054,-0.423058696071542,-0.956528075363978,-0.37175485368083,-0.127945016425825,0.0019005396765834,1.05105265221651,-0.251063520142665,1.31488993673641,2.54290055326789,0.286964967268843,-0.606075252817272,-0.755261721849097,-0.136428554135137,-0.312144237518986,-0.139251436318786,0.074331169216933,-0.962410621315272,0.967340215440128,-1.46611279009016,-1.04884269636682,-1.38673366000475,0.308050591277764,1.47342664864976,-2.01159884759958,1.24088913379608,-0.0288217701313641,-0.693719421947458,-0.0822964905789574,-1.0195479373312,-0.648745901286976,-0.662287335467542,-0.472302435688205
gene589,0.0595249417058453,-0.893394176043184,-0.949540894251801,-0.0642300838364601,-0.02267381963074,-0.297637225568895,-0.520429222603845,-1.61309413431807,-0.814086871901611,0.0089369804017144,0.726134945206044,1.15768936236444,0.750554731134476,0.179506371330047,0.153695818209618,-0.925561047100487,1.55699983746846,-0.367114986131239,0.738856828885159,0.269980848693072,-1.04859708682151,0.0771100525734876,0.312364016697492,0.310220266047086,0.479042945256296,-0.655286301282514,-1.37930566796735,0.431352802612785,0.589360093380968,1.10750743064218,0.30301669148345,-0.372781271960509,-0.33212209117234,-0.708471474660454,-0.103451121474427,0.684405025088642,-0.756606047830033,-0.217647836909048,0.529360902100315,0.213481925206946,0.913973814650838,-0.187851768797147,-0.540778005711661,1.36957234508937,-0.099857364866496,0.540177619192834,0.90444651399439,-0.061382304362007
gene590,1.0330865047643,-0.129336085735255,1.25381178990854,0.0960728553859652,-0.148551981277048,-0.470217507431408,-1.65555611861908,-0.935603371168848,1.12145763571559,0.607041746444184,0.92493103524328,0.751589289159393,0.13560668038142,-0.951801637732665,-0.829270122035957,0.158874438890899,-0.578436153891292,0.982648899298069,-0.185560336574738,-0.205011427663269,1.1319030530205,-0.172300434072422,0.139494601474344,0.11338009609946,0.880385531464852,-1.05789248312687,0.727518438588365,0.0772398603250975,0.139710295188754,-1.11414642760955,0.0229474803968306,0.217105783596653,1.79747960464218,0.117337175924439,0.484752406497616,-0.108998997232958,-0.398859179443515,1.35830811515572,0.120197584730452,-0.424639926627081,-0.834189878562382,0.184015653682449,0.305480748532182,-0.47689144851715,-0.139089391400852,0.466856741917326,0.297780069488683,-0.367709162554057
gene591,0.337337618668797,-0.744467785831964,-0.961989392716875,0.106717095642283,0.213449719443922,0.159392644288532,-1.23632513453942,-1.34027191690464,-1.13050551005269,0.0125596280283553,-0.141791555349027,-0.670788064425888,-0.362492508589615,-0.427516950796398,-0.134437481255251,0.261374230187739,-1.1187490368116,-0.488074913008715,-0.888993533104955,0.202666353152456,-0.855761223341553,-0.782497894755793,-1.47468563141307,-0.30090056144633,1.0287784039877,0.575342673226995,-0.12307285711578,0.433303667195943,0.341097379699605,0.745568112948784,-0.807321175235602,-0.269332558626799,0.31191170307939,0.527515303697985,0.20189152344564,0.587630042592624,0.891566820069385,-0.718720973513641,-1.00881510215465,1.16680986780165,-0.17843155780069,-0.225862672966527,-0.161051799578733,-0.37238592323555,-0.912658212050095,-0.196027732815623,0.0335796515866319,-0.561924079796447
gene592,-0.491527272758302,0.0668606458399594,0.417123848877599,-0.797033017798819,-0.62684159230161,0.859042833376241,0.264555865805352,0.722766863182014,-1.1493428128182,-1.85729822236424,0.0140522154833563,-0.584346037969776,0.523979354688687,-2.09908487297415,-0.431490029627378,0.693540542426381,1.27979822595039,0.063797405492588,0.66446982776096,0.552692908001516,-0.310992012351694,0.440750451518327,1.0242151316556,0.495088967317126,-0.249007344332721,0.0032606501659598,-0.590501580541367,0.143458574594916,-0.117517230713701,0.612981099861142,-0.0612550301739898,1.33289676503122,-0.210158646179024,-0.0780279742362399,-0.111716179781101,-0.602999483169491,-0.179510680430695,0.0557432505039649,-0.777967907831887,-1.00998957134387,0.712622093538104,-0.615534268897666,0.270264717443799,0.308128184929156,0.986716860547735,-0.248723190352484,0.427385608389707,0.270355165665693
gene593,-0.622916455446978,-0.606450159097092,0.078391362465326,0.0940780281823108,0.422543109071392,-1.08834476959783,-0.26695767311621,-1.86348376786722,1.60525508308179,-0.271323145471341,0.848255074760436,-0.611232526483925,-0.0355475232721982,1.61210859986228,0.391381970619317,-0.820464824843778,-0.239410324898863,-0.72353638660107,0.199796131790033,-0.1643116151914,0.0802850537655526,0.847789288471056,0.974173275744978,2.01701701921744,-1.09329564266154,-0.508543747579126,0.0546162245393691,1.23240165370412,0.329106994330781,0.481106460852479,-1.00576907866379,-0.22515601702498,0.960096525960147,-0.178851747255115,-1.29858613758064,-0.330587341953406,-0.0847526610893088,-0.533718072529356,-0.352835254818188,-0.298928380866293,0.245710658956857,0.701420387691326,-0.269636376403834,-0.106173493068985,0.27464273178933,-0.660942798765723,-0.544506630134442,1.28062890146911
gene594,-1.89854976326438,-0.261331703023638,0.175155723862596,-0.887699933638148,0.168893217409098,-1.04998659449896,0.0108267658600507,-0.277561412056067,-0.55522769145327,-0.637723494540968,0.620211339303192,1.07764967628727,-1.32583422674077,-0.22452625625957,-0.171334447169818,0.787966120159758,-1.12719750129215,0.515314979395324,0.884622669126917,-0.342009916938779,-0.916086307577883,-0.938892422965751,-0.314879324311968,-0.966836984155907,0.539991363873412,0.0693394258152413,-0.0870271606567377,0.16861853309038,1.20249967501462,-0.705481148647419,-0.289265888614399,0.505622458037276,-0.496855732174326,-0.0388808340968045,0.0566576821706582,-0.185260889714357,-0.827432373833573,0.398527210540169,-0.595338909388144,0.995826581579831,-0.549714066189606,-0.29521770230854,0.0597655193478957,-1.19023710247056,-0.184347032855694,-0.218540413673282,0.376965827699068,0.0080945031952861
gene595,-1.02000436944189,-0.0430613718848703,0.552157630174375,0.0494328368224517,-0.51676869086542,-0.671344047873208,-0.133671480259262,-0.130236774136269,1.00361512263412,1.12391926685169,0.491525465892674,-0.0676575957776457,-0.372006905779705,-1.84605391161027,-0.157023722639722,-0.663056017149534,0.397653749312164,-0.163649587840916,-0.807351164258425,-0.198099191577152,0.0863487225852175,-0.120624830258035,0.653423289819339,0.341097340040732,0.709344642015964,-0.105172343638956,0.140610368618302,0.760344831268464,-0.0177253897600922,-0.450825538634803,-0.567995387046313,0.612023505152729,-0.100314402091933,-0.0404908511880218,-0.065247279638349,0.59759028381218,0.49467220449548,-0.0366737350929225,-0.361381953678975,1.7132982963245,-1.3945113247138,-1.01800424509498,0.36772171407426,0.752324058688315,-0.74490670770367,-0.499104129151087,-0.242146721469269,-0.357561627260054
gene596,-0.543818817654617,0.495405556789355,1.16411881421013,1.27103008692991,0.807849285215048,-0.151251755031844,-0.454776564826817,0.114720243506301,1.22546207750183,-0.31301500729019,0.579481011341546,0.953791592925646,-0.673187166760676,0.392197815361525,-0.222460924670909,-1.0818647008525,1.42991727839393,-0.155458193256831,-0.445794140252545,-0.507932019514071,-0.174158193770741,-0.748539551426349,-0.836597308982043,0.367807264830478,0.790950643207446,1.44920047375476,-0.222883928876953,-1.1119410257849,0.0111302462015071,-0.870186271788906,0.412107964312439,1.25907509367847,-0.159887353629239,-0.412781183156819,-0.185783805989404,-0.591617438136467,0.352336049333334,-0.200005907391126,-0.504840286692617,0.86768472769423,0.500888110368531,-0.341427823974063,1.30804464017273,-0.231316878111427,0.22894166975472,0.122202805053802,0.529986770868568,-0.0611172382606268
gene597,0.0098383426204246,0.831493501900692,-0.265666474542947,-0.807663249981261,0.74798007401908,1.10605460092777,-0.839078440391343,-0.137771569508059,-0.222141307711065,-0.540414380621517,0.138060830464185,-0.285025684238899,-0.0409933347847939,-0.471424543599418,1.28375767072908,0.986210771600053,0.433217305391812,0.335352750069314,1.7590055571816,-2.40252405382221,0.229336357464027,-0.161498732281977,-0.0032869978560113,-0.128695463480229,-0.109218311821508,-0.958560592646355,-0.432966381062846,0.00322356276795,1.32970233523142,0.660197490762395,-1.07973084941767,-0.0075083427478735,-1.02207034272945,-0.274931333155563,-0.24739434559425,-0.83960633198945,-0.0415146541247989,-0.841343177553553,0.168062228567297,-0.282496609163389,0.839975404925134,-0.0013239101490385,-1.444699411078,-0.924325237813444,-1.49165935352738,0.9118873769309,1.19460859412895,0.671899466953663
gene598,-1.07593581267847,-0.433196157521863,0.891687114370682,-0.426800903985977,-0.342414952915317,-0.965860483286297,-0.245015985021019,-0.31033481649972,-0.0809185315146103,0.71368151849731,1.03448120894353,0.381771543763889,1.12271598133389,-0.519806980865081,0.695698326458708,-0.500811913344691,1.05595036874797,-0.263980672165723,0.970908680121787,-1.47181851732994,-0.923995128653027,0.43865733800774,-1.10612074240826,0.228438821713739,0.186745085278448,-0.834132268023569,-0.537122459205545,2.16961654297599,0.533107040845247,0.202403072255118,-1.34210982582138,-0.15375978777982,-0.69685199346484,0.398536579017909,-0.277709807704914,-1.45020899086037,-0.234143256584128,-0.565908806159196,-1.05581136606698,-0.785804889951151,0.53307595061442,-0.205948614548937,1.45768516068807,-0.186292597312667,0.362669876706786,-0.939186587763838,-0.995657517958687,-1.00925517280712
gene599,0.857068772230333,0.0092693273498782,0.709958817502241,1.07627860981798,0.231212425184198,-0.818055373257548,-1.08071496579446,-0.898246452099952,-1.09207105368236,1.02733273261088,-0.614534062420416,-0.754590461458837,-0.07953294598171,1.13303994194459,0.448990600397319,0.534964641825277,1.32816876469508,0.894157042343898,-0.879549904405648,-0.859299662136156,-0.285957402462477,0.789592221025825,-0.461138365524205,-1.70802923297745,0.776788138966365,0.591776653639422,0.293563608993945,0.510225820942532,0.0003414473023374,-0.952866688368898,0.124080123659987,-0.644232385942402,-1.46434277396161,-0.283156509909169,0.401663359613333,-1.11747500582235,-1.29834430209629,-0.359379768028191,0.0019698895553475,0.835949016205917,-0.298347519938339,0.264247959974038,-1.40560412273648,-0.703258278658573,0.174837888166595,-0.708034496817208,-0.462955940065853,1.11317799324797
gene600,-0.64427992474145,-0.354779240519973,-1.17090632497575,-0.180464118020095,-1.01554019882667,-0.49127040456407,-1.62649818624268,0.389513833448299,0.380735889515095,-1.0341670121975,0.51110351506068,-0.392466172475658,0.154654490609498,-0.644978329941424,-0.678736696911989,-0.114417516817477,0.912478759330919,0.860160295282087,-0.0738729651203893,0.561516812303892,-0.539655855326246,0.651490020911888,1.11916229230819,-0.0232750585349032,-0.453000598884382,2.48363721972963,0.909532799752561,0.717124265829329,-0.815826873662378,-1.06331257047066,-0.62202963679712,0.16228331329703,0.0183701356894055,0.339625868544254,-0.26593451906756,-1.14123308198406,-0.407691528483852,0.126011442732096,0.264254708280497,-0.0650603923150247,-0.271590379650691,-0.527507163905149,1.90771807798658,-0.63704584747462,-1.41051017475857,-0.213138229719433,0.972745333501934,-0.164000167000176
gene601,-0.28482810245529,-0.775526262514997,0.499834674178638,0.233001797107375,0.787293757889032,0.281553472301897,1.2007928037175,-0.259924844111257,0.664200370393153,-0.527306374709056,-0.309445810068507,-1.07815257833043,-1.01319353982355,0.539105402541636,-0.825340566167402,-0.172229295165277,-0.483291208004489,1.14886801718552,-0.403300848785278,0.124329424902237,1.19477649420078,-0.371185726102197,-0.0242129646806847,-0.12701887044131,-0.6037927523797,-0.812942331879708,0.68069466932615,0.866420599855758,-0.216389160092499,-0.627574320749575,0.132131916979008,-0.60448430170178,-0.330539116432813,0.275029043293638,-0.526185095817346,-0.464804904163479,0.146449574937886,-0.226301925776319,0.528580806180244,0.429452443284149,0.0051043494128788,-0.601664761963474,-1.55802566040903,-0.741119323256506,-0.196168376444329,-0.152904234473318,0.9527840538833,-0.972223612427009
gene602,-0.0335692689574083,0.0194171886415139,0.117921072609118,1.16003077910539,0.565182888873407,0.400095002076064,0.67528153880976,-1.70221669030321,-0.770364627462052,0.500547475013573,0.229299764832057,-1.58463693900573,0.855346046778764,-0.570268094476307,0.560101437999241,0.620488466158538,-0.231872847444555,0.170401261602179,0.486065462075401,-0.363965143463997,0.39187225636944,0.812811598550986,-0.67604237218846,-0.613753653926478,0.687085716271184,-0.520834321416429,0.245385347081226,-0.0878391187723425,-1.2383660138229,-0.531127628259885,-0.566956291944441,-0.129966096028408,-0.0911007407237427,1.36070692366952,0.672581075683851,0.677370848401962,0.893967504929443,0.268593006548243,0.681946695387215,0.970298468385121,-0.576433373303344,0.526945459207365,0.526243517857345,-0.578403755271789,0.432083062574544,-2.23808179566192,0.98353983245286,-1.184203498405
gene603,1.00393313534866,1.09450499986522,0.555009084335752,-0.241586006848576,1.41120065611953,0.384418061328956,1.37680969386298,-0.200973389502435,0.0424942556886079,-1.18543332427213,0.129889734349336,-2.40419532027193,0.879274432786857,-0.122641975252281,-0.964923159684863,0.733425335997763,0.209073822999232,-0.0262867373240352,-0.805210689208183,0.216458387806543,0.448572605331208,-0.530159499119978,1.51170139541314,-0.402530047714831,-0.744775049658623,-0.668619730601612,-0.731454082876408,0.81181029989557,0.600817036997488,-0.276386657859342,0.662965208662872,-0.232144783224234,0.613252967328792,-0.0967075108979506,0.294486809537428,-0.029639640785496,0.0033788294382714,0.265266002177634,-1.07604506948837,-0.171070072953402,-0.284451636916434,0.230041319905628,-0.207175922407774,-0.0133414561760111,-0.072379580009097,-0.0710037548367325,-0.152201984641278,0.310828054271175
gene604,-1.21574871644164,-0.466257105892011,-0.931114923923614,-0.288296727019133,-0.615073923577617,0.751354611649456,0.103850607121408,-0.389078843965343,-0.986698612750541,0.52357318494348,0.270565428080575,-0.606611578449876,-1.06653159954261,0.0132151212929856,-0.929337490682855,0.934656760249986,0.930970605143008,-0.110829117192402,-0.466126959935768,0.0958488514106758,-0.723634377805801,-0.320518040938169,-0.569910140631302,0.291822713348148,-0.0279386506094518,-1.58859231385633,-1.03082716668218,-0.571795975297701,-0.607263886926515,-0.903197454004165,0.763232494529045,-0.142157322543989,1.11078979082163,-0.800174407542965,-0.0167235660830627,0.365941962662466,-0.771824256707726,1.35694376471853,1.03926149609514,0.393496395252754,0.43738470993476,0.213421278110739,-0.562484331397997,0.362538325400897,0.570135599296474,-0.25770823944578,1.16681140468298,0.385914335569928
gene605,-0.847264020645121,-0.652644790924825,0.149109480200452,-0.13787569557733,-1.12708218224188,-0.536678117860151,-0.567931245045204,-0.0760022389517214,-0.724610794604179,0.593396917736924,1.0227969950822,-0.369716687898602,-0.779335280033589,0.422998943987775,-0.671473519240952,0.649437358344839,-0.151473662722876,-0.611061294939801,0.446930596776839,-0.125735724101471,-0.0808556921497868,1.06161280511695,-0.948604123581224,-0.968431938794272,-1.12220388470409,0.0116153886691805,-1.19477406361975,0.977433291034287,-1.12739206535479,-0.0735154334000926,-0.37417087776045,-0.406760223469052,0.617382522321056,0.33026910353802,1.41349581894439,0.402093588313468,0.413409661106201,0.435164996622336,-0.660053425922784,-0.407698876942129,0.122782766802209,-1.05708143083235,0.341084689688857,-1.86679014394441,0.287002266158942,-0.122870943220118,-0.434038684027425,0.642545457320396
gene606,-0.067492910429016,-0.425477972748933,-0.392211495864289,1.03501777276415,0.2466068251449,-1.49150378201409,-1.30256429033106,1.31495163837393,1.1831660474023,0.800125282903123,0.0128664948960898,0.0591333298276083,-0.353618332135198,-0.743311799205484,1.05355846192424,0.683202872953922,-0.711257379041225,-0.383413753312239,-0.5599529878674,-0.92826105204757,0.0718671545947383,-0.133593600579469,0.736437285663262,0.184366528779637,-0.444964960980157,0.218858183179612,1.44237614979445,-1.57471728896243,-0.0177859300945558,-0.681596782103315,0.727166004377311,-0.491896576852861,1.52651411719667,-0.925420676046641,0.458329691467719,-0.452138808319915,-0.13963791318065,0.0213088605534723,-0.862519953740966,0.5643005854524,0.6586224842212,-1.01580314921161,1.3938996858343,0.0555368465638998,-0.420724226918096,0.479485468082272,-1.43182441795707,1.02689534576891
gene607,-0.220751819582385,-2.09113827269963,0.341283136199186,0.466214342613094,-1.87257716175337,0.802494823202855,-0.250186470780225,-0.209930699226581,0.171189881479635,-0.284802533975266,-0.938340015187835,-0.583360029990274,-0.620356329245126,-0.937019379811206,0.482589032608751,2.47396964987852,-0.664759938810466,-0.49945297949235,-0.689884276549711,-0.0556263143806626,-2.00912559912915,0.555591427283791,0.22166546489267,0.834571441243746,-0.214181807742074,-0.0922790231649692,0.528712498346034,1.20989364678952,-1.36271203578138,0.0089210229686573,-0.0221837380200603,-0.0862144605245442,0.0375165107882364,0.762187899333782,0.623992011000235,0.708386813273492,0.0375417616449202,0.454312857944316,0.42026025622824,-0.67847765923882,0.253074599106718,-0.0721377954411223,-0.404003058240113,0.575489188163489,1.27779507966999,-0.813348676857293,0.280225341644827,-0.252611670833662
gene608,-2.53413972033146,-0.469601486951595,0.777563121669707,-0.485935036975706,-1.07012357178869,0.883022409204468,-1.14928449673367,0.107350868489272,0.762550711680715,0.655706598823988,-0.338093431428588,1.40849815166913,1.05521849065058,-0.657754209911455,-0.697389453349018,0.554084882121232,-0.880611152737922,-0.202895447362086,-0.407427070451884,0.41578315528594,0.200686206193243,0.0406086488853769,-0.338080540362196,1.65232419424434,-0.763561351285313,-0.220265756667408,-0.124721719810408,0.226817345130748,0.235286524804711,0.709164472150232,1.40654370647037,1.03223883180717,0.325231989300427,-1.12484511653112,-0.800412752961532,0.0785107143645565,0.507143331865739,-0.261257236612073,-0.904583168295153,0.0570212807552366,-0.92114795890646,-0.283483992352229,-1.50750059154505,0.05109545999217,-0.670264247493535,0.798882640762475,0.54347926057342,0.868302236695064
gene609,-0.160445083745655,0.0890653930774701,0.145387322757798,0.369788452814448,-0.221202705432616,-0.260318746273872,2.10117867659549,-0.0741428473541854,-0.434955757304707,1.01500513543042,0.375802136743712,-0.0691042697435953,-1.36825683929342,0.717505809980044,1.01938950933409,0.790767071838356,-0.254620518095777,0.827809691155171,-0.65920502671297,-0.186808640038212,0.269418685683781,-0.148041505802039,-0.146768698040254,-0.662721892337757,1.16062489439312,0.0956510524527971,0.337283066983986,-1.65660868991013,0.496223098756263,1.70305273645882,0.329507988463381,-0.390770213505261,-0.848159510300881,0.437712151487002,-0.219356134644019,-0.830767674891327,-1.13029760905341,0.634384007187198,-0.176134117517154,0.110925468785257,1.47144996992445,-0.225196049620768,0.597080058439161,-0.421540127477979,-0.0159869669071687,-0.835310146317293,1.18352035229174,1.10749251469897
gene610,0.550800352118648,-1.27012332037764,0.131639379253081,-0.595631943502319,-0.639208192366484,0.601790475411929,-0.165911166461995,0.519379253608113,0.783752298755278,0.0961461584532479,1.21135361015524,-0.196441355124209,-0.49423184674903,0.156803784564595,0.474125135473939,0.359665352408855,1.03197678954521,-0.335091266092824,0.269043092079562,0.668854949531156,-0.0945711665969451,-0.308300120777876,-0.228861805522611,-0.592716021752069,-1.39402520293978,-0.350551071659714,0.643580169941247,-0.629525493461074,0.749772120066795,-0.47118705462794,1.36396273871405,0.291128495966602,-0.499164004088576,-0.309742359741143,-1.79348880359897,0.50777252005654,0.898099251858231,2.36573316077413,0.839241355850703,0.67340279210344,2.48122059118804,-0.277545600859699,0.148528795532527,0.476249384320004,-0.0895017724058907,0.307845925494422,0.118115862219525,-0.980289947922252
gene611,0.191325593806097,-0.887353304826248,-0.120558155173548,0.116863281126102,-0.717671184874662,0.599097888093635,-0.287138409579808,-0.470045673497365,-0.827284509499936,0.314977892580356,-1.06657936495189,1.07395407958523,0.924769708523383,-0.192098076158774,0.809717347355112,-0.122563250370377,0.542215432673709,0.78506618745529,-0.699388496431455,-0.322480151734313,-0.13011123858615,-0.371959548572711,-0.0247227830121711,-1.12713233056242,-0.0117201322873751,0.115945898135385,-0.186843745464628,0.357280504953811,-0.429740101582785,-0.209392248192937,1.02490981585747,-0.956117358562178,-0.166285084761754,-0.934357549271435,-0.0012745371521921,-0.563476445394625,0.024149018371266,-1.65621811417234,-0.563630017135682,-1.71669630087786,-0.0065255062022085,-2.02642116336619,-0.522122982098257,0.804223805697398,0.734434457127208,-0.0268085604377245,0.455446443039748,0.457392628248802
gene612,1.19194735548331,-0.751014815457532,-0.16675880376588,-0.624894330557599,0.147234594274986,0.974060091681608,-1.10723309370102,-0.365109053410955,-0.384292878927832,0.125926263446741,0.40262397386698,1.23715197511841,0.383640875325522,-0.0747683889170454,-1.43116664018615,-0.694246504308861,-0.107069497363576,-0.194142035175194,0.895114096756069,-0.494968452762356,0.213356044584088,0.0575178609788794,-1.18247916979849,0.168155239717172,0.571985362280147,-0.0975435242350695,0.355865326086113,0.574295196851737,1.50059658530435,1.21175911470511,0.386438905131326,1.13635545251365,-0.300542712730554,-0.470570716714908,-0.250531653415143,-0.119370095933575,-0.293209775380093,0.0116323837032204,0.360133833310692,0.0714948130720837,-0.136114686845171,-0.692105846672564,-0.559696901686085,-1.09973885423675,-0.850879143227844,1.14162590120617,0.41868170613118,-0.626460726304558
gene613,0.471173293300029,0.131334444015651,-0.54142397736296,-0.202850196786457,0.83651334817126,0.6890408960464,0.270903322790037,-0.344949235739408,-0.148694088128129,-0.234992128640446,-1.57557263770091,-0.400170713146139,-1.15984872787584,0.0716579367936191,-0.682210960472535,0.250786561395956,0.193406965816487,-1.87869725953999,-0.203984921655151,0.210971101706362,0.440068376273459,-0.477008356812346,-0.750768440707206,0.603658844584424,1.02105342699333,0.0824636418537323,-0.336871811030151,-0.717219700264668,0.267505197514803,-0.868477732679356,-0.750378821985169,0.611999645883949,0.867422017885149,-0.603535436432836,-0.318575502587915,0.518603567206096,-0.350665018702293,-0.323431463520991,-0.116164784783629,-0.0924818536546375,0.858895701556691,0.631878296473074,-0.934392604150906,0.88339977385166,-1.41323408592723,0.74092853080234,0.0998938495984018,0.505395618048819
gene614,0.805614713380073,0.266385901264878,-0.345691776145222,-0.263410484042674,-1.15186517122036,-0.0472781148100464,-0.0292438905337855,-1.42753750763001,1.44954499369233,1.36764526689559,-0.783978407538278,0.922598852935168,-0.542937606746,0.130180913774756,-0.722274623494668,-0.840214649029381,-1.58061321038947,-0.693682722494657,-0.951871654492791,-1.26927379479666,-0.892996840184304,-0.399722462040777,-0.690924876038281,-0.0114824639624167,-0.4012740286732,0.131810643066438,-0.368540098303409,0.416793828752339,-0.521900937058173,-1.38176805514521,-0.0540453664994172,0.461066587554506,0.0718790241052746,-0.648206916007775,0.0598959843903403,-0.610047332894743,-1.82009588575505,-0.599353660075471,-0.555155816551679,0.251953610079567,-0.614854478977044,-0.761572856671275,-0.525260909313087,-0.517976350698188,0.941783833874488,0.871129774636256,-0.871304758961069,-0.302028266026409
gene615,-0.516100743852208,-0.697999880781703,0.885078399749534,-0.237467159403016,0.0002355407799178,0.0889215158705616,0.64240899583692,-0.211534173258809,0.749627481437864,-0.0566084335168359,-0.422024740844589,0.143213858197798,0.204104075671365,0.623436450320785,-0.200175801410745,1.19756698797347,0.352355246342476,-0.653660699489489,-0.286086737821378,-0.991697563925111,-0.355065890117482,-0.474039116030776,0.0236302057546081,-1.15922919338854,-1.1289305366911,-0.407085121507675,-0.325983762225628,1.65902222860478,-0.0862353184683341,-0.750265543755762,0.555206233069319,-0.555560714727447,0.984493576555093,-0.489452426677716,-1.04228880209693,-0.472868091683758,-1.41793471058239,0.569788107870215,-1.03280562175946,0.81533928382652,0.110866617826108,-0.126696982659465,-0.0538403902300615,0.480039785484389,0.217489824842049,0.0688337387953468,1.211869992394,-0.119545497985219
gene616,0.318436947283739,1.25286474342991,-1.41132635243784,0.433281169513157,0.0411175387364262,0.0222120220386096,-0.792138100396491,-0.455426630883452,-0.0376231298681108,0.995995212515545,-0.389135523019044,0.280493462960213,0.496820653351236,0.592869980384704,0.328805231405761,1.4354303768771,1.06259708941972,-0.416513568614258,-0.223579693702348,0.530425793444154,0.765241170375643,0.456956211636872,-0.14201859457072,-0.595904925219553,0.234469355978579,-1.31867748583083,-0.994733880589385,-0.0862836604168015,0.292893248349228,0.561381631990089,0.0155470796724506,-1.02841849857153,-0.914561852161337,0.671084624096427,0.304561026664841,0.426776187601555,0.121776448855186,-0.233950206446109,0.0625111527175906,1.69751983837491,-1.10651558744714,0.0043524203711401,-0.194919802431507,0.85399100314471,-0.0279946173878031,-0.839071910040256,-0.325312136282112,-0.704445865818405
gene617,-0.564350406471633,0.910087637844192,0.568413514201555,0.632593437752815,-0.0512643175083547,-0.382543166453712,0.403688204994942,0.595061817924019,0.45970889550264,-0.265173583922005,-0.931595747861744,-1.57674481595336,0.363215029338072,-0.412596123510795,-1.33910434067256,0.448171565345908,0.108593107839842,-0.0404126654887816,-1.20043180213072,0.165983281512166,0.91043382435317,0.0737638571734968,0.172162766501264,-1.02483666482741,0.354028717526534,-0.765829984118777,-1.85262734968261,0.502148858602106,0.42008980718462,0.259597650592561,0.5797167033566,-0.167672102493236,-0.378833810579364,-0.966535693327373,0.502088783343559,0.508587686233879,0.816071100165713,-0.819771718321948,-0.645549271142077,0.375106718229741,0.425698163867642,-0.807101680139627,-0.672665976240254,-0.633418128087213,-1.1153277529401,-1.16637543084381,0.101211385258591,0.700417994603092
gene618,0.25360547929705,0.234440134480742,-0.825485329408287,-2.3652897366936,0.529348734262914,1.02828583786364,0.470998409816528,-1.5690457720058,-0.255058794442221,-3.33426986352361,-1.53196106690889,0.701583902319068,-0.649170000985032,0.975570374904438,-1.32707452238086,-0.678156525290078,0.178370822648878,0.205038374266344,-0.646717166569851,0.0862135698698966,-0.463043306395154,-0.516324291604387,0.822921793478788,0.247072040836211,-0.0326885185977302,-0.0488005033949223,-0.33578353829182,-1.33511999383864,0.247397186433256,-0.205982330267939,-0.415087686262562,-1.37208504346984,0.0824823935940894,0.444243987747829,0.243709718271545,0.813936831116211,-0.242206890370783,-0.267157367834118,0.315604038028111,1.69704706068533,-0.0098090072117811,-0.890395649490991,-0.371344778704974,0.528214166368411,0.408179017075977,-0.577342635819297,1.15361699796785,-0.223870081801449
gene619,-0.0525835303355432,-0.203607169320105,-0.498341568196398,1.34486558943116,-0.144591637197955,-0.965068553636782,0.446201217465385,1.32110848881594,-0.255255514887,-0.141424461515135,1.31273792008888,-0.288222186117336,1.2432529091936,0.0983533109605352,0.640990445803924,-0.323083674981325,0.334980556019268,0.379405199893257,-0.655383154930912,-0.448805922966643,0.315023448817118,-0.140643652750273,-0.746496899579692,-0.149622441631918,0.190620829495199,0.287763859749179,1.15544293972632,-0.801017640284574,-0.107756920154889,0.547200910677238,-0.138202137354232,-0.973377516185232,0.248815750165112,0.116987886296833,-0.278148781020269,0.661160794537198,-0.109373718523167,0.783289003833787,0.997783976001135,-0.706034943164633,-0.414229833030565,0.544623346024255,1.81626943988956,0.235856146981891,-0.949593251709198,0.349249777049597,-0.0623895071245463,0.698028263962735
gene620,0.994971715751738,-0.152090052575728,-0.0440495125588387,1.03776817814139,0.204220390350547,-0.16741918512563,-0.295791201598483,0.750439319609439,0.1208387677488,-1.0941788733765,-0.679491635485766,-0.821820913113846,-0.592292351694538,0.125069642466562,0.666773245908746,0.689111839209987,-0.398817070278251,-0.0539485017046955,0.314549428636878,-0.105951069594219,-0.164026364591622,-0.0471465684668087,1.36122599593124,1.38251230539051,-0.363394940734634,-0.871383368485501,-0.145479337940907,-0.423347797091935,-0.0764640678424068,-0.921740468308377,1.05560835572147,1.32445087715022,-2.00970015985989,0.375359422058309,-0.0033190885577928,-0.378530203599373,-0.1409879734571,-0.589630738255765,-2.43344756355499,0.548935439618665,-0.507306947065326,0.966729423210098,-1.13828487736796,-0.270315661547268,0.477101558259867,-0.0794623307504707,-0.855204251394094,0.0635146442367065
gene621,-0.0512706048414249,-0.100255774428892,0.823172470739583,-1.07161609058836,0.480709082570811,0.263074800164694,0.786670721876411,0.540140954642263,0.751928751883634,-0.0091112185220413,1.19609520986361,0.23543053021299,-0.181214601856166,0.996874563892961,-1.09933025486128,1.38201839583178,0.462334555707339,0.634545068902351,0.387675895355548,0.811364561576389,0.246616544367202,0.0016738240843935,-0.189592732168293,-0.234456702368396,-0.684104269487309,1.38839070879099,0.635839996424353,0.277932460840217,-0.16999510132274,0.0266916808734242,1.15111733081159,-0.155103556456516,-1.51025401297612,-0.979571747125213,0.329417913658335,-0.101946174211234,-0.204240096207768,0.0597691981127619,0.985499003923039,-0.314719671757042,0.640184464576686,0.244591460948273,0.814713394850892,-0.0059050636108208,0.142887112909889,0.293654145534253,0.675005560666647,-0.240940056826708
gene622,-0.10209262277616,-0.442206726130057,0.914252457323599,-0.0603026549980182,1.25563218055953,0.391859364344547,-0.641296531487599,0.215909705157842,0.262461448241067,-0.219649291514627,-1.09413327975956,-1.07444043239868,0.605366353328827,-0.698650244034382,0.47841417735559,-1.32980835671288,-0.736587217037657,-1.17353420270713,-0.309463067752141,-0.218661649065998,1.4977635947738,1.59488728241015,0.228381685829837,-0.359258547908602,0.313048079723465,-0.566674707074982,-0.497788843601437,1.01052712659255,0.436878987919943,0.459064156059932,-0.316856485356206,0.557860572162403,-1.61915565240979,0.0101495539235573,-0.307386729896145,-0.119745293542142,0.0487164507139314,-0.383727614897915,0.234888674543253,-0.094761904950636,0.0977384225274228,0.650491017554828,1.46041463718671,1.37352771867337,-0.482258615280785,-0.439427629114916,-0.922880499869125,0.120909222837588
gene623,0.290610167089632,0.0353554041526417,0.189138434346965,0.0439907665719577,-0.988853066036005,0.202983602362099,-0.324436620716264,0.822001253370062,0.562015610241483,-0.331323725534702,-0.0134790722599459,-0.783569710881526,0.973332555823658,-0.346572280793746,0.0099530286859369,0.083997864330098,-0.644929093289942,-0.834369440339114,-0.414678556348724,0.561473759528703,-0.219067727666091,0.889086524193641,0.266903358035938,0.446604353905328,-0.194476683748113,-0.167178034301056,-0.0483541779001128,-0.732348626021733,-0.0184377231971424,-1.46697107831811,-0.725488182470598,-0.600444739699482,-0.0156911596872038,-1.18729372559117,-1.17544874657462,0.210802942926309,-0.074588080034298,-0.185178460122699,0.202889931216602,-0.181158059601608,-0.239302808762718,-0.59130322400516,0.835773568092698,-1.03532379574982,0.0322990669252329,-0.520943203385211,0.253981083815968,-0.420338539746552
gene624,-1.14289989104024,0.334937220399563,0.417295452659257,0.487249846206264,0.219295329608453,-1.03310270850501,0.312320140559532,0.831210499873166,0.234021808663723,-0.1323531064036,0.198825929995457,0.122813952942791,0.502548984087796,0.758652087881688,-0.132458448368252,-0.478589484869353,0.39755122571068,0.888844245253852,0.354231653311003,-0.423245657487976,0.784364162812283,-0.34957888136788,-0.10414226646234,0.0428286456049291,-0.688198078155985,-1.4063726930524,-0.219191009920859,-0.151042781457261,-0.252440322718111,0.167778285997687,-0.044189068512528,-0.56573755090124,1.79764046062147,0.784112557170701,-0.901476090643096,1.10284083169938,0.174893426584651,0.923812866193708,0.395477600638731,1.28224763473411,-1.12657775806817,-0.620529344210042,-0.543027051083372,0.404091092437592,-1.00471654085937,0.708690374018568,0.840349775507782,-1.29012899154325
gene625,-1.12140531130342,-0.516749245042405,-1.01122191584226,-0.57821042208791,-0.46996644296309,0.394665679810902,0.0666541041140512,0.168657987685121,-0.61558336380064,-0.0111753179618379,0.918397550425618,-0.410567669226647,1.56984486442736,0.248601665011998,0.251215482765022,0.660713758219153,1.82855029021299,0.0913607249957464,-0.0381327235459839,0.35926736897825,0.350374458166159,-0.324228421462808,0.619059135470944,-0.894329923749928,-0.705224443988892,0.306736371581273,0.783882875730908,0.307987285950347,-0.748207369217054,-0.535441398755071,-0.288460118510709,-0.159868405237588,-0.208882001185181,-0.100013152942591,0.0562566368400571,1.0644114991815,0.397612916998645,0.57234894939135,0.072987564067979,-0.76067157283436,-0.364160660779958,0.757461825302543,1.78388875061363,0.218447466047219,0.405218620826824,-0.15849600701728,-0.175147339578918,0.520643187336775
gene626,0.621856786467801,-0.0118515163493113,0.209746157328417,-1.24215972252435,-0.30184147905854,-0.763327595988588,-0.591851824735068,0.452430351393468,-0.0002924867760288,0.168291214098891,0.609891094967434,-0.698476068051062,-0.23450950943096,-0.347906334829657,-0.524813339345211,0.0370087814966983,1.22161317156656,-1.23374338624505,-1.91944481020328,0.23334432475964,0.0138730260654936,-0.233534276433531,0.984763945290839,-0.230535949663264,-1.02862285691155,-0.0751642262545377,-0.948489526944526,1.12966439821651,0.293218507116456,0.348387431122493,-0.800032670595431,-0.167639376104171,-0.210923420290853,-0.635218973813645,-2.22420152235575,-1.24222863273101,-0.629727293357513,-0.301153454058696,0.543547755651655,-0.266538249269251,1.21258618421656,0.653578840173221,0.259755291561196,0.0656576796286969,-0.348148702447398,0.600122711705202,0.742153313324214,0.175328026871826
gene627,-0.592470997654375,-0.800178001466732,-0.496126849321922,-0.0691592736564384,-0.0591277767040643,-1.806340615252,-0.475503732275508,0.181842587848974,-0.579764675531699,0.406816562096723,-0.711992432643085,-0.406372563943062,0.344504614188219,-0.816499609658273,0.255597177673655,-0.484392197655441,-0.442475408700163,0.572639583946948,-0.379896174409413,1.48749154609197,-0.0893604648031394,-0.920613287974745,-0.216305195838818,-1.17531112978588,-1.05181590246911,-0.746856968524734,0.366187159379881,0.331483982904365,0.113395726521714,0.881604677436562,-0.431136485665094,-0.395069650802439,0.450081001211458,-0.834724000840385,-0.15862862730506,0.955328191008692,-0.0706670215084753,-0.221482255747109,-0.595657190023401,-1.16850619466958,-1.10515044269125,0.380127283751893,-1.03412105601852,-0.813780928110128,0.984406733177407,0.470943893733027,0.690111628012808,0.399081712135924
gene628,0.58910315982176,-0.151981612305425,0.102644538814011,0.311244403344739,0.745700827879464,-1.07936843019642,0.0850129425963104,0.16271760274225,-0.713195772451961,-0.399123723295986,-0.158780583739253,0.579567397093398,0.0837478698102148,-0.359089443273589,0.188510402142333,-0.202776916447066,0.781271408581879,0.301251468199258,0.815582438373053,0.223773675242261,-0.463511031436911,-0.562221027012542,-0.972633873050041,-0.168254451761962,0.645251280850648,-0.160679574801404,-1.00757140652425,-0.0992758503032279,-0.225207462696628,0.173681529989813,-0.0653379047887855,-0.157783373906571,0.895705503779567,0.388278815432411,-1.33284736780474,0.344141772379755,0.0179112218939984,-0.186181088566691,-1.09920297752368,0.224531960674371,0.680760099294817,-0.599257849375053,0.640348787259088,0.0461588706191169,0.348959864605822,-0.359026126482485,0.306523553615073,0.870894291297245
gene629,0.740291508025298,-0.387972142381528,0.320349262422835,-0.430933279550344,-0.210315175445262,-1.19416230785925,1.57191447163254,0.286442868925957,0.724371882361072,0.478140868780534,0.51417785539805,0.623538957322507,-1.10118302506456,1.46478148787507,-0.29760038541988,-0.910073245314034,-0.513965020526695,0.274508530097326,1.12780382076769,-0.745604901448624,0.684629514042422,-0.787787766128454,-0.101849850831967,0.962865445063777,0.327334612372752,0.178825490277566,-0.341640406107732,0.128233983761177,0.0843415915760309,-0.630443492939721,0.201285753648285,0.559682550598498,-0.31620783798915,0.587659731637408,-0.187181233245597,0.560597816270053,0.389661399956098,0.544455283545408,1.14093511946552,-0.476535058386488,-0.508839306618218,0.619438642239681,0.0489156049399276,0.87325604799021,-0.255542045225701,-0.231189119414292,0.202982858337691,-0.222565988760204
gene630,-1.00073095112159,-0.643423352930384,-0.906284980699646,-0.327973243295029,0.863518224677218,-0.189823915024504,-0.356588898413573,-0.934800804413699,0.167726348370351,1.98501324783602,-0.073622323028356,0.225613410832133,-0.82825866641919,2.52639261229301,-0.887470334014135,-0.236961534615098,0.157331579248671,-0.308585561259098,0.0337679347527192,0.67063327494397,1.17769074449951,-0.121666461279504,-0.70682306516731,-0.251792753041355,-0.568637393306363,-0.235077568045358,-0.65104240552795,1.28293930699356,0.0057616256366148,-0.0603096244768728,-0.269356248132541,-0.190217049352924,-0.907173465888245,-0.299675433961259,-1.10746746437544,-0.37084712576617,0.713576434763765,-0.283007291894426,-0.426123801527327,0.554781674037198,-1.28583967562475,-0.647532086286224,-0.687773745699057,-2.61483619205551,0.362221400248539,-0.189664000508221,0.614070054553083,-0.0097286963292809
gene631,-0.202493808438621,-0.695577068051168,0.944633465435416,-0.98345293504135,0.980317606016078,-0.0909714923151273,0.324241104075443,0.88725929662625,-0.0259520960690728,-0.504785437100808,-0.666582866052361,-1.13262165367957,0.565004809398765,-0.61675226482785,-0.0623340869437533,-0.383265413273524,-1.0809481834057,0.80655414212537,-0.997357114465935,1.34043684545612,1.23326234009237,-0.792928852674535,0.137891386074709,0.56758620984536,-1.34425824474681,0.621776359759024,-1.45156374662278,-1.65179262883014,-1.23246805960013,0.242691950898309,-0.600597034624355,-0.224969158964442,0.364122211759146,0.607428830339177,-0.036771055923736,1.79923968585701,0.22376138093137,-1.05470276981456,-0.265625296074863,0.570019955831936,-0.0583238791043324,0.526013946070013,0.353576779348109,-0.167023047732344,-0.0214550646736158,0.928365565151899,0.665515533999348,0.249814341465184
gene632,-1.03153161550635,0.0617829751010284,-0.174155963956848,-0.362231585788646,-0.276890443119648,-0.190700780154147,0.444617849971975,-0.0862131087357788,-0.0167975913444555,1.5545766397245,-0.740221526940278,-0.712724527770245,-0.173892043687949,-0.735566452995665,-0.971878315961954,1.72154032686411,-1.62520697658867,-0.715128115128794,0.546993723850153,0.885832877167784,0.573637596585031,-0.0094695980024607,-0.410556197304368,-1.02587509317137,0.416760991798041,-0.695939588223205,0.704458176986422,0.870006147515409,0.463266753005399,0.677661116989541,1.50006669999435,0.527705838808258,-0.0570375517129411,0.0425375358690373,1.23662150897643,0.275937812456934,-0.0929649697387969,0.775117765925019,0.20985172442192,-0.773962696578449,-1.73501427671928,-0.329793730137317,-0.0567548247235876,0.335158025595779,-0.676766716428976,1.3322674576611,-0.602740240078351,0.196199225815459
gene633,0.881264032814809,-0.34760959931141,0.790156596577287,0.144623051479457,0.345777550856484,-0.30971740920994,0.963393662930471,-0.976497314111389,0.658652496212221,-0.617313128408409,0.0731261479716697,1.09747313381881,-0.909694497200991,0.322622136797064,-2.43743054265458,-1.4741263342892,0.542153650477359,-0.843941435109456,-0.535706696853479,-0.785865635002919,-0.475182904296994,-0.803310426297174,0.708273937116493,0.263368305816102,-1.77444211310533,-0.830851695532925,1.75208201157364,-1.02334868550559,0.491912089008191,0.507279555823267,0.309799086428281,-1.11925869031214,-0.0318449269231669,0.438735278878512,0.258836543508625,-0.734996443122953,-0.985928073121229,0.0178934923126565,2.04510950037067,-0.656174814183041,0.404228746641394,-0.352434078892155,-0.658465350610673,-2.2458085536317,-0.671767302227889,-1.37196014622086,0.147799004210233,0.466906196430493
gene634,0.512358136351329,-0.821189824674846,-0.238752520510471,1.1575963456583,0.0670219645831912,1.33406217187823,1.92730264345429,0.171067346573302,-0.821582473496873,-0.471365815798106,0.271283144457201,0.978358125256943,-0.29628091519969,-0.157866117355868,0.37497347437585,0.253296081514521,0.392889916504321,-0.266143016059695,-0.163152972390353,-0.409632139110691,-0.27468602305944,0.139505075763322,1.10449107293406,0.485440615159045,-0.25856147426599,0.742168979000899,0.293918278440201,-0.139015216232769,-0.154828977841072,0.0531695228460346,-0.404702028521822,-0.854158532463004,0.781463053108795,0.214781034951606,-0.0226077766128161,0.223581394002518,-1.2190094478344,-0.164636949813079,0.363230518400228,0.685532431079407,0.54858796295168,-0.394831473311042,0.793986643773991,-0.37403555646254,0.241634936963713,0.127968793332699,1.3919339535647,-0.14428293474363
gene635,0.0659988181137116,-0.386552577924706,0.623321095798078,-0.466339552869382,0.65620692143966,0.916626529688328,0.0327352031740722,0.269935646659906,-0.406126429779088,-0.460589373379312,-0.804542394898076,0.75632476458932,0.191166438640883,0.33692154232692,-0.0920494551745012,0.443338060185123,0.158943115847654,-0.129430084503175,-1.14866777896888,0.197144425941342,-1.28895567155543,1.263374564614,-0.608545564223673,0.424046421727248,-0.497360623451159,1.48003921885917,-0.178040219315378,0.213075018678868,-1.5789787691464,0.0423885621540104,0.0933865907808663,-0.792522780235095,0.0326783926855157,-1.12991734297983,0.938120166228171,-0.064777238590764,-0.202504696203417,-0.0303765186135175,0.0852221156634848,0.163251870877125,0.0143859353036739,-0.65383765583342,-0.485632620760234,-0.861846583409149,-1.0710157801684,0.782110225640288,-0.324165450874237,-0.596353339527722
gene636,0.332578202586167,0.048677452527199,0.317139565870624,-0.10501987069973,1.55485129963851,0.0281189473370462,0.277687961238033,-0.0592736369299697,0.630055429446251,0.654303221206847,0.451893659662589,0.521014720516476,-0.257128475194812,-0.832359985952017,0.025649964868124,0.0462455109852179,-0.810780836164262,-1.20852476340046,0.354694217817705,-0.429160017268723,-0.244059769654265,0.544379549804313,-0.465228092850702,1.54677396180002,1.10835355559062,0.461709847488559,0.353792669370689,-1.19641707126506,0.889315332124276,-0.145500459539249,0.309521048292031,-0.517873898341342,0.577842746922818,-1.13925555124587,-0.491832134415652,0.282564675051676,-0.196484325927077,0.317103533550807,0.76686558500206,-0.608705183081321,-0.10124064374713,0.257938239448783,-0.099076224340573,-0.19047310638687,0.914139030490395,1.1658861248393,-1.06681363191672,-1.30873835087011
gene637,-0.21014715175484,0.0625933960958704,-0.403952213746943,-0.581151551094664,-1.22745889168492,0.0372639795388116,-0.631454937429129,-0.196383801215936,0.410180379357876,0.146639370647619,-0.571283434913205,-0.137784852868881,-0.517467692701542,-1.79981479666155,-0.242612852532961,0.126645717099132,0.352060393665951,-0.498768575663587,-0.0643972355721768,0.665645787547908,-1.99940109761153,0.686736789865894,0.402487975838997,-0.793813622202525,0.326503580862541,0.311901926537611,0.511810826813259,0.378072872771148,1.32461992940851,0.0679099704386456,0.978331511259373,-0.64581246871278,-0.0941572600286645,0.14376134850489,0.487655614807719,0.137055075392738,-0.129622854030835,0.146693492432839,0.297972665161064,0.363157238242109,0.782679642117568,0.39603983492638,-0.586607805695885,0.237932040002116,-0.665935436522095,-0.0806735877297856,-0.668420910212074,-0.265321548693592
gene638,0.177640363809777,0.36855782232648,-0.152557604292196,0.424689510557248,-1.50271343139348,0.882848358580718,0.996913126448754,-0.868602100215918,-0.848464014118616,-0.268333714312244,-0.606305403520844,1.05773265809587,0.375513856102002,0.0056549584621244,1.04357113064899,0.114268841164914,1.93062174200961,-0.53257300051908,0.0318788020749305,0.530889539124584,-0.0030530558981438,0.0713773357173821,0.15216992210513,0.674269383099437,1.45992749887017,0.200217149780616,0.34726300832919,-2.02491068426278,-0.991068975827001,0.684647970275628,-0.172183468979592,-0.825355944023831,-0.7995354634189,-0.0128213337359567,0.786057730647196,0.717143273294164,-0.373285602987332,-0.0100578143192889,-0.256877401943776,0.37691800196684,-0.273780326404634,0.412099590134142,-0.0240111760677558,0.721674722249593,1.20204241766152,-0.579487586109716,-0.273261049428646,-0.190554903280044
gene639,-0.267427641867011,1.4987535275248,-0.150614833496119,0.343750504648498,0.64458012019249,-0.13948509108333,-0.584029933619152,2.16438182190612,-0.508506758408181,-0.366149370931285,0.0270845685397277,-0.108961466024114,-0.804130826983658,0.180521709789285,-0.40035782343416,-0.329125209868942,0.366670443105163,-0.276112896158914,-0.0912280264759058,-0.530892386902875,-0.200468679856231,0.7008325063407,0.948492462610187,1.36567676827177,0.633781879576522,0.233951931616805,1.05022449746505,0.116240304795701,0.131330237288942,-0.541811272262378,0.809874256010785,1.32756565524075,0.115495406050291,0.889369597512767,0.763045255815976,-0.588073945341159,0.764900130620331,0.468641651416606,0.102065497164731,-1.73778860936947,0.583177096423045,-0.559394120239688,0.890110646796872,-1.21580986455824,-0.589870781787307,-0.63239567439998,-0.399115653566122,-0.730437861226601
gene640,-0.923910511252719,1.19237646248634,-0.396126350409343,-0.442450791244544,0.512347994135737,0.579183444834596,0.276976427312623,-1.17831153832881,-1.00601632521156,0.311395985418066,-0.879339629910378,0.32817031188537,1.84172702007109,-0.282682049112134,1.2202580152361,-0.512570462571123,0.208702164956655,-0.559483263529552,-1.21665594176788,1.82185314232198,-0.236059066569161,0.857933027434082,0.341937330203778,-0.821233691097939,0.0896337898157517,0.229836587027782,-0.189214194655528,-0.172346970927214,0.991794825632998,0.363030332495083,-0.736082800905696,1.03244987150874,-0.52974228908004,0.418644745253166,-2.13493346534944,0.676930652877131,-0.429025547217859,0.877655910050882,-1.19479346625822,0.170385978455586,-0.536299326194264,0.540682555510905,1.2365102801922,1.29831470557903,0.371356601482801,0.967621761591545,0.0482130244954451,-0.905996907660996
gene641,-0.415531684879077,0.718068885778653,0.156303963939798,-0.908568790243149,-0.338830013628235,0.0224360353127389,-0.204725894601558,1.25680571285441,0.498722704949757,-0.567348973571015,0.962684898770716,-0.575046831491906,0.499974042333683,0.423267585567497,0.309761948553425,0.172244358363513,1.06916263734521,-0.327259044316655,1.50199150030274,-0.237906940318651,0.50397775866677,0.389761169380774,0.85646854979248,-1.24515740739478,0.154639755187687,0.535148853778123,0.12243119430522,-0.558159426052146,1.01018240606052,-0.182584195259088,0.354123257466473,-0.923355631941052,2.04823493057983,0.402663733277055,0.221676956406282,0.0029123454609204,0.142588098272569,0.263374400906483,0.71453758783282,0.18817142764544,-0.695114054326809,-0.0078196445263793,1.21118804097155,-0.516831488003828,-0.337944749467475,0.298825766022443,1.07828810868534,1.41675254097212
gene642,1.06421559100438,-0.19343782425103,0.280220224182362,0.775711832858186,-0.665018295620755,-1.76642184074052,-0.570292657920202,-1.21344963977005,-1.08539169795979,0.208828405293261,-0.245529611167807,1.35624950803415,-0.139152377027289,1.08608488320158,-1.09247997824302,-1.11339493295914,0.299903061884675,0.138082197481873,0.196156239069272,-1.17724280296838,-0.739342897371792,0.0763648470579576,-1.0320570838813,-0.827447392817721,0.174420083677708,-0.233259327630051,0.651600086288323,0.353996119547062,-0.0653629603412198,-1.05828478404191,0.265059033572276,-0.294892312819108,-0.398775310366387,-0.144107196149055,0.334536488239372,1.76643770028818,0.573932269997006,0.216860404594012,0.735674517037427,-1.23147571167529,-0.187262952343931,-0.866627055167834,-0.609938083297298,-0.103502130934516,0.439105992895546,-0.183841332495652,-0.0357301283797105,-0.214226192582058
gene643,-0.172341546608199,0.127027559843335,0.935516511251951,-0.235272543958551,-0.560011313005105,0.507883141607597,-0.108555300597776,0.337511636695403,-0.819892390447961,-0.464076559166955,0.695480565551638,-0.133414591944119,0.0697819282106036,0.33435744712924,-0.174521222341161,-0.599968486906868,2.97839683737223,0.740185818995154,-0.563356717694277,-1.47032617385456,0.0860018861707033,0.482639894541635,0.422991976796302,0.982760955348591,-0.203684310139662,-0.233663606198006,-0.269285874738521,0.811688703081786,-0.122381399179387,-0.351232950985626,-1.14406918684315,-0.775677098405367,0.0026395302169276,0.891731127921409,0.734318574881188,-0.518503592367606,-0.44765488386024,0.372941759568149,1.33210536821314,1.48145381686205,1.85309263369914,-0.347514659828931,-0.688048085193134,0.523208759366225,-0.0446208447096787,1.0601745065849,-0.864123024339169,-2.08492575840995
gene644,-0.0778083956536866,0.6783876626759,-1.34072402536423,-0.0281218873936467,0.236863975263993,-0.47195285593644,-1.78834857597004,0.386080754646863,0.413203469391631,-0.162261780475069,0.336430489905213,-0.68539101626758,1.21150637181421,0.543735552620881,0.656087647791114,-0.524550562978388,0.781173654075147,-0.878107843153017,-0.647290576204258,-0.233117425116121,-0.278882911532025,0.516027799212995,-0.0398215364355671,0.177150855274635,-0.625961004560876,1.33366039388353,-0.224712320623658,-0.0730153141246923,0.104341937729581,1.04390275177882,1.33506716534542,0.291864735182284,-0.774883644987115,-0.0291706002220484,-0.380506157923608,0.527727815608526,-0.744454623890756,-0.21285599879913,-0.731957921242009,-0.281771929632113,-1.04863042803691,-0.679026245281038,-0.518634520731891,0.14938791095877,-0.260899272263298,-0.804270964122995,0.581732271723525,-1.37328781079425
gene645,-1.1224940853078,0.319394976499923,0.590437463546071,0.924880453756843,-0.596151418773172,-0.0051114344795781,-0.657104853052448,-0.466422088374885,0.332763297918345,0.155551037261132,-0.614972835848965,1.39413644362637,-0.474200120004969,-0.298286189261478,-0.604018577990463,0.638895692479398,-0.978579953920945,-0.812211369225414,1.35433656371711,-0.560870751902047,-1.40822708471426,-0.157636582986002,-1.48800649872819,0.265108181433857,-1.17374628998189,-0.0224069862744372,0.792439816760375,0.431086178613082,-1.65515818973806,-0.115866388210284,0.204939016555732,-0.0992183102783949,0.249719989373806,-0.332733108497531,0.0753442315627517,1.03691515342725,1.16072195930347,-0.471342437451161,-0.894724636157844,-1.05379906859283,-0.340308470688536,1.115728666157,-0.794201731451189,-0.315301873917498,0.993033891262743,-1.37500339496418,0.6503882580768,0.899191233453756
gene646,-0.844343971621461,-0.315800122470285,-0.983979020070943,1.23675778490936,-0.542188922756085,0.95220543279616,0.688884749852692,1.47466094474253,-0.470827043249645,-0.809350120933862,-0.255140359939261,-0.0399972515469696,-1.02492540009704,-1.31517204708695,-0.458395073140065,-0.472209687752051,0.880733916927277,0.263455951295339,-0.324970405524562,-0.175408142823908,0.124976126147844,0.837598414618019,-0.073924236514929,0.0018999159276264,-0.0569211621844379,-0.220454769168457,-0.120048528226258,-0.04303986753284,-0.0200371497099863,0.243208472978884,-0.192185129679735,-0.604544689231128,-0.629971957560778,0.50249321916127,-0.669511898890594,0.343400573417768,0.696884968288352,-0.0942076770339298,-1.16400145160063,0.932339129596967,-1.57754743505444,-0.317754846110324,0.197621238272703,0.124105652748561,-1.30669957392896,-0.215738614138821,-0.362693665393834,0.963667038630029
gene647,-0.101465354873578,0.18197469917261,0.159526944007507,0.691479971458861,0.970284012836926,0.244713787849507,-1.06624181499006,0.271489805690838,-1.5571899721034,0.54232640237663,-0.216495163356845,-0.614463870799011,-0.228196679566436,0.505597213646256,0.509466127217849,0.17745190420499,-0.083778907022007,-0.996952742277337,-0.237938273634616,0.411744613013387,-1.14084016211074,1.96264322884196,0.727220961841032,0.155511163898814,0.375881364359243,0.588113404657017,-0.298320898042414,1.05476187785464,-0.478397943694685,0.0409504251239416,0.332512024678788,-1.10066806004041,0.310880148660311,-0.739539791191071,-0.856432330215274,-0.38066180170065,-0.244409950705382,-2.0544542440443,-0.177074505590011,-0.330160476709925,0.751669886174409,2.72815346549737,1.24665253797522,-1.15373664594522,0.525482285094894,-0.0936339985694768,-0.836568379609488,-0.631840464066244
gene648,1.20667614245986,1.53093310766143,-0.278808809903846,-0.363187511697218,-0.102073220427291,-1.60778117887326,0.846611989264754,0.81460556104288,-0.513192214532413,-1.204638778926,0.333809702165727,-0.399781298189436,-0.522197440763126,0.338173247561656,0.0632916347480093,0.270723304961678,0.718413518194236,-0.427217969223819,-0.327780832285987,1.5278957847619,-0.74136457206721,0.671720199179416,0.69753930334425,0.0291297930230524,-1.07641462904829,0.126114286783291,0.139798380408524,-1.03179309907086,0.483251237385135,-0.695214577740652,-0.599162692277975,0.499342561270893,0.130560840747411,-0.569883670657316,-1.19460952988779,-0.718365083536858,0.176721819183661,-0.462833950555966,-0.370096202253003,0.80028953179097,0.0773286430872494,-1.20607923636476,0.0263684020212161,-0.0732061682895006,-0.415124511652497,0.0230231951631459,1.87226008303762,0.594541804579351
gene649,-0.493158557504163,0.188458476658018,0.446419469472925,0.463549764024085,-0.57222765858789,-1.36132530064679,0.578431201997648,0.320618671360399,1.24813953408411,0.455654367363622,0.362813669321132,-0.0381644830002254,-0.31608107200582,-0.950689389420872,-0.436451852631505,0.990743875753203,0.106182867531691,0.0354552273558994,-0.353885498753288,-0.109951799410579,1.98218031590418,0.591419643547909,0.238156009459339,-1.15008075777093,0.663554729646101,0.444386724779054,-0.111868637679816,-0.691974867008512,0.570611226813182,-0.230411334552461,0.424255308213336,-0.937997987822923,0.95861817295858,-0.0483238337560394,0.680343534988981,0.262117659707631,0.404545269133838,-1.03166857112668,-0.096632863990894,-0.861657110230709,-0.436206812635873,0.642117733943956,-0.464895697427267,0.828678954141131,1.42859541714573,-0.474153095036502,0.10421555993367,-0.53174718905878
gene650,0.350049512692006,0.357338303146224,-0.535182840064722,0.184832062574832,-0.383294867448494,0.671037896336009,-0.415391156690857,0.0032832670838974,-0.599103817318089,0.181575742219884,-1.46592584594834,-0.0801200933761855,0.973344687021752,-0.641163836845481,0.657710750917739,-2.27534157347847,0.216423095836874,0.532562775557104,0.154796866931794,0.723012869566463,0.995823160937264,-0.74884890970789,-0.290608737051338,-0.113612417767634,0.808364831080669,-0.288639645350218,1.04419341239804,-0.130742270170132,-0.948695178126095,-0.991404800998749,-1.23145552771242,0.849270658259738,0.898367222100338,-0.798681386964796,0.0443678059340022,-0.0728782471648575,-0.327700567497388,-0.398165811463438,0.159637753826478,0.20844386701531,-0.312087517212333,-0.143427682888084,0.595368250414379,0.366391743455689,0.236709371189105,0.0632462772571862,0.733824396699111,-0.914073233400446
gene651,0.192449159278391,1.42816379577126,-0.366730679863687,-0.149005662900984,1.12489534210609,0.573886426326284,-0.211070212199024,0.0531860371342422,0.382163716730552,-0.904560903291692,0.494603486186851,-0.288325376433304,0.348684740683364,-0.25830832878593,-0.9438612471862,-1.75188850661401,-0.30228099637249,-1.27748975014004,-1.36770853456735,0.548515289433327,0.929192279019585,-0.174346010866449,0.512466111229514,0.342809730375872,-0.510336405406044,-0.202926380143394,-0.398375778330433,-0.41278406563591,0.342099788836,-1.2634798432538,-0.203100835007947,0.645920052384794,-0.331010046632481,0.491487157825782,-0.892921047469498,-0.70736309742652,-0.666044745385905,-1.47845071729913,-0.748482335072646,0.24284363812092,0.319337418928204,-1.0155386735156,0.364448597473956,-0.0498993350348725,0.438151765395426,-1.61717669442464,0.443065002164443,0.46160152334692
gene652,0.154736672902127,-0.183868121908518,1.28771015103802,-1.22810190583876,1.17288225341146,0.110538169824718,-0.37532482522633,0.682229917405378,0.470099672182284,0.640810313637454,0.0767641839670193,1.33287874706943,-0.480372064256973,1.66889786606066,-1.39074380217653,1.53764928347881,-0.991646908255782,0.321813636284579,0.527259504614235,-0.623493208199981,0.702306532263761,-0.759525877437225,-1.33618715768774,-0.773860228211368,1.17905284025952,-0.204748339686249,1.59858848471221,0.955252563173093,0.379455655776585,-2.03279842018102,-1.76438992816296,0.0155390660382479,-0.407554979200328,0.913979856265673,-0.945198186473028,-0.923339973045834,-0.563065850059915,-0.250138150238323,-0.293668901592724,0.893821288882218,-0.12585757097357,-0.0561288111819862,-0.737814511295179,-1.4116958365283,-0.184194815002711,0.389242060990449,0.114999557979793,-0.406550701634316
gene653,-0.355796883896794,0.180389562185835,1.10122283176152,0.267231599760588,-0.590897899427968,0.100245386002215,-0.530301800100794,-0.286121135877157,0.721676883809242,-0.0703061175741867,-0.647255877689327,-0.0412501774144298,0.789681429373873,0.327494984260957,0.551941845382644,-0.466966744866753,0.0668315251812185,0.0814334388259156,-0.753845021177612,-0.56134269920462,0.0442531475826513,-0.378345442478597,-1.20894766881152,-0.33580062307706,0.688831136323424,0.48495955007516,-0.371651554650552,0.557395766420312,-0.584435998402124,0.0460990878621848,-0.46780382766762,-0.438738290861463,-0.521027336815467,-0.386785505838578,1.35050335928936,-1.6800376280539,-0.255844982899942,-0.245337871185143,-0.765810086425915,-0.121863665188305,-0.680430799049508,0.0043952151220846,0.63910763926938,-0.0106961799686851,-0.190741162318629,1.31320018201067,-0.712614885522327,0.349427576463269
gene654,-0.0322315072997782,-0.549599282670104,-0.193723963873822,1.07923612694131,-1.40517216004744,0.504431611011492,0.531446347699792,0.55156354298539,0.13503059707687,0.779300284835129,1.44195632220724,0.505898760039502,0.143883920141876,0.0561735253671262,1.0084170439839,0.0503597287182965,-0.924601251802255,0.521750441448781,-0.505027327818078,-1.53905506977856,-0.284005144339498,-0.0854899897529212,-0.607518281842835,0.0512564983909728,1.4104219905889,-0.104378333042612,-1.37470813838121,0.680226586764734,0.675543087664846,-1.38632204864174,-0.707751694003795,-0.866020073173551,-0.972993398185135,0.11777680032351,0.625507417044384,1.50018832837905,-2.14487507950544,-0.356819641777276,0.473752398240025,-1.00253157563448,-0.0534726311265905,-0.227866600162941,0.147267184266181,-0.913403056609952,0.231234354501285,-0.251757438850426,-0.84897798393781,-0.531445129773795
gene655,0.343011563553291,1.02483641370375,-0.547235313509738,-0.633037120173168,0.911978977479235,0.0520958968371772,-0.613410853189301,0.0010292266570835,-0.455919088486687,-0.175097508290808,-0.63254571742284,-0.506652334932326,-0.521084393134433,-0.603559711067628,1.65657866419489,0.439597802764983,-0.250167758936561,-0.846298890049943,-2.33377147040773,0.613067183501215,1.29023253594313,0.867676991437661,0.13967985495852,-0.164281078559069,-0.4886495133131,0.635004910775574,-1.65778529535133,-0.505604496461447,-0.516803112555274,-0.667877904669346,-1.13108584125718,0.685875004373099,-0.29413966978131,1.28534405323934,0.569695730416924,0.581794969353909,0.60047299312337,-0.27829222331848,0.21743436147712,-0.155049876196679,0.503716174515734,-0.0723631121703359,0.3793695362862,0.388358885428387,0.357094237199819,-0.137506303483302,-0.598473338706745,-0.545624239464053
gene656,-0.0738588081886939,-0.651179972871575,0.758260278480869,-1.15102163271109,0.321821653164557,-0.606395040978035,-0.604816370111236,-0.228503036249116,0.0854727901763386,1.05023290382153,0.392501127481929,-1.09819319107035,-0.124220467349298,-0.289689001311085,3.00675543661099,0.440606752804292,0.0510639405788544,0.360491518709568,-0.927847496119305,0.340974227578164,0.72046367156595,0.81142786296529,-0.42386969421629,1.14579493374403,1.2913077494474,0.350468064269354,-0.941791788785763,-0.708489161785933,-1.39643944455803,0.604680950570263,0.216467790113025,0.805013110019009,-0.793506528171181,-0.10285481620148,-1.25606364544959,0.787967642071665,0.931710128849444,-1.95827894276358,1.18093912698662,0.678511749956727,0.64366173735503,-1.1912888581699,-1.05719548651807,-1.27166917783492,-0.728774367416458,-1.25090927124069,0.905276844476297,-0.653963083340971
gene657,0.747219701368775,1.73894161265686,1.48626410561653,0.13183273345012,-0.46483893216241,-0.728027486188625,0.514464456737128,1.53915577078304,0.154299700628353,0.167703253136106,0.0708976992061468,-0.686111736368794,-0.597442351264276,-0.565029843115821,-1.09999687376543,-0.766912642756124,-1.62002393665421,0.256171029131429,0.558731884274179,-0.0854140537733907,-0.760110270593276,-0.0758874652305285,0.676648306261847,-0.452532139382819,-0.328378622913127,-1.03009769059201,-0.484852751398448,-0.645693002075462,-1.42581188388875,0.0837000246075023,0.973678253746542,0.283409451871976,-0.836166756484495,1.97006306024529,0.0915598780834067,-0.53903985449158,-1.48753659277147,-0.105873974834274,-0.916598236250463,-0.757541398681556,0.769581694029951,1.46436262532577,-0.670615815273787,1.67653549443665,1.18236617117515,0.0577086117148272,0.433158689071051,0.0453719318344991
gene658,0.991539926942409,0.200283970354226,0.0241485360186885,-0.0233784673071441,0.14994052985748,0.416113706600632,-0.348887268252492,0.1430340090059,0.48692543774103,-0.330681052523828,-0.279845735771673,-0.0739886545802931,0.490186202634822,-0.277517969636184,0.102163203386698,0.382976335330304,0.474347046848442,-0.127370933621509,-0.344212106970827,-0.912882978233215,-0.550925130709247,-2.0128735832356,0.530875254049559,-0.698185462901954,0.165054438660039,-0.483933594847766,-0.347638821731899,-0.155270552289254,0.48717523700834,2.28043122978587,0.828083982805144,-0.0789712633374988,-0.573043924815821,-0.111135527510966,-0.739095743578136,-1.30646012901291,0.426373748675046,-0.349632892246522,-0.834670009521506,0.142032493543321,0.162363485520068,-0.0268906231881597,-0.724331607458849,-0.800611801735709,0.768433755335975,-0.367024427629868,0.0058874464522758,-0.156723943708761
gene659,0.268352598666985,0.163615790895076,0.183907713236873,-1.16315487269161,0.208722206753758,0.390591881833419,0.231162904898127,0.0390102571524875,0.424532487491898,-0.209212972046139,-0.449585452694165,-0.26026857155806,-0.0357927019205048,-1.53458935726423,-1.59365283255914,-0.0912089096799246,-0.45870945148487,-0.911254213963926,-0.0221738862394946,-0.936311801349785,-0.309815442087076,-0.0048981081901289,1.64130808386106,-1.71825962505815,0.249744341386743,0.138956395096108,0.0092003188150475,0.048588436101369,1.50679235879693,-0.170071467812171,0.350197357125501,0.643858898521032,1.31187275082724,0.236568122203105,-0.796088461564885,-0.805771605111301,-1.47060128447805,1.28319253200404,0.348357512621246,0.233022999242907,-1.32763471610964,0.944147825947189,0.302319275078256,1.095892971148,-1.20369704787127,-0.0056916485825722,0.0637653868206829,0.679556741932303
gene660,-0.344350858924967,-0.776741373414737,-0.594323771600315,-0.347480691297187,-0.309966947281152,-0.0841616609898593,0.438946896588691,0.599315622757679,0.571695288011873,0.317352532576224,-0.670454963836458,-0.691333715193528,-2.38650609114222,1.14652384938525,-0.447568186869296,-0.271279224677655,0.166573779917789,1.01499078945152,0.830495773308498,1.62828111450394,-0.358003635877596,-1.34258054854842,0.0202436972725844,0.460079182817356,0.307656181159201,0.718252761821766,0.75842746367341,-0.739403216306981,-0.148840253630634,-1.2432381853606,-0.65241736495339,0.457970285259777,1.299513071075,0.761713506293685,1.84300367070132,0.381272179487046,1.76106552842921,1.30536738133839,-0.4944265508084,0.0258282903449383,-0.219391269176364,0.334737825550242,0.64337544340259,0.322284817648748,0.994543980436951,0.221347730575794,-1.26089255614902,-0.483244269463413
gene661,-0.220807333645107,-0.292443037971583,-1.04042659389911,-0.725169363908442,-0.241177263567639,-0.112043254658184,-0.0535782657459044,1.14612584742225,0.48976268825114,0.340396475849122,0.200236711941826,-0.260883793671337,0.43377388275289,1.31647889641024,0.560918320392611,0.447928366142572,-0.217732846517839,-0.17840134595594,-2.29532400929056,0.220796401315787,0.0450002519771655,1.13678876541217,1.61421399007928,-0.452692259069452,-0.198787123851049,-0.926439018659278,-1.17203264992107,1.121903492507,0.360906984888195,-1.37474015346021,0.24903971498663,0.065674039523731,0.59908888056653,-0.171835924360175,-0.381183631757503,0.668803173332745,-0.606759261418346,-0.278872261340662,-0.328363866615204,1.07383845865682,0.121721987274827,0.105955785065352,-0.205664345954503,-0.492452991960013,0.149585058156346,-0.318551202550842,-1.07920763861523,-0.0466150565383117
gene662,0.464444943682543,0.293286453660947,0.310365440916209,-0.161278673567585,0.0051696277969674,-0.852306111830474,1.38102513073432,-0.385113531860663,-0.991219591405581,-0.14436796788181,1.42849663849547,0.422599070161219,0.0270027517787728,0.339596668553703,-0.341522322467732,0.0056277470463977,0.844381481219438,-0.217578805356308,-0.786388180481141,-0.396105031352516,0.0381698511824522,-0.81893303130436,0.345313633323612,0.314893060620151,-0.0060866923312433,0.702143736405118,-0.102153145678965,0.475756632517718,0.178448726169481,-0.377169219522329,-0.356362071871448,-0.839105544026741,-0.18264926064583,0.0088028234136999,0.0154559297796868,-0.191648951589108,1.12990481483083,-0.820710019672254,0.420863776094886,1.17861532977686,-0.303622441358486,-0.720372589954418,2.27918948545355,-2.3039672597613,-1.29052213111509,-0.51609453668533,-1.18506989111284,-0.272395508208304
gene663,-0.320929104932537,0.0233514333660198,0.639207614400394,-1.27325709878403,0.159779053772424,0.196602551727673,-0.396334860410319,-0.21213263074053,0.669188680075927,0.546067798359031,0.454636035068625,0.916009538450473,-0.121201949109635,0.250533874972549,-0.4515467621515,-0.253177658087607,0.87777885285667,0.505433796790048,-0.69168650052032,1.20003468294041,-0.454400760542157,0.0588513391599406,-2.27460876178353,0.411138635413373,-1.76785383076919,-0.0819233783322358,0.556062081466089,-0.725533965203788,-0.976129549149864,0.931632137474827,-0.427339817314206,-0.648022386324824,-1.29609052485649,0.173104170211478,0.951600769010645,-0.423470238624776,0.499312712760212,-1.37659231310654,0.773333297213063,0.486044082609606,0.0247311581582519,0.397488497985807,-0.711452712821942,0.43315097502466,0.0202144896970049,-0.982276655412273,0.354781392722091,0.144463555408017
gene664,-0.120331690266102,0.0041844036905692,0.81664670089596,1.73497232623024,-0.256006077635125,-0.359221036317429,-0.579362391927488,0.173761657055364,0.927399287372528,0.563363374122328,-0.399985916740036,1.62401851640953,-0.330225290858664,0.445220043548661,0.540260081888625,-0.0969498092911321,0.345830502375206,0.0881481052283922,0.232867441352931,-1.24426185413687,-1.20016017417169,-0.116641133668953,0.262616162800627,0.828555059021484,-0.587465861188068,1.25789576244218,1.03146475133226,-1.16004913069982,-0.323661195029945,0.522021935953788,0.365809148149248,0.283122584196476,0.370337442866461,0.0529436010456583,-0.0556622942372667,1.09133337439335,-0.484194364442174,0.162256578308338,-0.131294668365899,0.972435103054245,1.63036029304306,-0.164842248227176,0.0250080745488047,-0.261408889173652,0.064060215189471,1.15310191276259,-0.124383105189405,0.82094300774943
gene665,-0.313863774623044,-0.210383744403715,-0.31480233839339,1.04066703219976,0.390636524910957,-0.230268802936066,0.541703466767478,0.0013737301382823,2.1188799769004,0.622897147062889,0.122505181524838,-0.263519972545688,0.436498983020902,0.598942972261524,-0.972640918667548,-0.217044565040393,-0.94741580844002,-0.247659396150694,1.43121774581424,-0.274641249373495,0.0122019696418516,0.588249124392782,0.173996033589908,-1.09678927605763,-0.009066690903951,0.0713124124330116,-0.584411398192739,0.731361219248931,-0.456447113291075,-0.0549563337313457,0.0751672198540413,0.395163234618467,0.0904953269084626,-0.358939255542726,1.03756856706741,0.612875863324187,-0.168024459129274,0.67038344817133,0.767449346745259,-2.0587211946827,0.187645186085755,1.72762261450855,0.527751188484448,1.13897789138171,0.0629018001578371,1.06146787965799,0.329535227266065,-0.163433517282476
gene666,-0.821737366871887,1.0027752448136,-1.06613443161348,0.754477724304709,-0.413208129917961,-0.779015626627337,-0.360067776586401,-0.32765931759661,0.610532010648875,-0.813515380056751,0.0058558471070117,-0.308841886012207,-0.857011165724563,-0.42702736986476,1.01471983196883,-0.577291986275455,-0.0063870621802032,1.12380756866784,0.278195639846864,0.354251101271086,1.41499896469173,1.64911934548404,-0.428611662249835,-0.165246226204791,1.34642635978588,0.53709876010838,0.234086768474848,0.744535248420675,1.23495241999849,1.25240313289086,0.536139000213711,0.373304695624885,1.5632959858536,1.22471577153324,0.106743355982762,0.68994296732987,0.434995440723154,-0.213028322210445,0.731279488412431,0.57210020551944,0.287695202172608,-0.412907446993991,0.290050324262242,-0.555265808227009,-1.82498920405248,0.108351421105919,-0.0614825749384093,-0.736946871200576
gene667,0.982648874871187,-0.656700989667822,0.411477993638239,-0.135290956935597,0.345790718099182,0.419210610838515,-0.108289112888257,-0.0175036053085631,1.60448381630522,-0.300449086413978,0.0184063839499534,-0.262596437657443,0.0774063244869372,0.349616508529427,-0.365113827162913,0.655788950064953,-0.570161546698691,-0.202448432059408,-1.40453308760187,-1.88221213562002,-0.0130219759699691,-0.139638172991,0.818383756791501,0.419024837785488,0.643410046284425,-0.380307035992375,-0.235986535492306,-0.204850245629758,-0.019951735556582,0.662327051409354,0.796145321803726,1.18122264662466,-0.418103530024128,0.506606131268116,-1.20210875633119,0.157317032858136,-0.115563391608606,0.926006515402044,-0.0249191308754835,-0.357716541370127,0.391277771966969,-0.25939755278203,0.185960828072874,-0.252263091153654,-0.250567879233973,1.67832326270811,-0.293174702576943,-0.0926530560656126
gene668,-1.26875368386893,0.54230622906603,-0.0346022572532621,1.11254069474622,-0.167483521146428,-0.191836083911293,0.116586165537991,-0.611958326766044,-0.684572776717073,-0.465594159606983,0.158609496865839,-1.36320311213464,1.22365818199615,-1.19055352673273,0.158925621344848,0.212020504262952,-0.257392551344356,0.716892857297976,1.31499493909834,-1.43413373778229,-0.522713928709113,-0.19796138080783,1.47862489554708,-0.140635564061551,-0.561483117239195,0.45851654317302,-0.31115190832637,-0.325080532899715,0.359692076164885,1.3785907621704,-0.673246286261208,-0.756080454406902,-0.156608815655909,0.0430182233451659,0.734419331138383,-0.0560416439032729,1.20675564527056,-0.239133910273875,0.136686069598775,0.508559807213124,-0.495820864023338,0.792388827339546,0.360682033917191,-0.209807350741858,0.55740076602053,0.93507182251862,0.935435575667414,0.687739778597128
gene669,-0.30190577461682,0.110666540980913,-0.0933738874293432,-0.324415002516097,-1.12410829952085,-0.880882540005109,-0.827757135130393,-1.14996253172245,0.312478842177444,0.717962267222034,0.450631858804032,-0.236889410559047,0.0400221215969129,1.28083735903422,-1.564717233856,-0.192713795066577,-0.548719005653591,0.841848949670531,0.0003948206019699,-0.0489675324378307,-0.359916469951831,0.399766740934052,0.295194824447174,0.747016324696904,-0.391720624668077,-1.55967573226617,0.984150522681288,0.515628970775002,-0.0913855607678886,1.41278003132043,0.845202644516435,-0.369124422459563,0.518423488059687,1.68586574739016,0.154101417821871,-0.144712690365887,-0.243804129983896,0.351330769501765,0.303627480056903,-1.79361424525523,-0.358117452270595,-0.520405944829143,0.0043479162592708,-0.0907917218088768,-0.0421291809343417,-0.462809648275243,-0.393809800538671,-1.70666013517057
gene670,0.036128968397369,0.0127142773034072,-1.22961511564294,-1.27911103109566,-0.71234223363042,0.0521056121937328,0.184232682763375,-0.077091793913557,-0.373121097684601,0.246644250022575,0.838124925574335,0.0126507555503026,-0.834466386922744,0.0224733068319214,-0.0246097485607774,0.350223097728436,-0.781040601387014,-1.71600570020634,-0.466104255042323,-0.760011120631442,-0.548879589122029,0.273735077140059,-1.02562005428083,0.148255787808243,0.135264975270524,0.572096028898534,0.412890278402047,0.11218164887678,0.384361995964973,0.129241596853792,-0.497982411250812,-0.0340569007381053,-0.392483692010601,0.589600080799368,0.0393001165241294,-1.29107777140859,0.0489726328182117,0.896700433839977,-0.127507374431014,-0.164851863470588,0.294873323222309,0.371868511141657,1.4828965257854,-0.345171157104612,-0.121723087604618,-0.3458037448099,0.991238436329795,-1.19544645629565
gene671,-0.243416185555354,-1.14049383980047,0.0753471051761521,-0.276459019199751,-1.71428281557881,-0.78869283559507,-0.0351064101822077,1.30758261371722,0.771224419733309,-0.793511910787472,-0.434374574045293,-0.223008911693866,-0.029079351475679,0.327291981918866,0.614295774240082,0.166541639646235,-0.189365090552437,0.535046082155235,0.446103724968586,-0.803363610818535,0.648730057654681,0.257354787848863,-1.54214407298033,-1.77932764539369,1.25671097369197,0.744068647195031,-0.078977196878379,-0.134806280184991,-0.0765914322733077,1.10112606948128,-1.04183313790034,-1.29740566204672,2.36083354743068,2.21087701364512,0.0699662666114199,-0.159595895997398,-0.0243082526425219,1.09093480401673,0.0352108936920434,0.0486958427851868,0.845552953411789,0.508255514381772,-0.544506489279214,-0.902548818870928,-0.173573733216941,-0.177868440983088,-0.889196976685831,0.973287810723815
gene672,-0.714595623686843,0.24151005470359,0.538482309503518,-0.639367051975002,-0.147611641446034,-0.610623448919429,-1.09834928840576,0.0060363793452653,2.0804438604529,0.0725644212094696,0.58559204298094,0.0457094892660686,-0.260148597916059,-0.626494807261777,0.551875517706894,0.405465788927073,-0.256450538835711,-0.550552166052586,0.152557188490548,0.705493407865812,1.62223125720911,0.85112050157356,0.0663387849259832,-0.290066680992047,0.0854116732257868,0.61386529262822,-0.239084834319528,-0.531010811133438,0.0761404315630409,-0.547366837839357,0.238940035085166,-0.651733377466228,-0.46619846139408,0.906771775549917,0.0126973712662383,0.173413387807185,0.8503530884621,0.6365425146891,0.534836948155235,0.103115715023571,0.713416574660424,0.562756243957826,-0.173298466463139,-0.721757305963024,0.101173253006604,0.0521433091961117,-0.610728071990905,-0.113981085480064
gene673,-1.57165270983047,0.78738457469902,0.131446966736831,0.0865233769019242,0.972009772518337,0.414265681097735,-0.311954156917004,-0.451955483680672,1.40556831316692,0.158191089390163,0.0375704949767927,-0.383042628366386,0.970715237717444,-0.0843056166057879,0.725352988833158,0.523784818645157,-0.499412064843528,0.564793282232588,-1.99932160390735,0.895167312617905,1.35655326073941,0.694836490877622,1.28364065594345,0.201448607083572,-0.227506576275472,0.773230030872817,-0.218278839098655,-1.15091103955756,1.32707692344449,-0.476749507929176,-0.528847401330299,0.287621766132779,-0.0860795316822627,0.709343827264581,0.265953140401355,-2.30920786049716,-1.10172153945048,0.215417308559911,-0.0545521148746754,-0.541361486929761,-0.646513886649848,-0.326312982904288,0.139203521395539,-0.0670181095201085,-0.473707999421247,1.99239219707559,-0.246982972313744,-0.779897277912182
gene674,0.186746022096316,-0.530645681974852,-1.20739679177152,0.136991958871036,-0.0433607664249034,0.181749663490545,0.379817504740488,-1.31833160033796,-0.467094906105962,-0.497435513254149,-1.03263537021134,-0.348105507011974,-0.961304554436023,-0.313773149803612,0.277484377287358,0.0212653238253078,0.698062190589916,-0.868620673660221,0.317060066467674,0.227590356992702,-0.13721199828224,0.592500847626343,-0.342292906949403,0.323470772435533,-0.521897497348038,-0.325976066152143,-0.833694373711479,0.0949221650933656,0.690563308629209,0.556878837880804,0.330869574771178,0.841165012050065,0.100983777708337,0.697578006282396,0.844745522001946,0.290523778301762,0.150618336156078,-0.47346339589534,-0.96206045814479,0.710025421621207,0.209502822600036,0.719994725362448,-0.794938987543016,-0.645150008325089,-0.0375913627191413,-0.649335740412841,0.0977860063723524,-1.3734136173302
gene675,1.14317334152402,-0.152090261144534,0.330718193419055,2.12360085307246,0.346216237774192,0.579100940399294,-0.0279565041484513,-0.644058381813572,0.416762678332802,-0.129506202963013,0.657966084130168,0.317343529807569,0.494411355272684,1.36278288936508,0.372950381351937,-0.161348065812981,0.434803462489425,1.46367973167708,1.02033082455347,0.378172547446902,0.268108194194789,1.52758535358595,-0.88581337865732,0.719827931824721,-0.604579785696358,-0.357149507606954,0.438295657721408,-0.494481565145445,-0.762173117496052,0.749269186292164,-1.23314401381133,0.427770932501931,0.108739728325403,-1.47126883234337,0.24406282939706,1.21348562454633,-0.401033054814865,1.18979950447909,0.793628078488689,0.26652586089917,0.96517527544155,-0.746317829984817,0.73750139732375,-0.294337654882032,1.14574438511356,-1.07275145728171,-0.357261443115046,0.634895764003482
gene676,0.0296166212420952,0.208097076043518,0.165707616054736,-1.2449697698746,-0.92712265998065,1.62553640734898,-0.61037977149022,-0.251440245756507,0.783223675343482,-0.358791199404325,-0.123403450107027,1.03263547126338,-0.324241110923541,1.13714045782504,1.84449245990767,-0.338102576417504,-0.535770501086081,1.21813335450137,0.26957528735659,0.753982778374296,1.10042454586791,-1.21183653825044,-0.126416752006243,-0.428330597476477,0.0617258755838142,-1.26949615439027,-2.21908469687318,0.0653345370620333,-0.594430305349358,-0.114426579622684,1.12440228601907,0.30293474473138,-0.608052962334159,0.223912718898516,0.579302785995282,-0.272605401019159,-0.375946181639701,0.669065117372569,-0.70462616432893,-0.18413034726335,-0.92729518630195,0.62501397737551,-1.68988433442895,-0.332895576223346,0.23643401732479,-3.66145692524114,0.135564260724264,0.61034978212905
gene677,1.60134987709994,0.0367130272800388,0.194029110098613,-0.286104354427606,0.432084303546955,1.02074317406074,1.02024734616597,-0.908863322931462,-0.496347230782251,0.302359099172191,0.126509796358639,-0.529431522637221,-1.6552016720658,-0.275986978801823,-1.19249879770656,0.437427692582007,-0.505812076220262,-1.7473841500794,0.203070254521738,0.525248197582295,-0.588000370974161,-0.962127433480724,-1.21548122135787,0.933988022251786,-1.36859355102518,-0.605251264647186,-1.31101399586314,-0.099821913951077,-0.242959756247242,0.964259256560607,-0.12997039189063,0.157768091549709,-0.384957975412736,0.516898960935804,-0.767698943239943,-0.789151270086902,-0.700112834186653,-0.0018423343871937,0.692743780387607,-1.45577938915453,-0.710232143431047,0.409967938505941,-0.239223880918852,0.155635993576012,-0.289704545081003,0.805731055324995,1.01438702265146,0.502066122333037
gene678,0.13390747815919,-0.0750718076233039,0.240970512529738,-0.065851501459883,-0.623530711799434,-0.155219039691975,-0.715268433121952,1.43424684237063,0.976465285619762,-0.557970802511322,0.266793081639711,-1.48599859338102,-0.216013559088004,-1.23289870532487,1.18714484272837,0.68176220461254,0.575733710219807,0.0732380485785637,0.302930838760863,0.326155420943248,-1.74949076537227,0.891517191686435,-0.270585117269523,-1.00873977672545,-0.535109069728977,0.0846028673013729,0.841054530844702,-3.31782083810529,2.38797828423501,-0.419822904952226,-0.172090898048914,0.130265744619053,-1.12880369608577,2.04971186977258,-0.659023978590125,-0.0241562658390473,-2.0790685403007,-0.120452898198084,-0.181785204847195,0.367470133160414,0.192618612828925,0.404550080531484,-0.385040594693208,-0.294503636546351,-0.746632422986104,-0.84600324478277,-0.439603939186571,-0.348597083803713
gene679,0.65313436532355,-0.0133589168526127,0.838528936368385,0.144422004969719,0.584623451947561,0.489497644589001,-0.664029015543693,0.189804476782974,0.0194916292036095,-0.267753563986988,-0.258191943703676,0.888379081973338,-0.452850426597898,0.176428334746968,-0.1210987692818,-0.400207867688808,0.607835982707364,-0.522390684115129,0.722913801367105,-0.275187851609591,-0.144970655151953,0.21265564300606,-0.541464233002804,1.55280019567907,-0.634642530142303,0.310984828908896,-0.397088525851033,2.16387168795106,-0.16455129651034,0.512117084023542,-0.642772767202541,1.54451817059227,-0.210236680126854,0.0460808714722229,-1.30976781240774,0.736580112450269,-0.96752108027741,-0.0096680703555214,-0.138296558518814,-0.506597010151509,-0.489347035765027,-0.0323633686685693,1.36743635971214,1.61289858873703,0.652251741248114,1.56296495072077,-0.436908813017376,-0.255945068295895
gene680,-1.22671393037332,0.798346896788433,0.212253745176305,-0.298932656060263,-0.777972441380082,-0.708213706280166,0.504810148688872,1.41600874498921,-0.863935026887751,-0.131648181084952,-1.02863175665015,-0.762265202677603,-0.0982368664380515,-1.21716138154084,0.364056613784211,-0.859682505243171,-0.747248511792947,-0.143633778305974,0.319306689137411,0.289220400890215,-0.199055989497726,-0.491786019094751,0.474995510638977,0.19055378836669,0.633569377961678,0.796846971429563,-0.0498773117099346,-0.675456656603656,-0.431012858106667,-0.561307346440704,0.0259766881483912,-0.865684437298771,0.788009228288964,0.101865059453713,0.571556582316929,1.00808406173472,0.39248719521478,0.789404700012454,-0.521325641855179,0.132731691467118,0.46412908031462,-1.12430944854793,0.428696341168841,0.600288708559526,-0.345391899316027,-0.191177568347413,0.434575213029112,0.557309219496496
gene681,-0.128244003653266,-0.0863175386867321,-0.513504448926228,0.418016044737754,0.492486379485542,-0.657175210217175,0.473132211673089,0.546869690361785,0.809368595633759,0.740382213514111,-1.09382583791897,1.07940825924822,-0.10810953774855,0.645854191464452,-0.733468421701459,1.27676601571619,0.149475782079996,0.587354425830588,-0.0455210008335432,-0.578447939555105,-0.312408982830594,-0.364938239269347,-2.04059107197498,-0.265049633406024,0.397828759309888,0.629981663718423,0.938466064217701,0.132191210574247,-0.686455033370884,-0.279457618208716,-0.55679526585995,0.113134750261081,-0.133497659993061,-0.38693783104636,-0.507603716634258,-0.161150987555911,1.03311193748746,0.162723770448491,-1.0991080402316,1.06547541056091,0.629576373252182,0.312543333379936,0.0305565404600074,-0.487923568956983,-0.234742986516304,1.08431931368418,-0.78100545328856,0.376917012108112
gene682,0.456496051602115,-0.458968620574856,1.13529478687257,-1.47629726708096,-0.67038975258742,-0.0912433161593944,0.508664277535673,0.644163369831317,0.373153039732441,-0.229183443494024,-0.218905048313232,0.850219828256616,-0.435595916213269,0.24333815855983,-0.146196701603474,-1.03423435352578,0.122593995422647,1.02084281068415,0.110610051751759,-0.0844269973888723,-0.118953595862096,-0.396174474826693,0.297207492547782,-0.392960595310574,0.613889096906567,-0.926411647204095,-0.166962573710078,-1.44527345702455,-1.86403192819976,0.705571578757303,-0.713852475913866,-0.448747365534617,-1.01964989692258,-0.773733818119524,0.958753334541265,0.106164794157768,-0.441197539687041,-0.358822447576702,-0.416619568976898,0.258689084518293,-0.255452974140231,0.180703425706576,-0.279021103910044,-0.359180266590317,-1.02201414176474,-0.140915077606165,-1.17086009824897,0.538363474951877
gene683,-0.399528091167074,0.160804671317557,0.428825340247252,-0.746461353733492,-0.141214634348378,-1.04069756194748,-0.0249750090702733,1.8176251546243,-0.667686380252628,-0.330881368180028,-0.326203310715497,-0.122111578214663,-0.264412783398765,0.595395417012714,-0.921947626203047,0.184788650216789,-0.301676920605625,0.145021491687833,-1.10564666344302,-0.628532221311839,-0.332274614291186,-0.483244543784753,-0.25867208842934,-0.667389226560158,-0.48713537513194,0.136582901355122,-0.819198987575309,-0.839986178892116,-1.65400388718368,0.128042902418723,-1.03923302071468,0.262123943191464,0.63701056984364,-0.49214622153316,-1.01915693938087,-0.328677345652663,-0.054023221028316,-1.39578269916929,-0.800154347083844,0.206833370614393,-0.061113522375921,0.577813875272683,0.007250632048569,0.044256961564813,-0.139563595985205,-0.207609328552031,1.03653402155183,0.302088089795968
gene684,-0.404090352854802,0.0464450017780466,-0.22161914078755,0.472973937256566,-0.840562736925843,0.681718822170072,0.930606411545089,-0.432465614267472,-0.0547716029691887,-0.290776178650312,0.204925200547252,-0.815467698341622,0.418360991162977,0.854370631226101,0.424672213942395,-0.512651702030459,0.822970391337741,-0.0643982848355583,-0.275322048586817,0.0499709490560766,-0.934348288918138,0.0906619169127163,-0.741822350053914,1.74232733864238,-0.494085293769854,0.223082248966956,0.38466932310112,-0.41897536741319,-1.13324331660485,-0.229885431278018,-0.265194282908998,0.317794169927485,-0.389945118324137,0.432762816987508,-0.682650165254247,0.383530520753912,-0.0524735855449143,-1.17326188909308,0.121055419619488,0.616033496127654,1.00293381815396,0.486198153384453,0.395537003012934,0.547221899496176,-0.593948882971693,-0.166099697786978,1.24152864286886,0.371635414737017
gene685,-0.100934801717316,0.761595445054525,-1.01217748992264,0.790045946066842,-0.507521074697599,-0.194584383566015,-0.154140379788148,-0.948732106786622,-1.13876982949477,-0.233354023293425,-0.816210798299846,0.185377997400543,0.966504176934203,0.719354784283529,-0.655137424344745,1.17106586111335,1.07171250969753,-0.0326691468654843,0.450600788975548,0.24480714331149,-0.522750953743245,0.480100750189412,0.922233763312818,-0.396285316799125,-0.0508787731054321,1.05850152588329,0.696745626831752,0.777684906682639,0.843618143131531,-0.231331373762044,-0.0837007236126877,-0.542943535956357,0.197342935739291,-1.04130003602593,0.054359717215751,0.55780212926942,-0.337403679781519,-0.494111000786155,0.200328928788437,0.342721526375341,0.303467720860287,0.673235812287073,0.322279843739448,0.540241706982157,0.679588829755715,0.521403707432952,-0.554285473779853,-0.35886354784104
gene686,0.831361979512341,-0.586719933985842,1.06902726615866,1.02775559302828,-0.0007941370169968,0.829176581295934,-0.366591367520929,-0.0580015347250618,-0.337791191284734,-0.0946178200449079,-0.382559972314438,0.671331737360999,-0.119936780156272,-1.41822688763872,0.195097173015312,0.977781171666556,0.326591005180845,-0.0657589400317776,-0.486868489608592,0.77156521886928,-0.197818322411091,-0.107722928925959,0.505909309282686,0.376362659272706,-0.95070655719863,-0.809343417372991,-0.395619787981193,-0.646978576318352,1.31953485164043,-0.255431578582373,-0.0047120216915327,-0.217481670771368,-0.588216076843708,0.139339880455374,-1.24079029811685,0.184386815743117,1.14596918785898,-0.61388329658131,-0.537912170100036,0.284364514368872,1.62859049719005,0.565949959662202,-0.221813584176305,0.520213222100949,0.0215469326608016,-0.460863368710439,0.590047638277754,-0.07695664214666
gene687,-1.28854545251594,-0.815498512354488,-2.71861795419685,-0.726229417410204,0.633643862192592,-0.749786841627837,-0.639019526428254,-1.67206543277238,0.281807112294623,0.0028637675277052,0.476718384748289,0.698663025956839,-0.338888929121274,0.749593840824729,-0.0232564142515803,-0.34350939588224,-0.22236565099241,0.488472666886935,0.15406891575146,1.1612387157968,0.763993627820384,-0.289733048932493,0.944373636312058,1.05717397521774,-0.809528576571525,-0.0462542351500912,0.129553561823705,1.56829508863827,-0.253404658819267,-0.185407836433403,1.1398970073672,-0.129280198424965,0.481765754269418,0.0178880196545351,0.715316347570191,-0.189266199587788,0.0522679408325463,-0.262696390435695,0.757182057299718,0.122028330745344,-0.649687290243979,0.782457382056682,0.534029177781827,-2.00648133582112,0.327935275243193,0.53553797240414,-0.45311245392259,0.585852214429319
gene688,-0.933294499555133,-1.71439562167276,0.527961536050811,0.49977222325207,0.537106604167834,-1.08464782580632,0.187946449514881,0.834541755318394,-0.181097501748226,-0.383731408213129,-0.161312037988319,-0.650247298113899,1.43058197631554,0.876569617557939,0.763726325834993,0.565730332759397,0.265399438947334,-0.372318808966456,-1.04481162399701,-1.27640474274586,0.142067956295394,-0.51153405002525,-1.0763403928595,0.421619146111164,-0.0021685768486472,0.263636007494211,0.59831971922453,-0.466703041351237,0.758586009598233,0.502705475875138,1.07730205353959,1.11919369744307,-0.738012146167837,0.410847151350357,0.280730673613091,0.768307160138899,0.0912709677687975,-0.904669960046045,0.63302435633251,0.0209342259883074,0.457290264629574,0.022826974900221,0.421241115143449,0.118646463312278,1.97842214354067,0.639586322713595,0.952677551126978,0.0844609947491641
gene689,-0.355561737457331,0.627615957196857,-0.344232055978139,1.16681273863082,0.306304413425156,-0.933197388044456,0.0485411349377781,0.526520936938202,0.17905372669417,-0.0831040266295657,-0.164922713722711,-0.120677254012714,-0.115692636125444,-0.127725198100247,-0.225064640665847,-1.01370193087566,0.152830980990373,-0.824886329026628,-1.06303340725928,0.819705153976094,1.23803557112965,-0.45653759312854,-0.518592379412374,0.337907317614394,0.210916379578756,1.40026002711455,0.603717896503089,0.378308626121203,-0.42622992072474,1.6194670494353,0.0449770055650791,-1.44248040651161,0.518619327117808,0.826315469993412,0.200460510666925,-0.702604436146803,-0.443484088788864,0.606645408079399,-0.646392013051993,-0.67166227663408,-0.279503877427443,1.18079151316691,1.67128772280543,-0.91732591309248,0.344670429711998,0.94465964513758,-0.0937687955286559,-0.195476251454157
gene690,-1.0835864963593,-0.438170872830312,-0.408649373546225,0.917874836944161,-0.88952481123563,-0.0988528224412589,-0.744791104086091,0.571733913071851,-0.846107693216294,-0.29443809508152,0.278187532918652,-1.04850006657629,-0.459706124686285,-0.503811798742792,-0.0038103532957654,-0.273759113763023,0.400719811267313,-0.960658407284198,0.226711925255409,1.35806052354364,-0.256427441925982,-1.38116999717969,0.754961644704845,-0.362391799001738,0.63215786869108,-1.15221005435302,0.489353668497381,0.449597873076047,-1.01247488113936,-0.209955716021714,-0.0421579070823071,-1.27466919089439,0.46017595611134,-0.519492689384668,-1.09988160846684,0.149465399917706,0.248343367755558,0.704138529939628,0.725367408221169,-0.22324115407617,0.488164713604049,0.0992588924802923,-0.173287214792697,0.850190660531381,1.35329780859281,-0.782337029725581,-0.5611000202349,-2.5219543928744
gene691,1.12685754292579,0.974450504928015,-0.620488104816053,-0.618746063198196,-0.441825345845995,-0.826592821611012,0.442135913082226,-0.0800103534079809,0.151070833091374,0.0507935366632023,1.44683232972089,-0.648994237233062,0.637068184954444,-0.582493973763583,-0.149415516220173,-0.837353224913264,1.09967138586729,-1.15580867285201,-0.916373561594982,0.0927774702299175,-0.0671181964199116,0.63516960184387,-1.09737541013451,-0.277053949443188,0.0461005616161948,-0.0171695808163108,0.698264001365436,-0.718422210625917,1.33203186289476,0.958348811409756,1.23405639943218,0.0289838275871652,0.525820678476905,0.342871281724224,0.0375316865873915,-0.677469881606717,-0.399653203883937,0.0875988974569362,0.0078269639784428,1.00906426653696,0.757933425479915,-0.401461987577489,-0.239093680437276,-0.124288928834649,-0.622911448579412,1.70842393452557,1.36203676582102,-0.814599316635603
gene692,0.237350024575093,0.516219123170998,-0.448330249817287,0.36984290800789,-0.684259024543807,1.06759928755268,-0.67523466640966,0.720944060664976,-0.178065789260099,0.0580535175638669,0.169847957990043,-1.36082394335204,-0.154742064694959,-0.172809418554683,1.38071025234116,-1.01525158728303,-0.595409072210561,-0.253154190729587,-0.773563694445497,0.750437235841541,1.18104424127839,0.339490629067508,-0.207500608912772,1.17243374947461,0.132500686221731,-0.664676903007305,-0.729365941914054,-0.126643479048443,0.147758230705607,-0.36112622075934,0.403816836568743,1.36612925748732,-0.079350048943536,0.192873688665867,-0.290346297315801,-0.0992787069314082,0.85059673633879,0.67994899364278,1.38908973933309,1.18101889573601,0.0596231529997206,-1.98073841026437,-1.73185181946438,-0.312870754387581,-0.940181829504977,-0.163696393584644,1.97102677253643,-0.535893894808725
gene693,0.624869155531483,-0.475376045012606,-0.649864951120598,-0.712917158937378,0.528432434096825,-1.23494525505482,-0.601012123934872,-1.3379440914107,0.382488323619968,-0.0365774894958404,-0.390945164962643,0.408251354678721,-0.226219405046139,-1.02643352867684,0.837220626042126,0.496427735526288,-0.559130026874311,-0.715017737243032,0.359926837635323,-1.3847107437911,-0.89598690413728,-0.212176493082179,1.44392421113572,-1.89657173211849,-0.368149160997742,-0.197931042775163,0.93823585499672,0.335141194541104,0.845496684874574,-0.153461430887106,0.354203939742025,0.0665746116731362,0.33158825018296,0.353972153258584,0.1824982874664,-1.36524627059807,0.819600517067179,0.342716035072435,-0.542916137233824,1.40062873412942,-0.666161791537282,-0.0181298571809376,0.089901811385313,1.06916635622212,-0.39465513097474,1.06797722359484,0.521156663670871,-0.709200404670743
gene694,-0.275835677477829,0.367848466658776,0.492398466901881,0.945311034510046,-0.503305628678247,1.28614007079611,-0.139657376223059,0.440991616202434,0.0380414237520504,-0.0768589558805049,0.98782491190435,-0.714720890529439,0.190523127657336,1.66908779074591,0.411262734747449,-0.32920067076217,0.0776688156043256,-1.20018107283424,1.5038762627941,-0.505520627864639,-0.0454834324903602,0.764897404182788,-0.260015553830693,0.540328128700625,0.259059489794029,0.323501955155999,-0.673111132640029,0.515214699982867,1.29041045282157,-0.669356523180737,-0.318308309196336,-1.13691046993065,-0.701026186672788,-0.287386161642322,-1.05793658357817,0.0622211110924909,0.439268635812781,-0.0347665965812247,0.299159870966722,-0.189942051873565,0.514675409251611,-0.959821461479785,-0.224247373747453,-0.0005445064288928,-0.0221902631836139,-0.246248559067491,0.206109997115732,0.783282997381144
gene695,0.994336193724963,0.084099933034488,1.70898474455415,0.695062010328094,-0.143268595275405,1.13159410909003,-0.276507628554541,-0.523613894776994,1.56246081106291,0.0810061525461263,0.14313897574699,0.727682935129989,0.673489587081699,-0.322837787244019,-0.665411856479092,0.865531691254363,0.561961621399623,-0.38742675400205,-0.592849094219953,0.31533546533226,0.250338958775261,1.1981706415156,0.870420296857385,0.0494712009884656,-0.0609656692992057,-0.665479558732121,-0.482879882666152,-0.99073449488456,1.90093395933101,0.19757797060143,0.228133183024425,1.8335435923115,0.523744698152564,0.0579147346676749,-0.637594314485884,0.0260087565652094,-0.589880973778686,0.0312804058875806,0.308661983985257,0.407424136195402,0.578153852130136,-1.07771202286762,0.634540628663955,0.912728546094851,0.224666892421251,0.126880675352447,0.0278284516794386,0.202887876242635
gene696,-0.484073676607235,0.0033313828354934,1.1480161512553,0.107969662660144,0.820570852724388,0.233581970727007,-0.881171921182388,0.510454791381996,-0.391706935369295,0.168251491698463,-0.639969042398239,0.40580762514729,-0.4550711544207,-0.508143987620329,0.0307608077335204,-1.21945824473896,0.651248857854143,1.30835862442603,0.992022517165153,-1.04750438271817,-0.100816423712605,-1.32337522805771,-0.998008188999132,-0.149194752986335,-0.462623159656682,-0.200730291651845,-0.4094530771615,-0.102997113872945,-0.228888034903065,1.36058490248998,-0.581447546820079,0.161232432965572,0.239687550651724,0.518725198014992,-0.185254075983429,0.450809883638358,0.050140881465192,-0.738869021671296,-0.244623314569285,-1.13555126793076,-0.290580150102045,-0.304666491662509,-0.0267666274909259,0.239590788059826,-0.658506495278234,-0.257417725742461,-0.692861214398541,0.197267744590261
gene697,-0.53467725357406,0.282368952576207,0.196938846624689,0.420548764649375,-0.046596386995078,-0.340019155413107,0.046939623491101,0.79921252336784,-1.04513738105184,0.325294505368432,-0.477972563760282,-0.731426391714724,-0.466288614121712,-0.956673390849663,0.652490119027127,-2.15013387255027,0.293873670659022,-0.434856842297749,0.615871600273882,-0.697504567449882,0.455556205594847,-1.4552582134889,-1.24075770757116,0.563939818088003,0.0062641627150075,0.515012714608022,1.30138409910948,1.09994693027938,1.69436133858221,0.19068889002981,0.761128833633122,-0.349232000001695,1.19925623689385,-1.04579421436532,1.2063480384169,-0.225136389630391,1.28587434428783,-0.146019430343015,-0.251993339108231,-0.644953824714187,-0.563597858162917,-1.08683633761245,-0.757822895546525,-0.397283182085115,0.541002443366915,-0.404121363751049,-0.690476604393431,0.502640188214946
gene698,-0.688676522396256,0.465471261971237,0.0508195590119641,0.145674785871153,-0.424239975438359,-1.24426407114948,-0.42424596942675,1.30996873581003,-0.888393233219487,-0.434720949072019,-0.515996597292594,-1.07697504401658,0.168538964812704,0.661552691645389,1.12871980962333,0.513110323467187,0.0675139923720508,-0.387487788276088,-0.149621340121897,0.478357529173752,0.0213012727110505,-0.296492025002557,0.863865352343287,-0.286131717740323,0.526376410949918,0.30168473848632,-0.131654380594253,1.75991352241692,0.0364276856727926,0.306677334860148,0.620417943426438,1.45568833229196,0.411359148697335,-0.331162587124396,0.321931579094105,0.216629836117234,-0.0795231084847806,-0.632935423148459,0.233070102973245,-0.46886921599254,-0.667178217236941,-1.24826884451354,-0.24673056194152,-1.15413434642704,1.33328358011772,0.550443019315389,0.0608451664338853,-0.596835867839194
gene699,-0.225809317361591,0.345860101773699,-0.296755486092444,-0.601299765273441,0.0043098894788754,0.0647744864973345,0.165903376130754,-0.0985277746203166,-0.409823295886305,-1.03602124555192,-0.0305235692237503,-0.775794108283858,-0.565534503395012,-1.60780791890627,0.31289234226662,0.55686521515007,1.07128813014244,0.0333911854552603,0.265358470946686,-1.30310659047241,0.682602352470616,0.204949131370986,0.166990089449356,1.63361378886885,-0.841333304490998,-0.88990480918801,0.46014370079889,0.95065925402343,0.616923887826364,-0.564225601153534,-0.232252879309449,-1.17558792991461,-0.214047702767742,0.640612425723878,0.790494238607982,-0.234720393875814,-0.500669822817375,0.0831988711795931,1.30448047467854,-0.189738566407186,-0.317910730899522,-0.947086811081627,1.18324610862171,0.974280071879195,1.23017914036732,0.867185675188987,-1.05787062440933,0.104816527228684
gene700,-0.939252317005433,-1.37052858480292,-0.400314748810086,-1.4818728767001,-0.437294172592509,-0.0077179526756609,0.730410562986191,0.9089167753157,-0.278269571789891,-0.744593214052133,-0.221035521952554,0.218445616134962,-1.06769328230163,-1.23778325499636,0.778046087635005,-0.451481180679516,-0.911630632255994,-0.353263435894915,-0.0872661893978208,1.42033120405101,0.054640905342433,0.277754121003952,-1.30943460929284,0.397692250002433,-0.981589431811367,-0.823456252182157,-0.55944908904475,0.115085676656228,-0.84133936976939,-0.141752273286389,-1.36288362410987,0.718397803219415,-0.210083005750997,-1.10003154798577,0.45318953020999,-1.05576772208735,-0.0882823351335613,0.173372167171411,1.2877638229275,-1.89941848187994,0.265733546162689,-0.509606526746384,0.265256483224459,0.560366545444659,-0.422546437532024,-1.01533014145768,-0.79052020544426,-0.42771630899165
gene701,-0.343521819477993,-1.24095103727534,0.334019317018776,0.273190332702528,0.736537558074022,-0.145703117298579,-1.25106260015808,0.132065904010535,1.27839838232364,-0.641429834717942,1.04653859084867,0.550843008532668,-0.0297781145344772,-0.564043376485371,0.837469326250658,-2.35168469421504,-0.178659102255888,1.24085090940899,-0.745874083216721,-0.792768982478932,-0.0090684329215482,0.519979090512228,0.365628323021297,-0.437137508493343,-0.317004768866191,0.276643931736444,-1.1649493186416,-0.411528682079686,-0.0311827520567687,1.30183580179159,0.658531094489383,-1.10102518009696,-0.153183851880098,-0.0469561108218402,-0.427180837524518,0.739208815275284,0.0039221291972994,-0.324615994542063,0.904682724244346,-1.59126405574989,0.0910842780039673,-0.603194571469068,-0.313320816664325,1.11898606179207,-0.320663344969786,-0.0489567926704515,0.702215157875295,0.71508540009333
gene702,-0.220573417046911,1.6113624669178,0.301735133620354,-0.509383391906017,-0.907279317192192,-0.112439656269306,0.205985547819493,-0.28418969254116,0.286281833873908,0.62590454947131,-1.65039184592461,-0.0192019268812704,-1.7622508670356,-0.797431100836899,0.36203777723951,0.66427536332585,0.430448036432518,-0.381889101937305,-1.68170814667027,-1.96651007580982,0.161884131107293,-0.321114601103202,-0.0190349923718732,-0.760251312421013,2.35218670520441,-0.386455848183265,0.277622039761883,-1.20015502453061,-0.247690277023627,0.291595956880197,-0.332670813062081,-2.07050059012349,-0.214758409990508,1.07292731222199,0.408559470211805,-0.275793033213441,0.478224966025946,-0.414228783199378,-0.454892064930085,-0.502918894027744,-0.822808703499012,0.830250444125696,-0.0205597127872166,-1.01302515127476,-1.12503397472543,-0.169069392770707,-0.235158245653266,0.0354468584208968
gene703,0.0276793661746129,1.81330330610349,-0.222464576856825,-1.2303419171626,0.818799359427696,1.5360253233162,-0.0312764306311432,-0.80645405529666,-0.877443892999335,-0.709321322288007,-0.303643848647041,0.186600245626153,0.348458508079536,-0.289652124284001,-0.128133694107456,-0.591443245613598,0.936874302398241,-0.883795573609441,1.62318733416612,-0.735151052723313,-0.242918490192765,0.487921292156879,0.244839849611277,0.644139701486961,-0.238252735009277,0.734199511474765,-0.33622257943352,-1.79109326926774,-0.459326148932398,-1.02582168412642,0.429637578270927,-1.12261730520617,1.32104535671222,-0.283592119296816,0.473976823686158,0.095391061871547,0.439709094589921,-0.332094295852937,-1.12544957746022,-0.507505405536264,0.0308243593529545,-0.395358366655131,0.624993545024868,-0.108600306888456,-0.658897105192288,-0.730298203859878,-0.293287939842862,0.687436830123691
gene704,-1.41471995849274,0.687539570401948,1.08277809293315,-0.38686104534454,-1.01263090449053,0.954274104545983,-0.51284263874293,0.253761888609339,0.171902810336724,0.736392229379021,0.704228994222264,-0.882679388872029,-0.585652811073082,-1.50034234643079,-0.527422253908231,0.35767282243519,-0.648213812101538,-1.29562808223322,-0.61613813883087,-0.844148913354475,0.197529295680389,-0.314929785370402,-0.194703994985736,-1.33737630067945,1.51421807907402,-0.400246265832734,0.955603594148724,0.505186555815925,0.893225572355768,-0.561900335810445,0.0901561879155469,-0.508265938760822,1.74623908982922,-0.293193848468835,-0.334072958647652,-1.68365316903951,-1.23287982985363,-0.172808287084988,1.06268542105759,0.109580960304939,0.135397517634111,0.331428769963339,0.28193196996359,-0.940308433469036,0.765943616007648,-0.708506212289077,0.27328500097078,-0.239864703246677
gene705,1.13131953234288,-0.001098228268611,-0.343600970403564,0.961590799445101,-0.800315729888677,0.142353648769057,0.238644810405129,-0.1939344877867,0.476173818929812,0.239191892086836,-0.0786077194493842,0.761735743724251,1.53819766449215,1.19397973712247,0.0502741504955842,-1.42273485679932,-0.387570499089661,-1.06205370576865,-0.601351472353376,-0.435363779206921,-1.24846244858783,-0.239136851585724,1.30519447847589,0.980391078744662,-0.53824864603271,0.06826767594915,-0.754078990122105,0.758516713566503,-1.42413306425991,-0.0435175933893518,-1.74185613919806,-1.61863932462875,-0.677292719961142,-0.697708956362526,-0.245144021013686,0.741291393893882,1.24137662175409,-0.967629462500973,-0.238997661628757,-0.23213328558399,0.169004565827537,-0.0905149101891345,0.567015263137476,0.119185695016452,-0.38125083832882,-0.0694457006623388,-0.329369672377408,1.12315691704728
gene706,0.407586071940779,0.282028215815525,-1.06108110487155,-1.61897987930806,0.0333394802280042,-0.488947751974101,0.0945000435951634,-0.360921982179667,-0.333082596907217,0.692168105310863,-0.462166025545954,0.94517184315059,-0.71015774207116,0.880889838215606,-0.148820985787541,-0.613380125188279,0.610393532601975,0.656094595760871,-1.10927383656864,0.310940245192817,-0.953822538560125,-0.779069852251289,1.42092770768977,0.643155945487017,-1.17034134082679,0.0580741490181384,0.631128731306957,-0.208944931642414,1.46130190682623,-0.393866474754742,0.515504135799123,-0.279812223742479,-0.593989798213396,0.457808226351569,-0.529916393983395,-1.37694545832852,-1.19046185890441,-0.189016659152434,0.719120802490774,-0.807213015954949,-0.515208613286735,-0.0855824227661352,0.879587289292453,-0.528943760369752,-0.225182749144608,0.0344487936377367,1.23632417181715,0.0352097828683241
gene707,-0.836831068140454,0.422520537249793,0.0386150535974086,-1.33666882566835,-0.152395889387703,0.636722634541043,0.235088024065477,-0.537885728011861,0.671582570267278,-1.59706291569825,0.382520297652182,0.727842799458875,-0.373542848661043,-1.56739992212953,0.527384764144699,-0.0137233172629067,0.376059326340856,0.0907898199450577,-0.890018438280492,-0.170506055707891,0.350692057206725,0.84183434653896,0.745923167987513,-0.729824544720859,-0.355875118945328,-0.0526056819034867,0.0855016605586752,1.04983929217419,-1.33102036649103,-0.66236684351925,0.072108660730154,-0.889101245491878,0.340219041718113,-0.009241084974849,0.411106007805991,-0.337037521920343,0.158130884173396,0.950142565808178,0.300246241620059,1.24638782941863,-0.616987695299241,-0.768440931352257,-0.828507886990804,-0.421603562858909,0.53828743422563,-0.683471082456453,-1.0858638945863,0.425002646408356
gene708,-0.632202590137866,-0.405855820168591,0.242352017430566,0.0743577507467499,0.232774154783418,-0.569361427312869,-0.0937530188118383,-0.203453503594242,0.667119300852358,-1.33733486920792,0.629750496518815,1.73495737452813,-0.567696731975924,-0.556672777234839,-1.17036033349389,-0.363338847748313,0.440498618629596,-0.882492266228036,0.311549457723903,-0.845341276781086,-0.61885718108785,-0.997243600406844,1.00276347415607,-0.576903088681122,-0.240948493939103,-1.09256598605729,0.117634643535938,-0.445062840246811,0.0774497444883733,0.427626839352022,-1.11549480650612,-0.497486475127125,0.229637712083357,-1.2134561107018,0.467253015462945,-0.0719843065215179,-0.404448239220299,-0.0914764464949922,-0.303213702674854,-0.0342321166444581,-0.123378654687738,-0.71481608804438,0.248346461446443,1.04565225479263,0.0462448079615244,-0.61973792683759,-0.465102353410407,-0.695862852354029
gene709,-0.423753921350679,0.0720487997699655,-0.237986794500428,0.516596073928717,0.5061336448057,-0.19259127272368,1.76160953816131,1.59406505879396,0.379774597878481,-1.23750620899565,-0.438224823979699,1.22172011256662,0.562151790909532,0.966262814626296,-0.853972967471787,-0.380095269743763,-0.558839561794142,-0.546381960799076,-1.28683343247049,0.714431988737714,0.527689153525897,1.54029199664473,0.107898103797507,-0.682056147240657,-0.748597541716083,1.10492044925843,-0.0074630138556506,-0.1408074164538,-0.0435944213396644,0.325674957886371,-0.309560724630908,-0.170824789709422,0.26326204186375,0.558279882310302,-0.123654967979794,-0.594154565092782,1.24171402274171,0.182689641183246,0.0257406602028242,0.46236721812855,-0.0295129155534827,0.424189878047902,-0.986601585063093,-0.45966547366022,-0.568971941491576,-1.41734962436525,-0.0938154836395454,-0.0121741669006151
gene710,-0.185866279624622,-0.140540503787885,-0.141284977316862,-0.180252650206451,1.02908302237797,0.68047135051679,1.53620107597512,-0.845167697556366,-0.938336758982319,0.0020799337759677,0.115163221954206,0.561878474445424,-0.196677705390745,-1.18253173061842,0.929236828267122,0.0461491569789004,0.203677627981139,0.0712965499515837,-0.144663472492915,0.301471889788292,0.736523912277263,-0.0126248702675166,-0.755481897585826,-0.209393179977108,-0.820575145221291,0.419788667907423,0.408159510031848,0.390254125467699,-0.496704828907558,-0.828611258304762,0.245599770173903,-0.225361535387224,0.304562627638704,-1.40871125969874,1.12099473249785,0.647101250631598,0.375198772896825,-0.841621627453118,0.0758706154016951,0.505170034170004,-0.198802898766762,0.0742590969982038,-0.3698966500355,-0.592131164148751,0.0156080353117011,-0.286104462859458,0.566890403792285,-0.189826999476799
gene711,0.439529447578919,0.173717743535778,-0.285448375859681,1.08844513491591,-0.900404149848375,0.789342960679553,-0.238639500302966,1.15848735948341,-0.468189653655683,0.0380651823231505,-0.434096630875112,-0.0528257383401312,-0.659629557649699,-0.571975564256608,0.215987848420285,-0.139105113051543,0.76566013063055,-0.991554953724244,-0.55794294772267,1.05453729568182,1.27747615121346,-0.0267543315433903,-0.0745131764240322,-0.425922432355324,0.441804864833667,0.643570490125278,-1.12181903186095,-0.984596802180025,1.58244544214814,-1.24932492875706,0.40836849810793,-0.864089010155743,0.567909537533247,2.05019541683736,-0.104727387537932,-0.271534659672742,1.1139255635836,0.296061512389394,0.889695948861036,-0.0949523794650721,-0.134582611057791,3.00152263179995,-0.946697878355565,-0.31232323786142,-0.816099643876581,0.144790452641385,-0.171382918041276,0.355062278499325
gene712,0.353880850870181,0.798585157919902,-0.708916250690766,-0.631551525587997,-0.352739144128307,-0.309040268896328,-0.98865481071928,-0.178018241626092,1.72554074390725,0.951957989242519,-1.67842554018974,1.02099365731769,0.644447374064609,1.06915255934936,0.332285811935012,0.451743420683128,-0.0482403436548431,-0.755122531006682,-0.379473478645345,-0.442706295095671,1.17479002140811,0.539483519915849,-0.267225821230966,0.0084016842826169,0.275180068047086,0.735336451066512,0.229586370967473,-0.868020007608902,-0.0975362109743513,0.170096912913936,-0.698397889599392,0.382457382375521,-0.715484612862165,0.471318653936884,0.604586505660833,0.0540744622086916,0.700471334589838,-0.471950981511165,-0.878981885222274,-0.0786653045018888,0.396121031043557,-0.0803573259365259,0.729862011468866,-0.380505096094856,0.659050885527245,0.461065183385337,-0.0708278894334551,0.502582578374757
gene713,-0.318860493516842,0.171748420171804,-0.0058981161936421,1.65164768199519,0.555788120825305,0.0562460926151507,-0.582547703394587,1.17448827640318,0.0775572688913182,-0.442084078598173,-0.819822868970636,-1.43441654593312,-1.18718295633437,0.975517441765158,2.04449712436803,-0.187397975996655,-0.148821284873639,0.200461947135878,-0.251567589782452,-0.58152464774582,-0.396444595240466,0.881317871374867,-0.565414168528139,0.382929168848686,0.164194431699636,-0.434182580521593,-0.475635621382574,-0.0628784473046443,-0.141788065240819,0.252313602347663,-0.418957298474994,-0.345778014081402,-0.497777464804912,-0.529982996073529,0.0058933156754386,0.914213888487343,-0.0845342874855642,1.00906682897216,0.810963029951784,0.0064335216555468,-0.0029745656729481,0.943813585927771,-0.15426662609993,-0.128405191665136,-0.101801982254016,-0.974275972831297,-0.697088576915161,0.0186002061915844
gene714,-0.389767949504581,-0.121211210952434,-1.61621088584799,0.877088658826257,0.22226395870036,-0.380769070324134,0.0684846557895176,-0.490393286727983,-0.483733219533149,0.146780085380965,-0.621519405208732,0.214066809430804,-1.18675410455174,-0.718038745879377,0.5256114672906,0.396878148506731,-0.821999420752131,0.902092827008515,-0.184215769334253,1.21343257829776,0.252746989101472,-0.506625457451372,0.0771022398252873,0.411458102367259,0.209921642615401,-1.62455403446184,-0.382842827217573,-0.667181873514008,-0.511373161928358,-2.34042575156411,1.11142683714593,0.493342891877282,-0.664198017120888,-0.725914203386252,-0.751434595046602,0.262722525489623,-0.868789582549257,0.23481638625955,1.12696474413724,-0.506593455879238,-0.27236589845691,-2.14456424539527,0.609033776900614,-0.273033153760461,-0.644129686719857,0.760070177856815,-1.23825933318715,-0.691881501671507
gene715,0.747062880611351,0.930192568815589,-0.496598408653473,-0.662760798565806,1.43432996640373,-0.109828839835903,0.027644407049733,-1.13481293035016,0.662387564549113,0.616031723744398,0.126788301724818,-0.173287156126019,0.715140712986435,-2.3787137468588,-0.550448045595552,-0.121644981803377,0.191749337736877,2.75592072207708,-0.16839317196558,-0.106435905259829,-0.0595750091740387,0.908698801778956,-1.93634613280823,0.50120733762124,-0.204785225537748,-1.11715666336382,-0.283885729478381,0.104186311730656,0.826300994719343,0.28085682137976,0.207795308243582,0.599312544621344,0.416865018028636,1.18284554398759,-0.320855399799443,-0.262725323146395,0.50674227703479,-0.645380592743551,-0.484409627233631,-0.974686552604221,-1.31335524316151,-0.1959877637203,0.391516736020914,0.171939067887202,-0.0047748833765796,1.48307707483292,-0.242921425585295,0.700528151495625
gene716,0.877189952433314,0.0393050932084737,0.0696880401959346,0.513271520952203,0.383231256961625,0.43271177291949,-0.911950606161372,-0.763869712620452,0.42565281039774,-0.526792053356411,0.191808302417381,-0.0845738928316818,-1.11688643614766,0.690936745564815,-0.50463794839808,-0.70713449914201,1.07311281060772,-2.39164262288571,0.639445483330732,-1.17395924463384,1.17440097033378,-0.962436593419662,0.177206236347787,0.102792286859538,0.0745127078581008,-1.47546299140618,0.130444761223467,-0.092875489419301,-0.622055123763452,0.748409751404627,-1.32137933952137,-0.44506641881654,-1.18730889142548,0.119579635194147,-0.229498009219228,-1.5956897606863,0.526312911176812,0.668487710880907,-2.28252908331549,0.108387389576291,1.34241018990676,-0.0405070857314524,-1.39319380490557,-1.90212464378075,1.4833573286479,0.0145448968039945,-0.40939684835425,-0.169228220436057
gene717,-0.331789768303141,1.4787760665862,-0.932398934753788,-0.0122324266236058,-1.32471852843991,0.705672942477753,0.94992315872976,0.248471022651,-0.207699604008127,0.755737796834726,0.669698596230506,0.592284352546063,2.26884946034467,-0.762911728470088,-0.0917662022571293,-0.5511757284145,1.42929816616953,-0.281117891542226,0.620889579013708,-0.376381685243781,0.300853452222812,0.804907143392754,-0.390900773561322,0.510071322549438,-0.340374610508257,0.220111449927982,0.845197613013608,-0.117100194154442,-0.641231344846963,-1.44624584542806,0.353399566584685,1.09312063202085,1.26460436989146,-0.486638368068217,-0.743180730750239,-0.121219159654527,-0.117075142882276,-1.19460274584928,-1.45378261829547,0.481911296659851,0.428899437068753,-0.424788556512379,0.496797088975709,-0.412856960022558,0.480196973121331,0.596401881306029,-0.30751103432708,-0.152786239558866
gene718,0.49740117120915,-0.419337168634994,-0.25315368649058,-0.0270854330671582,0.374918393957634,-0.843993315434564,-0.688613412647673,-0.0141980247985412,-0.407847795376767,0.0114477132320307,0.291603163770889,-0.699462883644159,0.75446718958487,-0.831497087760986,-0.56863373007756,-0.0453901613671763,0.505627321465055,0.595684871157438,-0.111853147263238,0.809215063494931,-1.49615306331055,0.02580932634911,0.751373670583125,1.18128673182814,0.366695711926378,0.763600495305994,-1.15234694161086,-0.590498473173645,0.115320782983034,0.304171790745189,-0.178751670439246,0.47145123364791,-0.283527807587129,-0.128564676859871,-0.259771389328223,0.479728530728043,0.547003292161241,0.395486876023855,-0.419126888845143,-0.434408217911787,0.83120860831041,-0.143336377897864,-0.580346735105139,-0.812039052119241,1.24540443559728,-0.237138500002574,-0.576403450129604,-1.43946842922655
gene719,-0.277718567459709,0.448341038417828,-0.290904846175572,0.329812092831658,0.269950956187937,1.13513269166295,-0.968776401792336,0.232305308577484,0.0546396677034117,-0.87137881151139,0.965068455825142,-1.01975866049497,1.05401601958302,-1.31030863081235,0.98295072726432,1.67165491424865,0.0077521371485933,-0.977357700683944,0.855507752333796,0.639906633354746,-0.489569326977793,0.37224037082669,0.354660285339669,0.532008044223288,-0.151773020695857,-1.0493197474448,-0.780333200047175,1.20485611668892,1.10814013409084,0.929283640697568,-2.29757697683214,-0.0214314561424628,0.623703147693245,1.16407607908104,-0.312992973298179,0.168447406824515,-0.179672980593281,0.36580983027451,0.758043344773008,-0.0139767264575899,0.771885865188834,2.35761369756253,0.493633963398309,-0.608885469159989,-0.23851007524427,-0.0051311951537294,-0.582961665788472,0.732401338197073
gene720,0.15370290110723,-0.254223103902407,0.326345586158947,-0.151706891736071,-0.152793233375483,0.239598485289637,0.908004244782106,0.429688728040455,-1.17310966210111,2.39526151853054,0.0381146453154558,0.2193864637378,0.212905146160369,-0.413501105536067,0.29143756887353,0.289514278786697,-1.51639196962432,0.147472981147194,1.44996723733566,1.24164225446509,-0.665340548411918,-0.818444071386444,-0.426194244115875,0.642952535067994,-0.635128924306519,-0.0612371873898336,-0.358524472449097,0.346595720407466,-2.49087219004456,0.0633955640310463,0.552038591868135,-0.168166679024115,0.331302683409198,-0.662553949460197,-2.23017064493769,0.0527632041772943,-1.69242561961984,0.742660837533666,0.399022524089597,-1.6995091495557,-0.464089096602422,-0.707031639966847,0.074113024892369,-1.54257276387556,-0.0260024460173019,-1.05297142998818,-0.869797548694099,0.671805399589135
gene721,-0.12752084075087,0.742381912482124,-0.182840522331582,-1.1540061618769,0.25153069111537,0.0420443174216964,-0.439194171376618,-0.705517803177576,0.202360724870301,-0.0653254699152492,0.220603464360226,0.432299246602194,0.048460353847736,0.72686789042926,0.193475147612061,0.522495053774747,0.10385314891531,-1.40203581045125,-1.23758207390734,-0.625618099076045,0.654161196504978,-1.06763747069611,0.442773595822331,-0.556295163565338,1.13700587931222,0.939497171261089,-0.0804625552110782,0.407576571767866,0.292346264140227,-0.879128126886582,-0.872011168587016,-0.231324802997222,0.293596781271337,0.625681696183266,-0.644823014586813,-1.33537382214639,-0.285502453528293,0.20754803163232,-0.36682598642736,0.259235593406359,-0.483663880228805,0.706460005626746,0.758812658016383,0.0028782535505308,1.01335612448121,-0.747322998851524,0.995019418645401,-0.0852572349787871
gene722,0.114820472394735,0.745479378546438,-0.703877394489147,1.00006411832622,-0.110648197178513,-1.29125235682326,0.653357336268053,-1.06495715594208,0.934372498927666,-0.34792518278515,0.312897241683902,-0.33301594598015,-0.442785596824969,-0.831789933891786,-0.401578491362358,0.150940302705021,-0.348417747763644,-1.29286330588023,0.539577808929103,-0.998757544170315,0.158907675184089,-1.90611499008055,-0.659992168478183,1.1539496550922,-0.828982322395915,0.914794841656063,1.32771003723946,0.161130574930533,0.493209046501589,-1.15850421651727,-0.126334517939509,0.829463842328612,-0.64481221710223,0.384231539647137,1.27346037055627,-0.980996300473169,-0.104267613284557,-0.562132069657938,0.751325468762695,0.491748632970843,-0.0900472215990444,0.391150200909419,0.0776654682510458,0.533856351707274,-0.805836072922349,-1.0395192073107,0.699107598010711,0.0801928310279732
gene723,0.426635166799786,0.846277243890287,-0.685451831540315,0.0188657208972015,1.59072158044211,-0.0383611555973488,-0.338796466941852,0.449101635626381,-0.723204597259322,0.36839484627926,-0.0085192792397808,0.171632393765779,-0.293341382223196,-0.297907317486862,-0.612201745085401,0.44764772743061,-0.623689516456535,0.611539645810676,0.600324999763546,-0.0783644283915301,-0.450228940458954,0.204167781018846,0.718665291098917,-0.247554288935538,-0.838556198785539,-0.504854030259534,-0.591775028787693,-1.0977652658419,0.193291633042043,-0.940918064946389,0.583122481889983,0.169243908785249,-0.616145146141276,0.444146378143585,0.743898368856579,0.588603260451687,0.280537497353537,-0.843022062025097,0.495433450911012,0.472080248487081,-0.939104867507042,-0.385709981656726,-0.0706957524872697,0.535487368792778,0.701952162660006,-2.26039947594487,-0.125457993764025,-0.119601221575421
gene724,-1.68312234126222,0.542541890890125,-0.353580004730677,-0.809166329222425,-0.700214551218992,-0.136804550274979,0.739208295562045,0.894934614231186,-0.677186674172904,1.20664963033165,0.0536060695781037,0.0186046231260575,0.678659799152748,0.008558837979684,0.272786658417844,0.886855892974843,-0.585594203790369,0.0323806911864516,-0.167101473039867,0.228993621317974,-2.05095788578956,0.593769873104031,-1.22459208180637,-0.0136867457509912,0.547689306066547,-0.588313772289897,0.259333649444479,0.323217916334772,-1.26319914339622,-0.177781920987851,0.305836801827205,0.213118025640299,-0.853964746304058,0.939136707741114,-0.495693174593646,1.61079960845854,-0.83539691445652,-0.106437494457322,0.624874723289039,-0.448886126751766,-1.21797545334047,0.22622158857208,-0.390639538150644,0.33113299897267,-0.306765564261531,-0.027845848217305,0.187936707886098,0.842826370377904
gene725,-0.0268319922502057,-0.504064057511206,0.318860755763979,-0.694364672915519,0.838005025767291,-0.639705119582847,-0.479426157641666,-0.0481854605255034,0.0560654327935236,0.252299743481669,0.799215513727344,1.27492589988266,0.121116957855593,-0.708531233803435,-0.60652837734658,-1.94494159243944,0.831133395604339,0.209844715115715,0.383691663971812,-0.308896778235934,-0.369164876302271,-0.823346076912927,0.146351222129266,0.260019322220205,0.986094438975284,-0.240892396072458,-0.0942641285054511,-0.803711608102088,-0.690711071049481,1.45892149135288,0.692804800256453,-1.23360576682285,-0.0419432416358223,-0.0668674981085532,-0.454648333035758,0.733988845687254,0.606920681391551,-0.371854759921107,0.0544092994266027,0.0762074212094442,-0.971989427817554,-0.625380226604643,-0.580096301620148,-0.395625720593423,1.06425831331737,-0.67411817386671,0.854735068368406,-0.115300717628514
gene726,0.609539395074783,-0.307846251639838,-0.278737177526957,0.145627281735492,0.0089923531262493,-0.472353836611758,0.778061765272484,-0.930611622757122,-0.328085896405956,0.239493377977722,-0.0802004607275728,-0.433834658835154,1.00009539639928,0.863800960140729,0.330856774405243,-0.111333897491468,-0.47074357897909,0.337261827746586,0.158215461636045,0.293447113193652,-0.24112429394592,1.37048475504104,0.132731784213115,0.424621123463254,0.0450262175339596,1.36403927147929,0.105117135649954,-1.28305192857714,-0.0321518664518405,-0.440323359971456,1.66584494105889,-0.348952699931657,1.24426625551733,0.825405956668958,0.885503897057397,-0.261850149136051,-0.303253707446323,0.506127578341696,-0.598209145036888,0.796163185439248,-0.141400693919038,0.865010702010761,0.868222970307233,0.744802925607645,1.48508963914887,0.607612087562518,-0.108136793155873,-0.275100771636748
gene727,0.449618529912684,-0.0711026412471838,-1.36269474862018,-1.09408425109946,0.0920221858371835,-0.253262630351866,-0.16338777410977,-0.0463211158155275,0.167062067974597,-1.82101919989598,0.244481026179565,-0.356762267037321,-0.555757497594485,-1.15232355582079,0.0422992927768084,-0.473867093816262,0.0116986156961292,-0.765780787236649,1.49520030216224,-0.944451835516504,-0.994105109585453,0.0669642390504402,0.0265053680037216,0.573087908525139,-1.02003004910497,-0.520877527440941,0.735347541359432,-0.238231976331561,0.0667547833646402,-0.489388663894557,-0.863241998476243,1.11253909373539,-1.0212993266136,0.368786930949225,-0.185199314191275,-0.851213241048336,-0.0018977037494696,0.47518108264312,-0.327980076288462,0.0363208566976172,-1.21743597042703,0.40306544115755,0.40060673892595,0.773282269243414,0.703764776951338,0.43233120685744,-0.161810367185549,-0.313170173545747
gene728,-1.19999497597615,-0.310440016203177,-0.726853137492769,-1.75372799957883,-0.229238297767916,0.591130412176069,-0.0287391770816897,0.48788868630814,1.26475735947664,0.0885232287992801,0.461324801442261,1.03314439201191,-1.89086875985253,-0.196375199039847,-0.394077758854247,-1.64120064119767,-0.530940916305097,0.435359957140323,-1.58360716398735,1.58358652147596,-0.244462652755696,-0.176481161497536,-0.318338274227314,-0.377530746004997,-0.270397429892057,-0.751830167530129,0.154238021317049,-0.0851399685141971,-0.443857489164247,-1.38209575601895,-0.519893157833489,0.125988964467149,0.312382970455296,-0.242278873146971,0.497274380036428,0.770969597264276,-0.958230392122349,0.421874154733484,-0.0999859994214208,-0.918289667007554,-0.0708075356657495,0.233093230545324,0.436604603659538,-0.0987470743827634,-0.8367119634108,0.246416112023064,-0.405774420577187,-0.663587529331861
gene729,0.108601061785771,0.95141274064938,0.273877966524636,0.939520502105559,-0.466273570442076,0.0738414212904812,0.734051568516983,1.01426173027539,0.469287786844456,1.03987773534338,-0.314696210223602,-1.35424051929703,0.0115330834882536,-1.46825649637679,0.60561580694652,1.24363297902714,-0.406622185687523,0.0142915329474122,-0.851701728876102,0.122909877289224,-1.05989498834571,0.983252612890458,0.600596078352298,0.750552190560446,-0.343038558995393,1.30342113316259,-0.998182871816214,0.649098632317756,0.848205470829225,-0.800861875691258,-0.952972935078831,-0.590314336963295,-0.432703391863283,0.218744671878929,-0.266642181930792,0.712250744484713,-0.0356528703178036,-1.01890634257612,0.444445645865903,-0.134076529437591,1.33745087539585,-1.40353860797884,0.609992653015163,-0.420750520612085,-0.421131799527235,-1.93643656997729,0.501663417544919,-0.980962525373515
gene730,1.36316618427711,-0.451332905022566,1.52913455779062,0.651404570950065,0.328699228496012,0.0057317350341851,-0.712696606163951,1.69276399610702,1.65976783102471,0.31725907324562,-0.417512452493837,0.60020474585064,0.597441940943121,0.582584928149616,-0.112047970552928,0.879895825500621,-0.832360871175815,0.600018731389771,-0.520090656242711,-0.349008270183683,1.0296348132757,-0.477470167828634,0.803478882247491,-0.300038576485012,0.231429959313192,-0.0590847655523576,0.625132409129197,0.422819561963791,-1.07757045621439,0.283057593834596,0.96226303150615,0.242429735349969,1.00181976480163,-1.3063819214573,-0.253175060482798,-0.0075366657679065,0.77031637733165,0.703555243924146,0.44129352067122,-1.19880084681566,0.684889799720014,-0.15726561148477,1.24737407632618,1.24741213422253,0.0896819394002755,-0.98838670015442,0.756758723975324,-0.559759968865082
gene731,0.154100707615287,0.388239868662338,0.424940869367074,0.212478672934506,-0.530466003555106,0.695252184603712,-0.0681714914348293,-0.757005521035804,0.402551481710306,0.553445884935642,-0.497426417659227,-0.0533543271470729,0.272895307098096,1.19966746938432,-0.199684177142011,-0.470525572498044,1.69872208287919,-1.58369053934314,0.805117920568399,0.113645631506439,1.89388121625872,-0.0634001737742824,0.457146460932721,-0.298988700968997,-0.229487356371888,0.660590349196177,0.396468096289053,0.670653493136312,0.810263707285504,-1.40184394577189,0.146888844193615,-0.0238137593854366,-0.921542083227197,0.02595542407098,0.663418381066566,-0.649970294215605,0.706048811422539,-0.283386392446108,0.715712293025854,1.22659570640087,-0.777876840044789,1.0336627101929,-1.21776142518362,-1.12819250151363,-1.52904231974195,-0.327168020744808,-0.633685878536563,-0.326964543429845
gene732,0.612308046881454,0.797724988673321,-0.125072669635508,0.297277411096236,-0.979149832652671,0.457688411153986,0.657005721730282,0.086213234002079,0.523908654639638,0.343804717317122,-0.137989550507382,0.663781594810495,-0.0982081487823867,0.692730112184353,0.357597802249467,-0.617119977126806,0.155909739307952,0.559478627549571,0.677604325121419,1.27649597052585,-1.0078333384022,-1.10224382486728,0.6493024738289,-1.38262952573321,0.217154557738319,1.95069474855585,-0.744043725791295,0.416590694109993,0.61170316270305,0.183222544197969,0.205679355471882,-0.025111688467855,1.03257361598024,0.74594877162087,-0.359852378537707,0.270635524870079,0.753416656772773,1.32707498531043,-0.752032147307756,-0.909847477608295,0.417908120370242,1.90471552008304,-0.209968819544425,-1.795019544895,-0.543310852996902,0.214026410098508,1.35937448874738,-0.826137916279514
gene733,0.680258638102303,0.192923222618688,0.0907952052705616,-1.26809578545501,0.841982092457241,-0.141817049263255,-0.390580954600291,0.216554518527817,1.12524883520307,-0.052725103716275,-0.318339674298995,0.0332551235697043,-1.04985179380191,0.655921726577985,-0.0030540679024112,-0.176777227500798,-0.0054871838592538,-0.165824961431533,-0.33260534201438,1.01095597930999,-0.0721963202002583,-1.02981262848913,-0.458752019116988,-0.761456060013752,0.295346333690816,-0.675506767813825,0.0400807397168058,-0.178351690914015,0.578179085390247,-0.917384963695685,0.171434838896925,-0.532593530397952,0.309168516955489,0.327026368239702,-0.509942776722994,0.116621339819962,-1.21540202055989,-0.816584051725003,-1.034532270786,-0.173745140052355,-0.477848362991654,0.770870249378833,0.11480370216882,0.0920193782605972,0.385728727418877,-0.0562776622955587,-1.73346883216016,0.545241984465735
gene734,-0.630346832170961,0.272340363515739,1.39793512659143,0.900587419607536,-0.188867999459504,-0.541900011922362,-0.0453046389669467,0.148341136600317,2.31832213761639,0.723303983493246,1.05220098203595,-0.546501889928806,-0.414591073567636,0.0960771804984704,-0.112173176823252,-0.831242555212664,-0.401073224590941,0.386036373092249,1.00365543044709,-0.973994587263761,-0.468325511392224,0.922982223403097,-0.329164062132993,1.62472134606031,0.151116137734408,-0.5511857648797,1.35989430371568,-1.75210666096082,-0.225983736188186,-0.110207059149805,0.334227989306147,-0.681865931616169,0.100485538788904,-0.295276583064258,0.566430969617998,-0.185084815027547,-0.200152804229707,-0.776979681597741,0.727677860032666,-0.433220684425183,0.347486231449796,-0.242675074137715,-0.381262327339451,1.43565393792299,-0.0861730208837746,-0.971020872132779,-0.65312020121042,-0.827069435826988
gene735,0.101642732891083,-2.0116842166719,0.152857228353459,-1.80310873334127,0.0316127506017324,-0.219759486844246,-0.549324235425432,-0.0308157290357199,0.0598423498484617,-0.581492070243459,-2.3350397332267,-0.467660980703291,-0.423565464331406,-0.289339549666055,-0.379437063093022,-1.03799964685388,-0.193272303352257,1.28737175395387,-1.21168729519114,-0.119382069955507,0.0925321547969416,2.57957386483049,-0.512614381729119,0.0263867687562224,-0.746806212233899,0.111298283521806,0.452004575767882,0.184145661873984,-0.27308507445614,0.433178191731177,0.22031373475032,0.315288632103027,-0.120824465629185,-0.148047105797897,0.128053107716337,0.422612680118444,0.553781631596515,-0.642824750702665,-0.720961247109711,0.456812052792952,1.29207638898052,0.622809955042574,-1.14619783915349,0.213457356315651,-0.236629528820934,-1.66230735214553,0.65571071207344,-0.490677448357925
gene736,0.615229102159617,-0.412878194062484,0.412844361953686,-1.19844428430606,0.385383549325781,0.29879471494804,0.390035595238863,1.19326299975419,-0.706373376477224,1.09499323709566,0.0319981678047033,-0.691509037089415,0.342969775918798,0.669106747192161,-0.166869491356478,0.157493203573619,0.0453162944543282,0.301613290809852,0.439256714159649,-1.1728955987897,-0.863162262749858,-0.472942621169838,-0.676709477399757,0.320493960976622,0.228853804589017,-1.22311299424207,0.441333776441311,0.168679484910856,-0.957607024185222,-0.6914597273835,0.152707258969437,-0.260142096087631,0.0068266569196176,-0.447885057073216,-2.64256369738756,1.21806224061957,0.685848056790692,0.425605323253619,-0.654406663807216,-1.13402871504418,-0.154234012606268,-1.2847162793959,-0.529701930107307,0.125258267920615,0.993810866763764,-0.282319897145991,-0.298219040608728,0.0738516527801699
gene737,-0.334682121293691,0.76802054820511,-0.634954917653175,0.572474560728606,0.219948700406097,-0.690242838623778,-0.342926931134745,-0.506430825789045,-1.06263456759656,0.249301086434674,0.558186637367859,0.988375036280034,-1.55394966924589,-0.313948755822713,-1.31940455368157,0.0787142124482525,0.391521122401142,-0.701643776840955,-0.151132628884496,-0.0814617974749057,-0.937578520515668,0.908124938365857,1.98550260554611,0.894858203882977,-0.608424919159174,0.342033762404765,0.283542669273779,-0.746357774072132,0.381269468222641,0.436669247032635,0.0105868725899338,-0.0333649928492443,0.325111181628287,0.0937405832998852,0.834796039401322,0.767078954063439,-0.278788755400363,-0.464275950552384,-0.566468048779741,0.305090860755685,-0.272439320115626,-0.0030700580194001,0.188631108982595,0.41464588341294,-0.956118480591429,0.541716176143511,-1.61341005000381,0.206065786178582
gene738,-0.437469629902718,0.365127928448472,1.20983595920109,-2.32045491698578,1.00609209047864,-0.0669061412976427,0.0999817306757454,-1.00341733815438,0.359609772936328,0.385033242981283,0.730618181261213,1.31910319464554,0.501299846538502,0.773204238504966,-0.187472678281922,0.214048527665073,1.5124741389013,0.582675548204032,0.991672930202702,-0.487921841410419,-0.780406672657893,0.060139862156546,0.139384785469933,-0.589386276689754,-0.405732783542126,-0.999371468021316,0.512409454124683,-0.443315351086557,-0.0299093142934234,-0.119916733855462,-1.01818738019108,1.08716616017078,-1.23571376775563,0.953505321887933,-0.0834668874052829,-0.464279095481799,0.0269450999212018,-0.895822715132436,-0.424666041096625,0.611710269760622,-0.142092369742812,0.461199653462539,-0.61648214163375,-0.963957732537282,0.390040544615399,0.264069577145317,0.83875484919085,0.219993356212024
gene739,0.486954524669602,-0.17051303927213,1.71752215740459,0.916647549075158,-0.959899108320186,0.529523271908203,-0.470385163727855,-0.771501195836597,-0.318023105109283,0.340227660833693,-0.185637434148994,0.95050079514789,-0.321861348860508,-0.462570411845019,0.365546232286292,-0.289841449537546,-1.32846885572965,0.823363869107221,1.73999248545799,-0.500219724815072,0.216665153335793,0.311489678343662,-0.453787113313217,0.32694935836052,0.327531325770135,-0.398580318357869,-0.156042554258195,0.874663490567473,0.378786751392682,0.955046509076993,-1.2033349337603,-1.08171822717081,-0.542089080549258,-0.399061654400504,0.432903702237224,0.672654762404839,-0.863511326019839,-1.32407428419382,0.161492282378578,0.819528407672788,-0.179995638151265,1.69552148810038,1.42856746449082,0.237778749458117,-0.182471694358244,-0.41726862240745,0.913568705345446,1.59702764458305
gene740,-0.154539534909845,-1.00143435115971,0.103064247359723,-0.975927362449627,0.216248124279559,0.819511355080849,0.64892477267346,-0.149012486502533,-0.317919975733291,-0.305008249823974,-0.542508207938613,0.346161637185824,-0.374644855228115,-1.00403834437837,0.39329621277183,0.312251332743321,0.507245109986873,0.368625953103627,0.105634453722848,0.595925450998823,0.486677307357073,-1.29355568607889,-0.407863948066459,1.01128057435884,-0.310017057867256,-1.31045621101812,0.0075459819376384,-1.55707740614293,-0.157958993765606,-0.0163761555737554,0.253258604174059,0.352635626328937,0.0349505896443148,-0.795682507588042,2.23319528530926,2.30864627334809,0.0526839795931569,-0.534620048544836,-1.02657863204256,-0.207040195121248,-1.26436411348542,0.0197648988477607,-0.152788636682218,-0.0864993039930732,0.155833475183644,-1.72504737766007,0.220881852834913,-0.681878994716075
gene741,-0.297643370595753,0.0861919863097605,0.899289940288754,-0.311194651077586,-0.0203649341411019,0.629276787646757,-1.88473759086553,0.560999449070779,-0.121144043293448,0.472664323822815,1.09163451411097,0.964495281664115,-0.3359775544528,-0.465457975362777,0.53049586476795,0.603127613175789,1.41327829999669,-1.88542012819256,0.0413230146960788,0.0979479885767196,1.22806448380765,0.341736760901141,-0.884063364639624,0.0579550178017439,1.29860703523751,1.32146206676108,0.0398302207756924,-0.531599279578386,-0.14337297048944,-0.125435878019146,-0.504943457466869,-0.151456497739863,0.0301788878344826,0.79509645166921,-0.7488061837032,0.628021832233249,0.0396350461046586,0.0526721894294498,1.15164282936845,-0.876853695645941,-0.0925907150548729,0.14866662741887,-0.827573089443787,-0.370125980819802,1.72797694641247,0.629219897656544,0.688904279892049,-0.371822150094918
gene742,-0.436786302036731,-0.479885200163392,-0.41425223531471,-0.085420549838479,0.804023594544768,-1.88849384282703,0.302346120243926,0.135267674243167,-0.73193031530289,-1.53391084365764,-0.308478161496215,-0.645349624754158,-1.06045148864289,0.41610185293948,0.264765290516584,0.445364600905036,0.232092757112829,0.318216283872028,-0.685127981829716,-0.255491510684949,-1.06842081718235,-0.0241708836489962,0.39651414022954,-0.497719153307113,-0.510497563690743,1.23379000753698,0.865236843507452,-0.134283261486285,-0.762463209534425,1.563398890527,-0.412494966216113,0.14916552906905,-0.613533256979369,-0.11241799685215,0.454210800127958,0.667723202811464,-0.604324004498052,-0.726473755907896,1.64298987705575,-1.04533471782506,0.395083200867022,0.247013452521048,-0.444888476798275,-0.268949158699497,0.686026932893258,0.197265806000069,-0.47216492961143,1.16258921602031
gene743,-0.0750421301674222,-0.630712292634661,-0.893075603824744,0.119975667400191,-0.405475166289772,-0.332708093331362,0.176897140319241,0.462999740813844,-0.597799408682521,-0.566208086722069,0.082457236832956,-0.797319628469398,-0.0997513137979812,-1.54053950936961,-0.501335022472225,-0.173681051066197,1.52710145427436,-0.465075434122132,-0.415144523986535,-0.239021690043496,0.877406204853463,-0.095617474453977,0.113363202255917,-0.74995243764116,-0.635245521299868,1.14269084990495,0.104715698174974,0.502523718694295,0.112333715359219,0.62843598195017,0.107068443543659,0.451074699773155,0.153975304596647,0.443867787412329,-0.0525453181127412,0.693204676497023,0.252965431214761,-0.885540422221297,0.713662331394666,-0.189873668269487,1.0287322218224,0.139556182575051,0.413357254964209,1.32432020119371,-0.601982473647343,-0.184979777578228,-1.57031067797752,0.11352101266416
gene744,-1.46065585804496,-1.01381226037226,-0.0011018314251844,-2.07062123645342,0.0703408388906998,0.0776084991796107,0.516609879716242,0.862440735805983,1.08476935270852,-1.19661348100181,1.95570475576297,-1.03219033295766,-0.656662618233587,-0.247252847999576,-0.145178004866594,-0.264275740886241,0.612291482375886,0.561674547371277,0.457027963203845,0.543517412692749,-1.07134105310808,-0.289926342388331,0.819376578187099,-0.104111521352752,0.337281770944016,-0.257048417440114,-0.313517878570679,-0.5845482296521,0.394734067582421,-1.40361130541099,0.265512554276617,-2.43082107128987,0.17643112328666,0.0229394001711648,-0.58254844299095,1.38780806204532,0.0336045777059839,-0.0453231479574156,0.347797799326456,-0.258872116846494,-0.0897394983372745,-1.07674222060123,0.0611794769150297,-1.41748991685784,-0.532423032786181,-0.202364160821938,0.69601945942387,0.709005893162496
gene745,-0.0035268348424161,0.109774223470508,-0.0170223272310754,0.704423177296318,0.186134913988676,0.481034756225488,0.64407458977781,-1.43708561014084,0.337291297534858,1.86137815717112,1.75954510073563,1.9080078718774,-0.283065782926619,-0.223636942021005,0.125466780917782,-0.363273243909618,0.145893893981772,-0.656763199130732,-0.192198851277335,0.156013730261962,1.05864404790398,-0.021830098412652,0.722883831715372,-0.857564503363773,0.584875644231477,-0.384260512470569,0.468468845551944,-0.641656587997583,1.00724787207731,-0.401274472624557,0.12823373353385,0.187611014469567,1.04810100926799,0.403615891987443,0.0876200129470107,0.642723408723846,-0.895393810987239,0.186208212917013,0.511271590882254,1.06572108991401,0.14491617058292,1.02271659708842,1.09713295684402,0.0746696884132887,-1.21006001479484,1.59039271868707,-0.732785319655113,1.23666925605963
gene746,-0.0153234502974828,-0.457585961319904,0.722334171556702,0.389252797567909,-0.768242780205907,0.672597111939512,1.24141622009487,0.0746161888109528,-0.430918055271984,-0.161594548527893,0.219361492503881,0.0226681386102593,0.958373816338815,-0.107402443826813,-1.95425537206902,1.43068500277268,0.696791030292565,-0.739694087123659,-0.27487516316257,0.0781962033083269,0.209075004121083,0.684859299991121,0.429378275585079,-0.0014149823603313,0.813376789199819,-0.797999096871827,-1.74566804782822,0.101529090731543,1.10068400756423,-0.728338896110213,-0.411642921339399,-0.235380597575035,-0.0389917169574232,-0.967587099584912,0.0572249901478018,0.0991815374847398,-0.0127579136243597,0.461167698706836,1.19692453411285,0.759422740468745,-1.01959927289641,-0.0951008766413614,0.223587020800854,-0.193003439485109,-0.398244755582274,0.824047662893556,1.39941949976422,-0.156122308941563
gene747,-0.589907046500676,0.654594759514482,-0.574943794164844,0.999360213244487,0.523154385221991,0.83011017285947,0.863876345158449,-0.778939613982928,-0.498807938173221,-0.47942904404875,0.317281042053753,2.1443336769665,0.155475878307739,0.0148846686460205,0.0126485492794619,-1.32319047250432,-1.1681157002746,-1.40397210257661,0.0642519821515308,-0.468891503663149,0.0999090467431932,0.0935815811622297,-0.785133133519542,-0.251977653120104,-0.17951322913059,0.330097527438676,0.0250505111320917,1.58702611515704,0.132584692282807,-1.24259072117481,-0.536909096397215,-0.383956669486774,0.287025501090642,1.14857760277724,0.725648286489371,1.27350973121165,-0.34226380775168,-1.36162823994433,-0.887318033382392,1.07930161584352,-1.02921455834423,0.958636762866368,-0.720867549903905,1.60666126093181,0.445426829399674,-0.252082777598997,-0.637700205271981,0.551343131624551
gene748,-0.428996793844854,0.679728785733395,0.364033998116155,0.0252206393761461,-0.904943810029775,-0.423134854341758,-0.269650397353527,0.425723790946485,0.271980035749795,0.417767925270212,0.0572299461292715,-0.201066703799384,-0.0416438758639861,1.17534767602893,0.200299792641351,-0.738400796236877,0.693566333558527,0.194137623655679,1.24171812566237,0.620854914611341,2.12350340247493,0.0804012914898183,-1.43186114003874,1.52051161636116,-0.394303951339469,1.71656776336857,0.39240380104252,0.0809666303327585,0.697722786715305,0.124138105018567,0.0697044466424502,0.802437911730813,0.221170684214556,0.800406815851235,0.572110594377515,0.27061171758566,0.128125831009502,0.148445029464154,0.96904220931251,-0.107253281186855,-0.975983937059154,-0.101427008377449,0.151839326273604,-0.266188291520767,-0.264628353157747,0.679822689302901,-0.468724485148973,-1.20272966788789
gene749,-0.759028028757583,-1.00278696857259,0.258250616033573,-0.573701000160142,-0.69242113237337,0.297107923044653,-1.16638672358784,-0.23240895541702,-0.318025319114713,0.475143860466364,0.27064805158167,0.325016476724636,0.450206430799084,0.627500828284287,0.88068326295022,-0.744156683254812,-1.24885971886196,1.44447816889602,1.02885034180331,0.553746005160617,-1.26328131442619,1.09660858862716,0.425114222832663,0.721012917594903,0.137019861479656,0.788886149108484,-0.0693127840808008,0.21960548681656,-0.93506329372628,-0.750713768789059,-0.460037661061041,1.39830097950542,-0.097250184684995,1.85351527418705,0.10955078629145,1.0061120950012,1.51023904650336,-1.02809129070003,-1.0077731636973,-1.05524868879394,0.442022154160504,-0.179038471729305,0.0054693841012497,-0.474201063828405,0.826510652971595,0.619662405851233,-0.629770413572629,-1.15244074018232
gene750,-0.983336650993501,-1.12107731958494,0.962147937214879,0.77841760127914,-0.859125712134845,0.0440583585803418,-0.165422658363087,-0.822640596531975,0.469068657206533,-0.395114128113791,1.138165906691,0.460914420947263,-1.1172996032706,0.323273805934049,1.25644958986276,0.723940399622897,0.356620971164905,-0.281251396640002,-1.03092454195838,-0.660387975193247,-0.0237137501405499,-0.268154266540545,-0.539639278071304,0.095074784910502,0.314068197358591,-0.52556010981902,-0.540239679885101,-0.033971187735064,-0.907414843070779,-0.452370420245991,1.02869837679736,-1.22946776270887,0.252893178446492,-0.749262770334775,-0.295192289547078,-0.700520399922006,-0.235006301253881,-0.944975142677917,0.610127651238239,1.16840923598413,0.666814282737551,0.717015840118778,0.314220739279986,0.127159528051111,0.253791993214713,1.01857439050726,-0.158105043992943,1.10751555477101
gene751,0.993152526138638,0.58360117834909,0.250151880366798,0.0054635398740325,0.266877053888297,0.562886391505808,0.664688320907555,-0.485313781931659,-0.291984226668621,1.25386440187278,-1.39907710061293,0.0219431506876769,-0.357180392597784,-0.992606365626335,0.30582617357552,-0.583037929889515,-0.16364454100528,-0.390726049591159,0.526172570789998,-0.170617381035617,-0.285697077769034,0.379984178700245,0.0375896749421647,0.0858237954237168,-0.522492835878421,0.0422543944278223,-1.19906491605151,0.422348070779889,0.565012355728998,0.630964616601407,0.980564960718555,-0.152624449162395,-0.0367968755896564,1.01695236308195,0.778707212968083,-0.463495351977752,-0.277578354853812,0.163605404589293,0.389434631791028,-1.32581216727407,2.28896931246451,0.781639539262637,-0.0539079938645597,-0.101319690405549,0.614044496455552,-0.335592775579584,0.147988411985076,-0.856154896528181
gene752,0.387387576490362,0.537254430401323,-0.858604942315464,-0.215241443826557,0.222182916095543,-0.711003981372981,-0.0070263934098986,-1.20134933759438,-0.538362141733228,0.378693850553449,-0.504587555265654,0.24970336321511,0.120741889612712,-0.009785845235217,-0.53597169726037,-0.986341132812857,-0.495334434617362,-0.591952789899863,-0.104443709679319,0.222405388368615,-0.992501960263319,0.683721967342704,-1.02169184164507,0.484705561790914,-0.717903989938213,-0.283585337034995,0.694181002633793,-1.44671454728778,-1.341824685415,0.576506384492195,0.0793114923572922,-0.573405488386261,0.402703721926162,-4.11443675582017e-05,-0.110961676464288,0.482009749441432,-0.199975156894304,-0.311671231603313,-0.20244938248561,1.16842289048572,1.07843791959525,1.80360002320206,1.72149769398555,-0.47759570829637,-1.32038940158349,1.04497954281343,-1.11630277051416,0.806020548665893
gene753,-0.654912044885386,-0.927354237035793,-0.0095626638310064,-0.931830628858619,-1.27704763391138,1.3996578471499,0.132299616563017,-0.0251549154546703,-1.79527848176103e-05,-0.604420293457635,0.0441741193856491,-0.445765546666481,-0.0744740728007794,1.48330330156657,-0.1465036103746,-1.71970730355924,-0.214921790328644,-0.329010708243496,-0.580013313544576,0.43681517219996,0.453973525523245,-0.282715154484907,-0.646271124491849,0.769411479715251,0.825301342533913,0.694156440858525,-0.0394279574107618,-0.236194691943807,-0.66362143536153,0.485508799489977,1.55175358878909,1.01865476946353,-0.818888269499342,-1.30041784238989,0.645111569790371,-0.282824249392834,-1.40197173051377,-0.238023684652183,-0.183551640382563,0.0436790181491066,-0.597609890132262,-0.388967075991877,-0.677649977251454,0.175834660263142,0.059085712644014,0.110793531178331,-0.0643841976957509,0.629391946187744
gene754,-2.50187646621873,0.166525345073537,0.917703235526381,0.426695470313744,-0.749053810349547,-0.525528516050303,0.837563104110486,-1.39455077657913,-0.235349090169222,0.0492878394250141,-0.0984815190565278,0.194487152861759,-0.322891368656938,-0.860063387350196,-0.739015362537553,0.646637252155506,0.309244923734173,-0.815453743515023,0.0456050339585297,0.06103143796528,0.358382007555215,-0.0455077722881797,-1.43580905964855,-0.978374434207029,-0.118165135498601,0.15961368909178,0.105120273572498,0.405964221378417,-0.0468292107442989,0.0955571382349507,-0.838348589276288,-0.183756176055171,-1.71006581887654,-0.201525245829411,-0.852794481940181,-0.295471390121551,-0.0103332289515094,-0.459350086528334,0.177545595075423,1.0667444907827,0.543604615296987,-0.0490973069083549,1.44563129155753,-1.68168090213645,-0.321996252136925,-0.594054338489178,2.13530749514152,-0.0103376726772086
gene755,0.462398519969864,-0.959844139803662,-0.305634313410624,1.56368803700035,-0.815298126526476,-0.0475739096160769,0.914088918699133,0.447068582278014,1.16547809220285,-0.0236552235773216,-0.535770866795393,-0.75798411272231,-0.542223931856604,-0.700338251885725,0.387242762182207,1.29437242315433,0.386493976680337,0.390073049923588,0.8652046430835,0.610248636283342,-0.848353912605545,0.0545255290534098,0.476038374141998,-0.0318645428136922,0.716415221861459,-0.354841591439976,0.0918890832042093,1.20449392505968,1.698938811824,0.683985303611946,-0.21257542851468,0.411643263262862,0.345486682759692,0.83730223305545,-0.0227110180867868,-0.0753205959288717,0.126139435800991,-0.318754530973122,0.444251102637169,0.211756814713263,-1.25534989263889,-0.408160268082883,0.122008529727351,0.165220697630254,0.718661524873952,-0.600756736981682,-0.341970137993273,-0.161472213569213
gene756,0.809640094392487,1.38309313433802,-0.708329532866781,-0.0696780968412554,-0.659811552977847,0.505502061443557,0.512361609996188,0.0300183088987287,-0.277350719298127,0.575637211669756,-0.485430225943014,-0.0128392975640991,0.2154305777365,0.120822450967039,-1.4185046630957,0.562655576844755,0.96677914937104,-0.803071329412829,0.388497845840829,0.234905597906443,1.37842723920998,0.459006622029272,-1.29986846791789,0.0148423002809322,-0.315225541809719,0.178458019799608,1.27236501438197,-1.07952471531496,-1.59491249969628,-0.0759612362519374,-0.260160316092719,0.814677706902471,-0.827305479313884,0.638612451939361,0.23573983655955,0.257898353885463,-0.0351948448910187,-0.496474261210579,1.02394372940709,-1.15182500913274,-0.649650362504995,0.975322352510728,0.36240177912952,-0.761935995900491,0.113050131019174,0.952480720256149,0.976041587082068,-0.284315705859309
gene757,-0.0160267352529392,-1.00726567782283,0.440228829660434,0.51669133143575,-0.0835662666821635,0.28014743509262,-0.0947196292006379,0.386333401042918,-0.648454992332642,-0.501123321763841,0.458066794778716,-0.421046691085847,-0.843312767014585,1.11324250093318,0.459928003336518,-0.169972739185921,0.833814650325349,1.21728838069502,-2.27618096132653,-0.396084369313042,0.384888808474765,-0.0269274063083024,-0.385283377371861,-0.330970524788612,0.505846507238351,0.427324382940793,1.64989234580795,0.893511760802705,0.779923573132873,0.104398455296967,-1.55696508205783,-0.250560753159958,0.687947468671902,-0.0905290976070887,-0.864708733358111,0.91588094273119,-0.172335680417317,0.70565555993348,1.47375047581324,-1.82376896370267,0.0356281760530791,0.612723100574711,-0.486099672545399,1.20195101816516,1.17387843927994,0.0229637498423395,-1.45309481982638,-0.26417393874022
gene758,0.39474269471957,0.0459059055954469,-0.0655240972264759,0.914200912516932,2.36658668069308,1.52542876049723,-0.987486075212296,0.482141249756521,0.130065281870451,0.0210203814552989,-0.43799901244857,1.14541366508872,-0.050097544471997,0.489543983214989,-0.230598970463885,-0.898105357094364,0.863169371631232,1.11746779250042,-0.175768447734555,0.0112477733772955,-0.107539713477044,0.573754345451507,0.343595013472811,1.1831129880317,-0.525100327338461,-3.00846395593156,-0.704213785564241,0.420977629771796,0.55513806039134,0.812753499251674,-0.416916379727312,-0.440294908362861,0.132800614881827,-0.112337802627482,-0.237193024622219,-0.739716796276114,0.0495004069239689,-1.52212756680453,-0.0286367932926257,-0.501718064167718,0.209315476070046,-0.108830656388668,-0.61146792395667,-0.0555333157051109,-0.569320316085189,-0.515547522374946,0.110403406216775,-0.814338361186473
gene759,1.03461200224346,-0.771328414980523,-0.727687320960146,-1.43097476316077,-0.0315184032704736,1.12088456223821,0.898092654529294,-0.841708314335705,-1.10356330708859,1.10500784790503,0.402982128915456,1.56966578432873,0.529101253977551,0.353359139899019,-1.49373598118795,0.258228489962252,1.52556546026229,-1.60625466077623,0.0495089778568749,1.23376488350733,-0.862634988060678,0.431040101019723,0.602281260780602,0.495975099071946,-1.00740522160395,-0.675217114315118,0.502278079005946,-1.51471900824005,0.321473766621591,-2.03475887943457,-0.611385847648453,0.611623815033253,0.277797799716067,-0.576701299840071,-0.177639540607136,0.206914514229866,-0.854326488913479,1.35581938525191,0.229169709976685,-0.370203032233079,-0.514878669059208,2.76085016589686,0.272266602107158,0.105833421622729,-0.571064908910777,0.564028211655738,-0.890615986295587,1.60976042644034
gene760,-1.30832270462754,1.61912390397881,-0.669694561012659,-0.249637445868833,-0.0067241898230165,0.119459922831088,-0.361023390036963,-1.01380735899094,-1.62933104938318,-0.359428150456711,0.0415555878372968,0.507903310776768,0.763753546513632,0.143529351606929,1.0376423338208,0.485265919266129,0.664946871513392,0.514755156464835,-0.0431331820305524,-0.51802826092181,-0.905854942777121,0.211942199795447,-0.137000229325771,-0.801682103127923,-0.805138915753773,0.373798266636982,-0.20389020363169,0.190141171875898,-0.169506659667406,0.318961567459604,-0.157927103294229,-0.731973053687041,0.193381012302569,-0.490538118942673,0.693022375805245,-0.0983653700338709,-0.252265985898376,0.553383866543892,-0.0312475962819469,0.399811783314603,0.59824023759665,0.853315517634319,-0.70031735127694,0.818840374274481,-0.0953340149003261,0.316550973090683,0.297999189882865,-0.613239417036934
gene761,0.185658016109038,0.621048261702564,0.54198647148212,-0.409134183904738,-0.0518668178232105,0.494926125961312,-0.331782283556837,0.285927377883543,-0.523695335749187,-0.658855783127877,1.27743610537986,-0.119902922447201,0.29843991583999,0.449050230522893,0.850895257086816,-0.272059997014341,-0.501489217843972,0.848779386120514,-0.347887409021465,-1.56833734662286,0.29989824839316,-0.492612449471221,1.29748379415376,0.286887378553991,0.0347976383302158,0.53943854585507,-0.736441716840533,-0.287926788906114,0.197049153933948,-1.08897501832782,0.412664797623096,-0.0725297136931853,0.737895366915586,2.09043588639706,0.328385281135762,-0.370694177929545,0.632171420265034,1.80035414211005,0.0548551127145097,-0.811840737783071,0.791488391344492,-0.138425776351647,0.074369698572352,0.175111121636112,-0.14315611592152,-0.0336071308447942,-0.531598029278123,0.680144296788053
gene762,-1.17339249573425,0.549150905472676,-0.832214109317724,-1.26419263008002,-0.781562137914069,-1.16419191484572,-1.45020065514117,0.549333395863232,0.448864537010989,0.760661024898812,0.0014429955185785,0.572443535483526,-0.22857303121007,0.102880223299307,-1.56233264054615,0.500648523868882,0.157726786525678,0.145794020947118,0.211760372491369,-0.974873597978261,0.610516109349788,-0.719929976232575,0.982609019016535,0.729473807493781,-0.936269668297664,0.925254148915844,0.797403825750377,-0.0677933823900579,-1.21698264161135,0.146958901588467,0.366786213893624,1.08882425383981,0.474723392107867,-0.961516689565576,-0.0542953801997402,-0.590989771567553,-0.131235816661364,1.17083225890389,0.174782675528444,0.409511239161005,-0.639048793503617,0.405677038082079,2.07876705826949,-0.731198439147467,0.0011593930696536,-0.0615637262772606,1.20064436966104,0.0223457917575765
gene763,0.429691633651414,-0.58800022366345,0.0966928636232338,0.847434475849948,1.92340806547089,-0.106030171032183,0.525371547775364,-0.289477813067385,0.992484641754162,0.0085688751648087,-0.39498719428005,0.446636814420554,1.44920472550718,1.5187118710453,-1.29222260138352,-0.613968241234369,-0.158408578874823,1.23735984905736,0.722493835771739,-0.865054764254831,-1.14968194370002,-0.663312911225977,0.221033483301564,0.492302842951106,0.278475838149829,-0.283730446833842,0.728560118836267,-0.608791789059789,1.48864968399485,-0.33709246188252,1.18419402964144,0.0444519631971061,-1.24683122158482,0.454131829184335,-0.869011295269261,-0.660936946880667,-0.69918448464392,0.38330990617968,-0.639447515349482,0.446801111133548,1.35804977118977,-0.435881663166277,-0.0634762695982209,-0.259361947851486,-1.00299569773788,0.500392843281293,1.23874969846774,0.753985556336713
gene764,-0.945820448243719,-0.955417514697639,1.36385748163547,0.604770732026478,0.427974615765492,0.417975070202504,-0.97285613835308,0.655232974952442,0.346571310117902,-1.64306539212364,1.72423173552745,-0.0506691389702219,0.429430426878173,0.173112983136435,-0.39094954668187,0.931650009387701,-1.01787356367934,-0.268240061375121,-0.616671602021699,1.00495551907478,-0.25082253425462,0.495683238022107,-0.0993554789203537,0.0308046547563342,0.903293556877134,-1.32000672015849,1.20695941405972,-0.0602869101470469,-0.160871211267786,0.513336128788796,-0.702835981501208,-0.097264541163984,0.195425672779758,0.56911611167191,-0.43980533589516,0.425609103218654,-0.0612323733761873,0.50116624297539,-0.274566912917691,1.06579803697719,-0.230815912492075,0.987986201725543,0.481696076718121,0.25483605616381,1.75933522950513,-0.55350046775913,-0.632253516649952,0.838080952099165
gene765,-0.828377088391785,-0.448273638611142,-0.200539985729226,0.0912965771843646,-1.42044250056017,0.539857612098333,0.598807764381639,-0.279552157042703,0.361320044790881,0.261259643190797,-0.521883904152012,0.241575385202364,1.647360689268,0.988088762790041,0.405065471248305,-0.302501786098408,-0.322769822201989,-1.00957422031235,0.0357306092772257,-0.241577237846671,-1.44861064521773,-0.158917414192033,0.602187135338089,-0.652226135098281,0.296434119467955,-0.417423222570848,-0.272860447419812,0.586219741153323,0.0597777245400174,0.840544874508883,0.0986260896723707,-0.202287623450499,0.0876167701642747,0.759670574889659,-0.246728074365116,0.923296296394423,0.430584004108197,-0.0811632067717963,-0.471071583199739,1.24099965164343,0.230320238564311,0.484675396075101,-0.0270898953115911,-0.261333488269372,-0.164625402390253,-0.618776244677806,1.93064020750626,-1.43429929815637
gene766,0.16023809288947,-1.03415392137293,-1.30979441740048,0.333062288602899,-0.22201635736722,0.501475158105475,0.642040709818384,-0.595916035429923,0.182709016239765,-0.079031175549217,-1.38398215315785,-0.897567600521832,0.831409823140612,-0.804215204174424,-0.230625467651548,-0.0528765503806159,-0.468361426906371,-0.838745611219226,-1.04671278018402,1.61044981794635,1.15782690697298,0.973810825942671,0.151006264687172,-0.659886723643583,-1.10412975163326,0.835064668132428,0.0240117067723415,0.0920386014480114,-0.780900662671543,-1.45674410844406,-1.3350542911915,0.769179800635252,0.311568146679759,0.327624886031543,-0.0968679597518269,-0.401234376936537,0.688098233007522,-0.51621062065693,0.712389418874893,0.505336960100959,-0.323460284378211,1.08042972635468,0.619054618366857,0.573855381283245,-0.140768285740325,0.769743846815523,-0.552978794782023,-0.826511772373251
gene767,0.519791761746997,0.481873538042258,-0.0407988698620339,0.889838810359933,0.573509638788162,-0.847311143585268,-0.799483712179085,0.158424264316996,0.535097409771412,-1.39940353073387,0.736336957272027,-0.831933999454762,-1.69735558311295,0.21010830068666,-0.391090837298158,0.163102274642501,0.0821481806236594,1.11374336800348,0.231352414149789,1.47985244806392,-0.0324793610179662,-0.0067524668504878,-0.854695438275632,1.17087199586193,-1.61169961638342,-0.135768993992758,0.251269531169315,0.536294384621486,-0.0543690015334623,0.0443437718356896,0.412852907806343,-1.48281361740631,0.527137187522106,0.810227651107476,0.0364711697384786,0.854842487520024,1.00956692376599,-0.875344265113344,-0.979961277453612,1.17053200152356,1.81923741506379,0.361786827515329,0.363395789814131,2.14160806503975,-0.547489467198191,-0.122274837959813,-0.0005939981079153,-0.488313690488452
gene768,0.63119945893242,-0.0950281104759152,0.402044404954151,0.177099324702024,0.627784444126154,-0.493140419567423,-0.541838736427627,-0.0786548642344465,-0.342810516393954,-0.147874340982512,1.44375959706825,-0.200208233724448,0.608665030600974,-2.18152569944051,-0.33357953371291,0.70363827410003,-0.110756139456641,-0.240059202528218,1.10351836017073,0.0830551771784123,-0.313583355047999,1.144118556621,-0.0542206086576873,0.375331871802474,0.251837847775039,-0.649391706586798,0.241254760675107,-0.752988449091082,-1.02023789435114,0.982600290183463,-0.650719472281435,1.24664911576523,0.0259982535163405,-0.991702417934875,-0.290948708313092,1.00110550797317,-1.83520388326211,0.168335749954139,-0.127620114803578,1.24261584451987,0.298125860162153,-0.0572691435812738,0.342008491450466,0.983801592048898,0.868610259614738,-0.319313144895041,-0.116891818971022,-0.377598387384204
gene769,-0.403123830080779,0.631194977389413,-0.524566172916043,-0.254446223071808,0.611015189759834,-1.28702759405914,1.22802895739652,-1.75759045725525,-0.3943406392489,1.8880464312358,0.694395439990814,0.526688181858401,0.889705095702969,0.0269687026311709,1.64382078154547,1.77509884839685,0.121028852935366,-0.793581928769335,-0.0746079397823848,0.006886569049401,-0.113348260242858,0.0986223856917262,0.40079172159044,-0.495163185186063,0.0656825109383254,0.0325171869020868,-0.830323789435866,0.252703888244887,-0.156547826205337,1.28948400603088,-0.785936853920638,0.857321143269296,0.618712423744385,0.722028051855983,0.384283369809339,-0.680916740031819,-0.963809056060498,0.320951694637609,-0.428939228556437,-0.557180900767998,-0.304730381335697,0.197080903169053,-1.12248316909534,0.219441989016229,-0.0629360916687207,-1.77157773024429,-0.425184250878933,-1.09119365589398
gene770,-0.133629868293077,0.0084992843779254,0.618941610439593,1.12547225667723,-0.91868407109158,-0.731497130819275,0.401749845630364,0.623043449726587,0.360205260447528,0.0438584358505063,0.366839925990291,2.17438387822664,-0.402765221005183,0.340270035327009,-0.848895578060781,-0.258228615167008,-0.472467218087049,0.196072573638228,0.963438197090841,-0.393199211389996,0.758980307760237,0.301514629186138,-0.271572586528161,-0.62667829828845,-0.382181642251553,0.872842658491776,-0.954921449156786,-0.576346128137735,0.94897160560402,0.562891026421667,0.0903846748011874,-0.927001145553371,-0.911700914580868,-1.15699365781743,-0.760188346287738,-0.251786779797483,-0.475500080843403,-0.8828199051316,-0.908627114455311,-0.672789599093553,0.595281176516001,0.400281022141033,0.749160880588646,0.0210855880055577,0.318706376306089,-0.356532988068118,-0.442255156702265,-0.399710253144272
gene771,-0.356546748911669,-0.21498346460882,-0.895046666526988,-0.326853671777077,0.067572983678659,0.459455483778133,-0.626276495483725,-0.145275243788848,1.02965975648896,0.436776036093163,-0.322365280256531,-0.232031439184267,0.153787361819609,0.419444047566029,-0.269648561679318,0.292825155748676,-0.795114367745818,0.286780931658538,0.533903695971041,1.50899145476947,0.235575038783333,0.167272085805404,-0.711980035676956,-0.332142752693632,-0.495370080346753,0.532408523174696,0.0304330279911147,0.624176664251601,0.444885123525546,1.0398771133688,-0.594471030601949,0.610445473752632,0.66264303123651,-1.54800760493815,-0.642669755976822,-0.269729260229299,0.231258561501293,-1.35601762680992,-0.28467772018251,1.07262457426069,0.353754884714175,1.12355219090596,0.175033022702836,0.476302369015726,-0.106885738703637,0.585254328220857,0.224476099613017,0.335355128977928
gene772,-0.489177197626162,0.0259681826006852,0.418476687596358,-0.281367271055606,1.50279951827722,-0.671293471952038,-0.172100536926573,-0.318343477108543,-1.01270533003197,-0.216426563761722,-0.107222588915199,0.905089240507769,0.564701248358467,-0.060918853638765,-0.968640253795492,0.38970420796452,-0.300619695714347,0.224404654793885,-0.35486117182897,-1.00486710242234,-0.325928182239762,-0.664140761197609,0.588155072293823,0.16128355844094,0.805962802707549,-0.0824641571149117,-0.645164316320133,0.11837154590772,0.161603356853341,-0.361061621078322,0.0687414187680989,1.06715404704112,-1.84359304007956,-0.248697233269782,-0.746233864019665,-0.661588769681263,0.424055127797667,0.142449307177121,0.627782276443232,0.244796924992893,0.7389223893157,0.753623970530201,-0.578726213961079,-0.248682931932236,-0.987088738961664,-0.279436501900845,-0.595651289301226,-0.273951874912421
gene773,-1.32462804229383,-0.114328324101199,1.04586067072899,-0.0700071384720292,0.0933015219009832,0.478670141597376,0.799730005433981,-0.0351062666730572,-0.602227770155012,0.641702270619743,0.798038155791505,0.841450505645536,0.943894630980442,0.493720371496064,-0.781914890150334,-0.0553353163613893,0.561071020213479,1.75800331902559,-1.36686773296601,0.550247939553537,-0.401812505604279,-0.84718413060485,1.08003608919624,0.791705758994409,-0.0688019753541801,-0.843507323964231,0.187159508768458,-0.649916461558214,-1.00393540575067,0.10763965791179,2.0637733552649,-0.610936046553723,-0.577799822666864,0.83736656215772,-0.736319844384063,-0.357511057091811,-0.272475856118546,0.645257167622869,0.233724252326532,0.997008811353476,0.784632967065221,-0.113958477670383,0.35047624211564,-0.641443701093355,-0.573816005150912,0.534869050225904,-1.06627855374263,0.375634587427813
gene774,0.398444022748507,-0.916109379624586,0.323051875482242,0.115188399593763,-0.156910310633457,-0.332066585534998,-0.117003024159063,0.574457605184111,0.878390821034372,0.360627081668978,-0.467618324679297,0.561637941046943,1.22026232049861,0.253088366078437,0.64951379266194,0.0399510801750508,-1.56509402142202,0.0876643117975961,-0.956562827941396,0.0361847066518217,-0.180324184684845,-0.239474729159235,-0.741530820971437,-0.757969454383238,-0.536714540842132,-0.0349677144045906,-0.0232038207352547,0.197184148503783,-0.11918119982,-0.205014093998387,-0.562920664900852,0.689308341658142,-0.689650238882544,-1.29598710194671,0.450197462646169,-0.374294075483923,1.79690322629675,-1.72564975187687,-0.0757615390694302,1.88588916123495,0.487278776292064,0.0789234627217428,0.512420407738563,-0.266960630300725,-0.372065423003606,-0.833197609737523,-1.16999255143068,-0.966170350608276
gene775,0.962470479519584,0.774033064207136,-1.55266084929735,-0.739853780166024,0.664217664584602,-0.635326740514944,-0.122307860062932,-0.0204544243835734,0.193316524372017,-0.560783116745421,-0.808332836944659,-0.141301355257998,-0.0389054592141372,-0.693420795836827,0.531780536189923,-0.871373897938427,-1.83922404616363,-0.816259296614523,0.0924252424901125,0.882733980412327,-0.342478412619173,0.106678835754749,0.0313238656929828,-0.634597607465324,0.0409789579780629,0.054095290200501,0.877644692585966,0.807297345986392,-0.624897955382269,-0.570109381313313,1.12718678207906,-0.413707911205354,-0.294892472690499,-1.45140693021547,0.299048938128839,0.18183800708233,-0.527625378710638,-0.868887554477101,-0.171083012367573,-0.420736518393639,-0.136062172564826,0.150538664114847,0.453700611170839,-1.00598117061692,-0.159210072031405,1.90904583400143,-0.0904631209550863,0.0172923410918956
gene776,1.33660956313761,-0.0322671504379771,-0.662777376259261,-0.519500237217509,-1.13902882927464,-0.843942761108776,-0.21306401818315,0.421378650391547,0.732916355129218,0.60188843943007,-0.508425838748451,-0.0238536849205241,1.11846973084061,-2.24540655361357,-0.158780538970458,-2.16558331277719,0.544265098547697,-0.014407370794011,0.388223567997088,0.0869653966542512,0.320312379310655,0.82399409394569,-0.210944520861572,-1.29364483182534,0.359161004219307,0.517407484651859,0.170004139705556,-0.317184563043554,-0.0787120293250165,-0.13202671684746,-0.113607526216847,0.497212507659766,-0.106928485962296,0.01074818111821,0.45970110272574,0.76490663568753,0.871840213853995,0.572083893113589,1.44399231381058,1.42626530485575,-0.21562006069834,0.750748633514216,-0.51168837735602,-0.387000983735935,0.140681142790577,0.278130358067496,-0.894546995275233,-0.823779317834359
gene777,0.172303334480032,0.346020255675333,-0.815549608187063,0.175951737611076,0.711224574963531,0.365373626960244,0.804741752552464,1.24600136352436,-1.17350550589749,-1.01253846699451,0.0399803280326091,0.589604414512748,0.906634076960704,-0.0583042376265371,-0.324741784222534,-0.381968045237152,0.0782460988102285,0.725754393038592,0.384991991880599,-0.920663689103783,0.261814747738563,0.803429224724205,0.129428181390356,-0.607536808457602,-0.496049677183316,-0.495238492835785,0.70714230995466,0.698606039855206,0.0176844373783577,-0.303005343292827,0.211629278060635,-0.161279439120136,-0.695047847720349,0.68962459681476,0.521892631402198,-0.309805715108316,0.428166388724951,0.714100589866381,0.233156315875105,-0.697343493223607,0.0999402452680646,-0.448112279761978,1.41519242669296,0.0982016628376028,0.173040803918979,0.647621274107084,0.340814577338398,0.886830309842655
gene778,-0.285180579006145,0.280539721543938,0.554518151671582,-0.654692399769318,-0.41274628473028,-0.366776091340125,0.15711631141281,0.0915229640407006,0.240799504372926,-0.10985888738885,-0.11068338258719,-0.27304267770634,0.446830658411865,-0.284898161962954,-0.0550905459031161,0.18986752535588,0.0694943822530256,0.115713055295277,-0.930821757981715,-0.490211415984474,-1.2765666467044,0.303816593358823,-0.0727305900330753,-0.0724803977224704,0.985237412525623,0.846069552470069,0.0397915979513608,-0.0460794415182446,1.10486121621702,-0.224130708491304,-0.276766545946034,0.656119534719388,-0.130028510652132,-1.05566290396137,0.0193096642478141,-0.0929751229088002,0.339560080849673,0.594166124859508,-0.736253521690107,0.286101725069119,-0.284615952762644,0.113823431029943,-0.652560673671186,0.43855271125484,0.0482898514677919,0.425881837476485,0.119838228596657,0.787749189424731
gene779,0.237381979164559,1.47093216617283,0.757790995808047,0.152179743216161,-0.735812916075908,1.00871008659284,0.798600605694791,-1.78838982740027,-0.0455421606587461,0.47277765863928,-0.310232686994717,0.109215710413263,0.69798223617279,0.596788115486957,-0.649002061400318,0.831883677552216,0.912154657460559,0.629700325637752,-0.264599244259055,-0.201432409482796,0.489775248387882,-0.571118069680957,-0.101206523468132,0.444676086533257,0.038562882261554,0.521812627837395,-0.971397730364891,1.07405035332572,-1.04852921971105,0.65287315472496,-0.177409016924256,0.264874938527618,-0.585965919516818,-0.201344604592545,-1.96661086923844,-1.63201022831914,0.0557294022948999,-0.219947162960822,-0.38311118273821,-1.15307717911893,0.337338525664439,0.846134858062909,0.0085050584034521,0.990795416083297,0.116666385570675,-0.837541382578462,-0.0700379617997232,0.367679194689647
gene780,0.139412096045485,1.32908192917628,1.00999385037344,-0.805005637825501,0.0956827567184004,-0.0475573726636125,0.263392766309295,1.20119796859249,-0.0736755709462142,0.224683945801092,-0.385850864302784,0.539250843218003,-0.0894439947854965,-0.347566491767461,0.895976092484607,-0.0368329130091741,-0.200233640943015,-0.19921604925255,0.713713609206136,0.344314190246585,-0.0349291801829996,0.434988742449572,-0.522425795367805,-0.357089414171005,-1.45164674607859,-0.553308639739293,-0.797782315283801,0.52797358564603,-0.0052331360581272,-0.40038623629951,0.162705250201342,0.25793866986254,0.351502434019182,-0.552587878761337,0.413535378186662,-0.136757674748372,-0.19277197654987,-0.495255477061995,0.385477340775498,0.51876215254824,-0.358087123370903,-0.446909222874219,-0.228272304644586,-0.57002278054694,1.41128404375621,0.218585210581852,-0.639386717349567,0.562818713791405
gene781,-0.556234886470536,-0.750590702191088,0.652601875076607,-0.648351002755532,-0.678756632415072,-1.71965421295696,-0.613191227342945,0.49345964831188,0.0834950080138464,-0.350538793869102,0.151731423187089,-0.45196917625042,-1.04533973976546,0.235728828415214,0.596363926659334,-0.17359784745825,0.793353073468531,1.23563731841301,0.0904587760463668,0.134525769920191,0.467842603895587,-0.760847716577701,0.535950426412767,2.65594272425659,0.206711680292814,0.31420886588111,-0.103707845477978,-0.646890231279323,0.397520804439548,-0.182445039203022,0.543559815653999,0.137245719868391,-0.354736694898126,-0.305892812763024,0.534285505564826,-1.30794089202519,1.06478244319184,0.0280215721707548,0.82564333800019,0.549054108652899,0.0935567490406836,0.131190105460404,-0.272110289909061,0.411042054155257,-1.81567508008159,-0.616793723517424,0.247960284970197,0.729218677485315
gene782,0.392454545542128,-0.087140710038001,-0.31092927155112,-0.0850642961200479,1.01089225492048,0.970919475333538,-0.595659078661355,1.29988040549568,-0.819292087245382,0.87706672891313,-0.709795055483,0.474306100956449,-0.206867091249858,0.89466286103087,0.52883218680723,0.221496102525881,-0.484573650261951,-0.399989963139465,0.173651894741452,-0.408145939752217,-0.221199294295455,-0.0722153863345144,0.263598524898914,0.0400017092373968,-0.251688289698701,-0.229906716180178,-0.397729767334345,0.593331887594494,-0.187411944023329,0.389954540497311,-0.420296767593556,0.123841164428863,-1.42560534898644,-0.461778459847693,0.623114264378562,-1.19453099625236,-0.826421953331547,1.1247005757949,0.939802687929382,1.08091286769332,0.298655435549445,1.71167980311217,0.367187572880818,-1.13439369283607,-0.251861573320218,1.54014299615562,-0.552592400322924,0.101181823038226
gene783,0.14448924461895,-0.214704632397167,-1.14119140777296,-1.50140878731839,0.246569233380397,0.0500417909775628,-0.413102527474736,1.19640310744987,0.884619866397773,-0.623238042843876,-0.488682362763057,0.35715903705505,1.03806376325586,-0.819468302102377,0.111009827673225,0.413361249229723,-0.155035272310117,-0.0408241168325371,-0.106196222496123,0.576080928741633,0.366237147718341,-1.62393294914758,0.149991764198025,0.392736809429639,0.163793382175191,0.349687437575636,-0.10572381839447,-1.72773113279626,0.211671311345263,-0.393285681833899,-0.56718394820246,-0.492900690062849,-1.38401024863826,0.866410672965784,1.52098233876141,0.387505232659649,-0.648973524389275,0.737102296165285,-1.55214039732333,0.339766253414691,0.465876724631546,0.166097850469916,-0.412620990502775,-0.337611572780094,-0.662062224304423,0.101377996714935,0.0505140955826374,0.213975600930174
gene784,0.472338167090952,-1.20107145214945,0.823723741880171,-0.778686090852018,-0.1744703633982,0.153098428605344,-1.3169356477355,-0.72219128750414,-1.56383149842342,0.53897823553758,0.807279210966194,-0.531001574337558,-1.44237489931657,0.169541517245392,-0.244282147488358,0.267194771419615,0.319305801615022,-0.100313516284269,1.08039760665821,0.645671842911715,0.0283284538006317,0.159989369907254,0.678179496778878,0.502734273575438,0.42219082892897,0.480127292124873,0.392014195349708,0.0611370790838698,0.0122637525129448,-0.175116976300686,-0.0393201473597862,-1.62386485555615,-0.299725114670869,-0.426386521563865,0.750639234989963,0.531948654667503,0.621991165274634,0.264248432708262,-0.500177644378439,0.11805588912,0.192318961398399,-0.570699108455215,0.515245961795867,0.629324025920707,-0.652606650097114,-0.549149975279811,0.811341511453811,-0.0857917261043856
gene785,0.887590589647675,0.9157757900106,-0.985632460991451,-0.299272484031776,-0.150281100150467,0.914784313363312,0.388137776524602,-1.0054221741975,0.273961640492108,2.34868082108339,-0.418695829661475,0.679716002370119,-0.904056025084219,0.491540145721292,-1.29217454403775,-0.143588563637786,-0.30234472294949,0.0052447284758353,0.210762950366709,2.02892538227355,-0.0696824316784977,-0.580698474926247,1.304637631017,-0.136121764632503,-0.0950751112586158,0.19754968883927,-0.553389978077029,-0.653831380956756,-0.0832750452692915,-1.20245433217309,0.413058423165903,-0.311028606478253,0.248455707742037,0.0990152702194155,0.189694983728882,-0.495542739113182,-0.373377716312603,0.156146406602976,0.769056636975046,-0.0537930846169622,0.411016535029581,0.554431612680884,0.697864752353083,0.263238919522924,-1.88948119621472,-1.03164262463285,0.657540160464897,-0.0700537157437746
gene786,0.478185491512324,-0.365436792520247,-0.988410848562568,0.471094994622931,0.703523648697005,-1.22611933513659,-0.624748514777711,-0.361790829991313,-0.431529893682163,0.709005247605534,0.0532153150041994,0.61102105303686,0.870491506088449,0.464553022699984,-0.102442667445964,0.517042336440052,-0.215867264791886,0.0301075332964945,0.615689208209357,-0.605341541358714,-0.252651734272069,-0.596112837421266,-1.05806334273613,-0.79013221691296,0.48672938304274,0.387644747248613,-0.281268377329877,-0.22723462361059,-0.675976895179927,0.298862515704818,1.23497437425317,1.02576091228997,0.661607582475518,0.481771089682855,0.533566267082897,-0.44894318338774,-1.2020857156361,-1.02609805492303,-0.429803899317773,-0.336781161048379,1.19278513484216,-0.677378940630928,0.602993729951861,-0.601264147512891,-0.512993497465773,-0.368153546535636,-1.01310876724118,0.201821588407962
gene787,-1.89084400577908,1.35501345802068,-0.0437885764377561,0.639543126349962,-0.344947780166111,0.315180363901665,-0.553440750515581,0.470668943120231,-0.123290123750037,-0.0490373496789057,-0.202520307695202,0.949514712433187,0.723188907322911,0.780008588121045,-0.451818968067594,1.70006176178709,0.879001967852267,0.744300863248369,1.79011083632574,-1.63478898322426,0.946918122907747,-0.612934676077523,-0.300346959066691,0.115816024538409,-0.16013116371161,-0.454660978210885,1.00583150661084,-0.325890585460552,-0.317194664278227,-0.33869017331184,0.102248651433667,0.589223297769402,-0.414129282524626,0.787165789874371,0.72709870860483,0.0929543266505457,0.0661433462250447,0.0532220933608102,1.10139578958684,0.451996456663219,0.30212687896135,1.0466198604182,-0.577628164894177,0.239696870445732,0.115131939950105,0.956018004077755,-0.53741734969407,0.171017794971195
gene788,-0.0324562286820585,-0.01491559793492,0.542086512357435,0.656322103580754,-0.331096129993725,0.0486741677208165,0.960884546678761,0.467851486887236,-1.79483917571469,2.03910084947209,0.405238429115193,-0.513565736534276,0.223067151955655,-0.118585694167254,0.0118076314919741,-0.117469515665578,0.876524121794702,0.192896316051497,-0.796109570517402,0.139957487623926,0.363427876263337,0.0330602826599378,1.34219542701624,-0.279973345570641,-0.862927988900555,-0.239964279437864,-0.553644530497634,-1.36010753447369,0.529555772666788,0.680754596827822,-0.286783926326166,-0.668441354590882,0.496534116593088,0.506879117975778,0.471707174760013,-0.119558952974223,1.01424465989557,2.82771118121369,-0.188624623492737,-0.278553295776185,0.380127826660408,-0.0377152867520177,-2.1782901016412,-1.0815652034525,0.649314879825688,-0.0283376459386335,0.696759151415888,-0.217013995365599
gene789,0.649637439104593,-0.564581847515001,-0.395065985108764,-0.0579973558937474,0.0058853129286896,-0.896468174240361,0.50708161929787,-0.597357147624749,-0.277439269042896,-1.57350358006819,0.554126649151442,-1.81210613495454,-0.506162201830903,0.506321742386981,0.963550163167974,-0.922416259909712,-0.123447718697479,-0.981279940931029,0.203094702076561,1.33403221467257,1.03725864946273,1.06889042868831,-0.0473157935158962,0.0326013822963209,0.649216161151742,0.720975272205393,-0.894437905646,0.673090225483231,0.427108479966372,-0.671799236139321,0.287416594794008,-2.39281907651929,0.387223103730171,-0.762935526767571,-0.572887452518515,-0.742322848659534,1.2845842425282,-0.0888113169596547,-1.15913552891905,0.107544545114807,0.170964416576883,2.60863843401474,0.725392421960745,-0.93380149024932,-1.00516384457205,1.81383959331883,-0.65817409330188,0.308508216314349
gene790,-0.0856444687864299,-3.83989101208167e-05,-0.389957841022994,2.18407334074524,0.433871556710108,-0.569942615620102,0.235001105518383,-0.30007415931283,-0.920021522173784,-0.36637940614578,0.107294938361816,0.602105167571503,0.295750197212908,-1.47118792057811,0.93720827634674,-0.423837947923704,-0.72737988259498,-0.075994373294785,0.510789656329877,1.47034691995802,1.64341045247084,0.175193338420681,0.920471923259866,1.36116390213967,0.0731872801308499,0.521181624900451,-0.355244224359279,0.151133582497689,-0.117319393466501,-0.0207348895368197,-0.116516937504924,-0.248593339659021,0.508429592426888,1.97928323630339,-0.0716020220811869,0.06306321368548,-0.85946710432514,-1.99456954088006,-0.318912369160109,-0.0437590292226796,-0.234793272435297,1.1340766852527,-0.20759673301354,-0.193553221870938,-0.829099729674077,-0.644274585400419,-0.393423279578462,2.59299426920425
gene791,-1.08309619055589,-0.0536149204158187,0.6737569905542,-0.321392352284796,0.82967889444616,-1.3654852618043,1.47966409112512,-0.204774021091448,0.948273739751672,-0.844524358321209,-0.791966740915006,0.478801202178719,-0.903900536672715,-0.109467470965668,-0.30824504077839,-1.83634581953548,-0.22745072253366,-0.651899407348378,-0.0071453972790413,-0.1709523055965,-0.372646161802094,-1.58727073316212,0.241880858213537,0.279832417800296,-0.633479360824166,-0.320319605006494,0.390039771488329,0.197040498941979,-0.755078127271693,-0.529931964224511,0.407408780055675,-0.487613522294467,-0.706691694043697,0.643574250756607,-0.38208087348774,-0.546128093728274,-0.855236085095907,-0.0504290943703689,1.11785485451172,0.485902702558751,0.173873699338504,1.21586154762772,-0.0196230164131121,0.868688826334736,-0.569948205823185,-0.277816297773627,1.22642515232022,0.0217567845754162
gene792,0.965010868991643,1.30824528565275,0.545764616914385,1.24884851092806,0.031785347484393,-1.72466744777718,0.101741278364605,-0.0529518018272309,0.423019029583626,0.823036525610214,-0.305733004389006,0.559402726058171,0.882165045113552,0.890286393544777,-0.279991845605848,0.274958406667934,-0.455825798863998,1.61450819173892,0.668273991511426,-0.878536837076185,0.377538283801959,-0.567262481214159,-0.376483116592575,0.0093389654099285,-0.398154692317868,0.0827708793155599,-0.397330270199837,0.226584046545121,0.777199017157519,-0.0858740506509318,1.16542749035169,0.259486814797169,1.56842582008396,-0.0377813378759998,-0.610048621812226,0.938367675065899,0.691516748647261,-0.685186102192151,0.897226956695671,0.273230016986596,-0.014858577777479,-0.0024077944667814,-0.210074733960869,-0.470409693028326,1.01020051837474,0.776671163213011,1.18203784842809,-0.55314995426918
gene793,0.261539639886008,-0.235805905525054,0.359409551363014,-0.307749671198494,0.0695500484616559,-0.405454833072709,-0.461816317599006,-0.0322885181902687,0.76593956835447,-0.71333076522664,-0.389576046473251,0.310109585739288,-0.638890991185365,0.589897501908663,-0.668576004308906,0.0770502490432452,0.368974074637248,-0.0202573254345573,0.598883537602094,-0.255031530873685,-0.382312121245058,1.12678519730494,-2.60215731228987,-0.687465593524591,1.1426068624392,-0.323391475180665,-1.12053801756779,0.374813259019028,0.01283755117581,0.63611259680265,1.18259743087299,-0.0680965976704655,0.243921951920648,0.0741728201441137,0.827708842329441,0.221343532721759,-1.27128862770605,1.10414221255227,0.583126045272981,0.029743328146759,-0.317545537450521,1.17142936930668,0.530463459063639,0.0499433109109409,0.0533573292177625,-1.10955899377841,0.275861697809507,0.640080437338323
gene794,0.559894457892182,0.671795425418374,0.872221567642244,-1.21045039146233,-0.385526275558177,-0.486065247370495,-1.27948595622735,0.344828585527354,0.528931460378818,-0.633320013404458,0.497920521271546,-1.65882483593758,-0.936344113963456,-0.352011577098698,-0.0284396804604878,0.618244876784762,-1.37530413080051,-0.0372056291692032,0.516513496444217,-0.663135081086527,0.271672219419694,-0.536056625243365,-0.675720281150692,0.0257624077314352,1.64918517751906,0.565099337504708,0.378367795918229,-1.11781601006414,0.352230244287772,-0.291730182558998,-0.22279145387636,0.0270441919175556,-1.01572451558961,-0.155921718771006,-0.82626461127088,1.04160942928474,-2.24529049000886,0.0579717165709532,0.0600582632092843,1.53743536063103,-0.239325455419715,0.495659959906856,-1.30615854295318,-0.809339055622199,0.796633044427182,0.0825666890834415,0.527807592405702,0.0369494004390155
gene795,1.20841319074938,0.0318993248511595,-0.59800269474038,0.203911401701637,-0.625783777035162,-0.111509872253026,0.846964559841667,-1.14708191768268,0.654104381778966,-0.924830577171003,2.33854584446591,0.463235695925368,0.796718551541462,0.296625742952293,0.578954929864367,1.6081749168228,1.61903138853896,-1.13395960138713,-0.425002614367245,0.948555726384279,-0.340979033785694,0.233865707192505,0.0592159141402341,0.489998253971392,0.995343785119741,0.0559903307020232,0.570419710974152,0.539360528749704,-0.811558009362475,-0.693627008950154,-0.184759909604954,-0.535138574442927,-0.825194014010278,-0.0500510756078517,0.373324741211222,0.649003243478283,0.732430099508197,-1.04394614919737,-0.11893015824595,-0.0381976800665524,1.07912353928292,-0.376899528527502,0.333790574863047,-0.710756473716216,-1.18825509578595,0.0006985212615434,0.780852216908242,-1.00845558473714
gene796,0.477099301686878,0.555555568484782,-0.832792522210644,0.450964411419964,-0.348132328635055,1.77443608044819,0.255240474881869,0.155716391206333,-0.231405494335125,0.19992242568326,0.500368749766132,0.388599737201744,0.761958486918223,-1.273872671597,0.338063492392442,0.16479515953414,0.102075965732108,0.0464268708968461,-0.042021342808693,-0.28967366445793,0.811703056565011,-1.08580603265478,0.58352947401879,0.573731384232845,-0.835579272167775,0.75289576780726,0.398037852121868,-1.1213881536554,-0.445251048636893,-0.0609712261152193,-0.581860443954707,-0.0656671974149626,0.916885542729686,-0.130305858661292,0.790241088698385,0.40260609353538,1.28665485499686,0.397972744999964,0.505792232649544,0.0226968122771783,-0.225174562519504,-1.31116533821718,-1.31627420390164,-0.163257853926545,0.124915296670476,-0.746012833158655,-0.262749110457518,0.952241519619113
gene797,1.01085934906276,0.743209363049843,-0.215132802869565,-0.493377005990542,-0.178025938516816,-0.618691467771577,-0.386146957443199,1.66723315686889,-0.0349519212002107,0.273196177585566,-0.0125306805831549,-0.804059230292301,0.184970078831997,0.604032597342801,-2.20406383013255,-1.40894402196866,1.13091629892734,0.500975439903617,-0.611465510414815,-1.15329986460956,-2.64704646492215,0.376288228594689,-0.412854621532157,0.409721476489977,0.320516917774745,0.542165061681109,0.141597701507793,-0.638657975298815,0.556281061781257,0.27175674801599,-1.23614629568058,-1.08897472887137,0.912488898683111,-0.40864995619595,0.312157909991525,0.211074675948587,0.512856422987226,-0.689701388031225,-1.03115020626651,-0.771911374756588,-0.0908885177630469,-0.0521947007561932,-0.110440824191389,-0.113078843400128,1.53164074874858,-0.414329877885604,0.732453345603387,-0.364037369890378
gene798,-1.4188872873545,-1.22650771190616,1.78880523344196,0.0166890026255525,-0.292816604747345,-0.661085333733727,-0.327228045317863,0.294760376976883,0.216776273178681,-0.166080256342328,0.685306992631424,0.936429207074405,0.751082809250973,-0.658868924581175,0.270574602449415,-0.376007924476448,-1.35123659526745,-0.645492154156897,-0.509077891498683,-1.67415925490102,-1.21047352852731,-1.38644053237113,-0.311243427068422,-0.623041325498952,0.859722558916475,-0.205618221181717,0.343450603940104,-0.302786887574415,0.120827292976994,-0.0847069596886035,-0.236880359488975,-1.64060456220747,0.473546950851637,-0.528089430169584,-0.389965307436991,0.379998430706783,-0.546189397385081,-0.313862276175943,1.5111277048457,-1.62781599390221,-1.28470187748134,-0.209001092345975,-1.00842658142644,-0.64200896999125,1.20046565792141,0.197335195621648,-0.648467636843075,-0.282243724579598
gene799,-1.12139515733643,-0.453092550629278,-0.652460543223482,-0.880763726514928,-0.0721842336157699,1.13869303646983,-1.26498520973228,1.10194313007784,0.706625892699099,-2.2096533192676,0.896374411982528,-1.70478557777615,-0.602633514890632,-0.396086825036915,-0.78903629855354,0.337102307939103,1.38701436533231,-0.296108047247718,0.461004617292403,-0.736482011679097,1.07275738406108,1.08013292014455,-1.70532647501271,0.924285114620398,-1.15818379174723,-0.661341378252622,1.08622175352311,0.535621821478687,-0.161275481552409,-1.46534295842693,0.483716646917626,0.273980674774254,0.316820796468613,-0.751987420542472,-0.0283213643001214,0.128951660637689,0.372388418274687,0.605694644973137,0.171715519845137,1.51032341805718,-1.78811430685305,0.682641320131116,1.26031331438138,-0.849333068946906,-0.298364438115941,0.901847780502237,0.927029574554612,0.60899320902667
gene800,-0.31447855226219,-0.467586843342042,0.369569631429925,1.55173729378501,-0.0268975837716124,1.38543378960216,0.380384671599482,-1.63262621410799,-0.870716877534893,-0.505070489647784,1.28002068132989,-0.582070822531822,0.239031728545681,1.24194137764078,-1.0022825050236,0.0330128195373908,-0.551410236191193,0.257398345290887,0.602027810178199,1.65911935439534,-0.967887271372913,0.168067610251272,-0.153412926455163,0.917147996562677,0.671629980851677,0.227471081129804,-0.518618458612,0.0924108845670653,-0.14946322597823,0.988421033100928,0.165038097313667,0.331614685572284,-0.817343768916106,0.503938749834968,-1.45397721668546,-0.850584078999547,1.65926552259537,0.275167037685227,-0.212219592619874,-0.467733140755988,-0.437849740373797,0.325677196707583,-0.11542999314513,-0.170648084483007,0.192815311628931,-0.903460870052058,0.665032085017832,1.10284134149732
gene801,1.65243635848236,-0.40662363141591,-0.374241587260361,-0.790306209259726,0.0651210947400959,-0.181165366890112,0.269537768298146,-2.04380163036159,0.611133978911547,1.50337025968176,0.701438194420369,-1.01105752703621,0.175861789121456,0.703342829188659,-0.15500442276851,0.997874434850548,-1.32772350746742,0.649703164684084,0.860201954598888,1.05605433132453,0.0436270740250601,0.348835327130111,2.34621979397706,0.855198555289646,0.532676507492309,-0.0359406414374001,-0.130183357097791,-0.101551798445423,-0.0506560114580213,0.526201619064926,0.364054177910862,0.189336582059912,0.242224276812223,0.0410625947048631,0.495101252623894,0.0255032622072962,0.199791360282982,0.0519728133819078,0.66392321747135,-0.306612417771594,0.351553514976316,-1.96914530501708,0.11685500613478,-0.250584850945599,-0.0850070756952732,-0.100778032991007,0.0082432496909112,-0.492120991995729
gene802,-0.435307735169837,-0.276391510920278,0.011270646337632,-0.168001006058197,-0.180587031560705,0.161009990725904,0.256417634211995,-1.37474238048299,0.724550404339388,0.252169818253661,0.489465592931998,0.157772028706915,1.90189972537163,1.30422603624341,-0.014500672609271,0.475923484741293,-0.84540367003473,-0.112194284685467,-0.694762500829101,0.0121030702658258,0.195253885566734,0.0820419838356029,0.56484168570567,-1.09062283860199,0.974780016852429,-0.218455253602043,0.432483433269024,-0.184995470318063,0.547431021367824,0.154434615673088,1.15984331911325,0.398265947634322,0.175031021976733,0.594307791551695,-0.0441159167253602,0.22255798263902,0.436711058886604,0.38688459277221,0.520685543803112,-0.200480829040599,-0.0379290598066557,-0.408770929889498,-0.534281401732831,1.20788540837515,-0.210184721389108,0.949271754662102,-1.08341396369031,0.0826252262421985
gene803,-0.199950171648324,-0.349174369550236,0.734631839815797,-0.118963792866307,-1.18020675438265,1.01554109687732,-0.188709192580203,0.376243658211619,0.254314365504135,-0.305523368370608,0.945353694849206,-0.268748205609721,-0.24747979324963,-1.13172079159931,0.353498732667795,-0.433007157339798,0.301046891490303,0.271362080481322,0.102930404224807,-0.254138508865514,-0.940738095278179,0.683802079287196,0.889571322698683,-0.0898208412742387,-0.436133194178244,0.410829512108732,0.508172579403116,-0.355303332247671,-0.948703271970208,0.253541641754284,0.550405523982359,0.246201093755363,0.684621611782385,0.808407699786549,1.27695902373387,-0.511204323766972,0.350916641228026,-0.469328590266062,-0.971684323621764,0.0052139055139319,0.807496059726296,0.535866100841364,0.0784028612008238,-0.873027840515625,0.872912996491481,-0.415252897769729,1.47997865380529,-1.5260726092073
gene804,0.671743714419071,0.898105567073797,-0.103689044823717,-0.268375854059391,0.196178669880508,-0.738912948303419,0.125762927937657,0.008548669099067,0.718177947581223,1.50764644373729,-0.271412141490755,-1.21116033702369,1.9783625247983,-0.283673070141187,-0.6653863134826,-1.55553679180504,-0.774908604199513,-0.915627822106606,1.23099965041552,0.388810476082651,0.288465982318241,-0.572394696741073,-0.706108747122274,0.424554984762871,0.0879229025929423,0.560249574111331,-0.803479920013788,-0.330211820418785,-1.10154885066349,0.599277573241498,0.0863875941256301,0.912575454033848,-1.14093481364247,0.752791747747456,-1.70146047545847,-0.915240197301302,0.517745340031263,0.315814599154652,-0.665033448480981,-0.530712170513505,-0.0519390513483221,-0.68297905483266,0.463771208053106,0.15305808108929,1.30742458794895,0.491266084438584,0.272034778331473,0.516369197741621
gene805,0.679554301479905,-0.0702193252265835,-1.56381003376311,-0.206182765848786,0.0948922818383663,0.0263107167952744,-0.0329414380620404,-0.339498915889463,0.61062040272824,1.08849129244841,0.990051853237633,0.0955526869193982,0.563975354997157,0.105182033006718,0.369825633767985,1.18860199540826,0.021554274777378,1.41777504144483,-0.126178821566696,-0.0724790423718101,-0.2163991826349,0.0109055953025979,-0.188119283284173,-1.37298847115781,0.209757968203949,0.0884090175413309,-0.348806334010753,-1.10156661941074,0.282157635625052,0.384762434642798,-0.269622755413057,-0.134547329645046,0.205428073378711,-0.690343472451115,-0.584602499027133,0.0261436778737652,1.10011718296109,0.961385782197737,0.150257616833377,-0.470374585323269,0.845589261794513,0.976646454978268,-0.340180359154928,0.426663063220603,0.140652575864611,0.819996964927601,-0.0190295544307434,0.19017517224422
gene806,-1.03586795536384,1.0002024669315,0.710974709095938,0.149549730548483,-0.151106063440235,0.807057514585132,-0.0159271317167378,0.329896121317145,0.405652982147314,-1.64431884266113,1.17458358542793,0.576412770909251,-0.194529323650984,1.94944271186848,-0.152942534194563,0.807200307483923,-0.0378054668191411,0.917274271040779,-1.46909288827176,-0.293059473690882,-0.546471816108317,-0.591790816512364,1.34027197934693,-1.18599582483029,-0.406496311029615,-0.818668532374717,-0.486650107823081,-0.806815041488149,0.294733836114316,-0.0021662719206179,-0.22350520265864,-0.125192230524477,0.622888548333768,0.168924528969011,0.515104916512186,-0.0483690549875378,-0.906003347316943,0.0541380275707789,0.869293840079402,0.121741454566899,2.59642043436521,-0.396482298466976,-0.691514362682527,-0.583236419400342,-0.0863779456418959,0.309829811557795,-0.495324618669952,0.323809175808205
gene807,-1.31032210520761,0.238272143805748,0.0851848818733734,-0.786615020687648,1.1547650757762,0.309370226261088,0.924737099787894,-0.856250013076363,0.088455793614206,-1.79667243971461,-0.815894870007937,1.50081611925317,-0.240405203854946,0.398301029908811,0.0798145019643068,1.04063591720126,0.669534213750572,-0.487614573316287,-0.885351405097129,0.0529066161227444,-0.196295783739906,0.712726869391818,0.473791086247057,0.202953285473559,0.437902352707592,-0.0796835557756992,0.0460567023955271,-0.206672703647544,-1.41285161897537,-0.130685711897599,-1.94835805491938,-0.465319006460999,-0.378455592170253,0.205374896134654,0.047582092630879,-0.97737158372981,-0.747318554104077,-0.430736045432641,0.74627216993328,0.213701400180803,-0.482481918598751,-0.450671664097716,1.31999781319719,-0.260661503501375,-1.31073017297083,-0.0603691995118986,0.267550122512862,-0.268563060420946
gene808,-0.342292416559381,0.412942276237071,0.540704371232721,0.153271026106138,0.184656257137545,0.551594951496275,-0.200483857810735,-1.95464729448863,0.383405475009844,-1.37982891553533,-1.23455215320239,-0.456292398009553,1.63941879401673,-0.0946798270776512,0.685130684020978,0.21749261374631,0.514195799040421,1.78564984618407,0.948531095191999,0.689694786099945,-0.226967551430713,-0.312628008353564,-1.84161152345229,1.13075673328415,0.870224147910424,-1.32371469427075,0.0936417913545344,-0.482989206254281,-0.447145800915676,0.624160891654414,0.219596114415708,0.411529464889809,2.03441377854523,-0.147275438390223,0.649433117721163,-0.797520001345987,0.0571570063884636,0.0529447104912775,1.28377797594247,-1.05594724847042,0.368125548761511,0.829499116729767,-0.903123257203148,-0.375079548013594,0.814949201778347,0.0549112312996324,-0.373618873491537,0.608708413570286
gene809,-0.292781977635425,-1.46435725933934,0.794455433580117,0.733244948061578,-1.31503614065739,-0.0137675016588797,0.733265397857563,-0.243753292981034,-0.617194773829036,-0.424165007933908,-0.181550225736942,0.526716254467762,0.185820961236271,0.486007209572943,0.602625021763658,-0.182053117492999,0.742068153223622,-0.907216853684188,-0.10256606351968,0.748972875054539,1.17836454984641,0.723340028576154,-0.266460884087978,0.424129651515006,0.601167004350315,0.868176192668062,0.911324686501698,0.588943783689514,0.218775263155066,-0.410031894951268,-0.767856002414439,-0.598617829642118,-0.592701662953402,-0.271852999674824,-1.03703366011508,1.08558370078691,0.680320437250396,-0.96877028802119,-0.785234015854754,0.274919641279087,-0.647132099860074,-0.718083003034796,1.03725400622519,-0.86030274176458,1.56622026902647,0.916766996646796,-0.660932665284744,0.190007668715448
gene810,0.648095721993353,-1.08514680638706,-0.237932440328475,0.675644518721796,0.348261716896409,1.67511020553917,-0.454324232853522,2.48631959922612,1.5646108916892,0.123641848977361,0.954457852178747,0.168836801782549,-0.468024718234635,0.630836363529343,-0.531429478593353,0.91045627316633,-0.856701844077154,-0.311816341052389,-0.973045374807615,0.324726706556669,-0.0687924836755804,-0.17439376990389,0.0109430862056854,0.864288580988414,-0.355401553426667,-0.330069000522105,0.399845467928438,-0.0753751205604203,-0.213783447356528,0.348598637945436,1.0121047231891,-0.317677468586803,0.177093741887187,0.551127685347104,-0.714386732334577,-1.17678119707328,-0.549153518870833,-0.212252866812899,-0.399796674415478,0.429037852628682,0.646856501745603,-0.679788224223645,-0.162900720077674,0.561310140020293,0.119679274377184,-0.778074807189101,-0.539995193278315,0.326015503794833
gene811,-0.244666703569002,0.853787960920442,0.529770405665104,-0.454990831781868,0.707641130417783,-0.198796172561982,-0.428200759773482,-0.10696556306182,-0.987625463912662,-0.819809773154714,-1.81360139358889,0.468720672888896,-0.643343678720905,-1.16914179253611,-0.0142498423672254,-1.24468345964635,0.73324301326737,0.19530132213234,0.100655274089415,0.387401469896063,0.200009640165813,-2.27589762851288,-0.218398302566086,0.618196345151809,0.84234555217053,1.43097130921824,-1.55742321541122,-0.139304247595882,-0.0484080674709266,0.0376980224061813,0.480062580326703,-0.0760432209458151,-0.400018798903525,-1.19359843884406,1.43507623780819,-0.466887939255495,-0.0033948422652729,0.0705995994864914,-1.29024582081442,-0.768329515603973,0.523500440905174,0.651525806707119,0.14005369127222,0.694165394013446,-0.642535545549456,-0.192940658824438,-0.12066817274102,0.769226452486719
gene812,0.0250355861660832,0.382304032311873,-0.458347111891807,1.08263739771917,-0.705889039693081,-0.309157839727524,-2.02297114868342,-1.45184209532672,-0.1051850874157,2.17830120056223,0.366445344200066,0.721019553298723,1.11946604736209,0.963409314357744,0.67552671172206,-0.846574864276719,-0.372418198633708,-0.425993501039964,-0.717210307036359,0.011353780285541,-0.113533880242603,-0.317765442125065,0.595773358005809,-0.324481824800815,0.249307405532909,-1.34152134887337,-0.971607291552744,0.341118183486578,-0.18493830284492,0.293266280738246,0.672131748772726,-1.6194791440426,-0.451263384408833,-0.396760592851094,-0.0578509292045506,-0.275148237142447,-0.338210022619644,-0.340611543131329,-0.715156228582185,-1.27735896161837,-0.705226755941301,-0.255594713725362,-0.0271849410449542,-0.0997900356722316,1.20521682046698,-0.138472717036518,0.483317923165284,1.05308445207594
gene813,-0.0007174995140854,-0.430429755541164,-0.194449774899314,-0.42665137570224,0.434825671738915,0.292274109225292,0.542818066047931,0.17186835545001,-0.145125133721358,-0.380820969856964,0.642476042438092,1.11243187509504,1.17757300902344,0.428738222541278,0.183278210233531,0.169001889940723,-0.226889269358463,-0.0552215002805346,0.164672874628879,0.228012291812145,-0.53476197641801,0.967315680578569,-0.805470315285711,-0.791472162035413,0.804788312086643,-0.297181722119232,-0.390360913836913,1.53040995746542,0.694176926974606,-0.311708525078533,0.529077993924733,-0.463110393526912,0.936413919440997,0.127501471680212,-0.504349516922972,0.604605290344734,-0.567613450177592,-0.633262189380411,0.352825966027795,0.148835085071628,0.431409171736799,-0.620148348180429,0.252379061764786,-0.99089411858595,-0.277882076087873,1.27928074255552,-0.639028392432562,0.168040435309104
gene814,0.45759155109318,1.35368299430692,0.456129635016504,0.613125012929261,2.35008050365569,0.0155574304794253,-0.139615635520615,0.720477615691103,0.47466055645681,-0.134962358871189,0.936345541008128,-0.43155935985657,-1.26588260216923,-1.35830277486845,-0.150429989744289,1.73880256807297,1.0549475980836,0.661589267717782,-1.10963074169126,-0.0446256417959462,0.23964894678051,1.33834893603216,-0.250937731865922,-0.442111224942276,-0.670527205935426,-0.436946740341914,1.95972662779266,-1.95253210713088,0.0041875587522281,-0.267189268178998,0.567559327585868,1.82122498124968,-0.175508597506591,-0.509887233989641,-0.073025760510148,0.0986979374114857,0.250519650412922,-1.67411387102071,0.575139116900007,0.273821728133315,2.15349944956509,-0.0594305453607247,0.58900893714799,0.100465972888769,-0.65631505921585,0.48966626337525,1.5530705097063,-0.108495560561332
gene815,-0.224592148662978,-0.90360678470259,-0.214044648479563,-1.17016271377561,0.284930963922809,1.67352165910644,-0.453627910489937,1.10455968413262,0.971847355642784,0.0713637618469673,0.122135588841757,-0.31566318172773,-0.475885542602289,0.299468587295373,-1.34990792660014,0.0699403299130112,0.135149703204132,-0.634728611158586,-0.0802188098768802,-1.74752449264886,0.218253139960755,-0.0430340433027933,-0.191711709497656,0.182677818006777,-0.399183374776619,-0.209086483979602,-0.249647818191782,-0.288616590926066,0.329384076797112,0.337570671315589,-1.12279254487447,0.469210425277186,-2.01443170353,0.189622859526454,0.0964674267744891,-0.420959610284126,-0.493672199018922,-1.19057332077129,1.23028650672239,0.420643290607322,0.0688961412695021,0.265146926681159,0.606183929662922,0.191720353288544,0.963643354666643,-0.186318515903272,0.641500006803208,0.353629387623845
gene816,-0.795789832815244,-0.125791556205237,-0.328274917583743,-0.0786375279032524,-0.409965985860963,-1.15110933393212,-0.271093046260095,0.302960824248896,-1.5839977385923,-0.0779421126641789,-0.291201934492704,-0.350142058670341,0.892969706770904,-0.194140937420715,-0.259922757759051,-0.383201907537566,1.0147413407162,-0.841856646561974,1.62239484798528,-0.146561625235863,-0.82400414058289,-0.485745424887077,0.0781967300232971,-0.0576089269938444,-0.345441536751412,0.471316944566128,1.01758565063721,-0.960964639022788,0.897538211539602,-0.543861310874708,-0.958271246932604,0.543047594859168,-0.5194248737437,-0.376157106994437,0.378243363881999,-1.02101475577544,-0.234416137310644,0.36728710401582,1.58417019048131,-0.425992605487428,-0.66422558842551,0.164724765087467,-0.293775228602489,-0.0679807579181345,0.260868356035978,-0.860393752390889,-1.09422366491529,0.534603398192816
gene817,-0.588996344806274,0.411048721413972,0.753077245555082,0.9622469637837,-0.0310818774012074,-0.753992778805831,-0.338639874272676,-0.306410023694785,0.747780822587491,-0.154196620136613,-0.234137449519595,1.31453168004034,-0.519703712996071,-0.563484453002056,-0.355894014768554,0.219723520118352,1.21526700502163,0.0787113432519763,0.569192133188509,-0.510272374630496,-0.172258898053674,-0.561184037886343,-0.418687320896758,-0.626711796290271,1.06494225832426,-0.490846795067786,0.169830723963494,-0.591314683070684,-0.525530427831072,0.759017166183326,0.0278062081084256,0.396778056903242,-0.327543846523566,-0.615638873729291,1.19809027194615,0.624148024682043,0.540873065465262,0.186707875866355,-1.16408128148812,-0.187540829126377,0.401368706489044,-0.808173672809002,-0.696074377149144,-0.717023978383708,1.07130944480826,-0.891260750935568,0.690162412253157,-0.499748324335039
gene818,1.70140331521522,-0.120389662890333,-0.602576802663536,-0.112400177908554,-2.34489586605995,1.54951494206093,0.44732760951524,-1.03685774511194,-0.69558222790301,-0.578311660967004,-0.118253148780345,-0.883223386938353,0.0316944815524975,-0.937526707870282,-0.769705280615787,-0.204657885420842,0.218216129681464,-0.0938082479978852,-1.44410906966161,1.03264389043795,-0.302226907697416,0.501314759275313,0.379619649449331,-1.63961310279803,-0.288281502691672,-1.13286880402482,-0.770884489270927,1.17809976900635,-0.250446032948895,-0.162945530704998,-0.528719248868668,-0.988697073267292,0.518887009086897,0.236932790677677,-0.639294937929758,-0.722825422719582,0.709967950512966,0.102123121246871,-0.826507915092616,-0.285387800673461,1.36595010202049,0.555057491670636,-0.0336791129824231,0.389256950823907,0.466307567247203,-0.186231951342077,-0.130969936147543,0.29443497808445
gene819,-0.628610690393924,-0.174251734951405,-0.608749158332277,-0.293768303729908,-1.22275533850227,0.611453937869984,-0.19742449242169,-0.303072841811967,-1.59412383490208,1.02236751085422,0.504164621460604,0.939902355837992,-0.769199170387882,0.0698323105045683,0.0750437382239427,-0.0126842045170857,0.380280579154444,0.980257601800665,0.424171351517624,0.665618965252734,0.229788197740775,0.147475983995523,0.498254915945455,0.280940046809561,-0.168620407120576,0.560813189799875,-0.269968853042695,0.49182109317894,-0.216511404275998,-0.131045907171141,-0.775233652348683,0.928223867075222,-0.378730695494378,-0.457004728036371,-1.5752408350168,0.122248520682046,-0.188588338112805,-0.322597803531213,-0.458136371844337,-0.350474955500871,0.595130230897074,-0.77622596726838,-0.302354995617316,-0.413224810637499,-0.516023232058594,-0.231361499915671,-0.0317743015522209,1.81635807648863
gene820,0.7444303012404,-0.550341236609591,0.306374792360227,-0.835348719863097,0.0632260607772598,1.09457509175955,1.59936126486361,-0.0787881251321736,-0.169744974667851,1.29275904029494,0.588853493889844,1.03934424954889,0.0034478229266537,-0.925667927279526,-1.70803516076081,-0.598762533829244,0.054938008973706,-0.642668714362051,-0.194636323133191,-0.63494464026527,0.43879178461557,-0.426598213401545,0.807731704548973,0.479626230456626,-0.378437990830095,-1.00832828708003,-0.104738914109313,-2.1935243722553,-0.405947466965439,-0.149753427182391,0.989962439973333,-0.209577458506417,0.759457315401055,0.179712957845747,0.498993093820316,0.969246900014094,0.0858162906389125,-0.587277604371369,0.271393713145571,-0.875043170412267,0.0823028220923522,0.44670229605984,-0.225616087435757,1.22308905080148,-0.347577670380428,-0.0876655635700584,0.39401226013575,0.0824776240668972
gene821,-0.609783388766432,0.795951293605632,-0.263224516224356,-0.518336157466174,-0.766274055653831,-1.2733909042451,-0.192295771596187,-0.0676250918955916,-0.965735763648005,0.505242511360314,0.178602614410943,0.183613684801189,-1.16839647377886,0.271922546737615,0.185906286489391,-1.01413439407305,0.311308349161689,0.289627521822872,-0.295566170033751,-0.265273447261063,0.755504069333825,0.343067655658776,0.298301234646517,0.339853594039125,0.937332199888039,1.80701871031015,1.39932288291973,0.220525121172291,0.373096305234672,-0.102342486863742,0.133463289068101,0.848461033374664,0.208768430094474,-0.0524088110254717,0.12586672078262,0.884086159035516,0.696927465567438,-0.023113169525448,-0.514109208736371,0.256428255172387,0.178964086740494,0.506658668373652,0.531159513613169,-0.0952012580294965,-0.164627426031689,-0.071560924994001,0.447288421996615,0.286054593886409
gene822,-0.177623399900494,-0.814187895668556,-0.23310492179705,1.00847887776315,0.535876375214555,0.0639018384992862,-0.228119657425583,-1.78312291940263,0.822542218870828,-0.798790855299701,0.217467925684405,-0.604141405190926,0.639226998701501,-0.483614256793001,0.596163610249835,-0.114381035372835,1.50339601210753,0.40742979865078,-0.625651313756697,-0.208047877757472,-0.909311711826873,-1.47648126593599,-1.14265571757706,0.0146008792635204,0.143260889702536,0.185062192673472,-0.639345088440041,-0.128022334068523,0.639935558202164,-0.227321816875977,-0.729925447522066,-1.38810717808417,0.42472718002142,-1.88127546381896,0.395016325162943,-0.29199652148404,0.39910221261508,1.07387303076773,0.583686867604667,0.683773310288061,1.59348367540741,-0.542878847837181,0.27311844051267,-0.736310312932522,1.36774015520927,0.258676964520357,-0.255448251552999,0.247008251102349
gene823,1.24133020296054,-0.996496669942299,-0.230407226134853,0.934589115529672,-1.98017244402327,-0.235775117360981,-0.681448820087504,-0.602055761150636,-0.778372386675081,-0.71967031118366,0.959022433049596,-0.280084325751824,0.574950276349433,-0.0165938571450627,0.140168266036399,0.146577008041372,0.338942125554056,-0.581798589237857,-0.675556513265928,-0.277368764612736,0.584133098293054,-1.18206437922652,-0.770717263710837,-0.0111426954848618,0.293496157978763,1.31387629771874,0.143298255961366,0.362059955150223,1.84366728272659,0.142011434349275,0.0514616441452761,-0.971090028201623,0.236463095059191,-0.496931063586712,0.466484750970768,0.902926476115152,-0.832281196050513,0.462046093340058,0.0641769379965134,1.23921547289921,-0.467049873506479,-0.303101061993149,2.03291202378776,-1.33901149505399,-0.507774871182507,0.60633091772551,0.138355447435745,0.0846242633997149
gene824,-0.772648409295736,0.630016107676871,-1.47897278753954,-0.414652361742907,-0.0974289091104714,-0.216604384024772,0.848704208538839,0.115749184903733,-0.293910786237246,-0.391901148466387,-0.29499282194994,-0.345033115625622,0.492965639222486,-0.740033160307165,1.73931472830827,-0.494715403595833,-1.21278609548449,1.29715381858966,-0.331747859118175,0.375016274773501,-0.808896998526837,0.735218803668673,0.768734446918031,0.976313800476118,0.304821857517967,-0.10582618276818,0.230255257062756,-0.239890545970355,-1.50173616406117,-0.174126464154762,0.451113635054945,-0.538972639973796,0.553555932573451,2.1867549005365,0.284510856394834,0.0032039718456825,0.461482160216452,0.329686631235125,-0.373055934594069,0.357613165917491,0.48714832312538,-0.379391423711757,-0.58527612124811,0.269692141581813,0.220244739369725,-1.40961585717797,-0.429980092897475,-0.109804026647182
gene825,-0.54917944354552,-0.500061386278527,0.577087097304795,0.400764887082844,-0.608550188858929,-0.333204052375135,0.126052715736856,-1.67246391087057,-0.696163883885592,-0.191561215776679,1.11378832789448,0.0725350164751641,0.378678857682338,-1.31262863824796,1.53442843296842,0.526939494803162,0.346893375866685,0.964471693154529,-0.979556955698243,-0.913005173019656,-0.332075450299713,0.637123729546361,0.159126072226815,-0.347065590424387,0.433905240694629,0.166997799236166,-0.128914802565422,1.77990279931327,1.94023052410002,1.55312798913258,-0.321059554034604,2.09163063450003,1.66680183065956,0.198529008128493,-0.483578617335448,-0.552761928772843,-0.274030287543757,1.15033034731869,0.0308029691630093,-0.874713501535587,-0.251577046971258,-0.409623818361003,0.846778159843293,0.275968878354913,1.03792385121195,-0.729944552119288,0.286867618610537,-0.753201867110042
gene826,-0.597576281956829,-0.512962873070896,0.333626408898379,0.264050913855899,0.756488737365685,0.195520703660449,-0.37062839758975,0.584758430682855,-1.05003850153754,0.176847302536374,0.0999311433478528,-1.48046095121681,0.840519640139313,0.0262888272603366,-1.43443267006505,0.528053364540467,0.149177282470528,-0.484122393957795,0.354884043931523,2.28964893263755,-1.13470732715054,1.60545280142413,0.748551339826281,-0.902564753063977,0.344847505708387,-0.24091118721539,-0.968814113325733,-1.27495282215969,0.218972786690485,0.210602445458059,0.666700739098867,-0.527815218408704,-0.761895430878284,0.186616562178344,0.92890804705198,0.327388089432441,0.930020427093296,1.03787075843288,3.44262289954554,0.246575046797085,-0.857637744877475,-0.112460189724612,-0.267193854490784,1.39802579465578,0.580819381323567,0.154595117263668,-1.08126384992833,-0.260565223790057
gene827,0.188713631384384,-0.0962918315869544,-0.663525767177604,-0.146496719970567,1.64457332677666,0.650851495872608,0.50689290217524,0.139578279154189,-1.04937884663873,-0.263676503194262,-0.568867665164751,-0.309223585547576,-0.723690273480937,-0.0430317358751945,-0.011442490739705,0.440144817567905,0.0370540596804033,0.709729786021382,0.233692006422577,0.615611344536549,-0.0833036010608726,-0.752612801133068,-1.50939422827859,-0.813441072402768,-0.667916973590333,-0.0296912262252884,0.18929680658023,-0.222700167927227,-0.248232989098887,0.387191637738682,0.746376614193062,-0.115857796654862,0.189493546927243,-0.0243990464477635,1.10616782189777,0.690828487196231,-1.38710099934898,-0.261878759886242,-0.217706540040408,1.20659521068735,0.0602674730080917,-0.0148357800083966,-0.319474035322482,0.201320131821788,-0.317078768049364,0.0720502250551891,0.0603035496567058,-0.202317473674189
gene828,-0.419527253104556,-1.64235849485913,0.098479443399435,-0.928396270055764,0.359098849800217,0.94351601897345,0.170456272019522,-0.0774168421915696,-0.547276824756661,0.265863763575408,-0.784098939992995,0.615191995723789,-0.501434657286647,0.465677366968558,0.0740038049899479,2.5481535509555,-0.39727643703082,1.69078471726997,-0.121923921288881,-1.1323055764833,-1.00904950172482,0.364452548086795,-0.372773876460068,1.72891166842203,0.555006128958847,0.790824883823277,-0.688275520419484,0.637487553169013,-0.360103452131,0.355934765342135,0.39554216744842,0.570054254721317,-0.0698660045070486,0.66343406760035,0.71516520701667,1.48906699144457,0.179476688875465,1.771551493979,-0.762460499041548,-0.0041774641937634,0.479154775226771,-0.0217584492749226,0.554845520717181,-0.923332249838714,-0.230796010730986,0.129351360573113,0.20995490461082,0.535397199444469
gene829,0.0203138232519812,0.36136160988591,1.95105277301433,0.824691831203781,-1.90143630563928,0.530575438877805,0.102053080525076,-0.0820668963989569,-0.0437114061656808,0.0414899293785676,-0.725861204501008,0.38876298851561,-0.0479425217722188,-0.887030188347609,0.355527082301978,-0.201329431122182,-1.12299295290581,-0.392265664376221,-0.144302201667024,-1.18226832799715,0.282838511883648,-0.519619832112549,0.326054985031812,2.00496748567376,0.651372866881041,0.101596281511893,1.30486136365359,-0.49382084961058,-0.564839279741751,-0.544776349024522,-0.331331308329971,-0.547572751739789,-2.07988650380991,0.411326155713375,1.13146683464607,-0.38732770212964,-0.28244596660429,-1.11418899183049,-0.180827828531836,0.65821003254522,-1.63286003787193,0.242693960311001,0.388246489923045,-0.182630613260659,-0.585342470902949,0.264865180409736,-0.341567232727733,0.0740459601266491
gene830,-0.256574410087396,-0.835043638668793,-0.229918813302171,0.155275963267615,0.544024684221765,0.744340711381037,0.0313746001835597,0.509261553563229,0.0243024242169771,-0.218977527445462,0.418803356107373,0.51519185498814,-0.0987598100652045,-1.89892782304007,-0.106588274853648,-0.370567617746485,-0.328128688959609,0.443890719099437,0.0055048229857282,0.128764902679875,0.363563305235549,0.362272896060742,-0.19151558507605,-0.381198238047199,0.618232966475151,-0.393768861565766,0.544935824618647,-0.0193585856566463,0.761675120200705,-0.0256640223874137,1.14040583372352,0.0933400632533105,0.134578967292683,0.82809208885798,-0.0138834193472677,-0.335280781096836,0.404803747846512,0.912270470199672,0.0946020209322347,0.43245911185608,0.0489676806364706,0.818996216930423,0.297254197127956,-1.86619003127803,0.168136604507575,-1.21353883978375,0.0222604872967857,-0.942352816080317
gene831,-0.793473191901846,0.0718767606212488,-1.74365846550137,0.257479849234315,0.652160907172814,0.145950316609288,1.8948312258079,0.0364983563008346,0.904424305953024,0.0432404387461083,-1.07067777170779,0.450395473831633,-0.790196278419951,-0.290966070803822,0.456751721711572,-0.888655514199463,-1.11547283538928,0.777804471637139,-0.801358913666653,-1.37334009426728,-0.527602594767647,-0.253265842658001,1.03490543509776,-0.228923402953791,0.412862120260514,-0.765920534939739,-0.898571719164347,0.476083398704037,-0.0088776395870007,1.07382265159493,0.921445575448409,1.75148683901872,-0.923079512954226,-0.219355570086502,0.0526133508213358,-0.563502982553659,0.404430979366051,0.126336082953523,1.88242602333349,0.430402433332482,0.349151129749861,0.167181104050912,-0.726316425241629,-0.190977476602076,0.4076711010975,1.23574514004112,1.96962470161857,0.100917180979539
gene832,0.347384843241154,-1.17703945843225,0.970635483974081,0.841166872932633,-0.60876596726337,-0.623464252772241,0.559935770581574,-0.409739262862035,-0.521958183656261,0.63147987830861,-0.918560718820149,0.421051552677728,0.305411264453187,0.513631311725704,-0.333508703189508,-0.137588713582285,-0.629431562584615,0.410059105928089,-0.966695997848341,-0.129243165086921,-0.780459449782044,0.659557321600085,-0.0553472267915529,-0.228385430988463,0.638699051120642,0.0599429416272819,0.150517770182431,-0.782216703846766,0.166849804674784,-0.451025011997542,0.45696820162365,1.13230963936279,-2.19295621179072,-0.817278716243158,-0.345859014961645,-0.496144653837716,-0.550134363306729,-0.0430996953622424,0.591343691586108,-0.104950890741726,1.30237499382523,-0.403742373846731,0.785941402998421,0.463028552421275,-0.633832306609049,-0.461297249608867,0.801612558598112,0.289505579735955
gene833,0.645655988283688,-0.263282954030541,1.5958394333507,-0.588332605969504,-0.961535539179827,-0.451002309092674,0.942069475375775,0.738447408073419,0.714138139683826,-0.313614052295693,-0.776701140476634,-1.01193655720262,-0.579263103358423,1.63542642682002,-0.0435149020674591,0.425629629707779,0.10352656017996,-0.895079448529181,-1.62266773490314,-0.712596915477934,-1.44703832949572,-0.406734703428041,-1.44317638716196,-0.178852884071271,-0.381902359037165,0.604816923200407,1.49861337622249,1.00672363347522,-0.96978326712458,-2.03917904671784,-1.46956230085326,0.237885060892382,-0.0241946523943518,0.472447593982359,-0.509920853608461,0.130941332609197,0.394376168172351,2.31596211303634,-1.00529121403427,0.825424852234833,-0.0905779260629791,1.0798252610361,0.662769363793819,-0.395968145668983,-0.644025045891508,-0.073795044387459,0.870282634539076,-0.531336190807547
gene834,0.650106166673705,0.332061274873019,-1.03903454885833,-0.035903881799639,1.52619508871641,0.119604846961869,-0.365824679719789,0.884851193911929,-0.799135385822577,-0.397395297898957,0.683357846718903,0.522789333301244,0.030259364911143,-0.325308264045904,-0.324248532176129,1.28227120379414,0.731861893234256,0.184786527985409,0.682031813276534,1.47328916446474,0.169259521654625,1.27863037295353,0.0451732318695614,0.049507041367409,-1.11618454130096,1.0476297739749,0.601401096176391,-0.0390437902632371,-0.465397112970953,-0.819614618470623,1.10231722050888,-0.405756586102175,0.416165729418629,0.447637896598436,-0.825332218893047,0.494437127942591,-1.02127831005928,-0.704415310706497,0.752753085622912,-0.867987663926144,-2.74354886278652,0.425815784851176,-0.599935108204753,-0.241275471644137,0.267588070135178,-1.16305134953578,0.736594369181699,0.121773965837105
gene835,-0.564768577706806,-1.15839253073817,-0.0501772899439637,-1.17170402711792,-0.322887230710652,0.322080530926686,0.784212385113445,-1.12448743996875,-0.560782000926878,-0.191026132469959,-0.748813633801974,0.622409441220657,0.817070345332719,0.102296927262385,-1.04979154333661,0.441240341269861,-0.646312540872131,-0.562732525025929,1.37382443404399,-1.01925964239377,1.25723776624654,1.4470154911332,0.164249208954449,0.259119967042377,0.251491368406499,0.971223522729259,0.335877243124847,0.678988937866684,0.486437132330595,-0.92063647436792,0.569959698958107,1.04726531770461,0.0715347268456765,0.628469509938709,-0.206725677302254,-0.512380673616036,-0.399748628763591,-0.277597394361838,-1.02728056330292,0.708592032850442,-0.145226510909169,-0.310347537107661,-0.72322327744874,0.0426613935828541,-0.71355005708131,0.672042518032724,1.2906002382259,-0.856398345667742
gene836,0.398106975945268,0.96833768022536,-1.42787621049618,-0.0526345003333721,-0.318916878605369,-0.128661950555345,-0.0728087925098731,0.199093457070509,-0.589740433201354,-1.91695294441906,0.944431339023292,0.444549625379464,0.209428716147974,-0.0725875377363552,-0.380809291287409,1.25417908294195,0.404902254995298,-0.744536482252564,1.78283817860242,1.13203287747455,-0.258113219568088,0.395417186861356,1.01673532047936,-1.29812099081339,-0.739608961162113,0.865011840958139,-0.606264479420477,0.294540729093927,0.652169413512749,0.477270821405407,0.354496459286129,-0.210120421279002,1.31051834219801,-0.148266248199542,0.146643913596787,-0.723205809468399,-0.562785692750521,0.560373564335627,0.600589039622549,0.0450944779942169,0.611227322475501,-0.0699292027705414,1.43178997313035,-0.0348056407272617,0.447895264556791,-0.145133752973346,0.848645659783583,-0.454210113095104
gene837,1.10976599625632,-0.386759640775006,0.233843719689718,-0.320787165731692,0.16477744900163,0.852508727944619,0.706068212354837,0.128710526764463,0.853367853859041,0.0226955092623004,-0.466277870712051,-0.37790848918515,0.502413858178628,0.170920099747229,-0.455876923851546,-0.195039300933789,-0.301914774586744,0.144142508544096,0.0079081788896382,-0.869109974332564,-0.694349612505248,-0.599615893911214,0.31099880472987,-0.563380147091,0.119898291548354,-0.363001583027936,-0.147443157374113,0.564924466526527,1.21666772180123,0.231262218503561,-0.85913500136652,0.343016273205011,-0.188478072821443,-0.192711888484511,0.145601027149215,-0.458133776362324,-0.374067021789225,0.173789075431514,1.45038198649777,-0.840739134012344,0.345359439479538,-0.44385022042521,-0.274842927892703,-0.120284342104417,0.432443660519213,-1.04346768404605,0.669599994998668,0.123405758100675
gene838,0.442058132218079,0.749617526067352,0.497166497398331,1.06205665803566,-0.0720694209758265,0.118051542670193,0.944649227369766,0.265769386221983,-0.651790379513543,-0.28510958468436,0.930894767902475,-1.29999751582101,-0.0698593696008815,0.647416273994578,-0.31453239429601,-0.589397156630223,-0.149191030640571,0.97351603115829,-1.31613588851182,0.253112620651611,-0.563741735240103,0.0720614360391974,1.33039016145227,0.178951489916489,0.613947907459673,-0.481769753786457,0.574295816089283,-0.455209171883031,0.317299580938364,-1.74321292568604,0.21646350128375,-0.635982593793955,0.441209607506642,-0.0407709626572801,0.60086283725881,0.990003651903773,0.395106240129401,0.266614736787827,0.198276598345405,-1.5008586138734,-0.0983143632337968,0.857419233236562,0.188195688270595,-0.823137132956827,1.17272004701348,-0.765720085419499,0.323346593950665,-1.12632077078447
gene839,-0.175345144862709,-0.117502758469522,0.434334546453989,0.121420631231752,-0.927196686671601,-0.221192446312219,-1.42478092274702,0.20572828340653,-0.934992933718586,-0.849659658137938,-0.15004849310305,0.396979307882016,-0.291801577872919,0.188479300421766,0.989404948905221,-0.618648218745097,0.96612121502347,-0.668089335478955,1.10264000649876,0.229126701600692,0.131817710821217,-0.918707208763521,0.0256751736009421,-0.721183598385835,-0.908943577084777,-0.801243863211762,-0.8647459837758,0.394002266795199,0.640910850210092,0.666244625813292,-1.15284289716272,0.0117631216783114,-0.362837845896264,-0.932173909639186,0.891687029069969,-0.384201122259466,0.555315364880876,-0.752605065472205,0.0970101281271476,-0.859358420233214,0.11040177510381,-0.0141753350182441,0.207795950998475,0.800000730848782,0.117062769666404,0.102078113282124,-0.449224299306326,1.10720853367732
gene840,0.0280909731010564,-0.110815235622608,0.164628593278048,0.133217799016351,0.814560486732288,0.066200224988043,0.0205304482579227,-1.86328363243723,0.180223887178764,0.491154276672671,1.28318627869455,0.890579958319723,-0.431815584450599,0.641135653771122,0.278392415764958,0.0051944182424066,-0.471544122020464,0.552122512979771,1.22200016585438,0.0712925922513815,-0.416452650087386,0.509054044119297,0.209808145576791,0.876799596585337,0.491880775291856,-0.0877204489622767,0.789131456076422,0.851241466941478,0.95484820081388,0.730142274246085,0.0371126603261275,0.450448707854666,0.182234510573616,0.102847726389925,-0.471066096424873,-0.247308924170757,0.119215674891504,-0.742621464394995,-1.64954560060213,-0.401377911594551,-0.0701250017388983,-0.100713320912005,0.573618860350932,0.769424217448767,1.16309050422026,0.288432273496332,1.26529703302112,0.715641396260875
gene841,1.50357671301946,-0.552645468691408,-0.234914864939799,0.182832630358283,0.324161542603156,-0.889260542840667,0.663033448113035,0.328032979767391,-0.731918507205317,0.135253990848063,0.0328489953646683,0.212821745281483,-0.162146202015502,-1.75121665641725,1.24845285896588,0.599539311392712,-0.966273985291396,-0.268747419661288,-0.946818318118023,-0.615472435683883,0.844906178392388,-0.108302330174533,-1.15857813915488,-0.10851821681776,0.248562182360573,-0.629850727775881,-0.31747175807624,0.419246157125376,-0.101699342403385,1.75345388313297,-0.186099130701752,-0.0178096767204864,0.520911423035833,0.161388047604589,0.569709805686607,-0.0097190009848993,0.596278238232884,-0.490899800815459,-0.301906378502952,0.603633249315789,0.889528249290176,-0.293673992841773,-0.953438689591924,-0.369307817698968,-1.02180853582234,-0.139207697450283,-0.405273765810223,0.270832271465813
gene842,-0.263850935537721,-0.759827131297435,0.650669169911795,1.16100526973439,-0.0053092031304976,0.110057079091801,-0.175866425968979,0.368516888074384,1.29823940587635,0.389081181889193,-0.673689539459204,0.623583292703457,-0.233229000982706,0.320640773680539,0.665436885395273,2.1488170947987,-0.27146543772157,1.0655433370184,1.08644384885428,-0.118356488968609,0.360546516781081,-0.0353437789541654,1.09678355912551,-0.33731589998127,-0.673196888479924,-0.34924901811542,-0.99620205925448,0.579764241057535,0.805066584992472,-0.0726912631974715,0.259942063802749,0.112988675776886,-0.405029530610812,-0.743325799882673,0.32121253795833,-1.06305289826842,-0.877951248418896,0.974067825928813,-1.43295625097872,1.93664994243566,-0.973817760576074,0.162300157277401,-0.244749206639742,-0.268945831297741,1.31420863256133,0.532150828059971,-0.867258337329254,0.739779825943568
gene843,0.513053484023748,0.673513639758952,-1.00158754629647,-0.874271868343579,0.609540842686938,-0.972331904850572,1.60317183077652,-0.0344967068188853,0.318391165959323,0.861050209714267,-0.0493084053026006,1.28201031219008,0.862139364395697,-0.100410753887099,-0.943500191791883,0.725342796276435,0.684673289952745,0.156696769139825,0.0546559075222307,-0.791537683997056,0.143519616698214,-0.368980824630959,0.0253021645286974,-0.166837794489881,-2.02456514996374,-0.242213771125176,-0.175792990951081,-0.611927334961526,-0.838716632485431,-0.530451457018421,1.76413774449357,-0.96077378221183,1.60285445927456,0.966426158347236,0.249517357663949,-0.284711960364388,0.0519662571147266,-0.780984607003901,0.504913044579172,-0.232506809264931,-1.53318044001047,-0.185316998403758,-0.000422099119841,-0.602441599951077,0.0515020131726985,0.811506569341213,1.31355785010314,-0.765248807595741
gene844,2.23276908019125,-0.273642086639221,0.59125017918094,-0.425996470420226,0.214698088079785,1.37685406629469,-0.125802031978508,-2.24430171055799,-0.185902375783901,-0.590200491706862,-0.712099385793393,-0.137055938589132,-0.0164127778314626,2.21625569493489,-0.544364956391324,-0.318147279928133,-0.256955851389536,-0.0138476573194262,-0.223357320101218,-0.520366815481697,-0.0529612411180394,-0.685422764418326,0.42424267347139,0.986445938263157,0.354923358297052,0.0366944451646379,0.281018554958637,-0.263315749682682,1.27382533600862,0.983163475325292,0.192991777529493,-1.16848244169672,0.26261552672445,0.0743004536608815,0.0687413191727105,0.803346041718374,-0.16507563655877,0.0954991123375691,-0.888042566743591,-0.589673310112307,-0.462010185954532,0.125613355582704,0.805105035835747,0.658748401188011,-0.0922341127459892,-0.219555786568097,-0.423141246788016,0.528770106418508
gene845,0.0137531867153412,1.05071188091988,0.83950813135342,2.90616061976183,0.693936533267077,-0.470386432563169,0.646927306549808,0.0635525286289744,-0.0049263451430857,0.511821553494979,0.285268713427625,-0.584615696813603,0.804990652839154,1.401378937357,0.386592744328018,-0.758376435695726,0.286638044681096,0.0505864598982523,-0.674979767498502,-0.797663536695932,1.52974532893846,-0.294343700213344,0.13397480267298,-1.02616706602847,-0.728686568244129,0.27069509631777,-0.137813511649313,1.58316056781445,1.06914695691125,-0.68316901268063,0.553722278230971,-0.338378741861631,-0.972558467760129,-0.133140510466537,0.993125219538687,-0.2934420492205,-0.527005604105126,-0.0475643133373751,1.70809755571306,0.364947290143587,-0.166962103119799,0.394019101388525,-1.01833991040215,0.981873245430003,0.273955797331271,-0.68985061205466,0.421165564432416,-1.10325400833248
gene846,-2.18557133889357,-1.18238849300103,-0.849456053779167,-0.520390800222624,-0.379251515451903,0.498219779700266,-0.55975951932229,0.39944176089396,0.522493547408149,-0.444225294632511,-0.525079391824451,0.467751015948776,-0.654507408801081,-0.102204717688782,-0.830341437687741,-0.163988304029475,-0.0843609958543358,-0.0624968266948028,0.242511907281135,0.287925797311009,-0.526105392019534,-0.477065225262959,0.0267312057798843,2.22896769684063,1.18872967211247,-0.431980467416706,1.01126308437947,-0.127090922687568,1.67478389365229,-1.25884364785835,-1.03355156355658,0.163243907206487,-0.291737803627804,0.36050173991587,0.920650987978105,-0.884857854707846,0.109988444980035,0.429282521014664,-0.5110095547908,-0.164683568662961,-0.514178023453511,0.012182181344585,-1.12585707413849,0.250856065502519,-1.02088711778511,0.268839197820205,-1.71643663389867,1.7413827178483
gene847,0.5838742364614,0.846668002157105,-0.485795607265349,-1.29216763683415,0.58430147126773,0.427272643165616,1.36357109218319,0.678515605411889,0.273663465182571,-0.059801041553696,-0.004706702504709,1.3049134845452,0.206402303366466,-0.26796742853073,1.21279371212393,0.67433464505512,0.311131670176142,-0.145481668155133,0.159928620485431,0.101616020102878,0.0034113811089946,0.884579374877865,-0.777512932875114,0.661860422251857,1.01388829015342,0.248718589728501,-0.253251781914664,-0.51820865545191,-0.449824874497343,0.937423869191407,1.02478423338951,0.588679983447856,-0.673320957472565,0.204457967348828,-0.198108425605381,-0.115510348489853,-1.16639752552397,0.111392694621287,0.694252324873782,-0.394262609253623,0.11501616548205,0.228153346297731,0.0943088754776716,-0.380028781362276,1.06951152637911,1.49643270037338,-0.750463157073643,0.322756657016454
gene848,-0.777495711840498,1.17119727554702,-0.31256124043261,-1.85164342416886,-0.647528648070711,-0.103933833539878,0.4741581925904,-0.298504303003708,-0.165126211942536,0.378473744314025,-0.527596787679925,-0.268829054482687,1.94943872670093,-1.16804320103142,0.697228114483785,-0.036687993381313,0.269400145871121,-0.859942429358711,-0.639306989640178,0.517413522701294,0.109910027756792,-0.681575313155421,-0.544738167396199,0.453308667910191,0.326434416852725,0.53948914220091,-0.715467701142577,0.040523259830811,-0.756146391760447,0.475998893474588,0.641587278108614,-0.510204856722406,-0.450445711858618,0.220927936610741,-0.0074530178407294,-0.281441277111053,0.251359292803716,0.674945856194749,0.124942769143508,-0.462228194985407,-0.181830849019257,-0.647099525150015,-0.176848566145171,-1.14731285158675,0.452613331118945,-0.0547104114484569,-0.519693555591722,0.401294497842583
gene849,-0.394630490832112,0.566164810322751,0.241454047307762,0.028115572933862,0.237961415826177,0.405199903824982,-0.51782446928171,0.861830008062967,-0.275606350436942,0.809464969414446,-0.621745628047426,-1.3279325863142,0.578801821820293,0.479807872619152,0.403302214267291,-0.293298681019734,-1.2196866986721,1.25584332055903,0.462494154896581,-0.866420136668696,1.22040204002317,0.174850440280373,1.28377245540295,0.598189670386355,0.761195461533622,-0.569613125008631,0.838405523395817,1.06357802346068,-0.68600000921697,0.77570048642858,-0.497364732924095,1.43771555676632,0.872697555172429,-0.703127079577151,0.0362152346193707,1.2817079359648,-0.206158559244859,0.3800280845364,0.780307937510933,0.667513507856254,-1.04129593066062,-0.711509052798289,-0.445187045370003,0.678901884878384,-0.322119882178313,0.472468616264825,-0.145658339887323,-0.838620661040878
gene850,0.624644726663441,0.369801979530313,-0.0732884136825279,-0.606639297182677,-0.648226800172238,-1.08853534750825,-0.0859726155560171,1.8277235856625,-0.545943702612422,-1.13940059459364,0.0628554214169775,0.0180931531929864,0.736223591943442,-0.529825885351885,-0.226146538958817,-0.984624624144226,-0.964829805619484,0.748644604432693,0.708173631931217,1.52849548487582,1.17713583118857,0.723374915154051,0.0006793322991625,-0.232514780084021,0.989145599658814,0.771447869144588,-0.0326848124462067,0.119903364051297,-0.253790424888973,-0.331695939539973,0.612128269939117,0.418875318837575,0.392508276925118,-1.24951890059559,0.137879983928281,1.27839713982584,-1.38232430636843,-0.563874656486218,-1.18695267928054,0.28776395246745,-1.82102960070697,0.548924538766518,-0.531884334703237,-0.129461374379729,-0.0411401389183773,-0.977293018724899,1.18652258997486,-0.260764747986127
gene851,-0.501389430890665,0.0809482671288433,1.30979798032641,1.00699857353149,0.792453860298467,-0.370182737369586,0.470948837643415,-0.518146918576615,-0.0687651347539347,0.821252232683087,-0.314740411312925,1.04463090280791,-0.311086035174191,-0.113627272732659,0.896366110926425,0.203126104682354,-1.30595777659413,0.187406197022737,1.46954017295785,0.610418748831215,-0.277610806222006,0.966478596503116,-0.196085753096393,0.260935721749028,0.199943359971248,1.39450945571713,0.0955705539429517,0.184027112658619,-0.663806296981246,-0.591940151508643,0.233231367387464,-0.282629833280062,0.575467336019084,-0.415437086126608,-0.732704509032934,0.131790325949945,-0.240635721093743,-1.5462120779386,0.161532854606036,0.225084138476211,0.537981087920159,-0.889456697189351,-0.0910725530118174,-1.74762870583935,0.362420629253731,-0.426586180911745,0.511150496952255,0.163085653235305
gene852,0.0028163045083469,-0.947583018557356,-0.327373844050625,-0.267340728667721,-0.385859636217693,0.25277006218355,0.686858652046216,-0.0903760856137067,-0.348809474382471,-0.0818251594844478,0.525491074603768,0.11230022977155,-0.0170128114098799,0.389073934094837,-0.184471847538618,-0.60308184074706,-1.18932046011381,0.190193772340187,0.620023204616809,-0.209244549463213,0.0712575224761652,-1.62501047104053,-0.500207396197417,0.28897892642528,1.02885854972374,0.167000050902179,-0.667211282365576,0.493140959677546,0.424041543787538,-0.311234176566233,0.150561346010469,-0.389830346779535,-0.0579283580829176,-0.10979270767671,-0.821302523250489,-1.24054188306366,-0.752601139095135,-0.455422483857914,1.7428374931922,0.200665515358252,0.57213107701819,-0.542863350940347,0.257569869437498,0.679417334004934,0.451004507561814,-0.734635313458385,-0.27866828700284,0.472498456503972
gene853,-0.507929845852948,0.97835673841196,1.29459953249715,0.141296063383154,0.421233899472701,0.365324520847973,0.569175057599545,-0.079534865287864,-0.241630312796538,1.49084926082684,0.730532041235393,-0.0991587843458008,0.155701386937304,0.0318433742377582,1.6582512340498,-1.37483626434474,0.101603731049069,0.165082110801923,0.109240666524271,0.289858213842339,0.356996332105644,-0.0643644687517636,-0.188619155048177,-1.11540775572043,0.47705483323986,0.706081677511532,-0.410135510446021,0.412796329240262,0.104673323116186,-0.515252124299351,-1.09261288882113,-1.0703925976735,0.267816385436041,0.469085069721626,-0.879201794557526,1.68265316402274,0.284853315186721,0.112409120104636,-1.48347628804594,-0.536783381181967,0.620994957530082,0.721093531352091,-0.657950222494846,0.310794542886402,0.959062828226261,-0.717446536871089,-0.244834995757551,-0.133592895757289
gene854,-0.112504255434198,-1.10085550226205,-0.584385674932815,0.147202233060705,0.0349483267456262,-0.272723858130099,0.499133049233165,0.533335212557452,-0.276647355449157,-0.0577069794201218,-0.122846702338835,-0.11090858491901,0.140771237215143,-0.712417902231015,-0.393049481844109,-0.636542252250779,-0.590682799858274,0.419314642862867,0.0453141841274168,1.48635600823002,-2.21359385490744,0.0957472785916129,0.384405748418888,-0.150048799999652,-0.218065174930841,0.612995275165121,0.233892283432,-0.294588140793967,1.65227910295135,-0.753795043979136,-0.486831685297787,-1.52429245088806,0.438306697251475,-0.179972607823992,0.46718217737042,0.450877574243444,0.319578850305816,-0.981286816547004,0.157690946313611,0.87925214294852,0.0338691182691884,-1.26547459760744,1.15836677040465,1.27005323021228,-0.149285112454978,-0.407966467584047,-0.155159195994284,-0.208032379849644
gene855,1.19334903610143,0.850251162859587,-0.526471599849193,-0.605211166127383,-0.609002035193875,-0.572031179512941,-0.766209910510133,-0.522781022993804,-1.18370378277664,0.0203937622772421,-1.54467609980712,0.153879298638674,0.616278884082546,0.0863911523374934,0.387402871242574,-0.222663898349633,0.794516780235893,0.621875529722204,-0.110459122554857,-0.187090599491805,0.321792297230802,0.0118996500127865,0.416703482044433,0.394972803881999,-0.797037293779711,0.275983890902168,-0.0332928770293656,0.110249098827714,0.267689353180824,-0.24488488231637,-0.0721389215260554,1.00220628405517,0.395022334122882,0.179884107195773,-0.871241056010455,-0.835154795894603,0.428500736351313,0.470372827448568,-0.0072387495972588,0.0441475387258885,-0.204863228024669,-0.81705147583999,0.454507360284781,-0.0245025139804703,-0.0097284057307978,-0.297445312300798,-0.35906244383234,1.31625718351253
gene856,1.94781258986524,1.29652651797096,-1.65077678348211,0.615500928294662,0.23079881394726,0.510595110556529,-0.49705981398167,-0.776241179462688,-0.334383038597438,0.272035424211378,-0.751897708445099,0.199907067997915,0.644719100233788,-0.206384120543456,-0.47287380035753,-0.282871449903415,0.45118275261642,-0.753652592827112,-0.287424025330833,-0.13788381122827,0.112565458390811,-0.0813693009481663,0.723743130896431,-0.510522387393494,-0.229957728119792,-0.597218819202454,0.688672358768724,-0.194502282547644,-0.143375005845455,-1.36638717712577,0.553568794233847,0.320146497580121,-1.01846695712241,0.305389713818525,0.875749060343154,0.821836028965781,0.172161582843088,0.41020816264401,-0.483778000981622,0.28873229710405,0.655051427399157,-0.826431839383894,1.06947806422277,1.05408488593706,-0.214063248973232,-0.410632878550928,-0.356906829658654,0.49347369202372
gene857,-0.256017237200545,0.177364291696073,0.885868367900733,-0.879838467197345,0.214120229311912,1.89119328680753,-1.15846584374367,-0.281145162835004,1.19463351566932,0.403834558500086,0.279318386254169,0.0024437261157006,0.915529009665179,-0.249583701961193,-0.747110908719907,0.308752472419281,-0.371298798943601,1.75339419294245,0.002410822805809,0.78328121206823,0.907745974903728,-0.351278865079704,-0.794190094200811,-0.516298274684273,0.124317251688232,-0.903886825924247,0.27310878860395,-0.166796278581541,0.189650223061886,-0.533979362522896,-0.131299863118934,-0.367296991077537,0.0669338936247768,0.649483331573001,0.391563298267869,-0.318072816523384,0.152047456952782,-0.551026461290839,-0.329719595039563,-2.11429980953552,-0.387277121212295,-0.632309826991598,2.12824994235774,-0.324983059120139,0.104248972052277,-0.0672102318353633,0.232648537869995,-0.457567320581875
gene858,0.880451402593223,-0.33859316000638,-0.456129565555319,-0.960603567248221,0.220277268118145,-0.533175560837468,-0.673945497983664,-0.929192292256128,0.306904864295535,-0.740149270623328,-1.56359517716742,-0.259980586741063,1.04366561309912,-0.425996694795471,-1.72884507091304,-0.455228268538731,-0.0121136609573055,-0.200731288029045,-0.143147882809245,-0.124730187720444,-0.497141359697619,-0.667275253577639,-0.135112817231821,-0.403038186828926,0.98816872891619,0.0894681691666822,0.844228287075198,-1.4718326209913,0.0037928343640694,0.23835608844717,0.271961105565745,0.286506034866048,-0.54237714270344,0.960556447440658,-0.247569335944417,-0.0283807425457344,-0.399878169284593,1.52870461446621,-0.291406613585562,-0.823559056641015,0.0019423048904526,0.346704564485516,-0.816807946695079,1.66739566689206,0.857774794934874,0.276014826317669,0.241143562329686,-0.396297139971695
gene859,0.0656804079314275,0.0825133101744058,-0.974874773121,-0.970334890024546,0.356429423324762,0.0463168027443889,-0.228608339897859,0.151876070203128,-0.970510670192507,0.547319626416454,-0.743143640234097,0.799211223415371,0.810994148475971,-1.32766162870703,0.22854881430847,0.136171814467342,-1.02515851899121,-1.69384999415578,-0.586991473228235,-1.09261856220256,-0.902651017569824,-0.608593589649342,-1.23844263623921,0.537138173026197,-0.463572055061055,0.713909103414708,1.59344047497853,0.264288516111995,1.26585471483608,0.105599801721747,1.39093287548729,-1.0848548570489,-0.984433688849142,-0.0889561107632763,1.07663294531356,-1.3980893093889,-0.0057709193381266,-0.722140630976402,0.491061968178434,0.632620548673559,0.78707124884903,-1.05962324442622,-1.27430030605648,0.129627750802623,-0.0532712203420717,0.702644770339361,-0.493702085019555,0.625493371186367
gene860,-0.87769315714086,0.903614904099425,0.492959477855863,-0.505225972807742,-1.07664507449581,-1.82760155827279,0.165997287035996,0.905110385087809,-0.2417368080785,-0.190954524065338,-0.160608719072132,-0.0526781145269126,0.763109091023814,-0.45470024110067,0.106742568950573,1.51002089730421,-0.755953983990681,-0.46219023981365,-0.304812386858257,-0.448521475070084,0.36758391881504,1.649253575009,0.466888484156642,0.107071824403513,1.75591759715771,0.730291025022607,0.290611470611003,0.528296337215477,-0.927004097228772,-0.350252141078419,1.9637834771378,0.748410792603999,0.231846859667696,-0.049080547584347,0.0589144356061476,0.550830084527917,-0.550927948332105,-0.155447292458209,-0.600215579465936,-0.185252851526697,0.267210117033188,-0.476013148176534,-1.63828745715036,-0.660228899273481,-0.200593234928129,-0.898822212453243,0.817085688881149,0.667455697229617
gene861,0.997794223827935,-0.324834924252385,-0.0299718665237911,0.337799404426589,0.502643528225171,0.0033567631241818,-0.367581921389689,-0.783222191969817,-1.31429211145207,0.387454286943115,-0.892575362626291,1.28930414904837,0.331532880490857,1.68543966372726,0.331878039621231,0.395933639751377,0.0882222885846906,-0.55588400326565,-0.0701483443411904,-0.634828511675528,-0.436293272445454,-0.452175724830288,0.391194589160579,1.53251170838753,0.0877217160770443,0.12512837779069,0.230448456009829,-0.146588565704306,0.789731780586448,0.705311224884986,0.103454307091008,0.382285390304291,-0.160072361335975,0.141655891831992,-0.15095580704971,-0.086763601658032,0.72460945003585,-0.126779717719554,0.229509546502458,0.666582996736925,-0.620277457973026,0.196369336415823,-0.928209707883394,-0.466065206334534,0.399711377491573,-0.344888469397183,-1.61881155996749,-0.772983160274021
gene862,-0.952417395435372,-0.632797517990155,-0.197580403786288,-0.781543107848227,-0.046410113160888,0.143935394878759,-0.0549768125781034,-0.295989591503235,0.902518928008285,0.254347899865276,0.309502668378189,0.143119079398209,-0.609848637057289,-0.340080360982997,0.543854027882996,0.473401640083738,-0.027053385817061,-1.25485136396604,-1.06754162677205,-0.802304840440842,-0.107659343057571,-0.661026787870889,-0.0866679494610282,-0.207339912683038,-0.352466781963877,-0.0310975145422258,0.0960973677313258,-0.28166947898423,0.661018525960144,0.378270394260643,-0.167628522689366,0.463911896151966,0.659680071802462,-0.381168169723967,0.0397606729989998,1.31176809650156,-0.0649528152500561,-1.17416349331988,-0.537553667205575,0.555942771320945,-0.840316337387299,0.925604070446121,0.811009811246196,-0.631170231685255,-0.964134878303781,0.452035627150093,0.352680081401802,0.0574701287366304
gene863,0.219078322020442,-0.856884979998004,-1.37890309171344,-0.537506842562175,-0.0429957252252499,-0.0960527909313895,0.496946891389304,-0.872551415740249,-0.362897676753271,-1.4152923870858,0.548710381451067,0.134760649519944,-1.66357258570235,0.306835175968525,0.0620354915786911,-0.324626144562248,-0.332332914303735,0.286727790773057,-0.523866750586877,0.409288179672494,-0.563709074646814,1.28035893870325,-1.09045887911426,0.99831501843695,1.97943208243668,-0.229123089683119,1.24605615374523,-0.578009444254908,-0.314901165790797,-0.525425752146121,-0.0055242690036527,-0.526076792948587,0.564748718777076,0.210478037673844,-1.9939476495277,-0.0639281475929893,0.499968217809424,0.324710728007056,1.61614133442938,-0.0834926819183834,-0.323266536362032,0.43419924691629,-1.1365896132133,0.25847078273837,0.382428862592098,0.735646298416672,-1.51934521911323,-0.240250625918917
gene864,0.101809529767049,-0.33040830016208,0.0069061075327478,0.99732726612313,0.143357580405062,0.86383047251105,0.370288509816342,0.572512224326181,0.486857224887413,1.02677514158015,-0.601380835999316,0.002509106801793,0.605887959363626,-0.190169174618726,1.5715281991728,0.215492838985019,-0.247001511232985,-0.313284751540151,-1.56593187213723,0.666207778033754,-1.08401128377336,0.263313873711555,0.0663562048888859,0.587043309642634,-0.267086415192677,-0.325453894138151,0.276287336263458,0.021319331387538,0.764584875210263,-0.452958678164479,0.750913342421585,0.839981621487784,0.401988850691418,0.458417677606489,-1.08844727394559,1.22596574007419,0.640264542337127,0.335230185055417,-0.583585205380763,-0.42352787335935,-0.384472470737977,0.656007910499762,0.0153666330604896,-0.100340007659462,-0.179868317812251,-0.380857302826626,2.69621118935509,-1.60453103353865
gene865,0.593555517442067,-0.440944477190445,0.44953115589052,-0.90950608266668,0.0976366132047837,1.37234462785078,-0.718178470289886,-0.748840796765899,-1.97073793637715,-0.960525539093695,-0.461539702893944,0.132681787160545,-0.431824988857991,0.203583988928547,-0.353303477074869,-1.1564940462224,1.15199976509569,1.12465255656638,-0.677071485668116,-1.04166706807488,1.89559416081676,0.291348599061445,0.167155437017264,1.5339848001952,1.65335805420034,0.588368935118749,-0.0742292524237831,-0.236256455541658,-1.44156886882565,0.530767567447851,-0.68063618294389,-1.80320425731698,0.611546891556614,-0.871343149468591,-0.405738432711425,-0.27627237016785,-1.04067654896126,-0.58954694137159,1.8915219293359,-0.25338920886334,0.872242989990778,0.668074222512418,0.471440926196093,-0.192800980498024,-0.570921954398463,0.593861512349821,-0.514606543923604,-0.114765425491247
gene866,-0.705557619055391,-0.242987023289522,1.1140024220036,0.524664763911095,0.571175622417737,-0.464207058335466,0.0434691249711217,-0.409663395330448,-1.66503101275265,-0.232419337591327,-0.859711981426042,-0.689978566631389,0.269988138403266,0.393242142646743,-0.821735377168456,0.58783276778237,-0.999939234645063,-0.484320756637243,-0.635699477885935,0.246337156046793,-0.640089041687387,-0.359347455841441,0.984727510052164,0.247274613311792,-1.17365332118841,0.959154690816527,-0.19188550988725,0.206770869743871,-0.997500176249775,0.32540334911319,-0.32953313250308,1.44992088862229,0.415834845807864,-0.146744005275146,1.00762431569515,-0.709369806386516,-1.09742942206056,-0.711753218038558,-0.0348331685338782,-0.46295689729924,0.387884629214739,-1.22638193541051,0.449494732552948,0.15449548682871,0.366277675451417,0.218494032292511,-0.190427227397349,-0.14586904005076
gene867,-0.153757012414544,1.57318379962397,-1.11991086899163,-0.561682200358666,1.36369975203356,1.82893703761294,0.332806036567059,-0.0162782164995874,0.875886376764649,-0.815836010814631,-1.43335632712875,0.0937289901493828,0.429416154072548,-0.657665246013612,-0.682983205781506,0.0115033321600525,-1.74485086168025,1.28815086532214,1.34045716330594,0.462819604731041,-0.816263873246411,-0.477680828046905,0.683620085721113,0.902263531171459,-0.838786952719478,0.612454020121299,-0.159319624601958,-1.13558030315415,-0.359157919241742,0.677086992966851,0.454322800831031,-0.304408824238603,1.46348730771784,0.600883657554982,-0.611192351733222,0.756215223616171,0.644797054679809,1.03042823472514,-0.142639839207277,-0.592448085454458,-0.301719937999426,0.630923173983623,0.623038026343696,0.161576003336037,-0.351570985711979,-0.348501434743735,-0.512724610825672,-0.208444881042154
gene868,-0.588212471142864,-0.32630726582111,0.62335782476718,0.139292792315066,-0.0932748648918361,-0.0155438856854787,0.84266704312545,0.349845297038952,0.191886431537709,0.256407438907179,1.34858697338142,-0.343556583600933,-0.539732654120238,0.365784880566739,-0.84056611448566,0.79399471462514,0.177001462262013,-0.0769303411686907,0.148677303635842,0.0082649503911557,0.603433883213445,-0.796476634207824,0.334247723938808,-0.638737049919916,0.0692191513156185,0.141580735179204,-0.591435011519249,0.493431310271021,1.12365238544479,-0.636544295299231,-0.800713795223032,-0.371848031084633,-0.813260128559776,-0.276446391681599,0.723611513568767,-0.221074577741889,-0.2468196923925,-0.116431688693404,-0.0973427262791286,-1.22370499690982,0.40031054232697,-0.308982409291154,1.03747004225265,-0.240110791669285,-0.884673886824911,0.705678063655186,0.425238515960376,0.0708464852959377
gene869,0.1296444718549,-1.01319676843435,-0.40780720729862,-0.895048688336398,-0.607255054149032,-1.67827673591196,0.46764597352219,0.25766369951588,0.143039792474742,-0.750205555259729,0.132355745669333,0.000436029409649,-0.0973276399587899,0.385438153373353,1.27555361804795,0.79244757657243,-0.0653115897685836,-0.390048391139811,-1.38822034797352,-1.45996283118852,0.486158133164455,1.87884221313294,-0.560264182763292,0.363525813637655,0.009073633427785,-0.539640925715143,0.567717366656299,0.17859812816105,0.759883032049695,-1.10939094637728,0.106148390364814,-0.0620903633895286,0.757704904541223,0.685471318672136,-0.243933121463453,0.29602499083858,1.98704225220325,-0.310398213579959,-0.601531811586598,-0.614638934912121,-0.646691169072637,1.50759268156981,-0.239314622137022,-0.0325832331504218,-0.64082605306266,0.373107802141662,0.280896073638448,-0.377332122919871
gene870,0.1426599173829,1.16250856777644,0.809327572136079,0.398122609675985,0.0030351025493453,1.15964467527883,-1.12618199412492,-0.102844811759466,0.727415585365456,-1.04549818475168,-0.828050398430299,0.895568940615033,-1.21364010178935,0.219490989558089,-0.173631637141993,-1.24386595647902,-1.10928812901757,0.10386206414703,0.10483009984575,0.117851434379758,0.202113509225936,-0.248831373114122,0.34981178664153,-0.50739762994198,0.026163875282315,1.4649463985124,1.19404808717456,1.0240822547543,-0.15054535390362,-0.533092364981265,0.73454521297718,-0.383373659022176,0.43964142790495,0.501898449589974,-0.267230184747782,-0.605168212880836,0.783783028508217,0.355349665267268,0.243217825560423,-0.680646113405673,-0.902352998037864,0.0446178309217621,-0.669821023639188,0.164579646623878,-1.80247436229681,0.0269518876465583,0.849205932037768,-0.66779230944248
gene871,-0.705795832575174,1.40029443085066,0.0210211629227889,0.559262750025929,-0.379248740870985,0.117112037988657,0.122684261344644,-0.661065577657772,0.398169008295161,-0.117093899837005,-0.27632333100457,-0.553736124377524,-0.315365271337516,0.802116551353964,-0.52938509362838,0.573717794830937,0.414224128718456,-0.0612705561074778,-0.265197601247934,0.184667587375715,0.833059729048666,-0.0116580554835252,0.0589052504000836,-0.285352752408775,0.364592923911232,-0.40440713745656,-0.0656760403222302,-0.036427392775683,-0.860771904322083,0.0802151474940867,-0.330012922088333,0.232496716050518,-0.884498757808161,-0.409854657915064,0.184643176792749,-0.654377833133776,-0.202724430555199,-0.10874227929958,-0.725697235065947,0.941309002787102,-0.474422115601254,1.38584978799581,-0.542806933953391,-0.748208346115395,1.51739206190389,0.0358905152595895,2.42418001859166,-0.258027357172342
gene872,0.281534921365334,-0.607175295629652,-0.296743822790058,0.0765180542087511,-1.36697684355408,-0.242856627396397,0.790434290754297,-1.68376158329798,0.568012929160504,-0.347708233732946,0.57274461669065,0.0741167242057515,0.096729199543375,0.0059166701480322,0.421431391297122,-1.35409298570002,-0.253384094184688,-0.603339821266316,-0.93871034384449,-0.143488181143291,-1.2153145934992,1.12810261075417,0.380513613357906,-0.79202578702514,0.259780038272641,-1.25916986563607,-0.909696405312476,0.0089889000805027,-0.715816902631503,-0.275732502003512,-0.909517944657187,-0.136314581793765,0.650171228900665,-0.553134386306685,0.1052711360103,-0.210243472858837,-0.224768670003928,0.483098481973173,0.635883653032963,0.16429908193379,0.6957527082855,0.456085288486538,-0.94045166052483,0.314105311482693,-0.552039788191203,-0.411361857203079,-0.706867999237191,-1.07386156770703
gene873,-0.758168328587761,-0.633804237201198,-0.648735526819054,-0.447427327289598,0.214098854353185,-0.734799453876825,-1.3397384520132,-0.257593165488258,-0.921027268951087,-0.588028931061757,1.71153250604656,-1.29626564063816,-0.248032505438023,-0.426354035869287,0.189214281917695,0.986598659422181,-0.164270416939276,-0.354910518867488,-0.471458549871743,0.909500825709716,-0.351634467600272,0.432150964331286,1.44379411615858,0.224193263118639,0.198391774922818,-0.168411094570958,0.360200386273854,-0.657400426630755,1.49541215400311,-0.63581110789356,0.757743003692364,0.870528265123059,-1.16004545125555,-0.310866686002517,0.0302825491868406,0.590395194872872,0.0672494636140878,-0.147669057450151,-0.680364959130112,2.06563897408935,-0.789288344963218,-0.49241089568521,1.35310416655562,0.381960354713885,-0.741010676142238,0.672194982802579,-0.0370017197578334,-0.0817851785111321
gene874,0.0840000943513192,-0.539498563929823,-0.439566152448244,0.0702302198175345,1.02039319268846,-0.259930685499719,0.236390287328683,-1.33303344289421,0.84033834246451,-0.0255152858323423,-0.575583964250638,0.0566650815944002,1.42616016743487,0.442236400429037,1.06733829606261,-0.0928634397242639,-0.473668097489602,-0.860504301884247,0.632475040876448,-0.896213279098148,0.736974437681479,-0.486801357231881,-0.419643340417895,-0.459352850015766,0.459151986764743,1.31253312213574,-0.411824672043182,0.0197637843893468,0.907367624621098,-0.522999557615812,-1.04024828948148,0.0394019946327787,0.390624508327408,1.35784787120396,0.572538858933322,-1.17738682422383,0.17280665562711,0.788683324535636,-0.212763969671254,0.341857163840151,-0.897481282008815,0.627601001079878,0.566008462143935,-0.286473855045155,0.0632806937103134,0.702595937950614,1.22437563272569,0.514815009132397
gene875,-0.593326165576606,0.335969115649837,1.52776732908273,0.445203951063172,-0.265957884800551,-0.291153450224526,-0.448023080802351,-0.682400742317612,0.380580134596183,0.83458016574899,0.347032206026983,0.0240092509832691,0.124556533589567,-0.15151859373099,-0.807224437569426,0.591657915965257,-0.704144869982952,-0.420057685896546,0.109141503056404,-0.653500371815253,-0.722021246731429,0.436958608537777,0.829061836726277,-0.432656759816387,0.844630856657223,-0.0394660345819957,0.216721936269038,0.767918421406002,-0.106446083828284,-1.15607914822298,-0.780770224175717,0.0266969821779671,-0.309463925997088,-0.149996086350389,-2.00620444207194,-0.728355505423688,0.251463880771592,0.0591037197252326,0.26922870778833,0.968548070284627,0.329889535914464,0.107256628809585,-0.17890692801811,0.576524123541778,0.638806450532631,-0.095936888390521,0.571570916254056,0.612520376113486
gene876,0.532941369378844,0.0109431628629369,0.139038147795818,1.09267804363186,0.508849326906635,-0.0125198921348561,0.638140489978124,0.926000727975431,-0.559673834011431,0.252688785714459,0.0473108994771304,-0.433233670365429,0.939391173423995,-0.0616807420680519,0.366957152064782,0.440072229423252,0.542500915371459,-0.537766845620786,-0.964974309921372,0.280083121422065,-0.222871476774078,-1.26339245828704,-0.76136453845767,-1.2260536298405,0.442313997512696,-0.243887704383658,0.0029995116829946,-1.59886055894937,-0.159108958970612,1.28420972953329,0.147921767836852,0.089014589190968,-0.954219312369522,-1.465127464627,0.745554769118507,-0.93606341894761,0.787594683405362,-0.427611336331235,-0.51389712544782,0.35637753650262,-0.211104806008725,-0.231403193991122,0.383229235602339,-0.533240379953644,0.329885847944974,1.23575740059884,0.174670875486458,-0.358546137704136
gene877,-0.482653136498825,0.308905031513214,1.05229142464456,-0.464260662346233,-0.493535505136414,-0.579516613130892,0.688307874446804,-0.0218199077394771,0.780055029122175,0.496665181365619,-0.884464341582377,-0.840863670591065,-0.331814784672564,-0.351205123683078,0.842124001318686,0.946008603797433,-1.11921212931154,0.149593778230513,-0.120513775427487,-0.0615310794992824,-1.0667360735258,-0.226761570106492,-0.230260835827214,-0.453826062756314,0.32722642180254,-0.0047396586282778,-1.09981374847037,0.342622954588973,-1.16343882636443,-0.299281066440519,-1.56577748268753,1.57358975864915,0.23638962576012,0.451058553647849,0.363385095601924,0.137537191058865,-0.0108399604082822,0.201760064141944,1.12033118874844,-0.808630607398651,1.18081656992883,0.511167132889156,0.0622405725791956,0.72323285324516,1.22255524480906,1.327369485789,1.13868685577973,0.164415402001797
gene878,1.1528636357957,-0.259449335333881,-1.01906374517704,0.353569183358065,-0.796633384609834,0.871717316860206,0.242003771953638,1.33558758151126,0.158144799643214,0.184726429945444,0.405264307326448,-0.141585233373841,1.87721502186233,-0.336471994741785,-0.329857212700793,-1.02151682032705,-1.12934704106793,-0.814164329683032,0.407444657155839,-0.780159669346637,-0.598578848904648,-1.78960749956915,0.116681578310523,-0.979627546397335,0.935175561857545,-0.144861198391599,-0.744359072800576,0.0931996372624847,0.312633615884182,-0.595995128999846,0.163085100005284,-0.553680420426499,0.788119888368052,-0.165405248454985,-0.138234303173828,0.244718409269221,-0.168062229747748,0.758976666581579,-0.62647579916366,-0.239973787920195,1.02780101559464,0.861110959931102,-0.364574096191227,0.390293964215381,-0.0750388833978633,0.710706030049475,0.335656413877259,-0.245031141869016
gene879,-0.0152293424067246,-0.274906213108981,-0.167521121784902,0.687284456726171,0.276298300836306,0.0911348498570037,0.30953211304181,0.0851622942603726,1.05995277295245,0.180895277568804,-1.51794313924279,0.130490391300746,-1.48485896178325,-0.380491530235133,-0.431502530856067,-0.179856495434005,1.20860193538208,0.523592421462035,0.361423189352677,-1.15163917457975,-0.381404585901528,0.781073707629003,-0.415957307639021,0.208603827279836,-0.120018009423148,-0.209381093144655,0.47668579607447,-1.28455899283784,0.94523264990289,0.483433783321701,-0.450367314642441,-0.0102047602450005,-0.597807336896316,-0.275464253058749,-0.35275398479106,0.133481747387023,-0.847157367671459,-0.366302669057105,1.13000481227484,0.735542642973652,0.235179313777878,1.39805683301532,-0.0617622979595263,0.761004806255881,-0.213410357247377,-0.183501258174313,-1.12607334032379,-1.68979849710296
gene880,-1.53992435055009,0.831703813923019,0.390173041673021,-1.4975479144631,1.87284454628442,0.243099365124295,-0.173139741265385,1.03159374774756,-0.622380539589668,0.0385973866847555,0.59693841614067,0.413045838703772,-0.98613586531201,0.456718307416867,-1.32123395310207,-0.557608944629827,-1.1122532955435,1.24752000471776,0.346435441832819,0.245717921130974,-0.373012931701546,-1.4766157260325,-0.0844235735558771,-0.579655094243271,0.539021071210818,0.71638047128729,2.3682184820636,-0.116277339388823,1.50215432817792,-0.126157704111424,-0.161322580888986,-0.536583454124964,0.258616359180091,-0.654840097615379,1.49312341959778,0.499063161135723,0.438855847917522,0.151277706574205,0.160927140228121,-1.59374952346884,-0.28964368271673,-0.405526833101435,0.706386851467947,-0.707507925728115,-0.165975581090118,-0.785961171593696,0.353565698498343,0.216319203380589
gene881,0.769163464068497,-1.0133432513742,-1.04096123154457,-0.480353807599326,0.794552823287168,0.715674172107579,0.417246013790355,0.328640921503239,-1.27121075518322,-1.91735113719506,0.413077680775879,0.385615741229365,1.3844755683537,-0.0373509680883286,-1.2297971310482,1.51682751804348,-0.412505657299882,-0.0400401280531348,-1.153633202593,0.277026038968708,0.531764815579833,1.68249426320042,-0.0012347445871494,0.631019599115109,-0.852364062828036,-1.31825610992875,-0.818291714344701,0.7413424592338,0.534161693270152,0.910203482074037,1.30580764810446,-0.616720805354725,0.184539672130156,-0.626360979415876,0.48484818577454,-1.07169524619797,0.333287421229655,0.31943002112104,0.318317777800813,0.319936241290591,1.10243036621668,-1.18947804578403,0.166970806109589,0.0372651529277867,0.527811529665225,-0.446420426862737,-0.439968064952155,0.446948982573179
gene882,0.117976156543553,-0.074267349732249,-0.528982265286108,1.53778794588187,-0.832805681250793,0.24722635024436,1.28065069783647,0.309661003605629,-1.0240080160793,-0.629159028063989,-1.20065656621724,0.965860130597548,-1.01739831697129,-0.698083337588792,0.175936849295318,0.12496723921586,-0.385097903359608,-0.0334044586008958,-0.615435165377285,1.65243807313457,-1.65015998246573,0.762883076281765,-0.0295578903993461,-0.541926203098632,-1.03246390164202,0.0913708310788031,-0.457249937768575,-0.146097672332175,-0.0806781514994695,-0.839387713240468,0.136243100606011,-0.137932134481865,0.199157567974899,-1.18957786386564,-0.208935438878746,0.648108916849303,-1.14497348813954,-0.0916076340010936,-0.872456908028212,0.21962399756023,-0.458893928730073,-1.21605952573756,0.243581875028982,1.8239256612316,-1.2569077878361,0.52877924530518,0.109857300598639,0.70104428772772
gene883,-0.913849452269862,-0.251019892041791,-0.375935019901531,0.205293727398866,-1.74270509155048,-0.946888079512633,-0.903725113315467,-0.255814353707358,-0.21077986887061,-0.100802209942568,0.502368138816021,-0.449533412572954,-0.239959356969467,0.833511057027973,1.61406072070525,-1.27840934726174,1.3755593594283,0.0740907261724242,0.666117390139342,-0.686732140338204,-0.149870712339928,-0.189893950108844,-0.861726878649137,0.965974325994286,0.585665621673621,1.8440733544355,0.406529953507827,-0.555235273310012,-0.182772238259386,-0.577641057601232,-0.124298182126041,0.0025290525539817,0.0466828903968173,-0.564751273347115,-0.0979887318892619,0.164815479501159,-0.45273057030277,-0.279627225614348,0.765784947684594,0.434138867945007,0.731225855400311,-0.259594642947017,0.560401823922572,-0.643729814170252,-0.398247004557657,-0.146826790655123,-0.573062744141719,-0.770104630070078
gene884,-0.481065731495715,-0.935097250268899,-0.626738181703064,0.614888225402764,-1.007243708448,0.0628312501087627,0.204317223918701,-0.879906642512722,0.166797516255094,0.209879987223301,0.605301304811917,0.422581472910655,0.0844092200632403,0.0348684054063262,0.602930968691109,0.659109625251057,-0.152898041472568,1.51892228102994,0.274131101645093,-1.67987347581791,-0.569964116817255,0.0359669585427184,0.0403778747312265,0.162076726279688,0.088643556606849,-0.624298046419692,0.139734814167261,-0.53469505003928,-0.787217714317196,-0.072409519443653,-0.865541843043968,-0.112681510050681,-0.594725728914182,0.154644807019712,0.212568683053409,-0.41666143876283,0.089447100046636,0.614698119161193,-0.164754861347096,0.414412088446168,-0.924807921586897,-0.640665796794545,-0.35417383017557,0.946626984320464,-0.0085683436565302,-0.320816430354295,-0.627708352869744,-0.359735187176096
gene885,-0.961983850172868,-0.275495839698578,-0.717989482202466,-0.11888522947768,0.145182340743506,0.2039632321597,0.0260290127733129,-0.112295804519635,-0.59690369147526,0.28042689098253,-0.0703531700668802,-1.1922192717717,-0.418406840100751,0.299567738041383,0.0363383545807339,-0.410523484039865,0.939674381885147,1.35253697668086,-0.707363251247901,0.301740059122598,0.636589965004444,-0.39192724036415,-0.214258930409446,-0.141324081673523,1.27905839525299,-0.51197409916777,0.0430113813419353,-0.901924501314086,-0.67373384736209,0.0458457461529885,0.311414688242547,-0.456021238195063,0.865460066825006,0.751820258026727,-0.102522115987725,0.495258410769791,0.136889540960002,1.20094613235017,0.702943011565126,0.60293254545738,-0.553065596652862,0.0271565952230011,-1.05181805649899,-0.0995356478730109,0.265467573068654,-0.63579243737643,-0.0213429508899783,0.572267920886741
gene886,-1.06500831195441,0.650948189219045,2.3969732468177,-0.952174116856913,0.246875557562965,0.835159683947461,-0.225882561098781,-0.490261862079784,-0.119500173567085,-0.93977846542828,0.352277469604839,1.10847878086421,-1.00193460051694,0.203058033746864,0.0137506752844416,0.0065782925131333,0.721812984428939,-1.08832343972332,-2.52926196122046,-0.203849753085809,-0.288313346806186,-1.11204167688877,1.11105871301074,-0.237675812819666,-0.240831830421879,-0.056745334057064,-0.766982718599791,-0.675447575399185,0.0348889169852541,0.367622061198437,-1.15038511061905,1.16667464466549,0.508728297229846,-0.176865022279521,-0.342337530630877,-0.812674999442942,0.537000147793945,0.629847055159644,0.873375544661555,-0.129874053243489,1.15261717223083,-0.634569253266369,-0.297080600504606,-1.20021704493234,0.140407680426146,-1.54661371466959,0.199524082388787,-1.71231842529658
gene887,0.318790261752473,1.12504212694331,-1.28932694435084,-1.12256189887204,-0.125414927018789,-0.279724453389216,-0.393895804612659,0.354132949639083,-0.0800076027672963,0.743199334395413,-0.295955900629808,-0.115527025915814,-1.3044754408001,0.787894144562641,0.171089808025248,-0.662531574547469,0.146856083939658,-0.0745743576189206,-0.620381684360426,-0.230868166068678,1.55750561491501,-0.289995563055473,-0.741947430439657,-0.123822056272416,-0.144048103198919,-0.597406044340319,0.407226483176228,0.907861841249728,-0.5906822826593,-0.525080550831437,-1.47230161745804,-0.266190866983431,0.10314270742155,0.92331002184483,0.385866419312345,-0.931739168884956,0.362834236148007,0.277694727570784,2.57405705061844,-0.326414725839974,-0.0341615975013162,-0.0272812782865812,1.21579750663209,0.331962466031322,-0.736519394782467,0.929173718173557,0.0715411864699468,-0.384887860401969
gene888,0.0514833534936334,0.610569459574229,-0.716080992659786,1.89685462601147,0.128756558637246,0.567277008165127,-0.120693952187597,-0.570405420282911,0.0641468367285388,1.02790738772087,-0.582547742133803,-0.554013522216568,0.726921068930141,0.907005968687753,-0.0890004165239314,-0.330672411387642,-0.39149764360445,-0.585539795153257,-0.313000474046852,0.123826787978981,0.41563414564625,-1.13516950828082,0.344900540144861,0.587358447227718,-1.35995428903953,0.456790563123268,-0.349562286198094,-0.321906846070033,-0.603177121856156,-0.797736955859294,-0.0700089199043161,0.793876786293635,0.240046788809355,0.926835730571871,-0.13650138156579,-0.802391607474165,0.260183822868532,-0.358624466203926,-1.07776456632946,1.02259785613077,1.21618473506223,0.140954202247748,-1.34363148785063,0.0652408196018635,-0.468728002626005,1.70681311471548,0.719972524693683,0.155320097033111
gene889,-0.359668676119462,-0.241685124587388,-0.538754669545005,1.40667742866867,0.597488197716862,0.258473001076958,-0.306477019261395,-0.407657024514976,-0.736563047358113,0.0950612581371005,-0.242055267537501,-2.214612245886,0.147532749243874,0.492167972760867,-0.235158369844961,-1.08167520528927,0.253263017056913,0.533224712618423,0.506598745759385,-0.552951380002225,0.003294295938454,-0.25547165758103,0.877956975478286,0.115571244959667,0.0474622076421434,0.188039337896926,-0.912172876118393,-1.69851425195216,-0.509709456594516,1.02245865008134,1.33673720180538,-1.5299653663572,-0.76842796953443,-0.975447319475791,-1.15722538461701,-1.15406628812406,-0.918694160437858,-0.355910366132369,0.0496087669717784,0.17526842462263,-1.65092762736944,-0.443276360758483,0.534156706577036,1.51858699730101,-0.0193139536933279,0.0029699161569462,-0.0758639253003558,-0.0270412901276337
gene890,0.556601880502752,-0.291336921693071,0.0762927389011445,0.331385211995981,0.785845576414724,0.301148770733956,0.799834410087705,-0.830940654226491,0.17812800466549,0.643723246948895,1.16866559470816,0.124472522681452,1.1967277191251,-0.0883632337105196,0.43178510282505,-0.534775208266875,-0.0616190234199428,0.647997265752261,0.196216420226112,1.53688106234992,1.03098414207341,-0.670760994195729,0.990903144280092,-2.260543932387,2.16817687040624,-0.0534567192938366,-1.9017533879942,-0.134132102456794,-0.691504550191343,0.579965201381418,2.01628250903225,0.921474634727628,0.878477347667579,-0.0789013474635457,1.56960163784047,0.789218395533489,0.522028735337474,0.902761731551164,0.484682135398521,0.876963392625839,-0.919674043463532,0.589719401198538,1.41124444044546,-0.701342763877545,0.245839461511748,-0.900973575970594,-0.485534066490522,0.69241904202591
gene891,0.122537723876812,-0.171745273264511,-0.032186450315026,-0.113465391390821,0.662274181377579,0.0978905658129228,0.0596934488394082,-0.115909852117313,-0.0263924375061481,0.0697706789143543,-0.0540036899310065,0.0869910498009606,-0.676271551913403,-0.812627296507261,0.202714276614537,0.459862202986682,-0.326029431101183,-1.56018497343255,-1.23146128402948,0.252988235278638,-0.582805857277408,-0.516031229801673,0.0723761301238401,-0.63489475609791,-0.184882384296975,-0.138190715069548,0.414375524483912,-0.895160840830157,0.997252750559374,-0.937698724785679,0.268610713275154,0.665973074278161,0.696482177409308,0.196328755036099,-0.371750527596219,0.69483239342796,-0.651816702872173,0.361799139503974,-0.54713718096644,0.300945723984543,0.705525235886456,1.01810544500633,-0.0628884847827935,-0.361138311666241,-0.130935550661868,0.855788528744945,-0.163933606321798,0.462107364731572
gene892,0.361319595990161,0.102863246482221,2.65472788034504,0.137941198053153,-0.647737636887297,0.563751897893553,0.555588180633251,0.986644875693885,0.400086989262186,2.15790291709162,0.276454453943791,-0.313585841654918,0.576905780819184,1.63759898262155,-1.15264124141609,-0.136231185764296,0.312615190119443,-0.776455773543774,1.67927008805117,-0.698242685524917,1.15881702723155,0.738555340563647,0.992520633552439,-0.43049371374806,0.870803389037608,-0.229003371563169,1.18706523668934,0.0686266321447223,-0.269879302281768,0.495485635475684,-0.0540684336231267,-0.380274049063663,0.156710322812705,0.165594987415595,0.207664008748669,-0.0917751988747594,0.140152199968022,-1.31027541203842,0.0325135210416312,1.27557452444762,0.0189242073795333,1.69027241096797,-0.643122510369617,0.413459842172821,-0.602262840023208,-0.174711889707199,-0.100453701703854,-0.466282246453552
gene893,-0.63805194728954,-1.06005733564655,0.161559981759737,0.60927084724064,0.650687066670584,-1.36312393806413,0.400808353676055,-0.413671599657031,-0.672565395028775,0.500924659771459,0.249447688075402,1.29474944924383,1.02994114878663,-0.436619508995754,1.13396630878583,0.0271907428918401,0.760609762686703,-0.328892078448906,-0.457613089141303,-0.0415441975261459,1.09889814884412,0.270514294431505,-0.0234729387496082,1.20952992828696,0.328844463655559,-1.16051168491598,-0.816160302225208,-0.775410262026525,-0.496214505992409,0.620697626508793,1.14637904735701,-0.897167779220877,0.627133503915843,2.07512548297871,0.141979135795683,-0.64855064583692,-0.677672193377064,-0.14035556504941,-0.3793126940714,-0.0441289892854355,0.561880323806709,1.03000915279695,1.28837818252947,0.173026204707731,0.0022415771525261,-0.882008132062521,-0.43995233248158,0.908708805600984
gene894,0.251924438447483,0.486629050005029,0.57852958681556,-1.93255460319148,-0.366511875710408,-1.01296479213059,-0.534544673655075,-0.57665628073919,-0.940946274920039,-1.76548272517138,-0.0520499735125301,-0.502985087118863,0.440362116366261,-0.477931815781799,-1.26817893980552,-0.546667101598974,-0.0265667667249596,0.625814941173166,0.901542517418795,1.90529358409204,0.561731594350519,0.617640038414059,0.307990839269268,-1.35258683494316,-0.208165243819341,-1.19453947197593,-0.635573901943297,-0.198908627762755,-0.849565910371045,0.237112703530506,-0.414920968248095,0.0170699373573028,-0.944815652993144,-0.119287722511359,-0.515398745822426,0.280266681564976,1.04468866315076,0.567761266685465,0.0918154721576762,0.0518276328500721,0.398701219801226,-0.615389153388703,-0.39629081412029,-1.33442999322907,1.31777813077573,1.50087244674171,-0.101508689992003,0.761512492874977
gene895,-0.007809004537261,0.940118162790012,-1.47117149749184,0.419337083815565,-0.842706915654808,0.171145419191597,-0.299989716156835,0.711911487632787,-0.274068683295045,-0.578259615078045,0.584750453562693,-0.863965099030488,-1.04479885197496,0.555426671416167,-0.0238951133911688,0.777879610018197,-0.530458191632405,0.284795870054717,-0.427716655664397,-0.243092889087923,-0.953963600855207,0.199523932095539,-0.231339146238086,1.11496625900213,-0.0535870263751192,0.697339058463631,-0.0054175052036086,-1.920225799529,-0.639583589246635,-1.60644149703923,-1.51988592960347,1.1274818045661,-0.789724837916883,0.773218271349207,0.850905360495417,0.172834359336433,-0.49941575962446,0.722593094336924,-1.13581642583784,-0.217936123419504,1.06661591003202,-0.203145563155101,1.03594562058462,0.198529471183141,-0.797875790746231,-0.794748762926675,-0.946358945891588,0.670465791594156
gene896,0.948972111902629,-0.429556735905889,-1.00487750070028,0.273421793661127,-0.352166081747085,0.146084912391543,-0.467378880240772,0.187720295522325,-0.318591790348493,-0.296564548659982,-0.384248056114739,0.513261799687384,-0.291423881576188,-0.614242325160596,-0.493989622085442,0.417861093325383,-1.57379809326197,-0.500246460993735,0.596049012554135,-0.276832416397021,1.44954841254333,1.11793028078248,-1.29351811432758,-0.140551170452137,-0.24322587248464,-0.453528715763707,-0.587067491931612,0.047921635632212,0.250560886439569,-0.217310822734281,0.188948363547152,-0.488047922039463,-0.18821642369115,0.151264632493252,-0.53709074290093,-1.58054208840191,0.627477288084031,1.65697323929752,0.38968040827321,1.13314320032359,0.634555640389757,0.803583798594346,-0.355051490604022,-0.782970852734507,0.0536282650668147,-0.156264940136656,0.759639050446622,0.337616002874743
gene897,0.463650936079148,-0.656027542099312,-1.46045009909073,-0.520709673604245,0.134021363077648,0.508468228994918,-0.500255571328529,-0.0411147242281663,-0.283397022625935,0.147203410942088,0.425561176124036,0.417990171823254,-0.357486301810154,0.111511568550377,0.678481093091746,-0.204290767906628,1.9781635772086,1.18782631356432,1.4655512814075,-2.24551365772626,-2.0029543603112,-0.669198790830428,1.34153269650492,-0.629514105283252,1.18650862987636,1.55742614924872,-1.7794758691648,-0.795878711398874,1.96470050284723,-0.20112089546689,0.574702862048874,0.122976440143257,0.341830340525969,-0.257077908140574,0.686191600141206,0.704692662121872,-0.222789712570894,0.0227120433707019,0.443832424347965,-0.31073949075255,-1.4605889382424,0.0829880472470096,0.71624612867289,-0.863986691027112,-0.751194643159741,0.800485644830084,-1.14787918949572,-1.49723243811652
gene898,-0.244181806646498,1.12417489583544,-0.917707203926599,-1.12839528034352,-0.316389872508823,1.19555431171819,0.298198399499826,-1.00600849959922,0.374639748387212,0.363370595606841,-2.76888198730564,0.0626180120611163,-0.123910998855061,0.538746020464623,0.994233365436902,0.242189435061994,-0.454912270776058,0.22401545715628,0.294885456538674,1.59151838813748,0.378176402093984,-0.709839395369214,1.18694075791741,-0.219224301061337,0.551201128656666,-0.0158712683455822,0.679756224904316,-0.0037516563616278,0.258333934190447,1.37016578201537,0.333691323602846,-0.0436674354297287,0.512877497718438,-0.941326255514387,-0.507305985988517,0.269771503754917,0.169620017392505,0.300049099126316,-0.804960352294169,0.736211126993298,1.32107934537539,0.0415413864143835,-0.0438467077744363,-1.03737163381175,-0.0141500173145431,1.01237104071798,-0.135590983119255,-0.516771592791374
gene899,0.835676980069524,-1.47251565670178,0.129783509152256,0.393359910032704,0.26589942511799,-0.908521787557981,-0.0853195075430627,-0.395515164644098,0.0857010694423054,1.32276842199255,-0.92731923103266,-0.348670194676842,-0.494978015493524,-1.17980012941903,-0.378962754378078,-0.0339230041469623,0.929364240494253,-0.47825510261742,0.394280723242828,1.20085946749744,-0.653809204565741,1.26199748818348,-0.326322384807338,0.436692122338905,-0.641165970592438,-0.792373643596879,0.183986796800811,-0.0444762131167797,1.32945100731556,1.38487760524236,-1.08987801399271,0.602313438928416,-0.424345325116794,-1.48729583726874,0.63138714378766,-1.57959269469786,-0.95559559747837,-0.64168405908292,0.312420598239524,0.192694342979161,1.28348170165362,0.263440808662954,-0.0847688203247072,-0.546574813376647,-0.344321896305699,-0.0458619973543256,0.398444166940116,0.439193522405833
gene900,0.568847137868584,-2.18856946593768,0.222867467740969,-1.00736561398167,0.224925008298855,0.519345941635581,-0.479017754048005,-0.267149130272222,0.432071829303038,-0.819784322258237,-0.576371235383465,1.02942819237197,1.68753208315415,0.170010433494573,0.541220326360757,-0.274254518896876,-0.324428847569016,-0.197025431722521,-1.23774571844556,-0.380407376444626,1.86721307719368,-0.0554664814655467,-0.37978203076437,0.793518812539534,0.824546381518269,-0.970839418880005,1.0818287149978,1.48317745967773,-0.988185793777739,-0.453699609066218,-0.142757616733997,-0.595023956517675,-0.707359310609069,0.67162365826418,-0.0764243772153858,1.09899292208311,0.102344716452918,0.12066821309336,-0.30697337837295,-0.358278938525983,-0.486117789531438,-0.186886042947131,-0.878794599179847,0.419897873904695,-0.977899210322891,-0.229053395923941,0.342945263778408,-0.860708783433181
gene901,0.403091440730148,-0.199672607582351,-0.485096898256104,0.179389963218105,-1.34701474195614,-0.3598476812482,0.205113512074173,-0.16489453363927,2.15395949153861,-0.110787538831333,-0.298681565742526,0.0750175951657253,-2.21393225464133,1.07892786901028,-0.247387444675064,0.289240878660116,1.06720939474587,0.402532865105578,0.299294661644203,0.0407864608609786,0.123851828662332,-0.635463601238503,-2.50720543321725,-0.0241887329934065,-0.0453584307137546,0.0436948266704323,-0.260423686508752,-0.183766637460667,0.542856060101039,1.35140428724548,-0.149349202062039,0.879599672727887,-1.23155396807234,1.36808384400094,-1.07648763425096,-0.512321571439624,-0.146736131541432,1.0004170952804,1.4344354582154,-0.105895045469341,-0.976335880251111,0.719810458284376,-0.0655683431202373,0.180418167839518,0.663446855512195,0.642102514241202,-0.728965978273157,-1.45126513951914
gene902,1.26791947873026,-0.145565443711412,-0.432315688054754,0.345073428699985,2.41657309745389,-0.0338291526136495,0.515333324816161,0.0995505431872021,-1.23776204496306,-0.0222368444616744,0.108578774699238,0.241821406765488,-0.0096962494490181,0.122497393982859,1.68250642842424,-1.46336077625876,0.445094663700571,-0.711955887917992,0.173625138706638,0.291639175492894,0.264861196064651,-0.521136589374693,0.287534333623736,0.4704986860965,1.07626637915165,-0.38040529934358,-0.134727592860845,0.334429299939693,-1.53136184013257,0.016527198006814,-0.157502026909429,-0.178806291729825,-0.127126058018016,-1.93508582038324,-0.250404356685223,-0.331768610580843,-1.25136150922005,1.03825130664492,-0.336866284276477,0.2049816463366,0.361076979867013,-1.52461297706553,0.49565261069727,0.377541143650366,-0.0073843336082681,-0.76024978071943,0.395944653378119,0.662207354962033
gene903,-1.47241655329135,0.262563686606264,0.387294751724317,-1.19576699729322,-0.870404664772831,-0.937759566614687,-1.24495381644225,0.80685752917683,-0.70484867818451,-0.1209002510233,-0.265269510405659,0.614672017836876,0.255927462182674,-0.679834610552723,-0.296642180317139,0.396760963554968,0.570592317867268,0.607789527428243,-0.0538780320007864,2.27807397432311,-0.0991462974576235,-0.765480741579344,-0.953334626653798,-0.420290417411175,0.894779844545121,-0.0941297552025622,0.428418663208248,1.03987262036846,0.743743388252027,1.96029534532831,0.114912753843161,1.56085228514916,0.151326174945707,-1.83163182054267,0.182859941828705,0.974678221203038,-0.658738519887215,0.454761011601622,0.626237000038107,0.649056698637205,1.353383596471,-0.508971746961695,-0.327953206849618,-0.140937991601948,-0.236282174695314,-0.124210756520344,-0.163661379229214,1.12201882097078
gene904,0.334428006661787,0.33791045511407,-1.35328772583379,0.965509780151064,-0.213636211990685,-0.28614485129109,0.658567027489478,0.255523197965168,0.544013254459247,0.312162637701622,0.07752332413509,0.30952737696971,0.292828895723777,-0.124089082561887,-0.129657475486294,-0.993681370476039,1.20855424648047,0.510851205735485,-0.524588033681649,-1.1348907082558,-0.860220793053421,0.661682069204027,-0.615825554103117,-0.521915396470749,0.578228754606001,-0.165889446115315,-0.87183130930014,-0.0713010152828097,0.617929941372391,-0.616042200867831,0.698882789819425,0.580057171260348,0.432533759934287,0.109680445037636,-0.968346275038515,-0.43002545431555,0.28776546809037,0.152108571186889,-0.564215172117443,1.87900833562715,0.88902883692379,-1.22498061930043,0.0467875667571686,-0.115610053034549,-0.49823243136527,-0.2313665569487,0.869583008498299,0.106483901499214
gene905,-0.162267538799832,1.25719057680248,1.54894745951624,0.653940935483129,0.26043759698734,-1.23455243123004,0.893834094297701,-0.0071210254342553,-0.169687532145741,1.34190661828754,1.79767986633847,-0.632144717692086,-0.60256523070494,-0.294233124716163,0.466006637571185,0.742880924013284,0.272925945845214,-0.286852257625025,-1.1292598704653,-0.326534378883159,-0.873442993450919,-1.28852329711929,-0.441537647573161,-0.526800521633874,0.547734334943538,-1.07525854702266,-0.710876323469668,0.356783393035058,-0.167310848099731,-0.937461800950203,-0.380119723566462,-1.84925130970001,0.733249998874594,0.296859963290634,-0.588202520666701,-0.111486356219904,-1.74576087918189,-0.401484035444391,0.875518931036959,0.222619864828878,0.53655952064584,0.0502286911550256,-0.729557007336336,0.113274620545752,0.534719630391003,0.278836138523584,0.128217194675514,1.75283997427584
gene906,-0.0166056654596691,0.179379386508655,-0.129147173239876,0.223287176842004,0.636403617608412,0.942670434242328,0.420222521700009,0.943780370191464,-0.251712528043755,-0.810480707276283,0.73519715850328,0.76999299366708,-0.352836837756785,0.448252689092455,-1.23813130914719,0.268528511410263,-0.315904488781777,-1.35067710951711,-0.0752361099949128,-0.615890289378721,0.120122649220793,-0.618092625097614,-0.615785133790313,0.323958924632181,-0.663738682728051,0.479210639268653,-0.0216407319239347,0.619352792233094,-0.173567282829148,0.511081023112098,-0.488594443704304,0.877028759305692,0.163484782425691,0.110228333560508,-1.61767417028159,1.46958352485092,-0.315156584634749,1.21528379541842,0.432715426024911,2.12263885366363,-1.41740133819289,0.333001405549615,-0.530739669136618,0.447030718098443,-1.07607322337136,-0.42315818946077,-1.09384847725579,0.158128939290933
gene907,-0.85738084299797,-0.336524139020235,0.697881516088933,0.298626767177016,-0.129753322035458,1.57448975674201,0.184203224436465,1.01751981435246,0.648765771466804,0.664005799554226,-0.212875117163577,0.644381002464954,0.213800726574765,1.45363121624954,0.539458765848948,0.0290664840175123,-0.429589962351257,-0.339373190768039,0.202701814505718,0.343604793160883,-0.207318643097551,0.0863337906727658,0.684715861464517,0.705718632820624,-0.981321525637711,-1.24594024035773,-1.62839233117092,-0.548152864901469,-0.288579742222248,0.0903150793150372,0.713201736668107,-0.958867863326483,-0.127704839164036,0.886975167518444,-1.27781054081729,2.05709899657962,-0.75542355558394,0.692735796343211,-0.31569284574076,-2.22951126897139,0.424114712905059,-0.897320507599363,-0.0245358109119159,0.370368041769144,0.784447160577739,-0.110535061658526,0.217098435386886,1.3951473674613
gene908,0.0138098165260944,-0.336579940140101,0.359166761531806,0.0447944216041752,-0.501983322620177,0.164939958645181,-0.161337011703614,1.06926877563109,-0.342679386449613,0.274014230740731,0.585724635777003,-0.233795220163399,0.590118454212022,0.403590305136749,0.406511795788149,1.59436681207434,-0.526012291076827,0.664239826185391,-0.547924415967567,0.70394008598295,-0.296810030290138,-0.456648096583978,0.586123346619361,-0.22203562104701,-0.0983570819431175,-0.209939279844726,-0.427847546532682,-0.872679552781094,0.0746961978222043,-0.989971963513654,-1.39764161991314,2.0450543823381,0.0285211385532408,0.614649552309707,0.172001716152642,-0.459360261332702,0.310682483430221,0.3049817018539,0.027582102955125,0.0874317539619698,0.779702276663789,0.334596565525904,0.89496300979801,-1.27820839393745,0.807999191176871,0.327871256142942,-0.845105162885648,0.100519342990019
gene909,0.185299179803627,0.429142494690241,0.0854043679979818,-0.491513141858882,0.272409429428476,1.06986587738796,0.0927429355652682,-1.01697124446744,0.671599084217541,0.356723803348004,-0.218944291116612,-0.209016804589838,-0.241383589655349,-0.651482180711766,0.238784106643385,-1.44432397186498,1.0894394564258,0.0671926003142028,-1.09918129729917,1.66532701776354,-0.0520050979336669,-0.463981434134365,1.21438329759691,0.348122803707775,0.578521877867774,-1.002698730053,1.71295602548319,0.554232237981949,-1.11916323356351,0.160308736527246,-1.10704941917055,0.393779915841755,0.0220240289261144,-0.299182495202263,0.480137241492529,-0.172086118391405,0.0440988208803026,0.360517265414297,-0.730271432163081,-0.436540861552356,0.702156066666035,0.977574069557386,-0.900436112641821,-0.618215736368389,0.397948386876473,0.597911949619312,-0.513058822006529,-0.355460393203166
gene910,0.493567350547708,-0.393232140365757,0.588336213194094,0.577050003758747,-0.172194501328344,0.272081303539789,-1.22880788061598,-0.0821886848496085,1.00544524731161,-0.254918051032413,-0.313040409958266,-1.05814780983904,0.78393769369232,-0.508409088494126,-0.618772334071862,-1.21615646068077,1.0442852510347,-0.123917477406033,-0.313969988136123,-0.821422437222586,-0.788656379170215,0.124802258140013,0.323026867207718,0.290619194326697,-0.11357092507373,0.21209344387751,-1.84337664022588,0.505780742972264,-0.789041165305654,1.40180426809671,0.0374768727524831,-0.412379182672536,-0.274983279014795,1.0899182606841,1.49811044346774,0.134795232766776,-0.922949012244349,-0.334421747892825,-0.208234393906015,-0.112676208995959,-1.26826749018626,-2.56625740626614,-0.757684074671163,-1.66743043414305,-0.71202152949849,0.127072752852178,0.776439741847543,0.21550175033878
gene911,0.53416770601053,-0.628749712101417,-1.02768555348829,0.232731733819487,0.270871008429127,1.18152574338047,-0.181058527065567,-0.0971742380403777,-0.170852018707564,0.0272643894392112,1.24442672324791,-0.239046155868179,0.446388078539682,-0.209307521245657,-0.527471922117708,0.24532885143332,-0.987542506086769,0.202254089240221,-0.819714800898683,0.56188981978774,-0.265896867471571,0.496708147578725,-0.464440122969498,0.153445311416021,0.733098886980885,-0.385513585761273,-0.694720814361545,-0.531449737541507,-0.780407181097667,0.334349167869694,0.254386307172967,0.59329076376108,0.998471304282804,0.359415767459999,0.0615392127435907,-0.718480180874372,-0.0355320296506058,-1.00902304736929,0.0781329670979153,-0.719099336717538,-0.130941451930308,0.39712733413747,-0.461852434802031,-0.628409539335274,0.41489852433309,-0.697032387923524,-1.18650126554851,-0.781412579345422
gene912,1.43667740923925,0.473001444700226,0.928959749655196,0.765170758264254,-0.924186946969406,-0.0669790314936087,0.0408144976466858,-0.440346193389542,0.590606585158898,-0.617705158134912,0.0146057621888662,1.38139673197656,1.48870034080207,-0.251975540184791,-0.201097380395738,0.248929369545328,0.0549461171904938,-0.754049770883245,-0.046871586360803,-1.13793957910333,1.42129619053559,0.094178913299117,0.0191677846442793,0.318870652858357,-0.424108753805478,0.289689999945576,0.359813450362947,0.900586314209596,0.263503394670525,-0.34494803192682,0.834722199107739,0.641634585601852,-0.453302925182369,0.359278567247083,-0.198863544215127,-0.628470500199348,0.307465874617022,0.226186899776245,-0.0376568499758464,-0.152152602685403,0.180789414959022,-1.191303861718,-0.804626357332185,0.534330481902923,-0.932163338789522,0.73775624659814,-0.0926256021216624,-0.133024977884407
gene913,1.34081340039535,0.486331358388874,-0.884615730263007,0.101324910600966,-0.210063805137367,-0.160500718091408,-0.401602968908075,-0.378071258961216,0.466232355960529,1.09217561165802,-0.982986893742054,-0.18859904215911,0.417709912026803,0.508053074019443,0.0031702868626716,-1.09323709836659,-0.009680033132597,1.49790051508369,0.35579445253313,-0.777955828349931,-0.671811509758892,1.2414831599778,-0.448101814622633,0.460267211004508,-0.501762031287641,-1.01926649698702,1.2409604817858,1.16584056833771,0.0547522245245271,-0.6716626405573,0.4944786537039,-0.451942383473819,0.203470038964011,0.821025550830127,-0.372738958168064,-0.395713825743671,0.628670810709396,0.0163676245501065,0.734404302251293,1.41815458224558,1.33844292407419,-1.58691187915529,-0.49058697606914,0.350660663927084,0.222816142671034,-0.150531086009183,-1.20676894257584,0.11727912745818
gene914,0.235710717396334,-0.442330907493602,1.27171794494549,-0.907035481780001,-0.487714009715421,-0.300591982524841,0.613690086295011,1.0069433225145,-0.774062931824006,-1.95332127353712,0.03379743679166,-0.663458601121106,0.987266931404982,-0.795051397290521,0.321464625427086,0.754049845027118,0.0529519726061515,-0.696580429274953,0.735817935724111,-0.330256097569563,0.0288890699073351,0.21286396936043,0.626096960533065,-0.402581907457746,-0.263381164886369,0.0516339690283993,-0.0518138088645266,-0.510859767384436,0.117080198370786,0.760506153664794,0.268829335445301,-1.21055486793976,0.582336091193794,-0.0809998958178222,-0.954219513317853,0.617052063331464,0.0200513971981005,0.828846992618344,0.474386045814373,-0.0391308722739757,-0.522183337059228,0.263880041334159,-1.37814602095974,-0.560574617725335,0.786530095210167,0.561407397467928,-0.304743488424393,-0.273344565345209
gene915,-0.763825416338364,0.929626984779176,0.538743733851932,-0.373354994724207,1.12376827903717,0.532742298217576,-0.662311563378807,0.0093213944872072,-0.794416362082667,-0.210456259840872,-0.201994614992643,-0.900894829331044,-0.123050439096714,-0.874064407744553,-0.46956671552772,0.0993614191596423,-1.0588214415857,-0.0483827290216561,-0.192981360609122,3.01924995035206,0.892826783541304,1.19072406261276,0.901253473697337,-0.705891002173995,-0.23717856381785,0.635053539385158,-1.11605685775079,0.846025098616896,-0.527906994522166,-0.584691798097316,-0.843612641983022,-0.398182144625176,1.81675262106959,-0.0237201305668542,-0.527983054820642,0.223570446203043,0.670988416972607,0.70832112316269,-1.04354746424915,-0.449364226124131,-0.505999094499498,-0.0128515248553517,0.468882940268768,0.435527327682203,0.665737799355174,-0.16625253730704,0.337399379633807,-0.297463877807934
gene916,-0.0213971537256886,0.099078037278127,0.470212578081641,-0.426928591096497,-0.823973783236116,-0.466446087662737,-0.396591744074157,-0.186383098439995,-0.883252308981846,0.179000523972034,0.0457503680837653,1.1726880626975,0.804961142380279,1.02055676172085,-0.155909566217525,0.331245585009034,0.0009509373607154,-1.04982121869811,-0.725689758708347,0.340191944857315,-0.899789977229649,-0.982146697633553,-0.0205078395210118,0.253601464330569,-0.232188540312248,-0.778798869689303,-0.229598454763504,0.388292876492367,-0.0563147747902999,-0.143600029467697,0.895101603730644,-0.0217866694004654,-1.07915520996749,0.0377938340032016,-0.298109299738024,-1.25182874151295,2.08265311309298,-0.308232969651941,-1.5766068621213,-0.672312839936428,-0.621872899939216,-0.370750783098207,-0.136490345473294,-0.487423051188687,-0.522256266695563,-0.262539195262284,1.57224323653765,0.108411263855757
gene917,0.122724870805397,-2.1581975879529,1.13697450692723,0.448697019524493,-1.17678128403754,-0.586331400149417,0.321468429018772,-0.615122969924905,0.113865712890149,-0.216381184812454,0.653921949039023,-1.38614150664847,-0.864975230703451,-0.759253445921151,0.343453295387098,1.61384907385,-0.765366664944765,1.08800365032404,1.67710350902431,0.798369784218339,0.519650535352187,-0.176736596924182,-0.11356304195617,0.270118088736968,1.1986966433771,-0.279508149698642,0.618793660008424,-0.251219542804078,0.353790730722391,0.308159411347824,-0.285856697224966,-0.39571886381431,0.105555160698259,-0.664580125673309,-1.13228277610186,-0.084092217350246,-0.0634616452360713,-0.500128114062748,0.0037824593732645,-0.658343756846059,-0.182708805994879,0.734628858657571,-0.306262618892863,0.76016101872726,-0.523171720127632,-0.526349047615035,-0.719908442525777,-0.808283684458859
gene918,-0.0077009502826306,0.831933081049873,0.898271539766198,-0.62574519614209,0.705123256795326,0.279579923845725,-0.0599363735245363,-0.0687992873333493,0.0310565015940754,0.835015982337687,-0.240242971557926,0.574982638925397,0.0555752232377501,-0.0897690144460486,0.653483413244519,0.650994388708444,0.723535715214125,0.719748590410922,-0.500812373631648,0.114188139635479,0.730033037191199,-0.103814855943465,-1.54189896767911,0.718604225790335,0.68515713865557,0.769769164821004,-0.752778809220954,-0.266527974586953,-0.888183272162873,-0.963777799683023,0.851522273344582,-0.872141286712375,-0.229938019509304,-0.235922035967182,0.516125520002899,-0.553419440751359,1.82483378442386,-0.402255992576763,-0.7116167052266,-0.801569379454373,0.0862516070221652,-1.42279235111278,-1.61042407161905,-1.07356560428833,0.639081903987479,0.185390410992548,-0.465737633968194,-0.0818641641417218
gene919,-0.250708615570215,-0.729000702461151,-0.336984944986737,0.974613818524578,0.121759624461092,-0.559334327107859,0.407088439249551,-0.508995235817022,-0.745119872169341,0.345516489206294,0.0187682661928522,-0.9160622859539,-0.113385187548282,-0.4231584125868,-1.11417324147064,-0.661818870994517,0.720744959429675,0.933962600836494,1.01383526344598,-0.756439371568389,0.75855675350962,-0.244364382791353,0.162872458092681,0.50965825493888,0.473890789886088,0.468642374132043,0.26907359951169,-1.17120162756899,-0.374233352373022,0.192748335678546,-1.15796996177877,-1.61691840767317,0.325717604887718,-0.410183294511916,1.08056984059715,-0.992063247585062,-0.515790703827983,0.0678505034193051,0.377135142066722,-0.54923356737629,0.888723213253967,-0.783194319700553,-0.254281137503381,-0.210534173115139,0.582889194298306,-0.829032804005155,1.46288468983167,-0.157982044198357
gene920,0.482807669961819,0.18773005400915,-0.718574625609482,0.262245506208294,-0.234067886976401,0.764165529001749,-0.245344340164733,-1.26399515669053,0.198731569648729,-0.654428161075356,0.159717902851887,0.651350014595429,-0.0016078344000026,-2.99269736813902,1.15928380326511,0.136918678706175,0.118047691677808,0.317270040125791,0.170860968369439,1.57723972422482,-0.497000936707616,-0.0296447120902704,0.977352089213607,0.874788665821213,-0.204862116316538,0.417954705708878,-0.2074575627178,-0.172355906409901,-0.052525521152931,0.280082054800647,-1.47160347243416,-0.271449316660838,-0.850221088861713,0.567051247316299,-1.39445324908125,-0.408505570003152,-0.797600437994926,-0.502203189980138,0.510334189359159,0.369658936613564,-0.121323994373654,-0.893386685497506,0.116703449261461,0.642504609663868,0.441166427343567,-0.76361026440929,1.3825130259879,-0.147364674242489
gene921,-0.133241864244088,0.0565591350141323,1.48571151529401,-0.0283159690538337,-0.608595471967684,0.179968557259617,-0.690441224957667,-0.351165062999133,0.453140791248513,1.01160133748373,0.418996687181216,-1.70799335663218,-0.830043427998554,0.652195477158814,0.0736256899436885,0.166753926092449,-1.22402667520393,0.0236695560529225,-0.753878886187648,0.882707133594813,-0.355212808136149,-0.797961041504656,-0.754574732638609,0.325977518848192,-0.838448547924375,0.770968854796926,-0.489905835412456,-1.2684569522505,-0.114250184073181,-0.178157754808093,-0.936410084255797,0.169775232431351,-0.465087903193746,-0.206076912809358,0.956329596414727,0.564797222554692,-1.30283413277712,0.46240939246326,-0.0398805647383362,0.310128926957289,0.79295484155677,-0.949337836042702,-0.201802308458733,-0.042983041638825,-0.123981714988996,1.30415500302881,-0.0132971162977976,0.844806332464122
gene922,0.605005623273054,0.173453556024886,0.550213001188081,-1.34788513798891,0.300469553119592,0.184695311945509,0.271663620610501,0.926680339123701,0.758130883679074,0.503496794896548,-1.25343699192685,0.106244725148911,-0.0406326213926041,-0.373646674583225,1.35265703408021,0.317278872549375,-0.469895491981963,0.506763592255758,-0.1287961020062,0.639125333056611,0.61845240011433,-0.0366103858552423,0.142492332573035,0.0316245707866805,0.0397420823955272,-0.0573934543738363,-0.494410461728523,0.312273709494315,0.465519216862922,0.193193804457473,-0.757431451098515,0.88833333172078,-0.765344735004441,-1.87617114983555,-1.1492816193339,0.0384781269397425,0.174688263149596,0.37846440477793,-0.763512751690588,-0.144727661307885,0.373618772919216,0.563643638583022,-0.0267467410375797,-1.62943618715493,0.458214398925075,-0.408067973650124,0.102348642275033,0.180153040967315
gene923,0.766821156007779,0.207551273165972,1.02455546902017,-0.140298905389153,-0.759757311736541,0.125169165096806,-0.206852545957656,0.792220755309607,-0.187298025287432,0.322113874826643,0.490374873771023,1.08673278780592,0.638752366688011,-0.61585508709676,0.118873843754468,-0.338540732156329,-1.12831906556335,0.778509706644113,-0.215186826863224,-1.48549875448517,-0.490486659802191,-0.458685573677649,-0.12273268947081,0.0109433464123205,0.0270810314125322,0.623713578980863,0.704898418152433,-0.111137927607999,-0.184537285299688,0.0148911327688757,0.0604595978521779,-0.199004936968291,0.147343764443985,-1.11959250841003,-0.152541658842076,-0.0162148565976847,0.0418582283820816,1.63395466438609,0.0665316803074325,-0.0003496629001868,-0.0686699094878015,-0.94916283568945,-0.791626739099241,0.965480794579741,0.0522907467608517,1.25429597479529,-0.246751031608496,0.458086912993463
gene924,0.0257231065372545,0.59398715140098,-0.22137317616873,0.557258808512158,0.834725288340896,2.22880251505414,-0.285893416340675,0.704942661661946,-0.897594007277976,0.658038377832323,-0.646817071028197,0.110839045427392,0.302096402802148,0.758567487305284,-0.0803108479513676,-0.451972819519496,-1.40106346000108,-0.817584719486631,-0.399199425897321,0.218806556903989,-0.193352143700111,0.418758681262119,-0.181410479502157,-1.52083569331015,0.411816592677634,-0.301922577217487,0.624966319787068,-0.233711498458173,0.557396913625261,-1.42770620601681,0.633702854084418,0.636342554201108,0.314552217832653,-0.526469688764062,-0.53448170106149,-0.692204113457816,-0.378676881656469,0.23895409634608,0.733358933907679,-0.716614109185371,-0.556519983175697,0.0310228936925389,0.96550537314077,0.459290698705499,-0.0835559308572559,-0.010339262595614,0.202126917760806,0.191432122347627
gene925,0.0328250803701077,-0.817749777132613,1.49345868921822,0.300289345630649,-0.542282033074562,-2.00416878880738,0.898084628412364,0.223524707236571,0.651444896374567,-0.766470108182904,-0.139674391282344,-0.694597675504237,0.500904992869947,-0.336962238169933,0.509493097801932,-1.39851358933135,0.578106117732939,0.170492088072382,-0.472994299540739,-0.90264922570459,0.438074063892015,-0.200954061922105,-0.443347591332984,0.912919795701246,0.524428663164718,0.113395519447562,-0.410771018232689,0.972302534143574,1.12808820838719,0.895501348372744,-0.12540646556469,-0.400248185466748,0.573182515275045,1.45002937147966,0.030670007796491,-0.329035655855674,-1.315445008584,0.32557978697995,-0.103214835915696,-0.0284070448766336,0.197087507632629,-0.764556111867676,-0.137659421970941,-0.328760967289439,-0.857967048353589,-0.19910679337886,0.905459427332359,0.951351083727235
gene926,0.444793939172035,-0.757287948206889,0.240372744686642,-1.36898519383874,0.292323751804027,-0.10792452163955,-0.341130938327808,-0.358058778218714,0.348700846167142,0.468029410841267,-0.75717323089486,0.668063583314078,-0.374808919040201,1.00147148389082,-0.165374879920641,0.396772503048775,0.778534249760965,1.10484306809819,-0.119936543238673,-0.617113131820394,0.871294331550617,-0.277899463083846,0.365151037675187,0.299946054998254,-0.699919142296823,-0.171346035130547,0.416417399876284,0.890007097746074,-0.192665700662405,-0.0745477119308368,0.589266768858886,0.386026956306738,0.120135689219699,-0.22219255399211,0.721493797000572,-0.710013358733046,0.376853105889402,-0.0570120888401872,-1.02671732852265,0.711874895829814,-0.377822060351833,0.308083909478784,0.474712528929061,0.383025155216189,0.0764519744184802,0.39294763983294,0.270238266203558,-0.366669513510318
gene927,-0.115575259860905,-0.772430513450022,-0.300324588896398,-0.621711140294492,-0.0719411753538938,-0.338680704572599,0.0623827823515595,0.241795720855451,0.232495281571352,0.22084621642844,1.26682035857131,-0.323446915852828,0.426749515108173,-1.25779547325816,0.154809188191619,1.37181912551335,0.740091100986886,-0.158171441835861,0.892256415969273,0.874494923865642,0.628372198981771,0.14467529065854,-0.581722296206863,0.293192378593797,-1.10325354442819,-0.745066333829912,-0.273199396245014,0.823356546221653,-0.116259170556176,0.345023163614865,-0.230630545314144,2.17420627331406,1.14488972926492,-0.207762188649078,-1.03413476913436,-0.244822485901202,1.02315688868137,-0.54538896467984,0.0957686722629749,-0.491579571304946,-0.728510048034904,1.10779257844391,-2.48396863363818,0.104300480254884,-0.470451074044298,1.21680012837466,0.894477022493881,1.6114880583398
gene928,1.03307072367947,0.0436384834650038,0.461556115651304,-0.285211070366045,0.30470914733159,-0.5130070166526,0.430415186578839,-0.421852836565905,-1.04650558168024,0.0645089068574543,-0.329557201055124,0.522805680761036,-0.183457300257144,-1.99250964064395,-1.42772835080551,-0.168100237368112,0.953922850804344,-1.1032199863961,-0.0137485795938987,0.311442116020766,-0.0362399271098156,-0.153550428896719,-0.372395347395955,-0.594062679656549,-0.97816234303149,0.251083892635134,1.11025298267334,-2.3258939488761,1.91894817752134,-0.313261567328013,1.59312014422797,1.34187059573212,-1.0898713580344,0.0520918353701738,0.681743206981475,0.200219082875545,-0.737788113167261,-0.302863501574113,-0.313419285606956,0.164605172846724,1.26363080930942,0.409013994048745,-0.798347478129673,0.643737059969713,0.295803598967032,-0.815662584475193,2.04035461766387,0.505507361469309
gene929,-0.144812867535261,-0.145327818988994,-0.415319054366063,0.0067689026640032,-0.0642161521866254,1.98095112527032,-0.356508038990433,0.757380723630545,0.269312857220321,0.342952889450951,0.256440919563507,0.785051824985008,0.243472172270494,0.313747292343134,0.221317766521347,-0.553782898226277,0.807238171215437,2.22008566347189,-0.954102962378438,0.153909586406486,1.89913953506213,-0.720795954397216,-0.038651845306738,-2.00082522735291,0.363301433270918,0.46277026879675,0.015670990828116,-1.18612090329655,-0.420354726850763,-0.281769061427509,0.21039185736402,1.34707104351894,0.497346579415175,-0.322394386293317,-0.466627669090736,-0.536197581179978,-0.752306468846169,2.0004038294002,0.0059993223823316,-0.672159054704541,0.35229968089303,0.540967301743833,-0.806590732358866,0.449685379134638,0.712408290515265,-0.435838197864913,1.56696186527787,-0.0839554556935415
gene930,1.16967470957884,2.00742837655339,-0.600994899143413,1.81740201771352,-0.291609193644152,0.295087209212563,-0.865969830976071,-0.484298994280513,1.19851810220585,1.20872831358788,0.897124968314592,0.272087178235992,1.59452650738672,-1.57340820488028,-0.758500824952443,0.735759156744298,0.259180519180098,-0.353591883269007,-0.925139492416461,-1.18664231544556,0.442127642522205,0.786889080981045,1.09880899758835,0.192932883021038,0.68488578257018,0.311186407823075,0.375645485177079,0.892988004344572,-0.175534096242817,0.750801091149246,0.172403351947169,-0.205286388394954,-0.874557136740704,-0.149204903221866,-1.36918070953379,1.04713320024466,-0.742449965584726,0.120754945388216,0.712779131463391,0.223310548498193,0.233821984782827,0.251636042307308,1.46224458884537,0.852727685079527,-0.305751680523023,-0.33145664944424,-0.51597389571153,-0.0146063360052059
gene931,-0.10357273747518,0.542603847536505,0.562619400857231,1.22454116298678,-1.20227759470452,-0.0559579818033787,0.175495277798876,-0.655733421618466,0.486507810565722,0.121209934361353,-0.241932207942955,-0.662994100114743,0.16936186258382,-0.355919553087466,0.979651770272345,0.16576014144028,1.31879399857427,-0.0271224152001299,-0.100500608286608,0.573802871443883,0.796644284833769,0.150816334174713,0.222207520234256,0.70135650485179,-1.03615623311053,-0.340578271777639,-0.429326462389266,0.587062227394759,-0.931788255633163,-0.292849955505549,-0.812737191809732,0.429208488700838,0.70045443633528,0.689274703318324,-0.753951739101757,-0.448502525156628,-0.595609659765425,-0.939034571388298,0.557321223956676,-0.599136912090196,0.855264216600841,0.611872879115341,0.0956690292991836,-0.627659033603891,-0.287718481043142,-0.595578654742411,-0.192599713025315,0.0063733347871768
gene932,0.0476143650715827,-0.331034899333597,-0.414627936084732,0.276410747622775,-0.463879248701162,0.325377085051053,0.202762970017207,-0.342471003182756,-0.97039063761203,1.20488240472901,-0.0185772360719584,1.6132100867622,0.649722150840692,-0.227324148067179,0.344371921116488,-0.164913751893798,-0.628898168568878,1.37237678441133,1.16853040206072,0.748041703842472,-1.91397552351629,-0.30421324577873,0.558805637825309,-1.62586124666892,-0.0681337807802861,-0.784980160091271,0.264942265312646,-0.0413938324960423,0.573487228572597,-1.12026987177061,-0.779916974579213,0.339265718070993,0.691292400122704,0.0289822816254638,0.949584008055002,-0.981007890518029,-0.0555067937537901,-0.512766587324236,1.78461167332813,0.892655174041065,-0.722983657831792,-0.22795659501121,1.18897920398161,-0.155252111631601,-0.0618153438363909,0.355806065884591,-1.3214553306535,-0.173266897003922
gene933,0.159013361730703,-0.202940741457385,0.328619023663869,-0.0173807955957409,0.488672771044623,-0.473881975566735,-0.374654795810788,-1.04376040543775,1.28266473672449,0.526572169025811,-1.2816496671018,0.0003168115270408,-2.2079321600842,1.40378825221196,-0.268142170230867,0.360257320060505,-0.48125371681737,0.116200999891593,0.538981173440838,0.506719504434562,-1.10710909900281,-0.773504637149945,0.208232676394747,-0.241175509516689,-0.155952137335832,-0.278982388543478,0.509932266346936,0.254803529346339,0.315390209245245,-0.462339361399021,-0.211719274755615,-0.112268978673142,-0.529351041971293,0.83489425731299,1.87293351193714,-1.00214624949364,2.07795167241424,0.447365044121608,0.747573466229009,0.362084336859613,-0.591998275060302,-0.102149721386511,0.268892470576772,0.618113050069002,0.0210989115635652,0.400053782020472,-0.209855653460385,0.525791083689044
gene934,-2.20204487201967,0.494481840540538,1.30379091025335,0.409832537089912,-0.53997990425092,-0.670360239009172,-0.270210327961613,-0.353113265476116,-0.248849775350692,-1.07407649803388,0.397763976117126,0.35322310876764,1.17662277319196,0.129587721806904,-0.105370372236252,0.793505522125213,-1.91751203642189,0.80382651403501,-0.601641348090888,0.216733368740313,0.480336526887999,1.54389023747293,-0.245985278935609,0.609511322669326,-0.049148901492336,-1.16267872137022,1.6029218578941,0.15553842483865,-0.53476893436409,0.408677222927458,-0.382957505669505,0.136778342379519,0.451656609406276,-0.855319073893173,-1.05943997365352,-0.539322692886191,-0.912304398633666,0.0505476971613811,-0.468645129216874,-0.273938322332916,0.525570605884235,0.42531302588187,-0.262678856061503,0.0378636006384939,-1.59661858212192,-1.29658953121193,0.44850436329479,-0.732919593320083
gene935,-0.63570439877629,0.892542005350688,0.340815684169268,1.10380894081462,0.520130902188384,0.558993750189202,0.413324020767019,0.653700861200411,0.932823249135395,0.185401944067822,0.256813327347659,0.407238472309295,0.519629156573861,0.360292160984903,-1.10720727930169,0.0614586398171517,0.426815486685861,-0.179932786002089,0.59813439495547,-0.630874756292831,0.0380398388104992,-0.085224040146454,0.125491080451541,0.0428967585097293,1.30299871951667,-1.3777364452396,0.452711804587322,0.548429613304107,-0.20600762503539,0.586732731771475,0.748551298569235,0.183351153689061,0.956811412112779,0.14404404577065,-0.0415472055675797,-0.910409722145077,0.613881682628009,-0.604416619719895,-0.395504793119961,-0.374846707497508,-0.70726916629919,0.0819169754405711,0.118790289092262,-0.118997422407275,0.510592504597562,-0.112526190281557,-0.486800424772851,-2.07196438655281
gene936,-1.39540959633362,0.944785829946092,1.49263561657522,-0.578379005856413,0.810569055033396,1.11993679046375,-0.110090133420684,-0.369681083089895,-0.0221561239660683,1.27772103923012,0.0528655945271133,0.140392389935791,-0.909022243144193,0.828571997521924,-0.398438849223725,1.18525022450894,1.42196863305447,0.295491410239057,0.621193492405992,-0.819477829463247,-0.091128663645052,-0.183758141542292,-0.112293058964441,-0.108384085595744,-0.841435346083333,-0.106967884304858,-0.827552132081504,0.238009603059835,0.650396713069071,0.13066218105589,1.86354604914638,0.649790792011127,-0.780160027824654,0.722914935926306,0.0424225336260848,-0.0978067549471097,-0.0922977641220722,0.386539872813901,-0.527312203116452,0.273126767289461,-0.455769916988657,0.532148356241438,-1.78258686070214,-0.488076601148739,-0.310472804591979,-0.146049097194457,-0.536366274059493,0.174386313083136
gene937,0.0462288025640666,-0.38001351159741,0.585129718137105,-0.411008469936581,1.32341158987601,1.29003481075575,0.623848594062185,1.01463666772024,0.487187046832577,0.255101785253139,0.704484213971617,0.433528902433256,-0.482755947829173,-0.72294250702802,0.421689003344715,0.343118078069872,0.133215529585479,-0.330457812877119,1.47117715175215,-0.872040169015544,0.562570309428372,-1.2764309911009,-0.558782661014648,-0.397601753481624,-0.239231336549843,-0.288679316527281,1.04243753839343,-1.36862684465114,-0.0880929334006603,0.198600919418635,2.062656911412,1.34501004642684,0.644441178366029,-0.33958961509259,0.129042117083675,0.163002774936308,-1.44659529627667,1.30687208036308,-0.42338859762597,-1.65183617059167,-0.848396811260989,0.11821050780513,0.812222449974927,0.360758603138524,1.21889205470141,1.01198794777791,-0.194487053321988,-0.139067506964872
gene938,-0.251143214158504,-0.370370772590315,0.679328286550422,0.776383029555449,-0.0732543610572184,0.317154911594059,0.22771072454386,-0.295950863408415,-0.201817229354719,-0.772802810897722,0.839076080887888,-1.05814219342836,0.422601361362318,-1.76250059869826,0.290000016481711,1.18651621574799,2.01568672212312,0.346890529235247,-0.915111619991199,-0.0732908869278122,-0.659666041185201,-0.0596271504382933,0.31181354592169,-0.439631335285876,0.792013428273518,0.346777354919554,-0.103814127228393,-0.0212536801765012,0.58842232652337,0.371277540649295,0.514799841501828,-0.0355458540291909,0.093671948066451,0.0378876869450226,-0.354508523992976,-0.22667647949716,-0.536633259703637,0.0237537023584982,-0.266473599521249,0.360201530360153,-1.42010658372089,0.808005413368429,0.265712756322728,0.229038759987305,-0.285108811437908,0.289679882340814,-0.623776409523587,-1.10016813270294
gene939,-0.222587956091422,-0.259368360369753,0.27122924960733,0.445338794156654,0.399596658075788,0.835212680384727,0.906848710478362,0.508843058420214,0.160619156280388,0.399477441590398,-0.345941281484205,0.228339489999727,-0.185076879117878,-0.505754072170188,-0.279525753824304,-0.905726291128646,0.106419039328785,-1.37328083958799,-0.779378795586817,0.762523499570769,0.193960905955214,-0.2227086998682,-0.057178207493497,-0.146542642579086,1.15851466035091,-0.455835382723424,0.743777402208364,-0.904406810292945,-1.53156235517132,0.37154785899857,-0.402972064631005,0.114142641893853,1.46372370517388,0.434141019723723,0.495835369962262,0.5783723490264,0.0611515731502028,-0.455049111898972,0.648742993556681,0.549615338374417,1.68858860521441,-1.11285342425508,1.54100850347915,0.748764842402402,0.116970402275992,0.199046502656054,-0.665014236529857,-0.133189324407173
gene940,-0.995612758995683,-0.332726030760646,-0.145474745476109,0.348156889338814,-0.591244446350018,-1.08763224273037,0.653590927824427,-1.09305085805946,-0.713324597676214,-1.04874431086733,0.837644532411437,0.476776066516108,-0.383768378095641,-0.394487101732031,-0.484936811780939,-0.80553393973659,-0.701177746389386,0.0653274234634653,-0.210140410574206,0.70790116504816,1.44584767977617,0.504319340158765,0.365710152161399,-0.214839064592071,0.0279383257523351,-0.261873661733057,-0.438894662929727,-0.335050326817246,0.192686846477932,0.135137044601062,0.398151837112704,0.379099793455844,-1.43902623915804,-1.14049261902901,0.52174207231062,1.0958746786017,0.794559216345109,0.400939617618086,0.192722879240647,-0.0825233116735473,-0.130132237567491,-0.342465578418046,0.0237697703226493,-0.287207644647809,-0.33477650583574,0.57011913554425,-0.166028227716017,0.562875585817014
gene941,-0.148912185901459,0.184894296383598,-1.26922517670776,0.917977485291913,-0.333193425601851,0.691605629633638,0.292090036209257,0.104579852006918,-0.521439408092645,-0.255318457345782,0.216400177528056,0.0664071873537369,-0.294868498380902,0.310245207278491,-0.221267443845832,-0.17563784667041,-0.0687195513412412,-1.06675881556066,-0.411810529688097,1.0975562101641,0.0200961738140527,1.26871524407438,0.374340437876494,0.165254182514938,-0.308305474540486,-0.483502570385126,-0.81516337458232,0.758716838323472,0.0468823906084878,-1.8417369716966,-0.20433602895359,-0.829498398042306,-1.74881961140004,-0.522249274844253,1.31446917967949,0.281924078530528,0.0518289035796136,0.0070317521780628,1.07066392394515,-0.357153859734733,-0.444409260705192,0.671956451330022,0.41395968450246,-0.862435515459248,-0.291599401494516,0.382255671130095,-0.119674394047467,0.835712150236188
gene942,-0.918699034337964,0.96921384944515,-0.0225448049241268,-0.290472644770111,0.640831411812306,-0.12108202695671,-0.546195150306857,-0.80130640359181,0.841802254898687,0.551169239548776,-0.66913917386246,-0.297155955485636,-0.204893141362806,-0.129927294325153,0.554958060328297,-0.175521236135465,-0.306055967941174,0.649868309089729,0.13045209709725,0.768479723326395,1.02104664900969,-1.26432030707864,0.495247789380159,0.821307788401171,-0.055880727569927,0.152538406512672,-0.408525902887851,-0.294297284583293,-0.590055384893728,-2.06034080892979,-0.382471295622127,0.128693135410969,0.302780432390316,-0.477655667493418,-0.0174756452913033,-0.806325675925116,0.940830991857435,-0.451763608143933,-0.598913430491378,1.70119936821134,-0.133950631770419,0.63878995348513,0.0529369666854327,0.0753944658751626,0.224496195233441,0.451438649061046,-0.0489493190788957,-1.40168344572507
gene943,0.628177158210802,1.09438030317139,1.24445806758339,-0.767570741635308,-0.834808512250794,-1.2848378642319,-0.717710490586423,0.0376901529359872,1.21698572298619,-0.684898703747377,1.38314346000414,0.647704859224661,-1.58289684028266,0.191853553039083,0.324503383499472,-0.734982202501187,-0.446906008228708,-0.616960587808945,1.73894647325107,-0.309227892366561,0.795187748341693,0.149481919866467,-0.273006792634292,-0.305988887383387,0.162604665505155,0.499048558484963,-0.0839327899976633,-0.273683967199387,0.31802966485383,-0.0934504106079929,-0.122533601007666,0.906903548233599,-0.0334292087487519,0.043458154139927,0.0477918419780899,-0.757318526743265,0.103176766898794,0.122927077558742,1.15273615997249,-0.935638019286316,0.306565975284819,-0.250992101300242,-0.362648333740079,-0.669100485196817,0.140587553494873,-0.385872365418948,-0.847738392698467,-0.580164667450157
gene944,1.19742552279823,0.839131937152483,0.584878241330449,-0.399292179371407,1.91243857589284,-0.0982059060387038,-0.368656639122523,-0.295053460831859,-0.019205290567274,1.04126575548075,0.530531101649952,0.531281414053228,-0.658048843278038,0.249954468122641,-0.255701477696486,0.445779826738179,-0.218578828555926,-0.746897101451804,-0.753518455735545,-0.748765486757426,-0.301705885171934,0.339662527029706,-1.47437762867514,1.09084565581867,-0.864938952504736,1.00352746078561,-0.110053371219144,-0.51280621229168,0.615061822537923,0.0038048633317088,-0.0616765775775315,-0.288916496454734,-0.584368962733555,0.700649770049286,-0.766634039456081,-0.537057259265004,2.46930401609498,-0.664506095947872,-0.0812561464334683,-0.227289737418169,1.52551268442473,-0.45126751464006,-0.0214794628562053,0.357465218835127,-0.321512040632906,0.039682193647186,-1.33998982051743,-0.872197313798319
gene945,0.46627532845575,0.709491123476195,0.196162473368342,0.390248037279467,1.00940924751172,1.55207196667804,-1.01655195983068,-1.04843653654597,1.50633696717367,0.543214779804277,0.0232965229397642,-0.095495919149099,-0.332479696249448,-1.14617141957311,0.45229019015274,-0.148729886058619,1.50548299987097,0.36718393054642,0.380617326013989,-1.77589937665007,-0.721031851679986,-0.328484800492729,0.114731862577595,0.0932538144682324,0.637542667786261,-1.04445090478052,2.09084344859605,0.106533536642354,-1.05757497510091,-0.289071316444623,-0.490357582227829,1.24877645658396,-0.872014966332292,-0.0351759286309725,0.654593429993835,-0.246914851450566,0.108718331585032,0.133331572677261,-0.512651081684772,-0.148788128303368,0.19318221664515,-0.94925452744068,0.554838073237992,0.37732491872899,-0.709632429477826,-0.360161171986055,0.111939454624835,0.208298788702225
gene946,0.0828974145974621,-0.600259185240357,-0.0435072863214309,1.06005176658193,0.656791518595759,-0.044320572443201,0.810573982291466,-0.279140277148567,0.512781906361264,-0.20931184116607,0.0236599262072361,-0.984502555672098,-0.824023136224671,-0.520764494683029,-0.070034215507366,1.75995999634419,-0.455251127817185,0.865702952793019,-1.60474260896288,-1.10288131943698,0.203574959099002,0.27017503737474,1.09781788027898,1.18918063420376,0.0659914160706022,0.181501699694299,0.0579574204509654,0.264362801571252,-0.602154028002079,1.52527472371831,0.005961771125383,-1.24081266561283,-0.797407011578609,0.75343883724378,-0.414370801050733,-0.115605104067376,0.142377245215156,-1.34561107156811,0.491577867762639,0.896541553939578,0.166845964905901,-0.753160508481086,1.79404893301667,0.235477595839739,0.478070469076855,0.59011835379806,0.422082414529229,0.458331813168221
gene947,-0.225099455751825,0.58226328777282,-0.820504367963268,-0.319173890966535,-0.145672669780527,-1.58336630982019,1.26583943566903,-2.16436712539772,-0.216675080732365,0.265422541782769,0.377125726952654,0.109312061203829,0.130909450994579,0.164303077360603,-1.30486079872847,-0.0363755784897436,-0.0268047796128012,-0.37842563415693,-1.51760667202227,-0.0882034675067038,-0.627351362122727,0.972438760937673,-1.20466504343927,0.592715247027957,0.159257783943551,0.386398954765629,0.625342923008587,-0.931621393060854,1.21128003303323,1.06011768516405,-0.70211676765474,-0.538726274789063,0.199407651522538,0.716542366832495,-0.585717654045626,-0.262816719759669,-0.0190440306575038,0.176284500248587,1.66674650503712,0.542134387168525,0.605998498374436,-0.410270389788066,-0.496850236794154,-0.723046144308871,-1.54030908198682,0.130649979662291,-0.482522937271188,-0.200577066026242
gene948,-0.22920988368198,-0.830519974560317,-0.238151087997551,0.50564435007389,-1.10006605666805,0.418890960103714,0.0317189769833574,0.0997188428538649,0.760460224894913,0.104997529220231,0.665378500000017,-0.790183864709749,-0.653273897586768,0.500643753267115,-1.16546656390206,0.777800964751708,-0.244742401494588,-0.387954363624723,0.94381534437269,1.27448220821003,0.619657990013019,-0.583623810754061,1.61777004863523,0.198804480782497,-0.552083314479737,1.62637409791716,0.426050415738258,-1.2627025036221,-0.218752386651349,0.374078086506639,-0.762538464052876,2.08802161335616,-0.236283260986451,-0.289500544694141,0.111264583356335,-0.299397424708348,-1.25507413053695,-0.346812388787488,-1.38374189122198,0.0032491288756525,0.910785965192318,0.560405016676952,0.308905404543075,-0.247950661778103,0.135469334575465,-0.5237890108,-1.48899160496935,-1.17870599760076
gene949,-0.523345166856899,1.69053551029153,0.0161300175926713,0.598550727310835,-0.606172369922627,1.25636540094573,-0.447955794689686,0.563553758821778,0.610019899038839,0.515788881218024,-1.79006690725307,-0.570172386878981,0.621116432604435,-0.0831031506459275,0.413781015752859,0.735795350528446,0.685073491765716,-0.440952516948072,0.694387955266784,-1.29157820909488,-0.0968231106563825,-0.142576465997347,-0.395893374406368,-0.113123364996116,-0.725572755302983,-0.064448463356139,-0.30022444893454,0.819873196514986,-0.948810961016853,0.48298230944566,-0.967486850595961,0.368833516101031,0.279268838788694,-1.05863763301136,-0.482320946916611,-1.18742648802987,-0.278882470928598,0.628962974547023,-0.212812575346688,0.635886381600249,-0.197507761631551,0.685856623812819,0.64586031142585,0.0529839248921426,1.19915234608298,-2.11182097085195,-0.822544503870123,-0.441250293016692
gene950,-1.39999918007882,0.751706344401371,0.746471348122491,0.731908342533103,0.30330047600036,0.28318463652768,-1.0362989907992,-0.970241284933456,-0.464891525335158,0.909433730833491,0.930466641956639,0.736002546321785,-0.468265035238698,1.21888774148842,0.961245841712378,0.522469843151355,0.368290781449941,-0.668286879572023,0.212320201505592,0.177776671153966,0.770993254048046,0.23765202273024,1.5544437902005,-0.233030599632503,0.638349629451923,-0.117494644804433,0.486313563130944,0.0321299126811957,0.875372708537557,0.146229568420924,-0.0290795073654561,-0.267111174496793,2.04446502181011,-1.16932730644964,-0.281392659728376,-0.56431250079085,0.0493998147000314,-0.871249834374052,0.45771494138265,0.0667884805602208,0.0645298148614396,-0.679976328249431,0.641261114315182,0.945534337217266,-0.0041527229417756,-0.26169627630614,0.0263047529746759,0.394395591205908
gene951,0.411054648714755,0.672885139344668,0.211068791009677,-0.579885014304488,0.0035324321602994,0.576313544368083,0.343704898841035,0.0402714220575821,0.086291930159599,-1.43183474547726,-0.877054576415557,0.855309608865916,0.114803777952523,0.633501675277739,-0.882810675851959,0.401144898955664,-0.18449962669131,-1.86624487493654,-0.253750375142505,-0.663725693372,0.30136928843338,-0.112984679876732,0.384345851399038,-0.672090081658725,-0.688215328309314,-0.400504328775402,-2.14466048074782,0.714423370717786,0.776231656594503,0.0801035610460405,0.243264977417164,-0.647255184335373,1.21034540811592,0.482605364548968,-1.22838054912026,-0.951969236572398,-1.51670660387955,1.26499309824768,0.164859714438398,-0.596720576034615,1.21470134132894,0.762410115299481,-0.369316488075341,0.221932464223814,0.292356715254576,-0.990671937762667,-0.635588567097406,-2.17325221414318
gene952,0.535765551743402,-1.22299524718566,0.317125096765409,-0.249811431274841,-0.272397301711313,-0.306870416642269,1.19349223824376,-0.437803668947624,-0.0451240310237792,-0.433736543983186,-0.134171218310085,-1.60008126859587,0.740589719086238,0.466965199203318,0.0392080185669449,-0.113549524934455,-0.955128612043735,-0.0646375633217847,1.08023887654719,-0.708750515831405,0.766530932284879,1.16701894321023,-0.43137904785417,0.55679089254121,-1.48784291662351,-1.31604891179761,0.124498750973505,0.258204306013646,-0.350162490830878,-0.889371486791448,-0.121122395767079,0.319329987306049,1.00134836527399,-0.395017605314741,0.290551078531,-0.10594965987843,-0.655655900109255,0.0958262688005649,-1.37604726411717,0.356334550112953,-0.504486401637454,-0.250047317813078,-0.46350872602259,0.0277625539901858,-0.610960079308508,-0.288220961528204,-0.876009052022258,1.45417116360364
gene953,-0.403137515426174,-0.518422381814141,0.124051045934431,-1.45471211091581,0.749390358360899,-0.489764894824546,-1.04354306611909,-0.11017526329156,-0.270208637498962,-0.0319922977293462,1.06616689039442,-0.489594954854644,-0.388156695999659,0.508373577765846,0.0134116676640029,0.301823252149985,0.0346610711430757,0.376550616151462,-0.840452417090347,-0.209166167431964,-0.317905721040322,-0.675023480453467,0.579737721854851,0.941904965229787,0.562968918285012,-1.08601444120535,0.0521567001190905,0.597965788412495,1.24109715657802,0.0601865309579804,-0.754743981672627,-0.942590209068706,0.10452184450697,0.390789068041659,-0.327333701755807,-1.56715120311561,-0.0523438261364912,0.275573091163017,0.169292447741967,0.64799927564461,0.281678343393934,2.12873301557616,-0.602149497942188,0.7386548065209,-0.301499990656839,2.44202995666917,-0.334686862877623,0.846624046102074
gene954,-1.20633006738241,-0.127122810950159,-0.207622235152635,-1.19366589576743,0.286051210840124,-0.557575180025685,-0.560525167010291,-1.29474155883277,-0.410978920101145,-0.926250842698847,-0.614169934540176,-0.22956690078135,-1.51437912045167,0.0215761533301005,0.569351703700549,2.1368687035886,-0.513053383864101,-0.818506364261184,0.0750628236290117,-0.015551971410285,0.0252285794948134,-0.945462718826192,-0.424326335271353,-0.364486233387273,0.857359054868261,-1.67102708261957,-0.761535188497624,0.486779009212394,0.858317513744911,-0.191975889879004,-0.476350318704152,0.516851101288293,0.189920572000132,-0.274800936063016,0.858093631063884,-0.0007501551256859,0.287498520749113,0.614454339162547,1.12506756203202,0.360492877724105,-0.231560611465423,-0.191787373650238,-0.913135581984482,-1.46691249482145,1.71066112070883,-0.552864286300727,-0.255415903570657,-0.793793822340827
gene955,-1.02313325143586,0.618327893804192,0.447084574517965,0.88910881460806,-0.0251388801339028,0.124199796932663,-0.276598725150592,0.369566861184969,0.307513099203897,-1.18439432858108,-0.183788091943509,0.784551770424309,1.09117262021483,1.5402557009222,0.036500033194014,-0.0474118279856444,0.374642983599102,-0.139811994848586,0.986827249582222,-0.252618611432729,0.141115908167116,-0.751957675266144,0.0160442918413012,-1.0394922787226,-0.0132694558094403,0.754300751925637,0.219864459336104,-0.179401536799518,1.09713149481073,-0.517184130703795,-0.917248111374708,-0.942650861621021,0.107258134026374,0.424026719745227,-1.2173816401226,0.81346730465805,-0.767451790279461,-0.544545947088662,0.930134527901202,1.33238620952374,0.172269333762718,-0.625819250306234,-0.142962644807686,0.571002500246193,1.19535115401609,-0.486291679122248,0.41907807742645,0.0659950345710202
gene956,0.617069079786046,0.95676959896759,-0.98837352792423,-0.966969329015481,-0.101848121176961,0.863333964087027,0.539623691852111,1.11750198572315,0.882272390241557,0.501867128820676,-0.870634840884913,1.42778392876514,0.298088836872783,0.208981084093103,-1.63171288366709,-0.402075194750804,-1.53268196277556,-0.20174733807668,0.121214580517152,-0.452376064032639,1.04189632285659,0.460049506153098,0.885966969140005,1.0867186713393,0.942780635170703,-1.0785915546051,-0.669360279513377,0.212326480859031,0.047452423447572,1.09324840106366,-0.791562152807859,0.182624031636655,-1.35089825231411,0.433939221888259,0.292621523932376,-0.0055222586263537,-0.0957402083659034,-1.0328420974424,0.721481896349875,0.0810312791564746,1.1401565429511,0.238427695611174,-0.893374257793083,-0.0448147194734549,1.36947365209269,1.92625495686267,-0.44459063263272,0.669591591644905
gene957,0.053525641220904,1.22996557844511,-0.151333970876965,0.0496983862123601,-0.169223602871789,0.998281894667995,0.213182531246934,-0.277488555507436,-0.683235707941644,-0.106168297315656,-1.62781908101702,0.621171408719531,1.59494173129206,-2.12635280479958,0.606059647961305,0.918322909068369,0.156548056759229,0.310141644439006,1.21537224109276,-0.844314652652242,-0.887975117799821,0.466433043547297,-0.77379152179553,-0.9222878748871,0.772204005379017,-0.0637105512329773,0.476644368220075,-0.221286647547314,-0.626339817910173,0.157881825771059,0.262610705658059,-0.0546210494821134,-1.14456493664395,0.747739257989861,0.646192548976759,0.736851476878724,-0.328659376091564,0.557085137617624,0.471961306850832,-0.190575175637597,-0.389029830030715,-0.545451549426144,-0.39214776518344,0.034328209608054,-0.296061678802556,1.05772940977063,0.700522640098755,-0.975673431612712
gene958,0.203619674905288,0.598413021756011,0.598172465668329,0.189037899055461,-0.32963175684674,-0.994303234112924,1.46355293405315,0.161261342190335,0.673639769476999,-0.743412781088983,1.12729191415085,0.641058112245964,-0.739748846796356,-0.175479778635309,0.591469061235688,-0.0822639672297975,0.266378993380493,1.2551066122771,1.54610395282586,-0.187495517533796,-0.670507924349196,0.274141281979162,0.498412326691624,-0.0981733956013781,-0.171321653963987,0.197751228829015,-0.647200041410562,-0.26467750316165,-0.22660267221356,-0.840361216741722,0.255453075870914,1.15415131299476,-0.464213370095087,1.00620116307905,0.559124568073058,-0.217698949985556,1.52792732492241,-0.452153242263162,1.05479874525241,-0.580463245402222,0.410991043220288,1.01656846350752,0.592779261076512,0.123965572520044,-1.08163087062633,-0.103662482428527,-0.472345218619195,0.216936334529763
gene959,-0.603169281834064,-0.427377917859271,0.102752625751125,-0.162005221924696,0.946292455582299,1.3386206307172,1.09047575821323,0.18767225679595,-0.331293929158015,0.0820637441221212,-1.11377671220095,0.32511421411477,-0.238478390157739,0.0819268050809984,-0.364159236608502,1.17454453906629,-0.457302017805283,-0.0253694275902205,-0.0288572312624215,-0.0825784101087039,-0.637067189774757,-0.815657235115135,1.43487986907817,0.09888834729444,-0.471578817886155,-0.497015533979541,0.116831032540763,0.406697063853571,1.30008108309424,0.143889111625654,-1.29217679358541,0.181206890111299,0.909614703085623,-0.394797498853206,-0.415296013900704,-0.344621638331174,0.996949646285202,-0.254995546717196,-0.529055095690916,-0.270806757689872,1.16219415987855,-0.703975161599721,0.127404751078822,-0.984517154178861,0.479874836767151,0.163129337398032,-0.557466628304543,-0.478444548206909
gene960,-0.277753579776581,0.383516776476063,-0.666598934829135,0.116463788464537,0.094942583432688,-0.265452866388613,-0.213752919900417,-0.264256900835306,-0.60493127140852,-0.357063423786699,-1.21558752120448,-0.413196673257304,0.406439664439587,0.631195689380189,-0.265492294007396,-0.0808742943913747,0.277702435626296,0.138585463808386,-0.657232411382171,0.103925402042306,0.375203186596232,2.10009817747532,-0.532073976000933,0.447784036228289,1.11870362330521,0.51546951293592,0.351214393472704,1.36314070397351,-0.785342418416322,-1.26397412901228,0.301683596459685,-0.264467188529405,-0.0637970650925835,-1.40850123852608,-0.500589952850078,0.409498445015514,0.344901158678321,-0.348363171306046,-1.00349434829918,-1.18833751642865,-1.09349360870132,-0.0531312583468832,-2.22990536095349,0.421101814029848,1.39326075508679,-1.09858947652487,-0.111194680007297,1.20511458656652
gene961,0.0751110794126595,0.245323862280908,-0.322601961911652,0.0103253363036352,0.642725837173233,0.524324650077787,-0.0614029974180922,0.772469269772137,0.695187630753082,0.662458477878569,0.115548230140353,1.30158907366485,0.653401031163236,0.0675128454797497,-0.302483151312864,-0.0567871613500928,0.595126474609383,-0.653250851404047,-0.226749659252253,-0.401195440593607,0.634023332222044,-0.098192521222088,1.11786610211784,0.547308344647033,1.57357101094574,0.108151589095109,-0.353746011588309,-0.333616839427321,0.0693977960188068,-0.2988002281973,0.535645356325341,0.643084346674304,-0.517750795449037,0.536595130341134,0.226179663922495,0.0086970387398664,1.11594699234297,-0.366118564001555,-1.30455759181326,-0.439443789781486,0.24106927473389,0.727951461500662,1.40287434530415,-0.0995009506662797,0.526229502109669,0.426798336868538,-0.510880980772158,0.474245566120198
gene962,-0.73885300294578,-0.141819228673219,-0.247980745410916,0.0307918904605612,1.00949613405663,0.642334293635905,0.393611938153477,-0.769972080890433,0.18369091832526,-0.446399414198335,-0.75825093348174,-0.243461957428343,0.23332650516276,-0.0963739588601859,-0.077255518208376,1.06067138978297,1.54708900511404,-0.280606943323344,-0.775306114359531,-0.953765767579434,1.61566401576652,1.40353299789637,0.314386536909734,0.758095600419935,1.03895722087675,-0.198795182824049,0.0673742660950208,-0.174303447672218,-0.272467761656269,1.33951639166115,-0.188452539040344,0.3474349628036,1.1105784678248,0.119492470312777,0.569276567592388,0.598162905863018,0.20784550834763,-0.0051375195284124,-0.445705645936608,0.329366000815249,-1.38366945635907,0.412526278991797,-0.293933664310982,-0.71033977625068,-0.394257503747336,-0.145589651357506,-0.009232251975641,-1.59711143666295
gene963,-0.218532812634602,1.24468986590798,0.389305974733774,0.0667998936148969,0.560781865659614,-1.2780998868762,-0.532644772299471,-0.482824076365111,-0.431215104443657,-0.461198197959716,-1.53754280030252,-0.873942071647648,-1.13833363887869,0.614145701875509,0.65550010107914,0.0358672992622936,0.315445290366345,1.32396891283945,-0.431045630178229,-0.472899404231693,-0.266114219510571,-0.0471509146290915,-2.08307800165396,0.736004314861467,-0.351207775389367,0.657384554949282,-0.282361930722722,0.0553589037017275,0.314437102848008,0.728016204606089,-0.674477033866519,-0.419937304431645,-0.241121440440288,0.0972159883598802,-0.961179758093865,-1.89271697416927,0.143186599357432,-0.970875535714472,0.56424657757515,0.500970615756687,0.302595547183951,-0.149017666263251,1.19700700926377,0.38837863648557,-0.410490333097858,1.44106166140524,1.31318392767996,-1.22293576267038
gene964,0.640868474689192,-0.680010074472849,1.36738522432249,-0.592220663905185,-0.387176592412774,-0.375499762564727,0.504222779201714,-0.678153452588915,-1.06779610403538,-0.786494531874241,-0.172052411858324,-0.745451992219328,0.64919660591647,0.147677335516739,-0.37460616229493,0.612364582840734,-0.180941964383538,0.494471686670381,-0.206552901966826,-0.916157477242596,0.0755193644655091,-0.0936624918369267,1.48691303382094,-0.781590760654131,-0.291877797988662,0.0584575609664465,-0.511055362782366,-0.748005673168373,0.396646790805947,-0.896218120925286,0.399458728599076,0.0362844864682558,0.64811800174254,0.894870429770649,-0.80932949914027,0.749399293509214,-0.381041524994121,-0.504378723858067,0.356926136678726,0.0185674282156198,0.794048544697353,0.0262799421664899,1.08380375496112,0.602462959067464,0.784272486002009,0.584251473719998,-0.0859321701216293,-2.75089572625427
gene965,1.17762995376416,-0.166072724725873,-0.0413229019688834,0.588737525220246,0.768057447558351,1.06854439332893,0.173567421537963,0.379221474194264,0.336816460607415,1.99983683807698,-0.973790861588042,0.692651000985349,0.196003802618392,-0.855813171032141,0.140115337700062,-0.880606372525039,-0.418576659834233,0.237575847076872,1.12227974476667,0.645987337435682,0.132303050237185,1.06801173149135,-0.9989420416619,0.910376275432375,1.11859731864368,-0.488619734496203,-0.623378604472369,-0.359519133714592,0.627875235031775,-0.431609445220911,0.0489063386717682,-0.8008678470066,0.426093254282801,-0.346108152938077,-0.154883408014788,0.0416546190321031,-0.185514604068618,-1.140183703367,0.611043859345517,1.47467381160513,0.259335595798303,-0.630421798153686,1.80754223634523,0.411636202057858,-0.0619971790649483,0.311019062256649,-0.362045431304636,0.184953837294773
gene966,0.0071043407783299,-0.128135899671476,-0.666900043706505,-0.970011191650442,2.04993975789297,-0.399926729049522,-0.0786091695445598,0.0599654514056234,-0.173152709049971,-0.124204468657313,-0.167175781313638,0.20933742211598,0.0649474290761853,0.35987639269179,-1.59375742019114,-0.588034670044453,-0.375535412703272,-0.0702330455208913,0.503290540068291,0.725582910334362,-1.28403108539849,0.089307988816063,0.0192012471475617,-0.494046905874534,0.0381980331774482,-0.128330807734956,0.246157298493342,-0.909787451161667,0.550578935869056,-1.19571388956369,0.628247948546151,0.758142057127644,-1.21437706416643,-0.529128172330634,-0.316829888361558,-0.0867001242452561,-0.21302269481022,0.521880423147019,-1.19296454463938,-0.534939317106785,0.997280733666305,1.09288552973324,-0.0395679279389276,-0.813995076286582,-0.559431966931855,-0.33328184775181,0.628016306818025,1.36940081712028
gene967,-1.38215307618016,0.617620161738488,-0.0012159598390338,-0.165019644061268,-0.0112811060108133,0.80703116564833,-0.894067513144619,-0.490405678900658,1.67568542921824,1.42409249958362,0.0857845432705097,-0.0751292024200058,-0.0369752944623241,1.6254358004373,1.12208950960482,1.59037616021323,-0.136664348525122,0.304507644167283,-0.264874960633147,-1.420910413558,-0.583186761677467,0.64181193182305,0.720744594691333,-0.560945632284343,0.492300721009302,-1.36209032538298,-0.670005046524384,0.220652604023402,-0.59538558740942,-0.336227807715649,0.640034856426447,-0.231611074345521,-0.420752370540541,-1.55396731980942,0.795925336409342,0.422389621453952,0.241300060339557,-0.27132656358239,0.204406496108937,-0.791129122298583,0.0877996948301462,0.528638319438796,0.0059473387757393,-0.638997160466641,0.308229464192597,0.0244982430859862,0.0303588627058739,0.587392060508289
gene968,0.265103844427372,0.26513878702641,1.06434426698997,-0.44392384758934,0.43926144858085,1.11475312867853,-0.598899929139815,0.0642776757048664,0.151303409216892,0.323555370723698,-0.671971649862546,-0.0959691463065506,-0.345309389961832,0.827228418332934,-0.400315099552007,1.68594224282922,0.34742679672396,0.311230390292815,0.657208751052565,0.167704973204446,-1.47798772712509,-0.850963433129155,-0.391615764251385,0.0476778932223189,0.87003827150405,1.09861828853586,0.187041428132329,-0.317883683814252,0.128835625936384,-0.342590043836845,-0.029968270118145,-1.10892245790766,-0.565121153001096,0.38284290179697,-1.45157042857364,-0.312099589322513,0.812055353516971,-0.522167724581408,-0.999119171866772,-1.13502552311301,0.143403473399558,-0.716448132420483,0.0753562290570005,-2.04841163593305,-0.117532578829666,0.826708432174833,-0.178908833253502,0.663392609503745
gene969,0.028028255754997,-0.315085463394134,0.780209232090674,-1.15006967762448,-1.02131727896515,-0.23405023784351,-0.285182300658513,-0.447285642412172,-1.06902828723215,-0.988732019775721,-0.207239428844573,1.02889225516651,-1.28744585828517,0.0815373985295643,0.0734655252897662,-0.276625074922816,0.123840620087316,-0.56101945033119,-0.566434459066006,0.239528087985606,0.589440604164556,0.187891691172329,-0.837486895618272,1.1019486831517,-0.276008666638745,0.348957655121525,1.70734292747483,1.01612909351777,-0.521991375508908,-0.131794698883324,0.635368227533114,0.381465574706153,-0.340064381622587,0.0954686802787031,-0.506518372053198,-0.416206124852749,-1.67406803191625,-0.453087468744003,-0.871968813017052,0.186192324272921,-0.160231385272494,-0.791180943523638,-0.110353571572573,-0.672751152748027,0.111048516599931,-0.103475371125735,-0.18471678233598,0.713314527063152
gene970,0.153469369347271,-0.130625073567793,-0.740614655141494,0.0873965706286515,-1.41884282007947,0.371660947172272,0.0024562008380904,-1.3598177946062,-0.976306639338099,-0.652777399800694,-0.180578261762107,1.82035131815055,0.301048982957817,-1.62418924321226,-0.0733077617226406,-0.148707101125311,0.0995271547397591,-0.378340452644417,0.154952283619797,-0.524290732368452,-0.431871134554167,0.459394268791784,0.345953956467538,0.371150305671637,-2.44532103836988,0.194052317173488,0.419509418972274,-0.742070152163857,0.997579246925159,-0.3749456988,1.92208403119561,0.0819040946606572,-0.409349636435168,0.0727978299426087,-0.208649392817504,0.593726333121013,-0.315489624939597,0.947563267137122,-0.815958759491492,-0.391906612412742,-0.245150099734039,-0.102318086672444,0.130658616869925,0.230292846939112,0.0231476826322459,-0.722989208209378,0.478815478273521,0.402451659270168
gene971,0.267991566824989,-0.346829150628505,-0.423430934343819,-0.0497769921901981,1.3182068498368,-0.319698048660849,0.710359167548925,-1.41239006667114,1.88124819320054,-0.309702746741229,-0.0251155171225516,-0.895199833950001,-0.534076265151562,0.660010300877348,0.536124846615384,-0.906104465923569,0.0582964500509297,-0.349374027452942,0.469991485053295,0.848121659100321,-0.255663031812666,0.0689390486550035,1.40758653554504,-1.85898846033163,0.533976810641394,0.214868685800037,-0.807301437304605,-0.724108955042381,1.00664875339134,-0.206878027666297,0.444701880332464,-0.390790276273085,-0.234807235956271,-1.52740094156654,0.108262353724678,0.21584973229249,-1.09423113106393,0.473992566119547,-0.750331521168044,-0.0043537095485519,-0.255722339945705,-1.03951286490326,-1.29998862277483,0.0527470516357363,-0.800333063741265,1.4114635248748,-0.384856154266442,0.139899262634448
gene972,1.27021866638076,0.0561336422478785,-0.331100179622475,0.0109798745326942,-2.51596209100257,0.160464306174348,-0.3809498818754,0.210850834179026,-0.101606168503414,2.01585419283328,-1.29734547979199,-0.424435695589684,-0.0018148299015539,0.515456105437564,-0.384135769760561,-0.0791405525872489,-0.426981511606784,0.247276361953308,0.107738960337599,0.138285376907886,0.52102582795354,-1.39392149792274,1.21250689904979,-2.1750464094081,0.702684776451054,-1.12195640758357,-0.370573452589641,-0.733932136338579,0.830887168625526,1.25742025347936,1.38674730411032,-0.0890370345495278,-0.18368226336822,-0.519253247213855,0.895026064411031,0.657822769852209,-0.571273171517465,-1.13512891929067,-0.576705156315677,1.5859659362269,-0.0666187657612042,-1.18783605363695,-0.250641923821401,-0.43452210757895,-0.331632924350148,-1.08761533805746,-0.753678179765323,-0.911895597094264
gene973,-0.0575857831153529,0.236717644674623,-0.517821914360076,-0.587398537412968,0.19586746646292,0.434643805771035,-0.787304002322898,0.482878816198862,-0.792585618634088,-0.273207514470598,0.477548366944855,0.998049467697516,-0.421056571929985,-0.210120155881903,0.115042858193948,-0.871927077106136,0.705780982563817,0.147761442935691,-3.14250166733649,0.876973322318723,-0.495811615952634,-0.21756886514553,0.352500678558107,0.0539486640714951,0.053913602423042,-0.118163438644197,0.772585441000159,0.654240257869171,-1.07513084070518,-1.49151576615712,-0.944445623620372,0.387547529126,0.38100805598524,-0.402879685001859,-0.973324813520596,1.47636939105616,-0.603301174774821,0.251501538655876,0.4906837877871,-0.395970810593013,0.770585535656546,0.191096546408713,0.0305419645102636,-1.19241239281497,-0.155475395667444,-0.114242253839078,-0.0444434461062962,1.03935288196785
gene974,0.393092885313919,-0.895573937992496,-0.514479010664925,0.568313110393495,-0.118150971699088,-0.473592564669932,-0.771627235881505,-0.896816887010961,0.0820568996167696,-0.37933280211491,-0.166992095422784,1.41848167482764,0.0457748223755871,0.881457143548444,0.920682631550719,0.839946745985567,-0.289950953287196,1.06292165493582,0.456475144440767,-0.598211440197477,0.18732759762483,0.150194998381126,-0.0526258123016862,0.31384617416897,0.105491067732043,-1.44832342377831,-0.922419192292649,-0.429295291891245,-0.393139940611149,-0.956476595474746,0.677107653858893,0.208062950256906,-0.461613693030315,-0.726821353123597,-0.637895094950794,0.433134398346233,-0.559967031045201,0.276438049516449,0.0402307937747083,0.0060949003204914,0.537042865277182,0.710149092088564,-0.235385982752253,0.128006609019995,0.599492062908432,-0.0840075139041716,0.468094410664129,1.27124299203246
gene975,-0.895116864913371,0.270772422234639,0.484782459429054,-0.46707640170136,0.377126234112428,-0.554109642631689,-0.557504546819682,-0.43458668858222,-1.2076704776998,0.79595829712319,0.17167134776131,5.68206443993376e-05,-0.3176441835975,-1.81012098828354,0.0217901883053199,-0.478199959362063,0.279075645971831,0.441721118319121,0.186523059740688,-0.422224793922213,0.459257737825674,-0.607377524688886,0.935183929949894,0.787969134630426,0.300677321215822,0.838948132498546,-0.742334388000384,-0.0200185247140103,0.299499686258791,-1.50195146946328,0.345834083974151,0.446804475829587,0.861711742773138,-0.685308809106339,-0.687065102039727,-0.775923072055589,-2.63207093767139,-0.279256047041604,0.0994746821540104,0.0113153780208856,-0.614904575784801,-1.33769704923983,-1.34368872786778,-0.461915558187188,0.939891716320422,-2.39361653603682,-1.28642103420228,-0.596149573415813
gene976,-0.931543809886347,2.01692398862265,1.02857372838884,-1.30733286851217,-0.248724783002807,-0.646722414969806,-0.23598640480795,-0.0246110027762539,1.97456734177454,0.77289849560795,-0.730838869175483,-0.284281906727982,0.828102088760189,-1.15490749670149,1.44405507044192,-0.0214274718889192,0.447077037266894,-0.723289917071679,-0.0902842450378663,0.301892244360609,0.80316996453704,-0.947459257092692,1.21274993835543,-0.0484718942922494,1.39594665361036,0.587097035082069,0.831846323468866,-0.279725349231469,0.936761105066561,0.108649338562425,0.124703436037915,0.349554856055239,1.09464870771747,-0.0156889089835312,0.189842493362698,-0.0060631435143984,0.077153398775214,1.55728506541766,-1.39517398886853,-0.568090301218947,0.807957473882524,-0.648188953824045,0.223000293762423,-0.628576787480993,-0.0065057074462658,0.775785639098135,0.668150592333916,0.825584736842082
gene977,0.266390768814239,0.578712871463778,-0.912954095464931,-0.625135374154807,-0.892702055051398,0.49995509243452,-0.0836549862576138,0.468309890350019,0.931422949593967,0.235348009943871,0.662268668241286,-0.135897038837555,-0.557348440296517,0.580656708577202,-0.885189750675465,0.168074805960455,0.647116785692961,1.73910666578349,-0.315149238998607,-0.362206581535931,0.0810273514573852,-1.43164448471852,0.797210649378224,-0.190047800498724,-0.543650743069932,0.158734122519291,-0.366827117359945,-0.282261612247843,0.8565630266044,0.109783388997863,0.421585658801882,-0.086993533654912,-0.465112898877535,-0.176220533869564,-0.160260562994591,1.05975298303033,-1.01720634788685,-0.33724105175203,-0.148484177053302,-0.578488011208645,-0.697080653199391,0.698572251838658,0.124130059277304,-0.388259053613227,-0.13637448599287,-0.770747584807119,-0.337611798818229,-1.19809101572934
gene978,1.22521662704858,0.181655986335206,1.3720524076714,-1.2208884668941,0.80705491850939,-0.338622780146469,0.509416908734384,1.02648589597341,-0.123499532262965,0.563878126236674,0.968717877777961,0.180271486021342,-0.17698307083711,-0.538363538043391,0.868124265818271,-0.50611439344978,-1.45935863028481,-0.114846913866359,-0.0344275652576151,0.311150219651199,1.20501238486786,-0.733057185102289,-0.702037092214565,0.393681208095854,0.291016784311803,0.0845157337718991,0.546757680867926,-0.37090808608582,-0.053791455699126,0.351951727115355,1.1280728720492,-0.230787676321904,0.136924008676675,-1.00586189480794,-0.10326234467756,1.52936872371443,-0.277221957107508,0.229554591721788,-0.631865086639756,-0.43978657755971,-0.121103183761842,-0.0292344296650365,0.363873588796701,-0.313977259087807,0.819353044625971,0.113224367081602,-0.431102134058651,-1.41960874634463
gene979,-0.289409925756304,1.38933261227747,0.198831375233937,0.832573862066281,0.481650623954136,0.589014070164684,-0.29596293938192,-1.46410839674985,-0.841327727536198,0.0355913974227501,-0.255205110954437,0.116986819126717,0.18689261320629,-1.19556812295521,-0.047181005804118,-0.0796879988651531,0.543143815295823,0.702073160150183,0.870646555423393,0.701409255334115,-1.08057211441064,0.188969083341206,-0.363315908651943,-0.533072349341965,-0.166530046455862,1.64679083505281,-1.14065840947675,0.574276886282698,-1.79269869612617,-0.636764103565094,-1.52546599190047,-0.442148774236566,-0.207007377779058,-1.32438036330681,-1.00531582322549,0.367291866076745,-0.155995583859251,0.0090213780157467,0.511752016887396,1.16316382680005,-0.907913067607983,-0.485985481786225,-1.4156708778489,0.434327484896436,1.96349776399091,1.18462579860883,0.164263290751887,-0.423268209415094
gene980,0.038083070320408,0.642706265961919,0.406109581489267,-1.00735465729392,-0.715205052958071,0.311630865482477,-0.172158675350374,1.70376113200953,-1.21460782423286,-0.187135796044197,-0.150058622875848,1.87379708074058,-0.105365422871893,0.980473433668686,-0.384511428938408,0.398025643476219,0.57489196336776,0.015310507232404,-0.06605906459317,0.111072785233511,-0.175264200217361,0.244324793220262,-0.467236817403357,0.842997285076039,0.912764332045936,-0.277958360695234,-1.09028055041911,-0.423168098227932,-0.461515982152372,-0.386723517649846,1.02280907311042,-0.210995106158111,-0.0694188962123112,-0.0739891769173056,-1.13562440561646,-0.0907080529958577,0.393616730073529,0.166274078336585,-1.02488879418621,0.256558604037362,0.945964187478003,-0.981169419021087,-0.717537860542429,0.906618252137042,1.48319492540135,0.857694201084693,0.711060203394924,-1.21682865633777
gene981,0.0674058381061971,-0.624245323630096,-0.779001051111264,-0.0065994340527381,-0.0834222791801804,-0.138418494748806,-1.08652533247268,-0.137005846592617,0.594900366401515,0.387478688422361,1.2109415524777,0.853164467960778,0.061876718480596,1.08720678566631,-0.109628043638148,0.337513542358497,-0.568431937959194,-0.131441266497834,-2.18381025588274,0.920310099092917,0.669147935306522,-0.178284670888969,0.250345552375418,-1.46354167105045,0.491832058189692,0.0251243399400538,0.716461375094678,1.10830761016421,0.300632012711316,-0.226605296710331,-1.1497266596551,0.743747246051677,0.396844476038888,0.203289248409181,0.410090042223561,-1.20441450677394,-0.357143837635676,-2.11489663911102,-0.532071489437663,0.268555223367266,-1.04494981775568,1.0724686544502,-0.997164706191831,1.88003382308048,-0.403058780563883,0.959743459070612,1.15739756818045,-0.279405306619164
gene982,-0.389621406313467,-0.296321828679843,-0.19961542446389,-0.832110447259972,0.947577763650461,-0.825789890942856,-0.0371297195215372,-0.969416926627061,0.669909312269291,-0.915067369878291,0.213374007137735,0.854555109190866,-1.61079576207855,-0.166974060740942,-0.904978784487023,0.406434210386352,0.014197067053381,-0.567731104238118,-0.557471741500549,-0.592677556766909,-0.547907342257235,-0.129980455941018,0.131084885239067,-0.576120863413637,0.0145089884451388,0.510461432580647,0.353895650332093,0.758188554793667,-0.475595276720048,0.394915196169163,1.38516472687311,-0.822972762738391,-0.3267836347034,0.0520677878714521,-0.116296127751173,-0.574294085844793,-0.0974430142458063,-0.0452817497460219,-0.441027609296067,-0.344948495817454,-0.355631919646408,0.416645639862003,-1.21631841308097,1.7576498584884,0.593383987616017,0.546650818509752,-0.444350530367111,0.45086065741339
gene983,-0.411026971109428,-1.18914158832257,1.09219498415191,0.129815532844912,-0.577201235555304,-0.262786210179514,-1.19325802837542,-0.306472431708135,-1.87979241448324,-0.0528398069309218,-0.342995310156039,-0.493456203256953,-0.0996330577347015,0.228074668536176,0.850246736180595,-0.895326094002934,0.641171649100326,-0.497490493880594,-0.466598893464267,0.266960431812838,0.888218407211106,0.343101783128008,0.527786566546928,-0.518819211011591,-0.494833446303873,-0.0675794433704262,-0.0193964841351226,-1.15068596194431,0.433959062560002,-0.831972681818763,0.0274464808193113,-0.12430160876868,-0.151780557615267,1.11366979441126,0.935404795762105,-0.353768742743805,-1.69534377748659,0.73835897700197,-0.296551642211082,-0.568241495232547,0.244643747818337,0.010981155053645,0.470126898684419,-0.571218524744674,0.695789709660573,-0.775479132057037,-0.157264133911038,0.312809992195364
gene984,0.460716812982862,0.269489152577862,0.0091095984253209,0.658780963429505,-0.953663459488241,-0.415763255224589,1.44051594358756,-0.612774835448544,1.46391624366763,-0.566240924835243,1.44334009243909,1.57728678089763,-0.215137361465912,0.229083945608791,0.628940294977928,-0.117087762310721,0.234461360447214,-0.192323467905789,-0.59886459341217,0.558242544998955,-0.499439929330835,1.79902911045054,0.521218196232285,0.842030155832934,0.525523232848603,-0.506720987730527,0.168277248694043,-0.112497235437063,-1.37156258373999,-0.0931260199375438,0.813913007390836,-0.712642964922912,1.10270996921049,0.135878643204958,1.76324535293539,2.078106521122,-1.21110655040365,-0.286754603749477,-0.314306023378487,0.0900214800131259,0.975851022183723,1.51015401418778,0.0477711706341763,1.34248693610953,0.0038839608711216,-1.68108493301446,-0.0522749145218076,-0.398127262140041
gene985,-1.10101046581621,-0.182972871769383,-0.658357673545708,-0.694118467159486,-0.113665189300201,-0.664461018151034,0.138764461050461,0.223258556253481,-0.258040431711161,0.27795928654223,0.0983564019572031,-1.52031122923716,0.860338431892468,-1.01315171597593,0.27836988893345,0.258700034120926,0.867403529116324,1.20273743489933,0.898133401704909,0.370990825184448,-1.47262821711447,-1.45613815141135,0.270465351285993,-0.0676688566847102,-0.234419078274557,0.530939634678176,-1.51331457679532,-0.472343506440168,0.308508887490594,-0.979109469520516,-0.101854663818886,0.203231916847159,0.980742330885273,0.250435112511023,0.0968839290163912,-0.399370038432476,0.0719145773340109,0.546258106370169,0.513890169337126,-0.953599220709612,-1.20214033567633,0.868993950553362,0.269688259624153,0.250727710179024,0.11581919870616,0.708656975928452,-0.636274523410084,0.138087557258699
gene986,1.44059402077776,-0.0345811659250568,0.0040199862489467,-0.564605618313668,-0.208822569344106,0.402832895488212,-0.343657424212673,1.55848770292357,0.803839169106698,-0.436915467317289,-1.57739596481194,0.834134097142199,-0.466274855058469,-0.907658226035127,1.42205505447975,-0.116544813078712,0.640706693515108,0.794094078736596,0.170642672012871,0.822933552246011,0.130200131602605,1.30259912861093,0.541068018851998,1.01573522581171,-0.173355187788815,0.570474602366987,-0.703497745364118,0.365698069863313,-0.344179348928506,-0.0101452994042304,0.139429098627793,-0.375753221270814,-0.836991818054868,-0.395867733991898,-0.269620047601517,0.814395329412355,-0.702325469054494,-0.239666294656228,-0.0542057830102575,-0.0343842100651471,0.367082167025592,-1.63106246192836,0.32214398838364,-0.300519707145763,-1.29401245399987,-1.32649307986774,0.252900058920963,-0.860340528162862
gene987,0.720813667275864,-0.256614585438329,-0.980705872466107,0.577455993088873,-0.968563742505688,-1.62315584424263,-0.17710709667279,1.93233731587329,0.11900483402372,0.097523109716128,0.322549150752295,0.197914126234482,-0.447817285287142,0.486458500476415,-0.245116703612279,0.0117255837000543,-1.37333575001303,0.446617681058022,-0.559063613913689,0.166419975155732,0.971304876631069,0.255915642849565,0.0221396991755046,-1.29055217200973,-1.78894138251079,0.795578146112385,0.529509601630029,0.310499332236796,-1.15689190530888,0.356595481787527,0.289288834024891,1.83841916061226,0.616482564941061,-0.001049482395055,-0.14324860285867,-0.493775648441469,-0.598524297854046,0.234711522658932,0.414597399086219,0.817098499619244,0.239849599832523,0.997980487451131,0.0145320964043074,-1.34400130997791,1.96655694976164,-0.970803552338879,0.0544750899145052,0.410914172570601
gene988,-0.600764511715318,0.554916979066,0.40794731778671,-0.460013561699744,-0.6731946185841,-1.23240444201497,-0.76576098090077,-0.295645144453889,0.268401225912117,-0.0936029963414646,0.554804380863847,-0.810483162312188,1.13483253087651,0.248183751561636,-1.3568803930901,-1.0779361255147,-0.0020228885135232,0.182873947476783,0.300842639423538,-0.175739143100614,0.399419438651006,-0.685208169341715,-0.323420397890307,0.331189248118615,-0.132816834918748,-1.1247364073156,-0.455931359043084,-0.44879169604767,1.26055389926334,0.183290571359913,1.35761496779577,0.006447664132933,-0.566494037907605,-0.52135894150626,0.14804009089612,0.208507803996263,0.117389216229211,0.525001173408358,0.73520728589652,1.25537529413041,0.632135563396367,-1.09154408440133,0.0303054527740456,-0.108682547271731,-0.146349821041926,0.100029852219577,0.931689331985131,0.56967680271317
gene989,-0.420498049554151,0.126783543372083,-0.652945204445566,0.054461752125514,0.247000788412417,-0.0867912951872963,-0.177106251642938,-0.600747851073136,0.0230896961564867,-0.396357794287409,-0.324297649437331,0.0007768424713479,-0.345643512860792,-0.819731403767703,-0.813771733534374,-1.00975833197549,0.224593669194956,-0.232490412061637,-0.970715517421312,-0.123770833625238,0.0182663245365853,0.608533792749132,-0.165758764595074,-0.352298288624835,-0.0965690721116666,0.0779549487718377,-0.316424960004763,0.968553499801935,-0.183161483647166,-0.32252345852011,0.70674947978395,-0.911825364123641,-1.8517838977597,-0.525150931508658,-0.134130390927676,0.188115327859096,-1.06785244637267,-0.337258894074493,0.0886485582261656,0.102250861409385,-0.785355964510555,-0.277657544733343,0.296963645298934,0.137225960774961,0.973576346529795,0.413310629720025,-0.282925266583704,0.676360554953064
gene990,1.84692073795709,0.732228214143416,-0.967108053996059,0.0349070270968065,-0.114403765925149,1.69855697619745,-0.440698853578209,-0.539195931383672,0.100496886831808,-0.0401319135836509,-0.562513048430605,0.494683305645416,1.56826404184757,0.886057680551973,-0.371977120067577,-1.66205823937752,1.4605403364567,-1.02143230818346,0.933821688561229,-0.0067711170153063,0.4155582123162,-0.146224689511841,-0.166674185937922,-1.58065144970801,0.731088913284439,0.693540651257674,-1.67676135206079,-0.800428637563354,-0.424789469176144,-0.486587750237574,-0.227299477145349,1.4860289158302,0.0917079049355223,-0.320524076179132,0.603764567599949,-0.0017488961557924,0.329123021745174,-0.93395300004578,0.376278430172792,-0.562741155455823,0.236089856529581,0.745737997921853,-0.299849648352681,0.187866726761928,0.379430565152885,-0.302929287761248,0.235236859186215,-1.0796111119646
gene991,0.117980346069878,1.09143082070986,-0.0295076966205048,1.39451877547265,-1.98637502734983,0.334937897006904,1.5627292746853,-1.0114195913945,0.320567978715119,-1.58385013209584,-0.797972431672084,-0.398027547934379,0.664467611278544,0.88040795130848,-0.697145071921291,-0.57759038152988,1.17835256286052,-1.0771847926528,-0.223367835191592,-0.310871094498301,-1.07276957646758,-1.3057629269937,-0.187712788071985,-0.467053193605312,-0.589137773114475,0.927593661617315,-0.401370742307164,0.789583542487176,-0.475062330944659,0.723965610656114,-0.166823269080311,-0.111631370082785,-0.495455728323431,-0.792083590306431,-1.0219912102708,-1.05768423722833,0.820013071922106,0.891970528257448,-0.247714226713108,0.564616353384628,-0.0234167700617706,-0.242902287558064,-0.285513962607909,0.829777648623376,-0.770372066624294,-0.806319464722275,0.141449047745085,0.604502814431175
gene992,3.60122441285051,0.272458491421554,0.430349848661276,-0.380336818995409,-0.448266599028173,-0.709570471309393,0.268746744290776,-0.120084740793086,-0.2866586448338,-0.208508386499962,-0.0811035097746895,-3.0055628455963,-0.147462934633595,0.564997371609082,0.797118025857172,0.0666041478840368,0.760037302462734,-0.954017378086927,1.32309335554881,0.662299348965958,-0.0472663211605169,0.238874441870867,-1.38921712064622,-0.519668187182798,-0.924207596096769,-0.142023886599299,-1.04365529156855,0.162795927109658,-0.202586248789961,0.196161029051325,0.0156217741772841,1.18428794361483,0.721759159198686,0.277858784282418,0.215552932862345,-0.339587890485066,0.486127383997895,-0.472277880094444,1.26813723521069,-0.0132490533863766,-1.57054403367416,0.168249988752052,-1.11903452941317,-0.644656569635674,-0.461768680458515,-0.166297799057491,0.308715688840476,0.205839208414792
gene993,-1.79980083245206,0.807731196665054,0.577191044979503,0.79614534366594,-0.200086653051188,-0.978262059700791,-2.16797518266136,0.323558353272399,0.736811016887243,-0.549547187316175,-0.48818583111294,-0.619878269934139,0.552386703502162,1.10616792794992,-0.512561491676372,0.925104137835522,-0.472555991834341,0.708223718421702,-0.389534998453085,0.8162898568184,-1.52196339754166,1.49169478703497,1.26013003163353,0.173734762297571,-0.389697900013306,-0.433290019868459,-0.552515584621811,0.33834752833521,-1.01435710566364,-1.03481905796044,-1.40829324244566,-0.198805148484221,-1.46239969453672,0.0257176085602127,-0.369480629975773,-0.450873093258116,0.546942724917147,-0.879560947654521,-1.10637320149421,0.513967348404211,0.456027073208268,-0.744153901096842,0.542481099699475,1.22760036175158,1.89231755513062,0.268099819810159,-0.454600442696124,-0.412166697187822
gene994,-0.586032175792848,-0.277829425957133,0.871333491320081,0.813830139657248,0.50654925478289,0.241376129645668,-0.318177604340599,-0.957496050555276,-0.207894216889408,-0.475540696474478,-0.204051502474839,0.257165904884753,1.08237434896727,-0.464918084952386,0.352452269948389,-0.745039605763133,0.217649691310166,-0.751007099735851,-0.135708040052617,-0.452822326403956,-1.43256418789459,0.205990880745613,0.366496383980596,-0.336632274990199,0.391441708756166,-0.202556401893483,0.252199577164364,-0.357796024031689,1.19784100728673,0.1049313774136,0.206051995254778,0.297389015445403,0.0841482767472223,0.167503962667019,-0.48542522531283,-0.996883714812837,0.681853915476213,0.266118847688667,1.07292429253917,-2.56167539480105,-0.27107385381637,0.388203852650811,1.00565435200773,0.434044532784245,-0.633813392526644,-1.5986800134773,0.0440325519719352,0.388267626782439
gene995,-0.732633415827057,-1.619419033228,0.689782259021582,0.25370863227357,0.199505060252415,0.128089323988828,0.229109326747211,0.636429055890295,0.358237806463111,-0.334571063692463,0.242209973899727,0.794220185430611,-0.773228769846889,1.9825349517944,-1.46905123207764,0.612663436663392,0.499185513663028,-0.18656190917868,-0.98605032055209,-0.672470166258775,-0.145181753201918,0.622029870461113,-0.355817871808263,-0.0804550952341365,-0.692590844377443,0.0156969946402937,-0.973881833803676,-0.317287664469253,0.075665032008253,-0.524629030902525,0.0163497136971013,-0.692937003249916,0.0979715893745017,1.26971781450007,0.28371769573854,0.300870276369131,-0.1797471507004,-0.270959601867614,0.045454827182708,1.04071936581945,0.652146055118733,-1.30880111932616,0.41819725234244,-0.29242417032444,-0.734603816087007,0.412460152762273,0.57177655287603,0.327810112692286
gene996,0.666740218956326,0.934721105601282,1.49603774560008,0.583892874425803,-0.0545355378347688,-0.0436378835532472,-0.464132022251663,-0.38182945514949,0.404629969956042,-0.332805813130784,0.89777376752823,-0.0915996925893261,0.0423535813410606,0.322420708574859,-0.191896809957668,0.345852499254943,1.00225811355627,2.51760920246358,0.286259695581135,0.51122925786374,-0.16993650571825,0.0890695767662045,0.867904929668717,-0.289988225977708,-0.448337021989795,0.764198084774014,1.23045219960348,1.06364609402543,0.378076308795244,-0.380578872408362,-0.114262998133289,-1.34394364779726,-0.986381149297454,-0.521059684487198,0.139878091389728,-0.694170755662528,0.390342865384174,-0.102857738848073,-0.859154828436864,0.117553417279802,-0.083722317675588,-0.572273524534389,-1.08371092680305,0.23935826769625,0.834450333404593,0.238753773991072,-1.23420059717445,0.939569685245392
gene997,0.370538286973775,0.506645881857933,0.019224558517182,-1.78158339711836,-1.81649915175362,-0.0119418913148577,0.782988486494416,0.101222444799111,-0.687229320814216,-0.960435945087047,-1.49524663539027,0.848972083628608,0.214093896475484,0.792148261751889,-1.33831016168312,-0.515250606337625,1.13952994322948,1.26454983009786,-0.362471685043108,-3.00627072103925,0.20189561058145,-0.628136865464808,1.39708185753627,-0.0871255519585865,1.82609969554564,-0.337912646164354,0.693260011462273,1.23580119218605,-2.001956645385,0.606239627248989,-0.683395414886409,-0.591542785275195,0.098891784604245,-0.483304438032638,-1.04474845989896,1.56209055490796,-0.291207495666142,-0.479619382707187,-2.09609914671766,0.601968164713041,-0.580440621753648,0.927759047420015,-0.677735338708057,1.08281597462747,-0.443270698626903,-0.598238466908825,-0.692405617872253,1.03291295304948
gene998,0.545941064888059,-1.04818723120953,-0.379823959312047,1.31031868852903,0.6793442469964,-2.35182658450426,0.901679748531086,-0.771310334403784,-0.761261612819552,-0.388674560294751,0.332902768668551,0.435606680600983,1.76772819201441,-0.519996743025936,-0.645622093806041,-0.195389455457538,-0.595537891942549,-0.393714460799328,-0.499853435467653,-0.466382605431615,-1.1904677592685,-0.827787895838256,-1.51013365402163,-0.507080178257284,0.0460355726047746,0.873426092966914,0.294365443042673,-0.372312005135025,-1.94178809322361,-0.422014173703341,1.15730234817946,0.35444175376033,-0.108856879770855,0.845106946248526,-0.382315217955609,-0.717353595425778,0.347857794711406,-0.798277156517,0.756932377288969,0.191967840409662,0.948800697744656,0.143898981826805,-2.33437228754134,-0.645876433291392,-0.123669187901385,-1.15424520023991,-0.0446646563393558,-0.280412843127623
gene999,0.005483712913443,-1.00751985471099,-0.454622845125364,0.256742736900518,0.604113997754995,-0.0122009693023286,0.861408421015653,-0.908501137554845,0.441037972187313,-0.346851921326119,-0.558541877228089,0.0387595546722313,2.21867797742258,-0.923754901689242,-1.028150323474,0.389867626738963,0.141289793727783,1.31127937705417,1.25772114639296,-1.42957489828099,-0.422454028010408,0.74484697632062,0.530409857586103,0.0130724368604602,0.352854945288173,-0.982866752167591,0.751049138679257,-0.506901421962146,-0.411839372429543,0.542909527298602,-0.0891212069259507,-0.439998678741478,0.25679912813171,1.45089897818227,-0.526440173473115,0.234339829724662,-0.579924687855968,0.194992909452206,-1.21691012324438,0.597523079775218,-1.11080778043659,0.40132488662576,-0.162366550743922,0.634554827610062,-0.453062981529779,-0.044209961969435,-0.971535847063962,-1.08231769437681
