symbol,R1_P2_T24,R1_P1_T20,R2_P1_T20,R2_P2_T24,R3_P2_T40,R2_P2_T44,R2_P2_T36,R2_P2_T28,R3_P2_T36,R1_P1_T00,R1_P1_T08,R3_P2_T28,R3_P2_T32,R2_P1_T16,R2_P1_T08,R3_P1_T04,R3_P1_T08,R3_P2_T44,R1_P2_T32,R2_P1_T12,R3_P1_T00,R2_P1_T04,R3_P2_T24,R1_P2_T36,R2_P2_T32,R1_P2_T44,R1_P1_T12,R2_P2_T40,R3_P1_T12,R1_P1_T04,R1_P1_T16,R1_P2_T40,R1_P2_T28,R3_P1_T20,R3_P1_T16,R2_P1_T00
gene0,0.549017778955618,-0.530832959333197,-0.278211709605477,0.0821699330658142,-1.3770832739058,-0.559086716580983,-0.694770872240372,1.03951760993865,-0.495074613928573,0.982889028301159,0.0782480998811624,0.978505845685482,0.0579480960008,-1.18233511588076,0.512837436240967,1.09181727916419,0.325755130785017,0.0674671914325816,-0.0542316863291338,-0.66212759693381,0.729549865487662,0.592943395547948,0.446234561337756,-0.545754723486179,0.345712333918578,-0.677546624933167,-0.664397980701901,-0.818485524203957,-0.611085668244654,0.908726869368294,-0.845511300227323,-1.35938957781963,1.13369255628448,0.11918880225716,-0.842173033788175,0.578716806964891
gene1,-0.441243938732541,0.192631022699434,0.154426623832749,-0.506773442625874,0.489981978383198,0.0963057842681195,0.553897696046459,-0.762693161042564,0.223480812279522,-0.714627918000809,-0.213446682605158,-0.352997863671715,-0.183975707465174,1.11889951012852,0.0350555066009736,-0.463285340785148,-0.247575797489319,0.266429848880461,0.0097883988882427,0.569603737106347,-0.432381922219867,-0.638840589735089,-0.686033093515385,0.671201850993721,-0.152591411210238,-0.0567211235698044,0.456804392113213,1.16304284441799,0.374083291002502,-0.681437559042551,0.400484165858877,0.952208885426521,-0.630119668833349,0.357504341269187,0.613018359863003,-0.576650337961413
gene2,0.717211068821339,0.318874096927418,0.30163605505176,0.752339741732893,-0.621815111280553,0.260676566871224,-0.701913078505494,0.274688822453617,-0.842369400475196,0.987020454069261,-0.353336633874164,0.516591855067942,-0.0977560708174036,-0.588141641575423,-0.336526644889624,0.36558287966482,-0.163167418114145,0.100625167357654,-0.0632499372735798,-0.638886288826482,0.804339549335251,0.517054254768839,0.592598612951858,-0.688547105377159,-0.337143754556076,0.196523255927893,-1.16823710144946,-0.557720869590031,-0.832440352467446,0.47144454335756,-0.799494067965558,-0.586967927609983,0.507383254583768,0.259700730092967,-0.352109870110889,0.700010154663046
gene3,0.839850512936187,-0.554555798928982,-0.487726301150741,0.450225570866853,-0.831697276439242,-0.401449525421448,-0.456722821343394,1.34130704948748,-0.247105589690131,0.363398395789973,0.4305588166329,0.856985103273062,1.07913453111137,-0.834974076309857,1.43590880379163,0.615148340721242,0.576604695149929,-0.689795764866516,0.739631504610375,-0.424423716024287,0.63455827243319,1.00244462878904,0.715105216100689,-0.723427624205093,0.39023810884063,-0.295960652803863,-0.185203026108547,-0.680012716986705,-0.895033855117057,0.529184306371524,-1.18079395826555,-1.06617441238722,1.22101556078361,-0.385416705991039,-0.491694308846276,0.319759486189072
gene4,0.357301322599077,0.540028398520921,1.28526125590597,-0.0396671036954904,0.0374601617579831,0.679679762261374,-0.347693454190315,-0.121151133460167,-0.290173464955121,0.67579289285659,-0.567480590840469,-0.33541760691614,-0.747737224516695,0.154189748226446,-0.563023465084531,0.320457686332248,-0.436385462360624,0.282922946667961,-0.304057084689103,-0.90513075520247,0.481416611176885,0.388147482836667,0.506482935560083,-0.260975404956912,0.050539552880967,1.05650130089686,-0.367736491164188,0.0799650149646249,-0.441116306930102,-0.0871624793722399,-0.17420686972212,-0.289258158598874,-0.261510031885301,0.0549125134524864,-0.0438248840636307,0.464983404913206
gene5,0.872809631063579,0.794016734706883,0.805925444171089,0.278325172411943,-0.915735473545716,0.342830384887472,-0.757522713368679,0.125217488922686,-0.742390282855881,0.612938044346899,-0.438801890606267,0.0747049228096634,-0.585509435527186,-0.222896635507898,-0.774591954033896,-0.027418961307202,-0.672617712322694,0.543988153505262,-1.03332618968293,-0.898253925642427,0.517085872161791,0.412908031371704,0.725389000346831,-1.20865503436643,-1.22003695951422,0.145393941967824,-0.798014809118427,-0.0340032398628006,-0.749678562293876,-0.0019633367401201,-0.0613993701564417,-0.448114856115152,0.0525979780420266,1.13740531477847,0.0371583312663873,0.670297899564063
gene6,0.326668893711569,-0.734247291993113,-0.598032771099684,0.337407954485223,-0.764110305232286,-0.76668504188454,-0.0682789488693459,0.744960375847438,-0.44165306500133,0.253858817916307,0.228622967016581,0.681655631293847,0.278096524677917,-0.986225963023111,0.671160648010766,0.868115246508802,0.656997717973264,-0.424331704201495,0.133420082175303,-0.311675754989117,-0.164066610933025,1.00412396126072,0.352988588810053,-0.29142293080955,0.497036854895206,-0.614775961390505,-0.0119129728541693,-0.857815220119641,-0.148353294178292,0.948108173625752,-0.9560351543136,-1.04851120692273,0.591890333541177,-0.689293312125356,-0.830279286638517,-0.0297481091166434
gene7,0.558084834873524,-0.836925817754524,-0.651026064046302,0.367589784265639,-1.29924769978547,-0.596305146898139,-0.368670968321269,1.13174577368829,-0.71108976493939,0.0213450211919018,0.890515610225619,0.875835464824109,0.256851401846539,-1.49088046896539,0.701703091741398,0.772067231804539,0.395783269920705,-0.589988989756336,0.554647304316649,-0.397246554188837,0.581189775211308,1.14796031638054,0.432362911210428,-0.721135979848226,0.146722868073582,-0.523282750276754,-0.854227515241017,-0.691186115993022,0.0920821778887868,1.10864459968805,-1.02585352095923,-0.78974543993173,0.803636875448644,-0.585715058997723,-1.12694673435121,0.239349362244738
gene8,0.907583145024215,0.63548994752463,0.20906018317643,0.443799049287096,-1.19338264167882,-0.469213331098241,-1.00581726179131,0.626425266044215,-0.51935876932821,1.14742769742292,-0.148387355077983,0.780657901628104,0.159186695741328,-1.33888039580229,0.0559105105250323,0.909590942608214,-0.0621564175789552,0.383048602534927,-0.356511130861768,-0.783341020970478,0.707593190981556,0.785667290163938,0.543261522718964,-0.758932205843446,-0.104866531108752,-0.104052102668604,-0.921821231673265,-0.968048019241636,-0.462383723800629,0.897962023744362,-0.524542332069521,-0.477174928060965,0.90499288599402,0.0664266426769536,-0.53066700666248,0.929996869406726
gene9,0.474490614819505,-0.471333599059444,-0.59671257612589,-0.214189680517806,-1.02297053017068,-0.394739975467139,-0.268339588049826,1.23354542979062,-0.386103032793467,0.534586446835774,0.320651318426534,0.834154244405671,0.364712207686606,-0.757792239541485,-0.387631984353342,0.689928852954098,0.600469030151455,-0.43164701476397,0.277726989822508,-0.248671365525658,-0.443214665924232,0.393439713299689,0.217191464191292,-0.282355836349936,0.534995663756728,-0.755255527641032,-0.390320746141228,-0.748218422882307,-0.121124817373233,0.903872292456553,-0.552374218269472,-0.622782636102097,0.858221401754941,0.0236993886639205,-1.00824536239395,0.276045911457271
gene10,-0.826119870674784,-0.588170795428803,-0.813163235616472,-0.772533459371071,-0.0384855756457604,-0.444285993833937,0.61021513238606,0.267787389979679,0.985069029249302,-0.786534501094862,0.926624590583444,-0.397887980439587,0.417412413949879,0.223095092643991,0.620546419923793,-0.0194803074769273,0.88434833999122,-0.525154079408794,0.53277408998261,0.863255384347864,-0.739496003038994,0.0382880953400106,-0.933615865335979,0.53473796808608,0.63873604091241,-0.703726928655215,0.430437126318493,0.27355769855509,0.590870439219143,-0.356960957672814,-0.12819240469648,0.26899963248778,-0.0622753898397115,-0.958103936413983,0.394701024181097,-0.283059900811593
gene11,0.208595479124863,0.767660220414576,0.553516917939263,0.708665230738397,-0.471949326056846,0.903635802615652,-0.717912113007858,-0.356803202588591,-0.794483458709897,0.757796117941597,-0.784730844163054,-0.828170925508615,-1.08809370114237,0.498189421121676,-1.43975205904203,-0.17406685646291,-1.33135071820467,1.26272749398892,-1.22553836705906,-0.0345615049372371,0.276866780779384,-0.398735393205076,0.456469939079801,0.0935791583167843,-1.27273837870217,1.11732119858464,-0.922691985677549,0.832096667275301,-0.198512614780094,-1.00810721193213,0.0595449914432583,0.332234516896914,-0.957771961563978,0.993900238941686,0.893194819213705,0.327112308573712
gene12,-0.476841639821859,-0.435979085296977,-0.415346931567053,-0.451934529850981,0.0636021553122577,-0.451749361022602,0.665679476672538,-0.132761783550807,0.359741231203642,-0.539578084034665,0.490685849037064,-0.262410643443711,0.404662851036213,0.0862615545857573,0.457921219639762,-0.142037210508341,0.270920650918361,-0.307294097284491,0.583379632754995,0.57474064997584,-0.451257933765034,-0.385662719221755,-0.554617856479317,0.693581117310248,0.438692355458098,-0.601137496485308,0.566998165652223,0.109135291578856,0.620293035791604,-0.165540384365465,0.532665704394417,0.0161639003166205,-0.164512652464462,-0.595029810522868,0.330371098337577,-0.51190687609416
gene13,0.521870662080311,0.778465742183533,1.28555302525544,-0.109882506384328,0.301729757609333,0.253334059253373,-0.545326162433008,-0.0107234205784064,-0.95575385544103,0.739757380940267,-0.784219094961531,-0.158734116086502,-0.662917310905886,0.170055423645171,-0.877676112601091,0.197341037537981,-0.455168929792248,1.10695028048822,-0.227789026667709,-0.822078009760205,0.14622754426223,-0.890423251533939,1.01400364052541,-0.589693957850229,-0.639621914359784,0.417862583776523,-0.470180868317595,0.274924143607638,-0.664488401742693,-0.596799369235786,-0.55325086145653,0.509819085556417,-0.340513849652397,0.780655854320997,-0.387264408014589,0.771285078831214
gene14,-0.770746519849193,-0.779656778557955,-0.407219735367423,-1.04073531049275,0.468603367718147,-0.609494922798226,0.591932953298845,-0.0716174133452406,0.695404529506751,-0.619165722527885,0.401684501897272,-0.17379797132079,0.20324668884343,0.282299237254953,0.661386942677236,-0.453979357260478,0.516350013742581,-0.545704528307979,0.971863163136705,0.750635137695131,-0.951793055928871,0.268215355115389,-0.629975645499463,1.05997699880936,0.695293836775043,-0.588052809507836,0.881571782364329,0.531356685192362,0.615808103597471,-0.287388101965008,0.18326281188856,0.476530088397559,-0.261997079498235,-0.561858337290985,0.121869399028931,-1.19234808046223
gene15,0.334676548866077,-0.102021202951932,0.064660739375387,0.261731865130926,-0.795954841777245,-0.276520489854519,-0.864926776063839,0.472841261204246,-0.215295690200333,0.211267218897475,0.425257444883091,0.435269034788675,0.5059657347173,-0.573281318712519,0.401630828796864,0.613017569343742,0.322454446308598,-0.429374381410181,0.694610391474709,-0.956554474687566,0.764502166958603,0.540675050672329,0.59904504374379,-0.471884847767039,0.288544114254723,-0.385908494919165,0.0193502102720497,-0.672500673920795,-0.474683620805863,0.943509028589999,-1.19742205953978,-1.02448892872931,0.546325749864148,-0.313119144297072,-0.395795510774935,0.205968116762557
gene16,-0.803050294049225,-0.535684342409398,-0.639520961369756,-0.818983830042523,0.423036669844806,-0.368880458948944,0.605739624418562,-0.26821885279823,0.454078082787601,-0.834048857163881,0.74716795870798,-0.476392433698084,0.6202619044631,0.302671112295584,0.517662262293136,-0.693599599614436,0.390365774628187,-0.398802767017867,0.55165281829222,0.889197041580025,-1.1544349484474,-0.428733662936682,-0.752305778710444,0.715339939252164,0.377548000826193,-0.402024590048087,1.26887038718333,-0.10857061925762,0.607065445318507,-0.266540540582246,0.583956310099021,0.168022350386795,-0.0775462586131841,-0.365253313016473,0.347733086998333,-0.979854795167468
gene17,-0.572419529977125,0.283065882504823,0.353196193225632,-0.666522997975182,0.791852023133582,0.454136621785626,0.854318883048276,-0.755481457637973,0.428120246353039,-0.878067716088068,-0.0387628411983691,-0.935036983286748,0.152631596821334,1.29921030259139,-0.296419538048583,-0.653865393971693,-0.73012808392202,0.116889092390231,-0.362156774976783,0.638335638391606,-0.537624949586461,-0.693372270038411,-0.582420438516317,0.772070350368495,-0.189417038323921,0.314584934300875,0.389258141617589,0.668189338997265,0.755712093579721,-0.973115969842406,1.02413330988719,0.63814527941092,-0.8436590606483,0.191187929176312,0.721911455105984,-0.592351133373911
gene18,0.115324140166937,0.30343315732864,0.337152314727165,-0.109558062711189,0.733968501670637,0.455028790679504,0.284493258833898,-0.423310580569674,0.247357962804706,-0.0799388663152348,-0.230577760666691,-0.523805358738692,-0.253545116042726,0.842588773171641,-0.429277857702096,-0.467485398157197,-0.43624111057962,0.587878937516926,-0.276767126725095,-0.0676100294349521,-0.0552154159477105,-0.182546350232901,-0.0529559036996302,0.0245460960335775,-0.538933718902282,0.35659036616796,0.132835514452266,0.582464912464292,0.16155598436039,-0.522788877859195,0.577861183245659,0.50904343018241,-0.415062099174617,0.455859716501843,0.645739073302357,-0.0262616836776498
gene19,0.411968109951938,-0.0171810002585662,-0.132020213512855,0.0556846052191313,-0.595292916156934,-0.0375934279157595,-0.350304185608212,0.992830993519147,-0.408124621288918,0.586736429908735,0.241911756822197,0.556474457207347,0.353724308610987,-0.670114919295093,0.176829754313481,0.625284285082562,0.0623086338265157,-0.169340048989032,0.338916893520126,-0.451304187981675,0.340275859890892,0.395281113172752,0.483966404388217,-0.371380967710043,0.200424485545714,-0.324014473465461,-0.40159718469965,-0.525973062282864,-0.302968184409323,0.56382756626341,-0.801491537147154,-0.480538803430104,0.721491286543168,-0.0964795057046814,-0.498807001987369,0.754493822311579
gene20,-0.584362541006368,-1.32998334352482,-0.651097650811753,-0.460297650601059,0.500832800779385,-0.629524423246698,0.637200219551983,-0.149994996155688,0.667628917826643,-0.162926895435547,1.14572579415191,0.115453303065715,0.803329405305759,0.574710176822859,0.772435308009835,0.159036371886461,0.836716829191556,-1.34098479459438,0.770411339116219,0.278488611010019,-0.924725445051679,0.332322323126383,-0.358098227901868,0.828816661320543,1.07771538655304,-0.522792421205679,0.89674299976549,0.0598117534143244,0.754753034946135,-0.193454884413535,0.578745458594327,0.0575161611389936,0.306433744620133,-0.900392139811228,-0.869395027896374,-0.697954435317794
gene21,-0.62031492644447,-0.600581559034294,-0.581162061320494,-0.280833237558692,0.101108017416609,-0.653981713779738,0.293764249312246,0.142036725215802,0.610055659893049,-0.675947806455259,0.397953305977409,0.0120784399785552,0.580599898102233,0.242123400414604,0.452569803409432,0.0413409857321733,0.701014018366381,-0.833781232701472,0.470125879593837,0.489971882096685,-0.798212133253006,0.022975299785322,-0.70472917791702,0.936804488745187,0.631156612613624,-0.379601680417332,0.321847213658145,0.0298848997517031,0.499928836189542,-0.152586169723841,0.277429304709888,-0.234471183787642,0.0819909882667492,-0.530844949149752,-0.0961706081508419,-0.526169450630198
gene22,0.139432897152424,1.01601451191285,0.990825805465026,0.568760321683731,0.0220657920845173,0.466350254397647,-0.320588059575382,-0.786123913419756,-0.600469054266606,0.331003633548967,-0.494029342590161,-0.28963869692463,-1.14730060927628,0.25100684632531,-0.408033934595151,-0.208581601749304,-0.687978261123121,0.698570557738575,-0.622773634912902,-0.13729093418658,-0.192061547270439,-0.474403088343875,0.397371100137212,-0.462907930417484,-0.763953471499194,0.760276154678885,-0.7546500408716,0.087880667510668,-0.518051998835631,-0.382246697361406,0.326302732682634,-0.0202754158176415,0.17974859367452,0.16997892621033,0.687281299960707,0.240759980547211
gene23,-1.0009238525104,-1.30560455950051,-0.844739410811924,-1.20366437253459,0.18323020748992,-1.88248929499994,0.958126489083789,0.349349357419455,1.22861849854912,-1.24316679571833,0.408635874339646,-0.943941714073454,0.976860162940099,0.422089094416133,1.2166373160454,-1.01985099434947,1.71991582970851,-0.226201039647676,1.12392599066083,1.12251276986932,-0.518615826619318,0.513551289757612,-0.564921612193501,0.723354639810919,0.967031079384173,-1.45088804828257,0.926573879609627,0.133369828374243,0.662960562203525,-0.921478777667249,0.359543837729502,0.231119223046502,-0.819458767683025,-1.02526787336846,0.620053973101137,-0.659579704777588
gene24,-0.62771715675542,0.168603293238461,0.541191657359178,-0.0438632860096218,0.538780634376,0.173988553086661,0.224955827257316,-0.596066447436164,-0.0485416177969067,-0.554784823256835,-0.522713804249946,-0.164276546361921,-0.419569481290145,0.643047870231795,-0.0912622877503615,-1.03561228740575,-0.404452517474948,0.381832417141794,-0.533064286361424,0.293468388370539,-0.567937736356352,-0.423697302830986,-0.229992721825477,0.482677784516614,-0.602923113083023,0.241127158057885,0.452699763323117,0.850276820060697,0.283096881968266,-0.954760318711974,0.650931572689305,0.553077782374072,-0.780137837628229,0.325631843124712,0.627702343570029,-0.120876426094166
gene25,0.665600797761182,-0.0674444818314461,0.0198428052715577,0.554300225772341,-0.488719195956791,0.0068852322140246,-0.471469862794094,0.384585343966358,-0.576252319617964,0.512028005873194,-0.0600196139346721,0.498695452047609,0.182060269630259,-0.380574868419923,0.168751751465659,0.729406027740638,0.232877286843187,-0.114866923151328,-0.0846983053042906,-0.422850659370448,0.571536869435831,0.697441841260764,0.768407259179659,-0.489319351809973,-0.0513147780855638,0.128552655008987,-0.495403524685395,-0.310806191453013,-0.519736547040446,0.380660381584853,-0.642147602332863,-0.704105382129795,0.656287843118445,-0.139408381302577,-0.539071068747521,0.520806233393863
gene26,0.191083736168593,-0.488902645044833,-0.471628958646248,0.571175967808553,-0.633874804642677,-0.250272346439537,-0.326790402527279,0.759286407375731,-0.41984523420419,0.566652623744179,0.349229649419212,0.778663795997089,0.0511998557476029,-0.756222459184496,0.10891155522849,0.754283194215879,0.196242898441756,-0.17071799082658,0.155694675716944,-0.620105690816618,0.344949626518353,0.839174279602081,0.225630694787071,-0.409697107119353,0.3481285627916,-0.0527350425067699,-0.338489662890106,-0.74393777057472,-0.133509375884945,0.847667096375467,-0.741834424876088,-0.887573080244769,0.762190527135119,-0.310537796174854,-0.677765772936933,0.310758979384088
gene27,-0.371566286782189,0.187257617314257,0.455739804629133,-0.221968596234084,0.839373111345918,1.03815663360725,0.0555876326681776,-0.936925324075669,0.301086840929984,-0.764462505958385,-0.163623430419868,-0.410130415077944,-1.24725696091271,1.02285249115828,-0.395400634251735,-0.667288113900916,-0.563795912830562,0.1554262287112,-0.790473199168645,0.251096057913327,-0.134953468803006,-0.845466887113687,-0.121756068440926,0.0190307293760414,-0.857047533226647,0.529926137198975,0.0548364822942568,1.1849230271076,0.288851210267315,-1.04122931599004,0.865852114327749,1.11028862881425,-0.624387645590955,0.602945195946009,0.493112197367124,0.0311641594118532
gene28,-0.552503455140712,0.4090907187602,0.0739736929866569,-1.03141671199748,1.24208437915183,0.0990181042662299,0.672618570595958,-1.41214322407558,0.523196294492366,-0.820047507486511,-0.0162201544318991,-1.32024409335697,-0.174632264244169,0.884984818576854,-0.0733985751696111,-0.638152987532741,-0.139854670876132,0.860521721067343,-0.72144828462438,0.999499854465424,-0.85256201453553,-0.543120003503816,-0.384282975075226,0.394977584274623,-0.417225158782686,0.18566538668618,0.918185369121829,1.37634756497357,0.747593541294126,-1.80719106649472,1.18803968812236,1.43152839820318,-0.943155812494942,0.749542335433418,1.39263753975213,-0.292383932906907
gene29,-0.215764270457927,0.587906206066559,0.285744475220034,-0.187486573005945,0.506489364494554,0.662757633680506,0.0676331396399395,-0.280819002278294,-0.0521751179831185,-0.0678838787967016,-0.502715986261434,-0.621820042740439,-0.565144500044141,0.476121523922911,-0.37780772227272,-0.609503942441085,-0.641381298168089,0.730590679798214,-0.654436421902048,0.335130065334873,-0.339938226852054,-0.668410913772774,-0.285751424473684,0.0841750849240102,-0.203702043227112,0.887426613813243,0.267775225253483,0.504221440978535,0.464670691273753,-0.643850021967862,0.734886580111971,0.366464662721815,-1.01794512917594,0.474405617410941,0.830164111956233,0.0307029519751973
gene30,0.599286796329096,0.461788982274204,0.0762255878569681,0.67150161680981,-0.476930503800497,0.0259163172223503,-0.761616530403825,0.782193488540866,-0.448534528534342,0.57543101147291,-0.409850284197226,0.431065654026934,-0.511630900274489,-0.21520898493132,-0.489193549732816,0.330779950076231,-0.150826492677392,0.0086727911410102,-0.357696951207306,-0.914534556464102,0.590181986907336,0.381979323299631,0.765087529187536,-0.860770557323891,-0.323697658405731,0.534740197334367,-0.471175995382854,-0.409975492578733,-0.58592481524303,0.29234426645354,-0.448587088058602,-0.452883602484059,0.337531557991773,0.418574749990235,-0.321254677528871,1.04555059119015
gene31,-0.487857835987525,0.170007292337985,0.0839262906381827,-0.853906147139148,0.355855106537148,-0.119554079935111,0.432943401048845,-0.61054863559388,0.671181754829401,-0.663507799747052,-0.14886007403795,-0.411156591281548,0.0692436732253442,0.713849709819025,0.0206753979836452,-0.501558884109495,-0.0113046388883517,-0.274719543569966,0.105193623373761,0.618553720048291,-1.02834601238876,-0.422211070068244,-0.635237032824918,0.669741527416621,-0.0117475331120252,0.112502994355649,0.65926138561693,0.739614990432466,0.581456565995684,-0.783131327128908,0.794478722940209,0.67306629870869,-0.466921783161565,-0.193963219076198,0.964941709145779,-0.272744249270669
gene32,-0.708276372946176,-0.831314759900004,-0.586919814525221,-1.02613341898505,0.720694097831361,-0.176980597186477,0.665612626152233,0.292714666168822,1.29656269518131,-1.00988535522811,0.334939267386363,-0.387487394664224,0.395603438448885,-0.056093851019432,-0.0728844519002557,0.0430621448088354,0.24812985338814,-1.28460223450645,0.653348802197039,1.00206270984842,-0.710026992847834,-1.31436674827204,-0.837548143411744,1.17265945013339,1.03138700397262,-0.887238240711226,0.949963050800273,0.386452678351005,1.05814552657415,-0.995552257054401,0.467201054641214,0.856149904336564,-0.710619467909104,-1.14997762812635,0.30271823679766,-1.09828615483253
gene33,0.60479414847744,0.362682781935262,0.302146134522647,0.583796653175422,-0.16624932106221,0.504327795847106,-0.545908529077602,0.0802801314276504,-0.532306575754784,0.601337693324403,-0.416381982938576,0.0517490901916815,-0.516109626201883,-0.133328223494706,-0.506379977581862,0.148544587112841,-0.459589545352932,0.361562218143565,-0.403959891703957,-0.724359604802071,0.758690096907621,0.250343144605279,0.244056140087128,-0.72445294189079,-0.318007848210206,0.618579966843045,-0.307086641369492,0.0770135406434115,-0.272979849340826,-0.0153762029797406,0.0316721858495053,-0.27666200880433,-0.0504769230239389,0.267342579097117,-0.335042418974805,0.407460181349465
gene34,-0.171096359825966,-0.856571071271729,-0.184032809580801,0.182568868787753,-1.02024117874381,-0.618444555443207,-0.522322353387587,0.797859603672537,-0.254206521188751,0.229909175257199,1.17211683560554,1.07407298286809,0.945289550646394,-0.97153478372622,0.366714721663217,1.3348898223231,1.13799258389224,-0.315590325573962,0.0508813492654509,0.0051736256013458,0.129594981990438,0.450436983645137,0.728543412886435,-0.215387305726774,-0.134239946572903,-0.224162111392661,-0.446656477169815,-1.20902302308563,-0.303499258631592,-0.21660930086747,-1.08060777336744,-1.51900179335875,0.914292872640676,-0.382280586180643,-0.524077568831255,0.735089812941231
gene35,-0.032252925910261,0.291850156882215,0.224609295200557,-0.428925393453974,0.824833816874436,0.377365521277757,0.449723817168109,-0.820725664475892,0.344354224342506,-0.497180950796375,-0.380735293855149,-0.773439802380329,-0.247706138079793,0.623904646152523,-0.389249425910921,-0.656721735820175,-0.154219761871045,0.495708169085761,-0.0052803377922955,0.245420837439544,-0.379007569497146,-0.697129172536553,-0.416184183806266,0.549669245126402,-0.312941841321012,0.117107539973873,0.267627028173021,0.610673271408059,0.360141311981044,-0.588702450716584,0.669675156542339,0.396811454592577,-0.620997401436705,0.582755526006961,0.675905754760443,-0.491135379966407
gene36,0.152240928747723,0.36090760628385,0.509293724706983,0.380920546433408,0.401199882974556,0.703307360381672,0.107165461841199,-0.795466464267101,0.191826827614131,-0.170235908105185,-0.507706598944554,0.0209055726358122,-0.522582694557552,0.446380803525084,-0.200054690315753,-0.71952203264775,-0.761490402864706,0.397573759216011,-0.506048866331583,-0.0195659409706545,0.100016063258719,-0.246216136442981,0.234611139929379,0.0302954384163263,-0.697014521239935,0.402497578336397,0.364600562083574,0.727229816742772,-0.149896333265286,-0.67632585072421,-0.0314547499283563,0.180287418839422,-0.504142636068802,0.457999186154071,0.347666989706552,-0.196005930592411
gene37,-0.47682068670122,0.350703757295121,0.272319785216889,-0.12842158082854,0.666552806454437,0.403451649066602,0.593695903429539,-0.780377686568619,0.559537298685594,-0.885609618664048,0.143241374202859,-0.504750467575147,0.0189376931580919,0.440143364710133,-0.213387210899004,-0.38934235358561,-0.0453260740572575,0.0875547816535079,-0.313376361641404,0.579186478612921,-0.509161426190974,-0.435402802668802,-0.616242625735688,0.483761967023751,-0.28911610652237,0.265672745176117,0.416152925528372,0.52875505708643,0.254815923552222,-0.220424651701369,0.544882773659162,0.393789148369834,-0.565194617635199,0.135706226600984,0.474108132219777,-0.590691176799342
gene38,-0.499646548455856,0.562529567515587,0.369279051964859,-0.705045222367486,0.988566519577803,0.47162330009834,0.602312468977213,-0.983454359991496,0.38981092281019,-0.193916749465463,-0.312796808548282,-0.937775978103225,-0.526237064935301,0.965065608373339,-0.444890280897648,-0.992434121801306,-0.458447174314224,0.557026300255909,-0.4343242342033,0.582191157390525,-0.228612520698142,-0.898875867540378,-0.384898511589146,0.586182798407223,-0.800067283365715,0.194830982500185,0.205792360821766,1.06866824538574,0.550144513551041,-1.21473944500665,0.832925413920173,0.699395425453782,-1.03187135715736,0.773382017583803,0.690564372349201,-0.341993484656352
gene39,0.394457062770287,-0.515376711685838,-0.245802732777979,0.160869355789557,-0.0207161021826311,-0.0236699166756328,-0.534809424276818,0.676889666331019,0.0791223282648789,0.350615488788269,-0.114582657741533,0.449542307187129,0.116721742423616,-0.620102975105786,0.389516803299157,0.47760293867573,0.4711701037206,-0.166190292065902,0.289626213246196,-0.137586767099432,-0.0687090844203039,0.530760267034603,0.258880962860661,-0.523341537169504,0.081685206404367,-0.434913593199172,-0.0156324189042634,-0.663348260434248,-0.570613165890392,0.429642303829962,-0.567862410647948,-0.525533673688876,0.758220619927567,-0.482902952263122,-0.686547916870382,0.384058783161784
gene40,-0.806491381936472,-0.645432271296119,-0.667616551005588,-0.534225787911314,-0.0723295538604679,-0.180157202179848,0.890738174782866,0.563586992968051,1.28275849746232,-0.352774268080005,1.03600382712304,-0.3525840968297,0.0825175928329172,-0.653837326123263,1.16210223979216,0.306047191544556,1.08294401773278,-1.44811726815599,0.76530395549486,0.6015348013331,-0.744005201486095,0.545932868785997,-0.638516516436473,0.709723630248759,0.860655187263265,-0.825679012501536,0.657529961259496,0.208271050223579,1.32329290249783,0.103814556147756,-0.709043933260759,-0.273798418750021,0.324900005653531,-1.5046755771879,-0.0960045118647201,-0.696458587665239
gene41,-0.753649376461867,-0.0077261020971439,-0.16039069001766,-0.826430011047262,0.516412276979969,-0.387656339836356,0.593259217081627,-0.496990776049975,1.04042521467515,-0.994260261241457,-0.0299845576920573,-0.996201176294903,-0.0656038526675501,0.591320893146408,0.197215659127054,-0.338304086955523,-0.169414429276647,0.033699982935272,-0.398602668943213,0.760208201482964,-0.83553208525101,-0.822884554688173,-1.16340273592102,0.644412096942803,-0.252018813150091,0.303388702383864,0.946058405994057,0.764175131675464,0.825015835969614,-0.641953720314156,0.495557277141972,0.395365494006543,-1.0732875758804,0.582660068509487,0.705692890186738,-0.524247186996591
gene42,0.192718794946905,-0.707689532705338,-0.82822084873877,-0.0486339348181486,-0.290694095159722,-0.134086594155668,-0.114289739701526,0.439336347387405,-0.0693411748797743,0.149364660477006,0.480638768805344,0.470112856761332,0.210059010654287,-0.562929995263778,0.522393921742603,0.590721992330771,0.746495750983861,-0.570106296982745,0.364214592546862,-0.109212711988362,-0.127992374686345,0.341825871230307,-0.0502632695299528,0.175288379905785,0.0848607526652312,-0.32665972970082,-0.16669619450741,-0.474430479393469,-0.319223559814612,0.511840799262095,-0.397983749648844,-0.919356944161547,0.555476342288084,-0.394012141201123,-0.583902728287574,0.0287694827470925
gene43,-0.748827134963955,0.8231784015703,-0.0443248983153418,-0.749613872270151,0.355813941052874,0.118571235691279,0.751325179620818,-0.892374930011462,0.742546439557724,-0.41744249834982,-0.0206713401945633,-0.775797221507544,-0.236448839698429,0.528541450421519,0.252522957124793,-0.612239304313669,-0.0656665242899076,0.193472800289223,-0.168851883840364,0.414969006352528,-0.942476694279712,-0.447956801011257,-0.444987702247638,1.2928271248449,-0.0312353048988197,-0.326306960622037,0.704079449573897,0.607711452080452,0.476595069565515,-0.363566981276952,0.836366895363057,0.550005189281524,-0.637236725106425,0.0212026185639913,0.275100797803803,-1.37191344378403
gene44,0.553139388614454,-0.332255773643868,-0.611244604974273,0.525500803020204,-0.859332817868539,-0.338185931858168,-0.612701067895081,0.887262112476997,-0.990800330251498,0.394744875692296,0.398604035751592,0.695006683672211,0.467754444357388,-1.04248754443788,0.31618195576998,0.662388700977028,0.111997037027294,-0.0946893919923616,0.439905925356223,-0.308615268922833,0.577289512145189,1.1912175246983,0.748896858102908,-0.416299911874321,0.623634499558266,-0.3525455302475,-0.595830860452233,-0.993652046540876,-0.939697388707641,0.566474905414285,-1.0321133225602,-0.757188079694454,1.13773361075475,-0.437135664959662,-1.13498699660701,0.357528180522776
gene45,-0.905084764037668,-0.475306199407955,-0.560393016423897,-1.36135982518335,0.288457738928453,-0.400880653352881,0.574140617192505,-0.456724867004612,0.904699311375562,-1.57639968863948,0.188642009687596,-0.392415845357832,0.383598624245423,0.553820657868637,0.659081835746423,-0.214785826842935,0.337756845887206,-0.459185305781882,0.452623262644374,0.83708851580289,-0.923251368454755,-0.767316388789009,-0.904844570526808,0.727374696825187,0.314268591133272,-0.299692274809347,0.609096286654853,0.268467270996222,0.351772767461883,-0.190148485257194,0.337529226032351,0.325255447414201,-0.586732591956952,-0.588582333716181,0.606358914946038,-0.36781485490091
gene46,-0.544773008733839,0.413023487519125,0.0756152506322086,-0.352156617698063,1.02164461526633,0.073405950810889,0.0745240158505229,-1.18155907135764,0.694974592355526,-0.558716667825001,0.385033191809082,-0.561364376582198,-0.403558754669524,1.27538083776079,-0.1010608985061,-0.568585961659063,-0.343598096686711,0.0242393096388186,-0.428098827157353,-0.0763751122403252,-0.174946591848668,-0.898720157525782,-0.743094400183994,0.560073799586634,-0.193087580492546,-0.232239856534482,0.0897412672013789,0.0549890006167894,0.551655134306697,-0.514050591749157,0.912849369307909,0.866786611559208,-0.810559549958708,-0.263321428529345,0.682744482435519,-0.200624354495568
gene47,-0.478178837126409,-0.434038050681864,-0.576823581688106,-0.395649189210124,-0.0734534662978131,-0.38261155632774,0.350208936992889,-0.219723848489202,0.612391290108924,-0.49906677539479,0.32063667045531,-0.0250304831367812,0.450622454103653,0.062123770408875,0.684461049799483,-0.10544028807336,0.337914251955082,-0.476112893800094,0.3799494282738,0.322352699102695,-0.48448144265941,0.134319340494678,-0.328183144082246,0.579168945995754,0.416139326223078,-0.450074630543432,0.510467635950184,0.180991982026587,0.537816186856873,-0.107470365409505,0.146280090713736,0.140260124040271,-0.11298988575138,-0.155795198370281,-0.166716472678949,-0.427433134426065
gene48,-0.313749800643441,-0.034002931183372,0.241985049141724,-0.0577308101650502,0.172939792181323,0.387755539034028,0.391684125853248,-0.566386595281507,-0.127288459434442,-0.247019989790501,-0.404852613787422,-0.754240201388705,-0.285419057446148,0.649421601818842,-0.445709065584737,-0.883077114623177,-0.458265608960611,0.53040780279534,-0.487730176464608,-0.133374266874153,-0.316407833766415,-0.374853459619575,-0.28293702183754,0.520176821960541,-0.468906804727356,0.538622817037164,0.130714215621496,0.631978760405909,0.319654480833233,-0.348807220886789,0.724700469656018,0.504753609468552,-0.322713694474747,0.505165705051344,0.763001160807505,-0.119754205470004
gene49,0.363360985564973,0.73231771730528,0.701501009587779,0.310979650982412,0.216787378634803,0.97595151613707,-0.270031088509083,-0.14592415979353,-0.0095359160250777,0.655789995969718,-0.604885721684591,-0.271675535780275,-0.603519148851605,0.18548019306263,-0.322182979699634,-0.24855349898774,-0.469826762358145,0.6328457263517,-0.431778878958378,-0.325966121610946,0.556229445576765,-0.123994362889155,0.007062048237783,-0.071180474508897,-0.720564419674269,0.633747141427447,-0.390783915838494,0.427387057045312,-0.48117349013836,-0.33283094572835,0.151576935463465,-0.127741245579404,-0.165576538172519,0.549539211177379,0.17807845936145,0.152333617234874
gene50,-1.00339705553411,-0.602803079282615,-0.987991675614732,-0.344777533988863,-0.116453202171242,-0.451756562607555,0.763519708405353,-0.0874059659490815,0.604071045619196,-0.697652589830242,0.319113057934026,0.0631479933393408,0.651106184188441,0.155226738785017,0.687271254038982,-0.242290121223826,0.728955972772408,-0.893723046270808,0.602815674409423,0.385330285272641,-0.318550384190543,0.0759057111676206,-0.948841313628598,0.514097886982011,0.952686881887891,-0.574662668871899,0.887319690649295,-0.272692200319161,0.37349075516502,-0.119478818109856,0.104524636436952,0.108856943755697,0.314609773441075,-0.660181950027326,0.220310172733279,-0.366625789189
gene51,-0.595516056474053,-1.02730064253648,-0.576868265161392,-0.527268267272855,-0.279817820619863,-0.658266206273385,0.775351718744003,0.193189461259223,0.35347745917694,-0.238869879466685,0.624652837269474,0.0831673668164068,0.820971636173864,0.17299424240023,0.581053315250995,-0.0098514313404346,0.740212335409391,-0.211414849006922,0.672341020249998,0.234893480648504,-0.426236346428262,-0.149734635636185,-0.284953125296673,0.480173321976976,0.734786665935921,-0.765660618869192,0.15878721577357,-0.2834190630193,0.715473364214817,0.329457780968281,-0.468415093983563,-0.0928293188918588,0.515152550397147,-0.775760756034757,-0.319666665570979,-0.49429103205808
gene52,-0.543913654115901,-0.91588248271504,-0.771435959762578,-0.449308676177908,-0.217934466375791,-1.28313609950954,0.303582496113824,0.547653834457327,0.188110096446135,-0.514032098199127,0.686364562866309,0.579035338671758,0.652227783166388,-0.0676278167138351,0.916078847066598,0.230312548615403,0.657970891941157,-0.902524850392553,0.91442344823405,0.390128836116232,-0.267670436038507,0.440402477281141,-0.731286761211328,0.74247240305607,0.710372895313209,-0.644679970268766,0.124297233486716,-0.194412853858935,0.397251197139177,-0.0316829615896998,-0.126545958943094,-0.459023459132606,0.057284494353094,-0.714509866928215,0.0510040981152171,-0.396965566868765
gene53,0.126100140664878,-0.646023606675923,-0.979846541978534,-0.0695032763827321,-0.887537921730436,-0.789770207250607,0.0141582546312038,0.749817652111991,-0.0548767792308719,0.0135594699175695,1.00487836308725,1.0218836170365,0.455444460239019,-0.70419921887217,0.984276597118819,0.903120441406411,0.574705368556249,-0.652266211345113,0.417700070281315,-0.155476210650678,0.365873227780313,0.74011025511616,-0.181081198681189,-0.200281165040022,0.576581308897538,-0.743959898787244,-0.0885347153370775,-0.840092239765227,-0.0982094682053834,1.24344937452133,-1.28635852464031,-0.577668770259544,0.616378709881031,-0.684585816444229,-0.910722484666281,-0.108835626700969
gene54,-0.759315469801184,-0.934352173565132,-1.0124348576362,-0.858098404442034,-0.508409309091235,-1.10166965063787,0.350547171096936,-0.272144545565598,0.961889403920556,-0.604810472116909,0.731121148848279,0.0617590076368088,0.741235818440513,-0.313675938041317,0.602655156670889,-0.117396680183244,0.677257875377225,-1.04663954214528,1.26524824775692,0.692608676989432,-0.685264066889029,0.262514853199036,-0.0964646140314772,0.238795750194067,0.428497709115455,-0.749819218451527,0.617615583678495,-0.107965003454918,0.876427302822346,0.618752720284846,-1.11587993765311,-0.479502563991977,0.461663244537881,-1.27334438687118,-0.272366344814372,-0.985724641024428
gene55,0.467542280445306,-0.0418871358831183,-0.276623686447278,0.862037763693189,-0.823749895038243,-0.307103124564304,-0.797834767492613,0.795308635082198,-0.710026828654286,0.959941244960663,0.376761399712528,0.773289016720169,-0.134101361965125,-0.496964735034414,-0.0812425704605426,0.61089370886861,-0.0237333148232355,-0.120186320851778,0.449239835073438,-0.862297210934381,0.595494727248187,0.883747983938001,0.521545665276279,-0.446626763207266,0.194124965458375,-0.0092085726044026,-0.706446235032523,-0.835728891885496,-0.734649220005609,0.950480696310654,-0.984792008518017,-0.969365393177702,0.695809620051791,0.0469026288834378,-1.07137629153514,0.650844899569126
gene56,-0.373519655905422,-0.404413409471286,-1.95964896199112,-0.390217609145367,-0.761249088274438,-0.6200542453432,0.516388896467976,0.882208261643736,0.155382284964006,-0.579300800932112,0.749711951458216,0.845380568968049,0.968728454273318,-0.291901734792761,0.408121150333078,1.20973248460528,0.303546886589242,-0.745157612161062,1.18318373812108,0.210099959885113,0.0436390730299729,0.356814409401643,-1.00830463761678,0.230311508610176,1.21600671359569,-0.528552820530148,0.130340546886475,-0.329877599654911,0.668822106990747,1.79186230513788,-0.302666646465699,-0.472772914955768,0.365940173030406,-0.283630912248027,-0.405383204428916,-0.149569333648877
gene57,-0.605674859284134,0.330478433613388,0.413034225963287,-0.35386719289613,0.83621851900003,0.370131708446329,0.29015050243674,-0.579148073443896,0.153567988913874,-0.149723518590662,-0.114070526699148,-0.263841879864488,-0.269858389479663,1.07943988992092,-0.18963556232109,-0.749441751133366,0.0020507896407744,-0.0759405006178821,-0.0207278420551273,0.152504918148444,-0.398943329289124,-0.535074715603101,-0.233417149307708,0.351534243814406,0.0710121061774809,0.253489870977891,0.335592343560149,0.373349622865448,0.0587085208506148,-0.18132140948377,0.690830143981253,0.719375778128062,-0.558032119398585,0.373627589173065,0.675075808085339,-0.419276975693611
gene58,-0.202627405664783,0.65190302574319,0.311911574350686,-0.3542172716777,0.516781560801585,0.782935136006261,0.440277646363116,-0.552218434008208,0.197279484302511,-0.361577924083136,-0.421265715954654,-0.679522773738599,-0.740638891882547,1.00992940118326,-0.591844638759111,-1.18725073316112,-0.193808307171258,0.304003035358328,-0.193337746602851,0.414781582523403,-0.390389691715391,-0.423702565587778,-0.13568453736821,0.281273547487791,-0.515835186358326,0.75607106003596,0.0487398354532225,1.06673529432561,0.414350409990423,-0.88137283716806,0.652821110995368,0.870776941445232,-0.805254360569822,0.552372395667863,0.616988943510292,-0.154706646265065
gene59,0.786578067173714,-0.0381784714199385,0.209959279252104,0.958621007896874,-0.636465635787327,0.307372151260515,-0.592269801825012,0.502196648715818,-0.68586684151403,0.56115821896677,-0.0750457142544597,0.570357572544361,-0.115787853862117,-0.424632994003854,-0.132314989698956,1.03799075931451,0.359032823358191,-0.437954564856791,-0.0516892576664379,-0.875703319488969,0.528875592913165,0.734565376374398,0.221553082604906,-0.457342728545219,0.328080111655044,-0.0782654345084916,-0.936643561813609,-0.569986640054047,-0.680510372923016,0.454209887573133,-0.850882942993217,-0.584265167148062,0.836001177590763,0.316798814298732,-0.63319979581291,0.779395188570004
gene60,0.182770372255419,-0.3350402523245,-0.201747308810423,0.270611195550974,-0.215946758744111,-0.567783500381561,0.236385218591577,0.816045471823128,0.333018380871829,-0.235957402151593,0.514598687704451,0.488679497354398,0.667234196999398,-0.541260758278338,0.714249688018433,0.491234823436165,0.406267966070144,-0.257991577114516,0.414482957861787,-0.0510124194673141,0.101747852483871,0.53748516172308,-0.072153488922098,-0.116879576994757,0.494123912570127,-0.311175981649772,-0.220029910528162,-0.557649069687858,0.0793339676279381,0.304618802868378,-0.290974259152948,-0.492784986809034,0.519894247732937,-0.409600219527377,-0.40268371393923,0.210304897722203
gene61,0.825469411445936,0.850902734394806,0.254206892714308,0.72454718248594,-0.450429988454523,0.280287129320441,-0.938183634979133,0.443890429152219,-0.612727634698342,0.580720841137863,-0.425073697299066,-0.26875143667991,0.0622599011683018,-0.559823070394063,-0.211084057396333,0.002303522518231,-0.0538411092492932,0.280660030407806,-0.446219704219871,-0.630426745858052,0.828242091643632,0.631479791736144,0.369021956120291,-0.709973077941304,-0.275977448733598,0.345014301456366,-0.885474200286257,-0.424946298687869,-1.29219489546537,0.529234234047807,-0.529042246056414,-0.559645503575195,0.261403340355308,0.911153978585318,-0.651993048692442,1.33311925865356
gene62,-0.991105933304197,0.0232156513630716,-0.18129759706632,-0.025171408957159,0.89246783912301,0.109268836157792,0.739697210454998,-0.867167122233644,0.94714077214148,-0.53925369707801,-0.0957926274894701,-0.368138887299603,0.316132930423856,1.26197052839374,-0.152157720051793,-1.2552304184916,-0.0015756035942131,-0.183707028213956,-0.0199185762436803,0.836857385936317,-0.499402915274429,-1.07631843963276,-0.967558813885517,0.644059797928326,0.107786719326973,0.0073191014473802,1.21113345769801,0.543338362875182,0.48573511350476,-0.946091536448803,1.02843055519049,0.736031354072796,-1.03261724989905,-0.0134161835593284,0.671681516780526,-0.862218946011661
gene63,-0.268164939975153,-0.769718652247452,-0.783065812567824,-0.919818540236311,-0.458616959036444,-0.766394009136141,0.734219810825185,0.489883482791734,0.471312213637535,-0.101686413631404,1.4285955634117,0.521715830805453,1.36051505654209,-0.381179251032344,0.760773882840981,0.123101642494191,0.538105055152708,-0.858594435212157,0.800808032927985,0.630440690735993,-0.357715964002812,0.743890038056652,-0.623979256854315,0.060684641810228,0.706191710618502,-1.14868642900183,0.654285760220613,-0.757486206103115,0.508907399513273,0.237170192217357,-0.625865944736333,-0.537716489703419,0.707328156406526,-1.18556347959072,-0.669572403235516,-0.635505040249173
gene64,1.35578167900996,0.585401319444139,1.1577599529281,0.177464392060453,0.332604954331029,0.446074382688242,-0.859437514399175,-0.426588614448726,-0.21454110641362,0.659555695673486,-0.632907830066157,0.0859173321096283,-0.168559132834638,-0.614331221449181,-0.897458728593949,0.164010631139718,-1.32340353784668,1.06123643243028,-1.14915887414145,-1.20794306060296,0.750839261080867,0.243879248692263,0.677783682394231,-0.95331421621236,-1.61406959550777,1.48112139095942,-1.55717023838788,0.0507723985836521,-1.08662529793526,-0.272929022209269,-0.454503337435391,-0.361445690118523,0.226271251043063,0.358843999187272,0.380564934470879,0.254596014064107
gene65,-0.197115259561274,0.333477203974801,0.985270876384261,-0.180622451776949,0.853003370902351,0.554196542969081,0.126120115403415,-0.608081090520477,0.297359439242129,0.208188910388773,-0.0741915297976979,-0.862743608187703,-0.254646099683502,1.39746697934113,0.0243672873327836,-0.0226997205110723,-0.486078451773825,0.290102361747962,-0.499702264838128,0.395147820965875,-0.181886714172602,-0.384957760185929,-0.521557186962365,0.036679109966572,-0.567828848685822,0.35062266143949,1.1897503697052,1.04294151728318,0.686261092907814,-0.782945515669909,1.19670905951271,0.3952757988474,0.0121353956862946,0.0341696079021637,0.651689009794193,-0.288235104201399
gene66,-1.04427079712371,-0.372698063283746,-0.328470719505082,-1.26456355437471,0.523718319727536,-0.948597922266095,1.03364431910669,0.119612089996917,0.826056101049608,-1.12396379416564,0.788885786610705,-0.66812438064825,0.63388019969993,0.303362707934732,0.557300373490015,-0.329668974574014,0.329087509413303,-0.265147772292893,0.611573953088925,0.674018579054321,-0.855316549775688,-0.0572735851481903,-0.798518926063703,0.79386864915712,0.681776902441431,-0.415134385056382,0.677100503777117,0.225029281591462,0.930611463257015,-0.113319200724811,0.189241744601416,0.0273068253126026,-0.334934275620959,-0.610824407178391,0.842274882606371,-0.784179648670841
gene67,0.783724215196519,0.804247853502377,1.0053512592689,0.464182985796699,0.374481790350653,1.20626000680999,-0.772456609437175,-0.188045882939657,-0.791857755926765,0.48566446929787,-1.08486499906948,-0.793416048454622,-1.23955538594145,0.370305688562174,-0.708308955137269,-0.303280043832761,-0.805669017052759,1.00629927285577,-1.03963143344757,-0.822147739339292,0.21479433433403,-0.385812386864365,0.487865034412212,-0.184122234353364,-0.823151781596833,0.998175519003965,-0.615153374749181,-0.155944796434987,-1.18655380629136,-0.254951506962731,-0.0434486391608609,0.107109068586885,-0.236790799608756,0.822043854449955,0.443134790617235,0.763736939548977
gene68,-0.671808525027263,-1.05961052579609,-0.303141266488743,-0.84736226522196,0.142438402365132,-0.68069787692953,0.131154764489294,0.272755210496274,0.398967168617888,-0.975631195332046,0.0986994659376198,0.529643738584708,0.902911373512589,0.122528605222523,0.51531304286318,0.150802505862695,0.775416918394171,-0.595391537675028,0.777105921763777,0.665756839376537,-0.695849687674702,0.106309568779775,-0.481242682007766,0.252911500169519,0.850417935032292,-0.900412801887818,-0.214896666187336,-0.621843099908854,0.3046587077208,0.363015090571408,-0.16706843000354,-0.243083644546753,0.260932941371316,-0.85376175169017,0.112631197958001,-1.00114899090155
gene69,0.479953208204454,0.434212603702359,1.07018428932538,0.588079000889583,0.919587132117911,1.12500218897648,-0.150202699397536,-0.864951397977974,-0.615839068923374,0.489892265827759,-1.54502420026786,-1.02053764367536,0.0695461132844466,1.05004353005374,-1.30965732656262,-0.596063650582273,-0.430553611697369,1.39142140483726,-0.695358557134014,-0.608590783127552,0.926025490893319,-1.22122202628321,1.04732721413957,-0.53120513470062,-1.20992408975358,0.793913686097296,-0.306074383003138,0.600190906475211,-0.535640799595569,-0.602850079773074,0.23845610488842,0.773239265704736,-1.09921923195872,0.828321630600175,0.338191897535633,0.497311340625424
gene70,-0.0403894653589869,0.362650424002022,0.428819344737751,-0.52320959697171,1.08034402268488,0.167388161317071,0.531076773826859,-1.0890792471878,1.01336788430216,0.224050206936333,-0.107167265775432,-0.778244946434609,0.156474830105352,0.516745117244963,-1.40676025782016,-0.0687224890744902,-0.562368753008742,0.0470542833809259,-1.12972767459192,0.745583640601107,-0.26988816881631,-1.37052666080708,-0.240148000589704,0.220040870244872,-0.586962164717796,0.574679447036217,0.249277933718056,1.09144978004387,0.248092265177084,-0.610534690212631,0.436670218753325,0.857485829278949,-1.60528070815827,0.527878637634552,1.53689010260202,-0.217131902490361
gene71,0.882082825464594,-0.303951513925605,-0.381729796827304,-0.0398735774979199,-1.07012095247681,-0.269942803900273,-0.390903207648389,0.658629439143833,-0.64848156903578,0.721498585643465,0.505411396641148,1.25224367918438,1.00393247820411,-1.30687513027361,1.05807252907591,1.44471680392259,0.623179570157445,-0.642602308865746,0.0020521770469684,-0.341148322702055,0.483578541259891,1.35511549502735,0.184185183295288,-0.357696808876095,0.907786315900201,0.0468887054037089,-0.543306393877756,-0.946662888572795,-0.220313622252118,1.15641009878944,-1.40522428840623,-0.601062863463982,0.522052278104247,-0.754988764950348,-0.504472344125641,-0.0237951462295308
gene72,0.134403475514962,0.499259593498449,0.58202251567023,-0.0526126074173851,0.484349226943392,0.427997759864407,-0.0206873013394492,-0.482324677649642,0.185938315001888,0.12402078432876,-0.293170272612566,-0.521098457472844,-0.676154078081898,0.576652784536678,-0.683662184771878,-0.430795588145082,-0.620377234541148,0.570403813977778,-0.448048125431039,-0.0488435653010046,0.0714519836215787,-0.469136438799079,-0.02898252668527,-0.0270953456411265,-0.213042057401403,0.392343454345093,0.0656992361129015,0.561005589936477,-0.0027294472117994,-0.463750660632005,0.491703558087529,0.534062873328249,-0.435860303189921,0.776697115074512,0.582517707641103,0.0182301801290402
gene73,0.718997900666386,0.735471511702371,0.178159521389425,0.439761551221093,-0.371609758691091,0.370549806008526,-0.700166198257731,0.403970910069986,-0.71105447480866,0.598362020044533,-0.279560911937949,0.769404878682391,0.0940356894765968,-0.747068156609849,0.127056886493346,0.518182120775547,-0.107506062079268,0.317400354597365,-0.165998559406258,-0.480528321105743,0.693880468963923,0.190591752775946,0.956801185039494,-0.691714932999858,-0.279671388195408,0.530223808547252,-0.471589583601904,-0.541513562694598,-0.66440992071704,0.473215923794193,-0.190980646307301,-0.665637715093285,0.378202017394613,0.162939431188202,-0.467453955191007,0.496196840329622
gene74,-0.263204810334643,-0.348223237491716,-0.437612753394406,-0.871143244735372,0.55382224814536,-0.820568876579144,0.279106102864183,-0.83419966329076,0.688527827223794,-0.224042278266086,-0.0229503733268531,-0.0837221823435235,0.484258904102587,0.235403115883005,0.0697234868073586,-0.68228675283166,0.610788606745127,0.227118556548155,0.121110222968808,0.899567989972697,-0.724473571485998,-1.00428666929157,-0.850920144157058,1.11820265635486,0.372626983873618,-0.243611009933495,0.280677997483271,0.757584881393849,0.836086380461698,-1.04463046844785,0.914609409595623,0.666648799416168,-0.431123957411992,-0.787089685865825,0.486828241642085,-0.762002240333072
gene75,0.908735805087113,0.096234715645369,0.176022559062522,1.05675357486272,-1.07381253789539,0.77800449341062,-0.677732711486496,0.0305203035188044,-1.53697587356842,1.54586582535989,-0.950685246466492,0.979497799849574,-0.595641236955658,-0.289396564403703,-0.0387604338602622,0.0795684322352757,-0.464438052058294,0.415284987298046,-0.46247943409255,-0.991411740291968,0.562277870798034,0.151986291898462,0.533484416210968,-0.907472916661259,-0.506166089054622,0.0912921678193874,-0.799945583320242,-0.612812135303509,-1.37436143609405,-0.631417743602402,-0.523307908443,-0.441455922892251,0.371634737899785,0.688728526842265,-0.680294630288562,1.11464978130502
gene76,0.879185353396727,0.587600847472919,0.470183526356319,0.47352775403927,0.0420518227796696,0.330360615729339,-0.643480752855762,-0.0630581765004406,-0.362552045590288,0.691104650124263,-1.1491255640933,0.159420175819422,-0.434790557250638,-0.0278147390134937,-0.344825564342466,0.0679617935668829,-0.212760936557105,0.543550834221546,-0.551874244175245,-0.630135499919635,0.845369265005412,-0.182416584532317,0.447750893442089,-0.401617900031798,-0.441755534401059,0.487890917244429,-0.330470875905051,0.225704584077185,-0.412279787082708,0.0515710624522271,-0.468044443331899,-0.137555165229599,-0.28457620402144,0.530019999510058,-0.0321820292443666,0.336859980877496
gene77,-0.452590133885435,-0.0095881880450317,-0.0888971723242215,-0.278005143157922,0.652039486184947,0.200533732640041,0.471538788087345,-0.526011533680172,0.207444772075408,-0.486121650495303,-0.120433234089505,-0.494477842239783,0.0951162655565451,0.525165375702522,0.174333563248729,-0.421812686947207,-0.0195632716792394,-0.0303009557579118,0.0469037351032709,0.316135790213757,-0.0991951329582971,-0.419895699411849,-0.433652697287321,0.481068307408068,0.0152702890032145,0.0945386578912486,0.446739244931366,0.345691099513252,0.23826062984908,-0.202192634906698,0.19629703897728,0.366217596208002,-0.571049947787588,0.0455913543618383,0.442833678507484,-0.578676152076981
gene78,0.591074337530105,0.652758236036659,0.664671912922783,1.00935448932871,0.0602326219810385,1.29431817594628,-0.237546838744187,-0.232083350927709,-0.955591937509541,0.620065515373545,-0.786153265755279,0.403677193371169,-0.860649103279517,-0.115932122984009,-0.639319002239776,0.224927822710672,-0.628896412782418,0.389728606153799,-0.257658011900167,-1.0963624795462,1.11380174841039,0.375963014891504,0.946221988015565,-0.250528611030177,-0.599364290105494,0.748543056467073,-0.608382247334335,-0.1591105597549,-1.05637669540953,-0.160736901990643,-0.469160037063843,-0.422248129615708,0.611543171862841,0.388188996861409,-0.249138428877018,0.452012205420032
gene79,0.0331615412748998,0.0571893289343454,-0.432101796911993,0.240681840603516,-0.527294383702478,0.0503554783086302,-0.493253728159363,0.690584373348295,-0.0178060097533304,0.497044923639657,0.0216275090013648,0.603287050406533,0.549910005002688,-0.597319622525355,0.0015110433777256,0.768849885450429,0.255790950180909,0.0004330542889172,0.195515708818546,-0.455219913520743,0.519792202700311,0.553608108017999,0.175078948808702,-0.439592668801714,0.336151300761039,-0.106774181633142,-0.452849952568852,-0.43056801061242,-0.241600995219921,0.556822890860044,-0.488310575624022,-0.341411894385935,0.807496820034733,-0.0362119493525831,-0.642135407295023,0.286902799496251
gene80,0.440122258036482,-0.503829856896793,-0.575587073416708,0.36284419434474,-0.494990881255347,-0.244840356636529,-0.575946963218716,0.359687170937883,-0.0814197524074827,0.36480020466525,0.422892132963846,0.587769483551513,0.505342283352524,-0.652299094800325,0.257544205103926,0.58410067904771,0.434236219007312,-0.138830288403356,0.508481228329851,-0.187019946992231,0.141126111187543,0.707822555531524,0.239936696562954,-0.324823018266075,0.302123577708366,-0.209170722303958,-0.201486674466606,-0.868798472834004,-0.531508401522148,0.707804693917702,-0.911750231839528,-0.482079702218909,0.52460111915057,-0.120556687506917,-0.691038832303088,0.454978761148866
gene81,-0.582008153585501,-0.0748047536711001,0.0870779189081785,-0.723009377703315,0.25939726247232,-0.160930236820715,0.637115367158379,-0.484342835629638,0.38697939556305,-0.629544591468133,-0.0154142860055318,-0.355816392317682,-0.065599324406031,0.558471333726762,0.346076258812912,-0.337876045097386,0.0819332319286529,-0.208093785505965,0.216073310245426,0.616850976478976,-0.572591164362212,-0.581590359000732,-0.511329054146149,0.776039787828409,0.0421182896428854,0.295332935933809,0.506424285560689,0.641230934608046,0.677574685897833,-0.422639819636864,0.450188676039547,0.473805568419353,-0.489375444078871,-0.241097105898415,0.543155943303201,-0.640970585078537
gene82,0.914044137968485,0.0446052917549126,0.663184289143979,1.20234926094936,-0.738183363623206,0.371210860587064,-1.00631772400215,0.24040593009068,-0.927173785638061,1.12864219849601,-0.303571167502555,0.809234863887456,-0.344874737622365,-0.736360194781211,-0.283112826618041,0.939495285716973,-0.0152061859541993,0.242963230947677,-0.509900215861676,-1.07926866798154,0.802732078980976,0.621072555489313,1.26086563267922,-1.02589102299655,-0.500299927672626,0.220037090256349,-0.845452955448398,-0.434383711747823,-0.99321516503671,0.768022320253529,-0.412664060521981,-0.681705274843392,0.439765788347889,0.51047726392614,-0.268260063157836,1.02772507961062
gene83,0.65270838158904,-0.0416655160129828,-0.304283485233506,0.862201323000861,-1.04168026998206,0.167932692765551,-0.55685675546734,0.580019698685174,-0.848638876613934,0.935532604662717,-0.389286726872462,1.05516199415195,0.312410728978905,-0.743627518146836,0.210028111921827,1.00274706264109,-0.151380027815846,0.338483611062031,0.315949539159278,-0.933917319947516,1.02997719174561,1.09395618033866,0.912922941979191,-0.903959571464576,-0.214470917695532,-0.392493817518798,-1.02239981156844,-1.30579903912797,-0.976098138503411,0.723265022175793,-1.19028347568435,-0.827182183266857,0.847224904456742,-0.108706342448503,-1.06973620292135,0.914360808201434
gene84,0.864922540980076,0.47203385368936,0.681794997159621,0.921159886625807,0.0409713533193235,0.775250453323072,-0.828137224108658,0.286918712386499,-0.712370447149796,1.22513597682438,-0.469195546052228,0.121432098807498,-0.74088787689801,-0.322779347852549,-0.567693316054634,0.429364743099861,-0.567237138609429,0.40597201873629,-0.569146115310598,-0.949437653224959,0.928854304843252,-0.182462597851974,1.32076001228723,-1.17199645678407,-0.897683727647604,0.709823996370253,-0.868002920337991,-0.356773049649123,-0.831299882478819,0.14221786916369,-0.586975540266876,-0.188261305522672,0.235587167250589,0.092955503008801,0.125400640884415,0.70342287934994
gene85,0.667771522146831,0.492974796326147,0.240491297593835,0.826727056742336,-0.597724922394358,-0.0657777441130347,-0.606910581569632,0.456539537015283,-0.511629170289007,0.524953866453917,0.0277212905581812,0.626343031051188,-0.167052256840165,-0.641682487103003,-0.0690803347705428,0.562153206779445,-0.225813864960165,0.0948927042440687,-0.21497569671955,-0.967326594834371,0.681860751737843,0.524536132962881,0.661733272696872,-0.771539713272233,-0.114381849544388,-0.175283142062456,-0.664101341064127,-0.549860692984574,-0.208809216388057,0.646532999306704,-0.632061258893759,-0.650927409087997,0.510347179826964,-0.0633074975497229,-0.554834538961758,0.919943666514254
gene86,0.839367612923021,0.112514278870974,0.589244338654785,0.68044114179705,-0.135669211727938,0.299238358399681,-1.100546220085,0.47596997221403,-0.571286636053048,0.389337694517214,-0.297017292473546,0.155597997614452,-0.142995737934057,-0.327584259191329,-0.372303103947463,0.588002942439433,-0.239600316641874,0.0737504589950136,-0.201253431324244,-0.537895073748554,0.577857287464246,0.413801744580908,0.615474198814314,-0.669603756580401,-0.0362926071604112,-0.014869555887851,-0.823637289561652,-0.519032201301982,-0.867944362979592,0.435865673665524,-0.471745309680672,-0.489986064858885,0.451112716990849,0.0794854476687512,-0.460621541532999,0.560762672628131
gene87,0.550578242110918,-0.134538582248402,-0.242135552936645,0.153322501977759,-1.67099534649261,-0.138734278248961,-0.299325454786121,0.224632499797344,0.0059709034182732,1.15862291994457,0.668183025771288,1.25530541183578,0.699960367961051,-1.00265952549761,0.483619820829311,0.858987230888353,-0.193674731280232,-0.331329403526094,-0.1341022543989,-0.577390832984085,1.04064567071514,1.34769002857987,-0.644558099601884,-0.800554341164896,0.425906223161374,-0.139251547643731,-0.32707662480384,-0.897224333716616,-0.190299464446751,0.640378578248108,-0.769804214833256,-0.990498761303521,0.637121818216072,-0.127063216395391,-0.974276739315085,0.268791369914009
gene88,-1.09710947720809,-0.914721061323318,-1.24456177766563,-0.902323313973733,-0.437742528036129,-1.05205689994016,0.525034936474344,0.247308688802334,1.01803883115354,-0.625844767779513,0.968607172515862,0.602612646003546,0.85976424064178,-0.274047376384843,0.821604941567004,-0.177779367175752,1.05688083003095,-0.696857467598034,1.00220341742762,0.589656395729722,-0.757988750820018,0.063044361191964,-0.827653046789124,0.959420013705469,0.861935456811485,-0.684590188089571,1.16803381760914,-0.07331160776591,0.896159230886604,0.313735488760713,0.131398604384543,-0.472134666867079,0.309222610750272,-0.887186029325984,-0.481161439262974,-0.331987164737418
gene89,0.747302312297672,0.788232497527728,0.977264374694658,0.640749350500058,0.157721614887215,0.745467968907425,-0.883765239989262,-0.0380716295190546,-0.468279378431595,0.651038364469521,-0.922153155722167,-0.219854159594054,-0.601602269789828,0.108331369716834,-0.566479264550668,-0.193341890680368,-0.935043751464107,0.278177429561294,-1.1157886729358,-0.494525287312382,0.541115880183648,-0.277652332146465,0.614841876407215,-0.397238449175137,-1.01615736454925,1.34636935524529,-0.682571703891919,0.543735040279201,-0.661029849070091,-0.532929448948034,0.324285357477901,0.479405331585194,-0.382655813031899,0.98152360855458,0.105840660419262,0.308677548138737
gene90,-0.303594983850345,0.245532977561615,0.286452107350295,0.303367699523866,0.167548822662316,0.409384924425287,-0.0280908256764881,-0.512272678866668,0.0479497508811568,0.18039299857223,-0.332995306697585,-0.438102825524965,-0.508505065597973,0.19316343299358,-0.564572347929757,-0.652755809194523,-0.274035277730272,0.525589114054898,-0.429730015799249,0.0620221222122011,-0.0710488614498356,-0.516841172536796,0.0167235020566982,-0.112158681130431,-0.525086596014503,0.318444422832759,0.0125265448614221,0.513296194556287,-0.131991701955038,-0.60967928688427,0.635686443475076,0.676341855831192,-0.355780986273303,0.636285287723365,0.477555937028298,-0.161466558043437
gene91,-0.432505268137971,-0.268368143373614,0.119453493467415,-0.496389530096817,0.472923420201267,0.154646275724881,0.727190269876966,-0.774480411153314,0.738352410477759,-0.47642703901644,0.0768123745205941,-0.631688658038362,-0.0119477578770079,0.490095585804469,-0.137392111915309,-0.257772669156876,-0.137498631989291,-0.302335541473185,0.13207192640332,0.574802659018056,-0.511074675898723,-0.532280445611428,-0.32420071342084,0.544897723041543,0.0251522950299439,-0.202496527270184,0.628371949257364,0.514198103855637,0.464617315917438,-0.730356268009402,0.507566444666842,0.684485307707214,-0.471843391390836,0.094291989203976,0.493029006541409,-0.627315868338869
gene92,-0.611878554384832,0.601331015082133,-0.0072550569506896,-0.781410577560878,0.7525195703194,0.632344904440456,-0.146395063067173,-0.696593896814319,0.568623534846116,-0.993884889658195,-0.661747969059758,-1.10518243566575,-0.446795459575004,1.61652001699318,-0.0116520334107985,-0.773952695682583,-0.0585174355348698,0.222904676545638,-0.173385698500097,0.454519191586686,-0.136673697999922,-1.19687144631115,-0.497640547575707,0.0716234601072427,0.286835061584289,0.0901547396008836,0.521652914138527,0.573944025959168,0.104642010814614,-1.2007726334527,0.166933828733473,1.23787956157546,-0.687498405974667,1.02837370361414,1.13439389063421,-0.483889763454752
gene93,0.929991372351225,-0.0739620534112382,-0.302822761671946,0.725583674676874,-0.426335065108595,-0.134922662265499,-1.0234343838975,0.871215112642614,-1.1597072375668,0.746810813421859,-0.374312809194096,1.19504935527423,-0.332377405850533,-0.979706724815546,-0.0106667679428455,0.51183024619364,0.0564245609860065,0.198362869603978,-0.290377881965959,-0.965706695447143,0.935100419618625,0.923231719054885,0.976439748025512,-0.491885149435772,-0.344331277771909,-0.362919133898952,-0.842860504846663,-0.574915728548706,-0.9078888856186,1.07839492541595,-1.02176224910428,-0.852480284202922,0.746802072661954,0.260779463215497,-0.685561374566972,1.16524132822609
gene94,1.06050288384191,0.904809835476303,0.640169875512037,1.01890500174135,-0.0299260028262846,0.717592754438911,-0.955719716693119,-0.1040386941148,-1.25936795780756,0.652425381626383,-0.919916292751243,0.121612647636106,-0.887051732055782,-0.127419620087418,-1.08445146527443,0.59728127042163,-0.331685079788627,0.53718393860999,-1.13753996326516,-0.606922719725223,0.988099869817292,0.167537960269526,0.997313309379288,-0.688750952327192,-0.273927550492268,0.423850225579044,-1.18810157209432,-0.207344176863429,-0.808681812926108,-0.0276491117357213,-0.155114033559151,-0.161892560404123,0.139782217552147,0.441412958878627,-0.421817305323133,1.01963591130539
gene95,-0.377369405474212,0.584584960117949,0.534753227374684,-0.249837092642237,0.719152602674299,0.53440116976878,0.266568759574591,-0.550648398367563,0.325059923709396,-0.421804986007957,-0.691294278239139,-0.809634502133273,-0.690579947170682,0.865180852571277,-0.595888940744146,-0.846555823214355,-0.795971023880911,0.490095973315179,-0.733328652206763,0.185592426896489,-0.448928402352613,-0.912464663939436,-0.255897208357877,0.0592276706258926,-0.569868305611069,0.753959412683153,0.100298931062403,0.758497156965739,0.382342722362815,-0.600919432263662,0.710543094064915,0.716049124537563,-1.04864509801134,0.863368456000661,0.889168746914735,-0.143184855232008
gene96,0.630771388567908,0.101183767420529,0.409174705110532,0.635127421529558,-0.147136994958334,0.260964035501018,-0.605378274535776,0.147778270377711,-0.543937547801135,0.44794025682238,-0.391171259476874,0.161916813026579,-0.499114643915975,-0.23944330088525,-0.301287827923371,0.0993620881321668,-0.369242203095115,0.344149437316888,-0.328474745515473,-0.580509922186796,0.472238233206167,0.144592716624625,0.701605540621443,-0.667152697175995,-0.356048346459334,0.268873964333356,-0.58855034823226,-0.266021747633841,-0.49624522317566,0.309207930389742,-0.148831204386663,-0.0594686850182342,0.230260837362934,0.217996081072247,-0.468288181149139,0.589886188850176
gene97,-0.924620486768662,-0.204973251521726,-0.0618990842226555,-0.523175389340486,0.622469861890778,-0.139651258319915,0.587196959534037,-0.589278309157028,0.437309117449305,-0.691609657119162,0.0929344260487644,-0.726657692507852,0.252323314188886,0.403426923300049,-0.0345524441499617,-0.462699203330163,0.0133231974250001,0.195111474665613,0.0616934160294692,0.563600197190488,-0.46544553025509,-0.420676153303292,-0.458875049675052,0.543677696489858,-0.124712792342908,0.0199125608205993,0.388903130609076,0.222630941049202,0.453478240872043,-0.618839750939642,0.321033016926516,0.374322408349872,-0.487966013481528,0.0047586666786794,0.332381422514306,-0.951029672469941
gene98,0.0627914959405543,-0.0148737028304298,-0.478088360137195,-0.340404210754669,-1.03968427134008,-0.445917241632559,-0.669580878820389,0.176447336554366,-0.14960801162987,0.217951772530748,0.532887174493825,0.752237135989494,0.896655410394592,-0.614083864326721,0.347735971364275,0.970115744327119,0.564041503699973,-0.256741891150119,0.16001702625054,-0.0886784363669746,0.659543683564892,0.764390195100336,0.144387043689726,-0.844519023208702,0.14479072988058,-0.706258679041488,-0.354380211061468,-1.12275677530394,-0.332017922887757,0.803081752644008,-0.897275891007887,-0.521486844930215,0.591197618478745,-0.204385157568607,-1.08513642870842,0.776689004716356
gene99,0.68828445903408,0.191361551572911,0.291311470150648,0.610217772693025,-0.267799025673351,0.28956275156242,-0.703186979286018,0.459420360132216,-0.587358925324516,0.50740921577125,-0.146312608278643,0.153770207957803,-0.397996182173399,-0.0399635203129439,-0.216531333471087,0.310258872273428,-0.365702316362879,0.32517791523897,-0.162672134116694,-0.507804141647801,0.670432103087493,0.177364800894515,0.520162663316845,-0.644102216299322,-0.410312594290769,0.272292049986156,-0.547965218263258,-0.231838438096482,-0.707991147574839,0.46490357794509,-0.349954607206065,-0.25691672070122,0.151545255732144,0.175033833057824,-0.2803705213823,0.613751629774226
gene100,0.471156851053275,-0.262760153968922,0.136466311260641,0.353261010954842,-0.474255967886542,-0.605846054479012,-0.363492622353863,0.44611659975004,-0.055241780874752,0.13931721270431,0.22453860065388,0.774982000296763,0.31517823354009,-0.613295273289956,0.641806229105816,0.604447654129419,0.243505752061096,-0.14381589052861,0.516297694642706,-0.179380368280753,0.817919886479785,0.715055779977325,0.271161082037183,-0.239543867847713,0.214931185462523,-0.429820451358054,0.0978084869316685,-0.510336124688959,-0.199295094998054,0.603803014643929,-0.683874471576212,-0.261656830240547,0.740055149467439,-0.0821653919728055,-0.51469049650315,0.0091611785814007
gene101,0.542302223744686,0.0615061970399369,0.233420047651421,0.534725703072102,-0.298548538222107,0.166696813769881,-0.425339957180677,0.27433732530895,-0.435666770721221,0.379523715763031,-0.356567657893973,0.542418450751441,-0.177919452975895,-0.444041119726743,-0.227570409261881,0.296595595790504,-0.176398266157983,0.0851939060972676,-0.318517756266926,-0.522409509058724,0.506065171802302,0.230072819731941,0.680154088442505,-0.356490558825748,-0.237496207009855,0.124390945654447,-0.275876710275963,-0.379016321342743,-0.417386836201589,0.363298131670301,-0.343399164202721,-0.458432125736374,0.233159602203833,0.187677168202498,-0.316169067263764,0.554469447254448
gene102,-0.39586239344437,-0.865986772703304,-0.699622409839495,0.147668254033604,-0.828519984653959,-0.589761906204815,0.0715652232516027,0.824641461522577,-0.0710663131944356,0.0271255046172212,0.581625735908165,1.0129428097659,0.919200767068602,-0.826304650853882,0.777639127922581,1.28043283583647,0.731649406044803,-0.645485604101303,0.611120529153262,0.0140375995659857,0.189184514435127,0.955487655283508,0.0975861277070563,-0.0898156072591366,0.896376616146633,-0.561358921228086,0.146154004013313,-0.91558844717852,0.095768187384852,1.15639978838938,-0.823855207594069,-0.590917953911975,0.910478983289519,-1.25820779118491,-0.569412454084688,-0.142455565700686
gene103,0.511480874895201,-0.0774089642050914,-0.284024193586496,0.654348728398896,-0.747765611732051,-0.0057440937394312,-0.896636626820759,0.809546519297644,-0.648937707718742,0.958793903194138,0.0341359970561555,0.658954984013195,0.0874504391542402,-0.928135286198984,0.062116332797532,0.520123766300764,-0.0050018266322503,0.0428157715720226,-0.110428623278183,-0.640997007233369,0.45813182033467,0.688922665625142,0.565057183043851,-0.773952301761114,0.119578537976847,-0.162594086700607,-0.378797279027194,-0.706305049989482,-0.841845740409877,0.551391067112655,-0.717187031798114,-0.408668427485367,0.948037914723228,-0.288685023854692,-0.840265046838015,0.467663290763593
gene104,0.442949338780614,0.993295208295466,0.957699191078422,0.142891536439082,0.785799056902233,0.353659788936743,-0.743567544526688,0.123274391095456,-1.026046421557,0.230489778361273,-1.03625572115989,0.0167412505995217,-0.906085563916085,0.1399936485955,-1.35103841986815,0.382862766570809,-0.697351905988372,1.29656226044162,-0.885884251601087,-0.631074448021635,0.853365654500679,-0.245043686097931,0.291206893589722,-0.348589758897769,-1.13777297658363,1.16198876289377,-0.878056944283794,0.0277932680350605,-0.880166939956435,-0.705998438987344,0.228497753749692,0.341769140960269,0.255115992221712,0.490378653353727,0.104167487034497,0.721260248704385
gene105,0.263622439706164,0.30669768019354,1.49914380176648,-0.39741637441529,0.568236770753044,0.676133807766268,0.784573499895499,-0.707090982546553,-1.13089930658464,0.486973968353611,-0.955377159828037,-0.450794251557878,-1.06573407956362,0.357374449810699,-2.06095673425272,-1.09261899804114,-0.787680446844102,0.643363865918884,-1.40683646969769,-0.454696751300191,0.920171566759726,-0.953331450932409,0.640927272684102,-0.214225632646324,-0.279178083915546,1.06753076170846,-0.237898533005002,1.64811768711072,-0.42607864063886,-0.805650229516343,0.194509639461283,0.192469327274928,-1.24178280609812,0.772331340454849,1.02608604383688,0.797554012764938
gene106,0.187136268046104,-0.42489655893556,-0.379267120473293,0.0607572527090782,-0.525828543423558,-0.286942127282902,-0.0209447303648286,0.445007096292215,-0.176144457431825,-0.0771810467349454,0.501811243583583,0.351719273567413,0.294200920887552,-0.477057663435326,0.358186129762757,0.496044134090987,0.603414254764764,-0.596036572376068,0.249637887013049,-0.203906051746886,0.168272105192235,0.480665889087324,-0.0790732247243986,-0.248103044476898,0.298898278376038,-0.589161580770161,0.082515187306482,-0.310890105923859,-0.10508037988989,0.460512701802747,-0.606996626357328,-0.326684317463575,0.513775872759644,-0.440482924444456,-0.608640633212428,0.0329316487351778
gene107,0.0778335110951514,0.0508174656428418,0.0696977323023197,0.515344622980489,-1.17878727627493,-0.406857083826548,-0.722148316391781,0.224862147007655,-0.622156164445889,0.554284617139208,-0.293971657198449,-0.0237229875234816,0.300863225774087,-0.428319037552801,0.0711216193909002,0.555322548627278,-0.146797613174205,-0.0504230240691703,0.0578598072536788,-0.594312408877115,0.455415610767583,1.03979160337887,0.347536978861483,-0.602822184975958,-0.0294599359499101,-0.51471418122285,-0.450547630175208,-0.764975562109158,-0.682743486216827,0.775647203761684,-0.320700395754879,-0.652691699149905,0.434303656775181,-0.20128265699375,-0.351096175135827,-0.0905150614273863
gene108,0.343802818508156,-0.188382041010406,0.12883071627819,0.480053267291611,-0.447268691807357,0.081103671050036,-0.808762878574449,0.347319716643372,-0.351087179913597,0.517820380207282,0.112812276684364,0.648889622719996,0.0374505102749375,-0.492708384569186,-0.0962422978180379,0.515779825820468,-0.329708821486873,0.293655191244244,-0.329874035261876,-0.446269290663422,0.341584345253305,0.271767243035738,0.461606777138132,-0.650774037203197,0.168500721838,-0.151336815890949,-0.620254006774929,-1.19530503984877,-0.638576914934791,0.369264852343878,-0.749074997340274,-0.608938859307848,0.853810572702303,-0.0397430661657988,-0.53011169242764,0.583837174677324
gene109,0.145323090957598,0.648307511212488,0.892159869906477,0.0308758382109603,0.457199130888261,0.55705938662764,-0.296874887794894,-0.16828021735332,-0.565761450716107,0.351182791467276,-0.913208575344518,-0.579102565538057,-0.623393489090026,0.250888096586084,-0.69339421107533,-0.404483981538053,-0.655534318367047,0.577236182790685,-0.448128939596547,-0.630611153574858,0.141424747159808,0.039380462480256,0.242434252714367,-0.552056599790289,-0.6700778195024,0.604147448325263,-0.39222256050547,0.349118951296244,-0.382264389572223,-0.224454938170243,0.0668752765105607,0.257006220140368,-0.235432892227222,0.883554943966456,0.264526598661606,0.384538339220859
gene110,1.13569346471724,-0.211977080533262,-0.220747698440767,0.475780656362056,-0.730260436876767,0.100582868546211,-0.619365545207262,0.393713080942113,-0.742495445041375,0.691098346417718,-0.227610319379329,0.588321737790456,0.0092107206687378,-0.525261218854303,-0.020132191304638,0.441660558489674,-0.0219633912430773,-0.224177360391076,0.192589342314014,-0.847877422476002,0.377826536187139,0.452425821120255,0.175157649857139,-0.492960781444172,-0.0426837383401893,-0.111711814500545,-0.61427033330934,-0.926503326109918,-1.01949508257178,0.547115077064036,-0.862398988015763,-0.660171748971777,0.928805393357042,-0.193522865677575,-0.526366959624258,0.836813300204145
gene111,-0.631691832181665,-1.01773091218775,-0.830167599220853,-0.381054167092915,0.268098541875151,-0.597675218109939,0.671917756911287,-0.241496262091159,0.812523922755176,-0.342468999190938,0.401029578653626,-0.0412593142841205,0.771981698959547,0.0961747738553046,0.685379938313191,0.0933880802036686,0.541293540727312,-0.514946457664946,0.649313753125384,0.486099327101427,-0.420262714846267,-0.262557414232378,-0.628402025798275,0.314922877474061,0.634131444524665,-0.970291418424585,0.608652949785702,0.250338623145181,0.237830180761257,0.347029965120523,-0.291463097569593,-0.196536820435069,0.068400972801644,-0.542143311724108,0.081908005880471,-0.457589264807909
gene112,0.397606018395587,-0.471718292531705,-0.947913083800026,-0.187833412268926,-0.794374606619907,-1.0861518262402,-0.311480661076213,1.01008143209239,-0.0335313181374572,0.0727649863872218,0.497629895016768,0.4482421773183,1.07107978397906,-0.985399565589421,0.708246007384842,0.340692133191727,1.00989894301664,-0.526648112128484,0.846883931984752,-0.129274335477198,0.401317122355436,-0.131239007993276,-0.0322871675663312,-0.0796285514407333,0.873444083731866,-0.558562320494326,0.089213123145514,-0.849358593100769,0.0183437200507458,0.102280413308959,-0.814923960961246,-0.649437192936666,1.23300203624697,-0.576628782243983,-0.219694012106189,0.409237163756782
gene113,-0.178510887728828,0.187475561009599,0.384328251448942,-0.265870622516876,0.58438106543124,0.443582912892894,0.461213112099502,-0.479864543120204,0.432185309200935,-0.298918310482804,-0.455154117106576,-0.302487985804499,-0.300188112397909,0.832055756882752,-0.338316105911807,-0.369935255663176,-0.588132904076161,0.402836468366689,-0.184356982434517,-0.0679529929112157,-0.0887825465248675,-0.616543259166243,-0.0593553080042621,0.617329048008347,-0.289554105618921,0.307587924951273,0.284760177983943,0.669559426437597,0.284331794911724,-0.520330683968416,0.383676568573677,0.424466114322962,-0.580177194801193,0.503522484247195,0.649893484730348,-0.204025535418333
gene114,0.557492481704292,0.19310252054782,0.249709585028236,0.304120839673577,-0.36444961352282,0.378648434327117,-0.675261268854329,0.0131813333088818,-0.637600356085235,0.673142066318761,-0.157371566212387,0.479036572830133,-0.0873102078091501,-0.0159105028055798,-0.430689273715733,0.355797004162024,-0.359093594700504,0.740078339065928,-0.416037643123637,-0.552924885914419,0.851242664484393,0.268242593833379,0.563991129557924,-0.690636800763823,-0.333940817051231,0.0492672040370321,-0.80832780165448,-0.174643723215714,-0.549699850066703,0.411788698929851,-0.0927301864402645,0.082768042097218,0.457165279192506,0.339218730104114,-0.488894132124407,0.615383945999037
gene115,-0.760992957746104,0.28823787972073,-0.0362451345489459,-0.959538864074798,0.409850733134552,0.228122944612982,0.45649674946908,-0.812231627406581,0.830372335693066,-1.04803295525728,-0.580097252608072,-0.661866918878222,0.161880651532557,0.537610270944756,0.32859328501458,-0.693557333108772,0.0099571241606027,0.0325718505382503,0.281301239949847,0.632248393680675,-0.888728033814433,-1.05457506172275,-0.752120970170779,0.757835659006113,0.0732406093544242,-0.160326718314059,0.833676745845781,0.897378877727253,0.390527819854573,-0.231243366458753,0.856674365853312,0.573602369098742,-0.631737658235285,0.10652794967194,1.04012853279491,-0.931945762293038
gene116,-0.335928537574211,1.34695610518534,0.607915691704158,-0.0012732829261539,0.434076118698323,0.800873263332626,0.14044404389951,-0.802068462184501,-0.326486760522191,-0.283937678443485,-0.986222568778078,-1.05241906585748,-0.308830743948372,0.0977754620709276,-0.559492784874835,-0.97611902030735,-1.06442404332963,0.361805280963623,-0.209543996680801,0.31188342170884,0.133917230313884,-0.800499709173615,0.106345072603849,0.450133725932486,-0.155514419270989,0.962923085985142,0.148515157533735,0.899843680834958,0.196449339946754,-0.518337229955459,0.577965081506407,0.573939568159005,-0.598978317775609,0.734747442640003,1.01370019037705,0.0675816140393743
gene117,0.384362347347317,-0.3318741050808,-0.347717310159247,0.0187682267141568,-0.945271552407821,-0.680084284850473,-0.159283256117589,0.582884787594356,-0.0912814910545096,-0.0241518706386247,0.0907549296490046,0.396065230343621,0.386816830776141,-0.522421555131667,0.439983866380488,0.345381448318166,0.183558974165175,-0.528594395570665,0.296364031046282,-0.0244832064534939,0.130824303805668,0.615420388383411,0.140094461490265,0.0356107363534576,0.509001877419107,-0.60194663218566,-0.132882784294231,-0.520865715528188,0.103680750907843,0.316335242878015,-0.319512032506955,-0.42189955982172,0.58459145741812,-0.646365390582537,-0.711998090990452,0.179236160100007
gene118,0.389486567452631,0.294004181115732,0.722764326319193,0.734475505616525,-0.0393725363212675,-0.213239264709842,-0.519475099706935,-0.0313540874573814,-0.691965916622654,0.589974880549262,-0.48104942748884,0.440761587361739,-0.403308228086496,0.0822181513681406,-0.461784840305915,0.350856346712124,-0.301683037529405,0.62005232376083,-0.367316366594245,-0.145798586580108,0.266575809354194,-0.0708242533326874,0.954297457326989,-0.438014449435353,-0.706480439342188,0.355206664104846,-0.319609334424853,-0.443482775392187,-0.561949162941321,0.398456332092765,0.0816094446512387,-0.132119694877141,0.03976238280296,0.472121380225018,-0.0831116073975548,0.687241363447895
gene119,0.453644740659439,0.549331549847518,0.820163799982703,0.431454672435933,0.0182413109105284,0.332214409095158,-0.615559178669826,0.191857366087702,-0.454860752843061,0.933772156045537,-0.821842789260348,0.120756972987724,-0.718508031746003,0.0284342979137937,-0.888121184897817,0.113566392256693,-0.949071086833575,0.757120241082657,-0.544144365648662,-0.368277600435261,0.730446862296612,0.31660832340559,0.270463692176207,-0.816144744538926,-0.588580247501674,0.782522636832603,-0.745432314639165,0.101939779388168,-0.293366800761478,0.105401894997894,0.116686418952131,-0.071900063904792,0.0448508858288272,0.610233812303368,-0.0417106282083351,0.624997062681738
gene120,-0.271258431714714,-0.581958849446765,-0.742075300770307,-0.496650001445467,-0.183267891704794,-0.588056970947247,0.472878747100928,-0.197278974041196,0.497464161350456,-0.920701654896679,0.504103372904052,-0.622864082035141,0.752516018959335,-0.237200781753272,0.575325353485675,-0.0591983512136313,1.16933894886946,-0.70272468389474,0.989514006180106,0.707192189238782,-0.256160676559527,-0.0094712111505738,-0.324405104536035,0.632271119192768,1.09106869283732,-0.758139246142027,0.603599407844291,-0.0022336853881299,0.330632220990917,-0.015543766734327,-0.016195296810753,-0.0063804703370343,-0.0284346018743088,-0.38793876621916,-0.220631100559366,-0.814971451923983
gene121,-0.654191840602416,-0.59164076787751,-0.320904606097333,-0.862579656670934,-0.11463587738148,-1.4098052930957,0.155320873929356,0.278476158019547,0.743774614256152,-0.156681571591829,1.272504906328,0.127005082469141,0.467895504484085,-0.354345544833521,0.925505152197796,1.04822039341978,1.61607101920956,-0.550885966003615,0.825129481468308,0.495926834061266,-0.387830671128801,0.761002933474526,-0.371320674589937,0.559759698199144,0.570464567624164,-0.125791794513537,1.21546075820814,-0.436805006911663,0.81104813399661,0.551838181509472,-0.0599563449054753,-0.484714671996315,0.800020357693097,-0.789036286804994,-0.0785264783084656,-0.376543009323146
gene122,-0.709078473591404,-0.597996923499646,-0.730566566260175,-0.662631761155724,-0.0545998184790067,-0.479332407128222,0.576652714408496,-0.180442918357761,0.796792745305195,-0.49309921654246,0.621364259413092,0.301442076195574,0.63862539153229,-0.0481519764780773,0.671686453238496,-0.0982865609647464,0.395178370658712,-0.671586210460921,0.585631681607618,0.628687899018511,-0.753051104548152,-0.234045685957332,-0.962153488926046,0.708647298227072,0.998095210704421,-0.568852371677463,0.605783826036148,-0.118872593225078,0.451565625869846,0.0649676162050202,-0.120892229655805,-0.39514871650252,0.134539116287554,-0.528939785221169,-0.178205146653238,-0.530819032557968
gene123,-0.341178082806839,0.325044804098167,0.0899126177785117,0.287197237482943,0.65297865560244,0.872368786781455,0.0518179761211918,-0.773610486144355,-0.237644735012802,0.310884953023042,-0.723369985861951,-0.434524852553113,-0.181890954181045,0.273013018592651,-0.464239740731621,-0.83322331395621,-0.626548170560807,1.23464589823373,-0.765919178387403,-0.0417345877741254,0.67421350990264,-0.360633228988132,0.255948197416911,-0.0179447561697876,-0.471610204562628,0.851734283228846,0.24131485125207,0.599760071617,-0.551736900974389,-0.0554650760021501,0.993684286552066,0.374933180278927,-0.682698183458358,1.05856287584496,0.0558503993238285,0.368650613126671
gene124,0.867579780428988,0.0630026967267938,-0.0158714734536535,0.89368093617749,-0.681825815747446,0.487671357753996,-0.823571224472596,0.185096178486722,-1.01099498390288,0.814360238603987,-0.555932424893994,0.575607030868593,-0.233951416293096,-0.834515353204897,-0.295051842226134,0.0422113529603257,-0.588426126636865,0.555748465091647,-0.449850848827995,-0.466068651869353,0.498682259807708,0.819850287958518,0.823273568897674,-0.361361847186333,-0.651789996516686,0.357115977332641,-0.614953889186702,-0.0113091567020632,-0.805793711499768,0.163551493818389,-0.291151109563566,-0.510402058082008,0.179503864608,0.733753598543856,-0.0734406985564203,0.786933495741118
gene125,-0.369852989004442,-0.021367002441894,0.286428864127604,-0.601230578805175,0.316870905919777,0.404614049515803,0.840725759382225,-0.701487908752519,0.392742191994352,-0.255595569269596,-0.372101786917059,-0.649554061993881,-0.513581019211332,0.298959590672933,-0.569057796234194,-0.344751393418055,-0.181229415007195,0.549991854934505,-0.188463727608092,0.368875496309943,-0.439018502241327,-0.584398467925891,-0.498610989340532,0.319432754069193,0.110227180523255,0.0416186539449856,0.321303872243047,0.603147720814331,0.577058187467635,-0.159470832905804,0.467472870675692,0.417398671849811,-0.986562206708077,0.219242015698897,0.38446337000043,-0.426044310740818
gene126,0.24020564254823,0.849024576822097,0.710901634583329,-0.0090994494690619,0.2120026515811,0.732709264817554,-0.309026583195197,-0.625715127092815,-0.296946792374615,0.243651502422898,-0.757550579741147,-0.659882132285629,-0.796244001310378,0.362714726237858,-0.304123975502987,-0.600369361376935,-0.595293677273298,0.682971327394922,-0.626065175716333,-0.243835568382342,0.0592722747924814,-0.278186295453595,0.279671944423008,-0.188778372399392,-0.51686344274569,0.582457972369094,-0.304647124019031,0.261238350504233,-0.193165078471446,-0.440379433180126,0.288352544736063,0.397114231863616,-0.38024541158963,0.517539151226892,0.664569871169783,0.085601992998304
gene127,-0.636782632378784,0.414140082082123,0.404404752607118,0.371327169658862,1.00152716857644,0.662561665879197,0.43405123907174,-0.24065382063986,0.0220666098916048,0.261238713596331,-0.676566544508861,-1.07671452942843,-0.392772348385572,1.00687497442649,-0.402609338268705,-0.29160671155157,-0.37624901676607,0.202347449395095,-0.621123951789215,0.323191368899681,0.489628318947202,-0.791771361297598,-0.330385765427632,-0.70348617470458,-0.628180589394013,0.648466679577896,0.301485944994634,0.896091337350639,0.224242182929333,-0.324165759019415,0.896261299491933,0.594445581236153,-0.691469690976193,0.422352898047968,0.497823268469861,0.306136800035663
gene128,-0.478836928056178,-0.0462843420016145,0.246848566519574,-0.967725492179911,0.659406133956511,-0.222465953479268,0.944600625183836,-0.687600053815366,1.02248102726362,-0.898520683079652,-0.0539888282973538,-0.820517710898809,-0.205506789838457,0.770807509496036,-0.233500445866275,-0.579192164094426,0.171587657855319,-0.294471991620182,0.361555701641782,0.889950013379577,-0.49574245744816,-0.353581137432164,-1.1390843794528,0.621394796313999,0.342722777286519,0.226154383942398,1.10982587955015,0.635526013761098,0.774544491196229,-0.726901500035929,0.487260877519004,0.602530532135043,-0.844466674967975,-0.316796129940737,0.961800128000952,-0.165267262370882
gene129,-0.430561402343314,-0.673401204550323,-0.785320077962353,-0.172616437128966,-0.344489388388441,-0.749924925362486,0.545134336791512,-0.0037706828486862,0.0771880829068201,-0.611531169446741,0.674479655655487,0.288434465931112,0.71056363115596,-0.363260619809116,0.517382191709924,-0.0040916634429566,0.669432813225135,-0.860950637551959,0.806329157467702,0.282776342969224,-0.577418100267409,0.0702326950911057,-0.90198282111502,0.386959161197405,0.733393901965056,-0.867707422348201,0.7017386286061,-0.374186332583631,0.156077424395264,0.0199345154728733,-0.519028965550314,-0.241520746538884,0.241235521082826,-0.852136018976356,-0.059420342757687,-0.416110236748634
gene130,-0.127929102538393,0.429379351040571,0.521630583558447,-0.238278441649629,0.518948415101342,0.458739603480253,0.0647456761051147,-0.593018267799913,0.25285375616729,-0.390540537978103,-0.263136373236115,-0.676624030021237,-0.274061464228175,0.733997487018536,-0.513998310725508,-0.622050893717587,-0.444766522610995,0.37052794835025,-0.310849551773204,0.0876284988690801,-0.313916204674633,-0.650534046800393,-0.124226934104925,0.203079698722442,-0.341441052917194,0.698892017504337,0.430607132787063,0.412189173162604,0.102081928392744,-0.53003132743977,0.777099063902894,0.855621866822406,-0.711320306230145,0.442016488374346,0.95557681871213,-0.114844221465413
gene131,-0.494271440050728,0.264568803901616,0.491952919143317,-0.268664815939286,0.726886090991342,0.502970598882168,0.440963536459585,-0.662735217992629,0.42497399967334,-0.282811691139248,-0.172113069713379,-0.758492127989559,-0.577677680363865,0.672234207865458,-0.406593694730075,-0.910665628659241,-0.107125596776616,0.619111228928479,-0.651427270584939,0.45591568890514,-0.344891999417735,-0.533991778990952,-0.0885433908125493,0.130020384980897,-0.242828283321855,0.303382896883121,0.191666867855627,1.04511784090943,0.351792362946015,-0.669094469242088,0.733755756476388,0.409169816151319,-0.731754168729248,0.677227389081716,0.733801980816183,-0.487745681801737
gene132,-0.462276132328383,-0.0129125816490453,-0.619146993621672,-0.1143139790839,0.498994564376451,-0.19650142512213,0.718569998805906,-0.392716712271277,0.280649745762937,-0.895698917453802,-0.2867257376321,-0.579892809653313,0.188253034372349,0.46806662055354,-0.266473241189504,-0.417331609839815,-0.090147257235609,-0.346526286451622,-0.521579817367366,0.919750853094509,-0.589504672038424,-0.818068340569914,0.0066935054776622,0.363771497313995,-0.471340871023526,0.16606855350497,0.846840348358853,0.611218725052744,0.593882053326708,-0.800098447344958,0.570530235930419,0.679019599202219,-0.908670647452061,-0.281585411941671,0.62814439068418,-0.175324157475913
gene133,-1.3779917908942,-0.557693175629532,-0.261867224673453,-0.927621530235128,-0.577438190845002,-0.546544921007049,0.756706149076822,0.288228418350419,0.507511767071127,-0.780830419412615,0.698997516512529,-0.0226484194543192,0.958038554866435,0.146244133298767,0.599547370587297,0.202558843443813,1.05036193945601,-0.847224057823405,-0.0332612841452217,0.377437323236499,-0.508087662365584,-0.407269126764487,-0.5634782367849,0.649257215507706,1.02730434402005,-0.818509918801127,0.784367940125301,-0.517730848669452,0.785304343052176,-0.362022275993191,0.0794291293141763,-0.377149951359772,0.170014800987687,-0.915388332774175,-0.322607286298421,-0.65692055691057
gene134,-0.23558961493562,-0.871061260281258,-0.29302593508136,-0.591506329652456,0.557162599767484,-0.866070831608602,0.857567507938366,0.0818676564929115,0.699439450648422,-0.461408626716103,0.667190597944822,0.189266008950269,0.672303694237758,-0.0045585013219924,0.811376861395778,0.369896766244231,0.639529397095496,-1.10724020059373,0.834997086791495,1.19606627688898,-0.755203418827845,-0.417693426094242,0.0086176148646524,1.37457865130147,0.646493301338872,-0.76341979651956,0.5858269743886,0.440125632936485,0.560357137229547,0.406516828497645,0.107069387489453,0.49729847351978,-0.123200124164074,-0.93624772316364,0.269508273760405,-0.214536640475229
gene135,-0.260765828099879,-1.00703758750563,-0.887520181240118,0.0240938392859738,-0.64697724986192,-0.913655321029643,0.0979758679065134,0.919220426622456,-0.380269529860407,0.311698747396534,0.981899652117827,0.462565527511931,0.439840220099791,-0.701914127355569,1.32376373599614,1.46609362258029,0.15132265955368,-0.709364744880132,1.07216609244533,0.0288371452669678,0.120662498823872,0.277734460522008,0.207152417764686,0.0197929820530728,0.606672841827537,-0.535535244552435,-0.692373897238366,-1.14170886301169,-0.0287689603526814,0.27766360498886,-0.601586267342283,-0.655262540366576,1.17980804847205,-0.830844150473001,-1.13941809759845,0.0162415000245544
gene136,-0.630368844723604,-0.262043283068972,-0.562906575509571,-1.00676708947111,0.260148165503502,-0.795596880092755,0.590034596738721,-0.5171146769481,0.863869500886168,-0.707959527502418,0.620323288370855,-0.441247208866989,0.58490482706352,0.204446646795738,0.258810419252273,-0.620519708387857,0.516680420892098,-0.65784025333594,0.89859216521911,0.7872706449967,-0.672402426346766,-0.150809151448279,-0.674043085882655,0.670719049114207,0.502951095937073,-0.47847873532318,0.833933533896441,0.473096485160691,0.859938568621497,-0.212967115278479,0.340382519559774,0.148153257974058,-0.115831663868091,-0.654793418313795,0.510142725538944,-0.720288031006822
gene137,0.0906610715448395,0.473367431367365,0.435069939348197,0.0444894667693811,0.517568527524039,0.411811989023304,0.0502945538311266,-0.132230404461653,0.0490704760237202,0.0903379394853977,-0.679780888605993,-0.171094477069736,-0.358011001482687,0.382989285040434,-0.518094195730309,-0.411253549289626,-0.293114504381053,0.535237142945043,-0.442203453876584,0.152549522018246,-0.0735760030255051,-0.376958800315239,-0.181856272726498,0.0632324911965634,-0.350558652228448,0.399766439912669,0.192144639969468,0.475027885480833,-0.160670326900226,-0.425736182974892,0.234372950209377,0.302396761527825,-0.282697244481352,0.585391725459095,0.352085367101254,0.109240528539221
gene138,0.205726496017159,-0.801530624061606,-0.288526707483406,-0.0621594958478955,-0.911501748882098,-0.875736808192222,-0.760018402675586,0.437054833351753,-0.469055246214347,0.0397891905043343,0.48155521016572,0.351667334676684,0.208703915090439,-0.59818481473607,0.780965964138172,0.755271273620766,0.488231017491981,-0.545284911627035,0.673541293772781,-0.654477021493402,-0.174549012288034,0.926373802437552,0.286810138772492,-0.5094255391655,0.564878419189128,-0.155785126903869,-0.316044931321119,-0.565233814422544,-0.357569154653073,0.519285764352679,-1.10801720025181,-0.413198207089816,0.209865323989125,-0.321623491939929,-1.18239891020576,0.494410307339526
gene139,-0.512756608548918,-0.241166998374387,-0.735115061866944,0.822548072677705,-1.02652516051595,0.492073573061986,-0.314653339586601,1.37409246023043,-0.0662237849228301,0.673795065080288,0.987614103661255,0.572720275782866,0.307122112503281,-1.17132988659604,0.617361483029545,0.138680683181724,0.532911282659387,-0.183704110944607,0.16189204510944,-1.00411995482279,0.940429481115217,0.819062101110045,0.789956974655892,-0.451405013827721,0.473325600669383,-0.585131842753651,-0.197794906641271,-1.07675992058192,-0.539837406499929,0.280633980454852,-0.296977903401571,-1.00007041530748,0.689389668923936,-0.622092804530315,-0.513149503098593,0.798943981147188
gene140,-0.613273478024848,-0.861681245499729,-0.698670511335107,-0.957524663500991,0.399587324701517,-0.725931292213109,1.13630163035785,-0.320242579969163,0.736999449471877,-1.28038537030103,0.518356859776328,-0.616147139915974,0.557028277905596,0.0991407590067522,1.44089644486687,-0.182657029113164,0.472485784381061,-0.424835595747271,0.408431084759749,1.17515837402751,-0.863334455068434,-0.534070292166758,-1.07060204703487,1.43019987977686,0.447456679172737,-0.518770676667089,1.10717735963227,0.708622558024089,1.28079692065711,-0.296851515332191,-0.0673448407201239,0.857569301117473,-0.0996124360419057,-0.838415523772439,0.957486433152861,-1.13679489085943
gene141,0.0852155683300364,0.835965599862403,0.84823537569784,0.117298306771859,0.593864638363064,0.744787515523741,-0.214202166408315,-0.416189398159398,-0.148028522272685,0.42952465250664,-0.563843134044821,-0.446948817256139,-0.677817792822466,0.350847877764371,-1.20171109906269,-0.823464523245579,-0.610011320619161,0.512505914237202,-0.776674773634507,0.0455638808892441,0.286481610180546,-0.622382425786321,0.152321302126999,-0.290396451351574,-0.994205702020309,0.663378449798274,-0.155243938403429,0.579774732289617,-0.0614156034983699,-0.417220453671443,0.591076758534753,0.295554116494253,-0.462909361749402,0.784341090186744,0.4106568770363,0.351444838806988
gene142,-0.393890079652946,0.265590779763784,-0.111338251716068,-0.544464422661646,0.569098637710218,0.228448220256142,0.541140679170916,-0.756661902257273,0.866303285578985,-0.621647206651688,-0.273348334122508,-0.602691939719244,-0.192146663381412,1.12245251915367,0.0650894607323281,-1.05296805331329,-0.982608505306057,0.385391377836271,0.164272935352139,0.504563457142776,-0.428346215497455,-0.628736146467968,-0.252987999532776,0.624686170540906,-0.391517228959086,0.0994252652823087,0.707461140267578,0.934773016754174,0.344964502735887,-0.843283500646457,0.698629252670748,1.27523502859117,-1.17313897304362,0.524850578706758,1.03376834019834,-0.558577192859488
gene143,-0.535691966763457,-0.74577969385339,-0.525522073220125,-0.464582888450107,-0.0347945798728332,-0.583681590547807,0.510967000010176,0.0027121582530853,0.594253590119903,-0.454044117026167,0.528069134521564,-0.22154957676406,0.739288305025317,-0.182068210620207,0.604006221693698,-0.0544431022124443,0.767243295532216,-0.697357512129941,0.714865701102811,0.620276212557399,-0.612651818025419,0.0082006760964568,-0.539231480785206,0.683099316248695,0.514535607341209,-0.906710394022887,0.653050460665762,0.200083427630544,0.61526474352857,-0.125056565555978,-0.0612509836792147,-0.0849076839900008,-0.0561327726325548,-0.68385706390897,0.139311850393133,-0.645249740466869
gene144,0.0893165387642374,-0.503037469953129,-0.645836009432125,-0.185335925514164,-0.770706221501514,-0.589869844125044,0.502637091259716,0.918677937886598,0.207606647946226,-0.0256253725652806,0.616302394579704,0.512084921205648,0.689793856497803,-0.52767693312228,0.871796397996546,0.749413070768883,1.08251070328168,-0.62480781047598,0.700615096726672,0.288435304349152,0.13752479211655,0.416067449731437,0.081610682327503,-0.385291001428204,0.588276721079425,-0.948554958441291,0.105375207230086,-0.595998133528944,0.333659606865883,0.696065738352202,-0.822876963251872,-0.318666566922066,0.397289587980995,-0.747110065698619,-0.597311499546736,-0.0274141170650058
gene145,-0.171252752352579,-0.523024429461355,-0.542127850076798,-0.280918455648823,-0.212117022274576,-0.433140820470355,0.406012475793282,0.274117310893418,0.333812049749256,-0.505550199334238,0.409850876432723,0.167660189143753,0.551483829797945,-0.0564097387066745,0.628557212855723,0.206576647906,0.544942917417635,-0.566920146740027,0.591540754639771,0.592505447651038,-0.414122994963744,0.132590283382136,-0.48889274982934,0.558425907288087,0.448016255623161,-0.38024316746406,0.364689149941993,-0.131523405963812,0.455559683964322,0.185902363913231,-0.181834972650226,-0.152475022044138,0.179453568880041,-0.570724752992981,-0.329663187802065,-0.506690450762315
gene146,-0.256178020947156,-0.824344562292595,-0.886025040329175,-0.5346794047322,-0.393964214388285,-0.892865168635112,0.582095655501574,0.387861449334001,0.343682984550051,-0.719298488759084,1.06790326922916,0.238913085158836,0.606368068119631,-0.355152358334854,0.989225397620892,0.309508269493041,0.684085396718234,-0.936907629052835,0.90539248768717,0.154240585188339,-0.363494948101544,0.0732674965843491,-0.547201053676109,0.354970338605646,0.621288099195841,-1.01127829451403,0.272883021864131,-0.239537944629681,0.477533423521295,0.192353384706245,-0.200597148035215,-0.585371891125283,0.252926925975258,-0.815466637259106,0.047843211782444,-0.387970634804191
gene147,0.431122794823165,-0.264722588334302,-0.0121472251024795,0.649806063662526,-1.07756435023586,-0.441884599590064,-0.772240692760973,0.904382332606702,-0.300015738163201,0.360015838240257,0.279020247147822,0.754752814638894,0.312742719928037,-0.672311828725515,-0.0165520554947803,0.812395973862697,0.369434655233646,-0.256842510023891,0.671356769561403,-0.484091600818198,0.324787017013753,0.931523732492824,0.77038190661024,-0.44290043995154,0.470165645596,-0.495899821771533,-0.60303871347054,-0.935367508205351,-0.38389107032056,0.560679741518731,-0.697269907439273,-0.688920785862689,0.433584006522524,-0.526669284445537,-1.08975935162093,0.471530140678312
gene148,-0.089297650749288,0.303946803557062,0.569969852210774,0.0073771869391564,0.785117575836552,0.685729509492124,0.317337950061906,-0.608126291612177,0.159126862793394,-0.0412538779877014,-0.677997022091588,-0.478383431400077,-0.630993255398112,0.835806868573492,-0.680655550758188,-0.807341403354817,-0.762989301691739,0.677645516093504,-0.731678099636088,0.264432643192246,0.0359418325855492,-0.959051203782639,-0.0477539927904718,-0.115946746694917,-0.561966605450347,0.505418772551218,0.14072718767947,0.651314293025724,0.141362457726724,-0.83797544344215,0.771799868882122,0.598738060760895,-0.884832221786659,0.637299428543656,0.688119768171082,-0.309890276283771
gene149,0.199285235380993,0.564088108432916,0.646055574983571,0.592334515246455,0.365057908193206,0.584045566646297,-0.428698073534704,-0.15619081212076,-0.20488910208628,0.137555425194852,-0.624996785387458,-0.220344598058261,-0.600066290921581,0.228142741298793,-0.63224966844532,-0.216518348393383,-0.730865277009402,0.259521971002719,-0.823585165076502,-0.236243612659404,0.41791028293291,-0.600931573786823,0.452165060113536,-0.318330727488367,-0.624527574147758,0.511998550558378,-0.266647185117052,0.365517037804373,-0.270550046273286,-0.323832876445863,0.500249376131619,0.708625175982173,-0.491117260676826,0.443936589506841,0.444633765935568,0.422772999137075
gene150,0.870120566305209,-0.0064263223702057,-0.203212541409548,0.80944224994663,-1.08095706808714,-0.830520632278804,0.336637803071052,0.774996245461285,-0.883741641053893,0.442379793784628,0.013688624181049,0.816905201731449,0.16784132035756,-0.512817298058003,0.518743615672559,0.712625865742049,0.414339342865073,-0.29915259672214,0.389811627208716,-0.904711877644947,0.143389500305846,0.845897609998174,0.145261726215841,-0.438305724142349,-0.13116437161991,-0.144717059535762,-0.473504774251417,-0.447754697212122,-0.616031345217666,0.482287884664645,-1.00979827069954,-0.635238441258687,0.695817182111161,-0.112983234262673,-0.755742593821296,0.336848695295312
gene151,0.0198992985010871,0.272187055388366,0.800083437652827,-0.811600359925845,0.343151251971801,0.955633462030046,-0.0221757543976095,-1.05970969886872,-0.0545676271806212,0.128339078485363,-0.988198733859303,-0.840300965547134,-1.18553218551607,0.636782281423931,-0.195765280456173,-0.345090202915705,-0.587983961191523,0.636002202650836,-0.590735011419552,0.348381772833558,0.0691412297421491,-0.651458740724466,0.0403324021381583,0.952900950512411,-1.71844751562521,0.637041064359564,0.227580597581958,1.00952215913342,-0.44710253613822,-1.04707281570958,1.48002977217687,0.749646745851164,-0.189478036439589,1.26796826249706,0.777207248124253,-0.298527424515294
gene152,0.329802796137655,-0.267488935273163,-0.0817889519564052,0.432542202566356,-0.649969382285781,-0.338710921350746,-0.2262593913652,0.370450111804262,-0.182899662195938,-0.0244959899532261,0.0216770282297161,0.587117261738898,0.25575227788229,-0.386276226387922,0.130445226665829,0.585968641582784,0.594367797198761,-0.169801072264542,0.617696952144763,-0.42871834535588,-0.0159332200622367,0.348383722679238,0.62528082085753,-0.0948121113586269,0.515695203597814,-0.538774096099603,-0.0475884932516508,-0.687198264791578,-0.354437983507689,1.02544342057372,-0.068036621722308,-0.921978681484418,1.21298381025819,-0.395846937598304,-0.29611043787629,0.790413652563665
gene153,-1.56796689558681,-0.86608983452725,-1.0602034762239,-0.333412780086148,0.703119118381883,-0.725693859793825,1.26911593840769,0.0359122693735928,1.59581352848169,-1.1581976557845,0.415385522704819,-0.273136718047067,0.700276557690528,0.386303759678485,0.349821384217535,-0.193921986870263,-0.0628056940349745,-0.722557415625851,0.624312527326149,1.26473500330917,0.508586329081524,-0.238222167701579,-0.668632217946691,0.474766736002568,0.159022767872161,-0.266167909453868,0.695812403509303,-0.174187577807947,0.816540432349742,-0.397471126391903,0.526395343601988,1.49937690529953,0.434226492991596,-0.449519798004328,-0.307678802029223,0.188883407711161
gene154,0.271664474225788,0.672020423299808,0.48046500867352,0.168535236392414,0.532768034659408,0.542918025703517,0.0824470592045005,-0.695851490144395,-0.13449542649192,0.231957234825556,-0.946419999959709,-0.865062132332055,-0.58890921179327,0.488795769655142,-0.298177053754958,-0.366499421071812,-0.707850658133277,0.89536470896992,-1.15395346352117,-0.208779699687156,-0.0837611777078023,-0.583004110114434,0.0937257003234748,-0.080059204952512,-0.470299636888189,0.774228841190671,-0.285303746558898,0.859322140153673,-0.274765205829975,-0.674326666360313,0.937481451008238,0.661865823875115,-0.688013209152095,0.831283664998394,0.98640267770373,-0.0439968153445415
gene155,0.706888431562939,0.401808751334211,0.203552509913809,0.351919351505043,-0.434077609685759,0.221895939632368,-0.575411095743361,0.379855855442289,-0.738771106342241,0.667900008355753,-0.30604820441099,0.540681471215978,-0.26746455119092,-0.400823683698242,-0.242087113917308,0.346614608789306,-0.284252595799552,0.108676560068654,0.177029267356272,-0.623232799313755,0.909703700104849,0.608727278117117,0.114532170985268,-0.507556439170052,-0.0755864901369023,0.098468762461384,-0.354408333082165,-0.734258557936495,-0.479837544827561,0.605863494336529,-0.318401590890909,-0.182015063408901,0.54748139699836,0.0236041269986259,-0.496081193461664,0.383556268899376
gene156,-1.14678134922466,-0.812143840909847,-0.845048565990166,-1.10779474596834,0.417427075237197,-0.521256993631507,1.21011082732495,-0.087429917691132,1.09541357592321,-0.832846752188476,0.464441398334552,-0.0609111657713916,0.611529822407861,0.126353484248527,0.630503853787476,-0.601152104407531,0.63688526402809,-0.307997319888601,0.821870517340931,1.07860386678595,-0.838904036216309,-0.418363167886887,-0.975052327620362,0.965344310025168,0.332312633287321,-0.710316282375264,0.830931098527098,0.432992277610834,0.801256828678631,-0.48124763030009,0.254080468342833,0.202726742251698,-0.345581434236563,-0.421046867764857,0.583653577687131,-1.03116961404908
gene157,0.310262175860854,0.195685767392469,0.548576631085735,0.373273156576212,0.0095329981571203,0.505153726431715,-0.226095184990279,-0.287505748180548,0.0244852692747551,0.208729447700905,-0.57516236751851,-0.0444653042314854,-0.71524005435227,0.496264708451499,-0.260663699021184,-0.218999290561691,-0.21513350627926,0.839204972998695,-0.456452127038564,-0.0486418964931579,0.0747025313572686,-0.30498839130453,0.0920750127037646,-0.559276739343944,-0.305381971324611,0.370215330448933,-0.491614228807978,0.120248021193874,0.0577568072755981,-0.0341999713468804,0.374422664562972,0.0796808722782573,-0.301176000566493,0.807110397009572,0.151453359259665,0.57042153769526
gene158,-0.587320159977819,-0.872757099867948,-0.858907176349319,-0.366019278178358,-0.261078223724212,-1.3317792125302,0.579075516278301,0.0426305560032112,0.718015571197385,-0.548365975227161,0.757146650660303,1.28806390802995,1.25479980002818,0.295380694321058,0.991033677649228,0.125095433153102,1.13110879931055,-0.638431280009107,1.18782651473402,0.577110236137027,-1.02329668628178,0.423768766825065,-1.22623235589899,0.44357001186417,0.713648235528007,-0.952520381965904,1.06658069274056,-0.812729964921734,0.850886669988623,0.423266105648516,-0.0414637609307799,0.100311837503465,0.527983253648184,-0.789757527116237,-0.367219982979311,-0.683129272920769
gene159,0.655320622860536,-0.28350377223467,-0.801338061096747,0.703827000711809,-0.354644366889675,-0.309084986283164,-0.272138315734698,0.540585326301756,-0.293929265654348,0.30285779760197,0.143234613174276,0.212836925045629,0.488700192019185,-0.4293976129688,0.226133197263873,0.904702542973558,0.189490127896116,-0.0121839055842659,0.495737456864404,0.418224442551212,0.228077736388918,0.928102696980079,0.272425612270566,-0.646712396562577,0.215866582130243,-0.352550336391934,-0.452849145453733,-0.419381783603582,-0.328126604134087,0.0612170088296951,-0.619188438603553,-0.282602288476852,0.747264033896172,-0.186944824747364,-0.556333579473846,0.775090940966707
gene160,0.455583735952848,-0.873196395918776,-1.33263240937914,-0.483382079382056,-0.0900487824467131,-0.735394382336701,-0.10926975256482,0.912968298311858,0.435330693356779,-0.61518173202897,0.73456209652333,0.747543597078115,0.837913355112109,-0.318366292306181,0.4113189346904,0.744955973872699,0.993067639362211,-1.19086454195245,0.954353825914195,0.41380660895893,-0.339741307975651,0.342606801390991,-0.707337657091852,0.160940582971012,1.01068334635674,-1.28093135450764,0.088035637875497,-0.162222382988389,0.847895231455481,0.702443616576124,-0.686763293250762,-1.14738123487336,0.808088687316975,-1.03883789209886,-0.742908611273539,-0.789004232361402
gene161,0.62846211547576,-0.096631680726581,-0.43127172703668,0.594275273516649,-0.432912973340853,0.278032625535312,-0.621055255251563,0.868809714280579,-0.653089231780756,0.626989330146005,0.420865386694374,0.777822057645459,0.221549125341486,-1.24926228660019,-0.341588448738558,1.12999654512386,0.0284122758196007,-0.383559676218493,0.301322693548428,0.0801898967995737,0.771479022977186,0.856341539492369,0.756333973619719,-0.93333422196029,-0.182091535934602,-0.1756603053585,-1.59799657613875,-0.872687695865436,-0.890383181535975,1.03178056770773,-0.899922714962508,-0.922352479104685,0.881943906742809,0.140247580479114,-0.940875757239002,0.593843029956654
gene162,-0.168916465495855,0.285132950731191,0.108620992517311,-0.63238732576488,0.72124959946926,0.305933925490794,0.475534314145079,-0.744758419871347,0.24360548558382,-0.623864909161121,-0.390861090092583,-0.733486191951752,-0.386978985246352,0.817940793468801,-0.51186626737642,-0.579915155754538,-0.126297336336397,-0.006731560930935,-0.123629205667849,0.231973275537273,-0.489281092667748,-0.689617614976635,-0.566802981783727,0.503118442655217,-0.198708795802735,0.221845409949307,0.350587943076243,0.443365891110863,0.454723575687251,-0.503441893545152,0.585271310086933,0.931848615163953,-0.518974905935947,0.510392967927072,0.45725394177798,-0.248665347836501
gene163,0.656601149395426,-0.512125579350051,-0.609018322618546,0.278224971604462,-0.484700241461484,-0.879926834276048,-0.360468557682074,0.738738092298258,-0.368904054635405,0.181604980715555,0.517248897144941,0.592359164372989,0.391285895623927,-0.748290197783748,0.508837277815399,0.293798145911582,0.133318863712267,-0.535763060655534,-0.0639423634849149,-0.255656796822051,0.155626032598334,0.842849363043237,0.590454355945362,-0.251785042291646,0.494829482321713,-0.270625156652846,-0.0441740577790362,-0.857592290021644,0.158013072786201,0.73334377645172,-1.32625818051575,-0.70171654311605,0.30497918503128,-0.335492165471612,-0.62302804344416,0.107500034549894
gene164,-0.341370913951712,-0.128077923891563,0.255627871289091,-0.145992028127638,0.352331957435842,-0.135408332432219,0.472790666424984,-0.508579029169374,0.375275212144271,-0.433182315153566,-0.250412671595332,-0.367753222388264,-0.045360790668241,0.337694717869472,-0.330511561556446,-0.632068875016608,0.166634951907236,0.126990402605167,-0.055115764606911,0.478337290556181,-0.244290439643598,-0.821980414201936,-0.276479368459373,0.366491084951146,-0.342492329546351,0.213406756024452,0.350839166025363,0.591719213306483,0.494542778430294,-0.65754527456179,0.449036793638041,0.662730341347886,-0.418370118769767,0.21351890928184,0.489069406649971,-0.377324594498464
gene165,-1.02401162565062,-1.00342630003164,-0.40955950357911,-0.751090118470237,-0.0702513007052327,-0.591945293580718,0.939071833185878,0.412561310771291,0.224018744730902,-0.656091873120371,0.563162630592803,0.114691109937491,0.708714338905962,-0.229725795676232,0.411225711767023,0.0921441735516311,0.848814807517585,-0.37700895688653,0.795718683498298,0.42558266382329,-0.151781417396105,-0.0701950676987708,-0.479417626854603,0.262669662855943,0.740348774644562,-0.648889153532276,0.684563563400307,-0.157914179393448,0.422811956932191,0.445696262820056,-0.699257359151931,-0.552010281739066,0.298717559359463,-0.490789037480703,-0.50707856724556,-0.294385673090756
gene166,-0.288946460922598,-1.17461183048675,-0.540090250297069,-0.50508293507815,0.366918697362959,-0.531225667553071,0.708755370985424,-0.0253982464662351,0.599065327796263,-0.983846173855184,0.506941755395705,0.527053481744566,0.880309896093208,-0.300288069703541,1.20121887604892,0.315853865105301,0.814572823536373,-0.583278007694889,1.69149522912699,0.708484972316898,-0.53677476022218,0.0543895488353004,-0.646491178504481,0.101776503509982,0.731599022775336,-1.11550645151312,0.350638516268652,-0.65584694368891,0.669928839223734,0.104614630956632,-0.277338319565828,-0.35504488563952,0.570078859472079,-0.498915057042022,-0.520639832647018,-0.494178079528463
gene167,0.646662772432214,0.953393901775354,0.314664109290812,0.771004936785646,-0.230629282075787,0.403603679834205,-0.938431111483717,0.249802288173687,-1.2767506956294,0.502590639414323,-0.461402095729961,-0.391696493671136,-1.20595985933177,-0.277723604531664,-1.05157054055011,0.239591925241237,-0.718976898580194,1.09822879171339,-1.11460401267596,-0.708841197640982,0.78325607435844,0.0597267393806958,1.06493105351256,-1.01054060594864,-0.849238675768216,1.37515976302726,-0.832409933713666,0.207685185099789,-0.648163756935147,0.0277106236720529,-0.33152382151091,0.0607636176670469,0.131209396675165,0.988306781786256,-0.162086073500498,0.831499748428352
gene168,0.842465641897984,0.541321112749323,0.834330456150015,0.432205698877713,-0.168029119521108,0.387736542824344,-0.914511622109105,0.006269331562095,-0.73347439361224,0.408812102216901,-0.974314732353127,-0.0314867466124893,-0.706068549507089,-0.24018017801966,-0.547048939831064,0.386400062061121,-1.09325425237592,0.589032166120405,-0.439873361138251,-0.443029612962243,0.640918870106526,0.295273338102155,0.892222932236541,-0.864589445552693,-0.777405424041202,1.27556669231381,-1.12553833796007,-0.0998852629581395,-0.662364802827487,0.507898729430643,0.0731347125011803,-0.0933291817351969,-0.156737549251322,0.895994401118852,-0.0470399648610908,0.370059062001923
gene169,0.135129050241463,-0.625392380661943,-0.356565080320524,0.0089357368750495,-0.527098333368082,-0.334851825489816,-0.0674237057156326,0.474380555965863,0.126655817708909,-0.14056599192023,0.710748520374174,0.436941493456362,0.45655999622906,-0.431675775777411,0.557268476365939,0.392406869660302,0.585405222454204,-0.289480823778844,0.588182753480737,-0.0526154465977952,-0.039108676983572,0.520613399190059,-0.0623453280734448,0.319193229092143,0.428149636079844,-0.350539965293382,0.0659464390185784,-0.540186820493446,0.0573710289455613,0.415116430303009,-0.291447936183556,-0.180725564867404,0.377261427875159,-0.418892147121582,-0.515530864592304,-0.0494789950423969
gene170,-0.264274598161837,-0.680151218837666,-0.356415866776629,0.210881264530643,-0.633892898874588,-1.01595070425996,0.231544617077649,0.913398971310913,-0.270516139179218,0.391571851572574,0.66470998345714,0.727489894795743,0.661405023487086,-0.636800383281706,0.266617200806792,1.05691702675311,0.714708562646757,-0.510218404295196,0.902387991012368,-0.102100306426298,0.198527335645778,0.711990547464531,0.0266784412808889,0.0553743260299618,0.689517868302416,-1.36059347674362,-0.134035193225274,-0.785718306881848,-0.228330265227006,0.924775404706653,-0.725774576031578,-0.926079867251267,0.533507329563238,-0.312015184282646,-0.826104786582164,0.531070699741214
gene171,-0.660960773871394,-0.692652845970724,-0.600804311023852,-0.484257657994072,0.0843724415517087,-0.579564862447425,0.906374654294396,0.154562995919247,0.743699568768379,-0.517979055301959,0.783123407201066,-0.172021955493143,0.647586639966717,-0.110835872167245,0.67512703858915,0.176398918039267,0.686841158693081,-0.624144224275265,0.54854576888019,0.616673902625009,-0.526561505205957,-0.224975791088286,-0.589041610184518,0.426452386686183,0.65274118783424,-0.85317243293419,0.720356303866492,0.00018038690983,0.465108309715654,-0.0852785568323352,0.123194436332329,-0.0833933587823502,0.0802603033070511,-0.708489249461747,0.124016394983659,-0.738537118277693
gene172,0.212578033694142,1.39612361588446,0.88898630157927,0.337215215682125,0.58377006789688,0.925931374601541,-0.504964927814017,-0.762278985749655,-0.0164106762553419,0.249401493183452,-1.13013051354754,-0.745269655728376,-0.620477188067799,0.0756833918035962,-0.936234739863361,-0.549717494703726,-0.908928484898492,0.814149858901789,-0.912174446909644,-0.598319439542796,0.1569857120163,-0.0515305500962521,0.48434601740972,-0.247443094406064,-0.902047205320796,0.96977140126782,-0.0617149254910941,1.04435703364433,-0.616740973614556,-0.591855991140643,0.647137614597725,0.728099923671086,-0.638683354141093,1.05660626115463,0.63130743305095,0.561950530757705
gene173,-0.893795128425595,0.0427150601686084,0.261635791920331,-0.487107700530155,0.790581553937514,0.0902072778072869,0.64417976194756,-0.825013887478549,1.07996771377249,-0.462034084139491,0.256465003689874,-0.763476400136154,0.343458509582907,0.526046741663352,0.0481266237781879,-1.03591398231977,0.204390631293605,0.21839636020163,0.0165036340204514,0.39932046689514,-1.10054108235079,-1.01499291309152,-0.660683937928562,0.758344786637093,-0.279668098740595,-0.105185336332861,0.444123395999167,0.508684485419039,1.11720541880223,-0.784845110731329,0.361324831216577,0.823568969492988,-0.619739694656819,0.0866920361721103,0.935862414090548,-0.472259556856444
gene174,0.544092270474999,-0.0483667890165539,-0.203985677248069,0.43906923193602,-0.594458459344634,-0.142467383364683,-0.45913846104913,0.680396792154142,-0.315103150510096,0.289638289150832,0.0113869012123347,0.906257212727581,0.212959891164913,-0.716735452499401,0.131090256029212,0.591629782890633,0.166660470066627,-0.235342906523771,0.454629021070237,-0.804754708423604,0.602640885805409,0.769840083184173,0.370335915440891,-0.454652645863596,-0.106024409241715,-0.23917170672629,-0.263074362657686,-0.673522284787489,-0.566040675667989,0.992938375670967,-0.349707435334607,-0.626787728268011,0.632673297048862,0.0495358776582191,-0.802031179979303,0.372773485356678
gene175,-0.853310189195941,-1.13448643059226,-0.905198068763625,-0.742890119470867,0.395870588324049,-0.70530844015905,0.34051930716281,-0.013119589263043,0.581387711700521,-0.849503488238452,0.636768574283738,0.0948303851989767,1.07403863038763,-0.213719076541811,0.607414157615499,-0.395344618195273,0.607730477959399,-0.906425815685304,0.774700834138896,1.20482124025054,-0.705834414293201,-0.154111525066383,-0.823257751011652,0.654761489235003,0.771937700078376,-0.579520050775198,0.620089324116218,-0.263381413890342,0.734469892267593,-0.178619227742547,-0.184879325085271,-0.561566509866653,0.115434789542455,-0.670797968162905,-0.208992197147368,-0.328747033157456
gene176,-0.849171812195329,0.192561665938339,0.379307142683909,-1.12797901972953,0.562254965666912,-0.0607960027694712,1.4020075842107,-1.01225667201253,1.1049810544069,-0.82982352821887,0.670587170111298,-0.58024185621198,0.437199791561535,0.556844667833594,0.335604752326798,-0.349203935350094,0.188059617871533,-0.0053221627609313,0.825472052424031,1.35508341551353,-0.79508385206446,-1.30367852334623,-0.875340218921015,0.676959203266643,0.246266389055125,-0.0265733390953146,1.53155564247104,1.54629997179282,0.350779731323281,-0.2954179599573,0.431702914121056,0.85584145263835,-0.213197857982792,-0.106077852995492,0.655407315924187,-0.415649253359129
gene177,0.763356994797386,-0.889319497211625,-0.18499819132425,1.04508300536263,-0.644617647772758,-0.839495120447499,-0.763661939131527,0.554536653467542,0.13844231114228,0.945762073208967,-0.816043930375148,1.04500666017021,0.234656343609185,-1.09233779300135,-0.561673150441571,0.991979283829321,-0.0754776259509125,-0.443375876674,-0.16325070456471,-0.900557030954376,0.323913570706398,1.87568723854543,0.271337270173526,-0.591967470178154,0.549860870732328,-0.523390437121634,-0.639317049907538,-1.30602670741207,-0.399965306586756,0.991215783502355,-0.907769207455126,-0.94951868416999,0.760532094421276,-0.528126168385076,-1.58998711746743,0.424313209485181
gene178,0.769039155477672,0.622795838261923,0.607726420721994,1.13627244836305,-0.411024557855791,0.928340681218569,-0.617345046613297,0.138334351439098,-0.438607439067961,0.304448278838499,-0.321875214807637,0.712806084563441,-0.73448631368739,0.114090031304936,-0.252300248652607,0.627262810039234,-0.500207075740397,0.296625368457969,-0.518318441615826,-0.674290369452086,1.00466350296152,0.344366625543297,0.420522639933786,-0.60425436230521,-0.363288740197803,0.867765369040016,-0.819343028434697,-0.499067698668209,-0.699902399003052,-0.0240558557759384,-0.433331821906244,-0.331400114151819,0.625157719886254,0.344905767695559,-0.415251772383004,0.796071629355082
gene179,0.340508366977539,-0.706237352706417,-0.353378854155179,0.0776976036320627,-0.665590729208017,-0.554846943702644,-0.0890641683260629,0.528044248809362,-0.187460364202905,-0.104904932539528,0.74152886526143,0.549132267513819,0.46429191124585,-0.629869314894555,0.618275547339145,0.517015032352416,0.51517205196702,-0.622681915136152,0.504196107276587,-0.0534441515636411,-0.271153271949665,0.460644265089134,0.31690794787601,-0.0867801213965948,0.221674303907613,-0.44882327927463,-0.0633083296111942,-0.45116835107515,-0.104163077955695,0.505187684227283,-0.407588914735064,-0.582489719642263,0.583705914978813,-0.336986215306546,-0.582618945344281,0.168521867835911
gene180,-0.6879732680319,-0.137136280506116,0.155760070436616,-0.548477854930619,0.602191805224454,-0.135359617866807,0.322445857212981,-0.446920716805566,0.425987422688831,-0.61513982601484,-0.203882917415606,-0.450820289458028,-0.103578557813737,0.756399340597276,-0.373703826464226,-0.299883448693815,0.10554648881365,0.23783378530023,0.056113433928425,0.253552760254261,-0.570418458391949,-0.689558794572353,-0.466238834486856,0.747293611679421,-0.0092708790115149,0.0410555551751862,0.371782763999415,0.808402427701276,0.29422373588104,-0.516048352289072,0.605745598007821,0.625024896072347,-0.432182935448598,0.308222313083986,0.562651702249147,-0.177238265560486
gene181,-0.470532118745894,-0.229610652859964,-0.004036793303602,-0.639087413964244,0.381424575598396,0.209197479183884,0.565119704008095,-0.534288714802161,0.648784420500264,-0.543340589877575,0.362341030683509,-0.287644434950663,0.250721810252405,0.111188332632512,0.179594645536685,-0.362023404512887,0.155667437499499,-0.331760784481261,0.175237408154158,0.643231956638812,-0.902234854661973,-0.0991421933274166,-0.674003584730271,0.222832215943052,0.329701849742519,-0.255612981674263,0.602908641794399,0.446095356468237,0.779491140311386,-0.22784516696371,0.357331798445145,0.354124053934157,-0.332434638996683,-0.313008361080644,0.620112355558698,-0.466941718419628
gene182,0.455884491501054,0.630664286441068,0.449572880936004,0.941097633729338,-0.138660609241646,1.12364605273842,-0.695454830887665,0.0552858778709493,-0.805714083124162,0.443533240416521,-0.808045592625959,0.0553835903305945,-0.729631232992701,-0.239886827356382,-0.28207758772344,-0.0590366994636054,-0.0512358906577731,0.257394340439267,-0.606444126504778,-1.01996946882467,0.680629392411076,0.201661199027422,0.561359293494125,-0.885939894024691,-0.557377855233364,0.886816716414758,-0.560147088447746,-0.395012010122043,-0.779608027164627,0.0044192206906579,0.24930916903482,-0.0787455564452369,0.37568464015738,1.01020428710568,-0.575556818793737,0.753580263595546
gene183,0.807549820318118,0.0397446265164785,0.225207025958527,0.967820933326112,-0.987387021233394,-0.124275208675231,-1.07653761397304,1.0155895720194,-0.616128339504294,0.725348202215897,-0.103894396435482,0.829497112585886,-0.320982899806382,-1.14458887705225,-0.504361988266824,0.595444533036181,-0.0958048810401356,0.331323876147758,-0.409103966964497,-0.611838077700661,0.752664156418031,0.90628678894837,0.796977143109398,-1.08760583874982,0.0087742733685406,0.0730077905151748,-0.618471435435457,-0.87752702028144,-0.852527760458883,0.925750747273222,-0.705022110792648,-1.13300173032813,0.46027895286187,0.088603161685974,-0.725825281352397,0.594131760003649
gene184,-0.454818605936754,-0.969454196554884,-0.470313526546833,-0.898589877853022,0.460046640548522,-0.785017597970901,0.264651236454574,-0.285211021376358,1.1159162121122,-1.06629519429359,0.705449518291732,-0.145172171192615,0.524963009219724,0.17515635739502,0.891895257424216,-0.357367210323171,0.305657056763339,-0.802439548059614,0.411453733545962,0.662252536350345,-0.82053697903623,-0.436469891390951,-1.38044871304043,0.620095552695326,0.5534366667138,-0.603321769123067,1.12000291434075,0.093205804663797,0.387058756760876,-0.593932432770026,0.172555804431349,0.445496287046001,-0.594050442578966,-0.384794077129138,-0.097473800304454,-0.819629261233783
gene185,0.213080112750135,1.1022541260691,1.51828496964887,0.293890396917047,0.36938285512465,0.806016192055598,0.0212546153098714,-0.362206585135836,-0.766411998072153,0.612560055310489,-0.525533471802119,-0.229472747050427,-1.0536212633524,0.537165859446155,-0.915789834137019,-0.310482968112888,-1.0825253802128,1.42420623338826,-1.61963851873596,-0.588501755044367,0.722381065625384,0.0345768235241008,0.881886386093846,-0.329799004063966,-0.479812794174796,1.0053961417206,-0.554443679608179,0.319276911790441,-0.289281396088446,-0.340564026065819,0.561569188513544,0.351424935205579,-0.144482126988548,1.0396611591167,0.406003528548944,0.621262980926903
gene186,0.657416051539381,0.425853757200558,0.833503616023994,0.667771921730123,-0.475678014800222,0.454686418821074,-1.20824789744889,0.462013417839768,-0.969146341707535,-0.038877489236716,-0.265243687320602,0.111099383631152,-0.533955414664756,-0.357621148173547,-0.0605888434350316,-0.313638165878363,-0.478849110583542,0.575416617900764,-0.822353674224515,-0.667734813278221,0.370888806954371,0.352129917804819,0.304643602599033,-0.737330628266013,-1.26198808242931,0.675618680331918,-0.952193518691931,-0.0159443228763604,-0.819836163180869,0.290257930751737,-0.34591803545384,-0.162850051188368,-0.239756769288933,0.551311789974054,-0.178575632169949,1.11074658539502
gene187,-0.571720176323885,-0.0219897868598918,0.0411777127293624,-0.743955616170943,0.614798665557905,-0.0196255629630156,0.744312809814716,-0.82099011255943,0.807512727429289,-0.780309755485832,-0.421496032251581,-0.339046379225452,-0.128577053728526,0.628996117279847,-0.222460472104241,-0.967435223165873,-0.0323448062147336,0.370482351550248,-0.0459500023507807,0.714378843581411,-0.3166987247567,-0.854864269797264,-0.301937286201219,0.670825461557552,-0.214518432916348,0.215859557546942,0.0036008899048012,0.777860693713528,0.635183085771381,-0.726246225921805,0.676291966277871,0.732860222309923,-0.861203033017634,0.502597644764219,0.734059647022183,-0.55011007189701
gene188,0.290817378550587,0.0254206777130105,-0.317104801482144,0.237277395368012,-0.127250253122312,-0.242314064965976,-0.39283128269312,0.0958097105103659,0.0900699444210354,-0.100562002382618,0.421486303681649,0.907898301532155,0.560657518380112,-0.60239864090139,0.545077980235288,0.639876711271922,0.244084853942706,-0.324333806747343,0.534437513931868,-0.785345566152766,0.120173145814538,-0.183379940520646,0.23267173075312,-0.26238761394151,0.376848473414726,-0.38366571105327,-0.567064847353601,-0.773936139536418,-0.152672596435793,0.407812341423248,-0.487657198583937,-0.0363353229321539,0.751992763564208,-0.936208788852233,-0.68164905990736,-0.194488009459157
gene189,-0.452453430024941,-0.0410989642479046,-0.0276492318047083,-0.591554248608784,0.297257298066978,-0.10906660262239,0.550999099351605,-0.621066039600713,0.630535100620132,-0.398134609212741,0.255848908103284,-0.54028076818446,0.0919911308072327,0.541334261434884,0.0222567962635526,-0.290851467495703,0.214598800850903,-0.241778271100125,0.0167608942570087,0.486918306247904,-0.401055078605242,-0.617618456156192,-0.300397275807293,0.319209313990601,-0.208933159786968,0.165898464967554,0.410163384898455,0.274501185075562,0.41994263031819,-0.378911015645435,0.25038521516467,0.724893113044131,-0.646681573645593,0.0048330888645161,0.681495872097634,-0.196501227893706
gene190,0.761233208529328,0.0894434313227762,-0.0428369120744354,0.961732573121765,-0.573474438384417,0.324310549277384,-0.532640297105746,0.783636215825939,-0.700793025020207,0.758073645161431,0.0410092850256905,0.796111562066008,0.0549862000028444,-0.654862228759148,-0.108882066372695,0.632109081776922,-0.210986666773295,0.162564794650076,-0.0067455718788808,-1.3130470173334,0.293870299783483,0.486722326537654,0.740200389472083,-0.812735135582667,-0.0273111069325631,-0.537838024674437,-0.393720816905421,-0.931880407047128,-0.509758580537705,0.521039543565218,-0.672333796956463,-0.53366126495877,0.47374084147392,-0.0483027332810285,-0.953900193481998,0.510783364143982
gene191,-1.12492921288098,-0.739193280972609,-0.754971981617272,-0.386177671597505,-0.663472575732259,-0.336553857436889,0.983987500675541,0.374661655574689,0.473528857558445,-0.599939180796769,0.52966118996585,-0.128375981465117,0.846586801136426,-0.464362591254242,1.0048557458772,0.62369146768446,0.731699066716747,-1.11273375782498,0.482888842995968,0.795326413675083,-0.823730282013498,-0.154942058575952,-0.82313663118892,0.98008283932379,1.1657667622948,-0.789257727789183,0.920848059664464,-0.417860581768088,0.627364024304436,0.244454154021017,-0.192478680802167,-0.127529789977049,0.476565099084623,-0.941687610626889,0.21761537145017,-0.333705106176549
gene192,-1.19175155214318,0.14426591506296,0.0123883848096936,-0.398630480133749,0.803925261791119,0.502656144051236,0.116675503802274,-1.18154853327793,0.341142294392644,-0.917993194733315,-0.441550216324246,-0.77509256194436,0.40205205001112,1.46506211883595,-1.05097839355204,-1.13993287542547,0.376204806368719,0.113647695993206,-0.732019963993419,1.18250864858594,-0.0882845686498498,-1.23578500039655,-0.974697765962682,0.694044016168418,-0.917270138849303,0.264875306549916,0.650630894079607,0.753214087778116,0.759297136618248,-0.552394524998852,0.967413931041644,0.949566103628138,-0.473846322678786,0.538514770789332,0.663978848516027,-0.528260440202419
gene193,-0.410335980460554,-0.971143862099351,-1.50594121765331,-0.689134832500029,-0.270553758182863,-0.52845887820023,-0.0698698197677101,0.294910151338889,0.583069287324219,-0.430228652680419,0.795355939113154,0.332500704781814,0.783056356002842,-0.147738743297372,0.961190648907018,0.18795760187672,0.510450417343723,-0.97873805545867,0.846967895795352,0.80684875341619,-0.841632158562572,0.546086619721762,-0.640406284655243,0.829907633263654,0.277376691367684,-0.942281642180606,0.141943150666392,-0.316655583740167,0.431347593663488,0.341219101531206,-0.660452169914948,-0.153107174429067,0.160629523298685,-1.0784469719944,-0.696738253482687,-0.415724131351018
gene194,0.530144562610618,0.336523328676333,0.592509408387485,0.587777341148973,-0.305851399555271,0.595939934975636,-0.867846436038999,-0.215298470727657,-0.451078281764903,0.491917895156498,-0.706795903133649,-0.044704348390086,-0.787427475754126,-0.144727187132962,-0.609749894659058,0.218840984990217,-0.717014544318352,0.909412524170973,-0.682364651604662,-0.442925851486244,1.03226311835827,-0.0360712084480873,0.75143923022989,-0.649560576428653,-0.792986560329452,0.740920358582344,-0.45101444785115,0.143732582549446,-0.284989806733638,0.092072351701011,-0.306566403545821,-0.003452899147158,-0.0559518591642587,0.760091966129895,-0.0034863983512128,0.445411805432893
gene195,0.0065528626301975,0.523091590061559,0.868692049027815,0.381511252028309,0.0293078612495044,0.357460421615345,-0.49014995722748,-0.449702170083864,-0.482192518305604,0.214290510831853,-0.551266302794751,-0.231772964563114,-0.693579616531222,0.43211897746908,-0.391030165754135,-0.402012049499585,-0.402738342068743,0.753324727828817,-0.709890854527981,-0.166392316946396,0.407540087257859,-0.273051751376915,0.278501926859865,-0.512607486296113,-0.658926259559992,0.678799556843153,-0.566876681019147,0.251348870880858,-0.31148214755635,-0.17390498731562,0.519802720056782,0.337827436442571,-0.399144940163085,0.688390452728756,0.0302856172159976,0.355691603684215
gene196,-0.500775339306223,-0.26005427390616,-0.928694875755178,-0.423254318659434,0.111895951888661,-0.616200281712057,0.687792543429258,0.0048927585414418,0.646681251574094,-0.91693229968375,0.558768298886005,0.110800607825218,1.04534124159159,0.159263273503677,0.696815841566984,0.270658609013501,0.777526967838712,-0.405148744985069,0.657935406433544,0.367292437054324,-0.72367862612819,0.0275511333451311,-0.784099221995931,0.946914152882793,0.523138030300296,-0.793485437967986,0.767341287251564,0.0815157739147956,0.708228053720869,0.16220006887886,-0.0045660664000396,0.125436819088221,-0.0277075700261219,-0.509426852924894,-0.212725194190913,-0.777588162312824
gene197,-0.134473740209689,-0.500519298469839,-0.448099418366409,-0.18341188889385,-0.486965792563345,-0.484088615329305,0.0933118300451081,0.470721626628648,-0.0416770624735605,0.0701068851297499,0.570198563553311,0.460628384232781,0.446071718964183,-0.419734509354157,0.588679877424343,0.577150752581758,0.319128031808466,-0.686171835651432,0.503994040476565,0.185649786002316,-0.13381155101782,0.564484955853016,-0.0765418112275199,0.15830665162762,0.439250883295545,-0.469831611953523,-0.131347338245291,-0.667743916869916,0.0673506307371159,0.484745430707064,-0.363697256301692,-0.491520162559725,0.656461735024758,-0.548666357112251,-0.366893283275369,-0.182029105571386
gene198,0.063796206663671,-0.125220231118649,-0.523218038166327,-0.368291177108335,-1.06871441841728,-0.805401747754418,0.294688806145564,0.360200872256224,-0.283275358217956,-0.0544365599668349,0.35122411878822,0.354394626888283,0.541651046971261,-0.215098701043944,1.13896866629539,0.393274070092021,0.794567234130335,-0.406045400988038,0.905004476353491,0.0921422939702776,0.275595330528944,0.868075001534445,-0.579379872231684,-0.125649815298585,0.534773303821725,-1.05837572374785,0.018667663305714,-0.772037303222506,-0.372542184088532,0.92302469381809,-0.221958785311699,-0.370522528483089,0.150754480863845,-0.719521765796834,-0.4641684527865,-0.0271740066139222
gene199,-0.286302262193488,-0.621428743247532,-0.632540206642283,-0.0823299959047767,-0.281296045702537,-1.03237058770042,0.416617304820445,0.013001710986156,0.203256110046619,-0.383359188845084,0.739219705948117,0.524205356033506,0.54099627064884,-0.153864788834257,0.820115538468923,0.645656221202857,0.741727082750759,-0.616081633888657,0.563927214387457,0.354069451153816,-0.368129814521427,0.213872437614357,-0.101897227491255,0.623047321153463,0.994764957464548,-0.254822848259845,0.219826518478643,-0.188343750375055,0.16314052678803,0.57705476923163,-0.287480779754178,-0.173469149098035,0.317836399748567,-0.515314124248119,-0.140076070528911,0.0245541683833142
gene200,-0.952748827661418,0.737673823210251,0.848021496319886,0.907199982527098,2.13668146865521,0.876820305438332,-1.10237176018123,0.176027422735709,-0.450712887656037,0.970093953277767,-0.352531528077779,0.356631994187687,0.321723817557295,-0.135052898089258,-0.459476426295028,0.315028532492277,-1.14962679376948,-0.501489006487689,-0.670413588264588,0.19710355033813,-1.38082013873617,-0.502501585397519,0.424409333197806,-0.563680786900524,0.249771816643574,-0.760636507124878,-0.154413847291835,1.22331338215101,-0.522349147471183,0.464900634618774,-0.952484084860543,-0.694651609378373,0.0664324983746963,-0.0719402751026078,-0.52950434159557,0.770839108146669
gene201,0.546611093216229,0.677769368421931,0.296826572089748,-0.238054227249878,1.68419826068398,-1.1117308675475,0.14104756195103,-0.86153653049979,-0.582374151850809,-0.135585199056335,0.598845905188087,0.2263680316704,-0.402726305670467,0.918443278371092,0.827445704666541,-0.39336348730492,0.466120617238256,0.657741268777924,0.958248499882035,-0.58832537842245,0.0032650096872223,0.185982213869383,0.574514446062263,-0.0652951081973658,1.11475900687036,-0.967416073724508,-1.45843229125468,-0.238270142063703,-0.591807925992807,0.660416518018648,-0.594010842508789,-0.270542308519949,0.811178390113913,-0.207634083897327,-1.14583277540419,-1.28402448371048
gene202,-1.08173263766255,0.979314515959995,0.666794763628267,1.24354292673008,0.416681781568207,-1.09605011726695,0.555276817221799,-1.73162960822806,0.516349111127247,-1.22179222599125,-0.539288747006277,-0.790343173070232,0.774160039652437,-2.02093562035763,-0.877053539680931,0.473132200689432,-0.543869766509867,-0.265582730991844,-0.0255595911570455,0.421383153433882,0.195950317099331,-0.218518844050791,0.236028600936502,0.157511690781925,-0.050813472551687,1.18702742055317,0.238660225093601,-0.916825418376953,-0.406524994526591,1.91197562908758,1.0636023882937,0.321830232046807,0.532021662280906,0.104854768532421,-1.51776760286064,0.857213316857807
gene203,0.837666661852795,-0.685357503899095,0.434781409125503,-1.79095044544106,-0.146165338896193,0.589940901009265,-0.449724418447455,-1.03748739034349,0.411859311995866,-0.187694221912635,-0.0901089819371857,-0.949945652349758,0.819583310253086,-0.0403376871480849,-0.796754098354282,-0.117496033617084,0.0694042040102863,-0.0216113479048432,1.12834678185271,-0.753501593379168,0.449848407615332,-0.792423705612638,1.89018104985085,-0.978288553776232,0.19542961692518,-0.47229548437699,-0.252443507518769,-0.0351487980578877,-1.17939080352129,0.287713154874012,-0.379833563710976,0.969379370872675,-0.385498786527608,-0.844637221982253,-0.309831645230923,0.214513047732176
gene204,0.481880917276019,0.25186340663827,-1.61160438305148,-0.826078780303697,-0.335723903466274,1.38047998355461,-0.335398338885552,1.12936687227062,0.868309676499429,0.741366525973675,2.88852670013828,-1.16000716869373,-0.562058151615548,-0.839958702980932,-1.50299178786544,0.0775168017506468,2.08931274302223,-0.123973823959086,-0.22793358087733,-0.650055316761155,-0.0651685240273324,-1.18945940621956,-0.357943202291985,0.987419541570256,0.0606614903481503,-1.05888951033182,0.744766247079141,0.770316302486881,-0.0940398888060771,0.211212047536343,-0.565637356383549,-0.02601722076872,-0.797638337578652,0.357742752370248,-0.192187465269654,0.213900196061958
gene205,0.0297316021930292,-0.595949312654614,0.437086548083937,-1.36580178068023,0.357637676054958,0.738896434641145,0.0157341540368351,0.219955171853474,-0.502418728861382,0.559445033008669,0.928271167253584,-0.892048595298728,1.52321891582249,0.210701356247568,0.084903622179312,0.120916569881495,-1.51557604412626,-1.06814815630141,-0.38938361542312,1.46602162976802,0.0172143549736471,-0.605398726096956,1.49144889355468,0.0084129043929936,-0.280095345660222,-1.33016315746078,0.868743197419687,-0.923897491734777,0.314697450919998,-0.813274349823338,0.289668896971828,-1.47828204423534,1.55612755718135,-0.0098196935306013,-0.141669218005572,0.165970975489659
gene206,0.361668950886794,0.583505905684147,-0.551815796579539,0.603206219120434,0.72447143218009,-0.688522245936849,0.454921831946178,0.0681307052202013,-1.18718771568186,-0.0523710890418019,-0.0556367804574349,1.56917699225882,0.0649973942374906,0.732571920559498,0.148266051566267,0.0624294071844608,-0.116205202817196,-0.795605602385256,0.752949408032966,-0.671951031743332,0.221189789968273,-2.31254360503766,0.690561749104914,0.326582476826907,0.600275752556333,-0.178878288909406,-0.201801702919329,-0.680302788127126,-0.30122510565468,-1.2971832478638,0.155242992597223,-0.53307861539401,-0.579607400009279,0.107983828419592,-1.17864321616295,0.233662895591223
gene207,0.121363233347458,-0.187187018197993,0.140778811639291,0.154067039082241,1.63233989161853,0.86155460542247,0.202746511890564,-0.535220505645595,-1.01555407352502,0.0137681661993838,-1.20859175649095,-0.187648767319311,1.16291315226303,1.1415822929505,-0.614707831207841,0.563014535211123,1.18619911252423,0.0289301132341187,1.37617477032012,0.302754375103902,-0.340017996309297,0.126232481839985,-0.145645565301517,-0.0024206339421512,-0.433556019229997,-0.37164607085931,-0.265863279728653,-0.175537967463559,-0.173002662444937,-0.72287800260629,-0.604768616057782,-0.383123040739633,0.769913297867082,-0.352749826000083,-0.51878540840298,-0.565392783358753
gene208,0.433995984664103,0.275056445427382,-1.39941915485135,1.17234713242389,0.534436841506364,0.198604187805779,0.603457423791116,0.549537223586859,-1.01879579750043,-0.560769070564257,-0.619571577587591,-0.748088832804016,0.0358734831238648,0.157361774333536,-0.764373804784358,1.57809979616468,-0.461367441006168,-0.839272416275985,-1.12384700209889,-0.376605557288512,0.617161552344876,0.15888865918707,-0.0848137135031159,-0.853480926441883,0.706694010475536,0.912920626104026,-0.157428709152812,0.291424349201518,-0.727724514472607,-0.0762381925074145,-0.903255259268307,0.234774344330721,-0.118739172519436,-0.374221175883936,1.31784627226058,0.816339537113776
gene209,-0.187209713512178,0.406248493731535,0.290487194594267,-0.427166262167395,-1.2351111779853,-0.0352912638000346,1.09300037452964,-0.338334893029822,0.0349156274233147,0.601089600250074,-0.635553062709624,0.763717725213254,0.612707366515731,-0.885231582023865,-0.0048060896395204,0.055395311664609,-0.390440268095308,0.941856695058974,-0.13229237680082,1.3223413920651,-0.505949919856277,0.252825628639079,0.122449255147573,0.258840002391918,-0.419473941552832,-0.595199208102753,-0.383652358124507,-1.55081368129317,0.777949267185056,-0.95483741566085,-1.01478224062372,-0.946041929133447,0.447328562432201,-0.100387025938501,1.04637504379761,-0.0886095150012682
gene210,0.39882619259651,-0.435043729020931,-0.911806505836663,0.101918713765867,0.0054397646909389,-0.549306281173789,-0.445961306547589,0.722500528185445,0.318242533587784,0.142858504676032,0.814463188906365,-1.27282988183314,-0.0623266828892627,-0.767147347517015,-0.212854556779769,1.37426703663296,-0.305850247467631,1.25459147906561,-0.225984761722812,0.621627509507008,0.433573399319757,-1.48313858897086,0.367568970042661,0.691744782973599,0.528199736719131,-0.0834194835647362,-0.849133087255647,1.75997142883336,0.234606444504094,-0.570920043357073,0.0042846342780821,-0.865338847216528,0.0088407883314101,0.988343695308847,0.572428983330424,-0.197057716950706
gene211,1.38524639063572,0.115249955663653,0.0081482092742646,-0.393314153521263,0.378349521364443,0.1013448204111,0.417020148196215,-0.892487404413877,-0.150431577953812,0.440305612101842,1.20708026557055,1.77455353220598,0.464115118116579,-0.676125562290697,0.580830505994302,-0.546802745456503,1.23455824664184,0.438627233051113,-0.0191697299748549,0.678483207988591,-1.68516762233205,0.875440680952761,0.944468112453002,1.14237738386872,0.939576222881303,1.13703977396256,0.0374469932261082,-0.766076255175575,-0.0810914459918809,0.224496299471803,-1.07017632312402,0.433062604125824,0.218230830944554,0.310712426937454,-0.714838884585726,-0.165364357577149
gene212,0.171378566266028,-0.602925531595981,-0.497815841169963,0.124266994913047,-0.213267233287143,-0.144742337624678,-0.370862693471097,0.332462424989108,0.113341369454516,-0.0829118429991993,0.0064681437014879,-0.193278296784823,0.157956687123603,-0.194850305500022,-0.253123024743384,1.45651207103241,-0.729289979106658,1.62288263118975,0.127104312888038,0.438806595308904,-0.154152251110426,-1.51070406179477,0.549122618733505,-1.45018563525069,0.152541866735073,0.858182128716506,0.0172413089912385,-1.35633816007086,-1.43421148554655,-0.437147354964552,0.368987703757312,-0.598083954519157,0.0252447827020509,0.536392175240831,0.883329860443279,0.951174864661011
gene213,-0.239767929634622,-0.167918307729092,1.58648535910778,0.256341829992339,-0.639733743360049,-1.11585783938885,0.262712701069912,0.306884759228906,-0.247266650262501,0.205393274300623,-1.58722635118034,-0.838228290022858,0.515664563110255,-0.692424247689474,0.801138088130963,1.30496914520383,0.444573312694725,-0.756646039625044,0.503128234261875,-0.649445780384881,1.01134212519351,-0.356110651568719,-0.52547571863981,-0.228663622256792,-0.008338608858377,0.007392258607086,-0.376737066820917,0.497394628949248,0.565563842486004,0.413287178006867,0.512393904998089,0.0977960086835946,0.0790689752842457,-0.175372791104476,0.470596454736487,0.687237443518659
gene214,0.301813734087513,0.351391962879888,0.742407391410037,0.208371381345936,0.47212118151497,0.206864788508904,-0.08831456324993,-0.0086620179811956,-0.137614531998615,1.17320048942477,-0.445304075007714,1.91063974492911,0.871764665446434,0.0272442295018366,0.696753275124847,-0.462929508637527,0.671532838753941,-0.460677890044414,-0.117990840001177,-0.343154541262967,-0.325740442700878,-0.208437818268577,-0.779758894669902,-0.608294731317709,-0.852883519678931,1.09617418935924,-0.710689639095496,0.170929337085824,0.205576029748226,0.245009737041077,-0.713244682697978,0.0492661835343279,0.391074938621084,0.337254539712545,-1.77635472670839,-0.443693930906655
gene215,0.575217953875801,0.135328457403383,-0.431632920599638,0.728596193604517,1.81636076630951,1.71341454351687,-0.382411505107589,-0.474423760827458,0.0767609010330742,0.557501510845665,0.36102441777927,0.11721311803231,0.865927967714773,0.354662634216007,0.636549707495253,1.12754838406652,0.35216265468401,-0.0262215323125665,0.276298383062429,-0.511704482818823,-0.0551891182053078,-0.0148974481497168,-0.8373883546883,1.08262283696705,-1.53263524332313,1.78502149536907,-0.343442970437225,-0.190878673248857,0.0332066189317904,-0.121496525806404,-0.416889452571526,-0.472982725435674,0.0992698520157153,-0.626272395978914,-0.353703132788874,-0.0534129820952734
gene216,-1.73968216423674,0.510704029273157,0.459663079314282,-1.12541066246204,-1.42019385982718,-0.690891996737603,0.581687865298775,0.285904385609361,-0.805355181425565,-0.304059843434442,-0.0092237967968763,-0.850437805248695,1.45859795016609,-0.921772312584495,-1.47286932969354,-0.492789830444423,-0.881286364964372,-0.767512654855996,-0.633232210579889,2.19113049055551,-0.0796109041294204,0.281741470945747,-1.47234380139429,-0.0215391732252195,0.261459222465106,0.465760001025031,-0.476288142540786,-0.327004990671249,0.568213867448137,0.679021043503498,0.133402961962607,-0.523805687943388,-0.344037489484626,-0.515126914032099,0.0517507106338164,-0.577132491624277
gene217,-1.10156972536509,0.574592573373433,-0.758136859074024,1.46908587687132,-0.683392833261048,0.138402297101311,0.29503979969353,0.530650642199455,0.62398661906603,0.634030584291177,-0.811169260382677,-1.0658728121552,1.7655725366014,-0.903399683357632,-0.166917252107295,-0.582008038268087,1.27047983066083,0.283821650681916,-0.471438171045111,-0.0957582224060473,-0.98814581792986,0.158593579458957,-1.13749261113241,-0.15850182372701,-0.165059581221277,1.50703186254165,-0.0969067227454472,-0.855803740185323,-0.503183891259477,-0.30683765370166,0.681853951669162,-0.0114127330602338,-0.799130713705898,1.28688222458684,-0.297755051194449,0.026713574003653
gene218,-0.156984059909931,-0.149056679535931,0.751634717130356,0.0444712837852573,1.08462988250311,0.220460400109164,0.491179575667625,0.014871653662166,-0.205647117659892,0.791384418016594,0.960151009720894,-0.128208532179415,-1.56672084199565,-0.0665495354879345,-0.749497475995661,-0.560814938042531,-0.810233189059175,-0.820489308375885,0.202964184844828,0.368740194991303,0.713287465345861,-0.658477568317078,1.04354564767502,-0.222094719021015,0.419893379822355,-1.23339173276636,-1.79213151189409,0.0598310623194872,-0.741120158059254,0.852288939607241,-0.443556683294346,0.795729276822839,-0.732392107683943,0.350920526238519,0.36633782364096,-0.174316978833635
gene219,0.647444660094928,-0.415922402852985,-0.110799761646493,-0.398910749787619,0.049713797495522,0.152605315227738,0.475953956874604,-0.744966114100389,-0.422309215154802,0.990998809125174,0.907971134320259,1.12763385061301,-0.401571733194225,1.26073480107789,0.11302798176375,-1.71500899447233,0.70868652890349,-0.531310360733939,1.91959126188041,0.81068745202941,0.731079673667831,0.22782343776473,-0.184136695429297,1.460291030409,-1.41518395283032,0.504878751299121,1.04328319106809,-0.628671989692157,1.08628078583225,-0.730500771317775,1.7075004836768,0.147973138941605,-1.23271388536564,-0.531810895424433,-0.274428722970747,-0.256363179806244
gene220,0.39716144940358,-0.870585301108843,-0.0043768342927131,0.553539086178563,0.535191959381394,0.54836307014008,-0.514759070111631,-0.418887759803031,1.18147262661229,0.398290039994694,-0.707161847725968,-0.119251357162029,-0.0650966627937823,0.0394813254239872,0.0483269559055973,0.242289746129901,0.236894634037541,-0.798002837041722,0.335900993145321,-0.100901017811376,0.570511793490859,-0.355136917958193,0.263901042769103,-0.56540492584954,1.26189649627663,-0.978059208091187,-0.654111034633215,0.551629871939721,0.922729263688101,0.328794401796532,-0.870835980648444,0.964768756969272,-0.795382138928648,-0.0424473380219677,0.710123187316803,-0.212745029563587
gene221,0.456821556946382,-0.319107109736083,-0.53804053062789,0.0039595637586584,0.0222688712723859,1.13156241223777,-0.700061902940145,0.0858747464375317,0.395481334275293,1.9099974337584,-1.58856722651539,-1.02211505682208,0.112729275507881,0.826318236191787,0.667951736469039,0.312870227281071,0.192504604512988,-0.819187276624421,-0.754814294177327,-0.496511492345163,0.0908427925405559,-0.423674965908832,0.798537314757743,-0.154120584924782,-0.604834632057155,0.30701732019262,0.0586270016569699,-0.246225139812931,0.303065693495368,-1.26776190187441,0.644811528026956,0.227662841730581,0.163288844163007,-0.677498900786184,-0.15940229624644,0.853303477047259
gene222,0.507383064067027,-0.96793059330055,0.0878509545034318,0.117519402167359,-0.0008489890010387,0.114909646316791,0.455002004751579,0.34049317734476,0.136742885623987,-0.794084562471062,0.428278570734146,-0.892205523254875,-0.986779214889808,1.23270594761538,0.939955128558624,-0.455769972790396,-0.356793893053036,0.891382794663039,-0.0480766688960142,-0.634940195315789,0.744629667060725,-1.08873473949261,1.17504842571741,-0.610985869454001,0.125178180705929,-2.08688214783512,-1.22636471675368,1.43482543458412,-1.39681156983394,-0.0640255697988253,0.486556882382475,0.159055577945313,0.404152506422102,0.460635894817709,-0.232497012872523,0.380150406342065
gene223,-0.995003710345583,0.20139212870311,-0.425329300712232,0.353053970528933,-1.15143653775929,0.238519099290652,0.280399693691996,-0.87606324869894,0.938109377285978,-0.175069448512767,0.211212890104019,0.670174571045896,-0.653973899971168,-0.489821239379626,0.210382687187939,-0.23018452468178,0.33099688289697,0.261891853348985,-0.0190113616624035,-0.782431820685146,0.452888800949835,0.895760145005932,0.970405827977977,0.373342495453506,0.484748343191907,-0.0217245161175631,-0.18650000894476,0.20917497260657,-0.176940551366263,1.54441120481242,0.674172232682293,1.25159064011111,0.0421680247924781,0.397589526791074,0.643513041703163,-0.376048974663034
gene224,-0.400681615777039,1.03081829196414,-0.121501167747852,0.003844408184724,-0.676676415187449,0.248416556807715,-2.27247793946789,-0.321636981441424,0.180216233613619,0.193976737876829,-0.144683829244921,0.19609419098183,0.0085780085390434,-0.514336841267195,-0.389466958267817,-0.498921988501839,2.37895570215179,-1.00186286246835,1.63295062537707,-0.247625985730309,-0.303051209985211,-0.102006564373254,0.349309767490624,0.55205108275149,-1.34000731386715,-0.781546589026322,1.61353783771027,0.348006480885791,-1.04604227341594,-0.123294026427247,-0.63360100366845,0.143037514552699,0.155093966496523,-0.12207091542144,-0.836656107323599,0.32074126721777
gene225,-2.08700690647791,-0.330314095933543,0.0491608526043116,-0.778423380384344,-0.104554764810218,-1.72456624334567,-0.347715880186993,0.740778328752231,-0.60592116270732,0.38086485463019,-2.12712900995537,-0.0672781262092267,-1.15118515493084,0.293257032157407,-1.64331668002181,1.86508977342237,-1.62399311855155,0.8329790518466,0.387581978040084,0.0613171733329521,-0.74163006882718,-0.763501643203603,-0.968026671151432,-0.85514805552029,-0.0755206784386427,-0.339971506338688,-0.275458089725317,0.943168724025851,0.627007842008398,-0.297773301894368,0.48522017551785,0.793360104669774,-0.296437506173037,-0.429275636368928,-0.387963568821044,-0.24172569318623
gene226,-0.724390006352771,0.300928219065152,-0.236527849191409,-0.215186506355966,0.39346351167095,-0.598345797954357,-0.866417665056436,-0.647998091960941,-0.119812857096858,0.263762492027452,-0.283989636900463,0.0145743136400759,-0.317915804392637,-0.924231112864063,-0.0944127242466699,0.298780537529397,-0.387365811917799,0.0794113506886286,-0.25210137463052,0.333600091167816,0.51067437456091,0.0076726997645431,1.09362402759994,0.731414264410328,0.117620693871167,-0.401516904635808,-0.429498468617363,-0.480250162104541,0.181266604660906,0.826310077786092,0.626380598368089,-0.42942891632751,-0.950335687072503,-0.64757667735843,-0.88835679219553,0.134006313306129
gene227,-0.993394502062935,-0.562103543934272,0.0645254874801384,0.342369551866238,-0.68742432071202,-0.509075211005523,0.76598604762585,-0.228542338956108,-1.1697783561256,0.437547143543459,0.321325221947366,-1.17341827237406,0.567320748603123,-0.337685994626783,-1.07828646959379,-0.540292802943512,0.899529629305153,0.145149842653007,-0.111153569057909,-0.887390367346011,0.913265517654545,0.0542726370995715,-0.501729564750044,-0.47355921259773,1.36133606345138,0.275257453758705,1.11902953390777,0.273230573596021,-0.0937392635490414,-0.496922166590519,-1.79018204088149,0.136413752949288,0.478911603150623,0.685160943160347,0.693618266574136,-0.0370245180005961
gene228,0.564746300076556,0.0904054675544076,1.08128868003105,0.863407815285729,-0.40113417090283,-0.768599498373528,0.380580805111726,-0.943103652385674,0.475390472883806,-0.39324732816612,0.0998226731263821,-0.0178304820139194,-0.192113589213371,-0.755393431859445,0.0723417558981179,-0.180233185946839,-0.809364522306279,0.383487904302185,-1.07835730039055,1.811395927946,0.483627644688675,-0.0286598660749743,0.178800119780779,1.01263249644093,-0.136368061973446,-0.0940888179067102,-0.174648255313579,-0.308498403612314,-0.505876412970481,0.38352545836264,-0.627343926679972,-0.155199423020891,1.76356254200359,0.0329892617904469,0.0813707026596339,-0.17662453755455
gene229,1.14192465401866,0.422009939977117,1.12361351267894,1.22320825618105,-0.17851068177446,0.838791855432467,0.864872491168917,-0.488046738797064,0.214926414182329,0.0626938488932314,0.353776546882407,0.730824838912577,0.415865638531607,-0.156739107426869,0.661919527002967,-0.422100557014089,0.992211635002371,1.17744458275593,-1.4942488729823,-0.603700604352419,-1.7592772952297,-0.175751783626474,0.0088453855922267,-0.681086291621859,0.598641049951697,0.379270443205666,-0.639198196160123,0.709919125905528,-0.998076053120514,0.42642012913001,0.0017000804746582,-0.719108946509806,0.347987755067294,0.577613295068957,1.55571554646287,0.0073793517719418
gene230,-1.15065447328814,0.0775859055708752,0.376778099562443,1.3041721358252,0.345950795581184,-0.615031660851818,-0.323610648694402,0.549353960898346,0.127544242978914,-0.528782943691163,0.861236306157235,0.017688125162721,0.707887488352052,-0.489428410493863,-0.458034347258776,0.371947800714149,-1.2976764074132,-0.334265384470844,-0.487971477816473,1.24475186647159,0.132702238066455,-1.5946260435125,-0.104432380718746,0.194507942736281,0.106938460548083,-0.122437226659243,0.761457413577113,-0.66504263614728,-0.470740635670759,1.42705960576344,-2.55825570347206,0.142685136878553,-0.469036671663829,-1.13632535099886,-0.0752248633541579,0.41220522812428
gene231,-0.11866717421607,1.31325245314448,-0.835304607599878,-0.168793144870804,-0.436261176750376,-0.950743403707774,-0.0808539886864294,-1.94237176419092,1.30622434632954,0.119956143531054,0.0403140975641057,-0.151831461001451,-0.843839201657571,-0.39677439979477,0.173156165815956,-0.634352064085788,0.0839826714850532,-1.24504206901982,-0.567439849320163,-0.338581363012413,-0.196432520382513,-2.24816615637322,0.353072595978655,-0.782007446713775,-0.459237436086116,-1.59429230424539,-1.17359204989474,0.575161881865152,-1.04862239556055,-0.235173410270762,1.91875784349329,1.37497973507494,-1.80547133598263,-1.49104052986081,0.151871647311384,0.440282561385198
gene232,0.340227908107078,-0.682500306067433,0.0083174987344535,-0.217099963894294,-0.271956829817698,0.315647350049341,0.431589923380483,0.138295710579625,0.63510476350792,-0.119551546396085,0.689403421857714,0.457415572237432,0.356160103353672,0.0502870482343282,-0.172055956891922,-0.432480342264598,-0.845314194088751,1.20534254254113,-0.0735911529024817,0.792614676396629,0.330889862171446,-1.02762509803076,0.106639109470448,-0.635027004590175,0.218379606051268,0.0076935361100537,-0.556187166945779,-0.624048336025746,-0.836075042362516,-0.685182481668213,-0.257181597444053,0.0687588332894366,-1.29639185861857,-0.475664611966075,-0.175399238552512,0.851708019100112
gene233,-0.228475912902576,-1.2516568827052,0.194884386850531,-0.919475090881837,-1.24538658864197,0.513009811523316,-0.285617817805691,0.836659844701272,0.160264157712737,-0.269572403798807,0.794924637811882,0.417258509494606,-0.0275561398831295,0.0278792042505817,1.7483381098497,0.934051222925223,0.411486503150206,1.06911387443597,0.211457031075509,0.092996083970008,0.563883484490872,0.202599103774462,0.303688852915723,0.740166504975254,0.326078647594613,1.20515933868136,0.508432229032393,1.18056766440274,0.589919026506022,-0.384209880448881,1.15739351136162,-0.679156517769413,0.0327335465705322,-0.112511193170552,1.17397757883494,0.0633491660922632
gene234,1.52646853987771,-0.301408797344635,0.407908245353078,0.40223175239917,-0.313474390982394,0.122998611847162,0.837702563768726,-1.2929092142187,-1.09413433183278,1.38982976037135,-0.224373403691469,-0.571475988115483,0.519306317133069,-0.7592916726399,-0.405429394011315,0.870807032376958,0.878660478466636,0.0823266914767424,-0.261271089800871,-0.785525002108998,1.72587148286766,-1.15084846144442,-0.446753647381354,-0.414621839187254,0.210720642241891,-0.515381841503292,0.862073023690838,-0.543173231119039,-0.778002038271073,0.428676787147974,-0.589192908786049,0.369113734566783,0.648670806577845,0.5308644226929,-0.324030426389918,0.283502184299046
gene235,-0.335737300003713,-0.16473888305727,0.361496886189747,0.025621344237913,-0.894530643571376,-0.399235154281757,-1.76045342937781,0.0024048888000762,0.75298492038674,-0.356093193337658,0.412380128725183,-0.066512413221051,-0.814785095310024,-0.675287232573008,0.67783245433335,1.00922138383005,-1.05515545500306,-0.0298385479894539,-0.309038551816412,-0.663317061695812,1.78321427634373,-0.0710997996337647,-0.963485966017861,0.751060844230375,0.738960947068943,-0.132000523352255,1.02195531716477,1.73215972217456,0.134909687731346,-0.570992106404951,-0.428370208148311,0.0592964731627431,-0.832602669929116,-0.0220960439511289,-0.270044146654625,0.0512910097639298
gene236,1.23811202928984,-1.07455073069629,2.22607018242306,0.380397277653666,-0.644321568423577,1.61760342991974,-1.04670994394897,0.482907737198648,0.596811060349751,-1.25912001980672,0.921575174839194,0.547842076851048,0.347012565737834,-0.139661410729282,-1.33169850596646,0.0218916580381536,0.274677359458445,-0.595993363955781,0.377382744360274,0.691816387212126,0.962447653540052,0.982845687935242,1.06640492292677,-0.313435307325826,-0.014094853748377,0.746171804575346,0.944308623889253,0.429970421917504,-0.274558202271032,0.85652969428813,1.15579639614438,-0.127962822975582,-0.927806189440397,-1.51167200815198,0.204779746054544,-0.262915468058821
gene237,0.11852577728948,-0.860890307937551,-0.628963307853795,0.242445594569958,0.363674662145904,0.690776858902076,-0.323525085836621,0.216031372557996,-0.569366576656309,0.877913868406443,0.257568619267252,0.755074882236676,0.0597181111036298,0.632612661182275,-0.6182130204214,-0.155994698890276,-1.17734650620464,-0.395537333195739,-0.102341222521963,0.970100444690854,-0.533855190244916,0.591648211739983,-0.0410877388487111,-1.38916862196375,0.602313295276762,-0.310042098659539,0.0100037894239657,-0.0510848236015779,0.0087102351836301,-0.129302277914798,-0.760514387708983,0.539876692463844,1.21258403882691,-0.72556510281783,-0.141753537482756,-0.535546964819634
gene238,-0.716437246939489,0.485730900381308,0.241885000210777,-0.528654510214726,0.600428515763465,-0.258341185934783,0.204025555714874,1.13307767318059,-0.240840105140502,-0.621295861210511,0.0178320722683437,-0.772128509522611,-0.966624720183572,-1.42970182867898,-0.361618111139594,1.57896224462452,-0.44152436441051,-1.51879864749081,-0.551007518848567,-0.495776771040232,0.545034236168407,-0.225974114833631,0.0058554290114699,-0.461143043003652,-0.787221660208937,0.727515061210124,0.577048190972042,-0.324583410292088,0.0773069730286252,-0.428926142073213,-0.164852027905373,-0.831019438032984,-0.628184596502383,-0.633726818781138,0.0534973315171998,0.804449174437799
gene239,-2.30267745331949,0.57076010574626,0.428350679200686,-0.0293413894060847,0.364524109584713,-0.68464214252287,-0.489237770201539,0.275986625524117,1.4965369328611,-1.14412643607826,0.157801049918963,0.844588913299563,0.693372687031294,0.291035515231967,0.0015727349214931,0.254691942886453,1.41074068984136,0.0969938724061042,-0.235739891600542,-1.29307974811624,-0.505790692509491,-0.170184686045148,0.116952049616567,-0.197802997973356,-0.0768859859829996,-0.525479939394356,0.936473549772902,0.328587846573083,0.600036462566344,0.369557078187903,1.24564409614773,0.552153590103531,0.5381959624379,-0.164856989785822,-0.52388532697164,1.02588644316228
gene240,0.336043267747494,0.885567953663039,0.253128928032337,0.187623068680207,0.11669399413654,0.671210456655634,1.256045921753,0.736870740701677,0.410824484409997,-0.244949726703148,-0.206928313061225,-0.932176862165513,0.158873312776291,0.230844724084728,-0.337553322734198,-0.81357567941434,-0.58406185285155,-0.847517591205512,-0.807767398566914,-0.126032040162938,-1.50936820872567,0.777544433811129,1.60900806503028,0.294926311524774,-2.03042986570263,0.715495254046535,-0.560844244116727,0.390701970405092,0.741095177131143,2.26910554146597,0.0436332881668515,-0.19956907834797,-0.23925624671963,-0.55211866025834,-0.885377982093936,-0.223034461946827
gene241,0.554774199205064,-0.629893840037901,-0.0077352278012696,-0.0617744358428579,-0.232813020074887,-0.0241594543550788,-0.174593531256614,0.742518351380788,-0.720070503249795,1.12150931149279,-0.287701195482188,0.0247079487198573,0.566830998181065,0.923508976282648,1.38138267795211,-0.544436880832079,-0.0818184017328875,-0.711426482018207,-0.554162635099438,-0.226743612145363,0.993856020639935,0.61553293236706,-1.12783325346493,0.10747811467422,-0.152667786147185,-0.490264986710279,-0.837165974159211,0.120998560612132,-0.230308482779022,-0.640168743233216,-0.494991076690813,-0.596287246480899,0.408310401295921,-0.0525944872282289,1.01226961713603,0.382658949236157
gene242,1.46483101965208,-1.64116473211798,-1.43589959188258,0.124665229695514,0.24325391239989,0.108100936619659,-0.649914501176215,-0.731192884226202,1.11429121320863,-0.0314819314933386,0.437933716697215,0.946816962057542,-0.361347760448799,0.364595049253186,0.75931161242606,-0.929078454653038,-0.641876710051911,0.806393723641139,-0.333629531059378,0.285122019622762,1.05134010769972,-0.413495917150157,-0.191783454024213,-0.274380895989107,-0.499666667665444,1.34315796701211,0.0990153111756528,0.260816488299369,-0.735351892444606,-0.450299545845319,0.0834263827086197,-0.789595367323077,1.78926067169298,-0.0926864675535708,0.0587562158521769,0.349780043842556
gene243,-0.140950894671014,-0.108170955899881,0.478576617002842,0.721650179392641,-0.446696370921245,0.0904460060414517,0.292298581254564,-0.720912583260355,1.11545742349994,0.0723514611326398,0.25018658090418,-0.724955103409724,0.326465460423192,-0.106079405550242,-0.210374534860192,-0.740032551478465,-0.796785607247633,-1.09773040864117,0.729120694569107,0.184735567210662,-1.10867996268513,1.29437790744529,0.694057147090954,0.430543450646344,-0.542519530958811,-0.12559576954858,-1.04451228252557,0.484690183367434,0.359624675775933,-0.0259336616650645,-0.682253581144429,0.613700470586799,0.0802183124427357,-0.673257941631746,-0.404253416830163,-0.662347661636425
gene244,0.353311657261447,0.0715068672863401,0.534330882141826,0.188401022470187,0.768366509305242,-0.213902004428783,-1.28350495347192,0.216098130112794,-0.191003300292554,-1.02675799923373,-0.593417493342391,-0.322812250162629,-0.686165842718948,-1.54700245671095,-0.407232680630446,0.851945458406582,0.192688382511714,0.298979530124999,0.476645577231486,0.853127716803551,-0.611196866152832,-0.207012668266276,-0.973744897276825,1.16209246774259,0.929569682080253,1.10594584594397,-0.0233447969828049,1.90662997865292,-0.244743779840819,1.15474280357994,1.27899599143359,0.277088246324333,0.336852385670322,1.00936001984505,0.426632140146118,0.356200374056822
gene245,0.11118096307033,0.66344084215729,0.0874164507767647,-0.201145780368925,-0.156327201882268,-0.105485618692492,0.980928080256669,0.373713150567039,-0.601520412447264,-0.119193719182714,0.710752803056799,0.617633391113614,-0.943406270884673,0.0728586222977889,0.143138893001703,0.706522538620518,1.29571256151193,-0.325295750396557,-2.30917562568777,-0.707840149609972,0.576639239011955,0.986456944392344,0.215981397963266,-1.06383738916,-0.40762271312484,0.716479767482538,0.241964549340299,0.0361946301858201,0.0235150993447664,0.245590544214841,-0.799116261936716,-0.481926605306483,0.59758947770763,-0.591049445145463,0.266637274356966,0.0759298748491308
gene246,-0.132557968399375,0.94118636950362,0.707250256526604,-0.616047992031453,1.50019469570268,-0.182782806681257,-0.126188906513293,-0.481599096737342,-0.0835523958195123,-0.128903512162187,-0.668316601978898,-0.0181645371558884,0.148192222101941,1.12248613329199,-2.05420303019791,0.522761494530874,-0.0203321466687923,-1.64013010059235,-1.058031894848,-0.0129049297682285,0.163435506658455,0.635006269062598,0.526699921686918,1.75674117236451,1.74937567004579,0.867269208445762,0.0719198870537315,1.19829036516278,-0.364830512783094,0.331867299931173,0.425175570044364,0.0695688445047805,-0.469463412365317,-0.124799230401785,0.976813861977245,1.93679405646826
gene247,-0.294093651013008,0.546463552813287,-0.99697340949539,-1.7710292242986,-1.13886602569494,0.200936213908671,0.526372016989576,-0.274870247810063,0.867742131156138,-0.0141644701057592,-0.250878682041297,0.0004413236220657,0.443545194963694,-0.26956521094684,-0.0928636181744631,0.140548698005953,-1.27722211331076,0.141649715289601,-0.766179572613429,0.816921901363269,2.14839216243027,0.177299685929944,-0.133748303350877,0.118204851990427,0.905955510532908,-0.151940664786251,0.313715699698442,0.711340692568509,-1.63654042354736,0.578873778316328,1.88703834127598,0.21076094700553,-0.269316191632906,1.04263211557248,-1.43920990758232,1.77534896795506
gene248,1.16254515541917,0.225494112477114,-0.4472871913357,0.0982784000017302,0.50519946636371,0.184221311311149,0.080025779580086,-0.171535839542678,-0.440828839096205,-0.884200494380312,-1.32482455598913,-0.573887052819449,0.231408384241677,0.133423630479175,-0.559758843015255,0.576138816051914,0.476887617502783,-0.575243713401573,-1.13337818063512,0.0671580721045177,-0.270552888833747,0.220302046186151,-0.0136475322671094,-0.24886204313227,-0.413791413706072,-0.153111480364762,0.85648465945334,-0.161265889624493,-0.579886970351351,-0.278360794435038,0.0712408384467288,0.8832828384905,-0.173049101810781,0.744520681162206,-1.09280835228765,-1.01247745332479
gene249,-0.251351848727546,-0.336323575893156,0.134076843092886,-0.573035187138823,-0.40524787132906,-0.410139208259918,0.0267976276107681,-1.08460634579402,0.259232056228368,0.164216229422849,-1.1835380382223,-0.354866581962456,-1.52362609418973,-0.0809996550337187,0.868366982399204,-0.914018693121974,0.784937717142157,0.283920537136043,1.02910053222411,-0.525430957200019,1.02850589744223,1.4057621857925,0.646923826328976,0.800591224577772,0.0589876290800671,0.242520311651937,-0.880260518314158,0.0521939112226375,-1.49847924622057,1.75818793774669,0.62089304705228,-0.39614359529064,0.51290480860855,1.02096315518077,0.715197966872405,1.0636407953001
gene250,-0.43125879596782,-0.678639230711011,-1.02872071716306,0.917079507941351,0.699767327223033,-0.0816992754145346,-0.4549814039283,0.629818291899853,-0.0267095552260871,0.361795433351859,0.0997092017904392,-0.281467665500779,0.44099071695564,-0.194691482623964,-0.38051725968596,-0.104683721189193,-1.2479511618521,0.756642675001579,0.790146265441973,-0.358225853299248,-0.0296601807647986,-0.230070840610956,0.663145382584457,-0.578778207163256,0.850461746020073,0.438486558956044,0.141992044742324,-1.6633111004468,0.602962961473466,-0.619135945594472,-1.09388170026355,-1.64839027380517,0.759297806125746,-0.412946773268827,-1.10410638729484,0.299069300446189
gene251,2.35782781448896,-0.769732067086613,-1.24175599093466,-0.443967926047394,-0.466235358241428,0.748065040214672,0.421996473644963,-1.31175748952737,1.41709786488355,-0.509552189399131,0.902349362158522,0.19487445421524,0.379688051872532,0.762473886361359,-0.545845034332061,-1.18905246163408,0.0283304054558442,-0.508016387954758,-0.31463668169092,-0.872915121720358,0.692180823564915,-0.941574935362391,-0.179571403448355,0.907475453372301,0.225685445957333,0.350935057092826,0.004952676481597,0.255996781268396,-0.449168004007543,0.709130378189259,0.256542884889134,0.16853178487398,-0.433663422826054,-1.10036638042195,-0.139714434549601,-0.277112960548189
gene252,0.814996223284005,0.150934177665485,0.458624341075154,-0.984461478547781,0.147239069849792,-0.504652196968337,-0.0153307949522353,0.568889696624285,-0.342521981062352,-0.450497917166304,0.52262519277072,1.42297149551144,-0.732453660597229,0.213458699143645,0.562915801779056,-0.2304470507822,0.435258409198014,-0.914153777452738,-0.293808201347827,-0.271416339354911,-0.185544868857464,1.67605536643131,0.616572536344879,0.373960888866233,0.0195278710830331,0.579172345120323,-0.0100284806474259,-1.33487398245296,1.23040571227237,0.0830867315981702,-0.570757426651618,0.498409065994057,0.750094718600754,0.618162768525373,0.840834872496276,0.271628589579027
gene253,-0.125688323651172,-0.761618491325575,-0.314967841189248,1.23072719783137,-1.8086851719304,-1.01858377013635,0.519616128565905,1.13219402352962,0.575700498151768,0.407030425293658,1.17782278776614,0.503671046316368,0.176622962577291,0.534781528237927,0.0436293382121983,0.0112012169051563,-0.914256575591774,-0.485876408394312,-0.322348896071279,0.234457201557665,-0.257489298092142,-0.49635001781786,-0.0571993154943676,-0.43579994566844,-0.356392600784391,-0.568161628974049,-0.387107942801755,0.356015900682228,-0.135642680573228,-0.714288562205863,0.680503900732323,0.351072150017653,0.3764493651847,0.145760426693176,0.653108518539239,-1.96810733824279
gene254,0.178319113991448,-0.508377258662936,-1.40438694595154,-0.755188441373175,-0.115932972237853,-0.480036351115002,0.832936825621433,-0.308200274209388,0.385848067583589,0.736929393525457,-0.444828339170907,-1.37911575877487,-0.385537310495862,-1.05542086654446,1.37997392548967,0.484857035332281,0.887849234115509,-0.967567207596057,-1.03476709665847,0.0604742487947921,-0.0758485404576017,-0.0977978955892066,-0.208435002492105,1.11700387186352,-0.106611597786157,-0.239373404484181,-0.350388784236895,0.382150278110706,0.468072443473379,0.392961370016167,-1.08408898924058,-1.02122756623697,0.0488830970881232,-0.238772499070518,0.791208598862571,0.597425963831803
gene255,1.09285475199102,-0.809392360247747,-0.905113348418911,0.742126836210194,-0.441530918713433,0.291465923524288,1.27555763354184,-0.0842559251179125,-0.383546089865063,0.136626408139643,0.761820531955036,-0.760216018039766,-0.669431111335378,0.781431701671844,-2.11299305467696,-0.656036468410545,0.441537818182808,-0.403727278861944,0.20669165708047,-0.244845549365558,0.429270828376877,0.973061727094413,-0.164883175214273,-0.234161051451163,-0.201736151169899,-0.428743669751255,0.212139156946381,1.92348146493438,-0.0400541547899282,0.384105401950735,1.96105492519045,-0.946640813811445,0.131800546771609,-0.779883810213472,-0.463409127004935,-0.0114539935015513
gene256,-0.548036290443328,0.0843067092965595,-0.715617587502694,-0.162295285846406,-0.345222242903587,0.592541287946589,-0.527456223089283,-0.332237180326934,0.519529563463733,-1.8273024178443,-0.671050765356999,0.545147033284488,0.112389764382561,0.391200762385818,0.520437126758852,-0.860555124455389,1.06585917936382,-0.296978829109653,0.491595013392703,-0.606467752260674,-1.04880373333929,-0.328447914053013,-2.03136620918046,0.663384247943074,-0.575750029645192,-1.59052099165215,0.581824185517891,0.227449117039522,0.157430170625425,0.389148738136097,1.24742494840151,-0.20983671807383,-0.137264999917394,-1.77079649517595,-0.196323886906328,1.52069814764692
gene257,-1.29600946903761,-0.420386048885233,-0.255464265712856,0.438011101991101,0.0904230662188032,-0.541910954978004,-0.21176955277607,-1.03713015631297,0.496789987229253,-0.516078052286008,0.813519427798018,0.64270571898322,-0.231274413619316,-0.108856728546625,-0.242212940022809,-0.223602818424603,0.685162453040321,0.853116325500924,-1.43318768729466,0.118818699837472,-0.176872411289337,-0.826762581854361,-0.272145195945085,0.972182988340763,-0.0163466848790494,0.370207737374613,-0.123696372893431,0.0271701757857935,-0.10275251778065,-0.533676999227622,0.199728862488947,0.113756606471504,0.7477093901037,-0.114514916916385,-1.60218840543446,0.410356658906448
gene258,-1.37656127714928,0.398106957330413,0.0387652500272037,-0.199170597571693,0.664515259647424,-0.748181424604243,1.29137517286771,-0.0437856723352951,-0.871325803514895,-0.0995784988301173,0.623738125138673,0.033267430096617,-0.309653356697404,-0.0647601952210699,-1.1881597447252,0.381322255277716,-0.182380900467432,-0.427498223390974,0.301908329956226,0.231983958911032,-0.23240269584962,-0.212523624533434,0.798385467951009,0.137671308956413,-0.353228421942812,-0.33147745522747,-1.42529651468993,0.560056645272088,-0.877602757294679,0.187853969032709,0.125130627265202,0.311976554991763,-1.15064342870133,-0.206817318239403,0.918735560178592,1.15878017141847
gene259,-0.0667615741738198,0.0868790990573681,0.145350718690948,-0.454367504873414,0.717658362675655,0.181572611029576,0.342148216907849,-0.788511735515696,-0.345075116159351,-1.71706707066884,0.691264015990373,1.36588140187744,-0.533581640750422,0.199382440104051,-0.0005494901039921,1.20306670068948,0.360604910293508,0.547306753441466,0.920241403607419,0.23113334936181,0.745936197444712,0.499509777382136,-0.442486982804113,1.82663556659323,1.09523468907978,-0.263163695397455,0.758846256391945,1.01450922195769,-0.164387338545871,0.245595617535778,0.494341620671368,1.39840730102379,0.0496597203407353,-1.53740316432381,-0.257286970069184,1.00762061466817
gene260,1.29300390848057,1.57882094860464,-0.354111718034052,0.638278624314822,0.547848788656774,0.384702310677445,0.130218110902441,0.412185904878986,0.139239859112391,0.86507363808767,0.0387658256608694,-0.153791199574424,-1.00711581215172,-0.411651448898979,0.123933197179289,-0.444766152985554,-0.415685317941168,0.556313260696327,-1.51905393664048,0.0728371924406706,0.592283477423967,-0.0020563933419432,-0.668773650172983,0.707973178170658,1.57146890664709,0.0108548423989041,-0.147051811131204,0.232514358110734,0.229229375843383,0.91999344894988,0.0345394821491241,0.453144360395972,-0.290693742977491,-1.12510362543435,-0.935246585978142,-1.20081998359044
gene261,-0.0990493564980328,0.449023451589359,0.140391590728448,0.439662066069785,-0.45722163869807,0.178901910125764,-1.24318791360443,-0.274739885905263,-0.0067132489643285,0.616002045636383,-0.672972027756292,1.1493309243378,0.999782161421254,-0.0573212748779864,0.182489233279967,0.201323930657207,0.667909010284876,0.345788486885902,0.0586387999548458,-0.905644664787518,0.256976759297939,-0.733145891459158,0.416022518343563,0.227329384122975,0.212333127675704,0.326732356433857,0.42155682521616,-0.540762557142211,0.597009646455481,0.315480942089757,0.170807161406801,-0.842949314445925,0.436861773579547,-0.363873529154323,0.4463071588572,1.01372012009611
gene262,1.02055834682784,1.02157023440593,1.34063032178343,0.652517626910408,-1.12956318391874,0.621813373193757,-2.37806576648805,-0.980612948723647,-0.238902313755533,-0.778153165196554,-0.823189896322468,-0.0390238127714431,0.697730587139552,0.473493704376939,-0.291182102060755,0.697720452729451,1.40260934695511,-0.432299448694247,-0.135205193359923,0.833988137422564,-1.4930310875476,0.0222097655453405,-0.307659365018712,0.1704153642668,0.516387935832809,0.231555733744094,0.274365263540217,0.901250314992351,-0.108401693679996,-0.128448217388149,0.233048214536037,-0.707651479570923,0.161641393576305,-0.217652854167879,0.104663790402173,-0.0558376188335677
gene263,0.298037208673693,0.457837015398838,0.494600705514497,0.294246118926539,0.479466489368521,-1.13999201736562,0.767838476953868,0.0742138306610755,0.506024239387308,0.053184260704802,-1.47287485774383,-0.249640724427901,-0.515899753342032,-0.0800122181869744,-0.817016494893387,-0.0557069575940835,-1.2872742503763,-0.436056970028365,-1.40732289724377,0.223015468059444,0.818409429388663,-0.899752881964297,1.53932324151819,-0.0314320467012959,0.848465103008187,0.691556986314497,-0.401184803721182,0.392575869524609,-0.13980635709839,-1.8619386461248,0.883999671433258,0.695227504083585,-0.147610317063658,0.0764386576973286,-1.07260135813961,1.47115695811732
gene264,0.0848367623015065,-0.478674372210929,1.25937964273366,-0.70773185573834,0.148545784298927,0.188911245896378,-0.31210020819374,-1.16120599631431,0.604700930330305,-1.42888091915072,2.13439328365771,-0.335000150457245,0.944760995596609,0.274042149570814,-0.827054467335201,-0.213253360248163,0.634119216172094,0.739904235832562,-0.758904731307535,0.0971443380291567,-0.662196239996585,0.226813450161921,0.776543415359265,1.01750956774802,0.108089443060608,0.0484928640043282,0.562362378861942,1.483979591498,0.465594878628725,-0.104470065148962,-0.195513844416451,0.457709588134212,1.13620196136232,-0.457225211011427,0.496448775542615,-1.27787840014602
gene265,0.438125425071721,-0.268720057216684,0.552989188339082,-0.25720728601462,0.29296815364687,0.292442511053443,-0.154984039472566,-1.20639895483217,0.0672194875290944,-0.262613634868667,1.32528339807044,-0.282768703396083,0.334929171194237,0.193297397719672,-0.0732914035432163,0.529563869254238,1.37056182034281,0.163016501716919,0.0313390530714917,-1.38382431813724,-1.24894745978503,0.469610844350845,-0.294826169931215,-0.899699807951566,0.410790264325794,0.354809886393276,-0.77644882367817,-0.111843160831856,-0.987989353280076,1.23418751543838,-0.267120815190813,-0.0925110558798493,0.158928060192662,0.73065783784507,-0.0619503541114685,-0.113808302838487
gene266,-0.841281542180403,0.829124629266176,1.33979067299972,-0.590104471322295,0.669786789739822,-0.115114270665649,0.70382490153663,0.608929152126261,0.295209805289774,-1.58037611979941,-0.917377712752999,-0.291360670886696,-0.481234942281827,0.347374063984745,0.981650836477604,1.10410653699424,-0.85964179472936,-0.605281676682626,0.895715410319471,0.200667880831967,-0.599057251118947,-0.374363129167817,-0.425825692962852,-0.897499595532699,0.779302633919244,-0.351518236757133,1.05429856804519,0.346561430107427,-0.139225844026723,0.178575805320358,0.808702419591174,-0.347243234131085,-0.823705582151924,-0.354754600092468,0.0156634820287937,-0.536823949198633
gene267,-0.0492998494739527,0.48526460239073,-0.173467841860205,1.11927470493922,-1.02763533762705,0.360313521072935,0.522058622972561,0.133370052971085,0.0812800005623884,-0.0071916260146237,0.52302460924254,0.443756471898701,-0.642682860706634,0.479183654848955,-0.243855503754131,-0.411999879464665,0.654684198584882,1.42422267876799,-1.27304918731225,0.426548010084043,-0.513682262769727,-0.0640121539165003,0.320913933710259,-0.240533564201204,-1.38561414673699,-0.0045408613254659,-1.15248103246687,0.0469008848270633,1.29982804605104,-0.578358343788283,0.0329442900666263,-0.731148898017296,0.120996482998617,0.435574297061664,1.03586817864507,2.24774394085208
gene268,-0.495689673376339,0.551453906104117,-0.379076795600359,0.0410280356947369,0.143670616233833,-0.0371970908602894,0.422896603675442,-0.340172701652359,0.239454004257936,-0.559584720304203,-1.87058365193006,-1.21827242265378,1.28457401063653,0.885755811018138,-1.32365211566704,-0.029942101027731,0.263873047972778,-0.922496197767895,0.847318683055593,0.0251678022175787,0.930847989874545,0.294224728002655,-0.305266730491782,-0.0882692515113698,-0.929089723520321,0.964666405764201,-0.398425050434937,0.780079957179989,0.71551775110838,-0.856037483912212,-0.643938863987452,-0.0337136377290324,-0.952229757949972,-0.272596326214775,-0.0002977956253667,-0.0924454237073093
gene269,0.83558353346375,1.13924664172274,0.096635023889606,0.284878065396862,-1.74373239942147,0.456119133804874,0.053350623788765,-0.519809381196344,0.437057266333613,0.0429477995174079,-1.62935668463712,0.697478849706306,0.132289330302266,-0.118409867220248,0.93177383318028,0.558506569373652,1.08064779377852,-1.09380817131821,-0.0809432208511194,-0.509485258961908,-1.0678796126385,0.514266325778943,-0.683580328324387,0.0614633896831739,0.599573002629673,-2.34947058885862,-0.763474412362647,0.102573535485646,0.138030052805966,0.196267947837983,1.34558739991362,0.252682628866445,0.593395638502971,0.794449916148766,0.245463877125307,-0.64430159404676
gene270,-0.0465036288095534,-0.436198437264364,-1.18135926721883,-0.310731522838049,-1.29198758915148,-0.106248972642118,-0.0641137545549842,1.00839196222458,-0.450872380611676,1.57746671226341,0.192019319115841,0.0571810350353159,-0.215535499756571,-0.613869810517927,1.04808054581828,-0.350207613898089,-0.459808920576428,0.488690786042738,-0.0263460981862059,0.856367140170018,0.605192214852086,0.401531250079702,-0.411473204543585,-1.12867865768728,-1.05172139614106,0.426523596623645,0.20581104227437,-0.230325742527003,-0.49220404341283,-0.780422577283336,0.60710434337976,-0.477407187892172,-1.76769523335401,0.216866138574564,-0.828777908711311,-1.54202373341267
gene271,-0.318982873840599,-0.118370059305975,0.632956573662791,-1.4361146466553,-1.30549430220376,-1.15135247248638,0.0361121927749386,-0.876497922475102,1.4319709843085,-0.922442970972539,-0.215313137469227,-0.380144645449836,-0.523781647591372,-0.797562110358187,-0.974331224201544,0.596442689917735,-0.965863872572247,0.133081999268104,-0.0541677413052278,-0.813028684761977,0.895192355732506,-0.985124007316001,-0.514668558101328,-0.250815047062448,0.175878019422442,0.403093258540422,1.47999019972672,-0.604636246685328,0.50626053954909,-0.188353142826811,0.958284913684922,1.55446000912649,-0.686522572624549,0.714926134012802,-0.0123010190636728,1.20240292971075
gene272,-0.233862931603519,0.058316181699161,0.483215997187801,0.186866432443427,0.455251335324989,0.995799285093269,0.0252069302909537,2.14144613902615,0.798723862980666,0.302912117248238,-1.27605077457845,-0.238656322715352,0.948476926898569,-1.46113733394287,-0.524194122051952,-1.40369763850142,0.709709432281911,-1.76696036120303,0.217650011338426,-0.270068554661119,-0.906695697905445,0.543832623393562,0.272500467147714,0.786044920024206,0.261055607395128,-1.64603333294299,0.281519412579218,0.844959834381199,-0.623567681798705,-0.0666316251934209,0.0770831091543771,-0.0658759138842249,-0.7118173186656,1.28233031352772,-1.83737478608991,1.02628303296449
gene273,-0.666716233065204,0.508107208966272,-0.0317030164792463,0.637360814046039,-0.294398251139121,-0.219439100719829,0.185725520082722,-0.156310024223369,-0.777174779263406,1.40543037375018,-0.139786501773529,1.09337282514839,2.00261292940084,-0.528378419683538,0.01411653680444,1.10591373349999,0.4113603704263,0.75978148157764,-0.248101066405595,0.92093522824693,-0.219909514532491,-0.32361614151017,-0.633458378471649,-0.866773266455661,-0.0718185351195127,1.26687360032072,-1.71774267985918,0.0956446515607866,1.36681350028936,-0.323855918751732,-1.24286918535294,0.230513072920104,-0.841828965589059,-0.520720392906543,-0.960668748953445,-0.361880880562374
gene274,1.45123526328238,0.19477113252772,-0.205358618929848,-0.47667683392287,0.143562677315428,-0.0337335755299195,-0.42946959354686,0.363124577274464,-0.4205125751691,1.42592157885929,-0.609155454983021,0.168236154386679,-0.0107687286700939,0.868628710553184,-0.500744246341762,1.33372274871774,-0.33499967165217,-0.194212410652204,-0.669596737744173,-0.663446972549216,-1.48485905619231,0.442157171879139,0.093494977790683,-0.561676292662661,-0.0715189777079484,-0.2630160449079,0.314948176335815,1.0302709278542,-0.652725079485891,-0.157875658220115,0.773325690909927,-0.898302951067013,0.366632976034733,-0.701245376546824,0.180721519584201,0.665457281056008
gene275,0.409845176012419,0.626364649832358,-1.16707634615041,-0.0399119865976241,-0.269273659240479,-1.6104861063719,0.927289371920827,0.946058721117061,0.692827030970351,0.0772435318453182,-0.611697396457528,0.16715193610703,0.618792282454325,-2.09167974694612,-0.533496324589949,0.593657830623416,0.16081849453695,-0.332318340219673,-0.467114521611927,-0.357998492562808,-0.699731853911878,0.369956378590442,1.09274494327043,0.43862368547775,0.979547226157053,-0.0223454055394555,-0.600570937987443,0.360254657569588,1.19072402027067,0.704249926488486,0.0737726889938315,0.920543564367688,0.207772936821165,0.678352883839515,-0.447555701979585,0.319364118220146
gene276,-0.115153375975422,0.0138783695597561,-0.0420001079101611,0.271986327528052,-0.427960666747254,-0.519848797420669,-0.725012607315886,0.18004151298586,0.0328652808271185,-0.0734972878887971,0.194409467478643,-1.49754530753823,0.864127849951147,0.269118246281193,0.547932247729682,-0.735900277317124,-0.244595806438495,0.789648699613619,0.066513657570513,-0.0441764886720289,-0.446130154403296,1.49542720498767,0.0967418390093742,-0.0407769728811374,0.279905058872391,-0.162550458161066,-0.302069344775199,0.520158640975195,1.62245303507654,0.60695214802975,-0.564571107396625,-1.07789931271176,0.229024862085171,-0.115558033173091,-2.12625373477962,-0.0280581659207876
gene277,-1.15064398738892,0.230783721058658,-0.709152774802906,-0.138707432546939,0.692422994055894,0.144413801808252,-0.950847078228259,-0.23501015547183,-0.465383038762019,0.264620304089852,-1.14794722572252,-0.707675468413779,0.346263262894842,0.964845950222093,0.911853024350675,0.52365208433138,-0.302357878982032,0.486833841855082,0.451291036391185,-0.938039689604888,-0.0790126649190731,0.282856499734875,-0.757477516528517,0.598080948502445,0.430653179238253,0.0017398890352077,0.327911902745531,-0.176696195035731,0.26066755464778,-0.0101436809748914,-0.384412751375626,0.144888215711986,-1.05057221957039,0.636096121292499,0.94757738204387,0.321763915243123
gene278,-1.02169848877476,-0.149619021332055,0.0495890681579613,0.587787660383005,-0.614337674586021,0.652455078906686,0.491428365548586,0.577106847380449,-0.471059610124654,2.81284123031081,-0.862400831859585,0.118051958095729,0.710127202363235,-0.682616781784578,-0.68123059477933,1.13900129958575,-0.641701917538509,-0.374152235856429,-0.242357574518422,0.944788659205035,-0.272588334714609,-0.294770521363035,-0.63845800596506,-1.17842879435259,0.731310128780547,0.319028521001032,0.377744259028969,2.11273630625811,0.10534601006912,0.147261097572526,-1.00411316083961,0.727503344874136,-0.747165781481704,-0.554044855864493,0.628992786052912,-0.820013394911842
gene279,-0.267268362938617,-0.532324685328057,0.883141302463504,0.5616406065107,0.267903595946781,0.778550179854902,-0.1472225704317,-0.766752954373194,-0.234482381784112,1.48767633031037,0.704193919842409,0.37061111004661,-0.308899540842657,-1.33070806744607,-0.458400065000695,-0.638000839983301,-0.65013193517447,-0.817969747286463,-1.21524389580675,-1.62792564689909,-0.904413063043387,0.0093019799697121,0.0217737119620974,-0.610157697723406,1.28047920977979,1.00950755783113,-0.857908216024703,-0.986361831330443,-1.24473816534964,0.102490033944929,-0.644297944670629,0.485353335813745,0.569688839168192,0.440944614749448,1.08484146258121,0.396452557747908
gene280,-0.701914048710962,-0.738110072583439,0.371279096732434,1.00676690146886,0.991527031111655,-0.0114251206207106,0.709091134585608,-0.597442537158962,-0.0792337125381097,-1.19868285702245,-0.0393660834650125,-0.63341689314862,0.118847209119074,0.372349381180994,1.31646865234356,0.517262490290923,-0.0284020366042634,-0.388370852977594,0.599982454521178,-1.3029786618374,-0.845597491900012,-0.81877810558757,0.907338850412076,-0.0929837827568626,0.771222724142165,0.525067368928398,-0.207840411945549,0.456454307166221,0.722300179622491,0.900758655387973,-0.151524565697001,-0.631754696764775,-0.511630497347924,0.253118766880735,-0.553059248426717,0.17627529031469
gene281,1.45397304925043,0.57488485074928,-0.409656787381041,-1.18914672898885,0.586669141506014,0.84778103856189,0.178529979327074,-1.3341057044128,1.0742426096708,-0.208148253914316,-0.618934790259816,0.62562284970061,-0.525465782056447,0.230860969057908,-0.27053903491526,0.436837359576342,-0.526755121381292,0.719138697625655,-0.590000976914131,-0.224092090099849,-0.389763818801849,0.118077503416627,-0.223880971813527,-0.659203217642376,0.593050233573425,-0.0775901777210694,-0.427633695590267,0.740819056893054,0.836930231875504,-0.486280451529752,-0.0376763193105063,-0.536613984982647,-0.366438983842728,0.398175841403534,1.01785093512064,0.0377693631513382
gene282,-0.745260440239183,0.248634939530007,-0.0363371545654237,0.749220125766575,0.0222523073105975,0.207455183519151,-0.731303785311928,0.172952834361176,-0.251882320026089,1.09243462437368,0.621264862428029,0.159786146221364,0.391866059282836,0.0340665870151357,0.696835528100272,0.857348264093955,1.27402568244364,0.666375839581206,-0.312067999430169,0.0759893345440831,0.487025397803927,-0.546256429264416,0.359751158686489,-0.141990158978146,-1.21393155442099,-1.2367840318459,1.40142164319075,0.0878285366496539,-0.320160308384917,0.803194615136615,0.556946173882015,-1.39459525016727,-0.0823185857785674,-0.910323194414004,-0.501147762167798,-0.107612186210439
gene283,1.00287678845314,1.35968000651165,0.161827277502988,-0.462709944160632,0.208529266907772,-1.02403890398219,-0.225559596157713,-0.157965280271845,0.934802179633105,-0.126871478029669,-0.38274274314557,0.859295062887298,-0.817540868144138,0.828060118785935,0.598192543987386,0.146549442849863,-0.366668246366883,-1.05704386513772,1.47524769700886,-0.780294976648969,0.938745169656349,-1.68026458086785,-0.47362811591565,0.286366367659754,0.0695850542095466,0.0647870297802443,0.367585628357214,0.483210877552093,0.709028404990142,-1.31043083287131,0.294097368735852,-0.602092232953133,0.836361893217378,1.27995710960183,1.04070778368769,0.482290881527192
gene284,0.370672602829279,-0.14171088241989,0.997063288547415,0.270087482414049,-1.48478337125927,0.727007890177621,-0.802562848901498,-0.332142606655101,0.535237029186379,-1.12183694964493,-0.623156367663073,-0.306613644258,-1.07798666662522,-1.02239556088014,1.05316927782761,0.0351856008136349,-0.480077784255879,-0.610974343419005,1.06373981891555,0.0164382894937861,0.416779427655537,2.08627047902933,0.196865935393421,0.684099216674604,-0.689173534932678,-0.690205394860228,0.699850375350259,0.784167536681693,-0.672164799082023,0.0943653312333718,1.48002220791869,-0.414126342748,-0.102138029622778,0.601273663533054,0.435073169016378,-0.106066281145411
gene285,0.176145410227852,0.841383248666417,-0.317192593416198,-0.597895624155316,-0.82963876910836,0.405559791674842,-0.879813472563872,0.448758625658983,1.25442124951837,-0.608964373978767,-0.614864771507563,-0.559075696087815,-0.0480791169019734,0.129045942128008,-0.491880783270797,1.48085514433255,-0.0568614590137243,-0.700158125019772,-0.55988065356068,-0.969455111665984,1.1053699787603,0.359453320005983,-0.003122452706167,-1.42794473963029,1.38553992155019,-0.735051436342826,1.12488132599064,-0.134627259578098,-0.508875572945035,0.724158742472538,-0.546450888787759,1.2317870058022,-0.3489834547626,0.545584230188998,-0.370657683947659,0.0122910877499075
gene286,0.767431169602547,-0.439991073790783,0.235373593454031,-1.43803234766362,-0.922366518749498,-1.22062629012932,-0.635169528429474,1.08948062290762,-0.800999737492363,0.352596176280899,-0.618568346062711,-0.920263596362711,-0.235378695756204,-0.163940644481872,-0.617394018287381,0.523498527108735,0.139011236795011,-0.250246357054611,-0.424463462662165,1.17740122307491,-1.13264639853173,1.02118739918133,0.226079002681892,-1.02584690062581,-0.652400776508126,-0.185867619342896,0.06281647495769,1.24397794700857,-0.506546680155579,-1.81738032092497,0.615887508670308,-1.24485880312722,1.85325539248943,0.366862993815719,-0.0684827733791007,-0.407047511733379
gene287,-0.779771117788988,-0.0481789433770105,0.140063245470887,-0.352504651904002,0.114946289790478,0.0105177487575271,-0.0927519325975863,0.504464265494961,-0.104548926920094,-0.671493957291325,0.436057465080479,-0.355131425257471,0.154570733281809,0.121309969107612,-0.218374163358537,-0.717662715052703,0.298475039365588,0.0176372233970636,-0.261794881681284,-0.0062713561604911,1.54033604320525,0.578546748923039,0.547257877248052,-1.12064708357646,-1.37504363653643,-0.805687684362533,0.110709733635195,-0.201448058027,-0.28927863590218,1.17685211741953,0.640850181966894,0.39996960548066,2.24861432171073,-0.64005565304555,-2.09841906439953,0.0509099376079664
gene288,1.07613178894669,-1.08561469034162,0.796936017160085,-0.268324460509534,0.701504192779179,-1.87938141680717,0.15170352958997,1.06009769804012,-0.834115783732661,0.360616313201966,0.429012661861826,-0.826623894556932,-0.756082137995751,0.206677044974229,-1.24904031749367,-0.529210416650942,-0.925258129563756,1.41045601842019,0.525603930912759,-0.208706500096466,-1.4878833122392,0.0032563003039898,-0.33538898008085,-0.793675671308475,0.961410565724706,-0.458771564416031,-0.687100201539744,1.41893720320296,-0.365606532724097,-0.530426110040129,0.142083209958109,-0.210376212095272,0.624794086445248,-1.52498170123779,0.156784845044192,0.191644548549379
gene289,-0.923094719807207,0.631843194809318,0.268750642466378,-0.696232901726561,0.58598705422679,-0.417973911645921,0.344944178200031,0.373091833297039,1.41326130816366,-0.22163219872678,-1.04870256969039,0.508531266642133,0.664037442747196,0.62080959196892,0.473256354534591,-0.886154246435627,0.833062525204363,1.81497698271347,0.405450489064158,0.429320307122641,-0.279413328318237,-0.630738799633524,-0.720206346731439,-0.461732934910857,-0.106934899004215,0.815829358866484,0.233579865528912,0.397277675176335,1.47003255917562,-1.57806629822158,-0.304038211813594,-0.212967874772396,-1.03608676826915,-0.0204915161103049,-0.569983017027582,-0.388902720821998
gene290,0.545152519959563,-0.936577361056133,-0.0072133623881729,0.401441786262067,0.772050154161614,-0.740491511671002,0.517709886484998,-0.0827472257662019,-0.470262831402203,0.15397809135785,-0.156997489502827,0.880746237608322,-0.369331751720875,0.270195074719844,-0.213841560939208,-0.383532050181964,1.32360340466608,0.58166560572771,0.855844526659022,-0.0562942969062042,-0.344480915560345,0.127618567461177,0.27796252033381,-0.681615316818202,0.210342662526888,0.771197314304149,0.13478850159816,0.39221497999484,0.168834242673998,-1.67877934891696,0.322730134462083,-1.31259472864256,0.186093182493201,0.858668656716713,-0.104224575837398,0.324738936074915
gene291,-1.97211450806424,-0.166834570920523,1.24595557150283,0.838598526939063,-0.520692798773954,0.318229653969524,0.579332247604353,1.12357891004606,0.467274308390334,-0.438049372920579,-0.20896275122205,-1.56788975500658,-0.998777228865397,-1.31923462305988,0.467034368144989,0.152298069799806,0.383027666001566,0.688902714161582,0.405900874854876,-0.203089209314975,-0.313563199147158,-0.334633655231733,-1.43286825721142,1.95927608909852,-0.0660934289394483,-2.25360775656297,-0.851101027773164,0.302470095671252,-0.226198240563146,-0.563056817131504,-0.531510194211642,0.850484336737079,-1.1975731277862,-1.59580153804057,1.03701939757401,0.0560932766329811
gene292,-0.890676360581315,0.290269233117651,0.869835015056747,1.49218922295205,-0.309820004010466,1.90704226499345,-0.207317630109657,1.02475133519023,-0.110290717810207,-0.913231653573683,-0.174635517057492,0.318373016596764,-0.548726384347956,-0.257373464481051,-0.397484490354416,-0.173529072501915,-0.280933149427112,-0.305241647319914,1.19515883670512,-0.0957019326353121,-0.606956018365306,-1.40290478436204,0.0245729165372674,-0.0239548597879266,-0.433733338711212,0.298463229054979,0.379274990799421,-1.2207988998979,0.339450093666581,-0.195896223567845,-0.281442015542108,0.0146847929495972,0.677197363213209,-0.593793519953503,0.0756563061774611,0.462784723987631
gene293,-2.10647561525508,0.867805173303102,1.00213740987662,-0.611287155199972,1.16882426548274,1.91639718263599,1.28649634572482,-1.37850280119956,-0.551522400078115,0.627380079481493,-0.731066998524377,-0.960646695330257,0.404702868600602,0.0035156152255545,-0.540019369648589,-0.302254969382068,0.151047913611306,0.638493208768805,-0.741189438139134,-0.579633413630545,-0.0990235096361824,-0.556543976126265,0.0960493321499751,0.248923986122765,-2.6177882418676,1.01375083831725,0.0832356155229623,-0.24822321743101,1.09622382928503,-0.745682584694889,0.207317076832647,-0.288044820155518,0.335594235754039,1.87501236206917,0.567525610746191,-1.9115751334978
gene294,0.23159561884112,-0.228976725507679,0.434919414523171,0.462134591064383,-0.309499690039367,-0.419794364037755,0.148507900168939,0.266403857556748,0.295417338666856,0.3544325163848,-1.65056486114132,0.491484622722947,0.0450334914061667,-0.167488673922247,1.03550496388309,-0.431865005208595,0.291229467396746,-0.141437937730187,-0.400050955967387,0.133415809126219,0.973425633802109,-1.27480614283235,0.330477503536599,-1.25448793374952,-0.187147047572538,-0.619920663430718,-0.0111266328552793,0.0127013147360667,-0.124001009836027,0.369238058267617,-0.529718123719366,0.60957385056403,0.0819238724157428,-0.347248004158285,0.0414626779591379,0.45217913153823
gene295,0.339986839379991,-0.114165692156715,0.781189709964678,1.28579710976836,-0.608827882903953,-0.488426321998369,-0.299032780225994,0.58576646923839,0.630107773910102,-1.37795180610615,-0.169084582115877,0.579441323817028,1.09460515596127,0.203419151779658,-0.0418446000136807,-0.343775847527646,1.67469265147838,0.673854168918848,1.09161079461087,-0.618584321950292,-0.245336774487213,0.0721749385653448,-0.393764824710668,-0.928107501291025,0.279111618885962,0.0547704324080511,1.71118824273742,-0.877071275995179,0.479073987570992,0.650374826652591,-0.231008196238527,0.646696870475492,0.500941114806944,0.607181304689651,1.27288125914506,0.205334425140613
gene296,-0.0770594311875523,-0.155460988407425,0.0469214545514217,-0.37122113883415,0.252158984059591,0.682907124330876,0.946158906961814,0.154415075543574,0.364327474271554,-0.237263570399016,-0.160009585239905,0.534820765553659,-1.05599823067638,-0.0384313091980293,-0.732936612091873,1.25172309291984,-1.52350230565546,-0.541498816621866,-0.520132944747805,-0.77104159732006,0.616873277632595,-0.357912542850844,-1.21924115984632,-0.493819066850559,-1.66957407476216,-1.80308752002508,-0.452305501045761,-0.94073294237519,-0.337538475222171,-0.165274912687797,0.582689625748084,0.411153909252445,-0.256944254105557,-0.332178831865544,0.286602617236718,-1.84118342532245
gene297,0.911566105383659,-1.69179676840914,0.0568745203279354,-0.797616018015209,-0.137788115965085,-0.152502831468819,0.469454469652354,-0.100347805042331,0.870299742921433,0.255173812819481,0.0083636894522118,-0.745971665979181,-0.607261277895577,0.134148989404475,1.46996617316771,1.19721997675853,1.15989368652524,-0.476492684265945,1.13276871586242,-0.116008056060467,0.731856580718312,-1.11552433077845,0.362880965692915,-0.669691242519449,0.942044537451983,0.511534887421376,-1.1042911238744,0.173116718463197,-0.0161141812502966,-0.601877083134862,-0.806572162333036,-0.803570370341132,-0.0623296265174836,0.616897637248733,0.157697669077389,-0.498695945252294
gene298,-0.663648898638043,0.298754488084281,-0.0629671737670015,0.163481535424138,1.00632420162671,1.85783166318228,1.04454973471769,-0.848315390897211,0.161950791325447,0.239418031497063,-0.229474498407884,0.572232775484568,0.726910939966852,-0.687858616270175,-2.06358871473984,-0.235638295414616,0.189838485916326,0.462968780703904,0.19644142048004,0.0303598434517668,0.287766534696843,-0.683268392577195,0.156445776826748,-0.0176548153779351,0.872042433770434,-0.19516618271011,-1.23549002043861,-1.33810715979601,-0.854770512932639,-0.265968028297791,-1.56892652425596,1.27354356212915,0.736441608292987,-0.164386623534065,0.763222887077667,2.26127301337145
gene299,-1.62970386214832,0.297845625594537,0.242175297449959,-0.642739929119479,0.860052471121685,-1.05055930007265,-0.409991764753296,1.06039986546686,-1.02323506817778,-0.35666007211513,-0.534925998503983,0.882087704434807,0.188853659716052,0.116086959803553,0.0859074988979572,-0.816124360945023,0.822910874922498,0.186825289964725,1.00123850072743,0.825910223610691,-0.910406084260472,-0.795269059673081,0.62576774336778,0.280222592380883,0.650867515958718,0.256656223582951,0.5981900769813,0.990353403431428,0.962987473170416,0.34880863851059,0.0261054890308949,0.363575201464068,0.0789378038145996,-0.163698866541516,-0.330284573100569,-1.14202551038349
gene300,0.0024669390189251,-1.08076963238813,0.741977176445997,-0.207784949715279,0.344340677019712,-0.67639586376173,0.545963850547477,0.0122022343004948,-0.343359291334654,0.272621560703807,0.866292866530742,-0.427311978664111,-0.651303696187179,0.496949335801619,0.907763427658996,0.514757695589661,1.70941994938837,0.306826264648629,1.79443424014284,0.0931054542032568,2.01069659297731,-0.724111063257958,-0.826508562661177,-0.429029390680346,0.0131506710777037,-0.797525989053578,-0.316065253757259,1.79086893444921,0.867520439007367,-0.493761139837248,0.767445114596393,-0.200946015607015,-0.478251926098483,0.317641690513675,-0.291481609414283,0.680139400220318
gene301,-0.481220356524132,1.05473646842366,0.061318573201412,-0.233956594318605,0.904835249339895,-0.950104998622687,0.103966358527947,-1.13673527501659,-0.764376448582906,0.695515947203599,0.240983540830381,0.570420679079353,-0.914053626076291,-0.0105141311468355,0.714461524875118,0.348413787408055,0.347157438373943,-0.0820645865653638,1.63030527572424,0.430708299096345,0.475552244999872,0.729224807929355,-0.449774980200907,-0.486952238907129,-0.417039786179522,-0.749559075812025,-1.06176719446899,-0.271151673671911,-0.0269786782339199,0.849466381027222,0.727515013828193,-0.737709973939157,0.84592907059119,0.32025243684653,-0.438555747323777,-0.386214197139292
gene302,-0.239003718058113,0.440698182573154,0.575628903668752,-1.95188317654656,-0.003128393817014,0.433804554682666,-0.538233345890913,0.416003233231049,0.0776538171482704,-0.873232835886536,-0.907921252271959,-0.654029553798307,0.0585996988549955,-0.029762421799069,-0.771501223939163,1.21889512522094,1.10301122581544,0.823770996268791,0.317578837766354,1.08688018863129,-0.723234005355564,-0.0638738830332038,0.0194924153352154,0.531492250775027,1.30737208175297,-0.422846923476449,-0.780165637591954,0.30677038691909,-0.0297612196893285,0.210208645380994,0.538601207520451,0.57970704264167,0.654769395353408,0.206168898581671,-0.0849369799056729,0.135350810393017
gene303,-0.578591445403545,-0.09231221478183,0.700976075749371,-0.251828319285613,0.650648156079272,1.25779379639021,-0.0024392262772647,-0.567137439054115,1.26791197462915,-0.596256757743817,0.964033448921058,0.3431027550711,0.486142678619851,-1.10454004135737,0.647535873231306,0.605219174758581,0.574459353343642,0.816123110654563,0.142156331343737,-0.0494413387210378,0.0500104813188643,-0.596046635941771,-0.0392009348004842,-1.11261077972184,-0.581308284736657,0.391825570977769,-1.11236187223413,-0.278599812575016,-1.60945452676129,-0.12665320508054,-0.151639026806569,-0.18238377282769,-0.781673313835288,-0.47419268584291,-0.579662065749573,0.283673342523771
gene304,0.493034089407858,-0.275518523825124,-0.142427483722049,0.503046495251816,0.755236663684908,1.07306800519184,1.03585829840026,0.235647163542234,1.74788728064079,-0.202253188867023,-0.528081994770178,1.28992496020369,1.01148480247744,0.222830574190905,-0.067294640617471,0.624685575544918,1.40204688181932,0.48941515111208,0.15675342823709,0.263912189225917,0.299166599422334,0.117688718844333,-1.09474531773136,-0.338601014901713,-0.831688415775868,1.0367353063048,0.953584954342581,0.246083587832614,0.633313855588871,0.398575349866529,-0.0996324396776691,-1.98259556427515,-0.415767631059297,-0.713254905179964,-0.75022692803262,-0.0681841443086151
gene305,0.569796672708799,-0.148304615873932,-0.340383260167896,-1.62432807423511,-0.0456806820916755,-0.317586671890105,-0.418186110556728,-1.01322614285248,-0.147710005919229,-0.33763891168584,2.06366843094668,-0.151375409238137,1.29717814300565,-0.315304887876455,-0.462930029402074,-0.693527953824404,0.286605321254683,-0.156884023467311,-0.0006851755501382,-0.0946739598530017,-0.0216198529625399,0.483331296763226,0.408757495918348,-1.03787647577734,-0.955853013604407,-0.450469402240233,0.0888631907890861,-0.465149169219862,0.207332403796531,0.257268097362179,-0.0768682180836642,0.563608625948878,0.593682179606328,-0.376028094107344,-0.0265253654546742,-0.4859064952297
gene306,-1.16862974217309,0.618061454642419,-0.0312961284157966,0.587463032152193,-0.179551035928565,-0.103255509178778,-0.443387338928335,-0.0174554949473066,0.430592826422356,-0.384725750645501,-0.2038432780501,0.948522535931796,0.243299104479049,-0.0335783615919916,-0.419919768515001,-0.786281266766542,-0.859835625790528,0.873825078546438,-1.0350750067959,-0.143148973724797,-0.417517800864231,-0.806274790106353,-2.73573829374355,-0.46212452383247,-0.363068289992243,-0.0802015685609909,0.396509495373159,1.62052319908056,-0.151149508168679,-0.274424250305901,-0.439225886718234,-0.137273604779443,-0.273311738716803,-0.324015618788158,-0.56732320483466,0.138062585123312
gene307,-0.241717865967712,0.162143525943374,1.04657613187255,-0.793380384695172,0.36036525747927,-1.56153194252751,-0.499986024524336,-0.127709555890383,0.198348139789145,-0.105960818819112,-0.458198917199749,-0.458770713657194,1.74389942998787,-0.20960917505324,-1.06672832229516,0.861215491605542,1.54347592744242,-0.427365962603969,0.130819808373857,0.149065173951213,-1.61345168490241,-1.30262828051526,-0.349519071854683,-1.98694751524196,-0.0551696027795331,0.252910370773133,0.233059083114589,-1.08952697975648,-1.45615945030248,0.456116043411846,-0.109536138704682,-0.033103714991815,0.0145028165645555,0.618924659802166,-0.659233780184348,0.013622937051777
gene308,0.0890885970770307,1.77855475887109,1.01207199209896,-0.0735394392379681,0.537896768330779,0.978956696045845,-0.14031818128009,0.879771299150185,0.0759936833349067,0.529236070889132,0.502737345437385,0.592887225319855,0.653859687336519,0.439290302040217,0.793876723476227,0.242796900155977,0.854854749104094,-0.611646157656445,0.457953117363089,-0.351110335862008,-1.48941480430651,-0.677992361889843,0.311161492134278,-0.0817918785853251,0.692313644084764,-0.200831800202326,-0.236700405793317,-0.636545401505055,-0.0614398498197838,-0.298851540528771,-0.507630496802864,0.364928143702425,1.68999955296053,-0.196970027584221,0.320966621229878,-0.161516060720537
gene309,-0.471903154824792,-0.27571596548009,0.452879112133986,-0.831177956519332,-0.186123995686912,0.181086689836363,0.0477951255508275,-0.716267712295532,-0.526908045052506,-0.899465470205612,-0.39558376627461,-0.258616881849454,0.781780912617343,-0.396178586877727,-0.0858521037552701,0.32657888320799,-0.0523478455193806,2.07369425073222,0.273201446366832,-0.75357018609575,0.214185543254731,-0.148060616130206,0.750200782500693,0.584832751459093,0.144578027588602,-0.02347783909597,0.617526487221959,-0.328404948267494,-0.475120747520252,0.979192946879913,-0.454649161211305,0.661760582749839,0.0788661274246579,-0.312715330604576,0.419264164470012,-0.551909234782456
gene310,0.554962867669872,0.802600067768761,0.105926900167668,1.59316980340234,-0.706480095916096,-1.10180359759,-1.29723970033502,0.696994697343094,0.387673380026045,-0.599006661709314,0.399056862408936,-1.1599326714359,0.364053547501595,-0.34686390434203,0.920900979284298,-0.543500069045928,1.08279986267329,0.380617950979757,-0.778831847383189,0.422739702841844,-0.58907032718514,0.382645917078875,-0.89406434617787,0.128204571628328,-0.0871228496553558,0.0362055021148089,0.125215892999395,-1.03597993840885,-1.61912327410832,-0.221413652444622,0.41886960356012,1.63236871310014,-0.440416377314622,-1.40977657465789,-0.815061089350414,0.248621657561618
gene311,-0.361081701480779,-1.0461535526805,1.10715936245783,0.0163496985965155,-1.6947481156642,-0.768303559374303,-0.197350293518569,0.224470052713195,1.45307118352984,-0.688859766542078,-0.255485439056294,-0.610156416798181,-0.779905101497271,-0.197492426615397,0.44914256619689,0.924827538145888,0.149670098499181,0.805817176044278,-1.02566598516945,-0.308844358556346,0.157741683438936,0.356770238913497,0.194858183557555,-0.486135335133761,-0.237115758361858,-1.43312741235695,-0.0634349736072866,0.0036512124762085,-0.930971508715077,1.36904679579056,0.030365509576628,0.0429296710833181,-0.525696319918728,-1.1103563714328,-0.476234592290789,0.333089298176214
gene312,1.00466939144894,-0.135138177192693,1.14749494863403,-0.956656299602991,-0.521155635937308,1.4389784067187,-0.0791384620348544,0.864621993994979,0.0626394155892722,1.7520379776006,-1.93052919878562,-0.209510663990055,0.821720097364811,-0.592663799799892,-0.807475718984337,-1.99817615036068,-0.193258310610782,1.8627081116689,0.556098671516834,0.273856740269042,1.02115287584949,0.500145344388866,-0.0282991661302839,-0.43385361873088,-0.829267709277343,-1.45829096540699,0.0321781376138259,1.04400007978475,-1.65067640808084,0.636314161250989,-0.470981873699922,-0.131175936754001,-0.225824736956235,-1.25970483272611,-0.441748011442321,0.534759888405679
gene313,0.99610226940982,-1.0340927802472,0.0929432008676779,-0.579634700638294,0.162361181601627,0.960621871872881,0.741180951396967,0.223845457040009,1.10332208144114,0.0403536214411097,-0.7170776814088,-1.83622882485526,1.07507179637749,-0.51503115630453,1.42116831812846,1.31717075023495,-1.96328421900171,0.242620940570492,-0.345048372742218,0.547024970013755,0.541974795882673,0.421590578285934,-0.14088359564503,1.22721670596097,-0.0844169189955684,1.30667066226647,0.988017357583906,0.947328799481791,1.07650876586724,0.586392881788379,-0.682817075760136,1.20345442003574,-2.44930918635338,-0.284157175666538,-0.26251902938653,-0.557016183888814
gene314,0.463094430614554,0.145665152997171,-0.153650215695885,-0.52093162744451,-1.82846785598997,-0.914065338532108,0.2183866619279,0.69865575479154,-1.61146973467097,-1.00653574631194,-0.700136374420951,0.0704082372192238,0.032534079390845,0.348237378380263,0.241480640971339,-0.0494439389045865,-0.68037491608593,-0.503678361837634,-1.06523199240148,1.45406523368484,0.0810255320408467,1.4579163642805,0.981531400452719,0.510925609215812,0.0350078962388543,0.384894180995864,0.559344677663,0.742923811904333,-0.185224364359368,1.1462266140886,1.74690932304676,-0.230976714604717,0.829772763616459,0.245016658042907,-0.701117864578099,-0.29115829904794
gene315,0.162799001841008,-0.503232442993387,-0.0627005495693042,-0.73121411072896,-0.555636007656209,-1.15704284700415,0.574400847125427,-0.607731015951536,-1.12382353390642,0.849636247850788,-0.476573513613265,1.11091774166775,-0.0575189808236027,-0.359281418607724,0.0410327116415168,-0.378016961203477,-0.146449601492625,-0.182354752302237,0.050282242763748,1.42531810142416,-0.517868955320174,-0.301384780648482,0.531462662005084,0.41289824285174,-0.173029215208974,0.297340070217128,0.0271815212134234,0.717388803476759,1.40159922982465,-0.660290306772605,0.123548863091336,0.218802577534905,0.361022766319351,0.984091240773677,0.288366624572179,-0.68705341528987
gene316,0.331494043873025,-0.441123327986518,-0.529510002334359,-1.97025923542755,0.400475759311567,-0.461759421133699,-0.560204576390359,0.227933462999807,0.108382554616272,0.787065009641905,0.0663450297553157,0.805108839065554,-0.0663694340938314,-0.971429102256426,0.497787589295777,-1.15960397156675,0.131230850640174,0.691901110801998,-0.93239375393184,0.441514433664023,-0.282915674409716,-1.25414334960057,0.415304804850549,-1.41936176624776,0.271258334553795,-2.14250301446301,0.21138659038182,-0.114887043111494,-0.278047533614378,1.29420767808274,0.573778959118968,0.465316306447577,-0.201515887321751,-0.487040228457104,-0.4762708350109,-0.0266269313073246
gene317,-0.524085455289608,0.0532980031867873,-0.308315475088287,-0.366089115849472,-0.418661882809824,0.534098067307019,-0.596386880382103,0.988413151644394,0.107687654201533,0.229743087118056,0.995477550845773,-0.0571455122594934,1.71040273471757,0.751266696274498,1.03606860623869,0.247689799224339,-0.13409925380795,0.846331743181705,-0.412228761631109,-0.619407042208604,-0.391823721208201,0.568174101398269,0.612856056715198,-0.659758957758144,1.62281985090184,0.89012511944336,-0.181730523755495,-0.754869428331456,1.99686886248823,-0.96222210828595,0.208313826446228,-0.817088204437125,0.0926224566125027,-1.16587173952763,-0.289585952891672,0.0704364769051419
gene318,0.467383120890302,-0.101524315536229,-0.250496926016076,0.460539333676996,-0.322541355572582,-0.0989702255621814,-0.302938554989668,-0.0330042622660683,-0.265768103947376,0.177937065858435,0.145746706894829,1.79012380982719,-1.27168783266501,-0.611112783924587,0.86027948574998,-0.37770093361382,0.816207080649461,-0.671928444016402,0.128295529063141,-0.568887969887953,0.306339024224154,-1.00352439396091,0.0562275513958649,0.278730959302865,1.43474876404537,0.700024911803197,-0.383548518963271,-0.277650023196908,-1.32648389854753,0.446763329696423,0.1145913106824,-0.565418508450135,0.281872645050691,1.18047970683055,-0.307120663064421,0.100472492711503
gene319,0.517826306003665,-0.172807205706573,0.817685104393596,0.17902692214337,0.537977138772848,-0.52546811833745,0.424623587674342,0.876743021328267,-1.03598606837401,-0.809138018420721,-1.03896967282357,-0.36666124646437,1.4179055151779,0.257531919086644,-0.0482368740407838,0.384344369664844,0.391760839108423,-0.834785145766475,1.33236081521558,0.753729325077967,-0.598645818830782,0.650927144519158,0.0794176654465594,0.751793751785952,0.452900601685594,1.47007138180651,-0.947404747283604,-0.46728421409059,0.230208560915622,0.63195166580872,-0.609680483432282,-0.741357530628205,-0.335398731029251,-0.234553083704093,-0.26937204733153,0.486609912920387
gene320,-1.18059363475769,0.543479854939809,2.03557007812965,-0.894779189755944,-1.10864360258294,-0.517292414096237,-0.0079861398644123,-0.520487802632782,-0.0486212525633312,-0.933116904415859,0.442027859858747,0.16263493743035,-0.385592694952445,-0.128461289113024,0.237537707542041,-0.402267309065604,-0.102192492708539,0.083895351269795,-0.497168688320633,-0.647362177439469,0.103972418007949,-0.719362701184018,-0.229669152851072,-1.18180304400315,-1.97893441796777,-1.02456355698056,0.172885795376965,-1.62446689121152,-0.022780961274634,-0.699754586564062,-1.66386042621476,0.0389463897174787,0.264438402430116,0.248033758305634,-0.0901822479086856,-0.203296923461906
gene321,-0.947998404304688,0.552433599034903,0.629580132923599,-0.892931369557821,-0.254394967588172,2.71475628744116,0.528162377148799,-0.857145006975774,0.453011693195563,0.163656214506461,0.0795751911342489,0.402627283739895,0.0314088035866774,0.448586706514248,-0.0940215579964321,0.701955605822208,-0.0293107192959305,0.25390558533978,-1.30490958955313,-1.68558391229862,1.17469101337908,-0.483258505990675,-0.696694248204031,-0.316999833981594,0.711298680465441,-0.421245910799685,-0.750188254754983,0.57619829547342,0.0207263478715637,-0.311586436204204,-0.696388274316998,-0.532155219803692,-0.280361475584025,1.34743778988002,0.657332875256241,0.228811114463537
gene322,-0.0295350329838062,-0.0439631922853934,0.147690901936749,0.569310002527705,-0.112483970259059,0.546189866062307,-0.329161963094488,-0.487186612302168,-0.522501949695559,0.89447254582562,-0.111663278284218,0.477251403745643,-0.757959881699242,-1.63126918127245,-0.0097345113060518,1.58704043873847,-0.163004518431647,-0.332449735152587,-1.07548741582978,-0.224978660834044,0.0599130972636163,0.882129468279912,-0.687834135465011,-0.280647045461981,-1.89797117390665,0.701455796036135,1.00768201578877,0.993732611393082,-1.71782962302656,-0.439305689163225,0.470102154928287,-0.0079740906832908,-0.169202859963457,0.144734265339018,0.0089818352137801,-0.385519109182877
gene323,0.594250699407727,0.338752190586622,0.404271514695339,0.378071148259412,-0.383776403743518,-1.71433196840221,-1.14268154817292,-0.938950196627468,1.18593311070686,0.409944155778095,-0.199982200922712,0.64423661888179,0.380810741554177,0.42074988336367,-0.818523618217741,0.384632761377374,-0.148032484263257,0.492993689519925,-0.006209101314586,0.663430044292226,-0.167698704854869,0.593872700395831,0.142917066126461,1.35266439843811,1.18266621596261,-0.496785933617679,0.652986448230037,-0.607069532545404,0.797897689163223,-0.406410660095323,-1.3534293591975,-0.574112923209061,-0.17000968776145,-0.0227579310237752,0.399632974531481,-0.420909409943411
gene324,-0.768399949366107,-0.749903545207444,-1.51830298014261,-0.602252810538577,-1.25466274617724,0.117492609266899,-0.481081494402419,0.270651026381928,-0.497865675802821,-0.475343526661395,-0.800207188694281,0.150084962567984,0.0931674679748638,0.0101054309252936,-0.233013958568017,0.565832834758418,-0.122503912196052,-0.570972376473516,-0.0424624444825529,-1.20707522842168,-0.809849640526029,-0.400594892789514,0.0467601309027974,0.517086026992266,0.110669111855701,0.272909745855958,0.202790529577363,-0.633989573297496,0.0571944576728544,-0.822266393742014,-0.171213111732168,0.007171556646247,0.395309807386796,0.784303155615856,0.286797860283414,-0.0337554010372823
gene325,-0.768009710181953,-0.42800867691162,1.07900143146987,-0.0621633385985313,-0.454416724275684,0.265564374325097,-1.74172781398053,-0.736042821913211,-0.964661829887107,1.37215529338472,-0.365641434703804,-0.12954442697617,-0.569076527657952,0.361354612038782,-0.195334100732232,-1.8431475426003,-1.05464781897981,-0.160625075509204,-0.227591176134778,1.25031494744212,0.826712931388745,-1.24800569314231,1.63045312292169,-0.994380454558776,-0.640230624528794,-0.261324404142777,0.3419900004661,0.0966630831717508,0.391280620911824,-0.61814948233057,0.050853015726159,1.37761886203725,0.0622489975642855,-0.5235214660763,1.29888061525611,-0.998015949228694
gene326,-0.790189031374953,-1.20838402759272,-0.93737143367177,-1.96562044631075,0.612172148549684,1.07081179498791,-0.485676617631739,0.180751063537038,0.875888910490256,0.621126398652868,0.0434295440508419,-0.625598675128291,0.540070347723374,-0.515750507069744,-0.102688089969114,0.630307759213938,0.470048028353935,-0.118642752296053,-0.426684886640348,-0.280983940005322,1.22333987978534,0.224201472574949,-0.0633761118186581,0.793367263526393,-1.4715740057568,-0.0843955036778788,0.562755870519456,0.584246964868655,0.736662659829516,-0.213407207434263,1.36129132625093,-0.387692559667243,0.273629173170598,-0.280306652755204,0.525477944644376,1.87396603867384
gene327,-0.494081537572341,-0.238781693898042,-0.231139524226173,1.0376707629752,-0.34346721717789,0.619402317010187,-0.383665968604128,0.738458471265281,-0.544056383048277,-0.91766885113428,-0.308643217639427,1.4497874762247,0.241407156289014,0.63115519942502,-0.861316698473633,-0.288440842882834,-1.14113003826246,0.539652678855536,-1.31220412173247,-0.404808162279791,-0.390331624211891,-0.213388549716186,0.598885979040426,-0.0658398232184121,-0.667819952323412,0.188030640588564,-0.969810269959146,-0.402859453324738,0.326858555373464,-0.223825846270859,0.581120399355433,0.0060832340616774,0.637256921478144,0.152051791599837,-0.591868926573126,-0.493067677982525
gene328,-0.788423231685564,-0.0197577036491918,-1.06761169762888,0.370956883878848,-0.0386517032969699,1.74275286988465,1.57684701246029,0.253391196437743,1.41759035829369,0.80360857947874,-0.606988593762961,-0.990069612715791,1.04722264226787,-1.04016944719528,-0.575792552984699,1.82014066994705,-0.586726480353922,-0.963838279029152,0.217377428498882,-1.35196424242898,-0.429435887682505,-0.758969175481448,-0.333945446517001,1.83326858026787,-0.198533569255799,-1.83910188150394,-1.12482198600992,0.644934742720421,-0.39379424809829,-0.289834387583897,-0.473037693799473,-0.313205719782712,1.10609669999356,0.647332329824154,-0.0035375600188792,-0.171495145483939
gene329,-0.0525272767640745,-0.0218982891408762,-2.01107228171214,-0.863677089486433,-0.295597642993115,-0.0074751594505656,0.0142611048022815,-1.39673951192487,-0.225618336548738,0.615045744696448,0.49985383976189,-0.63057027251019,0.666981322807521,-1.16258011416926,0.101755018617031,-0.0216099490083202,-0.824193096518769,-0.342420102480329,0.399825508617744,-0.842376585414329,-0.0810369912827791,0.0593824257065226,-0.899082712787408,0.356552885594225,1.27160981146018,0.622949697117511,0.492253898154983,-0.541658031613775,0.335391778157873,-1.36703029196137,0.0182037119926078,-0.415559685753356,1.02658120840029,0.4260054767626,0.173883494623685,-0.358885033036816
gene330,-0.448853898916287,0.253107066982496,-0.595665435791516,0.398650456872776,-0.776946285253295,0.412026001113827,-0.261216400966585,-0.570800680237333,-0.286233889070449,0.998904344790153,-0.215438728065645,-0.320647884257542,-0.681663990260733,-1.174723134252,0.452627291269183,-0.277124740226198,-0.0970281530292137,0.0980846760492177,-0.467099930698551,0.271296534499603,-0.79928617776652,0.221112535203361,-0.218554559627502,-0.696502684598908,-1.18315647526044,-0.229834619832857,-0.691227169684709,0.385362782934063,1.33385350343981,-0.648308411386895,-1.16566461084987,2.51833828621709,-0.336966362651841,-0.153659583500174,-0.507481767275294,-0.784520409144097
gene331,0.209148247467537,-0.0589768500646577,-0.337099126026998,-1.47978759140459,-0.0945037257042299,0.217495185626854,-0.301152530489895,-0.630632661429266,-0.252063941355519,0.139639483237081,0.528915251939023,-0.649407579030788,-0.519398330245678,0.303207962226317,0.620653998417391,-0.575783177942268,-1.20730279167995,-0.225856911435432,0.644556026592586,-1.42769031135844,-0.995206064567442,0.328797187464716,-0.458290617009863,0.248285055425914,1.38404076815206,-0.806696140990025,0.0083006563030215,-0.760936615004902,-1.21603086920411,0.279410254500267,-1.01286924161499,-0.889613760362868,-0.0486094414466329,-0.420532065988397,-1.2296537254634,1.6994894176804
gene332,-1.10409742231507,-0.291876770766709,-1.99149229962432,-0.826625030088944,0.311127002767902,0.294554737174292,-0.701292851010309,-1.30819754588439,0.410527658525029,1.1322811078553,-0.627813693027554,0.243403839385447,0.290993473155083,1.09957604940237,-1.5636629631206,1.28631612794671,-0.426178374229927,-0.867070187987324,0.165495425593474,0.137797912512336,-0.160113286643997,-0.170455519395687,0.285479880860314,0.30685998887416,-0.142643558157078,-1.34744649626327,-0.0345760436447156,0.575271260517536,-0.822009821229041,1.57369854552334,0.838963041499131,-1.78262269861984,-0.257338005956832,0.0638548813760598,-1.27133987798877,0.052151084425218
gene333,0.271485182612878,-0.159300645350651,0.0136393925813408,0.195114585521858,-0.279760972835017,-0.607687932074693,-1.33515409893067,1.01421732004554,-0.990658118240911,-0.838377420505947,-0.0757779833258851,0.483010490618964,-0.319880710282272,0.514016895457476,-0.343153694137304,0.827761267039028,1.0537250628951,-1.00574207196663,1.41006932623568,0.475497310565794,1.05615715403389,-1.15145549326363,0.186661614614931,0.927609609337025,0.917612628259804,1.08974698075006,-0.266494387434072,2.23261184062454,-0.440470737027459,-2.22503244291132,-0.68318611807877,-0.158374525607494,-0.17498297396475,-0.0618135748480457,-0.397172733353761,0.240429681639233
gene334,-0.125439720772596,-0.722376857322503,-0.19641059912109,-1.45533943991908,0.688729958519256,0.766726625461064,0.5619000020257,0.0016666377350381,-0.467039738448059,0.234309920596878,1.04168807495679,-0.628317898540426,0.466470562179286,0.795021389501036,-1.18421999175593,0.468181726469039,0.897835127646397,-0.256881673328122,-0.262143044315214,0.0912408067790731,-0.407077071827801,0.938050567495643,-0.189208154432724,0.0905632520657955,0.947663859734173,0.909914352979199,-0.252127556364555,-1.81167457767038,-0.651085703479874,-0.294404828004792,-1.29973700064487,-2.8334086886789,1.46244388301565,0.25259198427289,2.38728915399148,-0.116151769073927
gene335,0.350087842457158,0.148693628878048,-1.14613096115955,-0.173935446102197,-0.163517340649509,0.176608657396118,-0.649106097775215,1.78941857525263,1.24087990966229,-1.23325929135884,-0.818649460529019,-0.759997633627352,-0.33013678761798,-0.3828294021767,-1.77148603240817,-0.0742465348946119,-0.411789615976198,-0.0779099804468886,-0.120466568580317,0.15539869932651,1.37929602998207,0.956200268559075,-1.07026453979329,1.20248931761826,-0.693232987679527,0.188923805618999,0.315789012908917,0.602577306251212,0.639445509196996,0.25967659918281,0.222702256104591,-0.0817997961648606,1.0690720396766,-1.31159269226143,0.228668537613814,0.784770843006579
gene336,-0.0102541621207482,-0.451390306780011,-1.02174427512816,-0.248560852485596,0.563171500540346,-0.0155215890635305,0.49103039243431,0.62996760695661,-0.351612803889157,0.276656582198562,0.238033122235366,0.08900519698102,0.94817693766243,0.851354974972215,0.164000784267588,0.553991728909728,0.802131600590786,0.798234128299088,-1.04170097073518,0.127765019330703,-0.632857017025967,-1.39404245160058,0.246400478030391,-0.214719924690419,-0.623019918840784,-0.514668797697751,-0.256751510714147,-0.247896725171063,-2.32243303532581,2.53072110601492,-0.0544485500642404,0.383166120287473,-0.494507598405843,0.0192139158696083,0.0993428765188854,-0.678013712789943
gene337,0.734476521658089,0.352176630582611,0.8762005284349,-0.337740074555896,-0.525534282732104,-0.0998642648030444,-1.0546309996744,-1.37934258599358,0.496805662143398,0.123349630077819,-0.321589628323859,-0.610781443498654,-0.693733931111544,0.258449993729308,1.07499374127203,1.19411392294363,-0.378642503138181,-0.16585621794689,0.569915909961936,-0.411346083217857,1.22959066188828,-0.0957591007518603,-1.20773199041239,-0.104049080917852,-0.492956286740076,1.09626801789313,0.791722340790323,-0.482300260715231,1.57411278953971,0.551279432489139,0.853332878830208,0.099536562237496,0.71121629398913,-0.793058827231416,1.21375153445009,-0.277115629157853
gene338,-0.0597470381661945,-0.0240702572704761,-0.675229607337905,-0.777883881197992,-0.559465124974602,0.0393644787944746,0.725283445815968,-0.330623312731445,-0.228462216998011,1.01486974746392,0.0931934666436903,-1.50679230725034,-0.765350159991007,-0.400959852113036,-0.103619197777975,1.0810248501552,0.854106012613579,0.995242253020788,-0.572401167583076,-0.611200345717084,-0.570670149187167,-1.48731095278934,-0.279565185630411,1.35844688751809,0.734725912576963,1.96592447355223,0.632474047000674,0.449722539280743,0.71093461141133,-0.531541596403074,-2.56899307092202,0.209187606533648,-0.0278623814798052,1.30894505325793,-0.220002397156742,-0.185524667300425
gene339,0.434690129500407,0.102002709405795,1.42610553610356,-0.109953527060915,-0.929855833832296,0.15675956888775,-0.589770434146527,0.203633452365564,0.458450917429176,0.959080655263726,0.770577784752973,-0.114173615826778,0.0441957549365147,0.327925888540111,0.559635421064587,-0.0937340903246808,0.203570769629791,0.415486222181115,-1.56193280587961,-0.647828030988392,-0.130305916179316,-0.178960478464196,0.363515017854398,1.5511275639294,-0.325142688721286,0.114988645696318,-0.206760825048296,1.14000468714495,-0.616429833006746,1.19119867156566,-0.58455873098621,-1.04961927801902,1.64092593343692,0.452641522012889,-1.01360286469469,-0.391093444383014
gene340,0.443019383186641,-0.310865049543555,0.214616977796084,1.95885641768766,-0.169509794572585,0.619815328858583,-2.09843151774917,-0.0738783471291914,-0.687530554045845,0.307710807876177,0.740118434777622,-0.244157766191356,-0.361600739921225,0.67840947398109,1.83168780355934,-0.208032178725773,-1.17641187047999,-0.428034549932409,1.20034614860806,1.21486325219064,0.511352873564221,0.129309622549398,0.217275942122737,0.445464374943765,0.664672203069137,-0.500935887178205,-0.429561173328812,0.659679620998408,0.515305539518902,1.38453474650634,-1.13006904003589,-0.122769061449155,-0.838306179632228,0.0674713583220381,1.31898298675986,2.15430907333667
gene341,0.384469952523184,-1.37865861258777,1.35731147988862,-0.1374677258143,0.725520544411839,-0.895960138527752,0.593419957680993,-1.37712179852147,0.0594174320064001,0.680136330834057,0.384464446958405,0.962513716754788,0.311517238165734,-1.03518451222748,1.4285985210166,0.130994109257839,0.577481156483767,1.05080584215761,0.151798206770264,-0.573492575681727,1.11073745328777,-0.888395038786002,-0.380597442807002,0.198051456134027,-0.668925099983729,0.473154431137247,0.902164204481532,0.318301559910602,0.581042061572429,0.128232549055445,0.377375720288673,0.425161912988611,-0.346400972175798,0.0118817060992061,-0.599853851644558,-1.13137199434326
gene342,0.0851468502242888,-0.0688803614615307,0.734347503956967,0.783767993141689,0.0255419712699391,0.0017453703154128,-0.272584818744768,-0.0452119977277199,-0.233263389547875,-0.255882073994939,0.451280850142226,0.522326319214456,-0.140133868315679,-1.54042989033904,-0.815873708912111,-0.0481479147392543,0.293202877947631,0.122966157905886,-1.00137407677708,-0.185209636318855,0.0859022212363439,0.077253896202778,1.37216722678929,-0.689090004660937,-0.593264044876088,-0.46792924240857,-0.018573819819768,0.168626705167551,-1.01975925991558,0.777513034805693,0.509937949044222,-1.03664839774123,0.808021955695555,0.841072102164957,-0.796143259471906,-1.0590464650475
gene343,-0.245255341360525,0.539912034140507,0.299510753952336,-0.864721645434085,-0.435832699806111,-1.08334897147012,-0.0430728402280473,-0.643203794336063,-0.179999035451279,0.352807820320438,-0.0349185014532809,-0.633290303554539,-0.191945800442041,0.850662847004318,0.501762866938222,0.625194408860393,0.106883789479958,0.689112351238649,1.11612096740423,0.232915642630328,-0.228479021954029,-0.709664073247875,-0.363841616977139,-1.18997706127105,-0.328400653528975,-0.437042967060344,-0.0344298311605436,1.63476639825508,-0.519561340717049,0.356877558303811,-0.0480786187230795,0.262964542260701,-0.556975147995854,-0.45855406755535,0.766007530761258,-0.19053551699785
gene344,1.26676836809684,-0.111423385288874,0.548692528163666,0.753047624765054,0.187835255310827,0.225483118364905,0.265835056315073,0.520004290537278,-0.389281960891387,-1.0098331440575,-1.12304537853998,0.145522797641097,0.378426602075949,-0.6103596564203,-1.27133836941367,0.112965386164275,-0.683929521036797,0.394646826391834,-0.107903415132823,0.356888656616095,0.0390437412028807,0.121717682202383,0.805644234537346,-0.0956560323664523,0.53474397767162,-0.450451310099588,0.0146248891760244,0.918769919126164,-1.51898483563234,-0.68944554689498,1.02039234473895,0.653586922159841,-0.0791609265670907,-0.559414424667812,-0.204054647756972,-0.744294675689453
gene345,0.361858417052525,-0.250067437584267,-0.575943185428603,-0.611476145106806,-0.426752495531632,0.256560443129993,-1.27456952930643,0.569850699132551,0.0232882945699113,1.25907760880288,-0.0605758892479491,-1.03239514350767,0.170753483725543,-0.418393503659301,0.827628609669301,-0.166183324004783,1.34265546386492,1.20850308846535,0.489954879177108,-0.308737567109634,-0.162568770006185,0.379652179112582,0.589862446578593,-0.699164106304953,-0.835402295750592,1.89011136886482,0.271576308635208,-0.472795598839012,-0.344626942274722,0.309418729550811,0.629599373993531,0.765891390353614,0.580121262927645,-0.501498415748375,0.343668891886128,-0.658336235428925
gene346,-0.210789501627843,-0.785122038929799,-0.132440212743454,0.113591962421874,0.165928330818745,0.740993790231621,0.201298561928611,-0.48560136065052,-0.386732472604711,0.887866255008864,-1.06674062206838,0.617587332772337,-1.92401629738763,-0.699590323395339,0.45935704289913,0.450566646985247,-0.753722572787226,1.25085585035189,0.289908380010474,-0.550101362671269,-1.93089203579659,0.946624719439538,0.182337760517283,0.203429906149726,-0.85523647958936,0.879744585724409,-1.49035453908572,0.249528706227653,-0.0581852864940107,-1.01600025801264,0.174984224130788,-0.150973279543054,-1.07273759158526,-0.466264708096608,0.273428224687964,0.420223094584482
gene347,-0.72549329538686,-0.69886778404276,-0.528156738262637,-0.285094243087177,-0.0088992145352197,-0.17987262519671,-0.261163121331836,-1.07503628336027,-1.23128049365101,0.995528405848324,-0.0986493407025973,-0.22975187490181,-0.050192536618343,-0.589388155778349,0.521841000734963,0.355562093210745,-0.0841292448762584,0.0537515838552676,0.133758434352624,0.738794163115962,-0.246666438212257,-0.661421639405486,-0.483864552705106,0.257572638923985,-1.52402770182498,0.819019569602435,-0.819670305800634,-0.522753535280514,0.450701051278251,0.52007782613876,1.25687131223835,-0.466502627079053,0.0949837671145776,1.65229410021018,-0.152771426454232,1.2942282985347
gene348,-0.724299471311219,0.650521771664353,-1.20484204040812,0.200481438923849,2.16568194803062,-0.470512910678551,0.440019749022125,-1.43673655936382,-0.478104283038214,-0.134170107012577,0.660776257923082,-0.0426768903482883,-0.471204943007355,-0.991849815639161,0.049376452874014,0.820401340104665,1.0237907853965,0.254474639338819,0.263869398463799,0.844450976795836,0.170185131886574,0.373447384079532,-1.43545375339771,-0.0356447118077967,0.281989198745194,0.182451339181074,0.0185885690796354,1.12257188104474,-0.0929874310087902,0.250671938613894,0.308013446353286,-0.926801080663612,0.312663287425902,0.952521258729877,0.117510150474218,-0.107702202201357
gene349,-1.2356368869768,-1.17598637532821,-0.23454851594159,-0.0025379434460054,0.0206886547810575,-0.29290448895578,0.362605562194849,0.0327792889250873,-0.275288673250715,-1.1533220152203,-0.613772824178629,-0.193623211203169,-0.165718917093121,0.240887697496283,0.182537948492126,-0.983688146972397,-0.722568376132598,-1.89836960283941,-0.481864679123288,0.363238980641815,-0.912537595684984,-0.98484048524864,0.850815216261347,0.798741406866178,-1.08216830657441,0.861845896352778,-0.256471885442787,0.320320262891667,-0.168968375859436,1.14548675377641,-0.861276723252044,-0.425354294058346,-0.693538983053118,0.153355054908448,0.464379909938445,-0.836272487224987
gene350,0.0485925071851291,1.32009247054495,-0.579759948440702,-0.72527670482289,-1.45941849225998,0.276818362396153,0.170517098535425,-0.890065646669711,-0.276054819942025,0.759175575987448,-0.214282703390261,-0.666735062860122,-0.120115973772825,-0.312888921306751,-1.31613128615534,0.676929349116147,0.845993525247187,0.80186802698193,0.338206750808924,0.164043904294859,-0.428134539771534,0.832345280480895,1.15240273994377,0.93140955177164,1.30758343087076,0.605483725838124,0.439465331465528,0.148596489557615,-0.0292191837896089,1.0469654033678,-1.09826416378711,0.469140663405298,1.16015057828735,0.403722314972247,0.381234842893716,0.0047716441442539
gene351,0.525082678318942,0.0989692419713298,-0.431249574455915,0.481359655622181,0.270159321467542,-0.256445779301864,-0.14150705390026,0.458151911061283,-0.697908782391867,-1.04248056945326,-0.774563917883933,-0.0417125367454167,0.621208820337892,0.313746830510652,-0.112103389673266,-0.427628084723212,-0.952038067455199,0.632992591303861,0.241440232946152,0.0077473923305313,-0.043395126130652,0.680792952782662,-0.356676529692425,-1.54539709372352,1.01289689716031,0.0216543238311804,1.02511083277772,-0.969713318260558,0.375382096386975,-0.474669031436649,0.109161292780149,-0.443524421394324,0.375021253750942,0.190435504890999,0.142995789598497,-0.670010162670712
gene352,0.335539699638951,-0.742488295491,-0.534888051901534,-0.0578663055945676,0.596616306115899,0.797395793060291,0.497026666549093,0.302943318532935,0.850585556594234,1.22501046554647,-0.661597149510377,-1.54670562193673,1.03328796515099,-1.22407865553495,-1.42172917564909,-0.255039001834927,0.698162628347775,-0.418739628886167,-1.81250912005941,-0.527811078606441,-0.25831982921477,-0.768029282038381,0.331833768523594,-0.717088775760646,0.237979785335875,0.26128295076062,0.644891403739109,-1.92341211525019,0.275358740350726,1.31485290219945,-0.741532828588322,-0.60973363888636,-0.343659056419644,0.282243546980078,0.184735667249789,0.215752469480741
gene353,0.732997654120746,-0.0715798496527337,-1.49858774188776,-0.420317980462071,-1.83440983497439,-0.324927333349984,-0.294348378024527,-0.853787693053856,-0.727285108267163,2.29332052511421,1.78268717152943,1.26412489846086,-1.44789819437385,-1.47690033318805,1.2722950563666,0.585360662284173,-0.589305334641335,-0.080316875203175,0.852590635891564,-0.115257641972061,-0.450524448506554,0.64805629012644,-0.216613749526903,0.0990846117837102,1.26787137105819,-0.598970915825906,-0.0592401255628817,0.103857204438605,-0.584385567899713,-0.284099899699587,-0.144452122914572,-0.323399258187618,0.558716555994442,-0.39255790592765,-0.122386748797733,0.0623028985960581
gene354,-0.461413071756379,0.495246590015006,0.417830164288034,1.3119115494612,0.933659105952023,0.0824645521836687,-1.02781222912954,0.907939772935508,0.575898946787153,-0.437188891352924,-0.069368616392069,-0.285709389415926,0.177954408806351,-0.345406899909815,0.342199314625411,-0.31075505709884,-1.05498872593175,0.732402045333029,0.480401816401677,-0.0664735131160881,0.358520779978756,0.48830508557957,0.90705085074136,-0.205920088260306,0.0019711966085153,-0.15813441118353,0.193298369908264,-1.24023192944096,0.813551539798291,0.16086468643104,0.321520209354332,4.87305577901229e-05,0.0945954135289316,-0.0920871372003863,-0.121130246012037,-1.19173186012701
gene355,-0.0839870512672306,0.306359605977908,1.23423909254253,-0.65282818664154,0.986449985790916,0.752687390515806,-1.09605924293682,0.09841660479762,-0.411831274467942,0.618525755225621,-0.623575985939838,-0.0716375501347977,0.035223204779931,-1.08077282840588,0.959211339726636,0.218605383071252,0.0596170244006687,2.12812829273745,-0.27805153343443,-0.707361541122497,-0.122135813514681,0.108413192643423,-1.49781771789547,-0.411968359787841,-0.0044997798131261,-0.322025869853058,0.262317144376583,0.561557172919302,-1.22509106672205,-0.141216931497973,-0.531585573523247,0.242346308363635,-0.695170968995529,-2.24670074808868,0.778060876736665,0.320291115552548
gene356,-0.458899811786317,0.747243822184097,-0.78543132634098,-0.490892480081533,-0.290374263447951,1.11511007917566,-0.278856694183926,0.914173587541879,-0.203633334762268,0.764108279842758,0.428661882254957,-0.115870550488522,0.555096306018472,0.9168344779933,-0.563233525292665,0.723393682452523,-1.78544743499944,1.17394715709831,0.0823951082890352,-0.0379406985053319,-0.845926868684555,-0.489912782970408,-1.21494177751336,-0.0664504979718479,0.762066926788692,0.902978622175746,0.554456393660158,-1.23054275809915,-0.949336668755795,-0.61590185211252,0.0429707078793936,0.641482390393284,-0.644620953076502,-0.602319434245612,0.0962355062937522,-0.15725757054151
gene357,-1.44389596763383,-0.516606670810884,0.561241125011187,0.0282633830816504,0.248994609106473,0.972017429333348,-0.5163585081554,-0.853139979047331,-0.273936955817833,-0.820700646578749,-0.267122279279635,0.273771708918132,0.590075746217598,-0.759437257705226,0.589830341376219,-1.06600057979328,0.613166159808144,-0.904822367175554,0.761316159483279,0.389469412963792,-0.0465278145752805,0.897848474958673,-0.685194205853758,0.192618836276684,-0.897777431317729,0.252991699721774,0.491663023950761,-0.275117420219914,-0.699756727952014,-0.81825963856395,-1.03162924397611,-0.146854866367693,-0.660249978831349,-0.367407734756248,-0.589441328339419,0.441703915412227
gene358,-0.659268129436925,1.37113400275838,-0.721197133220849,0.515516181623423,-0.920367790916153,0.571521082302404,-0.0588085888501872,0.106057323082955,-0.972314300782662,-1.08933117656753,0.472711334452549,-0.979780194219051,0.0273431885913632,-1.48462735760499,1.28476189939866,0.519843130348687,-0.947706982700958,0.583519004780262,-0.674022825887758,-2.11824093342482,0.190791696292935,-1.69676629890035,-1.89292122778634,-0.174386863561883,0.74646672801552,0.536850155124526,0.263517515138041,-0.185291293124756,-0.808584364503359,2.15600221269938,0.774850547908169,0.0920611897285725,0.353047952021714,0.244382881022248,-0.574311215511082,1.06202911195621
gene359,0.204418370714798,-0.525356331264863,-0.618474047307779,-0.0649746213855662,-0.47286155890873,-1.07073042052244,-2.26928991133048,0.15622043413904,-0.220465125670456,-1.53695272410115,0.835039257304602,-0.337351141439835,0.31029984889909,-0.287302910460928,0.328423065856144,-0.377999112006622,0.762136778720457,1.60273012027171,-0.400437602176443,0.777261183859365,-1.53725917482753,0.305047925119488,-0.336854759712086,-1.41625501425505,0.744504187491931,0.394557178858102,1.02189980457975,0.798620957118073,-0.828704364878702,-0.11368496925489,0.128980462334172,-0.0411787805263585,1.04543051741231,-0.0668056672308159,-2.02866814680623,0.230606634745628
gene360,-0.293680885048243,-0.797876762408217,-0.483361418413691,-0.419051236536858,0.0754972915323022,-0.0300449243305669,-0.323342148871741,-0.142506040507448,-0.766370197596631,-0.165521491227362,-0.569652815911072,0.140964386624038,-0.99456324099377,0.155361787072366,-1.09214682897613,0.23864927000403,-1.4814852616209,-0.778634320724307,0.0061838764617252,0.140644194119517,-0.0502956446145529,-0.498533695210972,2.22851323470564,-0.265243997535497,0.463793912442271,0.636172780237604,-0.297384680304055,1.71783333055029,-0.905014207662422,0.222566569239119,-1.54188653382199,-0.0027161361672476,-0.363585022846182,0.0858985164069559,-0.969661606251914,0.697785428999665
gene361,0.410682282582332,0.0817791056906835,-0.459433112530834,-0.730159422882542,-2.00485469635143,0.104535651007306,0.0489108453819853,0.40438795924918,-0.0223941338385747,-0.823269814410157,-0.591271414500976,0.476898954165386,-0.436018086232811,-0.629468999172333,-0.268591528362693,0.458720771395479,0.0911162374499844,0.269214734781024,-0.946678225644298,0.422617141645134,-0.674234064040645,-0.189476415773455,2.11742052659283,0.522419139735887,0.279485156551696,0.743304050709994,0.272666477655593,0.867221615725745,-1.66965903339235,-0.751656433791809,-0.405094658162775,0.0765955049471742,0.397156347747276,1.38333528284771,0.383847510609933,0.239842021134254
gene362,-0.320957659390849,0.599615450858868,-0.769863416977169,1.10673691600105,0.0253777568260947,0.439930609000195,1.17858877492237,0.430881925360727,0.559213234729921,-0.664264763592662,-0.185221820008298,0.0205630177929744,-0.044236076401979,0.7665383461292,-0.0545282400223549,0.785577765900077,0.329666405213277,0.52466930736905,-0.0448187685213253,-1.40147799495799,0.678144399634017,-0.0722343767162933,0.668065637851901,-0.821546426744962,-0.174691069588361,-0.402943865592257,-0.762575017750834,1.18188683096679,-0.768329319188199,-0.143679285529252,-0.39475170464713,-0.361714310720074,-1.44125069335849,-0.557044817660468,-0.120242424226919,-0.198237541203566
gene363,0.164793192457152,-0.274494849519227,0.446296223799013,0.808846509077397,-0.134991099460469,-1.43506072935996,0.0574620574507019,-0.233660621914701,-0.316191068803676,0.0913472329458984,0.791166325336498,-0.135071460655306,-0.825444594659802,1.13989818183818,-0.822142518403745,0.109734499552921,0.560892498855994,-0.0642995937548996,-0.325897745074491,1.10304370858961,-0.889122264146859,-0.342343277039039,0.34128920491555,0.335819054126839,-0.804067599488511,-0.901038233042791,1.30482698354571,0.730761014333383,1.16954300439741,-1.14413582302934,0.713369303485827,-0.189851761292979,0.979672683653648,-0.671892157553021,-0.133735612736959,1.40178299109708
gene364,-0.338606657206423,1.05797220443998,-0.841920887771161,1.18833662859225,1.03795728911337,0.0264973022601655,0.205855801448855,0.742365387048585,0.288077660877022,0.682895584424047,0.23136612295748,0.559280004564472,1.90399184761792,-0.70851482964281,0.700450596692709,0.323550308707343,0.11250818822436,1.26970267154371,-0.785053532574068,-0.357964057221667,-1.2011080201598,1.11077204310909,-0.224847481768374,-1.48505652701416,0.0592690773103252,0.852852977301732,-0.985594276327115,0.602693462316268,-0.805455379333975,-1.22299665730148,-0.82243188908203,-0.51601064023773,-0.92409628418931,0.174529425040626,-0.172807283440995,-0.91406749352752
gene365,1.36518950318858,0.786858475934312,0.763205827538564,-1.2992019119436,-1.11657191647302,-0.192539014433668,0.655333039211552,0.424453936144447,-1.33068445007455,-0.61334299961705,0.745245969011731,-0.470978883776174,0.542894302860854,-0.316509456522373,0.296487997566458,-0.0617975220080078,0.22404483664341,0.228778464310781,0.598253724883392,-0.777030807324067,-0.0620140579877666,0.107034742573934,0.177102681731137,-0.0105204431873244,-0.0896846633479097,-0.320682863333615,0.412631804233166,-1.07449288154984,0.257205253084768,-0.837742946860499,1.56526199292391,-0.750640797000969,-0.272049100756066,-0.892494824153198,-0.795756444407867,-1.85887860362528
gene366,0.388955534108204,-0.167015783158382,0.804650992215254,0.794392595840025,-0.741904066692584,-0.229064138682961,-0.530332507094153,0.28697393210774,0.750514877508014,-0.167827321207796,-0.753034691185511,0.847054630093805,0.458270150545262,-0.0694493875130402,0.596391002596356,-0.278140460526238,-0.728806482701134,-0.328002975790378,-0.174357073678827,0.294056070769999,1.49954556079164,-0.0266182013365738,1.06780796125487,0.146683366679362,0.451787499076289,-0.150060656456793,0.369554744551471,-0.41288728508813,0.0683776600738677,0.13427529885085,0.090436371248473,1.06520654435921,-0.321015593896102,-0.81722097316741,-1.37348986350716,-2.07168586530701
gene367,-0.622708260124595,0.286664805953349,-0.75115192600984,1.42326948612669,0.556982282372851,0.508124512737464,-0.249279656209431,-0.761777099583656,0.0078679026266284,0.232640246435598,-0.652617531585357,-0.427756443971056,-1.05351819581369,0.641767342753808,-0.724861098638173,0.142669780174301,0.0171523498044012,1.31008973637924,0.0432779299774197,0.0362828752141542,-2.64276858685493,-1.21772434329284,0.676439780950593,-1.6413335498914,-1.28652472325911,0.757796503916758,0.0262317206889348,-1.91473622151896,0.0514937141242923,0.343580738157688,0.480372648140477,0.885073090808071,-1.54526261151052,-0.207925407907094,0.269737432934409,-0.921135728039814
gene368,1.34652207795203,-0.603125972569267,-0.75334127542794,-0.593673482985089,-0.394079749931792,1.27077520081937,0.0829279204223215,-0.880583018813734,-0.230678198884183,0.992587325018029,-1.22908261302739,-0.675106202369909,-0.467273694581551,0.85428346004616,-0.695676946693604,0.259353340662177,-1.06553430519663,-0.143642756252451,-0.116180304450633,0.226883086138987,0.0025756455006024,0.919916126687441,0.0889985977252831,1.40069288301768,0.174506867149817,-0.897253191470676,0.105221457818925,0.007588397425352,-0.0541749461304962,0.101494162581285,-0.246403901247127,0.81431031102164,0.318833226137408,0.180257991142568,-0.805347065386903,0.0027299423610495
gene369,0.0232729822037142,0.0272989534825505,-0.449433209625196,-0.527996886107569,0.779566768355304,0.480931244616558,0.449770242372738,-0.293595337747188,-0.158222867292435,0.209303303940349,-0.73438695597969,1.00482421820501,0.275765761235316,-0.541210261098632,1.11918640789328,-0.172607220957726,0.122209431145945,-0.533135028331996,-0.722248556719701,0.628881725195587,0.226632225751292,0.321272738556262,-0.118981671556749,0.18592645505656,0.92840317194799,0.484924274051076,0.525373803528458,-0.618065871896747,0.509596385164769,1.65510798471478,-0.987509490575792,0.214016220402525,-0.261455859643045,0.16731425360564,-0.44184663078681,-1.80161182745949
gene370,-1.39495144339588,-0.240184240869344,1.53479718861886,-0.995298873640243,0.544188350149759,0.37347778672559,-0.273568774779711,0.698633588791976,-0.869943539534012,0.398287752632084,-0.469390011644118,0.227717330378526,0.624039700623269,1.34200590134544,0.217752225778805,0.243194813314708,-0.221926373366957,-0.608523326722371,-0.342031107152697,0.0572354238740845,0.06232539034308,-0.428491946802336,-0.846795773969486,-0.931199222583152,0.639460578703173,-0.418856483015005,-0.217969845824352,-0.734419859224302,0.102622985247401,-0.17558330363291,-0.310661175417376,-2.27413441683931,-0.121222332988619,0.680209641125326,-0.72104015501996,0.127777203683784
gene371,-0.798964214191634,-0.304375280376729,-2.30413572496815,0.288010105019471,-0.245748322026953,1.68970002228201,0.547181732166492,0.348161208158421,-1.49708289463307,0.950808313493158,0.551884395760111,-0.954412331071726,0.0132428679708139,-0.197273329343491,2.96021738939966,-1.51223775568035,2.00923299053035,0.0410497990309128,-0.440510457095285,0.543562730893741,0.0484322335573624,-1.03138753053094,-0.335234332060569,-0.369062914971406,0.287505086970937,0.0431941055578616,0.0464878707825739,-0.47514750157828,-2.08658738026508,-0.356779756891765,0.295680570881329,0.132908498042754,0.65949735357823,0.245398648460228,-0.855346012272947,0.251947730625133
gene372,-0.735360454909015,-0.15003481220759,-0.0187002722174499,-0.0306594077807863,0.953917433512458,1.64738849861692,0.451144811535141,-0.0267868397847299,-0.624297252299726,0.788205324233092,0.223749059002232,-0.17987862623931,0.266362723403322,0.572392387408405,-0.717003490509412,0.358530846068037,0.295465224458227,-1.07462715737023,0.0449763127564491,1.03399864282207,-0.0220885556648327,0.104960879529692,-0.193712175446091,0.0046215459255728,0.82494272621645,-0.59307828756218,0.34783941213093,0.344142840713178,0.763833712163878,-0.187216515521024,-0.792792786901472,-0.151251200812601,0.372647808147766,0.388610206222618,-0.136058712090251,-0.388357412471703
gene373,-0.392224609811711,0.575788580378753,-0.885403177820499,0.278994104118758,0.516348878366025,0.95495295467383,0.563484485430338,0.0135087119963326,-1.30339984595854,-1.53357892098089,-0.278753190801395,-1.33821608929703,0.0623134272048755,-0.863352168190228,0.793470457007972,-0.0253704652576537,1.17368631618378,-0.370633670200328,-0.858166320120083,0.440934603213505,-0.239207938618282,0.179485315526765,0.320850840139642,-0.287815921858833,0.273359183865514,0.524375024819941,0.838978808038808,0.382477149035816,0.875864638899088,0.26480660286781,-0.571279178795727,0.110019863929775,1.11807121783595,0.565238365636145,-0.734906761152226,0.989414433459794
gene374,0.179251637139936,-2.08887791221198,-0.219367737527174,0.0960330003466113,0.577375852002464,-0.289729562766866,-0.268629920615886,0.744446756624231,-0.293514362396979,-0.819347275755632,-0.16787978057299,0.816641309873234,-0.553768098756088,-0.543451885027916,-0.0533323897548774,0.565120313437763,0.839154738347015,0.0210819717971509,-0.555172689702852,2.18253008530685,0.574797583144764,-0.958191174194341,-1.34734744119347,-0.625652599371827,-0.239358685808188,-0.127278777932303,-0.262530221412889,-1.3563171732354,-0.644414219986452,-0.144597126016277,0.749659434040341,0.4865179829534,-0.383958858414067,0.442066299530506,0.467581626715744,-0.0804046679966457
gene375,-0.46671895864136,0.36982451826013,0.0454008277427906,1.24231947330813,-1.04703443017635,0.782642968894928,0.234951203119114,-0.511611018956249,-1.58431082415166,0.832774869076883,0.592915609501044,0.621445781830224,-0.0534621359231024,-0.627934592550773,0.59997249422947,0.434489201292558,0.575169675139086,1.06876100985747,0.499632766149102,-0.386354251428441,0.905594528150243,-0.206341928960691,-0.043749832499579,-0.0171510288302532,0.808340931163371,1.00596889559389,-0.285617056791208,-0.150737274031509,1.47265369008341,-0.629899464903722,-1.66385124580803,-0.235187993512274,0.69621994664985,1.17854068598745,0.774462250561217,-0.0275419140244502
gene376,0.0305810078675988,0.441795332980993,-1.06740842548322,1.0580670501831,-0.772125952105521,-0.183817543132928,-1.23871573623862,1.32722233129967,0.177183228210156,-1.66780173175011,-0.658776751137686,1.16047518485365,-0.905578720170792,-0.359534568186106,-0.116945012613639,-0.944748784068478,0.0852799271333596,0.470852291031919,0.302146761513736,-0.27351061672643,0.606048084640351,-0.486729072948824,1.38378929863542,0.327346050126898,-0.0961949600969367,-1.46257980066883,-0.316533627390375,-1.39055103973377,0.203177474313978,0.271818645668998,-0.108750232312548,-0.292807756962784,0.0266296092600011,-0.766587843777647,0.216554096335506,0.713971041244718
gene377,-1.24888388463606,0.368075580449526,0.473266281365409,-0.895587358704604,0.918695239161592,0.336378170010055,-0.513483858164472,0.484383397585287,0.846034503159778,-0.289272047869975,-0.0637681938951262,0.105488111280713,0.278649987330986,-0.0611411843721118,-0.0484807209368166,0.195879176685024,-1.49090079032433,0.680526991770443,1.56352431158891,0.448336762967713,-0.640866671203026,-0.0636372578906422,-1.09518293178897,-0.610277057188997,-0.604108797454005,-0.725377162448214,-0.864592413368533,-0.547545467687057,0.389155741012271,0.373423362031682,1.36813518570637,0.0355817539938223,-0.342837405355943,1.01575110202299,0.123558125452324,0.629649908901479
gene378,0.0654594092801772,0.106207587017853,0.0149802881556057,1.01958807505926,-1.19349331671049,-0.530141657139064,-0.756170013560098,-1.91460360337012,-0.0906744640760155,-0.427892236074805,-0.35101192982295,-0.31407303156654,1.33558723856326,-0.0981158395323126,-1.30186085736934,-0.717631748816883,-1.63293593019381,0.655525772189616,-0.0078337598583201,0.137222173021338,-0.0027434421473638,-2.14649889648649,0.274424071934508,0.290538374560159,0.143691118464873,-0.655065041346381,0.624387339849287,0.102612071504633,-0.518095436183521,-0.175859590827228,-0.297505007840341,0.310935660993722,-0.562094291324215,1.84504013454821,1.87059191970286,-1.40084202071416
gene379,-0.22714060232252,-0.385884693063522,-0.44052087542926,0.295912449420205,-0.658303912113601,-1.09137555441001,-0.319884295168754,0.472858123963182,1.03365976002832,1.08635836204379,0.409418014982094,1.24269593636782,0.0883891588929827,0.693985963088253,0.972326725601841,-0.0073232600217581,-0.273611866063229,1.05866442439284,0.310769422586177,-1.30917993989165,0.0669483038215004,-1.4141829579341,0.135591023190192,0.204116319860304,-0.274116011632614,0.406086448724525,0.100130260784837,0.0159331025236333,1.2931514522802,0.266222439833936,-0.691671654745149,0.555435943137117,-0.48081891355627,0.723563661237677,0.243179025197007,1.35508568155751
gene380,1.12488066875192,-0.511716401377677,0.674211480549906,-0.222608904086802,0.933754284269536,0.672382331526195,0.197833184705411,0.712853282410614,1.29328157932345,-0.414161681023511,0.377407306564337,-0.975196756774828,0.119237052654592,-0.375808386414049,1.53303642036054,-0.288437963570054,-0.632577196339963,0.182129183900116,-0.120024319403975,0.336147197841199,0.477620350497565,0.443744586433201,2.37348272149994,0.0667434572970464,0.392413249876221,1.88939019557606,0.216533001518787,-0.933191675115246,0.680765219681028,1.44845561958107,-0.429305120755793,-0.361409142800457,0.43467527579687,-0.261903129909631,-0.196814028964167,-0.383932774720364
gene381,0.277579596685234,0.347902747193342,-0.490834408289144,-1.01307446995601,0.0879631883093812,1.33557575575584,-0.210097947380512,1.09031890865467,-0.107333940776989,0.583947364933999,0.0733668641097906,-0.185796839163699,0.67077641016482,-0.938736916774595,1.39400992600598,1.42560596704481,0.336282023239515,-0.930925125925499,0.890502977621758,1.81624377753126,0.219890790559874,0.275288519611532,-0.229908881640639,1.15777684131194,0.0904196069774726,-0.975882771464048,-2.91387726969533,-0.0145995486839989,0.528296638988632,0.0709928007014786,0.079903000614031,0.935362030487763,0.139344285600511,0.196642227246021,0.157571313391222,0.609078886710981
gene382,-0.35431029549226,-0.112312114677596,1.15832971390516,0.575827782001092,0.497990950132524,1.05425412627311,-0.563442282233175,0.493042824581038,0.482196914152283,-0.612354482213615,-0.357913048062502,-1.49249450865915,-0.627209728030653,-0.153530432685192,-0.907718930498054,1.03917657325518,-0.884564680389144,0.169169016442888,-0.544522992790402,0.738233921437485,-0.0052957589211959,-0.544090671102586,-0.203575796576051,-0.349685270807611,0.431050801693547,0.212165407372347,1.04959544185842,1.34443750880207,-0.33266085237173,-0.316211569432799,0.347459448455229,-1.02573865936601,-1.03436664811921,0.251721463667594,-0.177130528570951,0.158053944915643
gene383,0.528689255891035,0.644288153465284,-0.568870661757419,1.88516753965159,0.534456961827371,0.225793553729633,1.35720433670347,-0.379498127648208,0.503851192497448,-0.661628910570232,-0.410327083515014,0.458140142039627,-0.122751372184645,0.432140584989754,-0.228100689329111,0.166222636886799,-0.610285681501867,0.461266025200468,0.509373628122951,0.686702652065,0.736120886563322,0.786984275465744,-0.535953558429812,-0.414847005452205,-0.30808494619814,-0.493612301166638,0.523083194139779,0.371796446495556,-0.369642633871621,-0.0806099561766835,0.88558534368401,1.3487246293303,0.237239915143364,-0.201535951784721,-1.20635673847263,-0.723359532757413
gene384,-2.42783359466562,0.329579833918311,0.929696859530213,-0.17766415777109,-0.317522008835204,-0.304316182864994,-0.273739699364383,0.146754608723856,-1.06486578888932,0.750550374710751,0.251849692884106,-1.27836577385104,-0.294035015893641,-0.126659682436419,-0.221969532474569,1.03646601070365,0.450544583791338,-0.769242720566036,0.0151007829184203,0.987389102407017,0.418606893024154,0.303307466128,0.546251213630911,-0.960860294789544,-0.422915876296401,-0.717002346236545,0.703414806806959,-0.565045388640702,-0.135073591293708,-0.216251301151317,-0.149747578666341,0.623449581379176,-0.391488097904602,-0.573152802034276,-0.611111269644094,0.327481174919461
gene385,-0.0224766256058538,0.981040321698871,-0.247409865994415,0.635521493718705,0.0298819798474075,-0.455058535784446,0.0230457955026628,-0.559224691559177,0.952327180061099,-0.991822729655932,-0.313103164216175,0.220315469487449,-0.605818547551531,1.34992750202327,0.408824737069113,0.154648286199239,-1.25703737768239,0.0386494983943484,0.983984009125276,0.687729720081124,0.243852355615155,1.32656433171073,0.262574843863556,0.885315086415156,-0.178826340695613,-0.0564398382906017,0.554604528577644,1.19464566448435,0.219413467597568,1.38459439075561,0.862687588299667,0.576763888022657,0.430355733607322,-0.140627665757267,-0.241147687901894,0.378064388127304
gene386,-0.903429447327353,0.235508912100789,-0.0573053638198278,0.968489145867288,-0.571172899683869,2.0197440450846,-0.248660614529397,0.427327723570854,0.723258416724353,-1.27639019592067,-0.704171359472723,-0.319213662236944,-0.381349861336288,0.0942730199229404,0.45114554649527,-1.7846747444407,-0.0329626884041053,0.552707519415205,1.63058280176476,-0.515674054150937,0.937899702470435,0.0820094296395579,1.30676115788472,0.840348236520975,0.299183057704225,0.263137979319806,0.0109320004685707,-1.3586429782959,0.584439929660061,-0.259583439594164,0.823583542589323,0.562081228941093,-0.103372094238914,-0.0656352191532131,0.172671781697928,0.282864131021132
gene387,-0.827548912255225,1.26968639551288,0.644900848786543,0.17831831168905,-0.387452181074053,-0.100722662294596,0.277626784914999,0.365664862126838,2.26710519468514,1.45053222711787,0.587013794990487,-0.784880129506023,-0.110610324256241,0.174984833963867,1.01450036914396,-0.393885866369656,0.756582709206493,-0.0287072920772302,-0.658322048189529,-0.710518769730606,-0.248999538431067,-1.25336521445116,0.383387986217022,0.320514504935406,-0.0961092753563978,0.73329031267059,-0.432979611413563,0.268387349953148,1.05626846644062,0.752831920104672,-1.02176826625616,0.005231419669681,-0.662157334863169,0.63619572493441,0.0313889372947895,0.242779931938976
gene388,-0.988282169915872,0.837224124975897,0.630155879380722,1.13011500825904,0.731042876149043,-0.0404424335799393,-1.12259157867493,0.3371424986845,0.694240130656299,0.107332089627496,2.26510420535605,-0.291655626412813,-0.797971993419542,-0.913671233248492,-0.588066275415426,-1.11794287908419,0.159484304261248,0.590272397034507,-0.501776092838245,-0.281010207636258,0.614234001313659,-0.417574730147777,1.13235649381327,0.612891747147053,0.585501552620299,2.10945982703451,0.503419279721711,0.878389317965025,1.37859437203505,-0.65446371565113,0.328487885723141,-1.17226357115094,1.01630443176876,0.104853596325178,-1.12158009782855,0.420494931432199
gene389,-0.721961110477594,-0.515437588727173,0.401165071561723,-0.387983654219521,0.898479831314652,-1.01444958651547,1.04148122998262,-0.234754807321828,-0.608821066143313,-1.02712949039553,0.551154460603555,-1.71368100673138,-0.749437468492669,-0.707130252225437,0.710739808823584,-0.340402947994471,-1.38848575371663,-1.4968726728536,0.60433043205433,-1.16253640817994,0.0480393575073645,0.196052195437885,-2.23915706885157,-0.694943868803386,1.71782335815629,0.0292970843279777,0.444795292316633,-0.129104658230125,0.884815892885473,0.974282482241376,0.172734233260859,-0.365971553097015,0.199292353279193,0.0081679685653369,0.847332737180706,0.841381666120965
gene390,0.249352226451501,0.888413638107675,-1.21286024790432,-0.535585573298481,0.148291986641715,0.198987356448522,0.502123304913919,1.05292684077663,0.554342283410931,-0.29105991328665,0.346350783956928,1.08975937885852,-0.0723992366169914,-0.275933333039419,-1.77677344499337,0.94257969817651,-1.81491795807872,0.299505294126587,-1.23359802220567,0.38145533399046,-0.798062680997449,1.28538820463642,0.355947054257749,-0.983507641742602,-0.127804247531705,0.507720356317717,0.19464040808518,-0.313367550717341,0.677921218612983,-1.12884386072057,-0.373326027644109,0.502195408358145,0.377062659818638,0.202904281620778,-0.963651144837047,-0.238695383625313
gene391,-0.0962822771954494,0.115221614157288,-0.384490652896345,0.300648257726655,-0.507823267074649,0.126365478073836,-0.370424405196502,0.270320393270303,0.225548196622524,-0.751542264738345,-0.358955967185498,0.613891510093972,-0.504699077594867,-0.103750474037032,-0.0379482884777674,0.485959295584739,-0.433385137873718,0.11007017989446,-0.610533052315497,0.238719968671689,0.395850552308705,0.669757118213833,0.412604847814738,-0.615272452538493,0.756982890674295,2.49516618303697,0.279671023666088,-1.00687070280236,-0.656700896520659,0.460264812887859,1.43754540885461,0.303309600097837,0.992328999417547,0.202998665906224,-0.424350565824399,0.261014796118238
gene392,1.5617735253764,-0.032689939608153,-1.05967980417684,0.139825918608485,-0.715313286617475,-0.855386469374692,-1.10817750495037,-0.521435193814074,-0.0891793344459435,-0.151206099467364,-0.293184614353665,-0.46991645349078,0.328140669802153,-0.725334379698738,0.274534637930054,-1.8071502858094,-0.758031801123826,-0.620926586285109,-0.623628240323543,-0.451963944911152,-0.94254177121118,-0.577498781382077,-1.05636959076053,-0.0403436285329182,0.310388195111233,0.222934165149992,0.782900733470265,-0.108901740680405,-0.871880920628985,1.17562650193254,-1.17029852341081,0.576866684978277,0.122846459530107,0.610564420533175,-0.145129529104077,-0.115194222128471
gene393,-0.334069896277087,0.0925274505385828,-0.109237564133078,-0.658626202638466,-0.888805723767417,-2.40891975896485,0.876349350062362,-0.731504842609858,-0.376257722837528,0.633766184416935,0.25545956940254,0.81290193635539,0.978862067197046,0.171456588238831,0.577639244525913,-0.491168014480122,0.64553811256793,-0.0715931060554871,-0.10035664605065,0.0701781546228593,-1.4122598494566,-0.507871227266166,0.17948077017137,0.232950163987847,0.195031966473802,-0.849987975844705,0.180916843069068,-0.633639610651282,0.0573446739805918,0.332409669870549,-0.782355017592965,-0.858658368765685,-0.334081206911135,-0.232002851782498,0.13728905364673,1.13475679748588
gene394,0.159151039135539,0.855914363591411,0.298108653548865,0.821211121635802,-0.201380537810731,-0.807680498146459,0.45677717690108,0.70169191352806,-0.0660281091211261,1.21336867970364,-0.86865643894223,0.605791056579513,0.690052107788597,-0.588813408037958,-0.0924403013629967,1.37806962837447,1.67710721641903,-0.0599298465612016,0.904467408594302,-0.2726101095865,-0.455904965386909,-0.653398089784624,-0.760088014562187,-0.757759723659287,-1.38138981481973,0.206906513676592,0.725213416818055,0.526287832737023,-0.10777008589538,0.645519666660481,-0.871244778788112,1.73844966153945,1.58050195730736,0.378855335770597,-0.665030706016286,0.103963894060706
gene395,0.879499016170132,1.22826944475093,0.850726239593392,-0.344073223793715,-1.14583399326912,0.883711069144296,0.002825778211777,0.134837303622914,1.1276179381403,-0.724078458588457,0.568860296867779,-0.316642839221714,-1.59704425955249,0.802057733214633,0.137639510979957,0.754289117690937,-0.821775991968575,-0.659272158148093,2.25258393623406,0.259600758743663,0.118991686273634,1.88232508522914,-0.712255179084081,-0.609162212047321,0.468805912026108,0.0946561940153881,1.00820527376757,0.253310022953392,-0.551326286307258,0.259469355430286,0.288531657551316,0.866317809215559,0.878744863377737,-0.0716752539216511,-0.212355550325096,-1.20217062318043
gene396,-0.135097191682334,0.12333022772263,0.407253499982793,-0.389488411843793,-0.418415209677139,-0.170874861758035,-0.714569761989605,0.734365206720703,0.564265050293473,-0.134989934190672,0.625030638971847,-0.295368347126877,1.02851099797667,0.430040968180927,0.122119145628735,0.608024150862366,0.444517786126593,-0.337556667194913,0.24983276318693,0.140948186663855,0.89111968636116,2.09435217471981,0.152779118828085,-0.414051890751128,0.709663404388578,0.762250183606381,-0.0554914278622051,1.08182307242688,-0.44508080051,-0.813260056019723,-0.264353728448362,-0.653610616903434,2.19160358096136,-0.692545881639894,0.642136995380861,0.431191905406063
gene397,0.416999914069001,0.653329072325036,-0.150361571528877,-0.757730356140061,-0.249301687309117,0.902589988709036,-1.8259459042847,-0.706797054959915,-2.23921505141502,-0.34734319083219,-1.56559617066476,0.175913040585685,-0.869263679378853,1.50324129718595,-1.71830989267318,0.657167843647546,0.153152197293537,0.215694876909796,-0.866671702087,0.151376499110838,-0.030901089101322,0.187777850530546,0.90235167402729,-0.318647356471784,-1.22682308978799,-0.460053309729329,0.961400216170804,0.166470879265477,-1.25330468520344,-0.0632940215156236,0.0360875697790716,0.0514172049856589,-0.135831008680643,-0.119673093196134,-0.372692171007328,-0.538418357584374
gene398,-0.077353202483667,-0.0012520650275051,0.364961982071652,-0.683105668315204,0.101193027071152,0.546186044359797,0.858549705887842,0.207303056230578,-0.582897398233739,0.4274291308463,-0.569154282619724,-1.55580006748337,-0.396392973052609,-0.992144136047618,-0.263062949445897,0.258677859888175,-0.509836370979218,-0.568767227577275,0.253340212168011,-0.0946552842780114,0.952830051194515,-0.0903703409912652,-1.29922320706192,0.223133376317538,0.278978296536669,-1.05573198634966,-0.75276476638653,-0.691792681237245,-0.49513798703721,1.59293595674506,-0.350503874905485,-2.31028045102406,-0.180349112358585,-0.188684805729622,0.834550394737913,0.207499064913566
gene399,1.06372151661967,-0.541755499457393,-1.30658658491158,-0.965492775883651,-0.433324064163745,0.965827989107248,0.500181509430958,1.10066286502978,-0.495866738974983,-0.422994487304129,-0.779547805360957,1.24478228836474,0.0995539007618305,0.916720917754298,-1.0084281878952,-0.521711070024359,0.591667095643755,0.59414225535878,-1.2355412116701,-1.97188903144014,0.884347730386671,0.0431838983520593,-0.82679714226427,0.674385386316767,0.404033848217515,-1.06911079875999,-1.80051856654473,0.931919462038736,-0.527871337463602,0.292773777703563,-0.779566881157032,-1.32109725267704,0.909912771951948,-0.713634021205774,0.577557300805258,0.0137204027078601
gene400,0.419130901972641,0.689893702558798,-0.365522117035548,0.225895634977592,0.594653308995823,-0.713248369777367,0.0043515125215588,-1.25702717234745,-0.414264697918471,-1.00508441285399,0.515689290389144,1.76680340121344,0.293923293766199,1.09828590027344,-1.21590888602192,-0.741921318798655,0.531708352319328,1.2306723318456,0.589482661474771,0.645413133015437,0.0400882198110744,0.370508255480143,0.0801415364314434,-0.012667825614095,1.27278831919312,0.648064209923575,-1.30329968412045,1.08028131848198,-0.424677528091311,-0.255778707670978,-0.255377776880132,-1.20703041297128,-0.756762875634547,-0.349600475334457,0.950760016194004,-0.0308822404794832
gene401,-0.0361326728131457,-0.783521660279325,-0.061964128177269,-1.08576850428871,-0.0406238028044349,0.235844863477763,-0.087153632549635,1.72564500834684,0.159243277429201,-0.736510653804301,-0.580087921043068,0.723452331060641,-0.170368682558604,-0.174362248201059,0.62386880369963,0.530001930210157,0.12829068824445,-0.957253824539944,0.391989712663367,-0.0556371615041904,0.3553097444809,-0.916649126449233,-1.17211307373399,0.156305350975331,0.128978488594148,-0.824140070470222,-0.646761180728297,-0.384599617181437,-0.198705605739931,-0.0627513740632264,0.57893794238789,-0.401794280294073,-0.222225010034308,-2.13600644383274,-0.192774197934726,1.51216707407857
gene402,0.39971440209411,0.920819986073514,-0.885631288028741,-0.112271762712397,-0.246570554721062,1.22644194581418,-0.751148453174308,-0.652172935975501,-0.404192448060211,0.0305817659318157,-0.512904746941319,-0.183538840814465,-0.994417232726965,0.129210846176427,0.423540462361999,-0.125591835873516,-0.343592441150932,-0.388887511230586,-0.72108534198742,-0.931258421635502,-0.73914239344211,-0.0266153459630729,0.703699053340498,-0.523160633133047,0.734696191983969,-0.812094242924739,-0.35149792971431,-0.811023131836312,0.618845589045815,-0.788698483136536,-0.982406341443443,-0.0715888102144362,1.26368072207631,0.0600156298139475,0.227438209208906,0.528995372997308
gene403,-0.15827428961429,0.645826218893518,1.52581199819604,0.537201944554744,-0.495690803078994,0.347276780479832,0.652165729765052,-0.372960714938437,-0.738236757732011,-0.0067298470799287,0.235178563704662,-0.642198142458602,-0.0316258006665439,-0.233306889081716,0.936105976111212,-0.118639205833537,-0.388955809619067,-0.338493739971385,0.135671019564861,-0.358851820276637,0.969342475664212,-0.553921585036569,-0.0012393742141972,-1.03944562651533,0.529938350911387,-0.449400048378867,0.348634981573986,-0.937516229937101,-0.705587555556608,0.524629679125622,-0.740016380441327,0.674261397986539,0.654611233495919,0.470179046926501,-0.778518372997947,0.676669078461431
gene404,-1.23453351046437,-0.384201160968659,0.55890459939856,-0.496991277326115,-0.451285375691091,-1.30084194341926,-0.699671546731523,-0.93220314235113,0.610930251537856,0.0330597714859546,-0.481817564634526,-0.173243694190563,-0.0192994035534995,-1.23774383370952,-0.0290435629693437,-0.463068466805214,-0.235010815014833,-0.0796560655411127,0.961983959789702,-0.432513708432836,0.502678395021948,0.536044722776156,-0.537744348191278,1.05737184259316,-0.776385021065955,0.716381952213815,0.452201563198146,0.365743394349194,0.441525761287659,0.174310509184292,-0.715932640562884,1.1518551897094,0.57329846447649,-0.284500540589029,-0.183985758586698,-0.111945617561575
gene405,-0.538701187550202,0.773180544477768,-0.762076854452342,0.164776637159117,-0.224904811750976,0.0656894370170986,-0.24994119200465,-0.797141084833426,-0.496877691585508,-0.150812872534108,0.824734941234963,0.0504099651012218,0.265329421803173,-0.0471846086703495,-0.711984757855371,-1.86317857114692,-0.465975394817986,2.01482406836985,1.4318453505166,0.413603420682144,-0.250967706796907,1.59298646990542,0.617561576964396,-0.428782255744243,-1.18323213037276,0.327303891668261,-1.25061231082159,0.111819213470423,-0.130804176739562,-0.908196465134076,0.281383559100116,0.504911510492626,0.0356367505793174,0.944026544456022,-0.270861854951264,-0.938444021652919
gene406,-0.918753220359007,0.811683937299528,1.28777027199978,-0.632571721656876,-0.0075103162774434,0.303436019382352,0.827993187166042,0.160576408186807,-0.32159025878496,-0.990002864746742,-0.836184926219113,-0.130986695734245,0.202436462669746,0.760112037230538,0.0898943978295041,0.359471499629382,-1.22570502881918,0.294093057872718,0.116520600130733,1.25708923236441,-0.210385168559145,-0.835843877608839,-0.18346161588238,-0.18186613325004,1.77333633556314,-0.42920359305037,-1.16721928718443,0.111483566278808,-0.506113344238116,-0.901096933606227,-0.305378913123923,1.2344780727299,-1.14146337799223,1.03704692301161,0.469808977370728,0.946117131170361
gene407,0.580351732007529,-0.339270726974374,0.029366878074111,0.789968908413356,-1.45519292325625,-0.711259769975509,-0.149668943423727,0.789734043670231,-0.722424035533304,-0.6798410752442,0.535538337409849,0.232175065161524,-0.0860851127206798,-0.126962575002055,-0.516235828884336,1.78490443152566,-1.14093289637495,-0.112965029227986,-1.49262151175431,0.914309367579537,-0.239320239517163,0.503713900814546,0.403082217188671,0.979508088039483,0.307366747141038,-0.242247813209507,-0.636653270785953,-0.953831894241313,0.0336777718314581,0.112928782881564,-0.700754579271893,-0.553886767208256,0.104021508174338,0.691772078193731,-0.559161734977635,0.226483298601074
gene408,-0.33326953308229,-0.401847958252165,-0.751665622657188,0.57538341602246,-0.215521887545998,-0.905497804810436,-0.202989148280147,0.125282475695223,-1.33795141478561,-0.40294601981232,-0.305214713671623,-1.23749967849534,0.0747581753113377,-0.797756393375867,0.430255742041298,0.037129569044508,1.07659389599329,0.452375030600028,0.955331566442889,0.637559761242758,0.320754416724293,1.34498130986734,-0.567622125433755,-0.40200765789999,-1.35996302415499,-1.68909709936934,-0.527386724860822,0.200392420746518,0.379982123101713,0.272555365470552,-1.03832141201881,1.07216068326974,-0.249537061113696,0.785956717554275,-0.482263399969062,-0.24947042840961
gene409,0.515440294813384,0.563594966690811,-2.15363082414349,0.33663132791144,-1.5651779260867,-0.27074358574008,0.568841509038275,-0.544564680629901,0.0961947247006256,-0.570491839339563,-0.030175973656004,0.883812933973212,0.406633674711207,-0.222930842770274,0.16100549967868,-0.283814646340104,-0.94097942813985,-0.483847968196767,-1.45560772365338,-0.718774757013068,-0.425477787999757,0.732495729222554,0.302071589713143,0.0954845918059544,1.00323744680777,-0.40981226036774,0.3094647759621,0.69684485571643,0.855862622138077,-0.0874191528801058,0.817594453407509,0.150739894079261,0.537824987279418,0.178705027741099,2.45990376264746,-0.558584288061855
gene410,0.327811535348169,0.489336860074483,-0.481202221903787,0.0856240188568116,0.18407232547448,-0.305285744900709,0.317127812683429,0.267098904862453,0.168496470330737,0.213373252243572,0.0137366242536684,-0.256045832459564,-0.588770462914749,1.27917663694963,-0.204365372725194,0.567837222116908,0.670413187229503,-0.377552871775669,-0.632572565210498,-0.524960978051288,0.586488293557888,-1.02711701971296,0.0303083192525658,0.581478000963754,0.399295550603958,-0.0132902709327148,0.0346560294639828,1.15028435816364,0.394984315671035,1.32199226998916,1.44689499953861,-0.154771735064931,0.374447842615048,0.783393993624452,-0.0546131252178087,1.2552884079919
gene411,-1.31724293189805,-0.386150740775829,0.794845959827763,1.42372579665351,-1.05380637613905,-0.0423080354274589,-0.248066149819893,-0.943564355409337,-1.12450239603415,1.40019684839595,-0.2222543206811,-0.562162340456435,1.30477984036217,-0.0166139506380183,-0.953876734779384,-0.930869629154577,0.257060908156812,-1.31409298719668,-0.263509835045141,0.12827189584607,-0.315624025829847,-0.500555069491319,-0.360483682733044,-0.552766009869128,-0.167845928447792,-0.804844694038293,-0.260667548494336,1.19202157387214,-0.366578269427029,0.926237544565496,-0.598445783943998,-0.716616521402009,2.62931277422318,0.800929458805753,2.58195028601839,-0.654307544956581
gene412,-0.887269351531069,0.209023379787371,1.02302143672599,-0.231476026524401,0.243175361594851,-0.722483528174848,0.876291424726174,1.66178815669121,0.535454947471919,-0.500592368543118,0.870017925281748,-0.922753978498205,-0.628160755009536,0.397572217282569,-0.572936461869697,-0.571825535358427,1.16515041091816,1.96714474183391,-0.156577216314462,-0.993991055803149,-0.336497857563923,-0.411123285103001,0.397867491492317,0.0778993766061361,0.80608648166669,0.499995374548293,-0.62610576262374,1.16326434510278,0.317715216093598,0.227862572404748,0.48927500892515,-0.696854538702448,0.761248047992246,-0.206563076536195,1.24613503426694,1.14942036974866
gene413,0.900124622696595,0.0365889412142307,-0.317875810576286,-1.31112476060419,-0.416300392765379,-0.181741671329463,0.690501484824678,0.0335987160281751,0.1026481672623,-0.395427340122089,0.398839078787052,-0.729179591514909,0.2757324159059,-0.645553370896039,0.47062139580871,-0.166391703368227,-0.402098305423183,0.235848853316453,-0.0568500687075711,-0.421186903537399,-0.930445501018713,1.07341317592961,1.79200216560906,-0.445944792128483,-0.392558664846521,1.12108571164928,1.06944449148017,-1.19801591418235,0.946724989621181,1.08489807561704,-0.136855868077009,0.203688379201059,-0.389396214967554,-2.38372947808904,-0.120105859991302,1.02198356617223
gene414,-0.194975918504259,-0.302343408035503,-1.42415353590408,-0.756254808613551,0.337897456106837,0.19096722605239,-0.0882887824990017,0.0282969013162563,0.161492392801402,0.333908953128172,0.505188636175755,-0.886874178585322,-0.0057204816524391,-0.0668223057509911,0.316136208767091,0.298535307284762,-0.165300731242005,-0.958574003213717,-1.00214610844089,0.418731897094096,-0.0209689505182803,-0.0833827810916689,-0.470221580279161,0.523576045970704,-0.211784124963409,1.09769995750678,1.33811075002288,1.05526399639379,-0.0937428983259621,-0.197011880120971,0.468319264866452,1.51015954693508,0.115956784683844,0.0831634461558084,0.365343918209414,0.363379050313798
gene415,0.114294211255797,-0.0802107774577024,-0.273895266503773,0.264285654598906,0.181025947925318,-0.763710765519693,0.0641085294476769,0.159793388568325,-0.449859301663905,-1.04160781338574,-0.268750875589519,-1.44574137435108,0.476425731735994,-0.893399235874242,0.638337499741427,-1.29724172792748,-0.138192346117939,0.628952405412037,-0.842421979167271,-0.0994464788747028,-0.100922315574927,0.314445490462941,0.658567996803832,0.910621377505956,0.858106891865793,1.30327618959758,-0.289570452999411,-0.456983251102212,0.0357846473361686,1.12276661705515,0.370986708267819,-0.332403822816585,1.87160074685361,-0.105909454028994,-0.311822345419311,1.07345044927588
gene416,0.470160569320692,-0.0491366453700387,-0.512424498162941,-0.756286750579645,-0.0869949866997586,0.908889398707264,0.987038356500969,-0.273092379982442,-0.958309622849677,0.585589130551994,-0.0463309928614136,-0.320854044279246,0.0279738645554871,-0.520036570406088,-0.33344550946353,-1.63728932580503,-0.718613031951937,-0.773034713079915,0.529546145513692,-0.0635805431277351,0.170913835321714,0.17563063573391,-0.284048477918227,0.116469246295166,-0.91518291787113,1.00620252853548,1.13465806078987,-0.0980191922188219,-0.559764679654129,1.37374989881633,0.555649935693986,0.851988367114333,0.129292822703846,-1.25809249054314,-0.452143095365566,-0.106533727613358
gene417,-0.584890382264252,-0.993187808254616,0.219410013538374,-0.110543897027946,-0.154362160204419,-0.456194968877554,0.661158363717038,-1.89073217089785,-0.335801523120757,0.64542098632383,0.383853064650137,0.0992165082525474,0.706867014972463,0.465493940283523,0.531066255084057,-0.464414876558568,-0.12878303861738,-0.101051893490718,0.433846569707144,0.189134257418,0.122331535930602,-0.804061051421722,0.771444670956984,0.663192592752452,0.301106005548671,0.0680934389966339,0.0994003598619562,0.155258901404525,-1.26787989437688,0.108643799614314,-0.683887118882555,1.11173657068577,-0.45795976034956,-0.180236241709465,-0.109877195215786,-0.406722480457173
gene418,0.84880988964559,-1.14740146968098,1.03228948131723,0.612566667720044,-0.0127119183286426,0.226345074379204,-0.128821786540774,1.0524682545067,-0.582739607479881,0.129754150296112,0.415682427158222,-1.40375955186833,1.04175717607349,0.895289741934195,-0.535577524755173,-0.390358455103568,-0.105874608806673,-0.190982279098622,1.59099672007162,0.091331122917811,-0.0111129686495128,-0.857017823114551,0.275019581938123,0.839427291163804,0.56585882222118,0.517863947132339,0.38917851471946,-0.777810582446387,-0.291132393447254,0.361610333070863,-0.520796655093302,-1.05777902000949,-0.0618443842264197,0.928629726400751,-0.0102079016832578,0.259023211721959
gene419,-1.52570556351283,-0.018779647901055,-1.42038570864394,0.554922875677136,-0.0341616975312493,-0.334729518573952,-0.966677085454,-0.599880969544279,1.23048027614894,0.346648603010942,-0.780670393911645,0.074422765691957,1.57458861052927,0.406366239533402,0.51557309392309,-0.0728041993982406,0.134903171180052,-0.0167192025575923,1.17565782883103,-0.586780666095366,0.0169472442159254,0.347803427647966,0.619851204429439,-1.02480449212798,-0.826866973261664,-0.0308457207343743,1.32969471084929,0.907233696059664,-0.436137419045746,-0.172772555893487,0.854896624214094,0.623451476239426,-0.278805897722722,0.672429217242488,-0.0254861230520094,1.18576302583671
gene420,0.0018594964530525,-0.0112005779222129,-0.0196463353072962,0.702273317766434,0.584345135263735,0.360291127651981,0.210245803489993,-0.306148444639963,0.222781660786451,0.574805452036824,0.197601043174601,-0.332512100952716,0.292276086843666,-0.347156058911395,-0.137365501580664,-0.252623098002779,0.354408782418897,1.40016997916223,0.644712175739809,0.399712721420085,-0.509459976708543,-0.0008122861500508,0.0345607589248445,-0.885849739826346,-0.105659684515166,-0.778593606681204,0.580880434622976,0.0710484710405007,-0.84204573746557,-0.912524830890073,1.09220393144114,0.113186861364393,0.298792111778959,0.323793826598188,-0.497901899627889,-1.20558191476608
gene421,-0.108632704030965,0.222724894842868,0.589436293470243,-0.769960689925586,0.452748596232126,-0.498679602068699,0.643017253379709,-0.259331622418884,0.554537123865794,0.284030723328935,1.0373705458809,-0.0472170181884704,-0.822328213562516,-0.291530438065644,0.397436977520693,0.196018696401849,0.30872742670699,1.38579203113613,-0.117630519322657,-0.432448798337195,-1.90164601781128,0.744599461878978,-0.905790851467277,0.887017459785273,-0.31505383898494,1.00744022674732,0.0256639399017058,-0.650283061931038,0.279099280730275,-0.0850711719895758,0.498766166382426,-0.661176380558546,-0.190736983753809,-0.263252129255393,-0.633548932381454,0.98378350024031
gene422,0.479815099897438,-0.389503211622403,0.36357824121613,0.308809450415028,1.45908940780425,0.891581317415236,-0.189880020484784,-1.10390042294348,-0.407477711114622,-0.205374769269885,-0.874582017906435,1.11178744389639,0.347843408819429,-0.583517020528872,-0.304608180618655,0.635140369674935,0.740607796101009,-1.75185909508354,-1.37661838655731,-1.16768279065594,0.107425428083398,-0.391844158849099,-0.258859030293895,-0.340104839350957,-0.148757475468614,0.495863889675159,0.649341921268209,-1.03250200703427,-1.10385165784798,-1.0300532397646,-0.372177893554744,0.0646534886395526,-0.239256833768482,-0.641295161083003,-0.21782269848539,0.744228436912982
gene423,0.713946628555952,0.0245162663207501,-2.35824941015702,0.168634796348043,0.525213160627634,-0.832237736638776,-0.490040094000817,0.777704925402927,0.0696537577758501,-0.0784588836549606,0.308499420960371,-0.479262382732921,0.458102027537931,0.426161551347133,1.00895678419016,-1.04408222001541,-0.258466629909639,1.228298225674,0.470866406028005,0.421419749840414,-0.385823340909014,-0.726379144528533,-0.93236717500048,-0.777145055733569,0.812690541485234,0.0837184888504403,-0.0016248191948748,-0.0374836496245052,-0.405815206623694,0.0603150917006682,-0.240606146149983,-0.423371409328499,-1.0239598930808,-1.26083337064469,-0.273876308896164,-1.56034822667226
gene424,0.621865119131329,0.909335328768237,-2.59691223008569,0.613839840306013,1.07102541065997,-0.267609758358625,0.624286937554318,0.639858779473812,0.578913911133951,-1.51924189030801,-0.454781674767166,-0.919042859980917,0.368209247980288,-0.0002655890927869,1.33353320324499,-1.08962983350026,-0.356968618900791,0.363208697172549,-1.2718647695049,-0.480248434847675,0.0574844692450648,0.480294432543693,-1.79087313112103,-0.141522993507983,1.2792042298814,1.4183649063041,0.432545798044351,-0.521894679024013,-0.0326226854794237,-0.54544098313315,-0.23901842457414,1.39788645005489,-0.354298520649436,-0.377859249160859,-0.62600086517103,-1.45794426197586
gene425,-0.120561556778142,-0.693839085230441,-1.41051289399336,1.08051458407682,-0.788017882777401,0.424457285949429,1.07890078043053,0.318986078320246,-1.17612805653722,-0.0505414934114669,-1.2083450623596,0.129614855021519,-0.175015345565626,-0.596660925364765,-0.411323760720918,-1.24455682138839,-0.637595784313713,0.0052870991797026,2.06746286732418,0.351306761603781,0.197892312944,0.271280057428516,0.83860134618443,0.536157989552267,-0.625217044070397,-0.137654536863057,-0.739783391343308,-1.11542723534401,1.16936698751538,-0.147020367099495,-1.16626561168912,-0.599943895365529,-1.01729959771919,-0.003785217007592,-2.59352562869006,-0.307299844348715
gene426,-0.583442625043317,-0.369997433367874,0.49565672493508,1.40929354884097,-0.191779794823338,-1.50374724048178,-1.20968782878608,0.0556677493541526,-0.153794234861388,1.23435617866652,0.123194984797455,-0.699444810997177,1.33084263198729,0.26299514118608,0.0168478558153063,1.10442404640406,-0.225029501661628,-0.442882445429874,-0.107241951176315,-1.1640584640041,0.0453242457328754,0.313536550875801,-0.364751532604836,0.85432557031376,-0.453768364303884,-0.654572962798593,0.24923527237593,-1.44221594102137,-1.80243288740057,0.549037120061902,-0.319151030781184,0.186151958987702,-0.451527886434647,0.310225991972306,-1.55792344368866,1.24622084871541
gene427,-0.495656692871381,-0.0439608832793143,-0.645045685102948,-0.29399380358808,-0.529969250169526,-0.0843688552926304,0.148585421769379,-0.845373332118062,-1.03265049841826,-1.99494090670419,0.40062939171922,-1.86202464334765,-0.73931013738002,1.66818755267867,-0.090573648389311,0.781168638814275,-1.85524304427308,0.716632861649613,0.874199228026232,-0.267762799313377,0.328087135680013,0.293176170497187,-0.448573093471976,1.52441525793007,0.145756847674578,-1.34540605933549,-0.902624815065093,-0.0616860032813199,-0.122856030064466,-0.443965632028339,0.4106901109872,0.312498315380459,0.166897649641315,1.16649613853096,-1.66308208103611,0.254144644326742
gene428,-1.39879924551058,0.409810241807678,1.04198633995787,0.31063175984023,0.252133124540768,0.693816921251973,-0.230817558203726,1.47844599098502,-0.79228875885037,-0.470847669076543,0.400066537129303,-0.832069408763424,-0.62659436133755,-1.160107446695,0.771521614063416,0.693151689128087,0.815006533475947,-0.182901419909608,0.769368105107071,0.0679724081164033,0.577302605821322,-0.140178579323954,-1.67260615627461,-0.399778354423194,0.512243098034441,0.514914646140632,0.0659331813354042,0.726634440836867,-0.664516673723018,0.0920828942205658,-0.407540544972186,0.0326599290469774,-0.737717051958714,-1.11845524726686,0.144819965702262,0.806556304178238
gene429,-0.592852687211311,0.576871483367611,-0.824117737185117,0.085916152003071,0.509447782891086,0.0532995771454677,0.617041369080812,-1.81939336894861,0.110974570857786,-0.980219675126435,0.22199439053532,-0.0110981724142864,-0.284557306171258,-0.0028326494775178,1.35782510191527,-1.03601960451748,0.449328212842466,0.0701505113659907,0.0237027776739148,-0.794259918279565,-0.441144078197267,-0.957029777202081,-0.278417638572832,0.311818566422436,0.328629106795675,0.178651829416217,0.185306365687877,-1.42854812658999,0.137410003575754,-0.266223079843628,-0.242132021273984,-0.484612480596449,-0.160706790333233,-0.843328726430237,-1.0160131131339,-0.71009407453876
gene430,0.520385298828941,-1.13174649064414,-0.389683805447001,-0.20532068160235,-0.0424997258254324,-0.565128399237677,-0.216145319293272,-0.427126849450304,-0.653610641873486,-1.38324332909422,0.297296491232198,0.440620348327313,-1.63892157199584,0.230672199596171,-0.68893045557988,-0.947863723682201,-0.597466534116041,0.558452285076385,-0.472392117280424,-0.56960016475143,0.14942072296208,-0.439509892547712,-0.563160416546556,0.0291179180631592,0.740842199292505,-0.773010053768578,0.455087896785479,1.46336753002644,-0.859762364287882,2.24442103895648,0.553293264069603,-0.268340509590044,0.232638633061145,-0.544993980583619,-0.183890158223437,-0.849489217486095
gene431,-0.576259512252708,-1.22953569673495,1.24167399807452,0.442199298525827,0.940835800351541,1.2874745391641,-0.269353001710861,0.13662039151757,-0.862769537499052,0.126912481720534,-0.0350978144698884,0.323006283838767,0.76395181617155,0.279233934106516,0.196578529149448,0.847941298112511,1.59689480720422,-0.0994389822906261,-0.459424463724231,0.213231952024545,0.174817668825841,0.545852039042782,-0.497666008726448,0.191177225050801,-1.05278774496947,-0.0642581633856733,0.293548880622933,0.0834254941750342,-2.3343449019849,0.883032479504441,0.872599059050893,0.792306339120549,-0.33948082971284,0.20019455563585,1.04420925626614,0.351375936966659
gene432,0.61855877921087,-0.917089955653585,0.537260335755202,-1.47680326199937,1.63364806560846,0.242653599837897,-1.01138878443792,0.27705499165092,-1.22090543545,1.0210414175319,-0.349561674299629,-1.53115566600135,0.354289699160576,0.232797477257163,-1.14765331010426,-0.163043187458636,-0.843803356269379,-0.434950186704061,0.360459814984865,-0.83530656707983,-0.047387151221732,-0.280207487441474,0.665172222263509,-1.59614357299181,1.42226801998904,0.0403976692716378,0.498977648397216,-0.178620229074928,-0.581779029867293,-0.121162255517281,-0.786895253479168,1.21623835416075,0.311491543327434,0.0821333868729691,-0.812469201776834,-0.025705472622081
gene433,-1.80577841425368,-0.0866001430998371,0.752406700687146,0.220429266039066,-1.55323482124692,-1.38514695178274,-0.475307880408865,0.460317391468199,0.288561448996478,0.680172939895647,0.764181819650315,-0.0716529918704246,0.957243084147744,-0.913649837681616,0.476363917656336,-0.593446301715135,-0.772779333687463,0.951159759978252,-0.273805483357719,1.69947969476406,-0.588425771698696,1.342683027211,-0.209023412466964,0.825664494606117,-0.706074214101791,0.75798453474005,0.299795805332753,-0.499164873671922,0.404418906644626,-0.719897150332727,1.23608155493699,0.298377325790312,-0.499974576394459,-0.0145548677824137,-1.79819073719308,-0.340638979885415
gene434,-1.16475658306319,0.440066221562262,-0.381033141067325,-1.65166761123025,0.345692260670631,0.353462683008443,-0.540833979512648,-1.77469343881078,-0.134178841416483,0.669258439855223,0.396209545892211,0.159469420236239,0.345886110916885,0.140305400087139,-0.554060817143733,-0.360582900564476,-0.175896873556568,-0.503029396162134,-0.0932204579303269,-0.849218613394313,0.79274905653936,-0.565189127210132,-1.23013290743002,1.01695106749568,-0.279730834338304,0.132533665363303,-0.594576865630758,-0.185641141192392,-0.249592513296796,-0.348390050080031,0.435680332940571,-1.17759252624593,0.145959920833207,-0.69651513214643,-0.648824306708837,-0.820759510413101
gene435,-1.1130149744893,0.815655018253416,0.408856164163516,-0.423980360059641,-0.327044715681921,-1.47114590644992,0.806431928751559,-0.289744928640353,-0.845434651290142,0.633881635362142,-0.419689346928754,0.271481409038236,0.0073985856446422,-1.72023635619203,0.220192409945664,0.0554088242430568,0.276146189923668,0.194925378580138,0.867604953847996,-0.171870029498405,0.448143388341765,-1.40071869865347,0.20558441272828,1.51572431990812,1.01794232163331,-2.1896071563778,1.04440835690104,0.320664528937769,0.346118629113942,0.152778438882267,-0.39261618117712,0.750430684890858,0.156770778782496,0.565852132459501,0.932010045605966,-1.32560932645558
gene436,1.36996753454477,-1.29242239302153,-0.414222685967491,0.246119563887464,0.307521171445804,0.411454643415592,0.748392203184808,-0.448597231558654,-1.61447865698082,0.87452906317105,-0.721684632915538,-0.29180798351485,-0.192455883884354,-0.264499122615273,0.6554831127361,1.11544325210901,-1.50147743070119,-1.38737059193286,0.0579622606702449,-0.501739618694919,0.586308581977291,1.78901570694232,1.14546259161464,-0.183170769205532,0.460975875771212,0.705315057087467,-1.46310002053625,-0.525634309676314,-1.01367666413174,-0.212259838262759,0.723008321609196,0.285341059986224,-0.20170008082293,-0.406227563239002,1.29338645098586,0.234379987259816
gene437,1.89886841169145,0.484169907222214,0.332583168776264,0.418250446407719,0.0204792628044294,1.03851293622716,1.18939601646121,-1.27443043845628,-0.98081527105226,0.868102610709652,1.50122582726344,1.30840914175478,-0.03747217918179,-1.34827588993695,0.251151745754608,-1.49582226156857,-0.397532891861101,-0.368934364093109,-0.0533543444308983,0.405390207488439,1.78049540990814,-0.601250269242966,-0.0881257800753343,0.539642859932158,-0.609969020085482,-1.01177602105936,-0.607741473596241,-1.55055358237285,-0.581337550411181,0.0122020323079577,-0.287971131471771,1.48193933700783,-0.5849012383499,-0.0843429279603942,-0.0476238060669646,0.33514447782888
gene438,-0.364849376858688,0.805484725394179,-0.266044505945681,-1.06904044010487,0.830200517924155,0.543461492645189,-1.53832952880296,-0.0139137353830366,-0.660667777024454,-0.049020403798634,-0.251130426379952,0.445560531471892,0.477953037665443,0.158091498366182,0.0450481883029756,-0.0833369328103538,0.0263486019514994,-1.36334596506814,-0.134466450913924,0.923539093769355,1.01618665465603,-0.0435076861361668,-0.0424855658605444,1.26582984838923,-0.709366900012989,-0.0347595123468787,0.336223733826697,-1.94980378737125,0.256244416962001,-0.342878254964772,-0.0977148698857108,-0.222098982332006,0.698761017616029,1.97424460827695,-0.0443021219130051,-1.09825585830036
gene439,-0.515027174017034,0.885519975772946,0.985529319693851,0.534216648111445,-1.46508528885482,-0.501204244359853,-0.51771741795706,-1.14872140065697,-1.01813249444062,-0.0982612348933535,-0.223228257986916,0.322068044226351,0.332918603984285,-0.512948500693218,-0.406739252437194,-0.288553538087104,1.014416782505,0.647207301910119,-1.08016038106392,-1.25780414154,-1.55634775956998,0.600852004342175,-0.243498588385484,0.0022095514877736,-0.162139428646619,-0.416497108847784,-1.63699912280214,0.569190620994363,0.636057581094957,0.361202611555525,-0.123054881154705,1.24185832334072,-0.34024885941284,-1.30234035958977,0.68853539058007,0.368619730777009
gene440,0.135270371951455,0.736929827302545,-1.31944887434769,-0.934694295598368,-0.293086630934889,1.53375417468602,-0.58855144402635,0.426029098595397,-0.494960804439259,-0.182827796691021,-0.690264452144749,0.500699056436373,-0.690651566139854,0.0764478139232588,-0.364206578078789,-1.45775261557773,1.1138528525166,-0.306366743891542,0.469604278623371,0.643405574170896,-0.170926070251523,-0.325545096046956,0.595555317227637,-0.981763018080311,0.166724622172831,-0.694425857140851,0.446955442952942,-0.105428634344766,-1.27485667913415,-0.839928659761604,-0.370294797504429,-1.6129128256792,0.250819192030964,-0.501281344827525,1.02288924220133,0.605250923436694
gene441,-0.0213938855272148,0.968051542513178,-1.36068026830479,0.415343255588484,-0.244206822545188,0.627751570651056,0.187899668991791,1.54375742256845,0.215528176991697,-0.118490303161749,-0.0777789862630549,-1.96349954004874,1.23801001021536,-0.913454176926304,0.664630519363585,-0.633600665752835,0.147374762517223,-0.222785133116821,-0.035322013149272,-0.224691449509088,0.877190086450421,0.228271396461815,-0.030910912390683,0.090780441577299,0.0446002303531031,-0.311298816573383,1.06482141807999,-0.617486532658118,0.0376490661322718,-0.641104257741118,-0.780476039511334,-0.77252154745801,-0.479205454847513,-0.356861241568532,-0.568458445576422,1.15153422308511
gene442,-1.15259559716239,0.194633671561725,-0.608257470205608,-0.783444269510435,0.737225503985314,0.256722766151242,-0.538973726331952,1.48508502760086,-0.623122445048419,-0.136165800568906,0.626157793610751,0.975943405536364,0.421534203422006,-0.134826142092397,0.932686748311469,0.579264376512307,0.68398230181626,0.329393180311708,0.456262110016601,0.926790793733742,-0.887288883135865,-1.27104346729018,0.212054287653256,0.956221649754606,-0.15541128493918,0.82119246805937,0.261230358953544,-0.444746517364704,1.4199062645689,-0.639472714301702,-1.6339216441508,-0.407328031911597,-0.77118490056383,-0.823754086004121,0.397924500574528,-0.107257272548507
gene443,0.770463083403175,0.459403661545705,0.193660899928311,0.579874778521307,0.160231484607463,-0.699668372717198,0.149336429770487,-1.80307817872658,-0.0949662121447972,-0.964373917480824,-0.390847360488005,-0.0650661926952656,-0.359592781405338,-0.292314273737591,0.120687419473153,0.70715301611797,-0.701382070542568,-0.696254782567388,0.167234217714631,-0.201274825793386,0.122919307581181,-1.10567006018286,-0.259122965872558,0.354054849745535,0.102879348788216,0.524720434100868,0.248958059455662,0.525095951220812,0.849274355221692,0.178178659290543,0.344904644447209,-0.724260749594619,-1.38667131697296,-0.217599551776316,-1.19874445959832,-0.648958856903175
gene444,0.477556167614432,-0.153693231561164,0.620205779530118,0.0763583142078332,-0.335615119081041,-1.06493293407774,-0.36436847769336,0.633448220656969,-0.182392789186913,-0.508795007173507,-0.22010188416863,0.774199564312215,0.46474897665938,-0.624228141848483,-0.0385530156615472,-0.886346595533889,-0.33484039386249,0.311430712808603,1.03679153788014,1.03677863050992,-0.61435343817085,-0.342515274343253,-1.02353264204059,0.250518756275211,0.586827197725828,-0.0816375821371001,0.0339327549799486,0.104970995626533,0.0624674353357895,-1.11420192316337,-0.611181186673951,0.891494544570422,0.599851931933166,0.490152671504512,0.81019581616429,0.309875166700129
gene445,-0.163742827252831,0.287517107398094,1.04764071884262,0.936424834430793,-0.472313209282906,0.9302701233779,-1.7829015426963,0.362017930554503,1.23724039789611,0.422406039844158,-0.776320325387273,0.567542459706051,-0.749656158333821,-0.883321665242444,0.435318205048009,-0.419459063620467,-0.869303619943277,1.43470647816286,-0.340815944229416,-0.345944857093611,-0.474269522889226,-0.966104432563144,-1.18904365152629,-0.57040764880857,-0.620146083553226,-0.663940994906809,-1.15975212235294,-0.0368112016694438,-0.299070061368386,0.184364827531532,1.3075779132323,0.74893134142053,0.474947775830635,-0.199775017410962,-0.208112821699881,0.112898386565546
gene446,0.165441336171072,0.0469601111876081,1.39819065323861,0.377003390080253,-0.0238775580694621,0.213002181332503,0.786427152075821,-0.370987096049502,-0.801005136568663,-0.53614949932998,-0.317215950979498,-0.838160434492966,-0.313866396732108,0.714224030253149,1.5199183522148,-0.561523462873138,-0.401341670905918,-0.175635400476601,-0.474959745112773,0.841894834363244,0.0417733609634513,0.484014575295956,0.970307413109733,0.574327727831495,0.951080656626116,-0.409863303735054,-1.86037482055744,-0.206995278611978,0.391110865751214,0.495354046735529,0.840984750900013,-0.279936783023894,0.841356028390148,-0.608834942751456,-1.25509422216572,-1.00727699498066
gene447,-0.614705336820445,-1.16099321887044,0.272820100616958,0.898682216516538,-0.155000500305647,0.373473629401729,-0.898814829653975,0.114251660279835,-0.603750895618151,-0.0913354675791966,0.0528760411110702,-0.588572572295126,0.167837465751612,0.209750189727278,-0.886653908178851,-0.474970799818727,-1.41360340318667,-0.484611839187903,-0.129124352207234,-0.300336594109981,0.883305150056892,1.70512378868415,0.521035959239712,0.0246761853173006,-0.508794827166501,0.107025744354838,0.0444595884552902,-1.61251334234293,1.08756557427755,-0.214351794132559,-0.361792555363106,0.26686837872561,0.103828422135255,1.12139542962529,0.0208964012107917,-1.50478579614914
gene448,0.574925315903379,-0.216630918085741,-0.349920787420641,1.21228304636163,0.873909554000934,0.284785800574415,-0.815458201728287,-0.121911663681039,0.499307270803193,-0.79136412648886,-1.55124332901608,-0.0644357588655472,-0.390780049762258,0.379293947226687,-0.712402100617421,1.03537303583531,-0.745219869586804,1.09486313434777,-0.31387668535218,0.223673596425788,0.736811133839246,-0.720692558869693,-0.877438047812871,0.790769389646581,-0.230908361589627,-0.478983024895134,0.488035381803561,-0.262655114783449,0.0360890188253447,0.225142214960375,-0.208175617645723,-0.130397493816236,0.114771614500495,0.95863792968929,0.577292961282719,-1.74558248942387
gene449,-0.660566704923595,0.367332238182308,-1.12184012913574,0.275687827829163,2.00985760405935,-0.659771280461207,0.0934589628678954,0.723732208032779,0.618143011291085,-0.276280994821615,0.225458564514219,1.45138724922796,-0.176639725693597,0.629305954135139,-0.153330674633478,-0.350388150822789,-0.131239479806427,-0.371094398079184,0.786255742899819,1.35493669408853,-1.20719958106877,0.0363355658067789,-0.366719136323915,-0.0209444401247825,-1.20614283607192,-0.0865491262253689,0.0689534186209176,-0.499171455813806,-0.45628612406318,-0.321676764905408,-0.773210731004143,0.0832712134363584,0.650509573812134,1.39864405597537,-0.410484805954025,0.317783125962146
gene450,-1.06565345836937,-0.29413855496057,-0.311975355544019,0.604686569141693,0.372708142209046,-0.586828314927996,-0.439343625984875,-0.422479333413813,-0.248928926032027,-0.520901496386556,0.0771266719014263,-0.135792659542393,0.488700639460891,0.163470468542918,0.29857063515374,-0.403187957808003,0.172432574906481,-0.955939801953592,0.321977260665818,0.254317071593487,0.0092982498882818,0.524158351835661,0.0788821011534326,-0.469810972119609,0.352321054836235,0.146999270575067,0.792604361947704,0.146009712278458,0.545395813371628,0.0640502521279357,-0.641830204773636,0.35392404839705,0.153929908441789,-0.171106645654246,0.413051318556832,-0.950580281021899
gene451,-1.22790238378843,-2.66877497195941,0.167327530092139,1.00579816531044,-0.506169239318432,-2.47609980170106,-0.0753058055597135,-0.42378290056683,-0.313000683768211,-0.020236433979522,-0.075858407313651,0.756373269958859,-0.190014600715171,0.262888481908829,-0.617137953037706,0.657105833059118,0.0052087014565166,0.693588338468003,-0.119554677117618,0.200297525226506,0.636994529966378,0.452007564895339,-0.296115327268656,-0.184583740246408,-0.214171249609447,-0.255180093107528,-0.0534337277740872,0.430549316333302,0.825585620360019,-0.648215966389975,-2.44045114830281,-0.311239604313474,-0.143533618169136,-0.544398742064991,0.700520222392668,0.521639128442574
gene452,0.0269465335645849,-0.771428033063628,1.30664856141411,-0.437272385749665,0.0904948308354664,-0.783748126410653,1.48928375099653,-0.929302802173754,0.851754166397843,0.542098564960133,0.99427875968984,-1.05147897305476,0.167327213476414,0.0723903929612467,-0.0697792617668834,0.0020604636041218,-1.67532528958063,0.628961018525024,-0.156145403339972,-0.521010969175233,1.26807563920998,-0.943557523142841,0.544338665812307,0.46024059957762,0.268156194864835,0.229058308237336,0.182837063577487,-0.52233803633038,-0.313583344336177,-2.00167162501639,-0.24222024620995,-0.454409817177023,0.149135640486603,-0.198458218305763,-0.407002821316125,1.94376380118938
gene453,-0.557308613699937,-0.705449316467177,1.0529436705715,0.128098858479591,0.561502644386697,-0.560983016574262,-1.6447143591137,-0.211677750501601,0.304577908405609,0.721158480889644,-0.570149803184558,0.482119416893313,0.219626448417106,0.157632100091101,1.0326353677766,-0.993552397968373,0.85739492720846,-0.439324752665108,-0.3688988620529,0.503329720859197,0.504640206294225,-0.524167441619489,0.199642531609522,-1.43134819403602,0.234186537616244,0.515661264284671,1.23420680095456,-1.0272259515553,-0.0171236418470224,-1.11576490687547,0.276539642083216,-0.687402216014524,0.286324173297089,-1.76458175245898,-0.110041970527102,-0.927475006672149
gene454,-1.23301736256467,-1.06498794413688,-0.23712401063764,-0.51307551605576,-0.356544529323737,-0.82840974247105,-0.053576098316381,0.687686159447275,-0.129314812403407,1.0653231944889,-0.0749043893146285,-0.289274041079408,-0.554908815010173,-1.04757802913939,-0.682626223164763,-0.0842089610343989,0.141282359759531,0.830828495946096,-0.432066299980959,-0.652030157817499,-0.114025941379081,0.468772976358654,-0.422617953766555,-0.0939786805350799,-0.111379871727483,-0.0035849513779743,-0.671362869424203,-0.580780244803063,-1.4401908655896,0.013036110138997,0.269479459381465,0.285257074371294,0.885818563083122,0.956235656189123,-1.79545846846758,0.307253653940643
gene455,0.4407191760917,0.226783164356851,0.300565430544214,0.917971178447837,0.28403107529422,-0.192934055536993,-1.02282523407262,-0.260805896756745,0.049231828192153,0.0747964119376398,0.727025279090997,-0.384711761208191,1.14393686922296,-0.453315715284167,0.699928158790187,-1.01459812115351,-0.286958588101981,1.56601142713301,-0.571534020824738,-0.374479192417838,-0.442890534599828,0.834397547872834,0.683191254273263,0.15492896493358,0.220168633081043,0.0415047909423676,0.468604880628418,-0.0247624260946789,-0.703582391325421,0.407382584883676,-0.650058042269321,-0.81118504705445,0.376734198509583,0.493413076184698,0.392329128843034,-0.320936261293968
gene456,-0.0344358929490175,-1.43977794784367,0.255222518119088,-0.39726910168177,0.44580641626611,1.80831868795716,-0.941194452307542,-0.193664578351902,0.127242058943611,-0.556670808311772,-0.0880246986516107,-0.320307078577669,0.899903216322431,-0.264846841321151,1.42731650734641,-0.0387998602162191,-0.116118828693523,0.0822658973356585,0.42527401117018,1.05024330524924,0.250696847538625,0.0751410398137149,-0.420961475111629,-0.281338290915857,0.726494889399656,0.445367729370643,-1.13365464423676,-0.0938800051999888,-0.355546595823734,-0.708614454090734,0.0487577493520789,0.0962810653629661,0.0261099307618348,-1.22147145715997,-0.390481144043953,0.824935615573296
gene457,0.366207189434527,0.402548073302657,0.252854626351841,0.0652966466148282,0.600906092222917,1.39096357808407,-0.225731918071614,0.144958187536359,-1.05723695355991,-0.494221506928696,-0.241615787216681,-1.29285371336491,-0.985294521491405,-0.882176974979293,-0.500062474464068,-0.248533478479288,-0.70827360167904,-0.392554002172989,-0.245824146161771,0.440147373178917,-0.0091843712342374,0.0609318305727961,0.774409592721134,-0.677303163738674,0.478895244518409,-0.849816611369084,0.750207351036715,0.302543735047207,0.223865735206033,-0.912407429160103,-1.07306178609594,-0.333946050705657,-0.327105123952422,-0.0850149027986973,-1.93132808990089,-0.392957452130958
gene458,-0.231044153614045,-0.0366916171590017,-0.168668134662007,-0.0508541089133291,0.156271221180534,0.122316793249464,0.464966958687803,-0.836618404838941,1.03567104631994,0.404577900220563,0.504983964292162,-1.83335422985074,0.067153644750916,-0.375984854381663,-0.806876331761415,-1.48877816178556,1.22065866515757,1.07200288047522,-0.373107919043568,-0.817462523476784,-0.0780986388925981,0.576490050543338,0.443841928463099,-0.789946991110198,0.0382392687108348,0.386211778626798,-0.150541555418983,0.24184531875302,0.535604952472645,0.33501694841288,-0.0830364387558133,-0.147451121259726,0.410088864376938,0.277772947939965,0.745270069437153,-0.839688356402398
gene459,-0.388733987807912,0.501919234903123,-0.783871553823919,0.697792104608379,0.639270501015356,0.396447764562298,0.871456601243378,-0.0138084544733455,-1.11551179110667,-0.512718512039235,-0.314810589242529,0.0442693896840237,0.192737449953373,0.432066429455464,-0.179188754861814,0.466544572665525,0.891793749445676,-1.20132366636866,1.02782139675285,-1.36958138501276,-0.130669905546573,-0.139055616791612,0.679533308128112,-1.31186140342308,-0.642820167370521,0.115942623527057,-0.265289307255183,1.1443869853752,0.747454041396622,-0.942955596731136,-1.03937313568396,-0.50138933377468,-0.885678439872317,-0.319212832452463,-0.686160412605366,-0.177054928922447
gene460,-0.0587345751070797,1.75901741623167,0.0680353678502334,0.3510354002903,0.0582044386138214,-0.266262532547806,-1.11564275925294,-0.508796121563929,1.37017689129837,0.0737306632233278,-0.174085855216358,0.719848061952354,-0.803223427139861,0.0977157508979099,-0.575062734829022,-1.12839149204437,0.06254051285735,-0.445081244449812,-0.486212710957535,-0.675700677847597,-0.412069693171231,0.805135785038785,-0.0820864332518048,1.30578567718806,-0.479477640136054,-0.387546217846468,0.162958103505995,0.65327418407172,-0.0495668547110682,0.338993104516037,-0.154430963221058,-0.914662779696428,-0.0209933162648474,-0.6507659050668,-0.163806487048126,0.366654635959686
gene461,1.96972196234783,0.028268269739844,0.167855307131558,-0.336414021225768,-0.0971827077248758,-0.104387766149209,-1.08096440981085,-0.931865614708896,-0.0327495705404277,0.1766248986356,0.248368708103626,-1.69383598815442,-0.295921657876885,-0.535506889685566,0.472333307163213,0.740675596503828,-0.327116474101801,-0.441475266055792,0.207682101813543,-0.111614589868797,0.852745749160951,-0.190347625022062,-1.48710367729255,0.712050233614518,-0.569976027866452,-0.241983634135012,-0.0942763060065996,0.273212131097315,-0.711033674948619,0.131595378266238,-0.188335560637383,1.20494513332535,-0.947259302065215,-0.390511289988321,-0.823486002109991,0.50567690123841
gene462,0.57036956684377,-0.316836289832707,-0.625601060213759,-0.0098322485597081,0.766844579690136,1.80684485333034,-0.884538330921389,-0.101469319588652,-0.860270643406054,-1.43273223603354,0.102641799676575,-0.214584506644542,-0.203598667696892,-0.576850706224139,-0.798235329290926,-0.0595686084441722,-1.20288945762618,0.617543447223448,1.72397310644956,-0.590968354151087,-0.468347288007542,0.414627528640454,-0.440032963252888,-0.133897695304868,-1.01517270359377,2.08677394093322,0.387618929833208,0.580212466770848,0.284590985999236,0.102718882954317,-0.0313428251032768,-0.696302164926797,-0.59025317063691,0.565072455970381,-0.488288651740146,0.0485586184653831
gene463,-1.36708393593879,-0.378409990546805,-1.19325357080998,-0.440173550644895,0.880866224512943,-0.974762318498787,-0.478876759740147,0.112057415448791,0.657539746625924,0.45023578118128,-0.0444672232021398,2.03381062023482,0.899408167327656,-0.817940914916194,1.93807840759151,-0.487766906038486,1.45614476766259,-0.210676604087076,0.0259585038295422,0.141139840576381,-0.566550421574269,-0.426127844666603,0.594550323018926,1.62208584760185,0.279987043435644,-0.431095090848016,-1.03927365557996,-0.437051547592468,-0.199551948679438,0.036980875018352,-0.0749835879243943,-0.922408742107346,0.511764957689286,0.404065102208238,-1.58487343626832,-0.122788520755344
gene464,-1.17869162832203,2.12556088665708,0.252976343568426,-0.835507081763298,0.577262942398527,0.466945612603296,-0.76051415278462,0.955241216167571,-0.170235756423796,0.231335165053406,-0.156149114242219,-0.685236872114248,0.2785804003492,-0.361328604500447,0.0441628502780193,-0.663218253324126,-0.562223496629178,0.764558307043624,-0.509797577384682,0.659524831839231,-0.199735577097946,0.806212451934313,-0.971949613518797,0.271876677688597,0.947621095733259,-0.985610687609385,-0.710492999881669,0.975148874416519,0.817428483291174,-1.71965131869942,1.40553598852802,-0.182491343179659,0.382015273761515,-0.726603230142863,0.175446459094557,-0.385312043166124
gene465,0.366412180177347,-0.0262558081027421,0.893927013109253,0.209109659713292,0.439445938365095,-0.543863510304008,0.443143251091395,1.48542417354107,0.0855678141506643,0.82332630489116,0.335804930565513,0.746154982094427,0.0231100243440539,-0.795959079385356,0.312763062883748,0.053325034156231,-1.26910635518214,1.44855423229972,-0.122938212611441,1.12375481403355,0.807364875597086,1.07053994969748,-0.535310437634541,-0.760799288338285,-1.10331926447666,0.317308870220937,-0.825596964709994,-0.0813648138761807,-0.366306106671881,0.373850479456674,-0.542470486953796,0.177434554449755,-0.0086355055438977,0.316388289780761,0.524680540243056,-0.551084758562103
gene466,-0.588899214965451,0.203760776577005,0.21899535221544,-0.352394401498255,0.732625775968148,0.547087890913003,0.243974116912224,0.531800088983486,0.259934273371069,0.290630601759075,-0.101671206618939,-0.37808162075397,0.216659091581511,-0.311473618902153,0.0614443426792965,0.249908183412996,-0.509674808047241,-0.0136734070442154,-0.0041224628269704,-0.0009705129172925,0.90034198521666,0.497276969023573,1.48127796339348,0.181324354792292,0.116732851891415,1.4988077646685,0.538361132968517,-1.34028471586553,0.272385521179833,0.201096981730142,-0.704718011069249,0.343956708924745,-0.768569375778315,0.530950384813604,-1.32054721566803,-0.0630999946390931
gene467,1.06618269285556,-0.362767215591377,0.260473351070022,-0.883982998241873,0.549803265472853,-0.0866810347910683,0.941609628307787,0.258596826183448,-1.99534461374872,-1.10899617614799,0.548450201163793,-0.601391534968889,0.0399637104563678,-0.130561778841923,0.646607660607268,1.57396848388848,-1.30983216734476,0.352054206059775,1.51244265375021,-0.182581696837227,0.483200134151468,-0.587083693623315,0.502992428697093,-0.0497881288536184,-0.308241369120967,-0.847651905742986,0.0783180624097392,-0.479466726779198,-0.111573244179706,-0.452844310780736,-0.682982950030048,-0.442056504768098,-0.248045353649732,0.993390782610565,-0.654205071638679,0.959143166334072
gene468,1.09042476709373,-1.33837355033297,0.671732759067214,0.6562018456608,0.655606276009132,-0.0540245447017236,-1.04571792478552,-0.152690862270501,0.78211893646925,0.400377551459454,-0.526818946596725,0.545080773225399,0.680227426980213,-0.409132205078994,-0.736354102355837,-0.204750345801097,0.673898430367114,-0.419957710564709,-1.15224950708734,-0.391310728952452,0.0725746240585322,-0.432925493481892,-1.22633971340294,0.0585837442915896,1.11347265456548,0.403759808949532,-1.01618845248618,0.0851821505650688,-0.0726333308594017,0.146450563590749,0.622856400934643,-0.397378661110427,0.346951289204361,-0.890568616753636,-0.655352628546783,0.137678223392506
gene469,1.31679722063527,0.919579385118256,-0.507882002979247,-0.137351496211475,-0.330878295997758,0.781413487804573,-0.49784378818489,0.124526911105515,-2.22819327505398,0.0069494945786562,1.02328143027308,0.976142267001749,0.0551186914027825,1.23856880442743,0.0709562243679463,-0.383777239571102,0.389828325259042,0.142531564271584,1.03982735240474,-0.824044151370728,-0.725252198574779,-0.520647286518025,0.25927428266236,1.08482579807867,1.25057135823914,-0.979284319029159,-0.579634274558589,-0.607096855553188,3.03501256550843,0.593673786296677,0.20941967402479,0.273013482106933,0.245429542943223,1.02746443836099,-0.400959620454531,0.284379935554988
gene470,0.240532395064415,0.0131574602862894,0.668904116575697,1.2651440496331,0.146006973784231,0.0543425768499922,0.470948571224711,-0.763209141536901,0.742671882293751,-0.318152365556819,0.341375057826166,0.467806178588868,0.0922712385634151,0.097482073666193,0.856959697368391,-0.482419637980233,1.57919644771973,-0.810251851499748,0.472193656753796,0.521315635337304,0.125969453300349,-0.307306114719161,0.116322746485369,-0.759814021414976,0.618391574639307,0.0852155317995166,0.412038273486703,-0.373339764904416,0.327662605312686,0.594516274967917,-0.196690619922048,0.0956488758937561,-0.827625589679757,1.09244121884565,1.01338598829459,0.730131985912503
gene471,-0.0245583100423938,-0.29100664180419,-0.911678898765059,-0.313234920482873,0.704519763639997,-0.232034087271233,0.0194493249370932,0.799098250020752,0.193631110044029,-0.452652921931893,0.222542686463474,-0.0010193344533241,-1.42190049530925,0.0192022631826329,0.499855563389899,0.582315327712879,-0.216753259652335,0.146193291254931,0.361924710422771,-0.184145927664979,-0.140673510817713,0.14497528625805,1.17581818139319,-0.96747602311272,-0.306375092712091,-0.462894017373068,-0.703659633531626,0.267288884517328,-0.648784397857047,-0.769870739457766,0.441459615372536,0.908945099489948,1.18189657229013,0.0412817058243808,0.280820238141875,-0.284209366941246
gene472,-0.130790017079892,1.50203710640606,0.83243702536391,-0.545386880710933,0.42434937314734,-0.74608375490147,-0.843917435364222,-0.614123139267812,1.01783754781178,-0.647709249510884,-0.0679283407128226,0.210797853741321,0.106958773334173,0.463834927962866,-0.710971858903411,-0.655590234373406,-0.278173864918224,-0.449234692678719,-1.77266862678069,-0.496367438121745,-0.666426621836667,0.417152347558462,-1.1097294665707,-0.6065387778533,0.388464821462699,-0.86881445041855,0.674117891729261,-0.0740006655801821,-0.697525428640794,0.312678423095307,0.0280449105602941,-0.853651686068856,0.759966389555586,0.525821327949071,-0.404245104133305,0.808702360288705
gene473,0.49320737643586,0.12687690242974,-0.072720132497557,-0.613175781397865,-0.966705165645509,0.0675118956560575,1.0871124382681,-1.39025728015795,1.51518732799549,0.307528490071084,-0.0391574199751831,0.620462669974603,-0.917889958951448,-1.05547108910935,-0.166806899647901,-0.511972785317069,-1.06992605707664,-0.508566286544177,1.21687686056266,0.620757134155568,0.257872673298195,0.0191409394347707,1.26444641970959,0.240452410656824,-0.898410865186894,-0.87443894875618,-1.1295951179614,-1.0400473288283,-0.284839965296031,0.102269767464625,0.282575082497656,-1.15544064443787,-0.543127502843204,-0.0525209150705604,0.208449478873403,-0.905806070867871
gene474,0.806122265950981,1.33046141961141,-0.415091765278904,1.62595309499724,-0.202073164007289,1.2195042040927,0.145826949765274,0.641594070878855,-0.400215249732766,1.12537751405724,-0.0221759830540629,1.16580847710289,-0.120671706948136,-0.423466801085009,0.325184904830079,0.203048785113639,-1.15614770438009,-0.82673907365594,0.472445893703885,-0.784046775348624,-1.37800528438576,-0.539978968502919,0.79512010608989,1.76187462361976,-0.909763671201382,-0.0065056952433278,0.558265264373018,0.313043999890201,-0.208659571497665,-0.517531852736391,1.26303323843237,-0.147971960949963,-0.685560842601223,-1.65496821879586,-0.702379605110253,0.662754952327098
gene475,0.500092669564899,-0.237137056463575,2.00373441010458,1.08903301317354,0.20273881904841,-0.016408457510701,1.02937109351443,1.22560181052261,-1.53261614212687,0.531128814880203,-0.769057914517516,0.208609797463378,1.03423696175547,-0.692323283935459,0.294421412349453,1.17313291661113,-0.694637941214864,-0.164862292620152,0.116452981360545,0.237806600149967,0.433162607802793,-0.550943399920225,-0.722314797087692,0.12046147601581,-0.179053748286748,-2.22811250616002,0.159028105602883,0.979386864018821,0.185893610773911,-0.57297348642586,-1.05445118604447,0.0717617239546193,0.0475266469524538,0.612322443735934,-0.243265232706668,-0.0838958758488703
gene476,-0.873758964241428,1.32682839114366,-0.491415760833543,-0.460824821407329,0.0566563094723237,0.264400931275783,1.7150904269719,-0.903655169709983,0.329198026210496,0.658770950083486,0.651964836993681,1.15830417148672,0.109078517208043,-0.196027067060336,-0.41769492457427,0.201816950863259,1.44571000506136,-0.10800738017801,1.19836188258356,0.908423561828045,-1.31997921599819,-0.0604176637930554,0.126419324195861,0.702916685115546,-0.151698000164244,0.341425566519585,0.913184048805462,-0.335681824036458,-0.0408979752354565,0.0537774215509473,0.601480693636945,0.603237512428804,-0.785352120332602,-0.83312263177183,-0.406365205909872,0.078329514179666
gene477,-0.392380541540657,-0.368995973900816,-0.142211593484923,0.365926797086335,-0.46487657297969,-0.642763080935695,0.377803812853078,0.690935518349831,-1.69150212193654,0.636735535353213,-0.0715890744871125,-1.53828347120887,-0.665709417994269,-0.238781879619596,1.59547065873309,1.33652380383614,-0.225331074160339,0.953484049939205,-0.229333273258923,-1.20610835683048,0.809160886326742,-0.580265663413463,0.106968905225059,-0.900413716286494,0.0385298025781991,-0.0166334455550429,-0.240822502521816,1.74604902469983,-1.80575143780442,-0.424385723207346,0.133477370312143,-1.33189607788242,2.3245655438777,-0.603755440075699,0.337143490114014,0.227488616770321
gene478,-0.0937611618677858,-1.6211534198459,0.401375189483101,0.0620323760684203,0.356794321111839,-0.488564231835075,-0.817826510048433,0.836200068300418,0.23527978392186,-0.0623355048283711,0.315986763284777,-1.27166313939926,0.291342272891434,-0.487489202536934,0.206261934617879,-0.962710383894631,-0.0156493023801199,0.221389393494775,1.21421664072993,0.0398301082020202,-1.13672020433605,-0.125843976441678,1.06229251505389,-1.18169166259716,0.302714268843272,-0.542226450758486,1.51346076263781,-0.60621753967823,0.140191092192212,-0.632130715290529,2.18907313586524,0.884385088474021,-1.43170156031713,0.717688680860443,-0.737116110702169,-0.178478555970009
gene479,-0.0563739102401767,-0.40989162788732,-0.774626189623396,0.271589034125374,0.991614555173679,-0.964789616779964,1.25614750890737,-0.399439899786356,1.82361853794997,-0.750892193344939,-1.2006450271211,-0.855661586756888,1.49283354379789,0.562726283595377,0.835948495028447,-0.47602404389497,-0.103436915075237,0.0539306583759639,-0.20776871159714,-0.651541823644977,-0.735695574326166,-0.861887837008501,-0.658963470159379,0.57250589043346,-0.281379617553112,0.10312954555269,-0.651072271768505,-1.19866315111912,0.128196070390325,1.04145688537777,-0.271744975991213,0.892161640201153,0.0910803951912096,0.346492275563521,-0.883583826280682,0.664876446730221
gene480,-0.131281657623205,-0.409307317060898,2.50405888036758,0.989485841926231,0.130873914167768,0.904089918154696,0.465686966659558,0.020728124285354,-0.318068779972714,0.528620919322196,-0.911092347695886,0.0498649517715562,-1.57011608008491,-0.351468793787453,-0.0537612828172136,0.786926357015578,-0.348797258834855,0.638860650857229,-1.13236684227906,-1.91228028828399,-1.68865959500496,0.904276370321854,-0.175500449555042,1.53396887072389,0.768090182433602,-0.420911474490924,-0.131008310898797,-0.961565282843683,0.441876437268622,-0.705224210157243,0.975943035091843,-0.266044270144096,0.110954116692429,-0.210221501843811,-0.235986247460593,0.0547310054057232
gene481,1.49669306112572,-0.978241550314802,-0.820956017207166,-1.59911633372003,0.198534636469938,-0.0391964087045689,0.331433648167807,0.422154707313968,-0.638281592532967,0.319749929062447,0.824144532733085,-0.0327860921335632,0.247265777021063,0.698007063500715,-0.665314578947211,-1.08989898625362,0.111663992342681,-0.196469507396466,0.444685114392093,-0.0833908754647373,0.0631996710839619,-1.12325846449524,-0.122108757801764,-0.195704863070065,-0.451069782184178,0.208483954249115,0.687234659251927,0.959220461293256,0.16837975212635,0.118914496440337,-0.448688320572182,0.0480459584507301,-0.649389304805975,0.349181042471733,-0.48502433705592,-1.03801144197541
gene482,0.699062228903322,-1.46696555217374,1.43180310547382,-0.553612102136703,0.0216855700059939,-0.689887803922613,-0.0716404090111213,-0.979292996640227,-0.806862159618266,-0.666721247009044,-0.433103784239751,-0.0240732003192193,0.0763439871465046,-0.997165249805038,0.241920028146731,-0.195172500833504,0.566899239159549,1.01936910293769,-1.18849574475955,-0.570612743977375,-1.35471093831425,0.226585754796024,1.38002020734511,-1.42620198006158,0.651336499321419,0.199491669860768,0.956157147337227,0.214093041241865,-0.284102754534995,0.919441697651651,-0.705895552645951,0.457695387303828,-0.287619393430594,-0.511506690183653,-0.0693925597002423,0.798383221343545
gene483,-0.465661789701422,-0.185577032208247,-1.0459389271024,-0.0244163320736131,-0.38621344807823,1.18811419424747,0.36858576013896,-0.265233643447133,-0.29693244632838,-0.247412856901311,-0.340228553441124,-0.343640269786348,-1.41985957171071,0.402913871102262,0.579354556827768,-0.756348178960384,0.0669781352436774,-0.170200349058239,0.0337203548604239,0.26911305591258,-0.431438969305972,-0.193381961776151,-1.06539593085816,0.217299472298668,-0.785733199651897,-0.214367720913609,-0.629492059447281,0.323725288821004,0.565690003243095,-0.71019033939219,-0.780954847751458,0.490742077699152,-0.603437507009282,-0.0035085825913965,-0.267279894857652,-0.571841907473557
gene484,-0.598546560895187,0.0607103641675656,-1.13239958171939,0.094020125275365,0.34245055444868,-0.201578175711009,-0.673508481112372,1.46443421808113,-0.823289334512789,-0.570275086209753,-0.276440065584886,0.738647207986759,-0.572363508703721,0.500542756290153,-0.948294625925614,0.851365224123483,-0.183561482300333,0.59119405806624,-0.169921240562253,0.675452959463005,-0.042981892445561,0.110576571654648,-0.55079599621263,1.04662232785373,-0.354383644731761,0.516182385493478,1.08439416225522,0.509631312721745,0.551582734296105,-0.294003049041791,-0.0223862153223892,0.497169722182644,-0.0527050370534186,-0.440236730661933,0.739282106851648,0.0129994974654438
gene485,0.0119809887311397,-1.50165596303623,-1.28167754151039,1.81574833753504,-0.572454112813316,-0.275880712033425,0.477319797765822,-0.497844616069684,-0.28020108251453,0.119907815820952,0.0504445670716927,1.00201490393613,0.454051831554958,0.509483478744352,0.613988849097432,0.0792339965502634,0.018356832288858,-0.178108792829051,0.646943873841789,0.0370732308626829,-0.183050883015575,0.281284335984312,-0.0231705398850628,0.620831180321595,0.145029002950907,0.762198947481797,-1.33497801059449,-0.75382327331969,0.624278871615089,1.2486673680959,-0.754017487542077,-0.377936454746327,-0.596782161217717,0.208099734363024,-0.234725583139514,0.767172498589847
gene486,-1.30401590088331,0.641433728221478,1.1195120863222,-0.44074347020792,-0.245949278255636,-0.613406094936944,1.32582447432891,0.168714563318857,0.0589630159306644,0.185538153811982,-0.338499950941595,-0.347225759070158,-0.0987171845065154,0.378843095209247,1.38796601239964,-0.324077394647937,0.285273359408723,-1.19849960981999,-0.867258812053274,0.232327836933948,0.323766391765612,-0.792005258011981,-0.0311788771622288,0.851875317602333,-0.316533696297757,-0.982364219317795,-0.449029338731788,1.37232263001391,1.16444204704218,-0.297766276335378,-0.7197069064016,-0.297803786561605,-1.36426028793586,0.379960906763495,0.043320493887965,0.462772686003838
gene487,-0.69244591150643,-0.286908291252601,-2.36669236001944,1.04464284969346,0.724829451617505,-0.68976215709014,-0.1376150775664,-0.125916082955184,-0.505880514066586,0.137230706583961,0.486204706029006,-0.735803921323355,0.937648786020394,-1.22373757433718,0.20502352734576,-0.779408645393821,1.1279765329774,0.239787802124941,-0.0443125836327379,0.207754380079328,0.33569143285877,0.318036136369514,0.122621492011514,-0.387940758492096,-0.280441895160941,-0.921197227928322,0.753763681170725,-0.285523439126963,-0.624654591558743,0.267277782683765,-0.561661583908328,0.309455942051568,0.479459917666205,-0.37420609351215,-1.12230183574785,-1.35241397825956
gene488,-0.507616630134665,0.630021231661912,-0.133535819891723,-0.0644463328051789,-0.17042645448103,1.26189583309363,-0.189812503567751,0.356259053131824,0.653375494030519,0.0592514320349456,0.409551999080584,0.192968563235237,0.594678158219598,0.472357793789204,1.10596884463851,1.86800734272303,0.860122962706396,0.293237163377909,1.06207674425204,0.814717153908512,-0.615137758358304,-1.05339473454409,-0.461021671995638,-0.612141719261965,0.197729727349348,-2.46148376627471,0.0405154008668725,0.519759644432978,-0.354115620637933,0.188811943655451,0.0841344448694921,-1.48741680584902,-0.13420994786687,0.160652533503734,-0.37727836803642,0.169325128091567
gene489,-0.27856574264021,-0.36125202346799,0.262046809752875,0.401228129007527,1.53156415938934,0.316463887397265,-0.201009116048907,-0.358442078432052,0.253215799382375,-0.661756611629943,1.58560805939265,-0.513703070503186,0.0170588292565427,0.501919878740106,0.636102294861419,-0.475842427292194,0.105961901618594,-0.230777329706917,0.860295705700102,1.36004394499036,-1.09606291248562,-0.665395692054956,1.2305348397336,0.283254604083335,-1.92840112620254,-0.210192565197318,-0.440584118144869,0.309633473579501,-0.0018137712022867,0.17348229854666,0.317767205801122,-0.0050387150048159,1.40829905421861,-0.721139672706579,0.551330886123344,1.15668526678689
gene490,2.47534755921581,-0.21264347261106,-0.159446875580667,0.166366605883228,0.642837473780749,-0.0834943169930656,-0.311753062903467,1.62466719551669,1.5376829728971,-0.51653747382959,0.324351870061851,0.426989801373297,0.859312154281908,0.26197481539074,0.114214864659208,-0.730664105690901,-0.189667691366071,-0.156275071503237,1.53146123363783,-0.754176462587176,0.961635085910744,0.759366212815218,0.987146034807735,0.162038497654721,0.998302442743223,0.912142004155212,1.02235123426164,0.181645696545306,-0.790766924995923,0.310100564086208,-0.186886337875304,-0.184985378012251,0.379662731179758,-0.934939838098794,-0.413457402267918,1.09013782761426
gene491,-0.795352517014178,-0.044991989686581,-0.832395061068388,0.27011722675034,0.437174377191462,0.440027001187513,-0.829828204307483,0.373926789680019,-1.11631027611865,-0.087609686627635,-0.14246263314003,0.281333041293387,0.225627950557469,-0.2676891051641,0.0359728061768022,0.07856454754733,-0.439825638085656,-1.04746526978496,-0.406478830024232,0.454911190192316,-0.105556490274873,-0.597525163777159,-0.465772199805924,-1.13547910359013,0.331164487199374,-1.44181084813934,0.410392153188403,-1.30646865118486,-0.656623598775403,0.712557081029157,-0.537750270419277,0.533392423516069,0.323902318561138,0.076213715544315,0.520115501740257,-0.622989573244787
gene492,-0.185887384675026,-0.737514262738228,0.769331137425498,-1.17706799997428,0.879610382114434,0.497119062749939,1.43691619804596,0.439322171631679,0.0415751989653531,-0.210274765240434,-0.420078085662542,-0.477636449303521,-1.29038305473968,0.204061535881294,-0.30255178552896,0.238278321210156,-1.6899894016787,-0.595976829155183,-0.0978281441142511,-1.08874926084159,0.103106349816203,0.330623286825377,0.0250949262361571,-0.398361827281645,0.21600432312635,-1.49896694954956,0.349659188763499,-0.767245683372852,-0.893907943223432,-0.252209596017206,0.128982093695005,0.474695799629936,1.08391253617736,-0.644426606241065,0.0782345154682185,-1.04302067926061
gene493,0.247343358689946,-0.100440663760245,0.661386571807708,-0.948585779036189,0.242163789028322,0.633536743229762,-1.48934696998038,-0.28266434709327,-0.745637088774001,0.0830577088785137,-0.121123835316121,-0.162875055977027,0.707670860163841,0.125101087844189,-0.253197288092365,-0.222754962845318,-0.115660235590467,-1.04710431015352,0.573512166513751,-0.138289171195191,-0.328104777106128,-0.753733612739826,0.940113745552285,1.18298615160822,-1.04148821242817,0.184155207248058,-0.157785285258437,0.185333335742692,1.31026022927133,-0.222425279220935,0.406733661312596,-0.824153229265188,-0.89390260454596,-0.115187479730141,0.161724625121063,0.519227406459652
gene494,0.0821084809008964,0.0762324389607899,0.486860560249252,-0.541552260255785,-0.854838132946708,0.858707228581594,-0.0493959909115435,-0.579026195477211,1.45530824634825,-0.033994613921704,0.472209467258716,-0.926508935275544,-1.50859989219708,0.247924533982403,-0.502962150846718,-0.263217145912474,-0.57839800495119,-0.769821901289044,-1.36221054151476,0.0446349968819601,-0.12400521708744,0.658648453379771,-0.65691704288876,1.17344746946993,-0.978324980055858,-0.154739954225835,0.246362480688343,-0.641984297632452,-0.452595658298427,-0.236957863840196,-1.10892823699804,0.70330583375097,1.02379985919963,-0.40896281884872,-0.775823864547,0.112413670318765
gene495,-0.173747869091642,-0.883771459462471,-1.23570448404845,-0.971755975002077,-0.0841560390958626,0.104607077519329,1.05366827499178,-0.270797038129846,-0.161782950067861,-0.863653099767579,0.259052003967012,0.479450911767948,0.417022252461439,1.12303383554388,0.0761498538267216,-0.233396669559159,-0.287868265893539,0.311992757949714,-0.154273268294585,2.03645201816911,-0.365397939574096,-0.449635182566472,0.161268253846748,-0.0546576590138729,-1.07693141834461,0.139620721410228,0.0957459353801995,0.0787511296645993,-1.03043833746568,0.34393024753645,-1.33344892013559,-1.48466671810764,-1.19860115178623,-0.704311535290407,-0.842123906974824,-0.418271042593145
gene496,-0.714678736862707,-0.555872000928535,-1.81458263389099,-0.241542992624502,-0.965251596593939,0.788522473047791,0.877042113204384,-0.409798288976284,0.82650811480217,0.761634712397243,0.546869040016581,0.110766242897606,0.135387623918584,-0.513809029576355,0.908418059137582,0.0341056747707403,0.140201823967805,-0.446787364455757,-0.295613924763113,-1.23482675492845,0.0024992792834927,-1.09323695792123,-0.0885700607354418,0.18549513744478,-2.03927622256744,0.761217715384788,-0.182667440255573,-0.523693494268378,-0.52261987302509,0.311028336003312,-1.71622182796574,1.2563599913673,0.490019513071863,-0.362465179412557,-0.31129181068533,0.529958982312144
gene497,0.48371404337238,-0.112744754190742,-0.908424296160549,0.354116375586709,0.682773554009589,-0.279234974590144,-1.1253477210532,-2.39056206144261,1.40022453774168,-1.12091879617659,-0.281268693194618,-0.08950721352511,-0.52882148193175,-1.24159815180989,0.362535948451644,-1.03058807849311,-1.62661316767947,-0.842762548812773,0.729159090720449,-0.026930788353892,1.09590188213393,-0.452057341764657,-0.0589020339059112,-0.0828051102399788,0.675393105385403,-0.319478430011207,0.596413084621193,-0.188037520245867,-1.23105930988215,0.414687632614616,0.195207202959828,0.08809154944417,0.0175146856123645,-0.173585773073574,0.0890064732851238,0.214600098068925
gene498,0.0487367478498217,0.939193673520896,-1.2898172288126,-0.342909182005331,-0.966975240466507,0.234948953259609,-0.136109035055937,-1.44359668281984,0.585937170719731,0.0130771532362607,-0.525233781622143,0.288177776169318,0.694248858008382,-0.601575091195347,-0.563659424434187,-0.35792298083864,-0.966366282904587,0.899198059176816,0.304273550949129,0.234912781748224,-0.922982175886758,0.516850565769381,-0.821068458301634,0.640396657524404,-1.3915888880637,0.944338391213439,-0.852471778996737,-1.2555010679642,-0.908684360438997,-1.04532922330183,0.0844907790570524,-0.327883970084766,-1.34888095621201,0.314217216654599,-0.883195372451828,-0.0575621029411881
gene499,0.77866703311015,0.972793458479862,-0.712267284897682,1.01281369960967,0.0569224634637642,0.701304010253638,-0.546633580217364,0.843588287901853,0.0750655850011931,0.828163350205934,0.70302023665874,0.232193326666549,-0.0177322492705278,0.734452196331145,-0.300897070449307,0.117938247501915,1.2827948352829,0.459098871497155,-0.550418599177195,-0.597909938223771,-0.837308558715811,1.24868346810111,0.115382952169074,-0.741888813506659,0.913862831768354,0.0032444993054384,-0.254820722520642,0.352485313626162,0.0567056943132,-0.0968214851989096,0.201611979505766,1.16163667674557,-0.189920415683285,-0.309521187687234,-0.594611148088478,-1.08977702944974
gene500,-1.88390175491114,-0.711929928983814,0.398620440632327,-1.86942446229968,-0.63488058615962,-0.667475916520961,-0.627871297196303,-1.10168752158434,-0.0500569146882225,0.20743361247174,-1.02060632328474,0.548532672820068,-0.525761109318318,0.431608918746523,1.15411778891894,-0.194558167918008,-0.588189686486109,-0.239205567563273,-0.720200811878078,0.498522799926764,-0.641098621321839,-0.761894051892808,-0.0661581487635124,-0.84332134304119,0.450455820563756,0.207499493234052,0.245654181515456,0.0815298335432026,0.582624828641143,0.343632340577487,0.157208463419995,1.69013187242561,0.0199167932896862,0.676818929751431,0.685380752113834,0.928536824155032
gene501,-0.328742730286942,0.753994115114728,-0.0273946909725752,-2.22049704448356,-0.600200236061336,-1.1486946757455,-1.09174283192731,0.0414129311353783,-0.456049678724753,-0.476901230529652,0.167726521765287,-0.0151506511986945,0.0667192323242483,-0.325992472447927,-0.337308542116163,0.616692791391263,-1.18961826251119,1.23285501554177,0.467166556599771,0.783703051812592,1.3091940605009,0.542732754584633,-1.02196336842673,-0.173431921986547,-0.807728659886379,0.310644502258361,-1.04166594190005,0.597438994246779,0.801508908789069,0.187935031988578,1.42417320712796,-0.837286222992147,-1.16036394177923,-0.47369462301759,0.412606623292347,0.589565352192303
gene502,-0.410712531227503,-0.760355628016678,0.109311232134526,0.30646225912853,-0.124366941234301,0.515441566852079,-1.3380880607211,0.492830963535836,1.54030637974733,0.786172083583047,-0.171588516117176,0.0940115090275208,0.730022094613049,-0.584442962815856,-0.670640620880126,0.661820148464323,0.0838427911025179,0.996481841034777,-0.536297643038234,-0.276718917701502,-0.343987138290911,-0.322442419204561,-1.27619594580615,0.343460078093206,0.664764046253229,1.27294062796624,0.779309608235421,-0.302859384661499,-0.457114718209571,-0.467612993131212,0.137341144063567,-1.79454886378537,-0.13566347853224,-0.046611441027151,-0.247265415268224,-0.140129497021603
gene503,0.831680023942928,1.22825797702342,-0.21663295855936,0.443985100972115,0.620087891493378,-0.658020021683858,-1.11878783315886,-0.20123548771114,0.856011918221638,-1.13323760757813,-0.789836527092977,0.247612389313677,1.27931470142359,0.636838547860866,-0.578537650052007,0.431925541479801,-0.140837741433643,-1.13634964083169,-1.42330579683408,-0.322651100577306,1.01207276485495,-0.850218287399401,-0.751740151883076,0.353365667842619,-0.165630394000375,0.185653671099721,0.440492444111522,-0.513588480739025,1.24862197383599,0.611968271147393,0.975991746840638,-0.240441677554425,-0.685138570524173,0.820498691133179,-1.36825907258157,0.185946674711037
gene504,0.24761291972744,0.487901980191531,-0.910620738047676,0.251245110500202,-0.136360495399796,-0.588295242212158,-0.143359995988463,-0.800454714993243,-1.52554005230837,0.950144721922486,0.343596002715129,-0.671932777367835,-0.330074785756469,0.718228857389028,0.0229821776831938,-0.331375762491694,-0.796913047710173,0.156495525738314,-0.138018435968775,0.865719997259625,0.324196949620062,0.139686217993043,1.23398767027858,0.896033869874309,0.0651811845255768,-0.663990789196479,-0.0459418843940244,-1.15033762682928,-0.091750070631774,0.325458100242324,-0.313057555658083,-0.260585286094065,-0.0343495825361979,-1.01947345022247,0.476875182367574,0.802938734673155
gene505,1.25168749589786,0.198606803700465,0.237789950979124,-0.787160082361882,1.65592677543035,-0.467623285484024,-1.75230760621149,0.359218389249249,1.34248508865449,0.0722220654034259,-0.707664081466455,-0.262037185713867,-0.88405296285163,0.675303343460122,-0.385215061837008,1.13961440854195,-0.490581570600535,0.319812211625894,1.15152055409618,-0.45864673004983,-0.300905138338358,-0.519656174312546,-0.836731234129451,-0.358893953732916,0.236886742873609,-0.943793204949222,0.939279585493874,0.264022750195572,0.893682293772406,-1.01725479692707,0.0712747182388453,0.166110685484424,-1.04586363260851,-0.0434426763619347,0.276272332723819,0.914589976048096
gene506,1.12640628153099,0.60773225325744,0.538686285511138,1.15605613021375,-0.923629027878611,0.322159043869185,-0.233655972827074,0.137878001112194,-0.348510712807501,0.893761284419216,0.119271432406887,-1.3685446408746,-1.56614313777397,-0.845958623231281,0.388122260401623,0.13390684238518,-0.638754178924269,-0.0755887051694751,0.195216549604465,-1.46057811661872,0.219340698788935,0.0374427367303202,0.115815128369134,0.131596903824168,-0.85104027452051,1.68056611095388,0.672120764649347,-0.520743045341299,0.862072495578601,1.17862205423338,0.325459973235891,-0.0468354157297205,0.420999570969549,0.501091701311037,-1.32930771026542,-0.544324040326244
gene507,0.578702609443645,-0.86730665285507,-0.674580468852364,-1.47942751949235,-0.156167114090787,-0.0408842643280183,0.285783090111133,-0.620947266201337,0.223921142158973,0.878473654429212,0.658894673101873,-1.25182214579014,-1.10479430309533,-0.0705855425323097,0.0099909642368166,-0.278829531566532,0.397078149640361,0.457357098796873,0.163895740330178,-1.80570058525201,-0.472471768492411,0.0069564051143985,0.0389112228040573,-0.388867932585946,-0.174296678585152,-0.202776850871118,-1.09334004005684,-0.235593366778298,-0.304055136235896,-0.827678308204264,-0.462817700826456,0.0564844450322196,0.172302539800368,-1.13523466412664,-1.20993863064277,1.31205993692099
gene508,0.111637269063888,-0.238667899703376,0.818807794619645,0.409590177369548,-0.580029166509214,1.54473618491626,-1.26036756963103,1.1275787489749,-0.564966083978817,0.448077721748844,-1.07462710735427,-0.568049295587353,0.194457923714493,-0.405830444803111,0.141211574455151,-2.1427384864784,-1.68750995866458,-0.685634735023394,-0.187169042601986,-0.417443371133917,-0.0238275159365844,0.515778362889623,0.188393091058622,-0.848528384335121,-0.209189191318171,0.180381674684008,-0.434770575449723,0.585715127937625,-0.485182391272767,-0.21147463893577,1.00617979100227,1.44040477855293,0.486008351947418,-1.58658564064738,1.70689721083552,-0.435015642434542
gene509,-0.998213595872076,-0.513195969565892,0.671653572452744,0.0763021303190978,-0.263275506626638,-0.504973797842746,0.869535055271278,0.798920772722593,0.271940219682481,-0.157378647167205,0.768073860017718,-0.566495020369143,-0.449286604041226,0.637818799126946,-0.552266761845425,0.925352089339015,0.699994607913235,-1.33352465365974,0.179686127420646,-0.911399221652307,0.615292435895261,0.0400609491019186,0.622234189993424,0.530101935354618,-0.423322951946999,-0.628477974614797,-0.303147181293321,1.34206666305831,0.0898072036646471,-0.964277965049277,-0.729340722667159,0.896902201347714,-0.283575192734812,-1.54847552547832,0.798612724420383,-1.03040521138481
gene510,0.161013021965887,0.748761673662909,-0.151094245191579,0.347144579704613,-0.140385199034757,-0.772895817234488,-0.811060688582416,-1.04304939833656,0.0180028094369005,-1.3062648815783,0.537583655319548,-0.798558543326134,2.13134262376466,0.0886265884839273,-0.532061655096046,0.37509939912808,0.574362326887214,0.0759276499695372,0.124168992368336,0.297739335832085,0.0556966942829545,0.361892999107917,-0.438946377515492,1.39149932755283,0.539802746677994,-0.333680014763316,-0.810619760678505,-1.96622119307919,-0.850723757727815,0.0445672118209298,-0.28698936919313,-0.259685249498744,0.198154881856558,0.102232720142101,0.42508001952579,0.282897639491581
gene511,0.822691025229361,-1.19547399605748,0.545001528504005,0.763093240225004,-0.575367189898852,0.65995071903561,0.853898612343351,-0.512245590479469,0.227917536761862,0.728276548816942,-0.644869892440354,1.48829079705242,0.359160136288997,-0.748475391474039,-1.04995145120531,-0.729650367965703,0.6869152476697,-0.092388722165122,0.706796993380661,-0.795576505813707,0.338093266846265,0.594152770323749,0.625497752700356,1.55822092932057,1.32058520434732,-0.0524816085462946,1.86553513533227,-1.66674412983335,0.799558840513285,-2.09748365224015,0.85614168633858,-0.836173631698843,-0.611011828590794,-0.292816159601084,0.0778819936938117,-0.616007182107845
gene512,0.360715339322399,0.552932802347314,0.196940862958521,0.324254802630123,-1.11001219083469,0.0756753682265689,-0.192388066626718,-0.10678674852555,0.0549572554007884,-1.88529580504659,1.43427363702177,0.674873767867068,-0.0279589904063094,-0.813668476576508,1.15184862091979,1.26002211787529,-1.02146195146659,-0.930298827813855,-2.07435770782938,-0.448956057567408,-0.833539546404159,1.84078939339483,-0.168787594202532,0.693743881127975,0.436907190120087,-0.909883518079861,1.31715348511194,0.658168310844274,0.532344979797687,1.97884744748427,-0.187525752110395,0.623213439797614,0.344036486653853,1.24815486936635,-0.0366631599349347,-1.04040268933652
gene513,0.539655306796134,1.14632868854022,-0.880040049648219,1.51263190115848,0.664810869848099,-0.231673072769065,-0.0289020837606645,0.542299529196496,-0.163751120093328,0.225222864143276,0.166668141181566,-0.531211696883773,-1.43993786420758,0.731500669233524,-0.764365727102614,0.509195636881102,-0.209271473872953,0.170033575431178,0.599876889849452,-0.0731583385921464,-2.20082264793272,0.0193725067381451,0.371896392706716,-0.990588177232198,-0.692933835944872,1.24925831681141,0.157017296734756,-0.0903096131898512,-0.244255364881456,0.432985331568619,-1.08516602303072,0.193364806128148,-1.23977266242845,-0.430118700240199,1.08321502805654,0.386828579439819
gene514,0.152435584665544,-0.196978424555438,0.823718785365257,0.736757451585862,-0.0576462688341925,-0.0541922162532884,0.01028542584418,-0.202983258549489,-0.27342145758338,0.0761975100246566,0.268097217792555,0.35433993235767,-1.28264497174726,-0.529154369970386,0.438901467944205,0.420855406995687,-0.0660946947132301,0.126704823378318,-0.477591208322373,1.03556335968922,-0.366194380791159,-0.0403703483137602,0.263991987911048,-0.656524582478649,0.562328849389795,-1.06839352034671,-0.325166212011854,0.182264846703933,0.425357096174498,0.455611296479901,1.63489462336899,-0.161406772706467,0.97342723058332,-1.39324454866533,1.819049474766,-0.0883651525154442
gene515,0.401284419076316,-0.224274763855076,-2.12400632240276,0.214436486676459,1.37574356134213,0.617437930422302,0.0601325705177132,-0.118906927529356,-0.483138616932668,-0.164421490236381,-0.108904665273092,-1.08755750506086,-0.247954497177882,0.973559239994194,1.44958900659223,0.146775976731318,-0.465915345795509,-0.0105175211939744,-0.223431454050891,0.601374863704601,0.451733540993981,-0.155778511638797,-0.404581006325592,-0.59723272398691,0.174042304889855,0.491133434160823,0.181151482696681,0.543300782649154,0.737785948792444,1.64354961379541,-0.402792273508209,0.233152989031935,0.237811009422673,0.167917710305156,-0.595068810470176,0.340930267343576
gene516,0.884825301182547,-0.472753826627885,0.876287480299727,0.146385838454016,-1.18861657023546,1.08471802418458,0.358188539377081,-0.11182905803013,0.0561267918320997,-0.0106489498848374,0.394638893949476,0.562095609074298,-1.11448611941835,1.04446213052788,-1.21811572235083,-0.290740518524194,-0.218280563131791,-0.0534790705470758,-0.279964598435883,-0.641758331719116,-0.314189544278976,-0.218668303576325,0.802182273049356,2.62417282596635,-0.854583836122522,0.14995347309962,-0.0713958681129567,-0.285786076833896,-0.068215658819158,-0.176239662642331,0.132010593818812,-0.245614005158896,-0.0699371050871286,0.507318898120321,0.508105801399509,0.0645231462958351
gene517,0.208157764700907,-0.920441321815669,-1.45704254059558,1.45433791637738,-0.34023698048999,1.64438505980405,-0.606672612185374,-0.491279035895208,-0.871783432414015,-0.762719911112575,-0.955820251587585,0.578665397942576,1.19575429987232,0.212894107514705,0.885268903122926,-0.223528109828609,-0.80460876363946,-0.123110146660467,0.800136359639362,-0.0390333452888062,-0.81477706827995,0.882284117498049,-0.347055833996926,0.567525395731267,1.03133429878295,0.518739813323784,-0.797020748507611,-0.592511604254359,0.443351687765593,0.98196650399918,-0.432589351013444,0.0301595333506104,-0.788778566025322,1.39103858786388,-0.0882442933298415,0.316635381029369
gene518,-0.277668421329756,-0.09162977597404,-1.03932439339363,0.788560041239777,-0.615631771653892,-0.846749165183489,0.789096375358078,-1.38044512376684,0.589828268250246,-1.08328149393308,0.142606534203805,0.569203757979939,0.716389257691097,-0.886669596123898,-0.861008528396267,-0.816713069028248,0.120839621199735,-0.115475520230396,-0.709919303243137,0.986021266923073,-0.279805050011524,0.140673699973915,-0.0106441382883725,-0.779339409256671,-0.407283115059964,0.0816985913462046,0.0892460643282635,0.486780044394311,0.45177516724924,0.742030249656932,0.400409585718129,0.202730155969079,0.378410562070351,-0.0329085572111284,0.29002467327317,0.869030848177438
gene519,0.434793994519541,0.65143588553349,-0.203839240262702,-1.66880137184678,-1.10735958469956,0.119137614461603,-0.314452585178909,-0.60028537108478,-0.587403027394885,-0.190805663948301,-0.229525927630502,-0.220830492189026,0.0684329578072359,0.285867960336988,-0.375434021392252,-1.09154455962268,-0.277898964370425,-0.0750829125790383,0.19907612030939,0.353176769571617,-0.701447468957369,-0.312005831849252,-0.625378038145774,-0.466980208060511,-0.27265040838131,-0.127055590572607,-0.393863108089931,0.176987624040168,-0.897231457371735,-0.377727714559104,0.271573841155092,-0.705634403704435,-0.472294077125893,-0.47966057833854,0.299372713460804,-0.322338708698078
gene520,0.558477525881556,-0.0499534650075381,0.198669974523345,-0.212354269557536,-1.91754585617012,-0.0379262337548099,-0.40474657479572,-1.16158904670372,-0.0156295808097305,-0.644406416123391,0.797065660576084,-0.689106081173024,0.491276609096887,0.271417694481019,0.41541289529106,0.179322054238375,0.472768811406119,0.318513205096328,-0.248398367257676,0.533673151129682,0.74235018613251,0.359241602650554,-0.570792848794962,-0.16507998570959,-0.764246333694726,-0.821330679349986,-0.491841259654931,0.460832277612476,-0.289228541630018,0.234231679306661,1.57058312802057,-0.919734163498258,0.316208163733714,-0.0748035012659267,-0.861224831972883,0.410667869032473
gene521,-0.753068972922384,0.770879619379751,-0.0752173535631098,-0.894335992209759,-0.156143013090398,-0.844063515302365,0.772552257285618,2.16095056686944,-0.828543518944735,0.500349124658683,0.343678120307208,-0.534013019394222,-0.0586331231190593,-1.78883223598528,0.583021410484093,1.18542020761283,0.945145565869911,0.44278330715851,-0.911621831693496,0.609977963373556,2.26407655775578,-0.0112763037044479,0.343123116913189,-0.410365538297338,0.572447178976312,-0.0608889244464232,-0.218585509600707,-0.428232210534937,-0.782365783127358,-0.765464734710837,1.16732086198792,-1.08999087905935,-0.819586207388457,0.586260107075695,0.961870681242455,0.054804397012635
gene522,0.233258923592167,0.206094459918042,0.574553830939842,-0.990472524126369,0.21017553419214,-0.296399895981701,-0.0611856780273586,-1.25016259550311,-1.10875687902902,-0.119685456117356,-0.205249392314159,-1.40436660147925,-1.09956890141488,0.813964608134073,-1.20795784221322,-0.502299493332479,-0.306600076499791,0.0278722824807228,-0.0926855236873637,-0.564808482253079,0.412864115063548,0.824112469810674,-0.492390665128539,0.173794619476495,1.42822179917238,0.817699105590326,-0.297590109543267,1.45863398012684,-0.188992947335949,-0.97538337959188,-0.195366336402591,0.378977978756946,-0.792013611139833,-0.894325168513662,-0.133322350239627,-0.217058422680307
gene523,0.0760755923711373,-0.367507900580613,0.261789935080408,0.613999963275645,-0.0534906076110776,0.332658366510407,0.526637729693642,0.0909914341094952,-0.25829687612298,-0.555101338222697,-0.171025659576285,-0.0013734577526455,0.918299542273995,-0.646607839755974,0.62874579824663,-0.0624551981555398,0.091036731190698,-1.1453416833749,0.434172635238657,-0.908633373365332,1.47370978017163,0.744545152964715,0.477407257680959,-0.511941257526942,0.24070844491175,0.0468125746673169,-0.41548833853127,0.525219718164751,1.0287092155021,-0.0538616964965464,-0.351104312451054,-0.0031011843786406,0.974866327822438,0.962618820116516,2.0405695252146,-0.373022169541671
gene524,-0.100196772765706,0.0675648708879141,-1.00389763722186,-0.245071302603838,0.271111588947027,1.17056262591219,1.91947182835073,-0.176377118030682,0.672591347211384,1.33899096860442,1.06382625086466,-0.931870830303502,-0.0970744532809569,0.527753718297465,1.11728720277441,-1.14166448584361,-0.987485921555301,-0.140733320900461,-1.00291224698051,-1.28270681840541,0.338155875432523,-1.46051324017463,-0.587453290761589,-0.477938953012899,-0.523692531533497,0.0906384494542188,0.157701805369623,-0.630237606653412,-0.739720572626803,0.552803878996011,0.248605784080161,-0.959864046165676,-0.940777877264701,-0.220178037036638,0.454434646651838,-0.0341050978128394
gene525,-0.263326140298176,-0.145389923184191,0.33092853459965,0.392269432308305,0.49656402277784,-1.18370977869795,0.38512113156512,0.545871498310621,0.0589251778432415,-0.699214148434929,-0.106857044282944,0.209139327158231,0.159955859991237,-0.558455881905215,0.835546965858286,0.0674780495702709,0.0967825255370596,0.227253597537097,-0.0001147061649652,-0.333933895604961,-0.827041302569777,-1.00595529485935,-1.33552608731052,-0.411764918271967,0.313610311753742,1.65933180965811,1.08035811571977,0.511103829292807,-0.229781779242,-0.554645696988097,1.69336358101494,-0.635515338090457,0.0584324016478477,-0.0898559053983188,0.0413029998665536,-0.554624396865245
gene526,0.573246887660795,0.0742300384168752,-0.0117714520560876,-1.00023450383974,0.916491255367487,-0.469264177418706,0.144228870470211,0.456528738747282,0.766476008313968,0.746216966692172,-0.081565365998199,0.0128715880052679,-0.247736618518252,1.70635873758188,0.50453172449603,0.678209921108492,0.456543759915701,-0.112858845614678,0.762724129160974,0.0434524514338949,0.997081153860429,-0.319729336947257,-1.27895183899186,-1.20588303953163,-0.207782577032198,-0.251081651472424,0.0284445056625346,0.127542863895139,1.05118403416935,0.32648806293535,0.273494247944376,-0.438652916813886,-0.988346371297975,0.0949456433031576,-0.312259779438941,0.124050611926358
gene527,-0.106798057222813,-0.895442155069721,1.18850674835448,-0.950216614883087,-0.850462180013411,0.217151964103709,-1.71552644859958,-0.536354202008841,-0.434176862742319,0.371642806315694,-0.541526898729885,0.474138283722291,0.249845128379246,-0.260574403169647,1.24470240614961,-1.18814327011794,0.508419514046363,0.270714132712199,1.70452062501731,0.421519586212487,-0.326444874310152,-0.317385569334784,1.62455215039395,0.200418142384908,-0.183216551644968,-0.948487576237177,-0.0827239871855265,0.274158700393965,0.283307826659957,-0.991379737657557,-0.84156705911611,1.61476018814821,-0.206209337781894,-0.99042512545597,-0.49039003265587,-0.994176705866771
gene528,0.717409444246864,-0.167241536517155,-0.789153804839876,0.0060789559603198,0.024363396507374,0.413719165141164,-0.835665267052845,0.13037693599053,0.578377022421905,0.533967952840272,0.483594803469219,0.350989377470734,1.23587310551922,-0.497272966067597,-0.227835648213834,-0.710888345463178,-0.816651359899817,0.428374991868886,-0.722454001827709,0.492423272295158,-0.136106755454179,0.255517474301926,0.644819072065167,-1.27087324583221,-0.638571245281692,0.0203269700319879,-0.151818768389104,-0.660659102812045,-1.25209926511259,-0.076192966258726,-0.486557517781559,-1.29118897980317,0.210028941011723,1.03613186883495,-0.307378954574649,-0.260436932414066
gene529,-0.540286344407611,0.172175248714152,0.407161406579177,-0.156833894326801,0.66566833300106,0.543565417986985,-0.192054161367759,0.474065376362288,-0.466160398518693,-0.0877450121327444,0.10611740390785,0.250330890921865,0.120232047181892,-1.08568546277364,0.176162134282239,0.763958801256247,-1.13695258250172,-0.0664416254023975,-0.155387960375043,-0.275505814999329,0.176832446603382,-0.151118211985654,0.412303928375609,0.90660609181381,-0.101143706965897,-0.0728041862064613,1.78671967928025,0.740687926645776,-0.242675422619835,-0.258837330584172,-0.245584832564615,1.40275663087627,0.727382881736126,-0.999370703044878,-0.610961762836505,-0.115349856007433
gene530,0.26719315904431,0.418857278017876,-0.855897483101415,0.138208365271665,1.3456193108622,-0.432476657642362,-0.102358962629783,0.458428252169727,1.26211729629927,0.738628553670829,-0.0280170252809059,0.674048400874392,0.666387944919854,1.02736943414278,0.326263456527097,0.275483406747743,-0.807815835839169,0.545921505917357,1.15021495798769,0.600240990828336,-0.351210485211499,-0.674612027034794,0.0473045746045445,-0.470357671486499,-0.896914252781553,1.49186321454232,0.0430246676234102,0.961967195968569,0.138440071990063,1.29253146410041,0.0515768952897174,0.445299022564685,1.33569950533791,-0.866474009040825,-0.410182263244352,1.18017191045953
gene531,0.467504079748994,-1.11097763496336,0.115693164113425,1.27175322141066,-0.496984860751059,-1.1145701001686,0.625828536427921,-0.0661329208619754,-1.26232581798276,-0.194898349765426,1.13887628561608,0.157638726015615,-0.582156251002656,0.561179837745454,0.343024890488736,-1.04838675417013,0.707193480625123,0.432355399763486,-0.485425354508657,0.96667475062764,-0.473506403658714,-1.07222623850806,-0.19569063845003,-0.220084943128138,-0.0917189683430138,-0.464804225619563,0.34940708965281,-0.551723287078568,-0.231842977269156,1.19318467212104,0.598511674776559,1.02710834857583,-0.637132868956653,-0.306757737419659,-0.341661058459012,0.468134279232696
gene532,0.368246685655835,-0.223703163488901,-0.598588226236314,0.445331868307908,1.10455441822172,0.818872765273864,-0.282338251597609,-0.527246835036269,-0.0729599303906562,-1.19006032690554,-1.01511238592533,-0.0137748013919282,-1.10478809677671,-0.0517641987947525,-0.390064224156525,1.8053149890972,-0.246442188976524,0.971827610849728,-0.938779679119485,0.385019357196151,0.508442838498603,-0.251754735584544,-1.68860211794771,0.308348692364101,0.846812474173226,0.344249950147768,1.03292940431406,-0.819689968531179,-0.620336412051242,-1.21914012419471,-0.712335683318968,-0.658976678520254,-0.505631671383581,0.263618672600874,0.552377039076425,-0.306009065658091
gene533,0.534666036316775,-1.36367132492115,-0.759242510167859,-0.0262660785088021,1.65502790897911,0.185777573923354,0.471966105225176,-0.138853178537045,0.834681456472095,-0.244733462804684,0.272831079231746,-2.38330845038285,-0.923223670182717,0.101555477223527,0.555994520225184,-0.831014969748895,-0.143800770803643,0.425688747973315,0.0225737389860944,-0.164998485774325,0.985256581829506,0.904766110652251,-1.13531702724572,-0.452984263831758,0.739135531684218,0.012290038344753,0.378854302138926,0.649463123791665,0.156750637110608,1.17109848596328,0.382656898770534,0.0785484962133352,0.891674151195416,-0.826792359911886,0.335593513520413,1.07474353362398
gene534,0.305156826038971,0.17623267032972,-0.04996685898269,0.0926398150945547,0.751201019580323,0.340080768272831,0.602868383598741,0.003501666823741,0.636639501099223,1.24660829861973,0.0391886215748232,0.815254374002623,0.21207915239808,-0.051101327727052,-0.142673205992479,0.88949583972413,1.07577884899056,0.228189216680473,-0.453000311503866,-0.154064549125766,-0.510757283792145,-0.459495016240481,1.31245649322649,0.266796156421998,-0.0931041931438047,0.0103471927548122,-0.68764402652556,-0.455554490571035,0.43481607532772,1.01320749833041,0.0660713570588257,-0.360762222402374,-0.0862199277672353,-0.122307056533238,0.42511323056106,-0.464097042399506
gene535,0.0148019924625392,0.435390539483127,2.0012382296749,0.694235467232253,-0.584805994103759,-0.430534165503537,0.394389422754836,0.855472362027681,-0.268884274977571,1.92259092339654,-0.198155065536169,-1.44651336492295,0.766005952682423,-0.0074678424263569,-0.443978607038753,0.363006507761678,-0.640933014170193,0.0164883060135468,0.0584226687095658,-0.718845243783463,-0.0458290311002625,0.299816781179419,1.35453045917384,0.612736206924266,0.171539491065891,0.56619963956802,-0.780283440393192,-0.304206174021477,-1.32135773207933,0.115725226108209,0.955878359840285,1.85532807237531,0.187966658347507,-0.198417321385722,-1.37930739191208,-0.744782880009907
gene536,0.885546854381617,0.558367373040956,0.0007477338884363,-0.058091858317449,0.278782411767741,0.334003707046848,0.159509508740231,0.881005093154581,0.565747220305816,-0.406176391983451,-0.231316798716492,-0.696208898667325,0.431752294625371,1.14125513728055,-1.44805293052962,0.570141063007916,0.610212795675295,1.63342749857043,-0.0171299113489595,0.871301523385241,0.218421339672197,0.441826481692561,-0.985056377098799,-0.244734530942141,0.708215289162279,-0.0869308913250731,0.39041012398447,-0.498649501715364,1.79504984928773,-0.441691253355275,-0.451256548748021,0.719896448065658,0.539753801718756,0.309237357463997,-0.511476031085625,-1.80178715217919
gene537,0.351037075379963,1.04421856880048,-0.377547465519344,-0.847183309399889,-0.64478966797886,0.0963586939249286,-0.190631233372561,-0.193540637458307,-1.4526490972564,0.909144219099529,-0.854721058747444,1.01662778421494,-0.71557979087036,-0.0715872663001517,0.113774691585022,-0.0330492890363213,-1.18781203445706,-0.580799328384084,-2.02400834191897,-0.125366840639184,0.52557520990976,0.650846140210145,-0.185089632654584,0.373905849908365,0.271548365904988,0.0797617339353378,-0.576474795299233,-1.30420555596078,1.74811283478867,-0.534632774963168,0.416353492207498,-0.221785667281966,0.563799488191095,-0.972474195949167,1.08575852956874,-0.0982981524683785
gene538,-0.124707515992851,0.505227080052799,0.126815826141542,0.21918524926077,0.697151101857924,-0.358026989931343,-0.0811704991150027,-0.797895326268896,-0.321932615814116,0.494832866946861,-0.798087845236694,0.922347092713102,-0.265248346126421,0.475755946060147,1.45431638197238,-1.36295984759374,-0.322217852685659,0.0861699522470967,-0.584225649359997,0.191908018101941,1.74115724093994,1.12151237435196,-0.0983126124012291,1.9227678123066,0.903728034740996,0.572960904717777,-0.422018870706085,0.172269551642982,-0.258125883525487,0.116325441381566,-0.261704698928105,-0.0455061017910671,0.579944724166543,-0.194176130933707,0.834525372791161,-0.746879150550851
gene539,-2.03278961665282,0.680979721811154,-0.184992166163862,1.17970890746188,-0.141867956297933,1.25088585576266,1.02204634991123,0.657666406620003,0.65739622131656,-0.461315623207643,-0.459168199421253,-1.22831886722533,-0.254645479522839,0.3189574464128,-0.156449694015375,0.593567633277554,0.452387276234162,0.454080045758883,0.73553362476776,-0.29261422610254,1.65574507767239,2.19113683203927,-0.24395468457554,0.289720432134035,0.282042637127814,0.473773883008427,-0.284996771523233,0.188208989445398,0.58489858898191,0.615744984818554,-0.588900633234684,-0.92479787725357,-0.468923402754132,-0.356856452852402,-0.341237101276948,0.521473114072884
gene540,0.461842696898225,0.830512009614644,-0.225936188586071,-0.31962486057891,0.734314584611618,0.663805910132253,-0.0238840549302803,0.647893202030031,-0.553559236013931,0.943739383668398,0.499053987200027,-0.835759082887358,1.10730503626245,0.213817297566288,-0.6956019458346,0.482317852717048,-0.638189140924103,0.110817223340395,-0.0102841358275139,-0.101336256554646,-0.034134250047377,0.35252601803784,-0.83855041059232,0.442540686191386,-0.0144622944791367,0.903038901340412,-0.457617989889882,-0.624184334003026,-0.85416019812508,0.317591671186688,-0.552398155403066,-0.508375958510922,0.880117623641387,0.0661826538588229,0.237543319952916,0.586262166881525
gene541,-1.57506240803319,0.518403696492145,-0.517198611713471,1.63530474514305,0.660203250172449,-0.552078416267159,-0.718312065767108,0.129749543299497,0.339393837834568,-0.311568450728742,0.114056071568884,-0.79571768004082,1.34506604038863,-0.0075768893787332,0.536429155608192,0.0034159217712795,0.92716726537507,-1.38476596253555,0.619522642449934,0.203610447089476,0.0162846038427132,0.566157293062533,-1.23698366841158,0.377442046889508,-0.142546846618085,0.227320114347309,0.222436594415035,-0.114566162355962,-1.29843980560941,0.349321780032183,0.331302574972494,-0.820626864533925,-0.339670517359201,-0.399352701223537,0.0286551337472026,-1.53161250712852
gene542,0.637757570912458,0.842573106322057,0.508704143103479,-0.416633623648035,-0.159802803446046,-1.64185457906363,-0.777653336698597,0.209292926394965,-0.665438705076874,-0.429129300593477,-0.251403872281286,0.701498520800646,0.543852235605783,-1.14287894555644,1.00041884060589,-0.198484299039737,0.361161760650859,0.383281707483638,0.0484874825657197,0.139187713152711,-0.704371460030058,0.312228306758259,1.04396543476066,-0.396557350322478,-0.439167095815912,0.641667320993397,-0.548696420040489,-0.144567697905337,0.0021975490583459,0.649692787356282,0.473276555057259,-0.655850635876407,0.409619224017386,0.654026954267669,0.657137291985485,0.116503993797797
gene543,1.08138073676086,-0.295245846563836,-0.52346934429905,-0.100798383997727,-0.596991628389512,-0.55874615122291,-0.973040000983633,-0.541331871685303,-0.370676529957498,0.121646452882045,0.628213035207458,0.773786504694722,-0.0883034923801237,-0.460030921749844,0.759235177071544,1.4622860004273,0.354624455316064,-0.792862907200844,-0.439568700789953,-0.0826011454321267,-0.0671323698549425,0.365904488133763,0.312547992087955,0.139239239518721,-0.74639751333333,0.577200109811731,-0.149066836506206,-1.06697546481217,0.39478070832136,0.559382399510739,-0.538918493847656,-1.04958503540286,0.746028420307509,0.380174363175157,0.0853552252427729,-0.541606873051733
gene544,0.281031243125044,0.168351860791525,0.297743471324409,0.666623827944556,0.814392949191599,1.52181943318284,0.634365076929458,-1.7460801894019,-0.646497307300035,-0.757821903658207,-0.915958692750151,-0.418141575633787,1.71334431109326,0.123841151188148,-0.153775080828624,0.864098895626807,-0.0994680502655098,0.729874128908569,-0.879825197319381,0.810996037332744,0.457107297776531,1.00101497330763,-0.283539478335078,0.38948853153413,-0.0333131059807833,-0.0027758069524646,0.551464981211741,-0.112345015480519,0.0968882516646282,-0.0267991609912443,-0.419134057430053,0.343552332168146,-0.816073659258194,-0.133288361401709,-1.10914654828667,-0.461680075246318
gene545,0.0543638033986931,-0.0774358336609323,1.06783709013673,0.952021985869865,-0.333563765258181,0.330681602945021,0.459226848228282,-0.360455924556564,0.620253871061035,-0.0311502518839617,1.05998703502942,0.242095649586621,0.391966242467008,0.0958500727731308,-0.301425608650206,1.07088690842159,-0.696798116799703,-0.519372109001336,-0.441530330457241,-0.234993246838076,0.219623922471453,1.1844196802452,0.0090539138263939,0.195597137435524,-0.399035953364997,0.960008656911536,0.0705287721094013,1.29292131715393,-1.04758099600618,-0.0182723696006935,-0.817937595799471,1.502356890386,0.360862694057419,0.798030326833854,0.569149355772095,-0.27801012797039
gene546,0.636952863251863,-0.360665514255621,-0.143394428351993,-0.164664901227338,-0.758623064593243,-0.90691770954685,-0.897089507693965,-0.281871766476937,-0.846121644004357,0.195480138923793,0.0740375291668388,-0.553797898420842,0.0050864164917612,-0.497866674105205,-0.673130842398921,0.238226808057622,0.387293551868606,-0.238001439762712,0.630970613763876,-0.0292456567066606,-0.0923708754034278,-0.170327119561109,-0.788742600801519,-0.60317142266413,-0.27037175668957,-0.460171887864216,-0.191921512255663,-0.300055810576741,-0.107022259046443,1.08129815099718,1.35579690413198,-0.527118875169947,0.617613410288542,-1.7365867104455,0.392637724084722,-1.21490662784585
gene547,-0.723181521640007,0.777186126667742,0.186608556184036,1.29326798246779,0.262923534713824,0.452264113883605,1.20103355580201,0.179346500843574,0.0611427589895513,-1.1086657534181,-0.268429897158911,0.909804237682784,0.999351124469753,-0.623131282145581,0.391302737719128,0.318874915163596,-1.28837041178273,1.89436380571004,-0.173586330233365,-1.09201917790329,0.622075305257849,0.920980968709916,0.0840783702810544,0.676062598694945,-0.123179454935441,0.529101664910983,-0.394856461814724,-0.336728734094343,-0.01300953484721,0.477582982548832,0.203865884174374,-0.640342979528537,1.11444545825022,-0.260044197048736,-0.671373927085253,-0.366659123684783
gene548,-1.30465315995204,0.388766994912458,1.50645495084844,-1.04463362110107,-1.11725443701524,-0.195539219886623,0.406550477921968,0.742793324316499,-0.347653899476911,0.553759747533736,0.0001244803774623,-0.413836281442086,1.14973636079418,-1.45188122442605,0.724925346125891,0.127875704228479,0.296061006105871,-0.392912359182545,-0.935347650996828,-1.72580115087112,0.0660247964429628,-0.0263106231974017,0.350713806274831,-1.59939309389791,0.3391627025083,1.19860746138374,0.531159390722833,0.607686027821047,0.0485304781734372,0.844252380093058,0.0830352699382665,1.33302476406303,-0.487605786415385,-0.0073634670179657,-0.282103223777544,-0.0247012151085387
gene549,-0.0570353941900101,-0.499298685122342,-0.3580324556479,0.15391646615891,-0.57140164115714,0.655359321015441,-0.770342593077466,-0.902193871759875,0.408671626507297,0.872030811772731,0.387547411674978,0.116546787026676,0.474101927145946,-2.06387407913476,-0.206180208759637,0.479588039818969,0.912748972428373,0.501365410312922,0.27457490739624,1.99915703792729,-0.741865877975421,0.182744010797937,-0.0260465492951283,0.619267303285771,1.09773131910514,-0.189395988928612,0.146283957374202,-0.0961052527866923,0.572691599377826,-0.0787555794850983,1.12633776439341,-0.501586381441531,-0.425673612663358,-0.165403976736876,-0.371524678266054,0.603269222367404
gene550,0.356052445813727,-1.52165824707418,0.455543840400461,-0.0780263922266692,-0.234979431224288,-1.55957841480544,0.295350848674162,0.159084878195369,0.557889985635241,0.0928064425228417,-1.21734282577484,-0.166553373870444,0.0471120393005938,-1.21394699112954,-0.635250980417323,-1.14334007447443,0.482312425668906,-1.2107577846947,0.152999090877801,0.967844485050256,0.477951518120749,-0.198701757604963,0.456368622053837,-0.424415712492782,1.75402291419424,0.0451973527518369,-0.573453345638471,0.0138902673695806,0.320128204878894,-0.168517277531171,0.612074900541877,-0.0272102825020613,0.626689558971186,0.293213427524719,1.63298381065792,-1.10140569978573
gene551,-0.48057601363685,-0.454897600480838,-0.759408622490601,0.324110046722606,0.517019893907091,1.33253660876548,0.334287308075985,0.498515447290694,0.462765989104117,0.351202421804686,-0.0952982359898095,-0.605055782505239,0.165237505339274,1.04547251361227,0.440494491132624,0.620325271328071,0.266950733165225,1.43883716512719,0.393323075187188,-0.103214569108371,0.031486356412609,-0.781069439175907,-0.191933802179136,-0.110170697658568,0.284788055090593,-0.503414268062451,0.848590779669893,0.977645684561742,0.337644492601783,0.0957786480178144,-0.0850242597254603,1.73245766324159,-1.6565817560803,0.324969511232028,0.721326706528917,0.492561797297054
gene552,0.893925633021985,-0.642745928639857,-0.473067262081087,-1.07194833330971,0.29640099954249,-0.389822827426195,-0.391032607929443,0.0689700951408719,-1.26031544023475,0.549080728015328,0.571127645197601,-0.453658389695733,0.0983513130056936,0.299172816575005,-0.12978080867902,0.0295738986268729,0.0755723569989112,-1.09003316479774,-0.607646018646482,0.527005392017536,0.119462850360614,-0.0328280904189866,0.0202999302778924,-0.440136705625543,0.405769317732991,-0.293192109236544,-0.61059421113577,-1.40251025781552,-0.290106462700111,-0.723424786621766,-0.888435038115845,-0.415982182053318,-0.107876555345007,0.349284796440919,-0.177465563332089,0.111781754764048
gene553,-0.0281863353008705,0.0467954864847666,-0.0968521193136275,2.41148484984508,-2.06302313052025,0.0062920058819915,-0.922464714105768,-0.313670260600704,1.11314372273694,0.496939802028286,-0.298337615698543,-0.731312628153107,-0.615510393683149,0.105770098565154,-0.045407197761989,-0.0655730927576604,-0.234785325114541,0.475948749526157,0.370996516464575,0.594156533741301,-1.00678733941591,0.308637235294731,0.0655455049182858,0.165184583406115,-0.569444176983937,1.61098008376875,-0.210087923781834,0.318388685774065,-0.901379734629197,-0.638612509793858,1.9361811563477,0.434322741817838,0.159079998427371,0.39091828184077,-0.0065330243669871,0.967744272046221
gene554,-1.27089837318115,0.227313822103405,0.0102563219419256,-0.114253224629002,0.471717290276029,-0.35825116788341,0.147014177215882,0.218836852786335,0.860688135407616,-0.103256051774003,-0.754780462865793,-0.361255043769116,0.407676464393343,-1.19859979499173,0.443542810167067,0.903473185387422,-0.721953494187342,0.34163220010762,0.11649501826472,0.648774168174798,-1.30577707408881,-1.21254871382807,-0.108233254810906,-0.0566392998021678,0.164217444810326,-0.0594185582881208,-0.513910918676293,0.621339563481296,-0.0464409985108933,1.62716464152574,-0.286014432174592,-0.617964971827094,-1.05483266094411,-0.30998738712143,-0.349400162685827,0.39941149545796
gene555,0.0733585768343968,0.117433250031695,-0.890842666458178,1.43090580430001,0.685500493630144,-0.737947904793674,-1.20273131744805,0.609313346954795,-0.342297269372124,0.06938123788026,-0.543043451509142,0.862196133872596,-1.83564332011143,-0.762809270030875,-0.521910666131412,1.43190970157203,1.28540609338448,-0.130595562850218,-0.131536871614793,-1.33533946131828,-0.353677040205818,0.421822098313014,-0.491913118991081,0.194740978074938,-0.616421043782843,0.738767789980742,-0.9816328643767,-0.382111290698123,0.00872193799845,0.0189175111678135,-0.204273307022489,1.1095073155503,-1.14538805237854,0.422020316961647,0.577942620340708,-0.23398160145436
gene556,-0.897418785982064,0.124022799129101,-0.0539384622096326,-0.288545951112646,-0.121078125713344,0.683629662893153,0.372060269526974,0.278063985491465,-0.242047054753057,-1.08035785674685,0.562721603671612,1.1853090602673,-0.180628386794258,-0.867142971514828,-0.780440993379122,-0.854483284818551,0.593430795755364,0.558368931950497,-0.993965272632313,-0.322601756749637,-0.504718654502599,0.359902880069062,0.409538124254886,-0.375787052464117,-0.840423672245998,-0.497578283913225,0.158394274309388,1.75842056014315,-0.429795829950955,0.585309967062165,-0.063738777549857,-0.308307715762883,-0.762972449074646,0.468463613295135,0.0586300725466614,0.18979552929811
gene557,-0.258976948083562,-1.67101250510381,-0.832385355198514,1.33580159711219,-0.267028053772009,-0.268239331783946,1.22470574530509,-0.764986425178975,-0.346646781655225,-0.173184869560376,-0.171331543252173,-0.804140889571998,-0.477303636088131,0.331963943881247,0.9206112564267,-0.242367388464915,-0.275960819674739,-0.756924433042685,0.505049059072585,-0.0033638087276412,0.357894251822399,0.999703166559375,-0.0775072161948071,-0.193434239754224,-0.009461791282994,0.105239737605808,0.887309988373277,-0.145130732026282,-0.337314463017729,1.16226395777745,-0.262712831980097,-0.316494131061352,-0.940029335640256,0.046116293511985,-0.779445051297372,-0.458177734143259
gene558,0.262579416536388,0.974801098143419,-1.24988603298909,-0.277168743512251,0.460223646049338,0.43911356689445,0.679217849917328,-0.822343951674983,0.515417570054763,0.0369359370293363,1.07549916313731,-0.263003723585572,0.210054700754984,-0.987904677441643,0.270422576426448,1.71765595968658,0.588834888722318,-0.85878481849268,-0.278742295002731,0.152844221088908,0.164922126132292,1.00773508092462,1.13406290354758,-0.45148336565475,-0.873042110477086,-0.0480277634642897,-0.280419786732514,-0.342977051424724,0.385181442886011,-0.1337823255199,-0.284185839796803,-0.567948546358413,0.555561289016881,-0.867598039384662,-0.229326225392005,-0.220410462725929
gene559,-0.301443189395793,0.616229941213077,-0.403959390522082,-0.554941042574726,0.303957105779509,0.0595876431070309,-1.47089080559983,-0.867293541244552,0.285411563003389,0.0645247384627696,-0.881405033273172,-0.249706017305778,-0.279028380402012,-0.0861761707218345,0.520209100425886,-0.601145166364056,-0.581731015841136,0.0284423613603912,0.269204052362325,-0.451152607837803,0.532946206685074,1.04441728182557,-0.311123037940103,0.529103087636127,0.844071836463325,1.82974788122222,-0.476343873035769,0.356071787097218,-0.119200542750183,0.057052711177464,0.226680049585219,-0.640506015093223,-0.794696354540555,0.583107841447451,0.750110743254046,0.0002073533733768
gene560,0.670236752982875,-0.25604538131481,-1.19191249653403,1.07665993853511,0.325108712259288,-0.939681310379251,-0.0314066509806653,0.0330618172635558,-0.631967198831816,-0.753844269278095,-0.50914853281166,0.20635627435198,0.0493533337693306,-0.376424986296252,-1.17807349845433,-0.36259236528881,-1.05083315247903,0.613719266766504,-0.863650873007303,0.791073754916265,-0.325710101431364,-0.15042246039126,-0.417963774825693,-0.421603627725693,0.778277682327122,-0.56028908452427,-1.07595315281743,-0.572773353888371,-0.332593945078125,-1.05993050746276,1.15941329761419,-0.286080647196174,0.174704268901586,0.57167953515774,0.27798307267206,0.172725190888
gene561,-0.748250975500909,0.222185230385571,0.34556293221371,-0.265119805004686,-0.75697794692034,-0.695460090006578,0.385956863680229,0.143552422920211,0.284481969564715,-0.218348806396233,-0.480543590251807,-0.667092676724125,0.52350495568012,-0.144355038945286,-1.29294460581104,-0.0700412561655448,-0.725484813433272,-0.167384448800723,0.907690013860371,-1.32840865967591,0.824727548993868,-0.436493063464804,-0.300998251367866,-0.678909287473439,-0.608037598978212,-0.154935412797261,0.0803968017937898,-0.284252492309334,0.751181381372319,0.0696472642072549,0.663322776570775,0.0264283545298653,-0.526246762322785,0.450700045891364,-0.521396789225361,-0.383898265667884
gene562,-1.65321641660674,-1.17438079640207,-0.856115480039332,-0.646296651426799,1.19175107137725,0.659429483429782,-0.67916517915348,-0.485112948412049,0.454798254427726,-0.244407759057509,0.848929608420938,-0.952003420180465,-0.554868404090012,0.0887096263549794,-0.129548309647141,0.307464758333369,0.821248245110627,0.445194002123651,-0.990532534908015,-0.046528664278629,0.305080434642726,-0.58854877394237,-0.901158545832755,1.50679810716142,1.20856175771945,0.246532612535224,-0.143224527874556,-0.133816894963655,0.478475637000473,-0.273535478161857,-0.0630472321226554,-1.58029335023478,-0.428070660967282,0.390528231600076,0.431591901074831,0.755600168977218
gene563,-0.504177618474157,0.433523403551838,0.186804134319026,0.509130734155596,-0.44137134662001,1.30565911527105,0.168338712731225,0.821707181821938,-0.508827354353032,1.84136915905378,-0.255963150951303,-0.527299769494302,-1.31537497570729,-0.523580822453131,0.431345659829346,0.180209759258542,-0.134242644776305,-0.839537804194954,1.56559435766257,-1.32858898732148,1.37750862086719,-0.0718133414296598,-1.15898347606627,0.163392979304968,0.0058375857210907,-0.261963782525313,0.211676193388931,-0.438324565703265,0.0027485596008187,1.92438613589979,-0.399489494437321,-0.327708767282239,-0.375740005737675,-0.303751709372578,0.290246423141184,0.21788931231368
gene564,-0.784108263793495,0.179086466451273,-0.168941975688137,0.724129085820946,0.809676492359904,-0.873229257560586,1.20347004017721,-0.104272810662645,-0.271060691468388,0.956305751551585,-1.24849861686626,-0.0067486442652841,-0.36104900717159,1.67589152795352,0.347542263531472,0.162596458324445,-0.223187536409392,-0.340318092492378,-0.365559605634984,-1.18762765835671,-0.910386132212108,-0.0116867245148958,-1.57819016539787,1.67767046122194,0.142186371142331,-0.300548958133399,-0.376800506743221,-0.397379378226419,0.14657054940868,-0.153816088348054,0.17158646579326,0.792298004261592,0.0096450514544139,-0.354933954289684,-0.797742219386257,-0.983896801894363
gene565,0.9036686111144,0.284812129478732,0.404173488518671,0.0450206686887123,0.536110465908186,1.42688121859184,-0.106332785416232,-0.661044108200792,-0.172253987334001,0.620743841155451,-0.346952023026817,0.0135076495569947,0.84341678529022,0.273661232677869,-0.673268242816427,0.509843524045231,0.0031640764953932,-0.106497090726143,0.0345328648717765,0.13457104648702,0.769920120980809,-0.507349703168905,0.391009407658044,-0.14601353569528,0.945108475427784,-1.89468960466643,0.458116442771393,0.952219728507499,0.742983806248946,-0.84604512560734,0.715485380288817,-0.902700137026281,0.541986200172063,-0.531750125239407,0.431980836255703,-0.902146773516488
gene566,-0.3464071783989,-0.233766716164485,2.44186019356346,0.0995647091147056,-1.15644316974526,0.0423552905151972,0.183783321663304,-0.0757916413997586,0.796509216952208,-0.0542386282580914,1.16761543859756,-1.13820250921688,-0.264354583951389,-1.18167537822742,1.26571416146001,-0.230360049592502,1.14843868286066,0.195965354833336,-0.222563659473918,-1.36507012418021,-0.306288664444306,0.650028581157589,-0.606648047742071,-2.64542643701651,-0.0409168149978321,0.443235375294317,-0.28530905729998,-0.465790794190491,0.140483789913235,-1.5861883673476,0.500390931998559,1.31316358756845,0.567208243783116,-1.23378507899609,-0.127484044078741,-0.445141631564152
gene567,0.610782074681732,-0.165694808467094,0.0952742991057476,1.48865118109031,-0.814550896093365,0.693139930173085,-0.597269993079432,0.80208730741019,0.112283656104171,-0.680727937743692,-2.05553404549999,-0.0985903156961498,-0.917047698924867,0.988102252824746,-1.20957672203361,0.859337811534555,1.40705848134967,-0.0944740445259063,-0.852196907311599,1.14408056085461,0.097288123708901,0.7732975125288,0.55447833788221,-1.20004320214284,0.653778237538514,0.289866308540822,-0.470084582471317,0.0030052637484777,0.474811359264172,-1.40569303872935,-0.27735130329424,-0.633575071374853,-0.449016620790858,0.481645546529314,0.521977076726165,-0.243146510167061
gene568,0.653830704396052,1.31590684569435,-0.382748970957503,-2.6251983381914,0.911624971517006,0.787937737130234,0.559482835381825,0.180219829855567,0.350128620873433,0.0345107792676352,0.387970310213758,-0.664332795738501,0.521364110595989,-0.186199588680488,-0.0577545882957143,-0.367998521294198,1.16691243356739,-0.202254714306778,-0.102174895699863,0.656310801613566,0.760083935633163,0.576926079924285,0.0670743933381882,1.31948617464827,0.132218762441713,-0.572334549816249,-0.887354460556206,0.622492266050971,-0.365536885600536,-0.838628946721608,0.610119701406481,-0.83011152580583,-0.484112656890585,0.456421252973872,0.518792443585327,-1.32652581433399
gene569,0.461342738781597,0.103371194126247,0.670228048664179,-0.522436169905714,0.333413616105187,0.259023715244499,0.362431743894162,-0.152692463335102,-0.336974893804028,-0.33368706457774,-0.581965688246311,-1.53691551067044,0.0939110001483302,-0.019816990727169,0.631822401468764,0.161093297146706,1.47390202305857,-0.142749884227741,-0.764097632099751,-0.269541752349139,0.521808722734897,-0.173741086519042,0.80476042748831,0.265159799104799,-0.860422521586288,0.0574060583825238,-0.0908247039565681,0.561637274383914,-0.238898594040253,-0.75888542858001,0.187544444641752,0.0199509091116113,-0.483532664614654,0.163208687989992,0.798974549072557,0.467692532254417
gene570,0.141525864641699,-2.93695722536017,1.78648032166727,-0.260982306196435,-0.0338020797062244,-0.271184301957584,-0.984875288572494,-0.381759893959159,1.08023025900803,0.893564385605309,0.286929515698359,-0.0884155138043696,0.009060841630186,-0.264044274265308,-0.0699879715478275,-0.0486469549879991,0.737807822006372,-0.482043975101737,0.597717728431432,0.173653269880071,-0.749179483352077,0.278171062379581,-0.0845766956373197,-0.846746583018897,-0.195530707884557,-0.0547059555396997,-0.417849562294905,-0.386420676253233,-1.99138737353544,-0.714467162469786,-1.14571392263417,-0.902548944563272,0.295216136327227,-1.22354164438072,0.0547287739825666,0.591464309733872
gene571,0.325524613114412,0.180022071383299,1.50959602925925,0.704814996001356,-0.615291673541188,0.310164935605552,-0.143641550854742,-1.00786389809231,-0.606868832094742,1.02386252808203,-0.617571305280823,-0.86270943413391,-0.627636906726826,0.748200550145405,-0.275529660271508,-0.239064259945947,-1.13540776585779,0.297611041169997,-0.243818239791102,-0.054605186496423,0.60610388550286,0.79468805092055,-0.472498570145117,-0.733454331758825,0.151963955557478,0.514350138870798,-0.690551281615192,0.136033582377188,-2.11478636276489,1.71092981174738,-0.506282498134651,-0.229478229242339,-0.96905117157106,0.742808906206823,-0.249480275412202,-1.97208028548431
gene572,-0.194090335261434,-0.0029388065329689,0.370579386096729,0.677871971596892,-0.751507607494553,-0.782378480622234,-0.30194052062209,-1.94961674991767,0.307151592455288,-0.881568821315988,0.836897778031749,0.0062653590033015,-0.11253585758254,0.592579474624276,-0.0563164800771502,-0.144871314954561,0.0990541440442549,-1.2508946505525,-0.416189940267938,0.20720985129014,0.0355995996781509,0.306319636533345,-0.0875412290178338,-0.895932253065684,-0.0863679953087521,-0.438738321709841,-0.696881620703373,0.395044797028258,0.205436339281636,-1.26856051680076,-0.020288589446227,-0.590427613536612,0.41007103665492,-0.6066770604708,-0.38033417615575,-1.27644532651399
gene573,-0.356808204950955,-0.0948754358364368,0.688314575431705,-0.201280611041486,1.89624167351844,-0.285383361344218,0.992838976450726,-0.919847504790806,0.34626646618519,-0.445055504084891,-1.03655281037873,-0.931047412888462,0.516977534059556,0.791605570968164,-0.567198013430291,-0.0199329644583872,0.225693849514674,0.489241812729459,0.0787824163572314,1.66023359568164,-0.071510789807016,0.298842407891678,-0.955601602507347,0.187968272956989,-0.110042516668793,-1.41428049550053,-0.407228291103118,0.639084396863351,0.370068113720175,0.0710023433104682,0.187755429216437,0.653086224185526,1.0233572617178,-0.651817025574129,-0.576307283118588,-0.687353831491828
gene574,1.50545232547654,0.7607411862258,-0.457372118918056,1.38064184972958,-0.351221451476414,-0.6897643144424,0.873310014165365,-0.898447960152701,-1.04156417000562,0.576426076870154,0.102364335608188,-0.844566094411204,-0.414435099833867,0.449909809568192,-0.378944328166434,1.08712069428458,0.218482661717465,1.07403788328435,-0.111386958194103,-0.0850737513496814,-1.72583283377369,0.631799421872763,-0.791594126954846,-1.37802756323992,-0.261901891344955,-0.0094361716041525,-0.301520571240158,-1.04614958214933,0.454664811309447,1.15579940380889,0.387145904781261,-0.343677904539701,0.59848200842967,-0.0113352320999533,0.707459650051167,0.551988745785014
gene575,-0.903930988183475,-0.330195507501901,-1.26275372127688,0.127058477716611,0.26995036371561,-0.0044254566764104,1.33464285925978,0.395638720622733,0.704844909355009,-0.707670180336076,0.898620141424778,-0.179475243231028,-0.56636312048592,-0.701981716316919,1.72430927476245,-0.168055705939021,0.45379808047288,0.17560450327403,0.724546493725084,-0.18353217084504,-0.523168182651535,0.720822888158345,-1.02528606208173,0.0626335765771486,-0.723494852933374,-0.0787855069169363,0.436042662552335,-0.943470009718773,0.373451438532782,0.671977978691858,0.302685920487653,-0.70382663973474,-1.06228099913503,-0.039420252518694,0.726850463819579,0.717870138480974
gene576,0.893230572663962,0.248213386885687,0.48081129073551,-0.0120591200274848,-0.259474181398443,-0.453556598918117,1.50209767779752,-0.748968573579767,0.0311640599753636,-0.17157481668168,0.484948441599407,-0.305523325856243,-0.617665312031777,-0.523643194174956,0.188837215972269,1.0877879632168,1.09963549836596,-0.766352015181433,0.163248358015503,0.416054787864729,-0.113755015945396,-1.08963252441017,-0.11301295218626,-0.719020859971685,-1.14076461425806,0.13325337532464,0.762942339910373,1.02375269681278,0.65639021892839,-0.2010380462416,-0.0890322358989843,1.30594839387422,1.32627035008105,-0.161194580532484,-0.261664989904436,-0.29634071850583
gene577,0.424653083793608,-0.8497512413954,-0.162966633032557,-0.430620525557015,-0.411905043059721,0.166278997306428,0.0706958573864763,0.0295339033943228,-0.302309721511483,-0.821969941923897,-0.268842609472106,-0.548436755310587,-0.760116421725088,-0.624239163984092,-1.02026120245298,0.268082096926907,0.584248557417088,-0.288300082455915,-0.620662954841142,-1.90478091053656,0.138997211482963,-0.0264557439337383,-0.306577114424416,-0.66136839526864,-0.0893297198961369,-0.577223149534029,-0.0276416276929728,0.0130450617315326,1.8844261282955,-1.53481372522977,0.104509708725446,0.118714891764974,0.270429303343893,-0.0623352980843435,0.257719338537266,0.0528287612162184
gene578,-0.916260076067572,-0.271511071128559,0.163743891859686,-0.0869620680275034,1.28246942407136,0.337193842504157,1.82330463408912,0.766970870366657,-0.228549415347604,0.182402440533703,0.319345559394411,-0.690552291863186,-0.220420878081724,-0.855193239031597,-0.657130120364228,-0.394765732328864,-1.18562423229641,-0.885558550948318,1.0836281514435,-1.31156617559659,-0.0298489698241592,0.65447938945349,0.0416489645482283,0.356435501688922,-0.0580301818378962,0.0611242608845085,0.169435483518732,-0.487807354415764,-0.669998217422092,1.31914434388041,0.407394204610974,0.955655700959384,-0.816725209283459,0.260117423826981,-1.07716961411683,0.671058785517094
gene579,-1.06855113591832,-0.715465884048638,0.682029913662015,-0.174478006255322,-0.258734637902154,0.372217931722452,0.102327465987359,0.172470977157435,-1.55188071783757,0.766205378179388,2.29889950967103,0.74391018981562,0.0244942930175475,0.482883225603382,-0.106681159671313,-0.986607396221181,0.441736641783562,-0.305930609689738,0.79514686512888,0.284456084851818,0.785523323163718,-0.327872960612796,-1.00747759037772,-1.09587286492381,-0.953819664943842,-0.725073822194228,-1.35145029008059,-0.0486240124889847,0.331344086066467,-1.17291849840271,0.609430287132553,-0.455508292801792,-0.455260646577612,-0.454453373505174,0.15461359178644,-1.09627543279601
gene580,-0.0639266318614949,1.35668902902444,-0.263048719728132,0.16933409576127,0.710186913389427,0.071272590008972,-1.324744770084,1.25354231445691,-0.625090879845855,-0.16157867063784,0.30116003924788,1.27251572621632,-1.69870751984253,-0.33016910692319,1.15953520680127,-0.624756211750398,-0.0679340570223402,0.777728787017248,-0.641734627622281,0.0125319213632203,-0.074913221838166,-1.20274732016728,0.39981709750335,0.0934748734979811,-0.304456777326181,-0.472790820244878,0.174320760203426,0.543405801674983,0.551036072719545,0.441808990113492,-0.357166814737448,-0.79938224980587,-0.186271660118838,0.0946492592771643,0.373599699286452,0.239042346025312
gene581,-0.688324637991366,0.729055770427454,0.946410598167461,0.813259716075565,0.839337383695144,0.458603329862399,-1.36335419095759,-0.437277337315116,-1.37516739328381,0.905435240529472,-0.872929546711927,-0.114479958216371,-0.622148318507931,-1.27611355347108,0.823485973759637,-0.994507063807733,-0.908740612782518,0.225791275766767,-0.323314596178059,-0.399804277789311,-0.410824911002711,0.532634904009985,0.96604510296403,-0.127062260621503,-0.557321110397412,0.514126136519333,-0.834988995151571,0.112036885112313,-1.47526817298245,-0.115296604316796,-0.409185736416544,-0.409242358225566,0.350612832084678,-0.998398632691627,1.65447694914481,-0.645526186087002
gene582,-0.492483157444735,0.612385863681925,-0.705735958007728,0.0661483723510928,-0.193936816427791,1.34477563873038,-0.160628319722814,-1.64322268234603,0.166291182690604,1.50025211339215,-0.146342014522607,0.396900189027128,-0.537621535815289,-0.489339699268974,0.717921545859127,-0.50766543612656,-1.45708833823257,0.688392609238506,-1.58134685571703,1.11366136116451,1.00756763504941,0.642692448523259,0.88760028755968,0.18206544864053,0.32350919722663,-0.0660449964580259,1.1119876879234,0.769990539014678,-0.54530043828467,0.89278960735714,-0.160652530743751,0.0718081500313128,-1.06332192505434,0.29509453411752,-0.0333247598649607,0.0034665095615125
gene583,-0.005510043703826,0.883119621437987,-0.0148604479962664,-0.553574735256884,-0.758860481963237,-1.29576703512846,-0.51080173253541,0.295706309652414,-0.422912399593551,0.0469759615175838,-1.08501280542639,-0.584368144997307,1.17323388437461,-0.677093902258061,-0.351551436655711,0.246098375846537,-1.51411742047416,0.577292791405829,0.550440445939553,-0.701990821809688,1.71420783318808,-0.223425200970033,0.899306056888102,-0.192544772194126,0.396108657039284,0.0344894753170365,-0.152943088925942,-0.885806070109503,0.799946784811703,0.548593025499077,0.875753264156514,0.372883034744828,0.258270904136905,1.08486322808417,0.963866854958686,1.40504322880889
gene584,-0.187334070969604,0.569291802322694,-0.243622227193963,1.23292451930868,0.0067054654621829,0.0050260108441629,-0.651471587966308,1.26292406281107,0.877010876319015,-0.273121299538611,-0.295342515063631,-1.50463819094547,0.170730618099876,0.865728022923043,0.686933037602103,-1.59819153134886,1.17103958525434,1.59445191015822,-0.517350048958298,0.468851710051089,-1.70949802729181,0.0016927923924927,0.681329725316977,-0.434276886693878,0.296287143240945,0.916253937722086,0.176845897372344,-1.16544863383385,0.192998130789219,0.294001913744084,-0.188990400754867,-1.13512611055166,-0.432159226179746,-0.160914129455202,-0.360392467906252,0.887961924663895
gene585,0.866087310463959,0.968532403387577,1.01286347199876,-0.0606910456177523,-1.44483648984931,-0.460212400646496,-0.31705471982075,0.383550314665646,-0.0465332227317011,0.773522357189848,0.0443713731174631,-0.707610183098213,-0.520307646872398,-0.306259665855198,0.0062299259716336,1.1239185365816,-0.669779979945913,-0.502294382947312,1.29199418018697,0.719373570525641,-0.231075068571435,-1.20385931037584,-1.05517688164906,-0.141790072923511,0.0553661640213119,0.0259209220787708,0.419189505017696,-0.375446703196261,0.32015609712985,0.438191700812179,-0.998156856886658,-1.11828840390705,-1.76157962856038,-0.0925940108537116,0.120282448360815,1.4713916403864
gene586,-0.0254126299216058,0.27336029896686,0.316184605292443,-1.0976095303001,-0.0318934716888366,-0.981669700553796,-0.34381378464025,0.0972609875469333,-0.619447264145251,0.15535939752598,-0.734608104742776,-0.320620450757322,0.722838930096987,0.0403645483057672,1.3680948129429,-0.764870878960043,-0.260920895867202,-0.0295279958172443,0.363497034139372,0.26873543889557,0.121800004051553,-0.0499927564185248,0.322152115565751,-0.073133127982571,0.509579238126243,-0.331431997508841,-0.973130397899183,0.758737408073266,0.766649320389249,-0.675906085369398,0.372628422617546,0.0652097179515121,-0.0881003761090033,-0.954771889182912,1.31555682233483,0.852621301649472
gene587,0.544295840774207,-1.03023604779077,0.264715213685568,-1.15423461351536,-0.413015669785401,0.0178964037613666,0.0814791191641121,0.144913433960611,-0.0947343607728868,-0.660340333483461,-0.356336282416516,-0.124398620876837,0.0020545931648229,-0.205165393262178,0.160689449406635,-0.96731302076154,0.438275710561907,0.380832400736239,0.229571025045579,0.330175256303925,0.670910394769851,0.15264616682145,-1.30212617314663,-0.800980532645529,-0.158711969892529,0.480682009259107,0.240971100854856,0.0514539113042626,0.332429890293629,-0.246271401102246,-1.01908824842047,0.874026760981283,0.506721506764019,-0.161662969962195,-0.164165121865274,0.129808414877586
gene588,0.339175144301283,0.652698607494442,0.990966484504741,0.590268226552009,0.149387280898224,-0.589717648549042,0.67104129112183,1.31853137635931,0.0246771079885628,0.252077146041985,-1.40329299049617,0.0009467679163272,0.91070866722476,-0.283478180657469,0.40168133966492,-0.204993998905298,-1.11365952891689,-1.04299328071941,-0.194724988572212,0.0259251107714139,0.636266513084111,-0.367456193302478,-0.456297160403656,-0.531860086285912,0.558301228373877,0.398095398568681,-0.847167750714211,-0.666477546176778,0.682799567440996,-1.08835696738067,0.0607422397401034,0.317298351949207,-0.176626528875902,1.62381187578887,0.171661989519301,-0.533968088229349
gene589,-0.301238820423195,0.0972929820766729,0.0588864548939034,0.673068130570634,1.04286655204724,0.148310744868685,0.597783701374998,0.248034287823461,-0.121617490346041,0.28856298771169,-0.112448544005621,0.975888866069227,0.0572489735175077,-0.36506360349849,-0.0943269222471978,-0.688577645124287,1.64807146400895,0.263345244364951,0.849314166160724,0.490804230192536,1.01322552014688,0.624922347832508,0.558438168939344,0.172175816007803,0.564846211611673,0.648000447266529,-1.70796470142011,-0.707285652482387,0.602682819470018,-0.291954247968173,1.50261381399916,-0.258592502519708,0.540053701687569,0.274093734877355,-0.64932787836344,0.651900241614712
gene590,0.697301662139824,-1.56159868103333,-0.0511828534512138,-0.0304753530511558,-0.585144327852211,-0.778384861580103,-0.13083207546759,-0.591253125834263,-1.00994140055598,-0.648525662139183,-0.142380238531634,0.685446188410197,-0.373031372322373,-1.16704414855837,-1.19516179001644,-0.927785042897926,-0.0977716841561454,0.373661312440959,-0.327675771424747,-0.250405349050779,0.160166747964045,0.265827695875063,-0.193633989820048,-0.156369958458808,-0.536132525617803,0.955160627312128,0.578471024126818,-0.394628902428249,0.263536654983393,1.0863992779235,0.253970304450855,-0.19818431087457,0.521829155665093,0.77126885007293,-0.0727792955452689,-0.422783199316771
gene591,-0.430430534631936,1.03279996439355,0.623913067258573,0.527117796664759,0.144712801198889,-0.0810985139505382,-0.543024332928936,1.54403809139152,0.657777223299052,0.014101631710816,0.599545303073727,-0.464138798265083,-0.0040994079196568,1.46640486755156,-0.24439480389873,0.336483120073653,0.100339500526244,-1.55824904098162,-0.599643303864907,0.974275909209237,1.18282984742979,-0.483324276750202,0.611718709506443,0.413494899638697,0.267714652237508,-0.269966535450165,-0.563485789226626,-2.07172709394596,1.01774452828825,-0.0439352267249483,0.171170579468596,0.73482815200603,-0.338424918504705,-0.505421300442203,-1.60910986136064,0.874256711584851
gene592,-0.610466708951052,0.797777606149821,-0.34297589659452,-0.571990963101948,0.679888062871202,0.58084205993867,0.829621792787325,-1.61267856213547,-0.810433837691152,0.0287221914890917,-0.192340496169187,-0.41062406325114,-0.34274087993533,-0.0104213061918613,-0.387111948949233,0.672806203063353,0.0821584145665232,1.32967065587078,1.13394749132565,0.629837719004131,-1.01009147134058,-0.025623531102471,-1.29652492636024,0.42503111521783,-0.330444253671605,-0.535661742889819,-0.523989580912556,0.288926248315805,1.09723750630768,-0.603902762187971,-0.296351830750696,0.448802153468176,-0.236071043718756,0.639229759968959,-1.16743859706438,0.667979104377306
gene593,-0.0396736364852992,0.1009794583888,-0.181278540186692,0.583854074613934,1.62339551499214,1.3936790469506,0.0113862442084711,0.168473685692378,-0.793266580757863,0.627356434030384,0.316552404545664,0.357678753827298,1.32774704132527,0.486601682235612,0.989459205531242,-0.0458448834577438,-0.657529720278513,-0.359850567239706,-0.673698849112875,-0.0976881530539388,0.514701187598393,-0.47902774489247,-0.521385816591259,0.384053523280031,-0.0550870034229827,0.152895325673976,-0.417448505328452,0.524498968592251,1.01057094956216,-0.393434813885283,1.28105378429787,-1.03722583792306,0.0856350942940631,-0.972446348495345,0.269261285805176,1.02335405001353
gene594,-1.39878554100119,0.348267531850316,0.109788131661256,-0.62526081938188,0.202967344693114,0.526236165073718,-0.0055208012911572,0.442796788824158,-0.566509565660683,-0.737735173894597,0.176547837281099,-1.09347914225354,-1.15657177848695,1.05181188712695,-0.7982233744361,0.418810047258084,0.802539173682974,0.611574963173976,-0.0516417770859636,0.284404402795792,0.431236009618459,0.892608121202796,0.660125756847506,0.84331196445914,0.227262768230446,0.917651360757268,-0.0883633551097387,-0.0592519939384432,-0.506565256035156,-0.415650399016307,-0.894373317434219,1.20755624983512,0.185129859039544,0.193227249575125,-0.721139557394191,0.988092506792216
gene595,0.0288480880211404,-0.552850255833589,-0.0066967596599144,0.0645716230778173,-0.879162777319217,-0.639734721374419,-0.148247369868572,-0.95638513255975,0.122890499156538,0.237181923716006,0.0973066537875588,-1.11026631709043,0.327390774694846,-0.111818174177666,0.206595531428022,-0.389712158741395,0.0718001462593214,0.178755801050178,0.339340953905474,-0.42765890266573,-0.0837782205713641,-1.06463408559371,-1.49919080038331,0.731463578020971,0.695955673631105,0.792727705820609,-0.933086093992091,-0.189924240198922,0.50209487070378,-0.89672306796577,0.159632238922635,0.135534280240012,0.275522354112899,0.991378616757127,0.395984042042043,-0.321557319404229
gene596,0.0153024136832042,-1.18031623535352,-0.824841412326082,1.15433509566323,-0.0779060627564387,1.60077646168157,0.633417697026177,0.347365396987289,0.213854451960286,-1.4167514590861,-0.751204270632379,-0.182018690010244,0.365290149656172,0.552977799403736,1.1913281378998,-0.646503000510311,-0.46996583426764,0.204158149698848,-0.685494476717009,-0.269398864787121,0.987630304017022,-0.608521757020988,-0.626813628059925,-0.0180909016965913,-0.464630276186499,0.246835181221176,-0.601297230962747,-0.802176986591595,-0.163473698347913,-2.11694708171319,-0.350558097097676,0.850596646641507,1.03990456162867,-0.747800320448816,0.395641843289218,-1.20422864756502
gene597,1.0772374769809,-0.500640655272393,-0.170112834691423,0.583441703126471,-0.87181929350415,1.06264819814861,0.726130225875164,-0.169418119281439,0.0544102043453027,0.104905872901948,0.0199722874951083,1.84873065367238,0.158376082048501,-1.03390537781045,-0.0755668331050577,-0.579962883310397,-0.610980951005161,-0.469356821521239,-0.698554411410278,0.361689412868268,-0.552810511392546,-0.263053726698043,0.737510494359886,-0.406617235385909,-1.23590855930114,-0.119973329283202,0.612938624707101,0.757633991448889,-0.0588511612254193,-0.308818609577945,0.845332566452075,-0.711132267747818,0.849232953069944,-0.824703256389415,-0.188413538136042,-0.739867545464551
gene598,-0.173161564656638,1.04050446852455,0.0832455451366231,1.5273647946831,1.81908762372979,-0.0442241836743108,0.425714336405413,-0.0525840362779776,0.174996223104274,-0.177598786119669,-1.25968538128655,-0.568193191238267,-0.634229687427747,-0.141148877018689,0.0528319745654356,0.943874997030945,0.120494369285892,-0.4925153907616,0.113035429537666,0.363315156266887,1.04871295645507,-0.11684847528192,1.58239230859468,-1.51046850497711,-0.552110976967909,-0.300515143237768,-0.204792062794075,0.284205455211988,-0.0165157497525494,-0.0858331835893315,1.13484178620365,-1.15323340191631,-0.353067414186045,-0.0045836975946337,-0.167053866844837,-0.193768242344639
gene599,-0.269367438429082,-0.234127746389579,0.195864588835012,0.259891046276546,-0.334351617967256,0.438199501100941,-0.368655731585746,-0.249638065854169,-0.553136414842086,0.508547555822586,-0.269258311377569,-0.518187245374084,0.266077648847559,0.814714522899143,0.579208580875818,-0.742047784029965,-0.114830708926915,0.22585021390527,-1.35864144220288,-0.380903331453904,-0.625250515386482,0.283858814453473,-0.506483612250696,0.155466433204248,1.11263654364131,0.625669859730872,0.698992376161154,0.435838259153062,0.253779088846732,-0.223951849570778,0.26338255392701,1.16838362575219,0.556563857261359,-0.573753532636944,-0.543872850472975,1.78308754982205
gene600,0.220558547362219,0.859333256187557,0.584565675612976,1.01336720802096,0.228531300941665,0.859683543949705,-1.67165850330245,0.39604486331716,0.256904599223974,0.0647393311302615,-0.686352489957219,-0.0633161992281122,0.733522998293519,-1.16213424890293,0.036472471816069,-1.044813562451,1.80285828926481,-0.251655295337372,0.180184442228628,-2.01462733570894,1.88208081065874,0.022635275603845,-0.0587189511348629,-0.462475467410397,-1.40787739687576,0.900479996784962,0.429636606546826,0.147419862490077,-0.22583285202212,-0.0638263374625265,1.19604165844611,-0.5130504059868,-0.0190202156415951,-0.0360781992613703,-0.172831635349406,-0.842127139085752
gene601,-0.896685626185977,-0.530526937363192,2.10900788594963,-0.61415368540315,-0.5641621681293,-0.0749293372803013,-0.593808928688376,0.540513320272724,1.70241047227318,1.05666514854425,-0.712872620060567,0.458140980299181,-0.899745651027472,-0.157841665716838,0.374734811337767,1.25143324769614,0.4533230717215,1.18790063106268,0.655002870401528,-1.83241137653831,1.54967599157821,-0.810132296450087,0.688085441095713,-0.0162188828471,0.675318927089466,0.450974453119475,0.231884632299639,-1.2353186380528,-0.993847382707457,-0.0227843567207142,0.646271481565056,-0.0185011562536514,0.218478445607732,-0.429137273207536,0.0117549442449009,2.27225957020942
gene602,1.14657729848393,-0.674540926828767,0.257266784205917,0.695367884166192,0.25487034855217,0.572499335494464,-0.328823579665763,0.347292649028315,-1.53443183424151,0.682625125138032,-0.079906464664246,-0.130996910769247,-0.129951737027385,0.381671702830157,-0.0545981745334374,0.489191835639319,0.179535044873303,0.821361028152435,-0.668004348137999,1.48259181390384,0.33697143190268,-0.687470398478768,-0.853868374671589,-0.742069397572404,-1.36514066012737,0.127710652407497,-0.275772593908003,0.414993910192459,-0.657441119978367,-0.468218293238473,-0.358794200413136,1.13448508071097,1.48825722544169,-1.00746655023316,-0.366641425736236,-0.0706480176957975
gene603,-0.900140352296516,0.383182245633955,-0.137692841401759,-0.585972319506441,0.340026144809533,0.979635064937039,0.112009541843663,-0.280810482301101,-0.213416154932801,-0.422477202487928,-0.945343550746581,-0.0219956798729859,-0.0241175051700851,0.143557706719608,-0.385759410565089,0.241913757717491,0.770819568368582,-0.0370511295908974,0.292175415931676,-1.31932169110253,-0.931911704061294,0.281289688501358,-0.510966102161022,-0.46779687270209,0.331450403399691,0.710458494479727,0.248281205354151,-0.0968372298168827,0.33116707682676,-0.539837727148076,-0.309164355695782,-1.01710641690816,0.23370848665866,0.603524542684177,-0.508777641870371,0.683462483168592
gene604,-1.2759669457673,-0.373360138824887,0.59410597612682,0.378653525973889,-0.589589669893235,0.875905228800404,-0.4375847153562,1.28709480855453,-0.948065281839626,-1.22263831743355,0.63679190078297,-0.344114822600077,-0.997775466472582,0.702211736737634,-0.0283230311522159,1.09879490737463,-0.538007251570224,1.21368864609465,-0.420340857015751,-0.343714852123091,-1.0395609069785,-1.57243015810195,0.365490632589719,1.55204333876685,1.46216065845369,0.717235638549404,0.899314386399262,0.534177812124461,0.010532096064595,-0.763854918961301,1.5038206649804,1.70274531102111,-0.242025822031064,0.490860092055841,-0.167411147550857,-1.118831740341
gene605,-0.885760292964621,0.405539440794254,-0.86489660905834,1.27981456476726,0.140942587984578,0.507654872451685,0.491431127351125,-0.439327549501676,2.63575921936746,-1.30737555415808,0.241718035036758,0.572851766040037,-2.10486934294379,0.464263886358246,0.710420373071556,-0.43306990654468,-0.0442449076372043,0.0280201653962748,-0.296064518865247,0.778508961823298,0.17098408684645,-0.74067431048246,-0.740236254600096,-0.675572930075297,-0.419958857573202,-0.552520859230271,0.136257940012245,0.329529463100226,0.417516567559541,0.39327572354435,0.623760214729094,-0.459200094858762,0.331241832864978,-0.166708833271497,-0.991670552845593,-0.154583803156869
gene606,-0.57033947008229,-0.672535235799042,0.624385537121696,-1.27551545125351,0.1836494393616,-0.346227562949932,1.06799811710097,0.685084586949027,1.35308193956659,-0.204769500435321,-0.822855116622171,0.465681632768513,-0.328765467439372,-0.477409542286961,2.25209621894911,-0.500960570730437,0.573782572635067,-0.884117016055808,0.0928765296085973,-0.985215002429137,-0.207426492311316,0.293115458438959,0.633347984128122,0.264898912799696,-0.117237419240693,1.08144455743577,-0.236751056267454,-0.733827070162728,-0.451142450762461,-1.11479358182442,0.538051984735518,0.376212359984317,0.305503078244976,0.394902547775254,-0.329175413070101,0.180324741804004
gene607,-0.0831823586152188,-0.01568103179124,-0.0628397657950836,-0.457853727753512,0.29702794758918,-0.229028184417385,-0.277612354808824,1.15623796463644,-0.905836025911306,0.41113843067838,0.317057977242211,-1.55082729383559,0.664039963044692,-0.187357666609909,-1.60242837954762,0.286206359428448,-0.808298664784113,0.179072461431758,0.316898453363684,-0.975729615055441,0.192062444457158,-0.568527636576537,-0.586598193361483,-0.0803313671914714,0.735828384757855,0.0509652936336555,0.234477924125318,0.238053568175943,0.47072127704339,1.69014730727599,0.547165467846376,-1.05196402104678,0.398881982244856,-0.643205694969783,1.09012442551687,-0.936149651234056
gene608,-0.163318599538962,-0.672093694391379,-0.312792658426781,1.18760679262755,-0.0849933149690594,-0.561853295129328,-0.0651500945767458,-0.770584526693724,-0.205993483648409,-0.961555178239788,-0.271825155426439,0.863588031859588,-0.484534414221514,-0.697385962172271,0.664667635074765,0.55334518545951,0.693521000438884,-1.59599176127225,-0.47555974320606,-0.531984747002901,0.0613526995765053,0.288412909670189,0.286688920664165,-0.527930275570265,0.46092633148922,-1.31614024473048,0.0481810026119938,-0.182434036694335,-0.658785489019734,0.330115610505585,1.42726112663042,0.4985831525981,0.190694910722762,-0.985895340749129,0.322946445579193,-1.6480134868104
gene609,-0.879305943665709,-0.586454590524126,0.0759482607663622,-0.815125944189468,0.0510371101174752,-1.22122949314259,1.18061368051376,0.0103648927040629,0.583265878299455,-0.487476872702348,0.953098094092107,0.21308682033142,0.363722357625885,-0.747188681544844,0.0002965967971256,0.55059490716283,-0.248599160819242,0.0299721450634913,-0.715314961174006,-0.222393863887233,-0.688172281266023,-0.815155534293967,-0.723434567189344,0.874997553046794,0.116186116190861,-0.720943963866052,-0.414132795621813,0.343561165340074,-0.0553435029978371,0.355340401919288,0.270086143001856,0.842029106078243,1.10402135422507,1.11777604941196,0.205941186521642,0.928258709103849
gene610,0.0381683365200923,0.83099631533475,-1.47002663909355,1.26773369132966,1.65758529480043,0.50736947737769,-1.18841787504917,-0.320148371185362,0.681161416223919,-0.75856286282094,-0.105923589222113,-0.750546972018187,2.14725145724373,0.420946091082931,-0.802434012893905,0.768518325967533,-0.111165584189431,0.986566304681568,-0.988679489426832,-0.990114213368825,0.109413491855145,-0.444730515458217,-0.784621735292279,-1.40765256084296,-0.6806175506569,0.110167096366715,-0.688725025335671,-0.196348619278326,0.327390878951228,0.346188610685525,-0.198652518885479,-0.494406352969652,-0.26286399337647,-1.0099218751915,-0.409825304391883,-0.0221960269406594
gene611,-0.384174542111747,-0.124648013205233,-2.38516436411356,0.191178304434262,-0.4620654090061,0.26161597207619,0.0167972176264735,1.07379288497603,0.185827008214301,0.645681855362153,1.35226739048387,0.208988094968791,-0.257248984506184,-0.134959965458755,0.157701904997803,-0.258349288958819,-1.51890388916799,-0.495823968822563,0.747555928224022,-1.34904938837522,-0.609977617480907,0.447448091653057,0.861299587289292,0.927559480854281,-0.160369826728716,1.35428281266692,-0.859367417067272,-1.43463443094526,0.931398354064621,-0.325308177725822,-1.16279070228275,-0.332538375346892,0.88748943531037,1.24701349009242,-0.420079335126522,0.65156866599115
gene612,-0.922479661286958,0.417221408966612,0.697091430921989,0.382056573163822,-0.331782831974621,0.163962929648116,0.75765432039937,-1.50991479604988,-0.716617060942108,0.317374287676452,-0.496937990237532,-0.851278908773194,-0.32928059301464,-0.482823343735984,-1.13322356413261,-0.291753184588839,0.995864812762833,-0.100920582172399,-0.0954766492307497,-0.39837816509537,-0.057284981222686,1.01930510454693,0.247820486030826,-0.115090086496932,-0.262137501652831,0.618086755667754,-0.353730734158965,-0.185581401185373,-0.920960115058385,-0.891628519817152,0.575266751531547,0.053019027357664,0.92338361206913,-0.471349144188712,-0.229788577675737,-0.36495667956447
gene613,-0.0389350337345024,-0.192770496228341,0.149997310846729,0.513889285486514,-1.66078583335987,0.0925345347859286,-0.252519497102882,0.464656913640248,-1.60135390833618,-0.151976574397808,0.500247966040839,-1.12903002042311,-0.314250509016634,-0.51476274944735,0.202827105723929,-1.55024081873134,-0.584762650978165,0.984770540469271,0.511122423195442,-0.502156524909627,0.0518263894773976,-0.0534417119159509,-0.810200785086797,-0.344415872376579,1.11108404371053,-0.90228857168061,0.188539842121225,-0.109093911029728,1.03043745440798,-0.0197362886350955,-0.167019406424461,0.200609465033093,0.623861509283085,0.0957193938690443,1.13594708068802,-0.461794750344873
gene614,0.780004681579875,-0.137873987488041,0.76943242050113,0.873067570709931,0.649704432896678,1.58652072943482,1.27377804421019,-0.31609078121707,-0.0794128791481307,-0.275287212879475,-0.142745725101263,-0.194891380452182,-0.125109781745141,-0.409783280197764,0.088139324833314,0.705832548172417,0.481939716479352,-0.114274789921944,-1.15652193699951,-0.25067176375695,-0.124809861254096,-0.518911551328664,0.286684852054797,-0.653418952462632,0.331293046689403,-0.309594158495323,-0.755802788162081,-1.31452812958306,-0.266644832910352,-0.662751973443705,0.583613994659461,0.34072513243381,0.435766742353187,0.0508376389071739,-0.621965815993429,0.0001327660266564
gene615,0.244806172340653,0.0215775512676762,0.0736853288828896,0.0436704011972818,-2.5594564740978,-0.601441416250859,0.467018333407675,-1.22170598009508,-0.618861590362953,1.19142061312914,2.16568961224331,0.75745937300126,1.59061511284126,0.288966215527516,0.673338387993302,0.881266318700645,1.17491251455373,0.33789474740473,1.29550023384719,-1.31019475408102,0.228633116927664,0.765256623506389,-1.23078865226913,0.823616231937248,-0.806611773283341,-0.388582250964033,2.39139279098913,0.346267895915041,-0.314388584547873,0.522694312906566,0.5874099631623,0.48150513267638,-0.0347579868415905,-0.90714081821463,0.100626165495914,0.876458098147101
gene616,2.21883831622049,-0.484576269485126,0.246481474021472,-0.124700117751776,0.0964922581249264,0.651093611630548,-0.578616463097714,-0.240115096842988,-1.72946374421118,-0.0355568782546395,-0.403854777350458,-0.428377148588999,0.334986820061341,-0.631452607949851,0.124383901773732,-0.333840973870654,-0.357512924845521,-0.19218038825912,-0.909513144334423,-0.914498542473962,-0.637542976061995,-0.0223908019986654,1.10541829098268,-0.0500440772707632,0.0747744354283728,1.07972788108063,-0.326049940593283,-0.226587166011869,1.10421164830051,0.258200034482813,0.57678918834739,-0.15495997123797,0.443930266390361,0.998003290557501,0.257119904903921,-0.627665845655802
gene617,0.93320394309668,-0.996332261798776,0.433439731855458,0.596300202744394,0.554159070393949,-0.488146905169079,0.598706213595827,0.0911593669332238,-1.88880454003969,0.509099983564453,-1.20491179274299,-0.240886648679249,-0.929737580582602,-0.158071565739094,-1.23363546926911,0.471783697583848,1.43484713387742,0.13729799424463,-0.0029986727882172,0.180182774387164,-0.309869261351241,0.50265503838261,-0.869776806937728,0.698428650460035,0.404259520860989,-0.965146702127508,-0.982472408923364,-0.507132599749917,0.497813423993925,0.41530328534074,1.11645979219543,-0.353384157761491,-0.415304050063923,-0.568244535796347,0.341557009373534,-0.850037838086936
gene618,0.506623524613466,0.083387266723586,0.162472089281668,0.0446658141207954,-0.314004437903305,0.944688341469299,0.413106501970467,-0.954110365798852,0.476180056036513,0.0393838000018537,0.286427760110456,1.22741874311579,0.336781439906824,-0.587672153017833,-0.32113755349865,-0.520688841108713,-0.573997376984491,-0.203682047210749,-0.128658869830791,0.350920756687703,1.68303751449344,-1.33707174025654,0.231611645291468,0.388750805114198,-0.647270309654607,-0.0341223345138526,-1.03540175506509,0.187128771217811,0.320949416693385,0.491086913800305,-0.12274998817569,0.146415143617949,-0.5341426013497,-0.322191631937538,1.25318518907181,1.28738239905111
gene619,-0.451497375464874,0.439194873125256,-0.591990670079031,-0.393929521378139,-0.0121926828517719,-0.282084082396618,0.0857439448566055,-1.31730952186458,0.330141395883553,-0.661605532444663,-0.001356736888488,-0.0786484085244818,-0.474115812757999,-0.0165130120901832,-0.316251433395316,-0.725051389797417,1.12162514909902,0.473550021965364,0.128289841979947,0.664825628785096,-0.064614755606682,0.657740118084956,0.41122842873828,-0.178376824833014,-0.180941592575961,-0.455948832408571,-0.0763728120913966,0.413643133124997,0.226383859415831,-0.403620798929842,0.0836619894192548,0.574469014920333,0.575976222116304,0.0038310201426328,-0.707895445400717,1.21248141392526
gene620,-0.479784507902101,-0.102085182917304,-0.2862846372523,1.0991318401317,-0.568264959740374,0.710838884627964,0.673893953203891,-0.48522874028685,0.814616604901619,-0.473419826342329,-0.797259677734303,0.637163211676086,-0.0518928921186455,0.101120460328145,-0.740631653452894,0.202819622086239,-1.05439055927015,-0.339602507085471,0.546503968027268,1.01414418934945,0.0551469037727069,1.12473301474931,-0.24681931181196,-0.71571025981074,-0.152745816906101,0.237099695721442,-0.0182134604868698,-0.167034694785639,0.047352810953038,-0.422532278969795,0.176110809198811,0.666414691348739,0.522151664438114,0.89236189189176,-1.16779709183553,-0.386557658790329
gene621,0.855043119854985,0.615153154670502,1.20657874013463,-0.732677658360448,0.53084284718343,0.775816029461874,0.684419799655833,0.561380317625157,0.557461357145589,-0.969677801616189,-0.73493191141009,0.5903249237597,0.76429870085417,0.641010676641655,-0.192150439160113,-0.360834111607449,0.346282382859486,0.166948217728229,0.409568301219379,0.600120163902086,-0.092425819968047,-0.360031826532737,0.271458322335394,-0.592916306852075,0.0501360675727159,-0.0502517902461489,-0.117730824986035,0.0611184387039722,-0.278454901330037,-0.474443480324388,2.0864236270354,-0.833018608591452,-1.68140884797212,-1.72648821576253,0.207529904053673,0.607412353373762
gene622,1.30067753672896,0.602676365803785,-0.302880843246835,-1.72091171487711,-0.0733954679750202,-0.575874371769786,0.0082386780481496,0.489843780264932,-1.63960159430271,0.285619893064062,-0.526524742556073,-1.02554166152962,0.0296781332799469,1.15207901637508,0.775444525177543,0.0994378860057532,0.430698407268367,-1.79854614108879,0.0828273578829695,-0.512690538773489,0.416128619609859,0.471801143529231,-0.241807270327024,1.14507113616304,0.133131230734039,-0.315218910934925,-0.111710500989687,0.0806831911383291,0.377193106281754,0.74702329204389,0.497045550704768,-1.27777828871248,-0.0120683635299998,0.0837597657029933,0.310912560414724,-1.22361229729341
gene623,0.292958289821292,-0.529362040941645,-0.341666583405055,-0.0776272784966016,0.87025507171766,0.372908111459649,-0.307495896665031,-0.19339697073781,1.24387068294168,-0.0266460813222714,-0.427835063793007,0.414068286508356,0.143160855243181,-0.735804301718127,0.849632787368208,0.52675060514587,0.693515441366803,-0.497232286987454,-0.708029231789465,0.774912424762818,-0.133903942662425,-1.52541350279216,0.499285074053355,-0.714235769535312,-0.141351609677396,0.177557573077103,-0.719501528225493,0.58481113430951,1.11856632238066,1.6811078419299,-0.370234235033206,2.00865324721795,0.875402722782457,0.0676021563064419,0.0787931480834045,-0.757372049662667
gene624,1.19889358507881,-0.0550033038265501,1.11096473905898,0.444359701986486,-1.27795407032444,-0.178519928368712,-0.125157668062164,1.34617733845837,-0.210153377755778,-0.268543163694847,-1.04447408087369,-0.397549556056562,-0.494704399867285,0.422195075452624,-1.0986285105369,-1.05526304723079,0.0319441170015923,-1.84580425567784,-0.787728365421099,0.719392920597913,0.242965827960481,0.639046459701646,-1.01951183356041,-0.658427017814265,-0.225617712443821,-0.139467091095691,-0.20386091835954,0.223890356029021,0.78209338568624,-1.26882286033867,0.101124097470664,-0.56718351263947,0.563187994361561,-0.496366433944782,-0.0215392365332792,-0.266827436170189
gene625,-0.0759336466859614,-0.173340983589359,-0.150240300425883,0.376672831010457,0.0199583666806217,0.590469138054856,-0.223763524649105,0.822659258942221,0.474478422520992,1.18579495834114,0.667222877370982,0.673977375226952,0.812762439175566,-0.681552976714244,-0.134394058383815,-1.00272117508824,-0.379511302508595,-0.0372677578640907,0.375108027088075,0.157027993403342,-0.609262837113549,-0.655425656918925,-0.204757258214945,0.0696480163929892,0.988008764856755,-0.564077694273205,-0.457530702542605,-0.489001022481666,0.0152807233758024,-0.697454768100828,2.39431897184387,0.662094111562208,1.98447193559842,0.287739324927257,-0.161369815179826,-0.310403973085003
gene626,-0.438375114586747,0.680664527683578,-0.392756065755216,1.33499752130597,-0.140081656396808,0.529018851818908,0.934390141531392,-0.0869551718576163,1.23585700414902,0.471455897114328,-0.559602704052014,-0.604647460815754,-0.849180187901407,0.283352781445563,-0.210226183708761,-0.511152073221173,-0.422620375597839,-0.102501004630464,-0.460759626731124,-0.546294403276146,0.519778032083245,0.0229184677958712,-0.792518688448931,-0.0497969944255155,0.786591327539338,0.425277161785248,-0.721969367329976,0.295841019861021,0.570830245306335,1.36632119863271,-0.011363538933868,-0.675493304580104,-0.0469451078812832,0.4505088517684,-0.514730686324975,1.2168189931077
gene627,0.207066087109458,0.587978011005208,-1.1232448277092,-0.0715587560217338,0.0880430122772485,0.293074249203979,0.512256366141164,0.607039649369194,0.300622004932914,0.699195079779557,-0.891967279572705,0.716702207570081,-1.1342805703009,-0.39411104369869,-0.590605684258292,-0.242995690621422,-0.0239992088286774,-0.875911315151473,-0.0897192593041079,0.261187957675347,1.01299814711181,0.336612648147928,0.370138511112358,-0.278885316904263,-0.359096314846391,-0.950356337986821,-0.596911476184053,-0.801104664755991,-0.101612866673677,-0.221339702517383,0.718636088577833,1.55484614575587,0.0099171751211196,2.83114745729865,0.976732557873902,0.470664423963483
gene628,2.19191953135583,1.99622431368842,-0.715013424178982,-0.412614865753339,-0.962892590237461,0.949836141433323,0.0511700665399563,0.513817171061671,-1.33186216371824,-0.203844794353409,0.855074215156836,0.583314933283788,0.680107669553215,0.0136850854621442,-0.248994863887911,0.54545353082775,1.1884556232065,0.441787831948165,0.39122639931129,0.975465540046322,0.374897317688327,0.318133614720402,-0.349863339283849,-0.923817254738631,0.156413291727434,-0.809497926692715,-1.96755726468801,-0.475438032082258,0.39291221557212,0.277410371292811,0.0305486982234702,0.344588647544518,0.64460736906723,0.930189589868835,0.299419215470873,-0.450680360768676
gene629,0.424252089092465,0.705006551946266,0.286934532986947,-0.681868073058891,1.65970956104674,-0.187281164448747,-0.73324296768123,-0.0201090258931604,0.104709031327778,-0.490274294576091,-0.197825696407116,1.21235391959206,0.429002228701768,-0.747525606941902,0.367685477729663,0.389686917277499,1.83664513816219,-1.26443624099993,-0.600194438302264,-0.805708887027016,-0.760297718217973,-2.12641808183553,1.2907231352036,-0.484428077459959,1.37407492806333,-0.24161747872426,-0.370521034731948,0.969129837208869,0.0407103597683016,-0.371522582024477,-0.520586984775431,-0.344344748389297,-0.556894765204325,-0.689690323123628,-0.0769088237629924,0.184406905030588
gene630,1.29887270556177,0.575034610754786,0.633874260558322,0.0940235481774413,0.28523859593391,0.348576301853169,0.108308574130722,0.133433423190782,-0.419527959146689,0.0862403062274285,0.663785183691578,0.974236443008916,0.657753185026867,0.238503232435768,-0.0057042161384402,0.744320013610769,0.842535580487438,0.211382643633915,1.00224694306158,-1.71487663504814,1.08478325303573,-0.505928143924614,1.02247933760728,0.797099755105471,-0.447309228618661,-0.261154278831503,-0.795310767261046,-0.344865130437534,-0.758111682168757,0.160077097324809,-0.168122201811115,-0.530117896252768,-0.856624823139349,0.365499263505144,0.791765595224966,0.359923504694657
gene631,-0.854283733372595,-0.202060212983114,0.85016819373781,-0.684951997057624,0.545424368934543,-1.57384920278668,0.143469693401785,0.25174158276436,0.713915624190154,-0.383493306216207,-0.761574396022245,-0.339887347766833,0.535480015331602,-0.254080757960031,1.12974999628032,-0.408126513085784,-0.0247780461852182,-1.31730273617078,0.0579428764120962,-2.40495281291621,0.0370261140291683,1.01735086014243,1.57665427667717,0.373907082263987,-0.909231995416594,0.847133040022362,-0.258834962688117,0.933571429503391,-0.0413940876793752,0.912757616424321,1.15343948221257,-0.0152165582581185,0.0783185693640517,0.845690841098622,0.370041071333828,0.576265521709593
gene632,-0.122747647385133,-0.733426102641022,-0.668480525617951,-0.133948351140699,0.75459004372364,0.551197085243247,0.569108762019865,-0.605505551941843,0.656120797294216,-0.0583757048019218,0.356254312165105,0.279969372803048,0.448410679814089,-0.635588776970768,-0.16177661987548,0.502365881080936,-0.913593854833216,-1.0675932490341,-0.986406862047698,-0.724953180156242,-0.444039794983223,-0.253809460459387,-1.88112843670336,0.856837128651011,-1.3952057887099,-0.375149314776706,-0.370320306710129,-0.50450910624598,0.481098854683294,-0.500509231157977,0.106186975899232,-0.0398862789551653,0.98893361382422,-0.505724894723079,-0.0252597364857889,0.157133057995707
gene633,-0.433255387077511,-0.292807220120405,0.158331564751596,-0.451926649699745,-0.897126603474568,1.14410803854133,0.0154713969215434,-0.429103685130215,-0.886415544065209,-0.0472013644194316,0.157492567636878,-0.618930203592726,0.260158334264671,0.365095338007009,0.782313349488641,-0.425374731175537,-0.51309129738845,-0.737713194991793,0.30484311338502,0.0533784807136216,0.385430338455249,1.67034912275563,0.244834894319991,-0.099515233904335,-0.367342848995972,0.224698787729909,0.51995960553416,-0.264496338835503,-0.429246002388193,0.352904865794343,-1.00877312772861,-0.229096544508995,0.242986659270818,0.655953754520316,0.146731637723495,-0.49869817875006
gene634,-1.77020411283689,1.06151612089434,1.54577789120163,0.0003337091928326,-0.294373843486361,0.560657049576182,-1.07106501729744,-0.637630413589194,-0.490117750570475,-1.01331364782747,-0.29018783608137,0.795137991938034,-0.4776853986073,1.07157164261317,-0.603652633263528,-0.6071767172796,0.716360528639108,0.0671089464684651,0.487891334563003,0.0496927340182662,0.268786994204966,1.19107404669878,1.22628229468034,1.11621710517567,-0.43117034914755,-0.37553595617564,-0.292973691781678,1.3658245713424,-0.321076033339569,0.0419548326608446,0.155733202947837,0.569021054960815,0.910027057570806,-1.08276967304353,0.516728756365826,-0.0563829060568754
gene635,0.370610733866533,0.0536032495190177,0.93815843505509,1.41491815124294,-0.896856907941937,0.0201015756590745,-1.38616974471947,-1.64084958196824,0.772513302821697,-0.360445374404291,0.313698428303345,-2.1028792298704,0.834172227951754,-1.50137394756926,-0.077680036826583,-0.845341634964609,0.247019497860535,-0.0077517735929165,-0.484246638978129,-0.26232465048231,0.719693007218527,-0.615706408178879,0.896773649489717,-0.426725463278371,0.532417198004974,-1.30180032076575,-0.433578069989299,0.0727986667058433,-0.84288617791717,0.280149596851097,-0.730578308315258,2.10026498435213,-1.00794792992604,-0.364757591298385,-0.870992654436577,0.484684945564108
gene636,-0.774155117967388,0.476365986414651,1.02705048874588,0.353279561556222,-0.895217834677454,-0.41718187502344,-0.223081890094661,-0.39554536275743,-0.164328429307601,0.0664206211550997,0.738004840792277,0.528427665634581,1.38947596563376,-0.94626534465773,-0.624172083366528,-0.283075523506728,0.0758080248650123,0.876487377305172,-0.513775710997744,1.05264270848997,0.702446816901089,-0.622146573258343,-0.817762884551454,-0.717930507906087,-0.145105655245478,-0.18142827170666,0.0717982877225871,-0.70878444843195,-0.827612323181512,-1.44002532343065,0.0076354755758783,-0.179838716536071,0.274035343522255,0.475924636693958,-0.295874208817674,-0.0921807729993736
gene637,0.738651777763619,-0.659114506157861,-0.373372834473265,0.877299053400919,-0.0098618873357312,1.27178493979533,-0.87953940939153,-0.879339524298993,0.249565616358374,0.326050081093764,-0.0048264061420512,0.15018908243075,0.464609812607718,0.960395974718361,0.843646341708785,-0.532781694401966,-0.561695904134575,1.0305877757175,0.154499223216613,0.182354295519479,0.390181548534832,-1.65369353998548,0.0571501283031811,0.612830307167294,0.662069751613568,-0.553397594852479,-0.504272019235697,-0.31257206722652,-0.560819589377388,0.433486069115235,-0.0689371026340937,1.23077435985643,-0.621947779780596,0.319243828920605,1.62345886020811,-0.408669667574651
gene638,0.186468372055704,-0.466731147867206,0.366626259273939,-0.0088658176468662,0.272132264181787,0.532718769878977,-0.755004912942633,-0.186272465108781,0.0915519165551329,-0.749098734447863,0.866438476986628,-1.2571659894917,0.311214305342329,-0.330569626178194,0.775624050090446,1.24904733911314,0.168766921753339,0.906705601556506,0.647093195602383,-0.141273672828718,0.151126800681249,-0.620834590119154,-1.33305237389921,-0.877602475994998,-0.822639095015317,-0.672755679843869,0.057811704029871,-0.700684636079063,-0.416243180092998,-1.14384243441303,0.0993731488146708,-0.0080318800406091,0.844679181207307,0.297872024883303,0.759035913415997,0.864318784196124
gene639,-0.201891947479111,-0.541907407477146,0.0626271176846583,-1.49505211427291,0.216176137962382,1.03387119183396,0.147391356214119,0.0265491741591068,0.367889502646242,-0.477476587577214,-0.422324174591198,-0.220008249351006,0.261824522050543,0.171965502754904,-0.205957993790271,-0.34465515967785,-0.153522877117799,0.930523695372437,0.880453908072046,-0.165882090386505,-0.305492201747578,0.520754894785981,0.0642732666496684,0.333986998021715,-1.53224349112962,-1.79354685441937,-1.48554183349185,-0.921965380790277,-1.5651283349129,-0.663156328873292,1.07026610994665,0.246809766557263,-0.0200134440800448,0.0050190266385454,-0.619804563431634,-0.848171740562793
gene640,-0.29183994784046,0.361785099771683,0.849706560523979,-0.184732006755459,0.0045475643237487,-0.170328243515998,-0.615083294539709,-0.218770545775893,-1.07356560192032,-0.476910621620901,0.386269783654017,-0.798066411211401,-0.955598548379087,0.00348544299076,0.795773889831253,0.815558739816932,1.45901943193801,-0.273078252662745,-0.432884235168273,0.0795001451169062,0.460089871216784,0.396195571688665,-0.0326899721649375,0.71619553107086,0.266191284580715,-0.608610893835954,0.559536468364701,-0.443833720142682,-0.37279209377768,-0.928091149708245,0.526203838012057,-1.0530963571995,-0.572145013432997,-0.0981917286443738,1.14224357374997,1.51587952870575
gene641,-0.519832939523292,0.453490753115938,0.0423019907201579,0.303542391670693,0.19423758713908,-1.30274544152332,0.354342367689865,-0.117869257655482,0.242654507823982,0.762419720790328,0.481992142521709,-0.584136061756562,0.325601428130651,1.28330062409791,-0.746366605840275,0.570618934889858,0.0564964106451084,-0.39693401914989,-0.0972058810977586,0.217968818281058,-0.441581605461178,0.336082322131638,0.633878720602938,0.155055551802995,-0.128947342115921,-0.934921752858166,0.504847443326302,-0.219209512928025,0.849776804101308,-1.14633467471218,-0.573663863258306,-1.04947711274901,0.512499110421446,0.736667541941847,1.10967905770816,0.0283077500300478
gene642,0.056803124442293,2.16295044571154,-0.869009012942241,-0.519157304947297,-0.162971369823741,0.147305227847327,-0.674849779883685,0.819273480986114,0.0815402670571161,0.176041893247924,-0.0731074765226703,0.502768208867123,0.253957274968013,-0.366067705170921,-1.40267789264301,-0.131520249319675,-0.931657715425321,-1.48580629587311,0.60297166213801,-0.116862793502271,0.477226412446978,0.439311934387104,0.7568185908978,-0.625010260877051,-0.1688258421393,0.423746243382914,-0.880790676656897,-0.505998122059108,0.0094771482946237,0.412307819903847,-0.371510869417871,-1.50272182683038,0.185736532619649,0.267341675714618,0.357657986743147,-1.1441097423218
gene643,-0.219355230030231,-0.685486752275723,-0.0222803155875163,2.06981342915521,0.904925657706233,0.28904503851323,-0.828281986147248,0.455919495585314,-0.29617272634583,0.0934383260807316,0.0039362615470423,0.0897663133188883,-0.297173435740971,-0.476861913330404,-0.490948240750644,-0.0330689558062766,-0.488827547658084,-1.09386763674282,-0.472026225209199,1.40955329327454,-0.2173206483979,-1.31216380069667,-0.103993469638784,-0.275752813980592,-0.583349231936818,0.256365813680584,-0.422277168904865,-0.45318714307307,-0.518608393391083,-0.104648981443609,-1.21206085113495,0.212167117239022,0.80494646830249,0.0967588702519484,-0.677408151376761,-0.114469334976897
gene644,-0.0027663800859942,-1.01719241193555,-0.111244651518003,0.937856085527301,0.476720735051233,-1.13761748215028,-0.351778215848924,0.957392662705316,1.55290674758894,-0.167864490391411,-0.940957542061734,0.517196766386836,0.0848138618866991,0.0260035403209918,-0.815306131264617,1.8023139103077,0.277097259159129,0.285799312515219,0.276936863226263,1.60770074002642,0.256594594640153,1.45612239326849,0.0125593535041044,0.772401897596693,1.09458281979393,0.999032399452902,-0.721015515549108,-0.642399558257233,-0.446487448514999,-0.161743715692407,-0.327824790547282,0.308458285572074,-0.386143005131283,0.0818949224342594,-1.07023337924149,1.14131048430833
gene645,0.207005606075654,-0.114809087698339,-0.346332695493046,0.0895525955555651,0.480366427315256,0.296574836910135,0.628259331945554,0.561500984337262,0.0779828503805959,0.95654532572378,-0.128560093874939,-0.738089856882093,0.368833049026274,1.16449274691769,-0.866525174351451,1.01918377287844,-0.0568078800791618,-0.915150087274135,0.736896014140305,0.452474109585129,0.370961340376374,-0.305006302962946,0.165311795188235,-1.2933634626546,0.290292124741212,0.213539023409362,0.166874865279345,-0.136366823597854,-0.0373966173255875,0.699053701936998,-0.0531272049080009,-1.75891920697054,0.381089424974971,0.424079272434492,0.839707691526718,1.3554979687499
gene646,-0.4187253917519,0.983945548419413,0.0408517836907628,0.6695578061944,0.573214034198937,1.37626945758265,-1.07819421131441,-0.226710575736233,-1.12589803362549,-0.483873023802787,-0.658211404070029,0.855223289150907,-0.458641115154459,0.961069616807728,-0.568782175861455,0.113985880213757,-0.175682463010716,1.16448831257775,0.320355738383992,0.569409924666065,0.772937110962134,1.22866894509997,-0.129550653013011,-0.375451779241198,0.114343294806528,-0.411008110543667,-0.594407184995108,-0.165200309711498,-1.15870786528143,0.383215406180381,0.326749906807323,-0.231854454210978,-0.352584269188199,0.78426498774473,1.03201526891521,-0.337569599962963
gene647,0.832856249029851,-0.126883631599674,-0.380335202401645,0.913529566898597,1.43533438117369,0.199415473615561,0.735714585525438,0.956964068222073,0.0863709906293332,-0.711255668855572,-0.871096559869065,0.187525083867773,0.638267718597553,0.292250540110607,0.177322928295735,-1.25307921510945,0.958952460373239,0.608371557226071,-0.517205844639266,-0.34284749986578,-0.860461608730143,-0.219830773193536,0.450353695827927,-1.08407702880934,-0.105069941253401,-0.311673639698372,-1.65903453617436,-0.0355714520442559,-1.71183164391384,0.335400187745209,0.112963186514922,1.29340038013084,-0.646431977416299,-0.474759945152372,0.576245648854064,0.47775502307623
gene648,2.19393395285678,0.684690788340669,-0.0252721433289741,-0.215232160831456,0.284648444076519,0.526613404978182,-1.28903115185966,-0.642365374370899,0.781236290150005,-0.685727893421197,0.0363643149288225,0.276559675171293,-0.993465826561549,1.34031533715899,1.72297104184159,0.416997669065232,0.288313643688822,-0.560735462722761,0.151206022898323,0.871333507028824,-0.244270054399926,0.61853590367031,0.675001447724567,0.38285250258884,-0.285239804246082,-0.0116399205597995,-1.46891360572118,0.404076260540776,-1.36154129412814,0.199212437260006,-0.613729166381028,-0.363716205521821,-0.394103197594292,-0.776713614218553,0.235333676976352,-1.07394630239053
gene649,-0.136141519263193,0.36916140550467,-0.618051016163085,0.360620418874203,0.307012355853717,1.13697231722318,-0.122242187751113,0.0869420723597832,1.41037332508589,-0.7242010378498,-1.64853508210239,0.612927272781199,-1.94397845361992,-0.882950995764744,-0.381976603026429,-0.117382643841791,-0.275006484106906,0.895557270774041,-0.455837047886484,-0.502957759598361,0.726625181026121,0.043050697266382,1.09646970386845,-0.190791055918958,0.41852250624603,1.18812288776333,0.527326924720912,1.31100654897441,-0.411294150256108,0.27785605539453,0.210752072666626,0.0420956318218827,0.0622564411829938,0.985701080050908,1.22888279719777,0.164735108245441
gene650,0.375890536155909,-0.0627260350805412,-1.13170526880018,-0.545147160466646,0.112228135750649,-0.414191351331428,0.0449544592618072,-0.0822068027685781,-0.80569777344104,0.647799827211744,-0.458766133606763,0.450464342335292,0.891686178838392,0.69913426598936,-0.314151680134953,0.422951182517905,1.74408458268556,0.924595386261327,0.842739583993283,0.31277330586977,-0.606574554789237,-0.636666563881861,-0.553788509319991,-0.0200870757561476,-0.784810625958925,0.961733984202756,-0.343185359205552,1.67645513552526,0.82714752493275,-0.920462615686741,0.395368990601296,-0.642999967721652,-0.839866323600514,-0.402904828717332,0.387895229000003,-0.862224610058648
gene651,-0.716447399599275,1.1716081342739,-0.750951296110294,-0.171574691303569,-0.490237370737642,0.0635542848805716,0.788677906996367,1.28148539278058,0.568107414187866,1.36824687691686,-0.854041894670477,-0.573306119657259,-0.286239992929901,-0.993944457513748,0.815357274702761,-0.74432599692166,1.35189358905992,-0.147299968831569,-0.45066346866733,0.0253390120045207,0.782142743928839,-0.786771464532397,-0.670231839635242,-0.421360184616379,-0.357936080206376,0.178825593707132,-0.674733287222636,-0.68606204511674,-0.804389303661365,0.680952094702298,-1.61741589713432,-0.401317889159052,-0.771154352448909,-0.90228363138813,-0.571394219931007,0.261741199870433
gene652,-0.82898457314759,-1.56117732492428,0.109950200544263,-0.0920872861316544,1.55877744663311,0.811735690146268,-0.309709068086975,0.656480909697949,0.611260035302155,-0.138701452452005,0.430305015370775,1.12873145989945,0.0899876703674521,-0.569977316936705,-0.0997411613667482,0.462785505626469,1.57694683557642,-0.0034205256133053,0.5172093468469,0.288684354132773,0.223750191608467,0.68509720366189,-0.208212034309222,-0.900404058756386,0.310088397451643,-0.882779613652404,0.145790696564637,1.19384281047924,0.576971525241797,0.380194132683226,0.293390693822225,0.848027158120799,0.706188907617699,-0.303634546021629,0.70020463930028,-0.391631340903316
gene653,1.12898413866934,0.788373685856672,-0.367498694640147,-0.40015060617164,0.790039565667674,-1.24504920148059,0.0932490410213395,0.603344389405612,-1.31599788834051,0.393832260749842,-0.582681672484964,0.84073322719383,-0.949952236485945,-0.365622198877394,-0.816875938614193,-0.551623916629312,-0.310052413020612,-0.143215110046423,0.20413582788969,-0.388512121885191,-0.0619383960818422,-0.8754462238695,-0.034875780095219,-0.189913239210115,0.188767828000873,0.142645111023535,-0.543783741259183,-0.0209172353439277,-0.145017000749411,0.571712887008455,0.818317161481998,-0.648321059338112,-0.904064494880435,1.00551502579405,0.60349766501431,0.0446749805377346
gene654,0.387260211884134,0.463151854991913,-0.347363556579462,0.895492708899271,-1.20512255747626,-0.589797409986406,-0.151266329020294,-0.0157243304135703,-0.719773976375245,0.829414831292141,-0.58926876634128,-0.702159288580452,0.388988215599778,0.314124938248933,-0.100320045787891,0.175554372707669,-0.0830303329192697,-0.634381806711744,0.343188837245431,0.302723247622413,-0.545683368893693,-0.627881836077137,-0.147524568288494,0.195971670214085,-1.5137755814574,0.0646963963168668,-0.459568092283896,-0.439398030672513,0.0518773544207018,1.19352591366908,-0.0175323342883799,0.105749113394353,0.519833289253023,0.312689647382002,-0.0970430103665406,1.59813595187859
gene655,0.309958336791226,1.10796025132359,1.82693000723704,-0.115549350912968,0.762367406709357,0.104918753657546,0.0112288022990957,-0.122092789991182,-0.496290285147198,-0.0469478320145736,0.958696006175924,0.206237860496184,-0.195874563895794,0.913621816502283,-0.598079060544862,-1.1507511164591,-0.160215102505966,1.60985443753094,0.263791246265794,0.436477272385489,1.26815891442065,-1.668974709639,-0.217632854821623,-0.284003936738659,0.687373810983167,-0.661724996850155,-1.33596112531865,-1.01091703678627,0.41469107667663,-0.739781293053588,0.0984710774582708,-1.17066031338039,-1.83786116599327,0.742644307262964,0.0832310648835722,-0.675370246918092
gene656,-1.64248636443103,0.0846748104167843,0.818595517994127,-0.534000527572769,-0.439300371731403,0.0236994292958381,-0.0712824861429023,-0.481208788632294,0.896718426976749,-1.92276520401038,-0.363322846354287,0.584611160382657,-0.0281996417882814,0.198094485590368,-0.364550711186717,0.708536021260152,0.942229911367633,0.0182805705626449,0.281460771997091,2.18386159127646,-1.88851524248028,1.48186307800075,0.443724070159867,0.776533080865094,-0.0374062841295988,1.57907532817032,0.209647562725532,-0.178548912945099,1.00543576525845,0.243469810297181,-0.129994227145377,-0.441212228879371,1.76862071984945,0.0247657228183302,-0.176023898898189,0.461956900978221
gene657,0.296306749209806,-0.715973933732314,-0.0222723152601352,-0.0511908781756887,-2.35941381869859,-0.214808483378238,-1.06850691782919,-1.01794811652211,-0.0779238021401415,0.0052290118174621,-0.397415497917612,-0.92822083246089,0.909374633511944,0.909157582201433,0.516304804593128,0.41305216364207,0.498924864302455,0.466679620543912,-0.117001570214957,1.33023595594193,-0.535453260829916,0.721925178720536,0.320212806787712,-0.018131514729516,0.105402562966133,-0.0479315656117607,-1.77614047520657,-0.78796591458455,0.413080326335205,-0.484182216424639,1.40953220149764,0.244238937187291,1.57227196923705,-0.292578696449077,0.0156848953164976,-0.280275798608809
gene658,-0.315950765230653,-0.748562629314431,-0.397199420868808,-0.368869310861059,0.103329862826003,0.640212768049075,1.04822359355126,0.0287117293304584,-0.780301775595768,0.215953730642778,1.05113081083353,0.924964520659327,1.00792342424269,0.505644141232638,0.0005324251189683,-0.230468965972899,0.126735811376333,-1.28647195446555,-0.360362639938337,0.444555928151639,-0.126188436671879,0.338040094383042,0.0354516332061583,-0.0051463618667029,1.68534297370478,0.379020784984448,0.107991122444314,-0.86235523518084,1.28130839590359,1.40383060859175,0.202884682330139,0.516856745379415,0.354795114160267,-0.021765201635537,0.682453614569133,1.82074105773875
gene659,1.66918251528716,-1.62704294289735,0.123161688544535,0.293949912804911,1.17488040635728,-0.641664757985039,-0.200155469551595,-0.375247609049474,-0.435605979068991,0.746464816851515,0.339440181253777,-0.40407465265174,0.0427440373053154,-0.348504725414271,-0.668129823454427,-0.168817280080083,1.0860898154649,-0.688468417630963,-0.0768160266597087,-1.22793618298556,0.599732617550371,0.466883032504773,-1.30496343463752,0.495033296937972,1.44243731335689,1.18218511971326,0.207562388208631,-0.475048624929159,0.818432140814402,-1.21131066518359,-0.42727755762289,1.56619976223419,0.530024647783984,-1.31465647059486,0.212290278117512,0.481183172572772
gene660,0.56892717674178,-0.147303876678761,-0.491054734055988,-1.59628226912017,0.791375938638641,1.07769188045124,0.336825374188695,-0.726561444636473,-0.198170439347927,-0.288552640811209,1.0257414519062,-0.424732688614172,-0.860009799202166,0.335851472536073,-0.135091820507388,0.889698999836876,-0.0068381537838459,0.528698084305907,0.094424944353074,0.0276866141904693,0.45217921715329,-0.821065522576693,1.03702529216686,-0.441576845747964,-0.176387914700709,0.999407416504727,0.139634570574959,0.548753792210125,1.25720570978307,-0.935184386721508,0.614329042735277,-1.03456022812479,-0.362158428691003,-0.881182388364143,-0.423337417811693,1.01555695410845
gene661,0.70696148204426,-0.314766001639168,1.91598221883973,0.234062634817106,0.241238388531509,0.644808880522561,0.268118557626705,0.507693377810355,-0.85237576497793,-1.09985483374059,-0.265430790065558,-1.03160967618133,-1.44115488525498,-0.292440709326302,0.838899411839694,-0.49379090398023,2.20121121081049,-0.759124206727005,0.632223281034925,-1.41907755500997,-0.337671533044287,-0.857000713587714,-0.918240634980039,0.670003034675231,-0.424946873926355,0.753933827574812,-0.476276039216002,0.754444798988515,0.038352648638128,-0.215746684786184,-1.32073431859934,0.123259969761573,-0.224774549199532,-0.294478536511867,0.528171929759419,0.302541445048501
gene662,-0.0783263759533193,-0.0016182111519341,0.2690534934659,-0.748785056271216,0.639750363714833,0.466914095513625,1.17072078915782,-1.10304270661066,-0.536800163114766,-0.38461646021964,0.0072715040897838,-0.229973656065674,-0.506369867985726,1.63210074356507,1.04242188117083,0.125310053547138,0.459135837922847,-0.521730979137167,0.318453693796264,-0.124948026595306,0.918413704454079,0.394995745997842,-0.52199477208871,1.58290050152174,-0.391567936838997,-0.254599326690949,-0.338110985800262,-1.43250634853611,-0.81242121371042,-0.158345376471325,-0.0338863454325145,0.658088583177738,-0.652642215950134,-0.0048184888581164,-0.679482437211376,1.05074288924901
gene663,0.410156937996367,-0.179649363736013,-0.440101302041514,-0.812309484153427,-0.218616265973406,0.477250233398052,0.0420180504736157,-0.206258383130005,-0.298228812730853,-0.214949848233354,0.193705632411205,-0.359320104445843,0.0291412188544477,-0.114227669056136,-0.744486008066549,1.24891032868309,0.220526072911067,-0.404522288926152,-0.665070341033901,-0.486561250734529,1.26506806699406,1.43462087905733,0.544231181462279,-0.41431864649282,0.0468245041786327,0.332180154697525,0.872096491866813,-0.449818734561061,1.54280671284313,0.357325632148955,-0.864108194406075,-0.0956665382408657,-0.157500656093582,0.511865138843982,0.669224487876661,-0.595705517069286
gene664,-0.670219177641738,0.216005237782094,-0.0246024209525389,-0.738544830322042,1.05853510588798,0.579434036170315,0.58613192260012,-0.150132618598516,-0.147254635736594,0.953795872828878,-0.303483698140492,-0.0565646895983133,0.255848759480251,1.43730533981675,0.0032708574712383,-0.354871401703733,-0.695513008739426,-1.72983026866309,0.186925272480782,0.199988233925264,1.16264629900456,0.590217706650386,0.028142992373907,0.728275956669932,0.274232010177821,-0.305971328853083,-0.875419831760839,0.144668795139103,-0.182428528518261,-1.31442687398037,0.764315763273958,0.646069502624085,0.510198975277119,0.664480631605678,0.352119434698629,0.462202004731148
gene665,-0.292438570690237,-0.177165776417412,0.362547182970797,0.176683409364243,-0.0243990281371265,-2.43163967167676,-0.710698610597817,-0.649149578657326,0.0854689196802547,0.271231044416873,1.23001819052499,1.03945071791413,-0.611308930941858,-0.327846212499187,1.66114322928473,-0.419284354780112,-0.495343549048513,-0.121285359057312,0.478228809842938,0.740795149452463,0.436147524517314,1.04508146711364,-0.157833470887205,0.632670746991332,0.0958443843775421,0.255513568023478,-0.740474982605184,-0.961477794589785,1.08133226204449,-0.478136603304595,0.633201218509619,0.858352274620864,-0.978262755860946,-0.380128731035101,-0.0537557818658615,-0.373590749845646
gene666,0.0918704544325803,0.673830742244425,0.296124842939359,-1.52226180086584,-0.413797916251579,0.463805184083087,-0.0720403384396671,-0.353706082345141,0.284137155819519,0.581309046149195,-0.440854543700304,1.48233806647304,-0.243529685786886,0.398033112345409,0.31512029766167,-0.240422603084566,0.509823482773962,-0.718214034605266,0.974191010676462,-0.228456354082395,0.409381828799156,-0.105408720039795,-0.570622737423824,-0.904981058061546,-0.446049563088341,0.302182370810112,0.0814933322098145,-0.961800747480793,-0.423377233511557,0.237430143998095,0.227898893198283,0.632397629244938,1.06018948407698,-0.757034210384736,-0.0615696911405114,-0.191103140162211
gene667,0.354276256310715,-0.396912464959187,0.201580013151654,-0.323979655603761,0.103566010032028,0.336384136272218,0.0996171250036409,0.394186826816458,-0.256733443362886,-0.5968767505288,-1.66966533019746,-0.27817655200227,0.283608028463656,-0.893516560258436,0.0022318439291624,0.548921074259853,-0.0500752458502155,0.78468114579986,0.571872524420527,-0.150494077824718,0.784767724503255,-0.3301575230279,-0.905990134560768,-2.29346321554081,0.247890987424244,0.258144838610053,0.310983067685692,-0.871981788997961,-0.384276461646963,-0.450494598675384,0.393010528827029,0.240359992776286,0.212998671893732,0.622407702966895,-0.312913614388129,0.221901465980086
gene668,0.718723808560281,-0.335967464945905,1.09181556392753,0.136960462631809,-0.302556515158262,-0.352054127959142,0.106286213705612,1.04970480795015,1.15887828335016,0.451994635235386,-0.548194891390486,0.99188445704712,0.073802126030638,0.720204710906759,-0.031485356288477,0.0456126317939394,1.33072073809269,-0.0364682701919097,0.697334553021176,1.10121960474094,-0.228860466949253,0.345280654965394,-0.417785291979783,0.545529934711294,0.846889313698103,0.879152529807521,-0.708984753897048,0.47767692935156,-1.11328580470122,1.48615921824437,-0.312070991966412,0.565636260278101,-0.629249922336236,-0.363932022755529,-1.02473587756136,-0.522405779702842
gene669,-0.0243357004838999,0.14537045000165,0.206147586453411,-0.572023852997523,-0.140040587933137,-0.345233167937758,0.707140067977234,0.321695014341597,0.0093841688984262,0.390272006364782,-0.498115820057078,-0.165591835769501,-1.69054955499522,0.340328695499441,-0.160846467277556,1.37687815549008,0.0784831697212258,-0.488086772339517,0.0381928713673781,0.259039824596314,-0.604001481065121,0.0403421044031363,-0.503860003245226,-0.626033303958753,-0.425394056872714,1.06897136672463,0.0083655256250741,-0.457762237886825,-0.21225357151845,0.93975560319817,0.38068460840614,-0.566428782834866,0.757439027390393,0.530342501665585,-0.092136120118772,0.0131220925099688
gene670,0.70993984445485,0.467106714778098,-1.60174448243277,1.21257808012002,0.53329390890122,-0.443778661882727,0.442221942878863,0.229136757056948,-0.731062329410444,-0.370552729829787,-0.262786305351217,-0.0027713557416755,0.39787139527937,0.0262153085817397,0.509194216311403,0.463265392554169,2.1057409027022,0.906369376364122,-0.121745349372937,-0.462060295157025,1.53132702376627,-0.687057310578666,0.873746120463875,1.78446928545161,1.83264388688934,-0.311360403952164,0.260106119634289,0.0354229666091254,-0.616011651190766,0.544894700306637,0.714397856787566,-0.63261498686934,0.668319867629268,0.112551373060206,0.0088065789222874,-0.431493517480113
gene671,-0.0881121986133919,-0.396850714987771,-0.890621755415019,0.0163233562684328,1.33475648850841,0.484068280345263,0.201667321510134,0.344705535883326,0.855340235621455,-0.238334238782961,0.331169962486243,-0.78539352017481,2.08261845574134,0.235539115852755,0.854704812082054,-0.956571518642885,0.77352315634481,-0.0089143493239507,-0.38504930154858,-0.328055580204095,0.194313201290829,0.631114587936564,-1.13169829588983,0.0183728424345081,0.548365670321789,-0.687640530816906,0.858212463033558,-0.169658499378087,0.314347831972527,0.625414264461698,0.704437152132772,0.312729504751003,-0.451791501200281,-0.135406447191082,0.116653954673597,1.84322858384003
gene672,0.827052448100224,-0.357435157124857,0.364836892257571,-0.853242121733801,-1.01392883376097,-1.51882676576833,0.276909103684489,0.934917907057353,-0.488280941260916,0.575761243503617,-0.891231824880865,-0.360519415723193,-1.43125043040611,0.343252686839325,-1.9537136938025,-0.904559551916779,0.0145363499887449,0.628206732652903,0.668742836019898,-0.408524960067692,0.784652579166218,1.18587863835921,0.522574723112158,-0.0982334157010888,-0.291702384696347,-0.990780939854345,1.04746495101447,0.15169229279619,-0.424089277659594,-0.0284179659788499,-1.57345364937711,0.502964350703513,-0.700408034440224,0.955481186177135,1.08561395336537,-0.225892407262702
gene673,0.467167320206171,-0.126011363374823,-0.063154429453271,-0.252275394062041,-1.18127822363057,-0.257665864128077,-0.547384047673543,0.977731766062317,0.295709282423272,-0.381666402759269,0.620131437601647,-0.400720568680704,-0.353074738792811,-0.731645185802039,0.399402381258985,0.734934959594389,-0.96487248638792,-0.223938743509388,-2.36988315020866,0.382411472393569,-0.0697008464640793,-0.131208739622095,0.224545357126781,-0.791074410697029,-0.121627851694587,0.836276558555365,-0.225158353262238,-0.299979694570271,-0.482733718682008,1.36350335144766,-0.345062167744097,-0.3105056425249,-0.278957633446182,-1.01587573006161,1.21002842508654,-1.32600558678836
gene674,0.990738487464532,-1.01468336390092,0.514278719763129,-0.0361190074043093,-0.156737216009048,0.916617515428183,0.301289303826867,0.288635878107513,-0.411721431418393,-0.607672133122365,-0.0359882729088241,1.51080469727606,0.0736284685028439,0.466111701102683,0.23844763404555,-0.357369050073169,-0.931731110910873,-0.230369133572541,-0.321151806878385,0.351139559200361,-0.656002295469971,1.48353581394607,-0.246397641978269,1.17225938147225,-0.34543606426398,0.296945022669778,0.0359382359498665,-0.515765121228916,-0.125156965739051,0.182160497919653,-0.186145622174636,0.0975709564639489,-0.651098298864954,0.44921013388451,-0.466887049878172,0.995197195711955
gene675,0.0321948114135792,0.728640557662191,1.83961771701291,0.878772028589009,-0.577305171648886,-0.700368538852061,0.203058978784488,0.0186762068071047,-0.0237836791596661,-1.05132029359421,0.431271489457062,0.697551318545113,1.19118906314598,1.063476237102,-0.297154460380794,-0.646992151195404,0.574445678467986,2.09374476302522,-0.678307849238897,-0.822867186235921,-0.437712991829641,-0.678029541274096,-0.474007158578603,-0.212315728977674,0.559413123208543,-1.51753455517226,-0.465029486524421,0.220491742023131,-0.116557023726171,0.466698927660934,-0.458358538998806,-0.593522345064774,-0.943032235901195,1.30274293080959,1.01090950038729,-0.684671727840103
gene676,0.332938298538343,0.905231714613795,1.36133892498406,0.380055020218664,-0.217163832541667,0.746123308768552,0.236536618642376,0.529031655458644,-0.352413927384413,-1.20057782635134,-1.14764515683551,-0.907207181333392,-0.710691632274721,-0.212394187766042,1.26627497642988,1.10137054851454,-1.08918370471824,-0.170108260029925,-0.347158213105121,-0.295106153291838,-0.210785223277289,-0.272902968493505,-0.350849754421557,0.358300340003069,0.553270892552412,0.0158386579392616,0.192443781551899,0.574132780826501,-1.25851557361075,1.22141870334953,-0.785167550331582,0.138008790091425,-0.356573962169297,0.45087904242492,0.690589586591067,-0.234967729994209
gene677,0.190515499507016,-0.415893534606256,-0.0662961386737791,-0.665668317529747,0.021061134109683,-0.116895155247058,-0.547380864810338,-0.677908296649712,-0.249008109865339,-1.04721109141002,-0.075114521436622,0.0772628688572273,0.299109937089761,0.393337653852775,0.0809742036894125,0.715813979458671,-0.717277894340166,-0.197711848444465,-0.465277354946553,0.199686643073005,-0.5271292009332,0.0831855026466341,-0.384844967535581,-0.251358247089999,-0.0062220606225028,1.42410181015904,0.270797040655223,1.0611424223824,-0.879022121682819,1.95163818848445,-0.518159508356589,-0.980143884178221,-0.319824271551446,1.14684898426619,-0.813510977350041,-0.0917241104869652
gene678,0.447294111389606,-0.494772967848192,0.0827028478368877,0.112417239068337,-0.969601513325365,-0.393362955616607,0.33350493423324,1.09690810567813,-1.57634894910222,0.916103525169846,-0.736046672068755,0.859313316381862,1.24259290309809,-0.540636222871488,-0.756722543682448,0.746482085164081,-0.251649767707938,0.664672075773855,-0.320467077407451,-1.4626824367227,1.91672911314772,0.262818936313468,-0.492764520892059,0.488170807440862,-0.0718198900062781,0.234387539327318,-0.0158503199908781,0.439641289575898,1.08466043712263,-0.0509989390455642,0.17626625035014,-0.428079599352118,0.688640426013641,0.757623008595544,0.0281886834519468,0.652333829216259
gene679,0.0167719837583093,-0.475412185854303,-0.0281606568214607,0.317784154781509,-0.628132525658159,-0.003734268846611,0.276990359982172,0.594081282170167,0.358802527268633,-0.251895499668492,-0.0958404469713384,-0.324938032283691,-0.183572984791028,1.76671584537885,-1.58332576072735,0.352265466988721,-0.658958965806672,0.588949382209899,0.42106702517659,-0.57616796318787,-0.0012469038053049,-0.199450483183679,0.0659786390183081,0.169095314696877,-1.76575593362478,0.737021498823947,0.0905892382720487,-0.662263384558016,-0.0404610425635658,1.19283241619024,1.20275235817298,0.387957303518448,0.453340293737091,0.699565061621779,-0.23018652866981,0.179589859072256
gene680,-0.595530063081743,-0.0643633117108323,-0.183395092650997,0.106110729129071,1.09542728250791,0.127478785063484,0.565267772913302,-0.719214985767171,0.590855714690656,-1.10828931998378,1.0567580082598,-0.249501246473579,-0.67047390526412,-0.0560936593371943,0.952102285204745,1.42279396810047,0.372272327302043,0.919106425325785,-1.41856980948179,0.218521254070346,0.158288409936658,0.370817042364438,0.1166664115188,-0.74426873116112,-0.864365660462799,0.980448336283925,0.936613801677344,0.797808869825203,2.44579211092955,0.929035008292969,0.108962257833215,-0.776389062078883,-0.577087649825312,0.0552528159264044,0.266353824680988,-0.941443939098088
gene681,-0.425537430407905,0.884255048208967,0.466664065270711,1.15972971431648,-0.045321153401353,-0.362227834739105,0.798434071951149,0.447642101873202,-0.333001519743316,-0.0789358007188626,1.63747555967379,-0.940488750688202,-0.313974176320148,-0.309412236209685,0.413754370895648,-0.611718855234339,-0.0166190295488491,0.123840904711533,-0.0433166992951842,0.584726882313822,-0.649460070173817,-0.0265868689992194,0.270227721870466,0.613039575307094,-1.06787418568441,1.14124089410124,0.0179861876133175,1.88046234667376,1.03419855137614,0.024774186547092,1.56923511778688,1.7827307488598,-1.2354604471356,0.0967045944745883,0.676634894533496,-1.36888252102431
gene682,0.497357299235472,0.766507848036607,-0.718176018116709,-0.0562654118147619,1.77570024689782,-1.168863630321,-0.0986727819864362,-0.571349774039373,0.463897364575305,0.241464755575042,-0.72515236071853,0.0589654509185319,0.438790236571297,0.0169083006147482,0.261142570315991,1.21761318445399,0.455875089688366,-1.64164884803332,-0.0812739528601552,0.256913107775758,-0.885524209720406,-0.952706982642695,0.475983257554802,0.261874451162374,0.377545832598436,-0.0554645770572192,0.28233842787956,1.68675449607473,-0.135894093732548,-1.13003990512965,0.641345296909432,0.504724117009436,-0.215939977239581,1.35344639963667,0.375433527815511,0.354467592678022
gene683,-0.10088024216918,-0.248073620718618,0.401016455039439,0.365318016750134,0.339670771897845,0.932029893017212,-1.51798369717363,-0.585352392343826,-0.571341384778508,-0.0622358337310638,1.39688224069762,-1.05054940672818,-0.226499008052612,0.599249170194452,-0.365706960495604,1.53783770223388,0.227091842375375,-0.203344244654716,1.45614087830529,0.275039891052224,-0.462531862867632,-1.31442725607844,0.0769219409582548,-0.822619580914354,-0.0954158013760337,0.611274438560323,-0.88748521288799,-0.798006177945256,0.0502138329901686,-0.111794173377376,-0.361723345460749,-2.07231247164752,0.192247079819262,-0.694335694135585,0.127948157487701,0.678227553751662
gene684,0.626468794694488,0.512489240076569,2.4658124052071,-0.728111498325421,1.82372591994255,0.564579821303113,-0.201586113336828,-0.403675129395397,0.614180832765218,0.345915360721522,0.573356739377316,0.264355742251189,-0.393319526449366,-0.757078719907092,0.471397719561324,-0.997364493510603,0.558671497813587,-0.647372602661352,-0.740745760665902,-0.55785523848617,0.340579007846882,0.425776767727458,0.498586961013535,-0.195781144065811,0.833785873173473,0.755659569588159,-0.82316435125757,-0.751385059286813,-0.623438575279906,1.32715026633931,-1.55166828452614,0.427917772148079,-0.340314513191067,-0.992964991067483,0.659087378758657,0.540094122077128
gene685,-0.0734216960110726,0.66832218662521,0.851886821459083,-0.257172111556962,0.0371877739196064,1.36211291898912,-0.577608560690697,-0.155279914851741,-0.260844166026615,-0.150087791829291,-2.53621709276369,0.330303135830972,-0.242333398878299,-0.0331906262301129,-0.25195234081012,0.799968135317232,-0.0042924173757173,-0.615593949620303,0.928905270252073,0.390230974925481,0.0165499236969568,1.55669395231253,0.261914186158817,-0.470669735394119,-0.0994344546410793,0.930586828840875,0.333745644420027,0.113739208210813,-1.03803639401885,-0.476152328773462,-0.657199734519161,-0.0571858928841985,-0.214642447687032,-0.578354181010166,-0.116672131613665,0.957197368720687
gene686,0.580050403509327,-0.792638289774466,-1.01385769697596,1.20961231205809,-0.399125946194002,0.502739165828011,-0.373121343121178,0.233983542325991,-0.0704720912310943,-0.13416327403844,1.38170121774702,0.465275517474002,0.300822880363161,-0.632413876354817,-0.0232607606815321,-0.405816306741139,-1.18858444306562,1.15321006046803,0.303007762901402,0.205764361008284,-0.620068298099606,1.06286536596142,-0.795419512503458,-1.28281243644762,0.830746158600146,0.0705747476030658,-0.676897799928969,0.134562904940431,-0.58601699521193,-0.22879573435115,-0.696662628859712,0.182233354719444,-0.300905514300311,-0.685916246317986,-0.475632624411236,-0.362449247388771
gene687,-0.15842134620777,0.186436473632518,1.13201476721532,-0.19075863966825,-0.641127476984328,-0.695087253890748,-0.330532861037055,-1.12575185195084,0.139032178326417,-0.439226449043261,0.826803868892383,-0.752253452780874,-0.689617138978928,-0.007576717587865,2.35406978002695,-0.645794687227254,-0.783342532282619,0.143485385115036,-0.236947584566162,-0.274191205585141,-1.20159710946917,1.11728203912022,-0.873636500253836,0.365909348643612,-0.0073717872419944,0.306850636636182,-0.374022779897061,-0.945118286111149,0.580184152692296,1.14534501436506,-0.904919741329655,0.0757299903578413,0.64229808265763,-0.65108088784475,0.782544140810009,0.711691878239249
gene688,-0.287637809282395,-0.156249548919987,-0.254423497563564,-0.0357906239568677,0.195742532665898,0.514729841693118,0.0374641879618955,0.371893277452159,-0.115280267536999,0.14655628805281,-0.0108808100375315,-0.305653286752761,0.654604527799955,-0.232668633367512,-0.0004873457413631,0.619962872139778,-0.253131460814059,0.751963873724369,0.464540039658823,0.456118725226008,0.670340456639786,-0.121070864594056,-0.363295264346309,0.507512459624099,0.75426166773558,-0.785656611406881,0.378169667984702,-0.513293830175561,-0.203813877607105,-0.239226293098331,-0.0212230674917175,-0.371360617227154,1.14038476486149,-1.20355654417097,0.307498390385832,0.0795938209413125
gene689,0.277859168231114,-3.02556099720519,-0.283939543974946,-0.836268604586667,0.854192859631854,0.196478357236839,-0.380150142581897,0.58149012101602,-0.739839412017802,-0.916279363210297,0.634900012949682,-1.03833283143595,-0.586699689555596,-0.244116544329729,0.0707308402584916,-0.576753018158603,0.270361450650209,-1.28589164206181,1.22899538408573,0.143730214979727,-1.11931820188623,0.40575320097542,-1.11351028635738,0.440442558488054,-0.120899319507808,1.15434100862226,0.0483045837653397,0.205150221939204,0.700103070196207,-1.31607634849173,-0.936801902762943,-0.452501439888648,0.625950051157842,0.28035393391267,-0.444534846521829,0.266195326611548
gene690,-0.88328632814905,-0.375142600707492,0.530592994596763,-1.38375436745401,0.24262941453895,-0.587718445745465,-0.566749977119918,0.0613980570967258,1.66970400997742,0.555458178520977,-0.600856141346418,-0.886478488032134,0.544989315759831,-0.520351036408133,-0.237604295762396,-0.484511271533257,0.342858602817938,0.585845093767329,1.12170006696955,-0.154548963338204,0.0654195601556875,-0.16082743304992,0.758613776222255,0.392236330294971,0.308237104028635,0.767659273655431,-0.0062354022770089,0.427848149860354,-0.505523408718181,-0.335718185261939,-0.390778520603177,-0.0342156562527741,-0.907405715770467,0.869789528030599,0.322626542158702,-0.407657562318082
gene691,0.180072714278082,-2.32662586498901,-0.937388751311414,0.0379488179220509,-0.533496243297229,0.0294574714595326,0.149413518948639,-0.0686185010317057,-0.205680883538036,1.17181739589336,-1.08806256710287,0.870622099374044,0.141682716039973,-0.0020909947670537,0.190165431519186,0.23147434356308,-0.778879154613108,1.50634690008834,1.21689501195769,-0.524241299406964,0.974963045884674,-0.0662998129123368,-0.199279489290406,1.37630774210033,-0.640441041296773,-0.432537031506785,1.25381703553561,0.0657855324272443,-0.598695777826846,-1.82225002340551,-0.304248612932761,1.17236789367493,0.472844217493203,1.66890014798168,-0.29906728148603,-0.315070091146727
gene692,0.525785944520776,-0.483786560052796,-0.920228687926726,-1.57172274694923,0.17058742133261,-0.853244514933991,-0.0869475339767088,0.368662198398167,-0.324716932448539,-0.360250871152986,0.124567853661695,-1.32919792858584,-1.01538557661152,0.262600660004691,-0.886679110366307,-1.13363379803857,-0.441177229599352,-0.593652180118263,2.32646094288174,0.154208779509466,-0.468535118047825,1.00504275126557,-0.818886111005547,-0.435228079822502,1.30491173291263,-0.264082581949216,-0.9200577958836,0.183192257168959,-0.484260922022761,-0.990975323590759,0.473410111455297,-0.122080922295546,1.00717297063373,-2.11496295263134,0.0477569054427675,-0.191798544693451
gene693,-0.0273411300867317,0.181115135351345,-1.29414870030071,0.808140289596426,1.2664291491728,-1.27597664712458,-0.0417905973637268,-0.502847174912478,0.209041389220113,-0.115373533472375,-0.261462930457118,-1.2253425573037,0.479888169239811,1.11417477975494,-1.29918494544237,0.55459839735525,0.850280504019256,1.50054212015623,-0.204451843318234,0.177108856648316,-0.551470563293269,0.412079560663869,0.147171460196106,-0.221365041418023,0.787044896456035,0.252318105661705,-0.264627142031636,0.0469072216652731,0.273690834018403,0.347004857122735,0.148984438900244,-0.207094982667625,-0.223782047164702,0.313248226629144,0.240103868288904,1.77028719806617
gene694,0.45696083207867,0.162212905350862,-0.796994698295209,1.43461404817367,0.328110086743618,-0.71360452672163,-0.434041518914483,0.175455581287374,0.448538159960061,-1.80648126133515,-0.137044092200351,0.260185988482823,-0.628975261930379,-0.272434467374029,0.304489854506146,-0.0113419429515417,-0.674381967476993,0.105646383043524,1.04398256718466,0.0603617503364104,0.120137394138589,-0.39989287220904,-0.675151456013301,0.292179705873169,0.34455002768694,-0.842938814311476,-0.52387611252778,0.999451972061445,0.0639140656644775,0.383491281109641,-0.588518348442089,-0.426904033696214,0.769505907484371,0.269278569737541,1.03419880239838,0.582235160125865
gene695,-0.0679105270511074,0.0400100903412044,-0.0740145727765211,0.77760555375724,0.738579832434784,1.00047757845613,0.849279739538781,-0.0600180144736998,0.696439148562243,-0.0405492036247791,-0.261802307727155,0.124405172735244,0.586043570254163,-0.767335530130448,0.327835185062385,-0.634056041588256,-0.0899400172740103,0.747551050526424,1.23269882458273,0.144077301152752,-0.161331609905359,-1.01728138550884,-0.864695873861529,0.135840833474437,0.0888921786284822,1.22722880163688,-0.339861333974289,-0.887154665515915,1.75019356202822,-0.747302120987814,1.12746100582658,-0.59632145177259,0.128392677838516,-0.376267431086954,0.108613540847098,1.07456561506822
gene696,0.292841430333595,-0.444012913668742,-0.475973407663725,-2.43236039329791,1.02236857349847,0.150614889939337,0.305350400264882,-1.02715801104341,0.0819940678033916,-1.17366260185388,0.440219019652681,0.149913311352139,0.589720315340474,-0.652747662824715,-0.603745815131164,1.19173048103264,-0.705491474185465,0.0566376697738354,-0.131190412827577,-0.0147190715368437,-0.560838524965303,-0.122261381533216,0.162954679560061,-0.528234250734993,-1.35308884495419,0.150178720254219,0.345080963679419,-0.390636705453279,1.12716042729215,1.02153661244633,-0.78642194748712,-1.84661710156144,-0.467033973561626,0.0198038093576684,-1.03899944960624,0.192118188150468
gene697,1.43554202883376,-0.101808874011635,0.452843946714926,-0.560012581378107,-0.0253758439176833,-0.300344027518705,-0.11507635159107,-0.420129793865616,-0.517178559161836,-0.20050621692048,-0.0057545460698705,-0.90358399730613,-0.491001805174108,0.840149304445637,0.0666583274416758,0.699371917628936,0.725877947658492,0.213228484354348,0.0209923915019965,0.42460698844744,1.99383834616499,0.116759112303043,-0.19935472954386,-0.865437977087916,0.820250812481748,0.46008633817298,0.286970204665532,-0.690655542345439,0.4387485536242,-0.0614593530119045,1.86735074546601,0.450926069242268,0.301982332471362,-1.21422702944012,-0.451720485701591,-0.910570911201334
gene698,-0.106060262957963,-0.368725112680234,0.165528520803124,-0.305429295286889,0.380413808464802,-0.478845630117828,0.0902876536325737,-0.0662077251652788,-0.817362202847312,-0.675744837507622,-0.452649549206313,0.837932590021785,-0.312304972104754,-0.132722115280017,0.0553197098066432,1.05792409083461,0.973177182078679,-0.020741121628295,1.88333610170313,-1.30079859423598,0.455831138366419,0.108655304179302,0.882435781876385,0.397098696835594,0.001531364641422,-0.33525090724582,-1.36728571411162,-0.750217973737459,-0.531912067544751,0.325726163495785,0.372119583884174,-0.109759400056179,0.334678553580964,-0.260937094300103,0.0125077299091178,-1.17970131268703
gene699,-1.02718110900705,0.0173387344318592,-0.939545981571682,-0.202688178633127,0.996469303646646,-0.434575891445207,-0.563302561886206,0.487087244248157,0.488311145710028,0.87546491578421,1.81626873621343,-0.604302499202129,-0.149174261965328,-0.918760783873405,2.01233790211526,1.20160711575896,0.384452108415552,-1.14148616976889,1.98922659914165,0.0351961586815027,0.61894740645389,-0.567571182338916,-0.135211336949703,-0.0470782115917871,0.752398222392078,0.463563930433508,-0.16528439802616,-1.11104031851136,0.351236383121783,-0.114502192873856,0.219506512583726,1.2515632393407,1.55329524219312,0.0569342826787973,0.357748963139192,0.955975986415263
gene700,-0.763198872818818,1.06085179461448,-0.625208171646164,0.791953869980535,-0.981069265718045,-0.2788555027018,0.741138548132385,0.271879374268642,-2.43455647217574,-0.517225267083443,0.387161068703196,0.0900356080472861,-0.291274049442142,-0.135213473171769,-0.588131633739355,0.282258207176652,0.548000685522439,-0.82062979453636,-0.145040398403143,0.716782505147592,0.869199909045302,1.91717877873454,-0.207466094246276,0.684499912848421,-0.326818194927841,2.02737969080366,0.108865311836048,-0.518563125686867,2.05964588051374,0.115600548984539,0.0635374382595938,-0.428702469846735,-0.529826962441265,0.644947256002846,0.630372193048005,-0.0378380029163271
gene701,0.461586513729952,-0.0113092187924652,-0.875418057247095,0.467638893067827,-0.547241430137884,-1.07381657523954,-0.559206615861662,-1.24941035334701,0.935112952128541,-1.10654353019397,-1.07116293835858,1.37015987476371,0.533196815012749,-0.513601161654449,-0.743355527568285,0.982594845438094,0.96415198485582,0.150345547738623,-0.148736128232751,-0.40152996536782,-0.0251781277880152,-0.199728557949489,0.431806065092755,0.570993880794938,1.32170777609378,1.96660441736882,-0.566779213136181,0.266235131766682,-0.854809569383911,0.312859464024173,0.842438692546056,0.471100964296006,0.864964558096457,0.811929122295281,0.974252682014017,-0.188804940683566
gene702,-0.236778137456078,0.337242291122685,-0.375678336447345,-0.595585891043539,1.9847947231152,-0.739909972170606,0.100909725980207,0.296949903969197,0.380124250809552,0.380138586385902,-1.29647886907184,0.342083808851717,0.0390375897727688,-0.241267440272817,0.514971364824132,0.552411486054302,-0.183161038985196,0.773978716171823,-0.329300790309048,-0.158960760172538,-0.479668701768356,0.412822024431654,-1.09338342916031,0.26030076316718,-1.1217187955392,-0.438644386455055,0.334135149443022,-0.450390823188465,-0.739402652413146,-0.10505851430042,0.669215789329714,-0.0586947359359862,-0.904178801716992,-0.0497456639886647,0.394717153959733,0.437252720924415
gene703,-0.298360512905725,-0.190723643640212,0.83807702902013,-0.483281313442331,-1.82863650971608,1.40571172786854,-0.121286221873686,0.103379618347424,-0.853066556143221,-2.07278845518063,-0.0720671625920272,0.28414805414058,-1.55581009289509,0.0039358814678047,0.997153431852191,0.509779112130706,0.15588998522988,0.109616249793041,1.11058803979447,-1.59159535306276,-0.986660332357881,-0.285338999851354,0.232919642046894,-0.576225202648112,-0.768858641552248,0.74893338254268,0.319627197345019,0.300113540260488,-0.420763445448615,0.352757204297686,0.75571705475703,0.371154630988005,0.822394802600206,-0.344152262996611,-0.210896420580609,0.922983319552631
gene704,-0.759139490166237,0.202117095179572,-0.0630047046675354,0.371335902768435,1.38918740908419,0.319287557857794,-0.247077051809454,-0.410136647459722,-0.21769478492294,1.71669007970876,-0.821583756639666,-1.70208552799366,0.375031380785583,1.3546779582919,0.704073106917221,-0.115157362214853,-0.722051947065307,0.166752811338646,1.48944129715689,0.405037163688601,0.577969138688391,0.368915014097703,0.624456883099111,0.0964088439543123,-1.04806835229009,-0.25855780267147,1.39360371764543,0.153298733644418,0.641120712348659,0.343721629902653,-1.21338262733763,-0.536212528623928,-0.577295544186272,0.0133352785181466,0.158028953706862,0.988807868946912
gene705,0.0670257191553748,0.381296108923612,0.313568557442011,0.510273548305574,-0.591228082339031,1.57378838547048,-0.0277459878442377,-0.884688153821099,1.08211460366877,-0.18442702699591,-0.444734823344537,-0.158643562516611,-0.487646946810751,1.31922699387217,-0.224745625611401,0.29774996616019,0.666040573168662,-0.599465836926939,-1.58147343601081,0.0319074433821889,-0.313194033696335,-0.32985829974569,-1.27340035619691,0.0118188304309606,0.718980390399016,1.19457986296513,0.198730902202774,1.4430767848109,2.0463195534043,-0.081208404886598,0.457947030517303,-0.05264201287614,-0.32497941634283,-0.188244324788785,0.274701724646254,-0.433079118344892
gene706,-0.993084508277415,-0.057841504831939,0.195696807638992,-0.710164324306209,0.932434127386629,0.601440440146729,0.586669139125424,-0.999532893161935,-1.04810895728486,-1.67688033118549,0.631654287919948,-0.208790288633098,0.0209554398442999,-0.610839752763339,0.648281066028189,-0.039579720805167,-0.814697904586886,1.04421856454958,-0.352617172026038,-0.043993927377335,0.921350464634716,-0.394109288376027,0.659834845278112,0.141299504524372,0.463100710818503,-0.564708720252509,-0.748895111577976,-0.798245802352486,-0.33032433287405,-0.783426158936447,-1.2189897755286,0.502423020401397,-0.417147754620787,0.628193642234817,1.58673794840469,0.105841807472175
gene707,-0.80963246072609,-0.75776359251994,-0.271075395869829,0.0964037051376879,-0.557094125060148,0.818953668196391,-0.562983987638261,-0.526621958470258,0.221485932571873,-1.12571432476334,1.01966714934393,-0.290128839894792,0.651188476173624,1.03280970012204,-0.380359323657781,0.128598504354134,1.23354113285477,-0.939551768148248,-0.354864295549417,-0.38188772967464,-0.924847646687274,0.383967581736018,0.0504355973467357,-1.60041400910644,0.354843833934944,-0.763391563634502,-0.5947515151181,1.81670628639884,0.507277575134534,-0.621998222471445,-0.387467304360926,-0.908667435996431,0.411070979400829,0.604875341037252,-0.259079222087625,-0.0569814438956397
gene708,-0.198310010469705,-0.491597565767431,-0.344033088075814,-0.330995969489525,-0.448649856290694,0.103452702560835,0.518879523566868,0.11324809433622,1.16950599255551,0.985587645605408,-0.837914264078723,-0.68805444434787,0.246669009548697,-0.319741298487736,0.345518345516795,-1.06172422728485,-0.183103059592705,0.48985531417221,-2.1485056005362,-0.867210663404184,-0.162045311575539,-0.705400412649841,2.09860537888045,-0.591475796984098,-0.661858231508075,0.231453195552029,-0.483216317550444,-0.461457984582588,-0.0444184231220877,-0.394767986876028,-0.461198139503891,0.783529512824219,-0.145895214650777,0.636388204025665,0.430619238740098,-0.534387490096583
gene709,1.79823629237955,-0.418997050568002,0.163969510923599,-1.10417971807521,0.800081431330366,-0.051810680870396,0.755684134076204,1.02264135433874,1.03787358773125,-0.823550384671795,0.0156174730969335,-0.346501100045933,0.051827971380001,-0.923687952211016,0.543323530011604,-0.538012053136539,0.563934338121398,-0.0187871750938372,-0.314396320588678,-0.113176607474109,-1.18060458251019,0.474229864399408,-0.569961098432,0.328422918721606,-0.228923125085377,1.30323627995387,0.281399659725602,-0.358298798195199,-0.162097136172692,-0.328143026597258,0.874991841315968,-0.285917684570744,-1.62120254724061,-0.245039115862437,-0.182327772529407,-0.916312139866321
gene710,-0.477260031684245,0.47157842520292,1.21443432519364,1.20107024482097,-0.240187713933747,0.584021284931499,0.509363106998403,0.176482541868741,-0.33041101389023,0.412415996704298,1.07331671759877,-0.983983051600633,-1.07768952415645,0.6635935950524,-1.98693543001325,1.02182327631091,-1.102687911551,-0.932264943789106,-0.429920192488716,-0.303405508326903,1.3948530296503,-0.138499477071635,0.304347085715853,1.18299109899775,0.297216351323833,-0.310672528686664,-0.147677737819086,-0.22594399700374,0.528238893195557,-2.70525698878119,1.70328276189385,-0.270382036561438,1.74712795453373,-0.121194850036933,-0.688818769714049,-0.610409807601142
gene711,-3.72502437781562,1.42737147403137,0.293047799506196,1.37477413571547,-0.255066029085454,0.739423122898124,-0.162326852585124,0.975815021727411,0.351230438482557,0.284642037816899,0.433546978426255,0.649463759428866,-0.225513155750515,1.07530031272229,-0.873038470595282,-0.779297674099168,-0.0945116245518938,-0.31712692478136,-0.408875328823213,-1.04172217919041,-0.91486876316868,-0.672430779034782,-0.33006530609759,0.639847586043951,0.505070282864862,-0.80144861947098,0.0299489703261459,-0.530791629303063,0.511080160430227,0.126810585302355,0.217048913489754,0.363022965350016,0.5061021872882,-0.380587355448147,-0.298823218489847,-0.275510309046987
gene712,-0.565475028923405,0.223948041917323,-0.855030698215768,1.47937245866851,-0.236262073528289,0.796491133318828,-0.869341546890704,-1.24997266437221,-0.592411804304419,0.452516478549678,0.548796501598899,0.107119820140751,-0.84086767894741,1.28957159625866,-0.383326389611604,0.45642700159945,-0.69963489384877,0.179642566084023,0.245893149159057,0.0663512909260887,-0.372672936216537,0.773432659573167,-0.458014264841714,0.403338331782201,-0.219395109222604,1.48761917847108,0.594401169138638,-0.308921189504027,0.0640653261728577,-1.11296777649087,-0.677418273856371,-0.689903754676931,0.0883202163699977,-0.016094609052639,0.869511162916071,-0.375703800966475
gene713,0.480068314046588,-1.05834344938088,1.68095704478493,-0.0682842385911307,-0.612325217427359,-0.440498851920657,0.499086418481625,-0.0474316020467209,0.360652686744937,-0.286637526262303,1.00638488062723,0.398789684012067,-0.0279854273533375,0.765591266133979,0.136816601346087,0.86219511346949,-1.37602717967086,0.0725683983776046,-0.421625728833997,-0.120229527456369,1.24874763072364,0.494412833920406,0.429878648620193,0.11306913760487,0.922755908345183,-0.65236412067073,-1.24964467255808,0.576120131213466,0.45704814990453,-1.35273573975435,-0.910011722971485,0.436606937178085,0.0197428689448086,-0.560530699496302,0.52695673670667,0.74944664013498
gene714,-0.111210825379769,0.251885329034387,0.923881014290417,0.100932712611838,-0.795804689970861,-0.205934972289727,0.517602367759137,0.0606167476662042,0.109233175432416,-0.284952026094084,-1.3593065545404,0.252299924269261,-1.08235269110187,-1.04794373386017,-1.29791979131395,0.143951985765852,0.0144326554962631,-0.213501993606808,0.642504246137482,-1.19076404435167,1.11555073355542,-0.632527742429893,-0.260447921448704,0.675331228426803,0.103977459634055,-0.0383927106653409,-0.155285448106869,-0.522070286275017,-1.69565101425311,-0.474941367192955,0.646910847712698,0.48643427156564,-1.00449771298104,0.674110751019265,0.354748966565128,0.654538355518595
gene715,0.340967851739244,-0.106421689171147,0.800777412212452,-0.675259783834249,-0.106182737391352,0.532629507483578,2.10646499318999,-0.0993045007563564,-0.125325793856359,-0.314657284979536,-0.0117007016511708,0.527966720505056,-0.587139182495707,0.0948518209893785,0.473296339404627,-0.574180589383102,-0.274875883433881,-0.856953143904105,-0.0128989016203979,-0.06495272058308,0.0599466597503538,0.755781946930613,0.0060832826650315,0.589047868926244,-0.722446731973028,0.199513600798515,0.286565810721636,-0.246331359791886,-0.512673742590907,-1.18620338335611,-1.06019525438993,-0.102868864150079,1.07998170823053,-0.453648242570653,0.0332579783965211,1.01096449409604
gene716,0.520466315658864,-0.821090792953649,-2.01314963305735,0.535085316351075,-1.25627042705334,-0.590516393777988,1.08370733482044,1.39079493121196,0.436185174604109,0.141438410467876,1.36897500287725,-0.77705658663512,-0.179267886017997,0.916248376301321,-0.0159162132766763,0.980610301759926,0.0720493885235043,-1.61522887316799,1.32652560379037,-0.789742161164483,0.721473265288139,-0.109328729756037,1.32078487881853,0.0762218627748035,0.86784630390587,-1.72561919714699,-0.446822828496619,-0.55089666040638,1.53568187208257,-0.623038057421172,-0.412700605307625,-0.491899196216557,-0.977224838015385,-0.456667192445862,-0.331487810988316,0.601274880697457
gene717,-0.32588738729147,-0.120358789711554,0.359311255919575,-1.79847613530773,1.47104648380309,-0.421901587986378,0.823642396628192,0.43648878445121,-1.16034917578953,1.40578159726505,-0.80853286678191,-0.285728355956929,-0.0641006033648214,0.396399157801712,-0.456139048314322,0.0011708469654644,-0.5043273054282,0.0140153491277717,-0.327032333706498,-0.0938292669902028,0.736492911806692,0.117572708547809,1.51478099587551,-0.811718672434821,-0.54427555403248,-0.818129156529679,-0.433654263802718,0.510905032893586,0.496995885476712,-0.78350522457386,0.214927751292763,-0.196714258109273,-0.395621702417939,0.665457473280424,0.614065139140072,-1.31688210994593
gene718,1.31584081315004,-0.74496486165488,0.277471022838082,-0.408428339274393,-0.962434500230966,1.20821627885959,0.0854582839089323,-0.745041211938111,-0.859958273216145,0.487015994794101,-0.368777207625911,0.242622303976444,0.936687133919073,0.883702963828101,-0.188084025018717,-1.26051892985272,0.552535462379402,0.294776273168688,-0.0473770377934137,0.704841168180763,0.0630675046534835,-0.155660339810509,1.17784099314699,-0.19383612169019,0.392553990332966,0.0473244750775907,-0.553901984390311,0.258437711230519,-0.177744058639136,0.824387340237505,-0.352585809403522,0.620425696591494,0.28761699987434,-0.36759239765346,-0.148837418559083,0.250069120774617
gene719,0.0638875697466268,0.0855576914090935,0.482794096167091,-0.63461144015274,-0.301395263655132,-1.23785586244266,-0.487318408045878,-0.607351588349141,-0.822347735862119,0.0178416530923023,-0.167724392298702,-0.925302373127455,1.26521178976196,1.26615936473452,-0.375562509964455,0.172839626849321,2.97040747989235,0.537536005683064,0.30133406907803,0.819470866299258,0.992992748266923,-0.117590905639967,0.726479877881187,0.322670120150167,-0.24432532525079,-0.0395254631790879,0.20640490833812,0.76420090026425,0.035151523320029,-0.231581008087135,-0.5449081724723,-0.471885405413673,0.0966637011179613,0.368661907121142,-1.10308095943134,0.293731748046519
gene720,-0.166677691344265,0.179458769453299,0.0844180031257752,-0.279703832475226,-0.052973045287603,1.14043612415646,0.0045483324172719,0.783433271796228,-0.587546158331355,2.01117694135237,-0.709631977453798,-0.234676350284897,0.346465302104331,-0.165320498254943,0.862792875484387,-2.1125936694956,-0.421969998217281,1.49724102067232,0.138218923149633,-0.250356981974995,0.258809085977778,0.50541777498346,-0.957605592940203,1.87629082177554,-0.471247284119673,-0.917398289425971,-0.30950632678027,-1.16350960246222,-0.211767957935422,-0.96669103161021,0.23430067847991,0.660151201033264,0.63946868323068,-0.111391865771087,0.293129815323755,-0.208258501743346
gene721,-0.304084557198863,0.212950746731238,0.261966054687713,0.683804314482823,0.565484678374397,-0.0060427804837566,-0.396305733872518,1.14798758972197,1.65575900163126,0.472122125232555,-0.953703185710146,-1.41712143387332,0.10981371717171,-0.590604270597779,1.3163118586873,1.06856410172488,-0.286277018738324,-0.372041936274895,1.32765150707643,0.177678875717603,-0.705903507867309,0.93374296756866,-0.248906625263813,0.425485097965342,0.0665663848114972,-0.165462113018586,-1.86131571292113,0.346186092462597,-0.490432282135872,-0.0243151023233224,-1.11801612725862,0.386631741472628,-0.116729116708367,0.515638010392299,0.284606749429475,-0.421167808435845
gene722,-1.54859856190642,-0.726397310471264,1.16363337918075,0.0926143092758804,0.474504147003158,-1.39873067632524,-0.151526802489442,0.0040799032033434,-0.627671636362682,0.257066399927634,0.278490976778143,0.252466560853835,-0.782616881917483,0.072226520491361,1.30413726597713,-0.0748489278175127,0.368514166633007,-0.607574998501209,-0.622194943816861,1.45989665065752,-0.37037521782627,-1.04975388590681,-1.56864449645107,0.477482048511218,0.37923084143367,1.24835378051614,0.810362461378604,0.893297548383346,-0.976238016411692,-0.0694464883247668,-0.28653910696859,1.04367347367476,0.36888549830886,0.421578342243068,-0.777853654336363,-0.716924318913916
gene723,-0.341092118892711,1.51714425301902,0.620943711297315,-0.947582918120224,0.691941803203381,0.122421346777487,0.726371652023079,0.748776058330435,-0.278520458826908,-0.301907717037329,-0.876629106685552,-0.0927903754543811,1.86363215499608,-0.329988251674976,-0.222879706259626,-1.17718993939963,-0.614395406749946,-0.663440328363637,0.464310620936398,-1.18759507309421,1.67927238249211,0.440968098980846,0.254166240961574,-0.367524296846108,-0.0707405008155618,-0.158401956592198,-0.0469469803452082,-0.0061017493644057,-1.04301030098956,0.761343828353864,-0.0298174296910857,0.335461199746119,-0.0425187173624012,0.714037982553885,-0.303319313160938,0.386107820606337
gene724,1.15544798634953,-0.386764835707835,-0.546043948822125,0.27626980138095,-1.14889758182232,0.847026757155437,0.373541441688643,-0.47705375634184,-0.632336940717542,-0.758493810765827,0.237077121137279,-0.775661557317611,-0.104895147388848,0.536056696967694,-0.130085952315745,-1.02038308664641,-1.07534365986874,-0.601557237784635,-0.0717813185140542,-0.41890062777772,-0.848596549145175,0.0462230311140633,1.25771245094933,0.934377016688659,-1.05679795840495,1.01970618968092,1.1841499174229,-0.525556057116747,-1.06393757701564,0.0796637223596516,0.992814875904169,0.0464864527141508,0.422639106891003,-0.916231193476522,-1.09776383572383,0.0744123315732031
gene725,-0.600592839115316,-0.782445407300702,1.44595159088952,-0.479091477127595,-0.310230399552915,0.944895510993086,0.519125155340028,0.0383526700019594,0.553370238269067,1.01835141768386,0.52500549944643,0.284885004539439,0.258385844595901,-0.826490505537711,1.11368067137503,0.841107705962546,0.551621067532444,-0.674916748909454,0.905760512093439,-0.246124503293525,1.4488521212739,-1.57029655323277,1.53949250022678,-0.628026824629752,0.155468444503621,0.806728021965019,-1.00545302638345,-0.881748237039582,-0.297852086040061,0.0715760064768094,0.580165776628852,0.402649219512898,0.351142864791091,0.313991231636723,0.156657847907274,0.395812095434147
gene726,1.40575690065711,0.162975480907221,-0.167582873019448,2.10506233078085,-0.478206537587288,-0.0944017567618813,-0.911031053611165,-0.314114839339293,2.2224663691992,-0.395493985127267,0.0128209003833743,-0.164064082347939,-0.0162087965334274,-0.181635907482046,-1.08233501701393,-0.582373167367424,0.906605951269506,0.001404198268429,0.330638231528611,-1.39722054188099,-0.782516767818442,0.428087757674849,-0.216854880468979,-0.38961435526936,0.240779315730991,-0.311441140794899,-0.397719926335092,-0.293007367520459,-0.815682917562242,-0.727808946093168,0.0186387812925379,0.512768115804126,0.0742787455315782,0.685335300945474,-0.124620920133925,-1.04657863608198
gene727,0.0614168337932122,-0.325930498533028,-0.587772558698052,-0.339318813764382,1.54820036793147,-0.684585322710361,-0.66861717102526,0.0446314688519063,-1.94075208599777,0.484049065720812,-0.347829480070682,-0.522101449112811,-0.605180556603288,-1.20316203320767,0.236407056219194,1.49634635045662,0.326011766138745,1.77854808505231,0.263568245029544,-0.255917684503618,-0.193088245832306,-0.343525248696255,-0.225777321658498,0.0398190597142326,0.0308779786429697,-0.406915224160618,0.103678273879054,-0.873150471655003,-0.230249207506981,-0.310718467178735,0.288052067020801,0.13557548500304,-0.0472088968020991,-1.1527488708454,0.466089968122921,-0.455975230098382
gene728,0.160633085753355,0.693962910542952,-1.09472581529957,0.543231441002655,-0.160735097761968,-0.101128557005516,-0.323660847886803,0.130929160248813,-0.339494359765583,0.869989056581718,0.387675990026506,-0.555040888815983,-0.78824995229817,0.200634258156595,0.087999147445163,-0.612043699046415,-0.927120534843866,0.485702849566283,-1.02693717148874,-0.593330071916004,-0.0976248332689328,0.219323196725396,-0.0534254599320693,-0.931484138460443,0.815270720015511,-1.01215136201072,0.343368058710134,-0.855252017236642,-0.91967719213913,0.147382698165526,0.660990217234821,-0.330538521214598,0.353579354794338,0.470302077591955,-0.994995407718716,-0.0863421436609702
gene729,0.447409067531967,0.298119604278495,0.696724514392513,-0.219197693022846,-0.351737595894037,0.405106690064275,-1.4622594022609,-0.849186221521218,0.573587009130834,1.18004693343568,-0.109676726594218,0.888118104656356,0.0185376399100545,0.0327372237584709,0.0811684370708987,-0.598748284112451,-0.811374791394741,-0.146908946127677,-0.527904466031998,1.34836716976734,-0.118859704327355,-1.7485857256621,-0.352665486201017,-0.966514665160283,0.129527035471537,-0.478265366792948,0.612830750836479,0.624361454837323,-0.920717718176894,-0.273765608102711,-0.900033325359689,0.751114219656273,-0.182672409863016,-0.740534169040061,0.909697770809818,0.157207705222556
gene730,0.599554612219946,-1.06143287675361,-0.72543933202126,-0.741699200114754,0.942276285618502,0.269625870681434,0.118090729951318,0.728301482510269,0.163084951775568,1.31236745003764,0.498019824705758,-0.702518233166547,-1.29092574133507,-0.0388468039834233,0.488658557868871,-0.247306653953271,-0.181947103686683,0.0989995312536149,0.901391726952796,-0.268174001430724,0.363726747093572,0.50451640795566,-0.0265414890693325,0.165201370539813,1.97263411126004,0.540215109722326,0.918199650721709,-0.462004366269999,0.746958755230875,0.786357257923409,-0.981700063637842,0.315258414799085,-0.163660007848725,-0.781328840970985,1.66180529132212,-0.723246550380071
gene731,-0.788336944650917,-0.369734919634466,0.0950886592349699,-1.00406073940485,-0.119655369362559,0.634753862283384,0.243775777711697,0.441624920031993,1.04235346908427,-0.0165055781953989,0.554096815392135,0.222423104595692,0.456165374435451,0.0770671705725136,-0.310882788863996,-0.282793934759045,-0.509378629819053,1.29618383806133,-1.18415737078417,0.369254876750863,0.418205651741138,-1.02177450471302,-0.308539276580156,0.590121685264082,0.580900671625926,0.114078860518623,-0.262963634117337,-0.469147909504764,-0.260055069988038,0.248349066898039,-0.734775727390212,-1.13461675276165,-0.676869654351549,-0.50813061935119,-0.533441367786416,-0.144610588332365
gene732,0.130984969902658,-0.151650766613264,-0.32200624020958,-0.0820488981281766,-0.680085785388232,-0.902146616903748,-1.21847721867422,0.106565008614107,0.0488703071013113,-1.67291322334886,0.270137248886236,0.274194824745064,-0.36229461979611,-0.076127174141347,-0.154114693534416,0.707036951723243,-0.615914454065769,-0.773570466038544,0.565365871750608,-0.0726159026089388,0.381032355586201,-1.22369807930865,-0.257328741373988,0.57429630049357,-0.401338474116151,1.08867599669955,0.261072925641899,0.381865785917663,1.75220859007057,0.154471235571718,-0.994074023608612,0.045941376524986,-0.372669249321863,-0.490984677252598,-0.0688822967282827,0.259774559779971
gene733,-0.0917439279725121,0.81338346372085,0.887195590722567,0.771819763248474,-0.931042858774417,0.0016176489699188,-0.220648241432746,-0.913294928754559,0.0909571001931822,-0.0437588126996823,0.218732012165633,-0.61859957179366,0.319396982666445,0.350009272888153,-0.0916021062915639,-0.543520168100399,2.24670665469135,-0.0591305489625768,-0.136181064231357,-0.713374323371431,-0.659258121861631,-0.322268297950918,0.501125573768268,-0.0803092635366206,-0.544057434526641,0.512355140516702,0.7586113828562,-0.0816067494124544,1.06956516721472,-1.01188448711645,-0.0385479785924709,-0.222510913621579,0.121111975883833,0.24577718364109,0.844275758675627,0.814825907088721
gene734,0.643290254230756,-0.0410085435735811,-0.0211586988480085,0.0734055485801693,0.467165988841738,0.934953077640201,0.209755760751373,0.556649395821721,0.962152881849745,-0.760007833165881,-0.142934118554415,0.419402587061909,0.751806159235075,-0.97042934546398,2.98302255945988,-0.498276217131561,0.501620504567309,0.473765261863349,0.179356282637183,0.627588599911957,0.420832631660821,-0.901454760255985,-0.0085524903788834,-0.199361120439653,-0.0551175668933787,1.00593799804529,-0.31288333041546,0.464898565650182,0.745099782284862,-0.565207533809476,-0.632446281154263,0.011699371347428,-0.00556791399013,-0.337392702472283,-0.441249430594434,-0.386354704531441
gene735,-0.994091026918822,-0.469207756032334,-0.901421245597404,0.882627574144982,0.321085275061111,-1.09239189619994,0.0553302542006818,-0.273967279517505,0.0479072930032252,-1.2654786918651,-0.917038083824477,-0.0245707238900862,-0.112248636419192,-0.687926569392086,-1.18114924207918,0.639005807797149,1.05659461684125,-0.108174407112152,-0.28789476914999,1.32420002346368,0.0130135103061429,0.105690570068648,0.31446999084194,0.0318475643327209,-0.0847715699048899,1.00042289361566,0.592495512312604,-0.166511810094175,-0.21173140286588,-0.537665105377691,0.35111987353827,1.93617703715836,1.79837507133863,0.835306402663261,0.257971091571335,0.292664643821479
gene736,0.498641103845452,-0.867060683601138,-0.0452165483649702,-0.507000687210929,0.423340279841067,0.881280811181145,-0.304848230815746,-0.263712559139708,-0.203071818009886,-0.163434135763987,0.339410196753189,0.535461454624842,-0.0984222762002997,0.458022886283885,0.632232488504617,0.528675460393298,0.545168014393186,-0.440792876566329,0.908931819465307,-0.509346615121014,-0.64985773085442,-1.05762703054702,-1.66144991572451,0.940196471102246,0.601478623860881,0.0054359593475147,0.107792539510652,0.202023855644093,0.300466331673292,1.32165948601859,-0.0277495629096121,0.781624139756193,-0.313150319427894,-0.461731723598785,1.03388529919733,0.573033460315859
gene737,1.08913322600983,0.167933624721131,0.197736503636193,-1.08696351707704,-2.1899062359298,-1.24408753420347,0.349208661810055,0.525075929299825,-0.896676339098846,-1.00139171400877,-1.01374250342916,-0.582562079260358,0.0434292385980674,0.724620614644718,0.0491776913540646,-0.641179488521402,-0.436578467180067,1.13161125230785,-0.0472393258102537,-0.430145379768163,0.0524189316599615,-0.0743933194208289,-1.06523793140957,-1.40041458792917,-0.671072296126068,0.506572176485726,-0.782571233586828,0.675649865757012,-0.247907971093244,1.30591503262458,0.157143885147902,-1.36670040336156,0.105620387828031,-1.13679081937417,-0.104312219916007,0.44434368023677
gene738,0.110292923697158,-0.466716659225745,-1.77204452387398,-0.241276408338308,0.883492492381873,-0.917591355234943,0.462708839837423,-0.362641114846735,0.446153449900018,-0.477941298278771,-0.153465757431915,-0.199267438208327,0.0213500532100921,0.862191755612118,-0.371329486006885,-0.132659382512099,0.187523940357377,-1.09306835584575,-1.25909695968351,0.259911669053385,0.770290725103579,0.385244932206825,-1.29803867950387,0.0290023009317141,-0.22018729957017,1.87615744389541,0.200711694357933,-0.7328500866838,1.2374096701448,-0.751340088270946,-1.50638540133634,0.470631897351112,-1.16909932648555,0.370511926048276,0.0259328170836445,0.848829712822969
gene739,0.32985328861464,0.663922734027072,-0.137410513124788,-0.872279652382176,-0.595975902118816,-0.398813492937332,-0.921645446537424,0.302429760485319,-0.800096891684146,-0.192502810370192,-0.447299735658666,0.139302193942218,0.147160078652445,0.0415599359893643,-0.713428591550886,0.774285614050829,-1.38281442475501,-0.352659567514487,1.33661623895434,-0.793337693376888,1.04200322745326,-0.336269672484401,-0.11900967132884,-0.723464342223915,0.293562684580206,-1.00666067926126,0.345016665809054,0.133227606237316,0.327457355351022,-0.261994397834851,-1.45580886971182,-1.05311782580382,-0.292259442390168,-0.449782953514635,0.702738276789071,0.20531141506289
gene740,-0.373613349969028,1.18224968166685,-0.108584163116051,-0.115597228484572,0.565308110641942,-0.516894525959008,0.918264918537693,0.210534883444942,0.522316547816419,0.534938158900316,-0.0946416965185954,-0.364422542210675,-0.007608647708346,0.775979616666543,0.341399555518624,-0.52445217020454,0.134492498849662,-0.158794491795246,0.082486021844252,0.336229479312266,0.0168640493699969,0.812107480294154,0.295791199732714,-1.15881639921808,-0.543528907322671,-0.107732067247809,0.60694873061299,0.0487281557463875,-0.268697909801788,1.07466138991895,-0.955429745539256,0.44690227702432,0.8137022467163,0.106428680212893,-0.99482977723035,0.607815356329817
gene741,0.381344762470208,-1.22619657551098,-1.9113611632656,0.678256607346702,0.347748093778516,-1.3700105847192,0.722943724745958,-0.351203041647692,-0.723894842767549,2.53995166719844,-0.880530233152693,0.372888314739003,-0.261504815381501,-0.291348686125075,0.338431917213387,-0.479436696778334,0.150530351117875,1.60098259707138,1.04559242406471,-0.592116949831746,0.380036235061418,1.48165480219425,0.07519059383483,0.328705364177148,0.101304099213907,-0.536592428794101,-0.250940952622038,-0.256516963243533,0.0069286520557767,0.36142272807277,0.0351655830387681,-0.642406043624032,-2.10143098348012,0.0054675815214275,-0.794957978603515,1.38970162413569
gene742,0.838242017474551,-0.973016325357045,0.312060738531723,0.749979609387825,-0.614481871061316,1.33122619450614,0.088080311914936,0.611008035942748,-0.414079823245692,-0.410364908747403,-0.319429494257214,0.736270470784648,-0.445103554156121,0.618281350472825,0.950590961943609,0.217525445300074,-1.28748986670384,0.0960429103894893,-0.981327614300896,1.19250551004448,-0.0924051174975927,0.870781004425234,-0.837625241822537,-0.435071661014568,-0.151392434985655,0.275768586173319,-0.192262037530784,1.18730899328051,0.460072338116232,0.282058207592825,1.55879218456045,-0.0234210777405585,0.852438891064248,-0.211250890594757,-0.511700284983701,-0.528916532291532
gene743,-0.0734708657373985,-0.229258119668059,2.32513061712867,-0.169258683263037,-0.669950336854897,0.977180676376941,0.334121251476025,0.666987268772785,0.642007639143627,-0.113827465179987,0.0050369175526553,-0.340497920150325,-0.569710592339404,-0.450694075331837,-0.422261516878241,0.159441374277147,0.0124820751840342,0.79266507351172,-0.427923623256939,-0.729210808573383,-0.694656029502974,-0.639282794685636,-0.161343775902146,0.0484271786450905,-0.120820512352916,-1.47582591024401,0.275619797228288,0.596515779028226,-0.153822674690127,-1.37983699675605,-1.61087250513313,-0.708915351980234,0.810754977682185,-1.26443650493134,0.414576789988642,0.644441473001945
gene744,-0.0650675134587959,-0.323761790544718,-1.34129395871479,-0.503787227059494,0.458181221468566,-1.2841965389546,1.18945261875075,0.303676945541212,0.381338933398367,-1.96541005974213,-0.180482000511607,0.215848190479271,1.00374114787808,-0.16681711144402,-0.256602805748838,0.916457597603089,-0.0115779999544568,-0.296144352624226,-0.73746166558855,0.706516830388916,0.942744647978193,-1.83650417617782,-0.69893858475037,-2.91050216839389,-1.06966867876607,-0.0863315097696069,0.311530890385524,-0.71020384077017,-0.468322300590196,0.917068527585966,-1.01801380903383,0.193706384448098,2.36973629152537,-0.729926751270344,0.757374926767118,0.701825052440548
gene745,-0.913104635467269,-0.269948286745889,0.283447861026625,0.401777878155454,-0.717908365116853,0.662618789686369,-0.285967065184499,0.0718562031413902,-0.437955759313475,-0.0930664912673463,0.325543184142759,0.188419198043013,0.340403889628704,0.269948023018136,-0.257016253555249,0.0171122416680752,-0.344128378711745,-1.57064292375131,1.58703908061448,0.229290655504561,0.506477949850647,-0.733094158885993,0.29378567721544,-1.01224616440595,-0.322485762929484,-0.726334942131022,-0.106037795505119,0.553648804185504,-0.197901236908825,-0.347374070088127,0.56540287616413,-0.165731739796751,1.16968199692134,-0.606482052348306,-1.34911380499595,1.87472682654052
gene746,-0.877709574129489,0.530439019796361,-1.07208963977661,-0.984647398897321,-0.547210396842342,-0.263356019157849,1.166620119801,-1.73570839394042,0.160599081145974,0.214658114204596,0.564203119430838,1.12086577641317,0.346845550304811,-0.605046038512465,1.44514299971192,0.0013847346929423,0.8180369325577,-0.295767504249123,-1.0410264420695,-0.213240598537304,1.08417738311221,-0.464856866946883,0.656093135474285,-0.786644045538512,0.485857667260151,-0.0255557714327406,1.02617185731516,0.158836209058986,-0.270067447000145,0.7860872506361,0.89829103044786,1.26509504164871,-0.168858398181749,1.0056422695553,0.0211556955479766,-0.0167489172265561
gene747,0.494515626618687,0.487946807124334,-0.191548843571778,-0.591317097603499,-0.188548661250861,0.480353940179561,0.643044119409847,0.0176758896547678,0.0026759965773104,-0.573819629340293,-0.815417769122147,1.07610530497738,0.596586272107011,0.563939261963269,-0.359121740630329,1.12743195055479,1.01258800867868,0.181045676852494,0.285937444319448,-0.0905319106857512,0.532572819641827,-0.130862671035769,0.0214703024418499,0.937328634719763,0.335993431792439,0.583700230280586,-0.0191664406889814,-0.231832089179158,-0.538408105285022,0.48213003166534,0.241403485533177,0.349778968612346,0.877955747397347,1.57053343452468,-0.350752952853034,-1.15488866790503
gene748,-0.182254963846382,0.166256559569268,0.715678688004738,0.110270382015676,-0.218077215559692,1.66951102985481,-0.0076344122609643,-0.179598348753318,-0.84167251722713,0.32742380427969,-0.066206600915315,-0.561476729549287,0.122823661840302,-0.381031063985722,0.859073959104564,-0.488188373293738,-0.219158373063532,-0.472963486467683,-0.156794203479989,0.972650159146853,2.17030933162165,1.27974518193213,0.0096297367922071,-0.287914186263758,0.499192947834664,-0.116659537542705,0.416514822278025,-0.170350599813979,0.174088568471526,0.347024909244801,-0.895330164850157,-0.0694268409358277,0.740907440901645,1.15510620275179,-1.11791650162667,-0.14980194723456
gene749,-0.270035048015794,-0.0111339827370257,0.691284687266219,-0.876930026473316,-0.566944072166844,1.13682569154434,0.441807384845539,0.421343655208231,-0.297334912899315,0.0785535699658106,-0.171192887662551,0.167920991123021,1.23284943312678,0.412685883075639,-0.0480362097388304,0.0403656770383009,-0.187413604335555,-0.388501502748957,0.978528898859673,-0.390884600901232,2.06778645456383,0.533442696014762,0.7301127607565,-0.199921507935633,-0.294380662920749,-0.668411426625728,0.0451781052458161,-1.0452027791931,-0.364150787996527,-0.275710040595958,0.46593765686644,-0.233859886863385,0.231611669451269,-1.27207641215051,-0.434423145200216,-1.04441783981513
gene750,-0.404448535263922,-0.180387717507749,-0.524125284615524,1.01847093246773,2.56766583173652,0.803102327243743,1.18707190483339,0.145084821697626,0.395861741376567,0.102451516609911,-0.0091082172513096,-0.79929155248784,-1.5121499892848,-1.70327026854511,-0.0850708212183845,-1.76227625256848,-0.105947965953991,0.233838183033528,0.391698982662962,0.361779444254725,-0.781473034731628,-0.803804098524965,1.88785052574943,0.983729940713747,-0.274339785291883,0.0077910278104547,-0.747997176428718,0.14384686379847,-0.25649490181889,-0.352566267051074,0.255057080875894,-0.635914801625138,0.545665100043479,0.342150731450989,0.346405291026981,-0.220085940876225
gene751,-0.237911253307251,0.369768921757751,0.700730452899183,-0.0476229292821217,0.186185283136871,1.95827716241233,0.740668585732876,-0.634752853297573,-0.294728175383939,-0.451336298014876,0.16208670405312,-0.744170246922445,-0.125729808122811,0.351860899882562,0.555263071145762,-0.849042480067824,-0.237043122132921,-0.430745521445937,0.0209184564169655,1.4247375464829,0.639706241000833,1.24383272306457,0.771395956183011,-0.557360374795881,-1.36552584856016,-0.78663347758973,-0.469155787957674,-1.08725445346166,0.431826495727909,0.716006518908142,-0.657152708141204,-0.392409656933875,-1.64459594327281,-0.881010536168544,-0.267750618063171,0.740218362795444
gene752,-0.451500226661165,1.02982197044975,1.77507857097736,-0.414412057348068,0.387786486307577,-0.642500378412832,-0.0998067949917833,-1.17323782796718,0.810977891334106,-0.453573050151051,0.640651188020004,-0.332197522695979,-0.439102734195661,-1.73582485821139,0.168176094061317,-1.23032925845927,-0.432551288447622,0.188685339945036,0.0427782660356497,-0.887028832560402,-0.188372794106387,0.575958644454342,0.256808906582844,-2.2545467163682,-0.344940908228747,-0.445805307021728,1.31228464603719,-0.88551414198668,-0.652899652640802,0.208547106339606,-1.37978773411405,-0.900283069507712,-0.376038075669687,-0.416585114677843,1.71601340759473,-2.09130718785934
gene753,1.39515657795775,-0.345406206524752,0.130402950856854,-0.509009413306314,0.423953448057593,-1.10831001249989,0.174407530351031,-1.16543817409661,0.0724180644173285,0.597977263306711,0.480262759656694,-0.594936841545793,0.755069790183276,0.519306842077966,-0.77512681423021,0.625206546257087,0.113965302306162,0.490939389143831,-0.635338239443529,0.286497918663241,0.0005011609009146,-0.49262106014902,-0.0458614371151202,-0.0879370764417589,-0.678541985520744,1.4150102647377,1.19664333639049,0.808739044289517,-0.357440131908059,-0.687528949847313,1.23985134960522,-0.0811892108195588,0.420027869102069,0.0580322746239306,-0.178238455614696,0.799553450649405
gene754,0.588072388899245,1.53746947425663,-1.3446143448759,1.00001625908872,-0.633716039826753,0.395011789491676,0.740795563898414,0.341019606104879,0.0899493193588817,2.40225228463119,-0.0883832623155627,-0.347959906658591,0.275359824158185,-0.0529331355386578,0.31844616410196,-0.700436368329812,0.323612277160278,-0.446469282379363,-1.02480287142114,-1.34509429358627,0.539915122826205,0.136940397631934,0.552169790896343,-0.467762371336483,0.520042202243368,-0.245724082312818,-1.11826009027693,0.100862786719983,-1.03435733755469,0.333358628762123,-0.67329668194875,0.398954648876034,-2.13278718072143,-0.710847796121566,-0.20096485127113,0.442181614960506
gene755,-0.407687002403479,0.271106649969502,0.635709028950903,-1.03280558495745,0.558988055581984,0.406816256220602,-0.8325815094478,-0.563217379102332,-0.253571270526161,0.384591072162081,-0.186669664015293,-0.262558889078931,0.832844291009188,0.670330582658427,-0.0044369600387368,-0.113141833076295,-1.48219943705588,0.980720526030204,-0.735011791811185,-0.198613098169136,-1.26669902349168,-1.05136148956334,-1.00873087698591,-0.400036151832937,-0.36273164366978,-0.380458985152773,0.674284881771117,-0.37338949752717,0.495560593340704,-0.32553701380579,0.618908745241016,-0.440069007389999,-0.741486664108372,0.496399420085323,0.0099042345179947,-0.526313463456096
gene756,0.283835745624962,-1.65424405475741,0.418845933259333,0.467763699574106,0.191867446566271,-0.535262291711479,-0.0563019469376763,0.434666729986881,-0.0529518525863045,0.555306806509274,-1.29194698220641,-0.568184272990111,-0.846588549259253,-0.292423568908674,-0.0750976811952204,-0.163976640113022,-0.83874723747778,-0.602587869281065,0.0582312296414323,0.179397308227236,-0.0605645983714966,0.689882723380578,0.30985758947819,0.407737810220936,1.92093499125192,0.575601808890268,-0.146051488060737,-0.553130248093217,0.108960743004127,-0.399229547470313,0.350803666475696,0.825899926584701,0.355563398806325,1.71185141115512,0.668928634213295,-0.21090131426378
gene757,-0.0131437809168428,0.809128644340769,-0.758158428087325,-0.45069681396704,1.20583307058931,-0.902788898415516,0.30685117240744,1.45908693767202,0.550452198935777,-0.236617957644381,0.139381254782872,-0.771655118101578,0.0129805278740121,-0.743558459734417,-0.192478080352929,-0.325247966802106,0.9484118054324,-0.310984095520433,-0.845347868862958,-0.927997907161682,-1.6504761818373,-0.130247321204863,0.841196821170107,-0.36282808171318,0.361339797117193,-0.473533635112383,0.0551097020240135,-0.64798284958444,-0.213258416646932,-0.524145420609175,-0.734330983571037,0.178253909191089,-0.0745450710498953,0.0180297943843319,-0.163679700999534,0.731337005024227
gene758,1.1467076456199,-0.888092274474085,0.191630722306459,-0.965289224710756,0.231014754679999,-1.48440663715595,0.692999374099478,0.378818019128868,0.374916272782546,-0.227889757655303,0.12128533738564,-0.16310160657301,-0.304498449642486,0.424980130732714,-0.450480944847899,0.374268655133811,1.37425709659655,0.540708639335094,0.160035912050144,-0.0191689272436015,-0.401053843338919,0.25344273563898,0.165262210168153,-1.48800435062395,0.0022547978889674,-0.189132637021593,0.924953360534327,-0.287690867702595,-0.545868814345037,-0.101775073336247,1.17656043844608,0.786185863089504,0.681784994825392,-0.0888186602891892,1.12249716996752,-0.341188758799806
gene759,1.17314090437213,-0.0941746403334689,-0.0980413890948292,0.338622679619755,-0.814766728736878,-0.627542213272426,-0.564917322400868,-0.560731998693433,-0.829102341304094,0.660774619516862,-0.554530075093553,0.399837716658766,0.465555560061698,0.946092114651508,0.81598043650686,0.250990287460952,-0.0389813035646446,0.450915176367049,-0.420661092003804,-0.508154370358987,0.260207223368161,-0.355948053045729,0.0738420273132912,-0.563379515041541,0.385479339225944,-0.45737579308007,0.312224944495799,-0.154267925440229,-0.332235883845039,-1.2110429172179,0.52287570344094,-0.135640401108542,0.713150543433121,1.103716973984,0.645396410749593,-0.161817647283488
gene760,-0.104812693359469,-0.56727406862567,-1.07768100218485,-0.911187720660278,-0.670551203813738,-0.174657099127784,-0.0141673781712728,-1.19904974435859,1.22543958128314,1.70191361203263,-0.571151796079466,0.0937574574270026,1.11790134525033,0.490757550498027,0.589056277201773,1.04835590326138,0.39459147278386,0.255583857089979,-0.0489296257142987,0.0070077380747246,0.424308893418407,-1.52029499381605,0.653553067376724,0.399475473040543,-0.30792023576904,-0.830177080303566,-0.849067591869331,0.0547841343111859,-0.882752625604359,-0.312450014129813,1.12803737735156,-0.798585826912711,-0.487821619403926,0.88616720358213,0.0917535986752488,0.421536960584236
gene761,0.519684060592189,1.0652158856409,0.038619969390905,-0.831759390487341,0.354576029246895,0.0840276812170152,-0.667065571755578,-0.000637174344205,-0.193872416020583,-0.360605508136587,-0.16058037427042,0.599621657597552,-0.958447802503642,-0.70271658541087,-1.04211140432328,0.926298421842781,0.0898919257535067,0.516921012872989,-0.843103312344719,-1.1222943989837,-0.852010077047026,1.87745427027385,0.423215686654693,1.53942887177495,1.45624258697007,0.0862536200150029,-0.830562076652823,0.413938122457361,-1.19326672530333,-0.235349070882801,-0.467313916364147,0.645570208059724,0.397144759510382,-0.375236129674306,0.83205843167638,0.087695105730686
gene762,-1.29033835850545,0.408961074526019,-0.144917733088186,-0.042949022404019,0.50430978413058,0.795877435350086,-0.575682813684602,-0.085141979568979,0.750862153781435,0.585264563991054,-0.0287883135721063,-0.489508173343977,-0.944069293065791,-0.14612074965717,-1.78689111624127,-0.975175889672542,0.104679275245054,1.21343845526869,-0.0763642138466614,-0.507624221068882,-0.830468376825406,0.235633499577302,-0.0078215960271603,-0.246750265178883,0.495467704639013,0.126728919217087,1.94604633435008,-1.18436454303119,-0.687483879757951,-0.228980259931015,0.341352192268594,-0.922127908809106,-1.07947167670391,0.0895830443271024,0.199339162424922,-1.24465018299684
gene763,1.21100766681598,-0.713362938975462,-0.438036910258317,-0.461214026960493,0.095708538964269,1.89325668700584,-0.302792789916871,0.778066682428821,-0.0231652683555203,0.291749416117148,-0.183136687371333,-0.344878672080767,-0.232310853418272,0.701032731883722,-0.470992025619238,-0.0407430802613152,-0.182639461064079,-0.940422349419109,-1.22374260693547,0.175138594464936,0.99378665286976,-0.429382894639933,0.470780823392019,1.00317904946311,-0.095898457566727,-0.0434826957826113,-0.659659330370233,-0.440475754193069,-0.452018636711684,0.430531780439687,-0.326075903328895,0.538079453218999,1.39591886836712,0.491195314405349,0.657791382241652,0.184078146257093
gene764,1.1523989115841,0.48387144302107,0.334186857725429,2.2043872769107,0.859141471233343,0.395841395244577,0.251357870223907,-0.525787078368131,-0.818439994646998,-0.680455800029287,0.882227422309486,0.351060193850195,1.29978980947211,-0.807913897944147,0.134807297794602,-0.893690070499121,-0.212365397183414,0.334188260628029,1.33745228030123,-0.145744374667025,-0.0468305355674978,-0.362607671869604,1.58660158994858,-0.854023918401068,-0.786276746784308,-1.35172160937572,-1.16142954184403,-0.185790914788233,0.488336319964019,-0.890807664537824,0.574521472812447,0.227641578232915,-0.564758352136753,0.849319818774621,0.259884461630011,-0.467847307144812
gene765,1.30690079701782,-0.133499118245668,1.36196750450259,-0.209486610738515,1.15878549974201,-1.51853590125917,0.94513973816225,-0.907095621546355,0.111184121879061,-0.887828552898462,-0.865658920123683,-0.514769130957942,-0.320541088315892,0.129833036779092,0.390603939047574,0.0738133774077996,0.340284208791293,1.16666659204692,1.08869973565184,1.96997064630475,0.27716197714479,0.641159085640496,-0.159418436909305,0.705979562067784,0.604679768071859,-0.856873223468111,-0.711288938139696,0.219653034205397,0.37661508989133,-0.413174225703439,-0.538785096278479,-0.613774048885786,-0.21836423961742,0.114317221529037,-0.357912240909565,-1.86387514062875
gene766,1.11404295597425,0.238615920012396,-0.191734035311264,-0.258123130043993,0.527455519650985,-0.0875817079088018,0.378846495732602,-0.652923633950305,-0.16233013396661,1.30222855558391,-0.267106792871946,-0.594801707730128,0.230683438710206,0.893782812761779,-0.215740410046876,0.33110714177894,-0.223192577691227,0.385903534291713,0.0996998043561323,-0.793291745860435,0.469414781212424,-0.105780057499426,-1.55815783046384,-0.0518359369262581,-0.837386218108117,-0.641190365480783,-0.0245587160033233,-0.317213924585471,1.30166897172255,-0.753889783400156,0.445930369197159,-0.136594354033907,-0.904013843207938,-0.0223821224567365,-0.324075542272277,0.910015449154546
gene767,0.346315018847477,-0.694670968658965,0.536500234305328,0.358947438213331,-0.995955165049878,-1.11295994815168,0.856456504353291,-0.552550670500454,-0.0768918569805983,-0.705609321258038,-0.2788697762002,-0.173567041283234,1.11939093342514,0.706490889243366,0.254363945902699,0.746562505820425,-0.435230274671227,1.99041296611061,0.0508092711089258,0.0104332638322317,0.139907079311931,0.651459617630484,0.809733845277639,-0.371804895974436,-0.250965126373065,0.196455296365572,1.25130704121417,0.072291314963038,-1.45111753966625,-0.389425958108496,0.360832060107279,-1.27378518505305,0.359435516708155,-0.767301950994749,0.84305218345149,0.224741418821739
gene768,0.0151542620101975,-0.749816347116084,0.758121695891671,-1.08655729585236,0.0433067288349531,-0.0223749232023093,-0.634929360470316,1.36225380262409,0.299756152483765,-0.908270738329003,-0.016004166013012,-0.523204305814423,1.65046210599797,1.20660631327774,0.0137557025533724,-0.405450158097535,0.307316356010326,-0.744267230356449,0.582192621865735,0.778542310283557,-0.388454665492395,0.236699984637598,-0.285003489819841,1.02113766096509,0.438013910256514,0.284621789405191,1.08440952103891,0.70098500872923,0.0706187404425571,-0.768371407524271,0.105699650262724,0.570145080180619,-0.692759443045528,0.27613454944542,-0.019126699852282,0.328689746326768
gene769,2.37444650251953,0.94298952349712,-1.07029439741095,-0.303637747055481,-0.0694199920267412,0.12377636180229,-0.787020747438258,0.42758407076264,0.21224510838019,0.040343765380665,-0.952562481182704,-0.745061681647147,0.885147840353683,-0.215994826927824,0.256315676623766,1.60821346152823,1.49550555750414,0.20839442501373,0.116795256517082,0.074193842343864,-0.43515559292076,-1.0605157040004,-1.48753928970135,-0.990851424583088,1.08037160247876,-0.323108656194481,-0.0290283173063936,0.358733056780614,-0.205834860251667,-1.41081304745133,0.403984663870665,0.789166517437084,0.69747591852323,0.286883472884381,-0.0560785926704474,-0.307474939293292
gene770,0.684016606617028,-0.467399447616987,0.212549559817868,-0.997861346441728,0.626009681451978,-0.0404359345345213,-1.45898206410769,-1.29251896385615,-0.242227754803824,-0.416103497702073,-2.78765754398869,0.760097793472227,0.336232060669403,1.06090735912599,-0.931728066911543,-0.0570641908693741,-0.841208983244136,1.00909874913148,-0.577565847221191,0.361203713706023,-1.04111681071351,1.46520396441576,-1.02312583531577,-0.845763275761541,-0.146093998286346,0.603432723858547,-0.814811680653347,0.203867953661318,-0.511393004781899,-0.15605036469386,0.590610776951286,-0.0411586131422659,-0.0102250468954614,-0.629837957006795,0.406334947289381,-0.512574464839779
gene771,0.719908652062016,0.858050900463161,0.560707547912489,-1.63433784481718,0.868331223618019,-0.599331033666875,-0.556639748761737,-0.354902650249376,-1.21435857064504,-0.140410017086244,-0.398937505664544,-0.842478990623112,-0.409871007993621,0.92230298033559,1.0409577967617,0.0061462885659698,0.935029861008574,0.511587374063332,0.140677577238257,-0.903155352228438,-0.0375851232669658,0.850067487069052,-0.705707701516073,0.0914767662432536,0.610176029958393,-0.371663607890902,0.514791990466014,0.595975129097592,-0.213087866613075,-1.59236819981477,0.877089184510407,0.42307410620067,0.783475208689315,-0.342411947023299,-0.206911270730411,-0.196215403474276
gene772,0.0172652005164305,0.521087588574267,-0.772416783759742,0.325809945667382,-0.947597053970309,-0.755965423193479,-1.53033180570234,0.525153118452936,1.25043418423082,-0.526521328839535,0.343779102598614,-0.661189448160792,0.234811173939614,-0.068329172591924,-1.47991383679685,-0.972525857673944,-0.10198420312108,-0.462721349199295,0.367273224454955,-0.0367260493672086,-0.731943944259741,-0.131288211273517,-0.464307526129911,0.739742516286565,-0.29529046212645,0.391619622294808,0.494789783503318,0.718910635289238,-0.867321101478602,-1.88808991938168,0.0621005714387325,0.44204992059143,0.586201422798851,0.919570349899041,0.0403366999547768,1.10032430069719
gene773,0.876303443745599,-0.379643812804985,-0.603341854507703,-0.665098674325213,-0.520224550576629,0.417705765127187,-1.07622495568821,0.0637197284495897,-0.576951583478525,-1.21588500366277,0.436439121835925,1.53855023285915,-0.509026297719924,-0.9677070660068,-0.0152953138800882,-0.158594334682092,-0.199958299626158,-0.0251259177328985,0.377028230774653,-0.176469182633275,-0.758346772588424,0.352417162093806,0.140390550358179,0.233812458682839,0.825943118582026,0.838518900334153,0.0539776629671364,-0.0133815751777601,-0.234341262440839,-1.22187778470968,0.091643638140665,0.884876636809236,-0.396432472456569,0.0335307285619454,0.182340697426734,-0.907450256462657
gene774,1.06883795230834,-0.468467803641307,-0.127159717845005,1.32064778314315,0.276244150605032,0.865622685877524,0.221925722198406,-0.753313202683331,1.20198368340736,-1.21535901506764,-1.47418459434109,0.97075630910229,0.492282554802006,-0.0567152644363061,-2.16905966213681,-0.787655821264112,-0.63538353193384,1.01843622601488,0.329990535864676,-1.52683908427596,-1.41639232981884,0.415996421419891,-0.210327653920179,-0.180544844964822,-0.0192968711267233,0.032927496939592,-0.0838732232981692,-0.353681643755167,-0.33950756643591,-0.102485437119996,1.16086496037513,1.05859613462175,0.203693614636132,-0.593166232723672,1.26028452082021,0.0592204014866242
gene775,-0.186501236355952,-0.583014277929365,0.150628947323083,0.685637251720711,-0.55230005506106,0.226745431344566,0.108414189091097,-1.03300393152707,1.05226021552069,-0.2954630059476,-0.057429925231899,-0.276246536030002,0.113784207537103,-1.02966565916705,3.18441151790457,0.0120389573376146,0.23193100246121,0.749695217314136,-0.52383390182567,0.894851832851207,-0.102091299702416,0.313511276739739,-0.392609695466958,0.308959591388021,0.847083610257183,-0.530919967740979,-0.510419968421028,-0.714917660604226,-1.13685266599274,0.659245610757408,-0.0509324888207596,0.790437327681238,-0.412443414263348,1.10375770705175,-0.204770325275673,1.30388473601012
gene776,0.802199184753797,-0.453838149460321,0.642393265966957,-0.365111792905317,-0.110864530938067,0.368516871344747,-0.653886973830627,-0.577012676731843,0.0344947900589894,-0.235095028853424,-0.540704816207226,0.542055475379228,0.119100966505507,-0.481728102225715,-0.0372884494193767,-0.727982846384342,-0.0872530993934325,-1.26185353534437,0.261174422916236,0.954949041266634,-0.672990345424826,-1.81201801905907,-0.445698139561012,-1.45168289138358,0.132897271283972,0.0454147638159721,-0.854539899460295,-0.207332281528277,-0.924901721092191,-1.08967572967781,-0.987072968378936,-0.0438562642834967,0.411760485059852,-1.01453427114509,0.481134745721598,-0.773541310847503
gene777,0.550106464682538,-0.94083388227255,-0.0469519203542882,0.0867255639645087,0.85126655260334,-1.17716641815334,-0.79573096323244,-0.437478577595768,0.709792367177979,-1.26242506209213,-0.248202345697577,-0.722148900461582,0.44375246910064,-0.636240969128255,0.117452305106553,-0.0662829216897301,0.823499166325835,-1.63439592139704,0.683510425927824,0.699221402496638,1.12908751042761,0.707799799063048,0.0085086999344558,0.575311179890542,0.297167045301976,-0.45971399954249,0.829161901153059,-0.595326219305622,0.168402953893208,0.294215804552957,0.443403385358921,0.22966305269038,1.40304126261476,0.520973947225001,1.02482582032005,-0.151397848132179
gene778,-0.140251235185204,0.0477654996296522,-0.0409727445883075,-0.349340645148515,-0.344389803145409,0.172190812325321,0.622362997089029,-0.619177436402253,1.26527953724033,0.642987998713284,-0.126230216451618,0.055617599278176,-0.0544155317865398,-0.270546894468518,-0.860453989322982,0.550839595260783,1.13733051466016,0.0761499015546033,-1.24626322418961,-0.566677686672585,-0.0492552955004737,-0.21955706284262,0.605597376633385,0.026978674301778,-0.767554602538646,-0.246722955212958,-1.13486264977641,-0.384800986057289,-0.291994355796381,-0.876203326413139,-0.0593999480899467,-0.233628083230148,-0.115923850607889,1.17185200826341,-0.919115882350114,0.414173463302949
gene779,-0.305676674641062,-0.0350862155904625,-0.140922121545579,0.206934558365476,-0.648169821968035,-1.20049283020042,0.405619283008649,0.188296388602153,-0.478079693841883,-1.1900274271049,-0.0514143233909229,-0.394593321070787,0.520323788622394,0.622382279018445,0.196214230030454,-1.31596823708028,0.636455493252497,1.30882082929309,0.642411739929633,-0.1129107360481,-0.0330884625372018,-0.802930807608939,-0.126072383327897,0.402241947299021,0.950473779985236,1.22047307088189,0.240121949041423,0.0027064538458424,0.964737121370674,0.192157621427418,-0.924346929134205,1.83057974698437,0.383905488889336,-0.536034118292135,1.11350281050837,-0.783897932678571
gene780,-0.883598181817611,-0.771176368565208,0.366735624265057,-1.4314328507917,0.127184072498935,0.505880011586214,-0.898154962423526,0.192954557709692,0.799704076545872,0.579924930020531,-0.370417444759373,0.298293534622736,0.847842569674854,0.0797979185293999,-0.574980258455493,-0.525123757307758,-0.570988454263686,-1.17764715161445,-0.191746971203482,-1.11096864351345,0.413019526002592,0.735306120015341,0.111866830312925,0.733672258727932,-0.47986532334499,0.0443783364466234,0.203437698289476,0.325759334840341,0.317859780102092,-0.505233385805753,-0.0451713125288854,-0.03097292449984,-0.701284514511646,-0.16787320214399,1.04941797922985,-0.968763772036555
gene781,0.473447748921858,0.614383894434527,-0.862028851672066,0.187082839911634,-0.0406956956774282,0.2094811646632,-1.13437102102382,0.284847605787702,-0.442496991261678,0.721317973611835,-0.971282824348087,0.0604071417073619,0.0271193668257445,0.467110189912265,0.696935255393643,-0.572922906762846,0.001460207899274,0.746644194536122,-0.629773393494938,-0.0633869446309798,2.08945926655465,1.38388179860004,-0.265625539357751,0.433835148059245,-0.318206823596982,-0.431393198716164,0.749726664152481,0.426597211965948,1.02639904050538,-0.858975260767406,-0.271341331310704,-0.401782681049722,1.38854706839785,0.270487945792359,0.193186681282369,-0.0796647872973483
gene782,-0.707544460037129,0.182361516584113,1.45197817733599,-0.0137500145413109,-0.0312191273566584,-0.555660645615116,-0.52349152245565,0.283973150620132,0.0086618911070231,0.68732082668139,0.929262585854486,0.487276275961815,0.0125161058627726,0.163777575526893,-0.956126848897899,-0.969210493082194,1.06574335076451,0.938232235612843,-0.542405892994404,-0.901675420775216,0.0562471885125718,0.270376933308386,-0.201445540705717,-0.324586090275623,-0.340617719183743,-0.0373028665795634,-1.46704579552209,-1.52974884385419,-0.101146064245267,0.476230861334114,0.518957143458881,0.785798778922573,0.0362949131790161,1.09684133148013,1.21663742803174,0.126636833087904
gene783,-0.179927283634526,1.07035627347576,-0.344110557107636,0.181019873978908,1.17552817858042,0.130292431408246,0.208534450227348,-1.31703540652407,-0.601108000901277,-0.136631430728495,-0.214556826680075,-0.695177567139471,1.01457056071657,0.624262038890799,-0.0444145128225944,-0.905785142458564,-0.29604030593662,-0.600131535469675,-0.514722380672215,-0.151673458241765,-0.0838278997367073,-1.09797021156343,-0.386115109673313,-0.155759282132445,-0.576360949840484,-0.674643205068416,-0.225515967013326,0.809130185692802,-0.156890148224286,-0.267542279879532,-0.688975920113219,3.14888419834242,-0.204942271804696,-1.14827488330645,0.180902672870928,-0.404572803466982
gene784,1.64539262162986,-0.578254235713227,0.30321195178015,0.924610245053877,0.887866548362748,0.446481333277725,0.788497416955254,0.225209244408817,0.913425502264643,0.543944823047793,0.517902492020935,-0.86477312601736,1.60061572711941,-0.349388766607974,-0.0378079439660895,1.18784604796372,-1.1604415018823,-0.0613920011511764,0.373537747943055,0.928265032478147,-0.0575671034391049,0.813702205755351,-1.29180969813658,0.546306680811128,1.15646470807724,-0.317852248757402,0.366927128092937,-0.304198802064786,-0.436619708824177,-1.34089205608191,0.427118863084669,1.56219925393102,0.464945363559698,0.382599599248563,1.06253000527415,-0.260273643915651
gene785,-0.772294397255021,0.861859673410484,0.358053787851255,0.291947186068098,1.13906151738863,-0.0233701683025308,-0.392936878195759,1.0441781321258,-0.508237938369749,0.467450529694918,-0.370394956743039,-1.74795145463136,-0.206376944484791,0.190116308426856,0.327628307136729,1.06101266437574,0.341386036708488,-0.188586282083907,0.832246300539603,0.568881607227022,-2.27180269561887,-0.841049674730822,0.711686623220212,-0.428636885096554,-0.0249946860086536,-1.76909987555926,-0.677019838908472,0.0913355578565557,-0.23870390848748,-1.51511306577973,0.590354085850301,-0.435271516668335,-0.514128647055752,0.19654437880734,-0.304272634399307,-0.328177603075168
gene786,-0.0126717214897894,-1.19718235127448,-0.347107383386142,-0.407412135895571,-0.470356788206464,-0.619770972360959,0.333252916076861,0.284069519500285,0.416113242518408,-0.275411743601265,-1.37277970375791,-0.286559080646277,-1.21069345847827,0.304010575934078,1.40893120397297,-1.19161017567631,0.663536140459475,0.278123247239171,-1.18509943417324,-0.522810326939347,0.845191797470209,-1.37119006315925,0.138795385634044,1.03098388434334,-0.844196649746873,0.209200507964842,0.649527157340376,1.25401710539446,0.270313162939,-0.332190453928933,-0.154340547720112,2.82484301506528,-0.996082955396328,0.17734637217804,-0.478234381187298,1.14830318709772
gene787,1.11786357635267,-1.16375988196002,0.382349325292609,0.12080308913186,0.0857825560119213,-0.0294325597531448,0.124856272537938,-1.21036539844328,-0.891466439474388,0.34420624351845,0.0557999667427844,0.334252235693601,1.07337296742429,1.05772706407871,-0.441142625789374,-1.20262338103692,0.501460219920129,-1.22788613905107,0.907173287815541,0.426621179750006,0.0669064855083367,1.31387265230549,0.491727622329381,-0.594844845883497,-0.856739451364736,-2.20039276596239,0.664650011002779,-0.877216633569695,-0.238620173984051,0.375995574867556,0.725897118171425,-0.702047172768479,0.480415267471525,0.682498476579539,1.5650112755955,-0.135650229058284
gene788,-0.325258982594425,-0.767160995938838,0.0583480492643194,-0.520391425023852,1.27381765607826,0.734503949966172,0.230766490282141,-0.877209080525549,0.0502688244512954,0.220959988057508,0.515313745021189,-1.04632387265528,-0.66669510046758,-0.0661861458427952,-0.56431523423045,-0.212809357587233,0.0461235208076295,-0.506923184497518,-0.524986523274126,-0.0570368115381008,0.391061434020022,0.74713530258272,-0.225346034265118,1.12113088767533,-0.999983054393798,0.662942316053206,0.873462301078089,0.410770450293893,0.59908461527447,0.45223783350079,-1.15984056773275,-0.540082802868205,0.680740302708348,0.893603510602332,-0.393237282230118,0.883485203553666
gene789,-0.0114046896584126,0.103475038006631,-0.0673061602913179,-1.84419083852509,-0.767392130013472,-0.466828158182672,0.0305673365696296,0.0310329938511727,0.034452738483318,-0.0167112572108242,-0.6651242891026,-0.89153921905092,-1.08363577364942,0.369916973790088,0.143027392336031,1.21771896683988,-1.02671358833839,0.394008774876147,-0.166850795226292,-0.082594617446384,0.523652287797374,0.315642794432234,0.285494625137021,-1.55489504785105,0.977261736545038,0.0640144278057936,-0.462451437709845,-0.404914124212219,1.24449906126116,-0.470386376947638,-0.0078856655807499,-0.619317160816707,0.0865924052131764,-0.384529025030367,0.528892051176111,-0.503787422078167
gene790,1.36562676815088,-2.41198440662416,-0.356229772815837,0.17266251375281,0.405047580974347,-0.708845227122936,-0.0806692229236684,0.580050678858693,0.220957724101262,0.0930013791919871,1.23470650925629,-0.959404186244608,0.123392621001086,0.840415957006238,1.48725424043702,-0.643971525308863,0.415826183723312,0.594193185441623,0.291837585876497,0.186926816327565,0.938881646716194,-1.27294342490985,-0.624310690179566,-0.699498752211445,-0.233384440218176,0.051335864167436,-0.623925825254091,0.613329692676147,0.116375580850624,-0.305076898274516,-0.589652226379972,0.600481906724002,-0.327255903148677,0.409941885310189,0.394261097747746,0.309858123045334
gene791,0.258119476148989,0.21753265024331,-0.174133921670616,-0.190211749645232,-1.35583358387491,0.484185642339656,0.208465509204886,-1.43120705640628,-0.7094434858234,-0.206380340810005,0.514053603850748,1.2741866769944,-0.274816879833525,0.147994563171945,-0.577632641428698,-0.54147747155342,1.58454873401458,-0.763257359734549,1.66913584194326,-0.223068500732915,1.3360539865951,0.596846699913957,0.435116139884335,-0.572245059630422,-0.269337131821498,-0.887704736422068,-0.206802375292292,-1.78224691087705,1.64141051995538,-0.69231526916346,-0.906056258656156,0.0790706485357555,0.679711151267231,0.976965103208902,0.644960655712979,0.261754727743889
gene792,-0.73052874084433,-0.389549066977863,-0.362608216316924,-1.55365813186569,-1.30101261609,0.0775559620788218,0.319171752222261,1.27520953468306,-0.736196778716631,0.441598925791814,-0.91515753085027,-1.28925969670728,-1.17518707122835,-0.33098331184545,0.456345609841014,-0.876720199954122,0.20017132041695,0.586132066171691,0.380263572471295,-0.0755929937576989,0.124469846558488,-0.368468943537865,-0.455803335612283,0.828148061675401,0.588503586911454,-0.235969359857316,0.38516414449067,0.105139357511767,0.439062840745289,-0.138007771263288,-1.47881765593177,0.0948901650610217,0.426977795750654,-0.248360751049405,1.21860210233599,-0.115281066083274
gene793,-0.99547075442571,0.619877422289287,-0.557653185920923,0.248498056682403,0.0688636825094932,0.118534873408289,0.807078356751354,0.67949677076527,-0.726786169515564,0.144437917926115,-0.125034449500364,-0.397269341673866,-0.311845600662587,-0.927051371424327,0.383818550033225,0.354096075005256,-0.0468159919939618,1.32371883980556,-0.0081299140598249,0.101589788957653,-1.38036058029012,-1.16764971768271,-0.122853174132047,-0.105073459704947,1.23265248497084,-0.272953721471633,-0.444035360074499,-0.0679248115685038,0.353313058103414,-0.11316295762358,-1.10540613506322,-0.737492724837558,-1.01060184372569,0.379947885021949,-0.0684556598878041,0.0293351112401203
gene794,-0.492410174149592,0.221889921817233,-0.177805606933933,-1.88357818626581,-0.703962088159594,-0.199962185478473,-0.748601230763817,0.587756485762502,0.208051854316103,0.368794943129033,-0.320531928444727,-0.270535271577568,-0.255475779186816,-0.639680023834472,0.172788194607644,-0.201298589983735,0.542446036309526,0.505903485976913,-0.0880405225986054,-0.766586542675895,-1.26593426991431,-1.41035921149318,0.551044161881039,-0.144346029474179,1.23172171955034,-0.210828760104468,-0.494899184502239,-0.710424598264062,0.204609350232246,-0.0195178766728559,-0.344751398478344,-0.132817630696014,-1.00794647558484,-0.919379482058767,-0.878838381639446,-0.241814504474353
gene795,0.12381454878199,-1.29209407845247,-0.061962584184011,0.989777192802006,1.43782840849945,0.985631919847656,0.26855927994814,-0.321707614453919,0.764353093946139,0.405237906069027,0.725186896487465,-0.225700360808755,0.69157079538766,0.0996324896935345,0.162801988845891,0.227563317521596,0.341444541702201,0.0805941438728992,-0.150369232522929,-0.676180716806545,-0.927737005291498,-0.229759058003467,1.19813036143208,-0.854339820781596,-0.448636585986663,-0.166496581549009,0.463845543925608,0.511749963563994,-0.311707662258248,-0.131008880346944,-1.00423644552235,-0.530918666404745,-0.0976408433613723,1.04280355904332,-0.0172594543579456,0.0570861783804155
gene796,-0.479957286873447,-0.608451600036084,-1.08125248800303,-0.509937971630216,0.325197064203873,1.03609304074193,0.196364006864351,0.534871881817424,0.420281526336587,-0.0239576842052608,-0.533933236819698,-1.63819700275351,0.27202055324461,0.2916664670851,0.352359972962097,0.636376263061026,-0.101783838728661,0.0185569354092788,0.252228622739689,-0.436511681478708,-0.0286830721242218,-0.498974663418363,-0.330580175716585,-0.42212555551803,0.125531068873789,-0.34851483670549,1.09695113043812,-1.08529724480929,-0.0152450050126808,0.124746739155684,-0.423116312460428,-1.13890532221106,-0.460376260844767,-0.475415339359869,-0.186368146676628,1.12742663462719
gene797,-0.0102669767851258,-0.534287873700877,0.0451460706320082,-0.255371163754282,0.575225798541257,-0.0890987124588726,1.05159708323976,-0.0395469404642635,0.980522094437156,-0.775571116323121,0.347050693108178,-0.506234699055475,0.92180161297206,1.88948495070129,-0.678161031812599,0.310598327176031,0.277061413872837,-0.626259646184326,-0.708177156730789,0.082275017743743,-1.82257859730188,1.15449968761695,1.19157094077319,0.0548406126607648,-0.649539323912261,0.0560339372206037,0.585619916202189,-2.01434653740292,0.101957825309347,-0.783345740029299,-0.167667338677131,0.972137410236332,1.23779518418894,1.76211863999309,-0.165767785099325,-0.256996801250385
gene798,0.524492910732145,-0.100785162746793,-1.30065893205514,-0.179759985899251,0.012826499122564,-0.0086354519940398,0.599543755667894,-0.292948811106174,0.87361261636537,-2.22698998333858,0.0255186851127241,-0.0775657923372958,0.694570226964646,-0.0190993067604221,0.629202751298813,0.239995956318162,1.29085325442199,-0.992073240713764,0.317916129035273,0.229192208117202,-0.0707275192173939,0.470378398047607,-0.165695062538643,-0.879365250955674,0.859937052005892,-0.701985287596482,0.303372606731079,0.435377740615215,-0.0651937646169935,0.205242120595966,0.579716050972761,-0.0683777276742217,-0.968055051936684,1.28025127921119,-1.6891706138194,-0.606528964625771
gene799,-0.753093447020843,-0.112135301975341,0.164781124988162,-0.972179867236251,-0.407892698033006,-0.236583833617705,-1.40820150532193,0.654854602374336,-0.103623866531375,0.203418747151292,-0.809602975048832,1.52361746544089,0.176226744163829,0.661666018652918,-0.0724054812845087,-0.34072211236578,-0.34611462542395,1.28378894821456,-0.917371530349006,1.02531343939406,-0.589278118918334,-0.289804969981804,0.284449630451959,-0.938264035369273,-0.583970028815105,-0.381854981669702,-0.0521316589340236,-0.109870404424442,0.538818960675142,-0.332543835290717,1.20020776302372,0.0873695958703378,0.661234750254546,0.590060647153979,0.340005861524617,0.418365577054466
gene800,-0.292904726333124,-1.04805089620395,-0.798676443110079,-1.50293437203316,-0.107243942981845,-0.735277534550721,-0.561386830176012,1.33062386662855,0.635900993552426,0.930080823058543,-0.019262247718522,0.195320709701204,-0.163984221051902,-1.48122309300181,0.253700865324615,0.618280068930451,-0.538966725107272,0.0103209585331372,0.375273125341495,-0.80379954944606,0.130650416920275,0.586301087273898,0.807150165854272,0.0190924749559727,-0.656411365591695,0.27152248200632,1.00852068580428,-1.55358933117455,-1.08844053575945,-0.541956107392813,-0.319401291722863,-1.74342551175566,0.275627776052948,-0.345109486876806,-0.277744919764825,0.138766668838809
gene801,-0.761492837208084,2.22424594831903,0.0642767482457789,0.0622437163642985,0.923329936734557,0.0581791678492648,1.05255829665868,-1.15781701770423,0.66056579114999,-0.110212796080289,0.0345005381006866,0.0223363335827141,0.786658312965097,0.686084821805112,0.67006879216486,0.417183453808797,-0.284768165963605,-0.591970804617782,0.181564212267714,-1.72484676955013,0.518906294335293,-0.481614244050502,0.560390410350776,-0.857393022614858,1.23481420818101,0.114882083238716,-0.714149428947614,0.422576153500671,0.191106234126582,0.321544033046598,0.392869550107745,0.492810596438244,-0.304983357592057,-0.865000810449915,-1.02694742313001,0.0316071701915344
gene802,0.887372241010162,0.384095200234753,-0.721699826699386,0.0662091519826297,0.231858619350126,0.532574415254284,0.590221822782985,0.440718426148142,-0.0486444357661682,0.295414325013283,-0.0067122555541896,0.152016398361319,-0.236860297370986,0.317221416950407,-0.423300492760559,0.661321591787984,-0.334233247473165,-0.94193518948669,2.12710500823916,-0.91347317675244,-0.393295170599619,-1.07618191611186,0.665543483900901,-0.291401890124149,0.0166977730283515,0.101991158220632,-0.190900144752056,1.00266434231399,0.194497045046533,-1.20897333202708,-0.913348020113664,0.825062817437833,0.378250027571268,-0.977866282066561,1.27070574814927,-0.0461227111745245
gene803,-0.0710727835827189,0.660295949750487,1.40281629505733,-0.696665210860884,-0.509425410523664,-0.25988168985378,-0.0597461211260349,-0.119459843859049,-0.125564845209554,-0.0500430823838711,-0.644386684420414,-0.0838748249492348,-0.798821733995597,0.581647397388978,1.70191383680379,1.04273007556926,0.0620956451253723,0.0958603927588526,0.774699064160809,-0.0754675734822738,1.37067717781005,-1.62457349165072,-1.04308245016124,0.352208436507466,0.280033159965584,-0.730404518358061,0.887323486243652,0.183495660033537,-0.358529139499314,-0.409599107190223,-0.299849800516241,0.388444031229805,1.79574229488619,-1.04372907755074,1.01641966662205,0.808730823725016
gene804,0.541918415529772,0.0814850772052067,0.795513820830028,-1.35178079668694,-0.298708825873943,-0.344308764372972,-0.595885518682374,0.259174976755309,-0.210604653683233,1.01922639927876,-0.401191915477986,-0.984098650723375,-0.143685606527672,-1.21841495855258,0.77890113741653,0.121553087790733,-0.240669017545699,0.613724043626683,-0.79038014239133,-0.792821174715421,-0.172624565449541,-0.0737093717662382,-0.27652861492295,-0.109550153294735,-0.73328396132571,-0.497237708059732,0.718842151658734,-0.221836638325615,-0.374603698746607,0.197598691034919,0.101503061374648,1.27152282040388,0.46562563815693,-1.0152961132125,-1.38868034275665,0.365292691527943
gene805,0.0422324067770419,1.80087036371864,0.421403655016842,0.453311091577393,-0.502957237990811,1.05064131330808,2.40312654406613,1.22022430056802,0.649312569303248,0.572216887752055,-0.205031863062353,0.159414194893956,-0.249513515785745,-0.923527271845661,-0.743882162830865,-0.352559044608784,0.156315003600387,-0.569576871740954,-0.262864875057858,0.578847099097922,0.0695330348703445,0.850526328695618,0.213976695781587,-0.444015458168433,-0.31387214015218,0.624097098423,-0.0812455389144115,1.16994816682724,0.559139392926844,0.505424254449831,-0.835124336761117,-0.349537473392812,-0.345497202386926,0.203222670644872,0.405590518219206,-0.821364835850318
gene806,-0.787929879195655,-0.375795899729326,0.796191837593648,0.261393856736484,-0.43348127978666,-0.178349425318402,-0.548836969359819,0.687167987853396,-0.728898616742893,-0.0977063320081264,0.278140561148668,0.757291086130227,0.499299620844525,0.0009112283356006,0.751219994925227,1.00872913848853,-2.06541177271371,-0.697029409687967,0.658218358496989,0.108011323468371,1.68369071816731,0.100779117238454,-0.631102850584255,-0.192303223738738,0.352130187826204,0.245726277355009,-0.119359883554774,0.460885007419935,-0.262400246935993,-1.2501263091367,-0.296574914766258,0.204596444917079,-0.689739879135586,-0.291396081369626,0.876054460445554,0.799588227966254
gene807,0.773606190216157,0.0320225101440397,-0.261597458027355,0.565648521602318,-1.43091726423809,0.93738351705595,0.987989740562663,-0.546025646627516,0.10088674696163,0.35852978301568,0.0802179827049074,-0.742811054813498,-0.501980235853736,1.64121383213997,-0.44712248131682,-0.218474793648045,-0.774927693823778,0.40550684685183,-0.503499662075996,0.571365100283651,0.424298884832586,-2.18161682897152,1.01633067466068,0.873028464920917,1.03069961022606,0.440956401029223,-0.330333170668103,0.309835815963301,1.36047682515625,-0.622726153103562,0.804484808236068,-0.130538716138761,0.659158003167058,0.320690591528821,-1.47069656990695,-1.90649919145842
gene808,-0.310936224884358,-0.44016923816277,-0.287982252725469,0.0764363238087292,-0.654598829776725,-0.276050940255467,0.914078426271288,-1.0657539139452,0.0584079410346699,0.2889852994791,0.418025575646863,1.3373984222741,-0.662521296061244,-0.49615597661793,-0.290679767338869,0.982428855085651,-0.916374003999174,-0.162320126058119,-0.5017587214301,1.08360141365492,0.323502289182423,-0.351582761165758,0.616333143986026,0.382623727656146,-0.0448809823052049,-0.529824459282914,0.30222895533806,-0.944176812158385,0.369241178330808,-0.39729822986966,-2.03442090255278,-0.446426324482895,0.291310356369035,0.885583725424429,0.0841685811811929,0.0821081106719716
gene809,-0.593569212906082,-0.947296102263936,1.13617264840687,0.433977175625187,1.17516167272534,0.664330921957294,-0.979638864827991,0.160125667668076,-0.589116942369021,-0.372776207176706,1.96642686568091,-0.66649030332965,0.672121200721457,-0.926086495538881,0.231417572222893,0.366293788303678,0.41594017467233,0.672087823990489,-0.577611339879362,1.40317753010249,1.11057830514858,-0.935903058316092,0.131327832523207,-0.314303818750421,-0.447642577541174,-0.707691831726879,-1.13253289795834,-0.57656559859602,-0.0636070774263599,-0.290266776144325,0.709405020657327,1.90466868512267,1.24463173045422,0.32476263620818,-0.909584284855822,0.0602080415541931
gene810,-1.61804781762671,-0.643253414781072,0.0545125157938433,-0.973687509343066,-0.561951697514792,0.398997677263351,0.625311710443727,-1.92864179561541,0.292603856272356,-0.89362736854402,0.559849363414765,0.586299532821761,0.789227308821858,-1.17494956130698,-0.102401632802145,-0.790500638323386,0.741901427730183,-0.611361675444317,0.179243454628088,1.81353203314951,-0.533849906937615,-0.967511214989854,1.13406413919277,-0.335377942095473,-1.77595222547929,-0.118647337563732,1.66689133804038,-0.322107963274643,0.589197735882391,0.0697194300682464,0.166153117809991,0.527473428742189,1.4519555367084,-0.383406667966221,-0.003149596127273,0.964513063588528
gene811,-0.0567808989897233,0.221543835622948,0.467776156599595,-0.394664898763621,1.11084484509362,-0.0755054091193366,-0.758004155148538,0.344917747791299,0.104340809521343,-0.18826017514087,1.20162295023443,-0.537744856679205,0.225234673123395,0.217546622419171,-1.01417151380153,0.369145861556501,-0.685528782519721,-1.43805735319477,0.318427877007303,0.635165922392982,-0.67209141262939,0.359817063066327,-0.609711057809145,0.263883506149053,0.797959676646447,-0.165193661556578,0.226820882570563,1.39859886407648,-0.0431055795624555,-0.174049730923831,-1.18159513727773,0.207014973809005,-0.712916208065846,0.313862691446695,-0.281493876982786,0.338715386173237
gene812,-0.392337001189443,0.694489978630941,0.511143513863138,-0.349710324828854,1.63106297644342,0.885445590904882,0.0920256244968916,0.147438955590565,-0.344946634607977,0.853136844150222,-0.0050833207333782,0.383439164994165,-0.541610359719546,0.753839280390184,0.047468598731436,0.179327734214919,-0.595049344770823,1.88046460650081,0.161231383595265,-0.711758426512769,1.61462495673273,-0.0453701473673149,0.301264687215437,0.332927069989959,-0.950205592915148,0.2319492524125,-0.126521359096868,-0.137752597330126,0.873913300884751,0.254780168068364,-0.268264336150325,-1.04137011268408,0.486431252102913,-0.722261274423217,1.11475623017655,0.304954479875635
gene813,1.18103425467402,-0.563908326734591,0.87870239886764,0.0879243291283687,-0.29295095318692,0.916356740865477,0.296139420714059,0.539563217648183,-0.499383306576031,0.15496152133624,-0.0983671381513596,-0.346875242293491,0.202283919357019,1.43563066749128,-0.475212763999859,-0.354717141607948,-0.509385087514399,0.0168919503020277,-1.0363443282717,1.20145694803365,1.1402881218031,0.452889757700066,0.595019978838945,0.661914151783551,-8.95148538565767e-05,-2.00845510894624,-0.785228244752285,-0.884776805822839,-1.051613952413,0.749924733199139,0.661516268991374,0.816293311756336,-0.65854806121224,-1.17893353155445,-0.659009053827838,-1.65348106981429
gene814,-0.227458514455339,2.09604571349701,1.25292712582281,0.898794622731332,-0.1598000887746,1.24912736089339,0.715867354316575,0.827009321832678,2.56263722111303,1.02625344223674,-0.196048962747792,-0.167924290468893,0.367415254548646,0.739330679167616,-1.26121119595491,0.5771091150735,2.45436360322685,-0.635985162725255,0.721153345293683,0.613526516088014,0.453153034714385,0.266196564565055,-0.760611648911294,1.84415071213887,1.44382281477326,0.596011534511002,-0.116030299919765,0.309735533847129,0.321187374850122,0.13174820633017,-0.0785805821837526,-0.261445308540546,-0.775107020728779,0.335240275954201,-0.593352873995003,-0.342080212219244
gene815,0.174700997410708,-0.23322020246169,0.581425884388791,-0.400426735391964,-0.224780524627029,-0.299840139249093,-0.702364596759451,-2.05829314165899,0.354367315029436,0.662538552518821,-0.733670828981302,0.214732993220163,0.239657061683316,1.28760449375568,0.306268650248575,0.503528726418856,0.344055785358979,-0.0258958671023655,0.194886691848586,0.536663459830694,-0.898827585897799,0.323857294158724,-0.208113867546826,0.592031371001078,0.308149940719047,-0.996867484727991,0.590982295850262,-0.118878837349219,0.0770212647820404,-0.122969217924466,-0.593044386234776,-0.407794833434132,0.30548456726836,0.982554109536539,0.659246400641159,-0.265196905900402
gene816,0.851408806764352,-1.15073410726535,-1.20479427228495,0.39839443859416,-0.692052176296773,-0.392954309224818,-0.620917860619828,-1.20437593945843,-1.17257964118255,0.0899148445327029,-0.920776402022951,-1.0683250060351,0.33300198619039,-0.779542613984546,1.28141015053058,1.3863011640916,0.105103351834248,-0.131708759350943,0.36870114133571,1.55049555743542,-0.990757547876999,-1.27275478844564,0.0399691822235669,0.577238729548753,0.48759931447053,-1.19314999193564,1.37359946501541,-0.222024803487481,0.810184474789164,-0.106040590488937,0.225798649560743,-0.650240166077129,-0.273015569172312,-0.569933978452588,-0.507517700597727,-0.79025529110756
gene817,0.400232566973125,0.683256609728644,-0.894277753365477,0.86595269696452,0.349963093278182,-0.0176966898175649,0.749255208128855,-0.465308872346202,-0.572326440382098,-0.307714375620786,0.667179604681865,-0.248550664362754,-0.878375213336734,-0.534207896693698,0.658010221257225,-0.325190363920456,-0.606478997079666,-0.0401709932572208,-0.814381982296716,-0.49417712261726,0.0855714653785292,0.670106685046854,0.622297902379133,-0.701319655624835,2.86907432535008,0.0225839964990246,0.252484444594886,1.49964092933753,0.137334852828249,1.28512537230067,0.0327998955649593,0.844412126099018,-0.921089891216833,-0.61026556121011,0.344695185697056,-1.26671134630717
gene818,-0.925393709902542,0.278568573941866,0.549462005328826,0.834807760455139,-1.37247874001057,-0.665453123261191,0.0646856976957759,0.210532089550401,-1.47187685513691,2.14131210310113,-0.690585346520104,0.758103883621443,0.239441970525632,-1.73306901516171,-0.246215531618925,0.539787699686017,-0.29988792448999,-1.73930425967503,-0.728027345034741,0.0914555294428153,0.301351590001011,-0.722836741775056,-0.566040271910454,0.0371224439113349,1.04661693712647,0.0216328315970875,0.735673392999989,0.607327206656096,-0.885007680363068,2.86136229916531,-0.0213801611129669,0.384163027610701,0.519479273878286,-0.721376447773497,-1.40446329504464,-0.262670546456434
gene819,-0.408686797244322,-0.373158114534982,0.101816910801681,-0.38245911814708,1.92028859540368,-0.760987224538373,0.112204985253055,0.332640328711684,-0.438795484668325,0.335814149836742,0.121616797412263,-0.308348978303028,-0.445806626865284,-0.458501234562257,1.31060912513606,-0.123062122021925,-0.563503584272258,-0.675849502851933,0.871550132372513,-1.24061917655592,0.311707903757049,-1.36965217103163,-0.42778604315043,-0.316264759047955,0.0289433106304651,-0.815558613467289,-0.022779396322145,0.312567330646278,0.696920904358553,0.0819993089628156,-0.0316930839856237,0.566465661353717,0.160661276645838,0.933621322834194,-0.39468939950989,-0.723105096145311
gene820,0.381648768575605,0.671874218850454,-0.261974395007104,-0.70527675136555,0.106179618689867,-0.964739178858039,1.29809293491706,-0.271064625752643,0.684756290409737,-0.0887535037178523,0.0171490501074377,0.726735250007329,-0.483810876449162,0.0382977443364994,-0.382133681747849,-0.272437782860159,0.973324502417472,1.94605611922152,1.40611714064611,-0.543596097345504,0.454975272276659,0.202406281187659,-0.980812612856027,-1.3424193791319,-1.05560162331188,-1.45697103839794,-0.771910504512657,0.319477388601926,-0.204036009601768,0.20611044370746,-1.06172530685211,0.475914390375862,1.54851676449271,0.589124556957853,0.176137796145886,-1.17613009497748
gene821,-0.516477934876981,-0.0830140421503568,-0.490777698860885,0.057886644436001,-0.307075501449304,0.468069606468826,-0.0552374618485548,-0.773724298154777,0.391684123616361,-0.420976225110883,-0.691143014283127,-0.890123428359048,0.378676949820996,-0.292235318552321,0.544925905877328,-0.0966986381372568,0.782605239140348,0.603128714121101,1.99763055483675,0.60432455069176,0.53874195615155,-0.299462574177556,0.55668612844736,0.021748955238931,0.236455621624953,0.634034889451805,-0.0393180197057507,-0.557757292230244,-0.26168986004972,0.469770274209312,0.853456734560757,0.324183705103999,0.0916199106171551,1.07365096074715,-0.690498193019,1.05024964556628
gene822,-0.635677956942672,0.0934439239633692,-0.228641774676595,-0.395683276444424,1.12125562541603,0.126859828953244,0.6454255301959,-0.632400470753126,0.32591757828467,-0.336985665114454,-0.623695496685909,-0.703883354150757,-0.0750900325422792,0.296609909410474,-0.133180611766826,-1.06792143059668,-1.07066446432187,0.155280181530889,-0.507690150233739,0.80319847023604,0.660625417036285,-0.115983897366837,-0.186241553057849,1.22836896114041,0.308751857832457,-0.0985123218683986,-0.158345262775509,0.160255981916731,-0.329984041907423,1.42700919533209,0.0185294241571402,1.16831048488786,0.280330422029017,0.170918246084894,0.76971731817322,-0.505311778718883
gene823,0.0578013602688938,0.199307078485453,0.141098611423296,-0.702644487328744,-1.19221473215488,0.440324817848768,0.377924956790286,0.0619568561167918,0.681657401975059,-0.186642314174076,-0.177340647647924,-0.661918354679917,-0.991504154704296,-0.853562954814731,0.0513942223178843,0.276365758813024,-0.283685878832096,-0.0339903490891028,-0.612524340714167,1.53249734632945,-0.163294305860927,-2.17616348783109,0.900931908744468,0.498267714987997,0.133187360079094,0.19030478488144,-0.650682461325322,0.671009810056216,0.024626039231535,-0.441798113677886,-0.181501529443874,-0.0073464600653054,-0.125851663724916,-2.32533610851894,0.869164724121243,0.147850350891796
gene824,-0.199427534913335,0.161263887095236,-0.0948352765690626,0.018151088006444,0.650824644409447,-0.443632651195446,1.48645653521157,0.446477495592277,-1.03928746945266,-0.594540372858679,-0.876329149536282,-0.0513051990320495,-1.09944381257474,0.303777315714714,0.0405140304615261,-0.93099614230162,0.153454222020407,-0.105007934983498,0.25039139106343,0.644923359939375,-0.230259208962493,0.26115989967854,-0.260832055231492,0.672639282638877,0.228011073514945,0.151526847386037,0.113756797010779,0.34717247442342,0.0033142859443071,-0.888861879258725,0.625859696996167,-0.314344557231681,-0.770586835862639,0.236689446901636,-0.168852162139906,-0.44101627083081
gene825,-0.962764093744556,1.45635325212202,0.862729133389571,-0.666726871010226,0.321724645789341,-0.345049664870371,-0.444225141404631,-1.84297684373789,0.739013664020073,-0.0110181838895512,0.696124009958103,-0.111803021419345,-0.131714402057716,-0.198146612159981,0.666323386473949,0.213753036964917,-0.815452650379054,0.215646526632881,-1.46945374652129,-0.306864368293218,0.0093847066693622,-0.499522685120532,0.797619117250357,0.413831335010876,0.277688619700295,0.912506274932915,-1.03839963224889,0.312822807055103,0.819318706796605,1.35837914878997,0.0137924824453762,-0.416062526436948,-0.249882334547186,0.0954120145894779,0.260689346397227,-0.336259707196771
gene826,0.903812036163232,-0.584763766099276,0.525965671711156,0.352839348728204,0.399428194728828,-0.0045364923384578,-1.49842977823519,-0.47538797376794,-0.157183137314757,0.0142263940608424,1.77892092453149,0.0281125564406751,1.43630429620408,0.018606576283195,-0.0934408643099586,-0.252260052602843,-0.753789382292534,0.447275540838716,0.0918107895404962,0.106287484037496,-0.0706965112948498,0.748606602694356,0.619486729531006,-0.77656170961499,0.0139373452280368,-1.07386958540271,-0.237371752340876,0.25801021239396,0.966634855845762,-0.0171439671955507,-0.856867583075393,1.10310740075512,0.507782367693742,-0.659551186934049,0.252724271209793,0.410488761607567
gene827,-0.105164285477808,0.242869513317074,-0.984232424781048,-0.155809854022158,-0.847680152188662,-0.361596703846396,0.506212947355866,-0.687867994795149,-1.10326823920442,1.57476494900177,-0.306910738358254,-0.108764497449351,-0.247345368429888,-0.229695193956221,-0.357468417933552,-1.17419353922411,1.04751384242893,0.285171617196493,0.350699506385406,0.0159038847820121,0.573007984302894,1.00500265775526,0.113312324763394,0.465068563352046,0.176150367012221,-0.0787502910779698,1.5781206274514,-0.555403542519358,0.684771607919681,0.95604258380835,1.32304669338281,1.10190041550721,-1.50951376115791,-0.330044869267296,0.0923085454526314,0.306090875601771
gene828,0.0122534523284705,-0.0432095872656912,0.138689189618681,0.0185374493265492,0.651117081055701,-1.47790382987138,0.183962387259339,-0.436082211330571,-1.04076774003584,-0.180570254907872,-0.665710100639495,1.03572022266115,0.602490001142618,0.591579385548295,-0.709447756770337,-1.41622029190351,-0.177745121165473,-1.122298767976,-0.18588021096526,1.31621772704224,-0.163586003769486,3.07137991776062,0.682085245874916,-0.848537871725224,0.166786721082801,0.442279241269908,0.0026773497396002,-0.106829844676099,-0.0458397908119427,-0.541308874562908,-0.18594949633836,-0.0831331039231308,-0.162030145419834,0.21060397996574,0.640752568871575,-0.167799087054195
gene829,0.866819670038801,1.16864195007229,-1.21629929383706,1.19327170298465,0.0625762465519865,-0.828059281912997,0.0893922302251314,0.396910125623162,0.420214930740947,-1.09326817989842,0.899324181927151,-0.387562814358158,-0.294094585894321,1.39394683316186,-0.657620972302697,0.817255712964477,-0.0344314307924224,1.63309673880545,-0.430498472704502,0.187926545372747,-0.0513706017724623,-0.348129865475917,0.560982445851077,-0.673982037872851,0.304079031546058,-0.454199661370632,-0.353436739542692,-0.289814251955655,-0.498992068167176,-1.61608105925934,1.53992337135778,-0.876667798209444,0.668627448996928,-0.64310566378229,0.777188848087059,-1.22805645134472
gene830,-0.999159492924446,0.805106889460757,-1.23094723576497,-0.584087312858342,0.153985530002945,0.0570276173268409,0.666939005582455,-1.53814143955025,-1.12199087614924,-0.501771326963013,-0.713263429181989,0.445396758463779,0.305159467949761,1.20231574058198,-0.375014103635248,-0.126437009220373,0.174528570410448,-1.69265094761683,0.252011395390738,0.0866000508072658,0.778234432756366,0.701196810699596,-0.212549872867891,0.385282860941346,0.0941388464940934,0.328884258028518,1.35383963909605,0.130757507142725,-1.26790882159053,0.574931527180635,0.533436134593112,1.54607683931965,-0.326134465633889,-0.663688037310768,-1.04260961316411,-0.217326860615271
gene831,0.0808706567980324,0.447338459476119,-1.15752608033346,0.651569856466996,-0.764806181523963,0.662570244893271,1.01828820365335,-0.857689832395952,-0.353492257422497,0.12153962268449,-1.15958766906601,-1.03226196543048,-0.402039157241804,-0.193214803835966,0.422555001785958,-0.317876491216942,-0.884513632149984,0.0230928879526676,-0.433033212873348,0.521377060306163,0.114604346321272,-0.690697871788042,-0.477120305940099,-0.388932412151206,0.825996867709665,-0.918184217934836,0.384996385770595,-0.82851527737823,0.646356636241484,0.45431763497101,-1.18567493467432,0.391308636075484,0.0316059962457442,0.127361291267712,-1.06959726600595,-0.741422336298921
gene832,0.412020444367172,-0.738263877574059,0.252385526306788,0.0474636449829374,1.99269931446527,0.0410619803758293,-1.38856664284923,0.337238229874156,0.526919361351121,0.902412550960236,-0.292373312794046,0.0262875485656681,-0.394345342843406,-0.36629098312006,-0.116190133635763,-0.265972316740723,0.961125777334344,-0.192498506368557,0.371901882294639,-0.827026708069528,0.27586014882634,0.929771885513481,-0.0615648750520072,-0.430860745671994,-2.45605193834093,-0.902830677500825,-0.660432493354891,0.191409766970858,0.164552928915048,0.49643157110284,0.31651378908219,-0.556853752244166,0.380608649000849,-0.494484662836021,-0.613945623676966,-0.102126779571451
gene833,-0.100794743216595,-0.500808230293286,-0.347383784950994,-0.329198481151464,0.402604483278084,0.730986433218762,0.631635414847037,0.981476078965447,1.50140272907169,-0.440567244745467,0.0832541281737693,-0.391499299384035,-0.381351762055171,0.566275479230923,0.214028720832679,0.770867036014919,-0.207267659477006,-0.15445964008218,-0.620787055278338,0.923870333470436,0.613389861454902,-0.417918528584025,-0.259821375207033,-0.486104973714014,0.0217276204174722,-0.332601158365543,0.170110622345297,0.53186027009728,-0.327070409937576,-0.461585457679919,-0.390070434974563,0.0970812229425299,-0.673913607230938,-0.575915658399166,-0.841094408346627,-0.537309220248465
gene834,-0.100048832932562,0.400504509169957,-0.305381444217867,-1.04503582252689,0.821319892317562,0.235126039648322,-0.0551131475403766,0.573403377110152,1.2369990078097,1.07408622745077,-0.194496708065094,1.53836938558998,0.158731847612326,0.196930373016738,-0.0363582636955682,0.399459252983293,0.202623332400014,-1.2446547419678,-0.208258940090621,-0.52659425202934,0.271831862726285,1.05752744709458,-0.836244048813557,0.368453244474402,1.04293074315945,-2.66686292661165,-0.95411456572312,-0.807613575996031,-0.906328094112558,0.344403934360446,-0.501514160845802,0.958097398707777,0.212530287345071,1.01248556957379,0.477059684719234,0.643060194048462
gene835,-1.14297854009279,0.115149305188958,0.295977171545999,-0.200290340354546,0.544064513804298,-0.271345178320568,-0.374581930844919,-0.383044595863218,0.423282319817202,-1.3875873078167,0.169216869009921,0.206344576018783,-1.36478112034615,-0.0840904168534825,-0.0107502232715069,-1.43501546987541,0.871449301736486,0.207313784553163,1.46532259264497,-0.502784558120198,0.181680704205734,1.92895516873376,-0.230244456393733,-0.753433740207053,0.511414647250811,1.88110661877436,1.10393156124024,0.448954030647695,-0.978048012091717,0.114984084039137,0.229242566240058,0.0226712256234181,0.382338160463603,0.3735724805942,-0.458358171183161,1.23951134782879
gene836,0.786193816088752,0.533190050380948,-1.14165040711316,-0.224488314622149,0.914320374289726,0.101401374164437,0.392530536397449,-0.147760131434707,-0.16321477635672,-1.08630628675336,-0.169051534404257,-0.177080905172931,-0.567193628201352,-0.804163322354594,0.811969934263886,1.04543937021616,1.25025798883715,-1.66289895602979,-0.88239911076577,0.989829161596853,-0.777696165809044,-0.685807641218468,0.488592149372741,0.713825910100878,-0.734018564053919,0.871121712883968,-0.832094640595535,-0.0191640179604322,0.0234702102640447,-0.673050600476925,-0.101379666593856,-1.09686264831231,0.326490386774308,-0.224278184124152,1.36205031434015,0.858960227089901
gene837,-0.261895543791318,0.572866417464619,-0.96451926750557,-0.513967312404074,-0.950368657593255,1.31533283503004,-0.813704755161126,-0.711408752115346,1.1521734290745,-0.461341577652451,0.35447247517171,-0.737911179384274,-0.0593542349688764,-0.11039450045677,1.18351303243901,-0.315293126080745,-0.0206611966791463,-0.24951202225297,1.21530648709307,0.136017243455981,0.709505561371687,0.610475634623881,-0.697855994072002,-0.521524041655522,-0.400081427142819,0.386014465879367,0.433172812446794,-0.087337649608826,0.705883866025681,-0.0827871891274058,0.389195610942259,-0.115219114534211,2.2333451176035,-1.37222239940659,-0.599336075067529,-0.431011965869646
gene838,0.489535554801806,-0.889773188331004,0.413332830292162,-1.12630466599096,-1.10474327584616,-0.543515803184222,-0.548972766961966,-0.459858097896493,-0.570290010807916,-0.927176157790504,0.0167260020684407,0.626132823801204,0.548400628361887,-1.17159507289228,-0.709779584801071,1.4235557226939,-1.00104851452353,-0.785333200018646,0.408558807924004,0.887574218927863,-1.42223774117945,-0.196886540618841,0.0688358880648274,0.186934041626744,-1.08402364862212,0.0831195035859191,-0.895267035360289,0.846965721686501,0.325819730606373,-0.847826443091413,-0.198900261323192,0.0204667108384825,-0.305674181847715,-1.01555752726026,0.864983859917743,-0.196463748658524
gene839,-0.988642243911764,0.468780619447787,1.59603524599229,1.17387850757454,-1.04056586139948,0.265922686880043,0.421126931606136,-0.240868206322915,-0.312716812902685,-0.744911650675424,0.223117085290557,0.355840904445272,0.907884160282362,-0.274932675282009,0.923323934618303,0.989166739223964,0.358598934773201,1.58001911982365,-0.35280989096521,1.43954585896958,-0.0009881811359014,-0.297835922141486,-0.117399678183547,-1.12086001855975,0.137537912448664,-0.516062892282721,0.204247759767089,-0.131076155588383,-0.427848020149211,0.0790277069902263,-0.352920212814778,-1.00998929855322,-0.821335614242247,0.338859875085576,1.20967302582427,0.26782592510952
gene840,-0.911521905191187,0.0170776468387279,0.191883362347232,-1.50815423923091,-0.596679960683324,0.154948458249742,0.22857065224498,0.201389284234799,0.554165970311271,1.01935858499177,-0.470191254274809,0.746749450361973,-0.408679014082062,0.0224109758587738,1.90544747823418,-1.07154423952608,-0.146564977658474,0.231846415181314,-2.01674025734726,0.683450660543864,0.421337503320727,2.0212930727766,-0.204303447610948,0.488208354579507,-0.613264560724575,-0.746845955742555,0.488206939119748,-0.145967341971908,1.77139333877844,-0.165487163750343,0.166069338850068,0.16997462509405,1.25395725450585,-0.189065794594118,0.424299188952224,0.571163698832666
gene841,-0.970803141195279,-1.05028648009545,-0.34331202209265,0.486264807815804,0.0470995138476561,-0.0438701183721826,-0.340338177546338,-0.865114983728771,1.0160000555014,-0.264828830615069,1.59685610833632,-2.18870409702937,0.114724394869372,0.967134431246412,0.103054972659319,0.743193692892412,-0.437601189703417,-0.373129760554891,0.527467269871667,0.409717563265286,-1.13602858772048,-0.117750383371734,-0.0855651678922661,0.232823673858799,-0.487093100150544,-0.159278994537022,1.40961705348299,-0.504284475478943,1.07370296953556,-1.68091074686341,0.448410677265795,0.654391952675651,-0.174104536745075,-0.0549855205703646,-0.507504335997252,0.263242223137176
gene842,0.108784943376659,0.688931529980476,0.0609013280922633,0.461606379521823,-0.179974002901809,1.40513975708305,0.420544313027576,0.036214459056143,-0.75135531094607,-0.226247849830707,-0.348195928656624,0.909986852233427,-0.281556595603704,0.229912250457781,0.323246316794693,0.126576963325235,1.18828844799259,-0.769752131289395,-0.544227428872235,-0.197219538680408,0.397177026892418,-0.307640934898281,0.665663968829116,-0.348173260714608,1.2652151567631,-0.0202219953981362,-0.285451856858722,-0.722464983609354,-0.786565651421589,-0.326885364299227,-0.455725425707281,0.600562569351817,1.50255388085146,0.234179755652729,-0.903162468458294,-1.27704873195664
gene843,0.0547424049002535,0.254937911247248,-0.048044801048633,0.447147915764282,0.684328595166349,1.33368275793455,-0.591511234533299,1.06163550931708,-1.47154838782766,-0.51462380609837,1.84182547802317,-0.146143979792559,0.122341410978171,-0.153992649576167,-0.888360340825465,-0.68452167291889,0.78226646728003,0.787790715383724,-0.907613117463638,1.23788026214162,0.618080811423848,-1.118151346899,-0.330968864149241,0.282420377600097,-0.591091534406632,-1.24486749022162,-0.277082708409215,0.611795166411505,-0.53132913516853,-1.55177945789003,-0.391272925653673,0.511100558428119,1.83773664111042,0.523893073993344,-0.0870935404878376,0.435867368666402
gene844,0.17247929540219,-1.30707945361308,0.503408007870841,-0.0770639940589874,1.05716979496381,-0.74680701966628,-0.43872242916075,0.83943464341962,-0.584645041854472,-0.798856041374618,-0.695939765786142,0.474176101150964,0.779294890848329,0.288166748485387,0.654230018134754,-0.0637316266689991,-0.203144274707608,-1.34256027468761,-0.471094700313548,0.48471339091245,-1.10293942967127,0.653274146647611,0.285708786963122,1.52465433599204,0.0544204201737256,-0.180170402599701,-0.588771762805437,-1.00348381575341,0.765331439035358,0.360290196275754,-0.595947780665557,-1.06909300963653,-0.136200893263213,0.0276448040997187,0.741744023414701,0.0738905819782222
gene845,0.0181459351535296,-0.0987395556612582,-1.3611408872723,-0.312477890016118,-0.56000672752965,0.177655838182222,-0.40416072987249,-0.130631184865289,0.690630599863431,-0.0379150091741557,-0.0670918169383275,1.98534725356228,1.06667136844743,0.778326643164019,-0.331461980987595,1.26362154344927,0.455205622045356,-0.288591204584143,0.0512281188975151,-0.0587239363720217,1.33647112688535,-0.226925790949742,0.664507798938146,0.694796888928151,2.48641181797452,-2.3706275854308,-0.357883826736289,-0.145970474158822,0.931046967876569,0.250715096307771,-1.36603552691439,-0.907283230184811,0.277185384196204,0.261682725872796,-0.391437159556931,-0.652042677046152
gene846,0.527588455579507,-0.936817371596032,0.430953439026707,-0.0131275732325486,-0.514916086056304,0.536104579292096,-0.469042952191816,0.342883567395779,0.715565650749079,-0.106876615467451,-0.202928749586594,0.279897339375378,-0.0217066726029074,0.273690880352934,0.386892544723874,-0.001469992004839,-0.0156219940355556,-1.6679880169697,-0.0458570955390177,0.831854720785083,-0.0926108883376675,0.889352949024864,0.753078315180329,1.02879684215585,1.35268967553823,-0.914747449169653,-0.384957035608649,-0.629093868610493,-0.0955096303453879,-0.443373214864934,0.506742377535149,-0.693255322475664,0.0021272632368427,2.48866611029008,-0.782780046011214,-0.77027951360715
gene847,0.867097065413784,0.283211384332876,0.935804466363162,-0.15822926608931,0.233579357054264,-0.327987955473744,0.208682897035522,-1.10403766191969,-0.29923957304569,1.08738504106051,-0.740511879339247,0.314070918997652,-0.435638258282575,0.22481234470014,1.29133118794814,-0.436850264246841,-0.927774489380986,1.2538207626119,0.272549795405822,0.348345293799485,-0.0758758337782451,0.139098598119727,0.385917124310422,0.741198087293979,-1.3784069969309,0.474049483587217,1.34701679517,-0.366481465972681,1.42040105685022,0.300925449740226,-0.104100784293803,-0.388705765490682,0.671631415889519,-0.54111846014132,-0.568707178964491,-1.31122102275737
gene848,-0.218831455260546,-0.374366622688942,-1.11988673268244,-0.170822614848643,0.288093935861115,-0.548148710327081,-0.0340497805672315,0.093209103557509,-1.34191172597011,-0.20476458558322,-0.154157482082693,0.851584083632579,-0.622799995548676,0.0977539816684197,-2.10963905764828,-0.553979283017662,1.32994317363641,0.220767209302353,0.256361172782174,-0.284276823601756,-0.767785574556966,1.01384887986836,0.912956079160634,0.704513226011992,-1.22245875761127,0.222058280787246,-0.908601094278509,0.21555328796375,0.115959333947393,0.129539644562063,1.65520446975847,-0.740775677785829,-0.265577566991886,-0.315407746782437,0.637744049735173,0.135847672497234
gene849,-0.0132324507186406,0.261166888771866,0.060478649668992,0.929967734427954,0.58936778664538,-0.354422283434926,0.0497616676365808,-0.839375101215989,0.145370741750302,0.0787615495944718,0.0784653989795129,-0.701681238643532,1.78804369943127,-0.825612002122503,-0.001384506431321,-0.581523630655387,1.2437222759971,-0.03877343231698,0.273850991219219,1.44012782279978,0.412925644581523,-0.0825300241950813,0.177361149703351,-0.0989860377137385,0.932276995151273,-0.563845744807171,0.616908713784965,-0.116116320747021,-0.010037232262876,-0.693344839008657,-0.307090011318515,0.393852806534167,0.0445776817722957,0.0056982554065203,1.29655769312821,-0.686035709992512
gene850,-0.642587528038347,0.875012516073249,-0.418889328916751,-0.0154870404084083,0.905657760157205,-0.752101564823139,1.31380158859032,0.23296872333892,0.231665332405799,0.056152821414638,0.39446771555019,-0.166606957665515,1.66875349569528,-0.0532487172474358,-0.631201166933354,0.211970147628136,0.414616109673376,-0.310374032031045,-0.050864297190147,1.05455431501987,0.452541520769662,-0.623451171894175,0.109161172696474,0.320973059565591,-0.257142180807852,1.46343337257102,1.75504495956886,-1.47386669928149,0.515077463331383,0.356336885127143,0.785369904048523,0.350692161175265,-0.124627993422276,-0.525654642315395,0.240437389904037,-0.0975564670010963
gene851,0.313288957271736,0.360576241723722,-0.3193160160761,-0.892562285644806,1.18092699228022,-0.361097331818835,-0.680854348850548,-0.549869173332754,2.07992013041484,0.436711326433792,-0.140952248967957,-0.103336473750407,-0.854252164779448,-0.0158346806606069,0.434734259485268,0.117255193089012,-2.0872334465062,0.933340793457753,0.700146845253951,0.392163960384721,-1.01202036835025,-0.679585615421905,-0.676861723222053,-0.903171812262015,0.48290390317341,-0.621249965504154,0.114501676896609,-0.750219713264642,1.48664438001725,-0.0728048155882954,-1.09160322946607,0.871325101518451,-0.140126534223974,-0.499814478094222,-0.175053998234575,1.0074069267389
gene852,-1.37301246134067,-0.749357918819157,0.373187137848863,0.281106989225629,-0.61523108580778,0.109202953534429,-0.132922100304324,0.929437429327723,0.433717933844981,0.356630170528736,0.470635629415611,-0.0134061161239444,-0.44401190487994,-0.118623488246655,-3.03649838495827,0.02820960936261,0.186432453542112,-0.0902262158832542,1.14252501325583,0.0198331428844414,0.844014306783949,0.573603143963006,-0.613957947474118,-0.456236879728681,0.741332867481172,-1.77039617456656,-0.794466087947789,0.146575153495449,-0.352711836827925,-0.449288622852292,-1.26473121107742,0.102761093773524,-0.265228845163076,0.662259730148447,-0.398810901345772,-0.761324049788652
gene853,0.481165515540939,1.03190003824453,1.62994210506391,-0.0559213335442315,-0.272928933804548,0.347146299798652,-0.719706122854095,0.277145417200137,0.0229036694352037,-1.05671109789871,-0.94175744388836,-0.546242440225569,-0.761737639706706,-0.360016885835103,-0.678217098039887,-0.828573196105125,0.20276341790829,-0.459031992760067,0.112668630473446,0.105478665295022,-1.50638151212248,0.626266727651271,-0.727488377478528,-0.570609282235308,0.705434895081902,-0.19839567630771,0.0631088445179377,-1.0528096022725,0.434610193405326,-0.949827936515962,-0.187728434643211,0.169507927406118,0.611205600218378,-0.746823551605591,0.842118335183873,-0.474194843968508
gene854,0.117045440462755,0.0612948527884033,0.682399767306243,-0.302752474805408,1.12455378061366,1.33621673780426,0.308136891034699,0.892238602908985,-1.24417842288672,-0.912918923061638,0.0213349828065774,0.59300902421286,-0.103895899790406,0.0593350023149962,-0.001743039280367,1.56388153295621,0.151441163159401,1.2331929732613,0.670948143603735,1.25742772688039,-0.457908047749089,-0.214030681571218,0.417373561719072,0.144906441807609,-0.515219027784109,-1.18216064377918,-0.517202533286006,0.855009080729692,0.809280635522484,-0.439326287010335,0.0458621134478166,0.515760779567352,0.333528177015185,-0.0017126245401441,-0.859255264790851,-0.254677298104132
gene855,-0.166338571757804,0.331833464251739,-0.594983286088029,-0.0431186599281357,-1.11962390263769,-0.0850267724703689,0.919838142580687,-0.600563921874159,-0.297467087176097,1.27310702066542,-0.417011963564921,-0.130965777731499,-0.175955922120835,0.202756981469491,0.116716100769602,-0.541812142058774,0.213224503884352,0.327679603763023,0.338276747021107,-0.248590068676458,-0.782907459432398,-1.92783472807691,0.29410465092672,0.075609059069129,-0.769344062577111,-0.477918878592215,-0.538328826186782,-1.08617693613156,0.931726709640074,-1.59642273123224,-0.342548879018267,0.604848677770641,-0.895873714169639,-0.552904640532323,-0.51193066665439,0.6844991880999
gene856,1.21835332375849,-1.64105317588972,1.50209034189424,1.46669447792963,-0.320116673527127,-1.25175445682523,-0.59299940206256,-0.516862778115181,0.343755658655763,0.822407155163416,-0.35663693807701,-0.174602029987578,-0.362287374373643,-1.49572514715665,-0.682714313620695,1.03690154540129,-0.73987155992328,-0.150768397335016,0.638180189655642,-1.52418787667995,1.71892081707997,1.58963561446032,0.175149173251077,-0.51536570061029,-0.133049011738871,0.381966672350989,-0.0746986136247953,0.0128341893445461,1.31800589937406,-0.0050331827281491,-0.0909207493146209,0.626945398498738,-0.366061911546801,-0.700346315348951,0.0566817973444707,-0.357138998428335
gene857,0.183891027897704,-0.317686921175705,0.280142953747737,-0.633983273516887,-0.667559084007318,-1.90748185989565,0.482144801775479,-0.775049672520074,-1.92666994514242,-0.958439809136392,-0.710978809656923,0.224257860528303,-0.483448361814175,1.01101516506808,0.137266197367889,0.134843543350835,0.314816584005145,1.08120998301062,0.211517553471225,-0.149263743381874,0.917333817389444,0.538423968623497,-0.0738676663145593,-0.236609462514375,-0.428862901391712,0.188887231322652,0.892725384130462,0.828249426119016,-0.616268372761176,0.463434764939187,1.26398745376113,-0.347785997821176,-0.629838220831069,0.0582338558286681,-0.0276018461445764,0.270927482144992
gene858,0.671133008832866,0.305345818844669,1.13071303050125,-0.591778216365625,-1.44818810148987,0.0199965419651143,0.038562249714619,0.0843005262129354,-0.886302030129035,-0.766609840870392,0.272965778550586,-0.0966026981190305,0.345748173930037,0.4994455202697,0.741388032169545,0.431229479501281,0.0084507981709314,-0.750710268899027,-0.0022883879674683,0.525009058926243,-0.640280867825662,0.66095971493696,-0.651718315394439,-0.0416997457778368,0.305295780487871,0.923157018204219,0.865723226663578,0.493577162049228,-0.502989054479542,0.0457863358760814,-0.115186625406022,0.342464444930673,0.346112658334393,-1.24044723814029,0.347177703996075,0.393336057310621
gene859,-0.360436836669635,0.2325545112285,0.339767625554776,0.801909181350247,0.711397476330703,-0.593863637336678,0.2686139825599,-1.21862293637575,-0.183367849485079,-1.19378420586208,-0.743292549959956,0.122477262635835,0.12721359250036,-0.199572478709616,-0.317885944502575,0.901369980946942,0.702566454751886,0.643064679172481,0.470143570220162,-0.678240776909064,-0.0647380037462766,0.409291774829633,-0.919994511101739,0.0381281013517266,-0.363809553129148,0.91110007374246,0.318039198758468,0.490472630861029,-0.84439670626073,0.116167286046832,-0.741552357765001,0.669574013700581,1.48110840207234,1.41738777762731,-0.656606208156791,0.398406673591099
gene860,-0.258645859250368,0.344480323694445,0.283828016673878,-0.789613712648717,-1.42645140068746,-0.358489477327957,1.70553578912655,-0.27124200902364,-0.294808010968504,-0.87029398109991,-0.875110604143674,1.27508002153222,0.276241453947398,-0.571276751036147,0.697707928649262,-0.177168916869464,0.451082997254296,-0.200940622602893,-0.552351855959813,0.79277760927862,0.2398715774567,0.0976283062778267,-0.619691054689558,0.801295148191595,-0.809282148923888,-0.278603851058628,-0.139227764148076,1.07931677711567,1.00917390643995,0.520182826467168,-0.270381704770292,-0.0610842854047373,0.90510882757506,0.267007383244351,0.407975702553697,0.153921420266097
gene861,-1.15161985236965,-0.685881375119932,-0.177256422631385,0.91266399024288,-1.99941403294131,0.325807490403787,1.04609655765093,-0.879483733426427,0.63382109782158,-0.166684913164148,0.220699968004064,-0.930061423454646,-0.184947742413703,-0.668550312742931,0.24757071527956,-0.144727318403329,-1.53706428108445,1.25938727669901,-0.525834158635656,0.632741865754379,-0.111748851656664,0.630213227874977,-0.308671238280232,-0.017979924110287,-0.144681900612601,0.425489142915679,-0.394672658184456,-0.532118833812683,-0.45724514569064,-0.738887510556119,-1.10429999894036,0.378055949507504,1.22650232763376,-0.159387320356755,0.588745113990382,-0.387126584287931
gene862,0.14968054280576,-0.536439850706059,0.189431697694388,0.313927509508919,-0.654019387212937,-0.133411419890339,0.208567705079778,-0.667957902257299,-0.279183646539104,0.632342114140563,-0.154092590595602,1.38096202655521,-0.392594212525501,1.03441217754836,0.334639962817546,0.817887972956502,0.212406134032824,0.753460927292992,-0.975181802074429,1.41001718160782,-0.229895581945758,-1.70932545964378,-0.859356554854117,-0.528947719670612,-0.586137470078002,-0.763810179356552,-0.185371021596536,0.160047428370679,0.0278588644414542,1.57854146273588,0.37788978252591,-0.20730069964867,0.515156036381639,-1.69565314512659,1.61067303605383,-0.56329395984632
gene863,0.181980076773702,-0.175612958256451,-0.897381814554049,-0.114094567928304,-1.07607336082033,-1.0549968491751,-0.432087146969701,-0.89300576767267,-0.0520854632987438,0.540594488368621,1.06971067879122,0.0042542382625582,-0.519218754369009,0.613112734584335,-1.54684552699347,-0.671867035125947,-0.576665043284843,0.450492557840699,-0.548660302798867,-0.468059027295688,1.03811149835255,1.27441258546977,0.617348013878885,-0.807643747132157,-0.0078234709150138,-1.06162524714072,0.902816246079186,-1.25735294272831,0.105375155789451,0.0854304189027222,1.13645214040662,1.13277332255614,-0.796561118778235,0.0356200793574297,-0.753537999562727,-0.593063502787488
gene864,1.57062324200068,-0.246521473235997,0.603577626148175,-1.07293640865928,-0.627258790131448,-1.37753600565723,-1.54627771025174,0.568284722706359,0.367454639438109,-1.76968058320899,-0.497819816192955,-0.631351931726218,0.348874470539205,-0.341467348929549,-0.663759051660393,-0.708972973882765,-0.121358962818745,-0.443341887162711,-0.209758906682226,-0.001045860548568,0.212416772182882,0.786854757015647,-0.426281126069595,1.119080095672,0.0227958638659687,0.224480601728226,0.0990290307023175,1.78832580351614,-0.392866546039809,0.100992459759296,-0.11164372455517,-0.253318132186994,-0.655024936378225,-0.0329916838289993,-0.589525475200152,0.511098193246958
gene865,0.212018415211967,0.161017782639317,-0.87983026696145,-0.0728680367467103,0.350057664788945,0.212653636050137,1.66381554886841,0.668965344382323,-0.298766339971853,-0.629907728228783,-0.257552486287745,-0.112978343966682,-0.47841576503995,0.401177900342719,-0.979500268375206,0.902214820477233,-0.069345908153818,-0.779772889217237,0.239262927875378,-0.429107818006394,2.09006210957097,-0.0239217662847899,0.727238369539929,-1.03998830713241,1.35347334056584,0.191073797072264,-0.145097025656618,-0.248845427583771,-0.276768732303321,-0.867632277272813,-0.18283511389097,0.628359121853658,-1.71252317300808,-0.44861103062242,-0.171573846057745,-0.0143749589157479
gene866,-1.17530125582432,1.42296136466558,0.507938279040734,-1.6525685595493,0.337128089070153,0.916565092964643,-0.128354704231611,0.479492782879084,0.068852511238247,-0.116632653022948,0.738464336864281,0.1780576930449,0.610894745857733,2.42670646247997,-0.421198172332873,0.183391269175719,0.0749158552242006,0.937391534668742,0.0874676947147731,1.48849138278231,0.191871380074678,0.909034865085138,-0.335779890415921,-1.64138017202385,-0.990511864323551,0.179132122769825,1.04383073376213,-1.05660358865551,0.974534856316549,-0.308514978177678,0.353204944867378,-0.251707306930036,-0.274061464830473,-0.395627638101283,-0.710464934950097,-0.0058055579040154
gene867,0.73027264036921,0.717266778354672,0.712311619983978,0.0829673100826931,0.319777312387803,-0.423087815458209,-0.402241984203448,0.188781171791451,0.274258383590979,0.778271739336508,0.188569584253432,0.701955405560411,0.243343907746984,-1.20767360827982,-0.885232522594559,0.580861280699367,0.299146422298734,-0.51262261457755,-0.284545238847787,0.561191298274408,-1.33806829347763,0.333296876262524,1.06870776159474,-0.143319245999392,-0.26240968746791,-0.477880748836864,-1.05009374883107,-0.0394755055954575,-0.629516703969319,-0.457147971902581,-1.05981445799321,-0.685564383283313,-0.768759909802838,-1.07322145721158,0.236199740012304,-0.493978950820777
gene868,-0.149657010634418,-0.610355135575929,1.45164847440249,0.285911282530114,0.524181163845225,-0.27412755596753,0.374536576131702,-0.344323453364837,0.102529644671828,-0.437251096469888,0.347630028123717,-0.480856824901904,0.179811325662764,0.406973796548449,0.892061360386617,-0.236053069541972,-0.66968514344182,-1.69017497539886,-0.560459158171358,-0.933476165751742,0.903514066688218,-0.501702810030193,-0.309883473812159,-0.0083278152239315,-0.722609018262939,-1.04687419374589,-0.536370574791761,-0.0772597704068279,0.582929763006195,-1.27337311933182,0.128894301648631,1.84698350892204,0.340980996378673,0.480895172511793,-0.0634094103858913,-0.707678773423076
gene869,0.208662337566257,-0.570339043948546,-0.262419143696987,0.119166263628691,-1.4016669844321,0.316306032045878,-1.1081611779884,0.479183607888144,-0.156982334290552,-0.60471477507855,-0.910826818725077,-0.313640514556917,-2.0128458125355,1.18814875137193,-0.747414827648455,-0.608765673693908,1.58693264075089,0.157337179039958,0.626023677797238,1.72889386633688,-1.40480311561969,0.337585813631918,2.02716165137843,0.188280771501629,-0.473311647371134,-1.61209132767619,1.22442167488504,-1.59467110985271,-1.33543122292945,-0.517088790600962,-2.53022130981827,-0.394889604787137,0.560016956532891,0.0957188229790566,0.730611896575389,0.362517365343361
gene870,-1.03908997138661,0.186740365245436,0.846814819328938,0.461473634623951,-0.0045033607323218,-0.222327736521761,-2.54733331745859,0.604896407897244,0.367489580368617,-1.32992055791885,-0.76734061354437,-0.0557132786604141,-0.373524379733706,0.349377701886613,0.0526676527179002,0.140133566826934,-0.399448681407437,-0.432661469272178,-0.850335285846359,0.137287711502749,-0.313026001968134,0.179878833181206,0.454162903460812,-1.01324584243024,-0.893955128214564,-0.543004273234349,-1.33182071565537,-0.835324444308454,0.0601841562968547,2.25925364899867,-0.581926959923494,0.0932221737185096,-0.0266494702115784,-0.641636482761824,-0.0644090346472393,1.86419362301649
gene871,-0.203049623795958,-0.744319331538301,0.747207041338535,0.180144329865767,2.08188432278485,-0.0562698615993162,-0.377941927879832,-0.99836512245135,-1.15895650877423,0.0074704549722038,0.303737889794472,-0.831480889820827,0.340903829680303,0.634216160443048,1.56407531491364,-0.714400263185997,-0.247345229022557,0.235024679175779,0.0092745284224487,-0.134645313742453,0.334151544806629,0.348805333473668,-0.0025809604943464,-0.324803013069091,-0.934398127145683,1.02152353481104,0.933028436347342,-0.33636406569777,1.67086178085585,-0.296465702275399,-0.385635271252168,-0.0868930967718748,-0.51034751261421,0.749687795654243,-0.0688374800830889,0.845940718058989
gene872,1.52746514810799,1.041571293568,-0.569087786221819,0.654128032962952,-0.386188146191332,0.483884944324208,0.145666892795946,0.769655735448708,-0.206101841442422,1.00871501274352,0.948247594945728,-0.541987523818717,-0.402372017888616,0.522276138940963,-0.747355016046275,0.131887136863737,-0.643300691104402,-0.293489376301351,-0.26507349196765,0.976867086947228,-0.448927481013356,-0.758845626311264,-1.00499838369605,-0.138637118261212,-0.204583947801425,-0.956291440162666,0.0358152790294216,-0.52148497521897,-0.805035699120847,1.59879497662426,0.302959294680985,-0.0823179648789721,0.241092980489974,-0.484138622578199,-1.0857327487924,0.73583863152876
gene873,-0.208097607855584,0.228834351707413,1.14144829307429,-0.213281126210386,0.0446872069362801,-0.473775580659961,0.387978525589955,1.72994195987317,-0.331339944821111,-0.407719039415406,-1.41659075633387,-1.61157707596894,0.367909595614743,-0.330623838988357,-0.534108166134067,0.989552653880736,-0.896102340151947,1.25877464767725,-0.0995219484912785,-0.608521612063652,0.761145331986915,0.671246376640434,-0.28451681047013,0.111409017101292,1.26047489393945,-0.733363361135747,0.0788986319333361,-0.278058820618385,-0.509000449922116,-1.90250349178901,0.0388102858479924,0.0947650251297366,-1.38010632567558,-0.190569821530853,-0.244911098724414,-0.437304948235595
gene874,-0.241175938307039,0.820781484613625,0.812832086444533,2.28608676127886,1.11890498528297,0.30949393012029,0.0608956949981045,-1.09408904603774,0.85275846991572,1.24636203237279,-0.0990281223664399,-0.114393197538473,-0.167003462917622,-0.820436985352856,1.00053605018674,0.227302415535282,-0.734484750803898,0.373563341210248,1.26846950063706,0.619309003916296,0.808294330060501,0.398763596268503,0.728655641664003,-0.842693950038267,-0.275848477868227,-0.405613571162758,-0.183358059735937,0.318029809992618,0.211870013489029,-0.906339723055688,0.895622608445201,-0.0170516882963683,-0.442219851065455,0.0326431214113722,0.993427406821237,-0.751175582172764
gene875,0.241551996599757,-0.538318181019051,1.11821676160679,-0.95636618800006,1.00393364466782,-0.206427229010873,1.04683474963049,-1.70152493575626,-0.888019168622599,0.75579411798758,-0.750650980022314,0.240990886488496,0.18968866566161,-1.45394371322048,-0.182982604116021,0.168153263496386,1.00137451800065,1.17891214513478,-0.415794815210635,0.0479870949957366,-0.0562932568730451,0.0773274599970208,1.22139026522272,-1.31076210649753,-1.075940606398,0.136274959341256,-0.0299336901356578,-1.01212132920221,1.01052857125077,0.74486934877244,0.185614773855131,-0.423552111943593,-0.788768781324018,-0.285892211734616,0.475893232831558,0.888084415545657
gene876,-1.09626368241058,-0.731422629994776,0.121070739219482,0.637423056831342,-0.00483264632087,-0.603053226999912,1.33482633481487,0.139949798123975,-0.612039935787587,-0.645184542580828,0.143275787580179,-2.38779602458139,0.377994455790919,1.20330388905123,-0.0637454128503343,-1.3979912751529,-0.0349823104329464,-0.148979076808595,1.16299865474757,-0.603333654184233,1.70455299638007,0.398007424927311,-1.12283676094617,1.01840881270761,-0.998111330789664,-1.00181672841813,0.0157463798419771,1.60902095629219,-1.09659540490497,0.329002370753572,1.16683817664029,-0.416937312223519,0.273296783326737,-0.956128600061171,0.157463564160553,-1.09021096963184
gene877,-0.1854404320414,-0.973704539167759,0.514111757949866,0.673600522134448,-0.795959227524725,0.386092972450631,0.612580521895254,-0.689553423024553,0.818053022235469,0.509568417424924,1.10133475539672,0.379998296153419,-1.40787127323003,1.15128214647409,1.03367700737131,0.37122550034888,0.0735451977300837,-0.192194653485004,1.35191329852059,1.06151494685055,0.921568183864646,-0.74341331427573,-0.656803116531362,0.218072302265088,-0.206533670751245,0.981555560140536,0.821238644195798,-0.776607864381185,-1.78252399207806,0.851815176333916,-0.0084765410523033,0.169794558768423,-0.172084851006694,-1.3884544877661,0.282199202396923,-0.19492660286607
gene878,0.230951023428585,-0.870890317013564,1.14999646219702,-0.616105065111996,-1.25306773314138,0.334148773067336,-0.926096983992537,0.269337915677875,-0.442880491842124,0.03874080968874,0.175360745489076,0.263319202498887,-0.136439432644947,0.0747317602111195,-0.315287391301403,-0.626690651361366,-0.435928330649024,-0.24827099377188,0.0825739267271295,0.15401561225942,-0.643085790337651,0.529618734632106,-0.472411203033448,1.3635939761599,-0.341469636380031,-0.982964697224732,0.989898379830161,-0.605153910063887,-0.254286764037925,0.185777478549843,-0.246342132960316,0.299108736646102,-0.040327050019825,0.149430697273054,-1.39275134906099,1.27129586687476
gene879,-0.651276308605567,-0.656817352958402,0.666488039205931,-0.816453227249388,0.60064563464543,-0.628147217842503,-0.224812921251133,0.326905865142143,1.61095181096022,0.260388404780066,0.312199991774958,-0.757188020906399,0.456928041956037,-1.26882507937525,1.03017113377373,-0.18490154159004,0.141228630818258,-0.371694171666539,0.182150073957478,1.00009702303934,-0.124577885011013,0.513191006810579,-0.173622313135345,-0.112208097773765,-0.547876429737816,-0.609952557901059,-0.586191380012461,0.293754989889165,0.172937482711688,0.197953864705276,-0.547967389111024,-0.400985567469167,-0.741025333590108,-0.387350461578905,-0.496824811853851,0.420401072298887
gene880,-0.371617746744856,-1.17220301951746,1.24307387710229,-0.692705687502534,-0.785306269913054,-0.127974718041333,1.4362786004739,-0.0325180612565311,0.607256296027103,-0.343451307874866,-1.40017218696601,-0.583627205406554,-0.249454167909267,0.0157081949679378,-0.108719331285424,-0.611471492268961,0.401930658777871,0.042452647721781,-0.768642609023518,-0.354139384395311,0.839554042991442,1.54774200431572,1.65581073077515,0.371818044849057,-0.151777854133516,-0.690024026595282,-1.11450639116045,0.176342583995945,0.146036955669013,-1.33834627841323,-0.392815895416962,-1.36285423496643,-0.572314931567471,0.0416700236877776,0.79339533871307,0.0235889449485585
gene881,0.133844477857762,-0.823238771010457,1.20189830466308,-0.24795520196656,-0.623531167076347,-1.72311706904174,1.21380849071099,0.232824319927006,0.980424648127494,0.536717294730176,0.460681301127795,-0.232952345254624,-0.840726610499901,-0.983876542595479,-0.505606249681658,0.413559092933583,-0.102974901130291,0.531425561858967,-0.501366463036462,0.55878463978442,0.704824972161286,-0.404286292369255,1.46299617862442,-0.150166921722541,0.78686123696741,-0.583446514447453,1.34528908353556,0.265661365048807,-0.53295311683552,0.875505189071448,-0.164794977656406,-1.63595531193913,0.109869136606861,0.579154326287479,0.0856428055245034,0.2922873758095
gene882,-1.63068678381411,1.04811560173065,-0.981449172285676,0.497289321132351,-0.964332244668362,1.25002983510936,-0.863870776630864,0.272554284494822,-0.592124845633215,0.57342994856407,0.147731751635278,-0.244849550588253,-1.05373752168956,-1.1906193059735,1.00504504468547,0.216639784363758,-1.16153804812909,0.403376729529676,0.170424278324544,1.04714969574921,0.894078165186398,0.290343570508919,-0.492255854411847,-0.15413037528554,-1.15711554326533,-0.563068597207975,0.338372686213203,-0.0522194273746757,-0.378670896040654,-0.159109508817806,0.388797564555179,-0.489531378238962,0.152482759991648,-0.629375314737809,-1.47511193518808,0.791070771638895
gene883,-1.09588279436025,-0.43210470561662,1.01562623927941,-0.0244611934973312,0.809621880427651,0.47421454611908,0.396707167431909,0.283593104763431,0.429593656297249,0.803988416715307,0.375919088050616,-0.599593614514074,-0.917825314026172,-0.0508019528779321,1.08275349067791,0.565551865714463,0.199734279205843,-0.0551336817152667,-0.261913341188116,1.44951548168311,0.0361765831716535,-0.190989168378807,0.0888315980055,-0.0394266932262868,-0.0700723372067625,0.507545125656435,-0.228268220296391,1.02644400006145,0.881158495803665,0.0835025888254296,-0.720879278448707,0.678048611935828,-0.062372467083565,0.25848225741071,-0.415098683140144,-0.149176498518539
gene884,-0.255973407372453,1.46971385292592,-1.08336403461068,-0.0747048233506003,-1.22772406860919,-1.0211134499894,0.137260256423379,0.250965555882345,1.22963552747197,-1.75275343146576,-0.0277486076619499,0.162985588931019,1.10193479452496,-0.690529847133723,-0.404686194090341,0.505746715002346,-0.791639319958276,-0.47588489166361,-0.741593684038924,-0.189555355587852,-0.608983898674116,0.647850793731903,0.0792283166276207,-0.548028455286688,0.0813035713237411,-2.68553588440208,-0.299579370854347,-0.0136150524534442,-0.170646683736437,0.0612406879092623,0.325237195230496,0.419819355327257,0.50934122260844,0.272548876372127,-0.753933017984633,-0.322377501531035
gene885,0.29970871687978,-0.795895697463648,-0.114659313179646,0.0163762378736495,-0.527008648279227,-0.872045713791101,-0.113584437238247,-0.0401727469553047,-0.906148041378747,1.74642826630716,-0.704923389323233,-0.493165830877508,1.18193173464236,0.656435156471193,-0.747935166048563,-0.415230592989815,0.346604629884471,-0.429330426688957,-0.781007872788997,1.05698633617165,-1.38820730799826,1.04736517795802,0.127779821058706,0.219021132652637,-0.233746443094282,0.719121843051598,-0.209992076971612,0.0286848225207715,0.516572903217673,-0.418531333526307,-0.110269825762483,-0.559579595227324,0.684123136566358,-0.265003010865877,0.119779536735684,-0.362428687861266
gene886,-0.604818766214126,0.0394225580860784,0.792887875071458,0.364927645911083,-0.634875889576136,0.426086357724706,-0.21909909909204,0.199938893766388,-0.0897303219463574,-0.225044174181347,1.75988959236708,-0.12438401280692,1.9204297911705,-0.978845244749887,0.122225144931713,-0.659499160628724,-0.383347102229373,1.28371942604638,-0.677024320865156,-0.236364715943047,0.206647682291272,-0.937690379366337,0.87811876062738,-0.459452977768639,-1.88454678837228,0.217007188138571,-1.19243480456627,-0.127759135228218,0.0304747918909221,-0.73222358974733,-0.281649404489418,-0.73254222153975,-0.76709362463858,0.17835440708869,-0.318756186893663,-0.0995644078031977
gene887,-0.569338249728624,-0.0414101788712033,-0.384672181017387,0.868287925725715,-0.115983613051774,0.947642516647336,-1.47337525477369,-0.205807380362717,1.06301848166177,0.0197354047125938,0.426266298004389,0.310297186683014,-0.454538588818093,-0.181311907562583,-0.647145847135614,0.794430013749594,1.85268629934501,-0.0620440583969425,0.0831875837471089,-0.693484183940152,-0.512052674851109,-0.0823958406687628,-0.778176735766079,0.325033227158795,0.605779470906409,0.0756629604802798,-0.816294622106121,0.282354303323413,-0.588339697145222,-0.337990768740589,0.175517185070431,0.21123994058539,-0.534165436543289,-0.729007970558082,-0.171015154481205,-1.11307665315781
gene888,0.0518422808010388,-0.26676272084028,1.17914197278359,-0.652590074418084,0.120803897970298,1.75317079424936,-0.434422660822283,0.887850464076949,0.219027718149108,0.29978865488424,0.616043237747465,-0.562973271908404,0.208194934160753,-0.385086983895485,0.585114044120686,-0.688889360206317,-0.852479227664614,-0.575060342268417,-0.224927747942906,0.900366473746027,0.126909016254052,0.804798089863907,-0.800529164061542,-0.185589059367963,-0.940165867497103,0.77355868754217,1.43109240372314,-0.826820987357758,0.144961368670731,1.88171046745378,-0.529294776534812,-1.25080914094399,0.906740300115506,-1.13937565746246,-0.0989095750711247,0.114706920227507
gene889,-0.566939675769061,0.75298292539937,-0.227556664958843,0.644144443394467,-0.523256066286813,-1.95060234332719,0.139306288222981,-1.16785025429183,0.124608061473799,-0.244228028946293,0.405404868559852,0.820724033927194,1.82549975320082,1.87412375407742,-1.97355805269239,-0.631389622025552,0.098290779759878,-0.517538213743249,-0.835072529290517,-0.193614457680225,-0.572739426808894,-0.270456290999156,-0.85583662167511,0.492426705429963,1.52350671144628,-0.0472014554567934,-1.34868044201752,-0.779536416282395,0.159305618650042,0.215604233307696,-0.322840624540537,-0.526712894498831,1.42481824217156,0.314927223961233,0.727162317084503,-0.817556380829672
gene890,-0.265361558467514,-0.673011904097439,-0.633584606220028,0.0796789657898074,1.05607251822966,0.0815638766254943,1.54252766863851,-0.510757377239841,0.605762306608436,-1.96641749818136,1.16682137268824,0.426695837001571,-0.0960396460038881,0.186067911307005,-0.940394651361623,-1.07591478187471,-0.639259360639442,-0.766702418851675,1.38963218522952,-0.119762307849404,0.491091158326848,0.28684059562507,0.112765945691474,-2.20856119369877,-0.435432952644674,1.12701110746734,-0.706336662192791,0.439085276714848,-0.850394055512185,-0.781733517789525,1.46812840479313,-0.232888390290652,0.107328341497169,-0.0467516281095892,0.574775853433153,0.299083635720305
gene891,0.693270043494456,-0.415939444887625,1.56060569918216,0.471237643583683,-0.475743686638846,-0.0931997179200009,0.347351213133299,-0.0464950795065409,-0.157728208076717,1.54225796981794,0.862804763347473,0.424932550052254,-0.391393905923152,0.260485898764342,-2.20657787176271,0.952561211380242,1.33556466445996,-0.34903446499363,0.363223071039045,-0.921767429585875,0.0260730544516885,0.0041697697941495,0.0234512714285078,0.21297290460802,0.246969470805461,-0.890618017877078,-0.838211122204403,0.0987871514779012,0.129383219863784,0.0706766305515326,0.713641618970685,0.671015954094245,1.30954795697735,-1.16877845287365,-0.404626027500968,0.831578918930501
gene892,0.207843101981216,0.0626420580452502,-0.20978583240335,-0.40221866074821,-0.316470608508323,-0.594142471194044,-0.0533148494243084,-0.196530642130531,-0.179308988483208,0.307924130141179,0.0438300565332707,0.07476827274195,0.426838301226494,-0.107366524970059,0.167565975273072,-0.542002780387575,-0.0186674304245002,2.44935455704616,0.547180327210617,-0.160865492013521,-0.665316495085567,-0.137711065566691,-0.158536571102177,-2.41294396489302,0.224277950458867,0.338851115949942,-0.427323685016304,0.788258575404657,0.0769372230761447,0.851262538867442,-0.440647293334209,0.35678687579699,1.12665300205235,-1.7292838514202,-0.242409468064312,-0.379418866122531
gene893,0.676723485644,-0.147852735725667,-0.340154629576757,-0.507241531856594,0.257334147119152,0.0490617920741414,0.892229207243249,0.165308672600049,-0.857181256487815,0.673988701744784,-0.0291138176826173,0.251671503181205,0.615097399597446,0.609457534087685,-1.56242378689638,2.19179286061449,-0.559975825270636,-0.147469061151389,-0.132313906320728,-0.581574284760128,0.294220882023952,0.367624511131053,0.096728417850044,0.347491940271712,-1.71203338502864,0.559301206038181,0.409071688946323,-1.16721281033622,0.250107032549005,-1.19831236080258,-0.207349675302426,-0.0944453163484356,-0.0921063537022237,0.44284773090313,0.595732368593038,-0.637520338105026
gene894,0.605035021109685,-0.344322906186745,0.0961878765803961,0.113586226866458,-0.580863663920138,0.562188037866703,-0.427535835528084,-0.124931214009719,-0.800466333182036,0.9002434493673,-0.0885453489182939,-0.796296865554139,-0.473081772676713,-0.172328321662027,-1.22900391513787,-0.124505362694569,0.772752017081358,1.09304988932308,-0.325948650605564,-0.148220107119977,-1.02936022632633,0.0971868391367963,-0.196831521609823,-0.376797372308522,-0.0573152259962052,-0.975318607836587,-0.188321977775156,-0.579309109243923,1.2927855733112,0.497029437800588,0.255077553193299,0.803005328597478,-1.03933362864473,-0.126046290515673,-0.763679761711945,-0.300773914266711
gene895,0.602479245023174,0.887201479239633,0.745308527051937,-0.104924729580674,2.10007299645543,-0.084101473514393,-0.0644417548200594,-0.270803897320435,0.587534321099255,-0.264139807539685,0.330556403627875,2.11205917615397,0.163877246782762,-0.91254555193918,-0.494669887866911,-0.76048060045149,-0.27684897103153,-0.414763501056054,0.876093677521882,-0.308618692064452,-0.144841293198748,0.851656362170368,1.68552866871567,1.23562242578761,-0.0024736369832195,0.140687798029768,-0.341760217475734,-0.391093397123923,-0.0937378605396414,0.352769672135815,0.278154527727431,0.851450264423074,0.796813454673338,-0.115623044425057,-0.0994277835730072,-1.74398554400982
gene896,0.281971386293193,-0.54702132593677,0.0455096925155714,-0.647124189432002,0.0205093146752284,-0.0567182179659367,-2.97272017406749,-0.0261241764580427,-0.237356557806377,1.23697488732335,0.487206702308374,1.20134973821858,-0.0848415856965309,0.354597526005054,0.115145142414389,-0.101814711827774,1.90910960782073,-0.38522726898482,0.238134489402982,0.214236529735447,0.0586122088370364,-0.516456721456742,-0.327412501608956,-0.473414980862335,0.658537510421594,-0.851686622158055,-0.135772677065366,0.0515194541303138,0.063177741120504,0.172410769493247,-0.474024757506126,0.109423162126631,0.562579481125269,-0.581017226012815,0.395430530834973,0.547108533678763
gene897,-0.694232992761618,0.440364090144422,-0.010503093907073,0.462027515161452,0.0340794105372261,-0.235535369373331,0.319246338293087,-0.140672017049581,-0.679960489287853,0.543289924672352,0.442484731497577,0.835772033109055,-0.0788336819443807,-0.307072391160816,-0.991717732424647,0.224392776159045,0.673415755149447,-0.507909533571267,0.577081476764821,-0.183734704607656,0.256475115927724,0.63402537668825,-0.215126096396949,0.204900726540925,0.70883631959585,-0.128639316064764,-1.41055621129805,-0.37771418752614,-0.224675797534948,-2.04334616176046,1.25911532654312,0.610770863753526,1.13733167957084,-1.15899442828038,0.108321641670502,0.0347271702592768
gene898,0.129901053049114,-0.685901306534975,0.941047649419929,-0.864731345996869,0.547815393492799,0.886818817696267,-0.181079459493276,-0.576837971098172,-0.0751813235911029,-0.0080563935414754,1.34593414003417,-0.594401409148582,0.298631740535805,0.844222704288275,-0.708212334875455,1.10214644807903,0.211422208871075,0.031074513948291,-0.889495270618881,-0.117148818910959,-1.1622976875567,0.049615804699537,1.02926800560765,0.100115442608301,0.151971301831458,0.74643055994115,-0.0980371334519357,1.37792517472964,-0.121962659979153,-0.129927061593498,0.10229816139439,-1.24924859764894,0.0055524080180317,1.40733209640644,0.0723542768536666,0.708860275668378
gene899,-0.714775348898702,1.46423833742018,0.0441318565619941,-0.0853090761593767,0.241523517560918,-1.22950417576985,-0.428912655527615,-0.408338150342659,0.385624314275504,-0.0814776266316598,-0.354535257057406,-0.77758113921092,-0.416560669475009,-2.44166847934633,-0.644642497757309,-0.819858847714283,0.338407066039453,-0.259353733889785,0.422557514838341,0.083210595784655,0.16693991002476,0.534679912754222,-0.0869336937153422,0.222683089840731,0.73219094229257,-0.461013274965947,-0.421299461259561,-0.0520499082257646,0.269257758497114,-1.27344431184186,-0.0941241484304763,-1.48846180331869,0.594337854110408,0.486795126891317,1.40839250538363,-1.20421335835367
gene900,0.384137748696057,-0.175256103962857,0.322110371525934,-0.653110609233987,-0.283129647405091,0.948131784499758,-1.22552025531598,-0.526525066612,0.434294888385708,-0.667076980026601,-0.470107453463171,0.207126545230164,0.847718456617788,-0.517783147588238,-0.501938397470069,0.246173246610541,0.49333402110405,0.596186916197794,0.159325712786862,-0.378632604692701,0.608715661627945,0.148405624573992,-1.11573158428403,-0.093147627650136,-0.590825797010103,0.798688130063875,0.0566527231177042,0.222262082682254,0.556714489663954,0.0854341412976592,0.380165179970166,-0.268443958675481,0.160069481594293,-0.584533512358185,0.730605518878122,0.900072989407622
gene901,-1.11951260108214,-0.42199424853872,-0.810298400165414,0.671663777032791,0.397145520448595,-0.914529755784559,0.0795503709871226,0.421526615774309,-0.716009242332055,-0.463994128220684,0.746411717748295,-0.909986280876538,0.786298510630262,0.279082596289586,1.19512068097168,0.279827131413776,-1.01635484400158,0.775808515209145,0.180071279739324,0.305621849903159,0.323518907184614,-1.33068324739791,0.719247560166441,-0.414249281033781,-0.39161564594268,0.477864944656288,1.15263616344674,0.485889410838977,1.00880750010271,0.924499124713889,-0.348929288746434,0.442278495589076,1.02591951527181,-1.84507905357126,-0.962597272343498,-1.39821450386551
gene902,0.266976101552339,0.492195038111001,1.36661647347128,0.98797247087249,-0.313045509361125,-0.871486462749032,0.247122998061352,-0.47078953047254,-0.17161389011978,-0.299486601554799,-1.1232034361926,0.935037746487628,-0.0684405153732969,-0.743715426669364,0.0516690502221757,0.7554082575716,0.604366118746828,-0.249739006912163,-0.354732426251188,0.630926674846879,0.540928075026479,1.27990562947259,0.566846165008039,-0.220427213020339,0.596442085562835,-1.30056169494656,-0.472202678974348,0.144158921353526,-0.722419668269202,0.687820307477482,-0.450190834418888,0.125858196419619,-1.76734424010309,0.502193789103024,0.974904998136154,0.882207324687436
gene903,-0.549163798612918,0.0529308580533889,-1.51892681936617,-0.0251871386344962,0.538300365490639,-0.884110781916673,-0.503040369870107,0.451682122561451,0.631725431410499,0.536299442407251,0.874599658948493,-0.38857434446429,0.123013468530584,1.02427753989398,-0.258996740008123,0.417132265479922,0.776690345076188,0.487276847308618,0.419088937794781,-1.06451679352432,0.925368930311437,-0.294472706705871,0.741226557424235,0.184235623475631,-0.937379097796463,-0.437605491032418,0.0839761447514338,0.821968753523317,-0.885480200238862,0.335571819413983,-1.0841231468623,-0.311580918918187,0.445698024743526,-0.109977670982809,-0.368477892022432,1.38230062878866
gene904,-0.857283117159865,0.247084908282285,0.782844736260936,0.416013503619081,-0.11070874654904,-0.0538748481734757,1.18047541162534,0.60353872256931,-0.355494510789817,0.0491973054490679,0.357041850999777,0.74921067512933,0.339757909118413,0.54173949577637,-0.479118649416029,0.434433457726472,0.688406334158908,-0.539329142050216,-0.743298472906851,-0.507963828342792,-0.770850392256799,-0.675156912148178,-1.91503251410721,0.260626239502309,0.474705947905397,-1.28279276705593,-0.0641300312689653,-1.74338220496595,-1.15054561249521,-0.662002101480716,-0.908263664485424,0.50085925719652,-0.293295149440768,0.224693664630248,-0.0108706984436526,0.956464907147139
gene905,-0.442608059634428,0.575844777210576,1.14489737902705,1.70310738775052,-1.34085651530396,0.792003383060407,-0.172504002652137,-0.401993294790993,-0.170670413178141,0.223553047838442,-0.94568253122589,-0.306826376636134,0.0139300020082885,-0.591471221248448,-0.465751898522371,-1.44092295218593,0.516893721668133,-0.12192515113041,2.00082456005255,-0.652273461696983,0.264732647458365,0.596954006586446,0.408042523296805,0.727139104146096,0.294687411027134,0.181434900956022,-0.947114615250006,-0.337835924065816,0.112430810357653,0.370612151178842,-1.35528814913875,-0.587521322571139,-0.197536843201863,-0.915103663559932,-0.509414538065802,-0.583174027830954
gene906,-0.176160791521699,-0.0228857203623042,0.520391767251314,-0.435273427491111,0.0327205281549165,-0.216284806784973,0.869071114048237,1.31761011736827,-0.720667347594912,-0.061327011076974,0.0131253516053278,-0.0906396888183119,-0.904591729044572,0.591439664105563,-0.537300268707919,-0.23361494476718,0.454319461492226,-0.167712678575065,-0.948734140755433,0.606314229013786,-0.454082814586148,-0.316188793577522,-0.728392357366194,0.838075274110848,0.835653678751971,0.112530481313577,0.81877870863612,0.16508427083625,-0.587786904206478,-0.0710165946783269,-0.82407261019389,0.352570854779042,-0.738738064043292,-0.141683503124199,-0.192357830139034,-0.708011613852365
gene907,-0.088346888264135,0.270955032704991,0.262022555336693,0.759701740535987,0.306564206174473,-0.527521207624281,-0.384695619689761,0.521754029420823,-0.315624664040967,0.839405784977031,0.151590422511431,0.453208392942932,-1.03197381276058,0.0357025240937616,-0.54784293826179,0.0666245355847791,0.71403600782744,1.38228911047528,1.04346248755437,0.128700113495274,-0.21892143146448,-1.11505163625188,0.845040799666901,-1.28234681232622,0.148763588707275,0.848481555401687,-1.29137947707083,1.71451106078654,-0.346231601849895,0.776432877095811,0.499851644063837,-0.294574286435604,1.56130331166691,1.28835804677394,-0.0255687744861461,0.6804937876624
gene908,0.329061023688462,-0.334714714550309,0.438325910308521,-1.71801394463361,0.539229482409675,0.47272578743136,1.10187700057215,0.0171760195385852,-0.0298064990441525,0.583889586985615,-0.820918614622012,0.379275325311306,0.101766327562017,0.132116391618248,0.0050518562542327,0.0900252209489001,-0.107999507231228,-0.56875484958136,-0.733613760412786,-0.282402786739362,0.108318740842861,0.149854774259449,-0.434613361836672,-0.351856296746545,0.0390174507461418,1.40380489776673,-0.524235837187195,-0.310262537515932,-0.548816609162776,-0.756568193760471,-0.709638034998371,0.434531792053436,-0.84734973907721,-1.0237543874963,-0.792814306239738,0.0299845266755434
gene909,0.651295597986901,-0.419824093355556,0.962643793965057,0.248338446350125,-0.70030746159595,-1.01160339415155,0.550544978912539,0.0594749967595051,1.28460559734925,-0.114454989265936,0.883073263055086,-0.148683349042781,-0.114130386702425,-0.0121931219770363,-1.64404760305424,0.820285627798802,0.274093157299532,-0.179996636474548,0.193794110137768,0.635398260188496,0.46655399270992,-1.0554128726523,-0.584797132767578,-1.07301865874801,-1.17156720940027,0.436414975519688,0.438159608991768,0.165061603126355,-0.608181595287808,-0.787784284408512,0.615402092615534,-0.301715203344006,0.717445709798605,-0.402213868564873,0.7825365004641,0.514830783740915
gene910,-1.14333441708279,-0.17713489949042,0.0873819484515594,-1.741235322511,-0.0350448315100062,0.340886978648222,0.454218072801137,0.308723394007331,-0.775401253948378,0.788088975716896,-0.232494715423304,0.40012697547565,0.169743153254682,-0.907093748466554,0.398978836729806,-0.335432163819367,0.323407951793312,0.985019020499079,-1.7394072292708,-0.337189569172552,-0.256354558714092,-0.29781885832245,-0.107314787642173,-0.52841334382327,-0.466586479027248,-0.73575004827675,-0.409789769132028,0.168709047598838,0.393560443249406,-1.15109638136741,0.26907973548432,0.308725898038604,-0.387835615764172,2.502951720713,0.305045411868825,1.03812595975272
gene911,0.52853877658413,0.253841925467842,0.406908561406617,1.12029787941853,1.81674389687084,-0.318247092664987,-0.528984756957174,0.20704171377734,0.533849689315087,0.235649723139439,-0.366814519446632,0.386894117778808,-1.02901464449568,1.02986325359042,-0.616661610073714,-0.555952314196761,-2.47104626372986,0.347266907397402,-0.955657126475288,0.364585900525052,1.20060139170147,-0.654030801439936,0.128593125561112,2.27303761185475,0.376896562187707,-0.179351666416195,1.38469092609972,-1.21872704293001,-0.941176712707721,-1.29733108993238,0.043792009289947,-1.45355692455898,-0.18230559483434,0.339537231813546,0.510446453037837,0.615743591037984
gene912,-0.851182986352949,-1.15989904008088,0.0774611079555417,0.298488915306514,-0.311811109392895,0.728630282352241,0.201138323132195,0.540790783595605,0.371565944816563,-0.471815517140626,-0.424270675874941,0.0683153344963384,0.478843043089985,-0.343680574079243,0.285368752857222,-0.0494532846836924,-0.230005550864877,0.150001833995872,0.906177035269496,-0.140301354025151,0.611236196870915,-1.22970095242542,-0.0104531122166067,-0.119348599765689,-0.671540833629289,-0.182634032210748,-0.431732504243233,-1.36200750931269,0.121140367467061,-0.196831347097772,-0.250939216035329,-1.00907560731159,-0.335741229504769,-0.666878477326165,0.206157966329803,1.35722094002792
gene913,1.38078472023561,-0.323422714378955,-1.500222161385,0.0355011271365573,-1.25685873558248,0.483164142035238,-0.303111419904801,-0.872366431118198,0.461930715708126,-0.107282273562155,0.083569504167789,-0.425604899754562,-0.459569982969147,0.171753313532118,-0.27766369880355,-0.182776095748242,1.81141550477729,-2.3231846130568,0.256660462365976,0.153614121477736,-0.0845015849150103,-0.504603660960524,1.16982950366794,1.12482266893283,-0.0068212628460198,-0.254700718882398,0.166421047406088,0.694248940014058,0.454671531063848,0.644882459269504,-0.28363045444305,1.19363198718289,0.424437602535025,0.549577841134279,-1.45700085668124,0.232482662472195
gene914,-0.390929759883139,0.0977112309443601,0.57013841916811,0.280240178960313,0.681236330419987,0.430410878874116,-0.21281565492662,0.65841351203398,1.28954841067538,0.0240914649771014,-0.225533183644662,0.800609031946203,1.29327772245042,1.36615788659551,-0.393088847287235,-0.0576715688245019,-0.219787862460194,0.0007132776802661,0.996206443500221,-0.414238264796866,-0.749300673237674,0.350286919333403,0.373612416115617,0.930496668066651,-1.13990222599768,-0.527057316536475,-0.333773688431148,0.868688149943248,-0.782434120721921,0.100558270037781,0.845829565109433,0.105184101365802,0.540653285242323,0.234747956427236,-0.383266090101613,1.02956755400703
gene915,0.0348686659897272,-0.244576635991611,-0.452229182696678,-1.24352985794823,-0.578683817419344,-0.944425473022858,0.0457795989924154,0.281167181538902,-0.807795894320974,0.647798525373517,0.969848901371397,0.464797161646177,-0.340165220110524,0.915966220962846,-0.15570923439451,-1.7230775790944,-0.509035504805014,1.44748337604241,-0.624757728744849,0.555010671993742,0.904578877195113,0.43846901754812,1.12648197325711,0.922091120847524,0.398773797752193,1.2798634435761,-0.261514032875864,0.598904012405891,0.348261728638768,0.289597531554022,-0.374513575118841,-0.351484122412927,1.23342115398125,-0.469731075637742,-0.237547788358376,2.26594287746459
gene916,0.601709761163197,1.42765266777956,-1.80980019058,0.033554063678264,0.761794267155356,-0.199149480877054,-0.597924812796889,-0.680448819758476,-0.907371781851768,0.59749421953425,-0.140417495443884,-0.82287782579947,0.762709498946105,-1.07690886658935,-0.349309708851328,0.0833798944599552,-0.213627147368936,-0.413897063861757,-1.1510150278809,-0.0713787327493976,-0.303642572588285,0.191129358819269,0.817973201841264,0.0644613824132578,-0.188027168878027,0.453153039141235,0.826531587282968,0.350890017953167,0.233693144943526,-0.808402061450405,0.345954373314084,1.33826343861683,0.199301816752681,0.647043589308699,-0.527323850089682,-0.736911045857708
gene917,0.248303889139197,-0.355451991357385,-0.794260890407761,0.927911476690737,-0.272814956761219,0.69366904084438,-0.152229306626092,-0.16465953934761,-0.42192510581414,0.376471625467561,1.67450499243481,-0.723106318281676,-0.362448364380172,0.970737369769798,-0.354824278545361,-0.587722989879141,-0.608041634367775,-0.745873073847053,-0.215614047188369,-1.12381409954191,0.710428476724479,-0.138026435623799,-0.383307576724677,1.43432641252077,0.346279146355124,-0.420504817180576,0.720087187325394,-1.93620309913157,0.164368724731307,-0.0100420983847573,-0.559230837539866,0.454133297565222,-0.271774472244204,-1.0969403821937,-1.0527554345843,-0.761011639715418
gene918,-0.347301873083884,-0.209214968453164,-0.167686721733198,-0.259083732327798,-0.153571832706365,0.310927314599205,-1.4368307758005,0.682399613885007,0.173514503768958,-0.757836032508892,-0.582907148038369,-0.0012825170548885,-0.591547754573555,0.377524018897455,-0.406516705045016,1.12867521829657,-0.743535561341002,-0.678855365606996,-1.5849387082177,-2.0658928784178,0.616960606489685,0.0796167167737976,-0.734421462144815,-0.109385931352088,0.297750651264148,0.159300298160175,1.38064664005859,0.163160229269622,-1.26417611366751,-1.22258864319232,-0.220045854363481,-0.40795535720398,-1.30986818177098,-0.0996404943120139,0.0329767664641801,0.0402569838765342
gene919,-0.017016536258052,0.169067065074954,0.281135588804815,-0.100153990789796,0.71101691736371,-0.433016571887323,0.496209069589367,0.656013416408833,0.28002125038008,0.103399188049059,-0.350293317374558,-0.66769715110342,-0.527725442448873,0.815913302665996,1.19723512659898,-0.864121989283221,0.602278108394159,-0.380096834260367,-0.572629849881573,0.670992549939636,-0.0483255191407817,0.175900874689502,1.06821419124065,-0.714656313681593,-0.2345537353632,-1.16835972566738,-0.263136343017325,0.590731133469727,0.220086958042825,0.0481823454411461,-0.395008457815152,-0.0360951392271792,0.173063293032623,0.338555362819565,0.130070645830496,0.521078901860011
gene920,-0.722809877852361,-1.00928860894991,-0.191955838266987,-0.663964912595712,0.442187044087658,2.01430182288443,0.10169056391189,1.00262139517683,-0.0937144456327752,0.208283792401793,-0.478689128600152,0.934724049128822,-1.01728342609473,-0.262190022901762,0.774844460748403,-0.0120798618699799,0.371746486438068,-0.46089636096338,1.36567694629096,0.487963174713426,1.14448822481716,-0.347795509326191,-0.601752092204594,-0.104969332227535,0.598143969804576,-0.606667846666034,1.63259724456216,-0.0267233307962783,-0.337315251098154,-0.57688963245491,-0.369984270245803,-0.380891648241893,1.3972090169403,-0.759377947944311,0.310016681044189,0.195500913542882
gene921,-0.380570230362846,-0.459894670870189,-0.381428860160098,-1.94314930486539,0.582151175186754,-0.883371263738931,-0.316313149878953,-0.360621148200838,0.177656624404261,0.300894441262759,-1.34109131404917,0.842156338253436,-0.843488128364643,-0.187138847960754,-0.328246084213096,0.333825205909745,1.03315064511356,0.62944098061811,-0.372527047245016,1.63068851743771,-1.05976874083832,-0.518479056624731,0.0526165099847765,-0.154615415386219,1.43370648162092,-0.438540075430779,0.173932303554253,-1.79507289881501,-0.670162656761357,0.156417961166581,-0.571905522764306,1.71064433496269,-0.854046997559031,1.16751665682598,-0.878036744155419,0.021260717976333
gene922,-0.433003083777747,2.50680410400307,0.587000941858556,-0.592765086761447,0.194925619248037,1.19965747105096,1.27379264479895,0.817693810445337,-0.796385398048422,-0.694221301961319,1.27121993593165,0.329354754567446,1.44400899489836,0.548351616294472,1.59103123592571,-0.351233469111062,0.256313855468597,0.833119549710658,1.205970730838,-0.787761078304001,-1.38895291965696,-0.58510428571115,-0.300279739198691,-0.978049428674502,-0.927620402888638,-0.598366252187565,0.733391021638792,-0.70187685054785,0.0936944304114534,1.03626812878625,-0.442370660743064,0.842367553288478,1.1088984432516,1.2409064980167,-0.275510818052347,-0.346158682759939
gene923,-0.411868213548071,0.335181638750435,-0.938832793220276,-0.202608132296836,-1.24570614521322,-0.757138227376128,-0.320227430582221,-0.896358519125766,-1.6639006342582,0.151938134415808,0.209242434997789,-1.08847718671473,-0.852551963090032,0.336000354041164,0.23473821576237,-0.0191953622024023,-0.514207537274599,-0.858116348552503,0.0540130434571474,-0.888827958643075,-0.153759788469539,0.250524551901726,-0.215568509847352,-1.05741848434738,-0.954178981284217,0.0847352794247374,-0.841051347478628,-0.27836307162632,-0.902220497908116,0.193164766338795,1.34934833726567,0.211319246182136,0.394420038310871,0.0014996484630803,0.956164426760482,-0.584771466564926
gene924,0.678950853057285,-0.0166641746556549,-1.95451551771507,-0.136404709479012,-1.03335781959152,-0.188377326020484,1.75141602371362,-0.447962118774042,0.0484273739852762,-0.350163993942946,1.69652441134093,-1.07400667840042,-0.607266720607105,-0.874261299484158,0.201415261148194,0.858776332910379,0.185481459446794,0.540258213407167,-0.540464245219958,-0.587683176147854,-0.179504565933297,-0.307876715668892,1.02690441870416,0.947539078380232,1.06580860381571,0.086866774922362,1.01703086913423,1.12872402839333,-1.05076259534647,-0.447752132389153,-0.369550883614035,-0.287119126324183,0.199619605905204,-0.709834943955091,0.0905156565430835,1.08595280662211
gene925,-0.83418939186742,0.95091718284319,-0.749544747800868,-0.203432277193095,1.21874158419955,1.11982291273853,0.366783469447973,-0.4454357619289,0.446039994943917,0.393163136505053,-0.188073606079558,0.573204827266979,-0.290545789379173,0.447783182635443,-0.141802479441908,-0.408462425932186,-0.7800069473372,0.587382135550404,0.291344705712745,-0.377295592161076,1.34001129936388,-0.0428334578214634,0.442276647187902,-0.0660560103893593,-0.0628111352932493,0.234602853719444,-0.237455551435142,-1.61982089178604,-0.0907236502055036,0.220459260210123,-1.0607446654045,-0.543985776214049,0.322126002360132,0.0376309422824948,-0.0306993497180786,0.660420150733598
gene926,0.398072884246131,-0.009495277411158,0.167694473497777,-0.642867352547472,0.738768210554962,-0.815660286522134,-0.247205748159621,-0.68301674057042,0.885733648306049,0.187823240230233,0.399867842615599,0.266398521508935,-0.515192577351551,-0.0175852386902792,-1.32625877437709,-0.6707158012296,-0.11095655596193,-1.33420714190155,-1.58251336132111,-0.418568984653817,-0.0703194634211777,0.074723595753406,-0.78156364819955,0.574553799562876,0.574970430333199,-0.203197911262028,-2.88527750505298,0.243058716503788,0.288655998553663,-0.609479657407763,-2.70332164172826,-0.0454542370880917,-0.335349600058255,-0.193867843338188,-1.00002464971068,0.36718465390939
gene927,-0.463726652138123,-0.0366549046667246,-0.94082872007956,-0.937043529765964,0.498641610524473,-1.62587793898479,-0.0404083593206093,-0.0145664154587702,0.777942507727009,0.0846423633285969,-0.239641802066921,-0.248025537185943,-0.32604790629129,0.500551216298769,-1.21082817762117,0.460735045212117,0.526841866679423,0.327500828997439,1.22750479298019,-1.60502870519619,0.0040347224780893,-0.390879845192222,-0.284195624027298,-0.212099519205276,0.659766358392489,-0.0915170370155445,-1.08538756611168,0.117532840447669,-0.763958436489137,-1.37294055525175,0.425334765085609,-0.178585104496948,0.665284557374785,0.421446070143262,-1.05553707199662,1.47355305287144
gene928,-0.351421373907112,-0.0297049713662716,0.793031590807488,0.389187225735249,-0.465802316173617,-0.325510684540563,-0.437579225413068,-0.0316748009624548,0.3845525144221,0.0137676138513072,0.614700115525297,1.11462655411488,0.810528384900186,-0.39686934750776,1.22834244706584,0.439644423612302,0.648941061659448,0.215058131715341,0.002066350050171,0.0703839874916239,-0.495333183731957,-0.126636570605959,-0.287041387634388,0.960266903699012,-0.320786311509079,0.673339629154823,0.500975123277957,-0.513044507727688,0.345195274007106,0.118597929807339,-0.465444834904407,0.14210351332376,-0.788988293681333,0.182423753014082,0.688209475521577,-0.928830736604191
gene929,0.127626992350846,0.362167947207907,0.534762215511625,0.105976560980893,-0.888861341455783,0.0185536322949284,0.767278469467516,-0.400909974563369,-0.61027639606609,-0.765867761415566,-0.656789522839757,-0.404898710778384,-0.714249682707164,0.604119893163043,-0.392451674383769,-1.12056852685072,-0.430165728629792,0.568110607521994,2.18244106525597,0.59152632843385,-0.677847236108837,1.61300895000482,-0.0025624506294512,-0.0600117709407809,-0.744032796183893,-1.00020252802427,-0.665042759751773,-1.14547372827084,0.537339384933879,2.83689200610014,-1.06481666292457,-1.09851811011542,1.12886571502885,-0.185598841674531,0.7408550413952,1.42355083969286
gene930,-0.946183310302033,-0.33739109340027,0.41845702907542,0.0503391914210409,1.08115240253209,-0.636160451912016,0.0537879720961635,-1.06123363244685,0.439729589617162,-0.255501115746631,1.5463902934939,-0.0561843403733302,-0.105411641458958,-0.229075794281613,0.901546577491366,1.07471652333974,0.0825247624491041,0.0639552049718709,0.721323841438177,-0.0214805108468282,0.0340949221797002,0.245043822026532,0.527251662508799,-1.05905506969261,-0.422764903908888,-0.336618951054026,0.126413201275629,-0.470109041337822,0.391365664261586,0.378421335626831,0.0326445898732077,-0.457391812818401,0.804581548240479,0.459090759096136,0.134999060472975,1.75351051229162
gene931,0.668611157116389,-0.712203788677763,0.254031542755567,0.351773431595367,-0.176612890760363,-0.957324997755026,-2.0647510083057,-0.0211200198158765,-0.308494345171475,-1.11385154828596,-0.615383214542605,-0.0741937627553342,1.35585375629894,-0.453590010708996,-0.0712167411991478,0.576044120785356,-0.834541389811416,-0.0770766317574041,1.47974666391715,0.418595635867499,-0.598458041879306,0.361241365612501,0.0908414415407727,-0.016646655681718,-1.11936942555262,0.517492042931377,0.135188473071689,-0.107455947183316,0.2582442522766,-0.78939904186486,-0.787237067348553,-0.628988071891833,0.630635638225945,-0.710753580047377,0.158810813815843,-2.3268781081699
gene932,0.208666311965415,0.322007787098257,0.329257310095243,0.32266834018386,0.244756072431207,0.101172268660746,-0.164623289242357,-0.328920033633573,0.352218143935429,-1.68644027235618,0.639333021025489,-0.885740541906145,0.572678469680448,0.652536222548711,0.545321658794214,-1.11331557311435,-1.47929419910153,-0.600686264613036,0.111361303769761,-0.257169114684975,0.151057197173072,0.391231542343998,0.0194161837371416,-0.342183796080885,0.879469007792261,1.22949480141415,-0.288168719313722,0.19144104959606,1.87667662617176,1.04904739681756,0.458543115136327,0.512264812642477,1.1352521126527,0.520339693858914,-1.45648610744217,-0.421080102293718
gene933,0.54199771297071,0.0785982626905841,-0.0846942368706875,-0.583367167674249,1.02274151593674,-0.962025020319032,-0.14753084072725,0.938554087400509,0.387504565451529,1.20679362954436,-0.198347453957004,-1.2308862188469,1.35410484902941,0.340639505594137,0.526318227092568,1.1488263869609,-0.134220029147032,0.0265575930890289,-0.129653460827623,1.17460747305758,0.177391713317048,0.0793522980459975,0.0158193845562041,-0.2055465611473,0.434701461750088,0.317211115095883,-0.249886054978363,-0.43179308370403,0.458279467635883,-1.25240700462835,0.0006108092096889,0.942694892187508,0.487004648450328,-1.10128216127715,1.46890637120951,-1.19491988326855
gene934,0.0638249204752161,1.15174038050619,-2.08993487249005,-1.62214184220336,-0.642102021161775,0.368639929290404,-1.62457904184228,-2.31567669781882,-0.161469912174259,-0.40742118839639,1.17286082538186,-2.24334292403875,0.502764540557699,-0.374774222318041,0.909360819407336,-0.644784484193068,1.38263061833354,-0.822756173557997,-0.329579087704778,-0.22723754188982,1.09753211049424,0.884929002818584,0.116755453869793,0.518675825500046,0.872260493171949,0.28390198664443,0.0351838498262715,0.228355332118084,-0.409759470847136,-0.888894506698077,-0.22029604071193,0.224523706353761,0.288872659497746,-0.199921666533303,-1.48264735990235,-0.702381237113789
gene935,0.611018861583196,0.110340187198756,0.180925188624386,0.146827199535765,0.414753104668981,-0.607702880667428,-0.258815804391389,0.13106790730484,0.27079825925622,1.54842284548728,-0.461140975844081,1.18651333216662,0.313676002795398,0.17118867308124,1.0867157540487,0.465871932239338,-0.918563896163794,-0.823352611312954,0.0220345807800107,0.0123483493728854,0.794870943169364,0.406194435022875,-0.392270182598041,-0.790379940900929,-0.500116693750896,-0.594984670587091,-1.28624685238821,-1.14550434264058,0.489717306137868,-0.848098564679071,-0.511288419371052,-0.988130539336339,-0.36084818331026,1.44766577985438,-0.512055469387168,-0.268119031700451
gene936,-0.900261173793465,0.564824157907514,0.143787392652448,-0.4793533891771,-0.0244267205055646,-0.588726420558999,0.759182680239671,0.652066381603252,-0.305102756470936,-0.785748171732141,0.714266490891754,-0.0515952853476689,-1.35337695254852,0.306259682597662,1.06313901249039,0.359247603754809,0.539303603912609,-0.0755494554112887,-0.97341212645963,0.425534536108393,0.16735101912449,-0.406377420905223,-0.0240566960078178,-0.851783556208113,0.890729422810756,0.378363346208634,-0.220648586109894,0.0171213106878699,-0.122016918798817,-0.741433806493397,0.195897776769106,0.961538558798828,-0.88981095568364,0.0233204054416804,-0.133900460344595,0.412993405116115
gene937,-0.0625366843551888,0.23794508486658,1.21622656164645,0.504114346618107,-0.0793820665719475,-0.394958575312548,-0.238359713128867,1.84145781377089,0.468341665156657,-0.17277892510008,-1.39895321434111,0.262756496050289,-0.240899634550243,0.0456982375590284,0.0477000122403219,-0.610734563124696,-0.482411840152461,0.0589549284138049,-0.212592777613847,-0.126164899519541,0.381047101858825,-0.726456703876202,-0.0685370964375804,-0.71154273356175,0.0096289052115187,-0.563647140097492,0.310105343900682,-0.0375782513160598,0.0958821656361861,-0.320531612250702,-1.01356567813419,0.0345945749395851,-0.0560191422093597,1.30299296585271,0.331538444238698,0.127592005713272
gene938,1.36421157447944,-0.544461073429625,0.653600520542781,0.936060812934875,0.0726205870287545,-0.412865745019653,-0.106648863433175,-0.531523427337096,0.718748972549892,0.0174151537557124,-0.383879839970571,0.702048423572342,-0.745654549411406,1.25121387744402,0.0376374792790846,0.232304821902524,0.358341330161226,-1.12676547273306,1.57127108488178,-0.322925173036829,1.33168691379196,-0.927117646244135,0.283728154927224,-0.0485163434380382,0.977185722122444,0.0582851554915897,-2.31697776354541,-0.250734832511108,0.925865984889577,0.356473003951631,0.0403099845439416,-0.2363280489177,-0.150300144540304,0.63764250163956,0.601029919764823,-0.610760361345809
gene939,-0.385323895417552,-0.740285281363286,0.211130202963058,-0.434606718320801,0.400375220411302,-0.133653487390553,-0.026839331798077,0.066303022395252,1.25912851732449,0.0568639103566701,0.373408731456275,0.664788895234917,-0.801347316244089,0.3355848234737,0.0787117608727839,0.852503743824593,1.8172212707952,0.537961822114117,0.487397839566733,-1.77876811259321,-1.26243581131561,-0.145372879460039,-0.191822696008939,-0.245168635380646,0.100946595500984,-0.419482330272797,-0.122805092843191,-0.0850710163497068,0.92470938314199,0.325689829136827,-1.4685327979435,0.696934561009224,1.63704780180458,-0.0589974436949637,-0.971688723808347,-0.0453040920239656
gene940,0.0924368485638781,-0.0838629018231336,1.20346771794595,0.511220477417193,1.156930076548,0.139713750519263,0.532522286495669,-0.627043819360438,-1.09730763105041,0.732579526884309,-0.265036029147412,-0.65159034421379,0.500709482365545,-0.0308354311273385,-1.30612120353895,-0.275074984927121,-0.55516772492293,-0.710404538460081,-0.337700843772433,1.58957613998622,0.163792576763149,0.188016468795611,-0.704338995298133,-0.246754946402523,-0.105527442358009,0.142266848875436,-0.410897813183068,0.198198127418606,0.49660424254735,0.433704958802831,0.254656415492126,0.341622484138947,0.125971115801759,-0.110869603241445,0.448300729800231,-0.437933907777941
gene941,-1.31240209306983,0.860280315285824,0.154077533097231,0.0482852613710109,1.43857629233547,-0.0088741906771549,-0.761802155139817,-0.328028806968665,-0.488748291164289,-0.377051137517613,0.104230433491964,-0.754775097040847,-0.245478647891419,-1.48560768571087,-0.87591029150764,-0.687613734987445,0.199947107220852,-1.20728396568038,-0.303897670035794,-0.252602920830606,-0.458609959805471,-0.151616869470469,0.087199700112842,1.57840864272012,0.41823258251059,-1.06940308468178,-0.000775662566571,0.455936582222046,0.510397405574947,-0.281622216771477,0.736431552176341,-0.0437929305372111,-0.0780544977127058,-0.433373345112756,-1.01265511786147,0.296733775379502
gene942,-0.332568298248806,0.354738308507026,-0.30720679262511,-2.95893004440423,0.34600781732801,-0.335938711649108,-0.114461319681943,0.158197439573742,1.2473902287293,0.332761621709691,-1.24328293415948,0.158323109510189,-0.187630741934899,0.0121368443151165,0.360512698297466,0.27029538963866,-0.956300653159485,0.582539530324199,0.280351920204413,-0.336537973902421,0.326657108645826,-0.866657865689912,0.469708845990648,0.2671980577768,-0.0419038335161349,-0.257277757750527,-1.31520349084723,1.38084421964589,-0.891714443469364,-0.176536212754237,0.28398387449917,-0.219720703926735,0.752019786895898,-0.334902528002304,0.234213138282774,-0.169215400253143
gene943,-1.30437002750784,-0.0257292447223318,-1.82871867766288,-0.799465707771749,1.13589287297813,1.03781485199926,-0.631618766528718,0.935756078787866,0.0339945087460717,-1.34567782947399,-0.12359607357957,-0.046849046037086,-0.191091679861059,-0.0634946264426104,-0.430717042600108,-1.42144711832705,-0.307776035190802,0.110153921196776,0.261707704343412,-0.078890147000416,-0.395360800029895,-0.81592818008567,-1.12185690113769,-0.276052547072744,0.236270974628694,-1.25720849494475,0.422065352627385,0.463316610792441,-0.628501784300969,0.0275090240095531,-1.91502054273627,-0.0888153045925609,0.999279378066877,0.17378799207484,-0.530221589589611,0.274243573052081
gene944,-1.05820158885157,0.485850136182449,-0.54678227288135,-0.228541318725829,0.766915417636638,0.423066546231751,-0.635842142386999,0.0889710174551069,-0.457782257487836,-0.527403549161692,1.576340540349,-0.75537572087295,-0.0814603431158993,0.320193877687391,0.0808654674199532,-0.466833560412785,-0.122008581714713,-0.676972776304141,-0.99974100727955,-1.28235195196095,-0.855116287963092,-1.67163062689336,0.838210931065051,-0.39462767311449,-0.0994880297464661,-0.169376585540758,-0.429655331921129,0.148599420484238,0.20823683322009,0.401441500003358,-0.282252424442973,-0.478799493633977,1.28622495967369,-0.560678436972979,0.332307759003039,-0.857231279665463
gene945,-1.26408511269608,-0.239225180040331,-0.242485067468377,-0.0158390241292715,0.484880324395741,0.481878132729968,0.58718317558745,-0.15003812923572,0.431127013173949,-1.19068770649479,0.287696078838345,-0.383919172804483,0.722855710928629,-0.0735922661315406,-0.652447974091689,0.203901280272699,-0.0517415959243344,0.191314579587551,-0.805308318536104,-0.783471939784199,-0.388628800730045,0.140657397896266,-0.673880467889282,-0.778787750018913,-0.664657660432586,1.44270186266508,0.371461950828127,0.290395533265455,-0.338226348133165,-0.961209651936935,0.838438586446265,-0.915186057322006,0.330871037462196,0.133859899702829,-0.0904006463701856,-0.125962014291566
gene946,0.604909580506353,-2.15626592861984,0.21843328614271,-0.0732350064510693,-0.0967201351879844,-0.142803770115568,0.0412749396965164,-0.0111046367298387,-0.952434664331747,0.321420214471583,-0.217282971161411,0.186772077762555,-0.164646441072202,0.485086161775266,0.153595071430875,0.342051160620723,1.43228885999769,-0.0284319960998137,0.275383461066145,-0.33239513538939,-0.849630503579755,-0.120366659590895,-0.938715299907255,-0.691765436675722,1.76838992152515,-1.55915249177339,-0.165729834270466,1.26873602555613,-0.10226065638071,0.337897544175087,1.15037638281166,0.414153457140993,0.279620255143923,-2.29043351377859,1.96593691998242,0.55405268799547
gene947,-0.966386125015175,0.362945534110769,-0.636627673170587,-0.115541023551221,-1.19654304956962,-0.146641690752505,1.1970380240735,-0.855236234026041,-0.195062832471624,0.468091721129157,0.599767509284113,-0.627312029052126,-0.891972452244787,2.53956091382923,-0.831947399761562,0.110245017446663,-0.090362406346101,-0.0047801503360628,-0.469514734565616,0.58181757366748,-1.57800135295116,-0.13954134920897,0.28134664298277,1.91326371444448,-0.799829174778604,0.247765347313416,-0.305000777397565,-0.193095909104225,1.04541087007116,-0.33567399234301,0.589317096709047,-0.396905368130122,0.248295073753678,0.902359387913643,0.300229455125098,-1.67070612996549
gene948,-1.18070135807414,3.18114443766513,0.205678439655679,-0.499612196597555,-1.03108676601966,-1.3713633640712,0.570728623984383,-0.918035306908188,-1.62981369035281,0.292738314418588,0.367988636061086,-0.594225226444487,0.907597271770323,1.09826397801106,0.0202622681110706,0.662072464149562,-0.537396602247596,0.794660630692998,0.431063791582931,0.219898605040043,0.554738771285548,-0.264177496675624,1.04771816951306,-0.101195519723052,-0.124350329700113,-0.440423229442065,0.438829339371155,-0.243166668752611,-0.378410056969567,0.498672334022062,-0.554276935764532,1.3898373947006,0.895496470842031,0.623683397659953,-0.061412801464417,0.840033863434038
gene949,-0.0056686887730196,-0.28801713091927,0.959847127930813,0.426736014979666,0.265214416789572,-0.565479213532028,1.04175574890866,0.0791546969535737,-0.992467613474458,-0.615037791485009,0.270064642816195,0.265502343788629,-1.06423539016686,0.399844385578291,0.721432846089141,-0.0817844777467946,0.487893447166078,-0.42730913079285,-0.0403269491682597,-0.399184186148705,-0.244177387638184,-0.150012868518038,0.581013632312908,1.9437564737165,-1.59027666977397,-0.607890699668877,0.359638940006029,1.24982042638332,-0.647575517391478,0.0674314767323516,0.158361976970883,0.355803253263683,0.594379884791559,-0.209074829279995,1.31593012827532,-0.513887651705455
gene950,-0.18849847817493,1.03162845335906,-0.833863864194985,1.03597423408547,0.600570028721787,-0.523417477504787,-0.376270261864538,0.29325147752328,-0.662997127020136,-2.09502152338794,-0.688392878708292,0.858145199002264,-2.32609532232211,0.550112912684438,0.135647867227819,-0.459165083337931,-0.0286099451853221,0.808008846317025,0.0445018910616232,-0.287961242930669,-0.203552902145976,-0.669557122111934,0.411515512181853,1.00596959047565,-0.411005148996346,0.4029056961056,0.428695605287047,-1.86894504047367,0.278731421848149,0.384722354708822,0.494091300242883,-1.07153198957888,0.0447472508176169,-0.738465881494138,2.51453021862147,-0.657209182661136
gene951,-0.137185913197612,-0.433033933357979,-0.374625706806866,0.818331854270369,0.124639847781276,0.184786759367927,0.0143112545035993,-0.0157767953981125,-0.995965604612624,-0.974705008324983,-0.319979852806377,0.356842403906452,0.874043413572501,0.0935796606594202,2.75929318139704,0.238899613258481,-2.40369004593173,-0.794960682028635,0.404301690818776,0.664539856862459,-0.0261702019236144,0.905849439480871,0.497071777592555,-0.276751442641116,-0.329329042179936,1.72319980465936,0.215809874942244,-0.0882242075029421,-0.554288607444905,1.1517967012267,-0.23955716734562,-0.366088501306227,-0.430829012438993,-0.138506532745502,-0.653247401421719,-0.529302802415217
gene952,-0.254122934726157,-1.15592775096232,0.0518540327348595,-0.551824021705512,1.18683641080646,-0.0890796073562754,-0.877259556298336,0.775967200915425,0.189289807009752,-0.163610013288801,0.746682678029327,-0.112231852351221,-0.202916917505018,0.183471250259124,-0.3178136511067,1.59538021931751,-1.23745142391834,1.04374603568663,0.401581822904918,0.409806425513379,1.14761311112759,0.946659130015159,0.794480229958635,-0.567470130142598,-0.179393462245469,0.821044441514493,1.17918045608363,0.140368093084063,-0.576375671938394,1.25613515049758,0.922333237545395,-0.361350429145346,-0.0454293075561337,1.62404635913707,-0.0209125380541544,0.854761919212288
gene953,-0.877442745868262,0.470464794691317,0.862743123061046,-0.242314412880033,-0.454034474255543,0.441918209778066,-2.30098455105013,-0.760051624131492,-0.231869252328954,0.0487645685032911,-0.0765490565731561,1.11704227051509,0.0307428548901378,-0.439680370146302,0.320788906547026,0.384676024380495,0.200429773815263,0.968747701496642,2.33075783449369,0.290585682282476,0.0855839184610234,0.884852780472734,-0.289265765883626,0.476751496176975,0.0157588591033751,1.10848103305181,-1.3626190483542,-0.673751209608738,0.0594885851234968,0.321910735060897,0.200448352439153,-0.564064879019445,0.0071247942276681,0.722038390837968,-0.262147445912841,-0.862636017457963
gene954,1.60882063932575,0.351731792268235,-1.13465090068818,1.40769002502497,0.121657360321405,-0.11431489925376,0.530076685408505,0.0104280033564009,-0.230532281992294,-0.0818200674501983,0.261212327860281,-0.639341394409385,1.38674406689144,-0.936335830949297,-0.113075094302597,-0.390437002377831,1.03535355334347,-0.52875417671915,-0.0937988950529224,0.293238086167551,-0.969794016000605,0.0256909193842978,-0.616051334638287,-0.333619586017648,0.408803025286432,-0.274104023019623,-0.639070594929775,0.0340832226085967,0.112089882162905,-0.195624015716043,1.7239382345795,-0.692378401400606,-1.07708766055296,0.610723763566465,0.304537703375308,0.322552727670399
gene955,0.525823856940629,1.41608078881022,0.373349071872574,-0.772962942880031,0.0888581472809541,-0.0714032951656741,-2.59137114755718,0.0180742458017356,-0.442642906832644,-0.340634526139451,-1.10693929291311,-0.244778616196991,0.535820129203889,-0.817838290379453,-0.052721517725097,-0.121038172909294,-0.259557957294724,0.225674957086577,-0.598808092365512,0.236399895319247,-0.338580252035411,0.126320069009966,-0.632058855971823,0.23053379201536,-0.345439338469393,0.383755050631312,-0.452827656190868,0.271109861649158,0.18360496158483,0.127576080477223,-0.950318675654512,-0.761354863956884,-0.0709135770963417,-0.0711777165031848,-0.347627994600894,-2.21601474809042
gene956,-0.16611173455584,-1.11067653943128,0.0214493137639134,-0.0710402193792627,1.32465592126896,0.395564242332254,-0.292392392306497,0.512712211000851,-0.473409936175868,0.582376785347569,0.536118934279295,1.03835174104092,0.859506860780943,0.730575106644171,0.391929219346987,-0.102186613360338,0.680882559256341,-0.74291741030536,-0.387678719766884,-1.56116389061047,0.44713367540959,0.786607312202522,-0.18195392770394,1.05391830337607,-0.087723345156435,0.959776121150202,-0.420106639079924,0.550054182796974,-1.40918132760232,0.536735716777541,1.29357162300516,-0.480458089441891,1.18752145338523,0.222567699960752,0.373595462707711,-1.09458786766227
gene957,-0.386227892214902,1.25731575284475,-0.856540173210616,-0.486079314746776,-0.852758551745475,-0.591389623785828,0.272179688924941,-0.339746798909189,0.0375189832877902,0.956104521001922,-0.736628336455654,0.340181905001277,-0.632667810961187,-0.455870586821923,0.400110113647156,-0.51732927642087,-0.822471410335086,-0.391868128760809,-1.38425643348337,0.957715086967732,-2.90017408726237,-0.0510310711612374,-0.494651948544829,-0.801876716973806,0.277370426759798,-0.318943534659532,0.48559598551219,0.930729082055101,-1.02425097042154,0.125324405472906,-0.569064821431393,0.271279680173168,-0.318463275952112,-0.0237794010088837,1.81227353996644,-0.175353499212294
gene958,1.05693341280159,0.410036299138163,-0.560405964620706,-0.154338412787164,0.50277105018477,0.7367808008583,0.309243224987992,0.151309508190644,0.219101168749999,1.09619231560962,-1.54478423733342,0.268313634892282,0.652241197840465,0.509159803728869,0.472950844004546,-0.18299643261925,-0.709860893744453,-0.746453507278625,-0.650817881422062,-2.22517580325074,1.90338324572582,-0.800646574823197,1.29348601245253,0.736945186290819,-0.767462966487745,-0.111757723407474,-0.401411764029521,0.610976957083855,1.39471976828407,-0.653387908730756,0.262624808505061,-0.165139768357468,-0.0276330634329554,0.671033157065267,-0.794559787475201,0.838723210597601
gene959,-0.374248460719099,-0.559001225014415,1.10042272673218,0.123208897757482,-0.60852101325798,-0.436911852234967,0.862641519536726,-0.396908259699788,0.36787058096692,-0.307951261393767,-0.023503365369239,-0.549249306249288,-2.04971151163918,0.23281781207442,0.923877596544492,-0.361600566744756,0.107265175455551,0.0033153956598735,0.113736737694226,0.162343411773517,0.536847922801579,0.487711039565056,0.0198142332440802,-0.0140990963198477,0.322584885499916,0.599507074759326,0.353326259769224,0.224890184338109,-0.452316867834694,-0.241094771044287,0.471204444337087,-0.016442622040127,0.219357238954381,-0.205110319702678,0.80624125182479,-0.338013033215053
gene960,-0.24147696114505,0.125672131629231,-1.72230893228404,0.16083673765037,0.455084510027578,0.0487883466732341,-0.0730597540639099,-0.778096123220598,0.654642784604025,0.304071926816333,-0.524267855838558,1.24191370197273,0.247370040730706,0.0525007397861686,0.905972513313596,-1.80765562098219,-1.78426899625292,-1.28741560857156,-0.966169523744947,-0.0151162483691565,-1.56325565597223,0.256449044658113,0.286480001859413,1.04512395003077,-0.0649186039243307,0.153376249559755,1.11861149853556,0.0719381088918884,0.498741873143284,0.188044938168335,0.90369392108455,-0.35239375752838,-0.847175310198828,0.868233584391188,1.83264011748602,-0.12415673344437
gene961,1.08453301919679,-1.62342438489582,-0.634578222649454,-0.0246397927908774,0.639453607687963,0.389926118998855,-0.31142622738423,-0.133239794700361,0.983008906941968,-2.17536109925226,0.473853325824229,0.720548354449198,0.285725297890263,-0.420330458896898,-0.0303032341341316,-0.262124858926535,1.447381228705,0.0579237431015141,0.947498998859303,0.404222053909649,-0.187459205212276,-0.608777804456339,-0.37207456288686,0.177789608907885,0.851128676622211,0.706191643546937,0.107481197183411,-0.0698285663064867,0.875596567293496,0.411040464353946,-0.539682051793072,0.843799580738651,-0.75139893865116,-0.234621514051206,0.471845278102299,-0.275725601992354
gene962,0.439160252785342,0.135257385591313,0.258172570534521,0.122408205946065,0.819214068288012,1.06564471637901,-1.19417832856369,-0.263346846891447,-0.599430170152977,0.630395051157352,-0.0701991278740679,-0.168515523085085,-0.317088301926969,-0.323431312017991,1.30757702010389,0.313400708806445,0.219149135715895,-0.618796541242061,-0.984319004732584,-0.266474374742786,-1.13537886422379,0.894716643607841,0.755504408778678,-0.549806792459913,-1.15574549617921,-0.524460640619055,-0.663123348139982,-0.750464998333631,-1.4284863278769,0.479019028828653,-1.65833434879731,0.704921532026433,-0.899167624536279,-0.892378892739891,0.646613027449235,0.522451513882982
gene963,0.202161557725008,0.598040737668605,0.771401904125981,0.0536993669125591,-0.029736129073502,-0.305853167370904,0.468230422326529,-0.551893302416606,1.30527466095828,0.116075915480999,-1.61427053677623,0.522883683853932,0.0240820025842945,0.268176855011475,-0.250592578686909,0.744786301585488,-0.841327497455378,1.46778947815476,0.23497175005538,0.129307169193501,0.303987079413114,0.168242708704719,0.0154470168831505,-0.559738649853866,0.401531402737761,0.039327404610322,1.0194602139155,-0.122155793829004,0.7847558701619,0.862080220891071,-0.502611624223999,0.137972160909642,0.193481783643262,-0.754322612577293,-0.0514750958305388,0.0343098001526455
gene964,-1.22978984040401,0.126217680065892,1.01087048433229,0.76939360948331,0.988002313435467,0.459829918439369,-1.74328997395108,-0.296207960446464,-1.27081010335917,-0.872329649071183,0.614099315725636,-1.32221051648328,1.47148567483147,-0.557921997799646,-0.271563379498685,-0.786810943846406,1.22696155609239,-0.299076028994775,0.997720824523027,-1.2194826804243,-0.870223815911218,0.274045760814565,-0.355916913734016,-2.34373128972832,0.453046208104073,0.345227620283099,-1.45602111880743,-0.805456485043213,1.4902898297342,0.4102856025684,-1.35581985830591,-0.154524897187788,0.760584124096387,-0.0878555648354756,0.648414971913541,-0.488221595089918
gene965,-0.0838165693058523,1.54370742403097,-0.279262643933967,-0.62779694748303,-0.985827392283919,-1.04925538227558,-0.0326246290156009,0.12456646997178,0.206257535591789,-1.30481051388347,-0.971489798121616,-0.674823515741216,0.735912434670337,-0.0941222310460287,0.327217167667669,0.368788847772983,0.0682729258919077,-0.84254770270379,-0.0833357536156779,-0.129980937580549,1.06295695084145,0.448395003782158,-0.211844508336245,-1.31142768787324,-1.95048983006402,0.918726773859265,0.0777330109190157,0.429222513188802,0.293828043326859,-0.721650268510222,-0.3322209169093,1.05560103132961,-0.427653566518481,0.547776547610451,-0.471966081750082,0.465536188404889
gene966,-1.06794674630351,-0.381587677502221,-0.933547676042352,-0.751150273492043,0.224085968102346,0.35822920503231,1.41667545661607,-0.0458576043318273,-0.546679181872093,-0.24836560465543,0.425477531947242,0.450563076688552,0.350143580585964,0.52460945328797,0.0039602702833918,-1.40923296880243,1.06852637200249,-0.745335763277416,-0.673326824800545,-0.222463740203517,0.070236530240918,0.194835463297271,0.182333536183233,-2.19299070741373,0.405348968077853,1.33890436806688,0.0614892182890853,-0.656520907437087,0.0400733562952318,0.448986282309004,-0.5026964529847,0.678262514752073,0.241402650113174,0.535192105291162,-0.822116315800598,-0.263998980754008
gene967,-0.12640045658845,0.3918411693622,-0.458869651342882,-0.473464101755806,1.24644340840011,-0.809739156249065,-0.251029550374188,0.675227546376979,0.699309965808727,-0.214126426533515,1.05816598335399,-0.66441475424496,0.530688679852881,-0.0454982068609145,-0.431566496919726,1.04628641762124,0.196187071369309,-0.891690760904093,0.891473127289804,-0.10971109053206,0.631871543647134,-1.49523797711439,0.971635824513759,0.225029068430028,0.755424961245946,0.558089573625795,-0.31101171881515,0.327759249947209,-0.820555505084104,0.0143135966140343,0.131780953493439,-0.924537649666422,0.317100481659279,-0.208761120606559,0.964869033572974,0.255097058268406
gene968,1.23533132344984,0.536162348267375,1.17991426152153,-0.0003647577622842,-0.0014821508160817,-0.58546919366409,-0.646905417082175,-0.333420285459703,-0.686797753794402,-0.786730861872308,0.504675261651056,0.99623220688218,-0.84134586620174,-0.0888158951668403,0.503500003914092,-0.135092547844627,-1.49158162005921,-0.164623537971898,-0.824602316886205,-0.35698573763584,0.304799303573798,-1.40717938837129,0.478289022273329,-0.445068947832617,-0.535672567210194,-0.202791373564132,0.637107240678123,-0.475083438708704,0.793364541757483,0.706405221080752,-0.524390003368204,-0.112361845983384,0.154103121489664,-0.631504374579718,-0.539939791826797,0.473673004118813
gene969,-0.578147359003793,0.965488392411804,-0.286548835480526,0.281186526650518,-0.685324239204531,-0.0701555260404343,0.54393688795941,-0.211753758459148,0.91836852715955,1.52631438390897,0.107339156863901,-0.753017051454178,-1.19499153015332,0.267631357031562,-0.394866288160668,0.33034636393248,-0.457228461560469,-1.04741275805107,1.65547625505114,0.812146599377258,-0.0513442683187384,0.486972446797641,-0.182485622252681,0.642193307599621,-0.113901127766549,0.764880290814328,0.283886800129175,-0.277212300788129,-1.3349440388705,0.590981766991332,0.135906187134263,-0.771906297281854,-0.301736807234678,0.553637895672845,-1.42822000207553,-0.485792712748556
gene970,-0.026995572660646,-0.328519454715163,-0.299652741897924,-0.940525084894911,0.253563937398693,-0.622462218547249,1.04776204141579,-1.59487539330839,-0.748275638066873,0.285178233174991,0.169655949336464,-0.154376981578524,-0.943060063987583,0.513185391106586,-0.262725787630987,0.478084188933266,0.167437534556459,0.163151221622788,-2.03854807917787,-1.212369924183,0.0260791885501545,-1.76567620493014,-0.218641498260602,-0.10190101091856,1.05818603228939,1.5678414127875,0.130194936940735,-0.669207805426759,-0.704221291203578,-0.936630432932665,1.08179668527424,0.387129788729245,-1.71051340368332,0.207208224595707,0.726231595767475,-0.0123900171282124
gene971,-0.318241262501863,0.25741494639974,-0.421831809781455,0.210512373891955,0.175443025703235,-0.519770367713755,0.148950705049183,1.28305195365184,-1.0250374458156,0.226015673891465,-0.700908137980647,-0.387758429980598,0.776764397541405,-0.0629124980855921,0.0586317274671767,-0.309096984285535,0.554218398387653,0.937568996782976,-0.226930927935595,-0.750781830369444,-1.20186210794155,-1.01495095715217,-0.890898822771436,0.832589723760696,-0.0448560030058586,-1.0311189877285,-1.11894094557604,1.89483745621967,0.791955901781928,-0.705631567850045,0.86667601433489,0.244454738446904,0.0908442104496772,0.66729553819616,-0.0922698554374378,-0.872750754470307
gene972,-1.92306753121847,0.0393628361869296,1.37470910666971,-1.24082353928093,-0.538573916122719,-0.782231765645551,0.354369748487956,0.84496737485571,0.607849206031215,0.0134697892892069,-0.535704911532136,0.253627499855822,-0.34540181857839,0.940693966897595,1.07338221461611,1.00719239830437,0.11496968316182,1.02761910032219,0.815963967958394,-0.717952507774031,0.706173796297123,1.02274618989262,0.0902988495362345,0.484791704646147,-0.683683082999509,-0.587219390694137,0.215116047984453,0.429439573415202,-0.0576038216029975,0.794604350413027,-0.0065293080973463,-0.657332876595698,-0.219978341152734,-0.399949163808512,-0.81212074484408,-0.300500295419293
gene973,-0.806694123946418,-0.548543657472766,-0.268768786981723,0.327823985975878,0.514478345126657,-0.977031045749553,-0.850850818835974,-0.624451985308793,1.69401261504802,-0.149557737258714,0.6267159235754,0.482491841733578,-0.773427998799642,-0.0784080234057648,0.380776580780359,0.613622871831167,-1.54004450205008,-1.01571636818416,0.195749922146729,-0.672446021917502,-0.994750871865478,1.6496169425275,-0.445641226320927,0.26008092800223,0.294931332515553,0.481335809121153,0.867093227590319,-0.182238766897701,-1.12700372907423,0.325058917895584,0.757656731694472,0.199069928685912,-0.116733887375999,1.62317646036759,-0.230819207946183,0.536821892903316
gene974,0.590307247741605,-0.392313143987002,0.324947140846444,0.0424439117873385,0.694418865690413,0.894685722279546,0.128296801000662,0.247209050315705,-0.743645057343961,-0.4098533492718,-0.0995076376595083,1.15107810031458,0.610306349122837,0.289089448260184,0.477269904279,-0.978357813346358,0.384870247486193,-0.617750761441089,-0.198804664826263,-0.0874913338786555,-0.423649721149346,-0.480263064441583,-0.319065883899714,0.830818980660523,-0.656801244364133,-0.094193194996823,-1.50336423736541,0.347345727062898,-0.233774621013766,-1.28633377603841,-0.334745879419093,0.508003804996809,-0.408034662737321,0.668160705034574,-1.02317534134855,-0.354579806335827
gene975,-0.790957210062682,-0.552926985098845,0.0078549896952642,-0.114758875940571,1.5662797530435,0.953781266519427,1.07069471853507,-0.0134472239005726,0.0529623293694539,0.540934869762306,0.4192223315331,0.304255061208222,-0.739896772479334,-1.00624779837917,-0.393074366541851,-1.27891910688948,0.492781158550023,-1.90997477914829,-0.2607074209914,-0.861843540612301,-0.301468109639484,-0.65136734135316,-0.175054156658032,0.0985080754521405,0.202409798701208,-0.534780379188891,-1.53743647177108,-0.603627550558473,-0.124108719223892,-0.590923946442799,-0.478111421783447,-0.483898461279176,-0.244239123877218,0.726506408801976,-0.492845949978038,-0.395079401763503
gene976,-1.41267035964548,-1.47237936532552,0.718528549930893,-0.0451813983847894,-0.41841491885353,-0.887308088749441,1.09272269950752,1.47764028394118,-1.10082996428633,-0.227378820783711,-0.435097997600886,1.73586280542703,-1.05036450579652,0.383530835757631,0.497821403363172,0.164597835717065,-1.34882536767931,0.351185541907171,-0.229094600801968,-0.0776002279689472,0.465537052866569,0.738442072840501,0.729307172817978,-0.826895376174333,0.168016978807682,0.359107242539422,0.763166104574348,0.875481896031046,-0.538886758870908,0.814696191823297,0.0061308666783659,-1.13522400516174,0.678895636638209,0.298969837863441,0.0610894133076022,-0.064909026200008
gene977,0.059442752471392,0.395931770881369,0.50393742211873,0.636736575564806,0.368384031417732,-0.962403348299353,1.25593573202997,0.889096782784678,0.275129974871973,-0.891903633982189,0.685980394090957,-0.459981180641874,-0.57803812991049,1.03761403435229,0.811642901524544,0.0111883551272728,-1.70106771476103,-0.521347035915026,-1.61058874989012,-0.0531438649903853,-0.615388365544551,0.764687287336394,-0.389775790435592,0.486869062973082,0.002453884847584,0.582944396222934,1.29906367691553,0.160713958615846,0.17334663453289,-0.676544768124837,-0.638163238001872,0.804928047892719,0.0937363009899612,-0.324836038816848,0.579180949691787,0.469529217810754
gene978,-0.428981424906129,-0.713264786858793,0.121928677216645,-0.181551440040091,0.188962075263727,-0.0703769424537706,-0.318808055380389,0.105201189139773,0.413517241731369,-0.217942036816394,-0.1178504993232,0.231762932256041,-1.06993081150273,0.344440681053534,0.06944237339532,-0.197132522566219,1.84112695834822,-0.413842269519904,0.323992826571619,0.599901538050802,1.10075481346393,-0.68119327583854,0.685761754828402,-0.727331352194104,-0.89620808741933,-0.025540769515432,0.358329577948591,-0.0842825228584848,0.296166745506486,0.0037652548428796,0.561543022610917,0.0013101928678443,0.268448173467094,-0.114322630064384,-0.300118812438504,-0.387759506153233
gene979,0.323644450854593,-0.099814699952044,0.426396810562871,-0.329615760150265,0.557723623583605,-0.0281834282111246,-0.224486619758869,-0.0223674317610598,-0.0747452865584911,0.67479046203348,0.593385354085756,-0.551516876040046,-1.2388861470817,0.756405517071743,0.711815505604051,0.797909835717935,0.144658269288364,-0.0741571074215027,0.667832629146542,1.81348713312253,-0.348252744320847,-1.27445751062292,0.989506789193556,0.224630758745843,-1.13987866925789,-0.780307992746961,1.24882938379192,1.05034138643138,-0.270465830118625,0.252533552659093,-0.340937385219442,-0.0651076279378189,-0.251571664164023,-1.03768207129266,-0.236282096553004,0.302964551610345
gene980,0.717026924814464,1.36414308641512,0.903921105040868,0.666513593505263,-0.395728270916955,0.593911957648723,0.434153314948552,0.340787076666233,-0.407128761285541,-0.537459897440179,-0.169172446434411,-1.20022665110911,0.0576925013162629,-0.857769821801965,-0.306611361129099,1.01961207989166,1.8057564053915,-0.681136476606167,0.547697357436043,-0.521694047991826,-0.718946788989053,0.421046248568748,1.77282502819022,-0.291009518984777,0.300741241713386,-0.963371504878106,-0.0733008841260205,-0.385205050342351,-1.63190526520572,-0.0476557032809553,-1.45686258419137,1.02118736640167,-0.6376285702477,-0.0622683423876174,0.737943556636155,-1.11421920027595
gene981,0.459841087335834,-0.487910972287769,-0.150424835908022,-0.497556203778832,-0.882407742444876,0.411972322890824,0.71598233979148,-0.588848256353792,0.165115924289983,0.442777736152166,-0.343601273030812,0.961001358848068,-0.502042179532005,-0.594685227608118,0.424253491131187,1.6673005674941,0.905540147965164,0.600879957353975,0.0097696715415722,-0.15257093260531,0.758340965426567,-0.273122523961839,-0.52243732768435,0.452841670689896,-0.0238247825667319,1.4465112973672,-0.040149513866737,-0.289034335611234,1.52168306940587,0.347065850346634,0.449214606500184,0.80509337578408,0.666471405476448,0.351925425150733,-0.772952727162594,0.959946864110772
gene982,0.436527017726124,1.21369599828458,-0.136204299158738,-0.803465589103269,-1.01253407397686,-0.800278925644307,-0.328490733232975,-0.853214036349717,-0.258452495738647,1.3293711165451,-1.2295099992574,0.528146368441219,1.97993768809727,-0.665532783167522,-0.412820254979439,-0.506783686351209,0.450240645080378,0.022537002636187,-1.69111418364125,0.8971460305457,1.02722833585436,-0.917961062616341,-0.41559984337854,0.53043459620656,0.624473826109677,1.62656684145867,-0.408726680171974,-0.302767525760895,-1.85503545742763,0.0958441456002018,1.02259196530437,-0.0647055134485419,0.14404557201524,0.51529187698155,1.00521283501859,-2.28966599669562
gene983,-0.49439878869243,0.0766412607750083,0.386783010258708,-0.139675170426613,0.170650713277526,-0.0662307367990679,-0.204159928642395,0.303138879458134,0.224406538429081,-0.250648858878756,0.867656385536091,-0.236051206036333,0.395989111649375,-1.29494648561831,-0.483266573574545,0.438393468803301,-0.644296793513728,-0.957388141697204,0.236458836471334,0.488298527400439,-0.0779635915845069,-0.589696955004063,1.28752136862684,1.15337351318388,0.109879200051161,0.401881384287535,0.0038280577727666,2.06186963433928,-0.849884222889466,1.94074095095222,-0.0879835554493067,-0.260239330754067,0.972975930448143,0.0077691011531017,0.0903597530560703,0.185914024075277
gene984,0.415354166954467,-0.204332781653442,0.534504469240668,0.23528597331377,0.468588547000668,-0.128067637418703,-0.972599938601877,0.542451549690997,-0.696536950344315,-0.0542410760951467,-0.619607344944612,-0.630895894437124,1.51673042950028,0.514526221415813,-1.15930102037032,0.216884755059125,0.835427534654525,0.0553273113563156,-0.691663390899823,0.115799396322088,-0.651597876933112,0.148613650295445,0.187985179961544,0.884247712510195,0.441124242095496,0.441755108777466,0.432304851300577,0.492059191187584,0.614609488999073,0.891759850270763,0.658186010477949,-0.253308086613657,-0.310013855195346,-0.604715669642149,-0.336438316694002,-0.322261730477815
gene985,2.03267096853399,1.2865240466925,0.569226735922227,-1.04962411973031,-0.0497172626045852,1.07725631645184,-2.19599759102853,0.293647801826205,0.587186762243404,-0.774836512662131,0.186166390596076,-0.421501315774771,0.199727130186528,-0.0937411673852058,-0.167373471858896,-0.563568439600156,0.212626744561198,-1.60100163755336,0.658270562037002,1.20963822929336,0.452234685245109,-0.770756681574551,-0.123162095678192,0.338969543098105,0.473494411194518,0.509112948427044,-0.321102222618805,0.560040879420363,-1.08461797315167,-0.582201570323622,-0.963825764064364,-0.439086427056746,0.41583778190115,1.18768426823364,-0.626647591739456,1.11652263540145
gene986,-0.934999278964384,-0.761919652959333,1.08078418104366,-0.561881330725714,-0.913931235342656,-0.0910110651499424,-0.361304895198376,-1.4417174529399,-0.569030989164533,-0.358924849554897,0.874321550123704,-0.148602670631218,-0.196932496608942,0.50880497496397,-0.0086023583877349,-0.996204271476046,-0.460204760105298,0.0589989757365639,0.162257160808948,-0.735212339068116,0.812193230907986,1.19213977877708,0.238659780613319,0.793016087631536,0.484649725431515,0.0838232343937405,0.0308199436847662,0.344272415342079,1.16312598327152,-0.248774954209037,1.06311530949134,0.69976150272059,-0.793178594259397,0.399944724990998,-0.202437353821943,-0.525558107899368
gene987,0.352016676989092,-0.750027717353275,0.135003758621845,0.267079265711136,-0.0137924125568778,-0.147549160322321,-1.10991147069164,1.34920854522616,-0.803273458995695,0.538721870114056,0.170549620703456,-0.848679762245987,0.324708504759761,0.334406620129293,-0.0616779169448124,1.04320482815858,0.952376345379083,0.342214322288645,0.96651387174928,-0.295625920334752,-0.127625984520565,-0.625069787428207,-0.531617955567504,0.954450734922855,1.4431747028202,0.341173097305729,-0.385021735662885,0.638129457432465,0.666599819997405,-1.25428402656446,-1.95652043804984,0.842666162646816,0.316022226252175,-0.0680380145984298,-0.589848920198579,-0.238338770316649
gene988,0.881615192341391,1.9408566199484,-0.143874618379642,1.29722191672675,-0.325087309805308,-0.705529306845051,2.63010506178959,-0.524518424300867,0.50624047858162,0.603004821988523,0.283274958336316,0.584211958682102,0.251738660594459,0.851827345236233,-0.0316558340923061,1.19747328814457,1.0388515541313,0.404047833452904,-0.617875894264661,-0.545603249622001,-0.418065819024865,-0.456825759506404,-0.821524651313598,0.225781856540892,-1.26153244480756,0.72777211620765,-0.44658759276799,1.08517746300116,-0.527484228024287,-0.187686551095654,-0.0124225713622701,-0.158076049353021,0.321755058647016,-0.415305013131698,-0.128502450129235,-0.302379409477351
gene989,0.619444734276666,-0.80896150463726,0.0968914007288984,0.386357235871521,-0.786804723141384,-0.827894291242426,-0.677197701124794,-0.713632486085617,0.104176115748237,-0.157045925069254,-0.406183712416283,0.497408488055971,-0.91356460910378,0.462472674283559,0.606472480633243,0.133767042826631,2.17803637557117,0.0007879671386538,-0.824673123656878,-0.141940791178508,-1.07227200730139,-0.411059292042744,-0.32980935393184,0.940340544902551,-0.957778370703072,0.0210138728141975,0.59023214569799,0.405939206367228,0.511139227293531,0.0968216137030285,-0.880654530561084,0.226425391020523,0.641166070897732,-1.20387114396645,0.142520141564638,-1.58465209631413
gene990,-0.125447091568868,0.826730973222788,-1.43181908695867,1.34219822578386,-0.0918268646676872,0.102082502807808,-0.851728218834297,-0.106811894687255,0.444149418448238,0.108494366783163,0.24389458494843,-0.58015180975318,-0.711377345348856,-0.476918137898699,0.499190825478762,0.565311452255956,-0.357346017207462,0.804053414847976,-0.835533563846817,0.981355546637981,0.58231191984,1.03180652308583,-0.49211811444793,0.732753016080262,0.479780034866152,-0.978657330996781,0.204716353845185,-0.392360716490702,-0.830818538577162,-0.716238817823712,-1.18232554141812,1.06123377021258,0.270963315273238,1.42533978249041,1.17656124647465,-0.837085347959581
gene991,0.0556861117876115,-0.657644060874113,2.20779621833923,-0.143524396650718,-0.589707732109025,0.222748691699001,0.144457850395467,1.45457332144685,1.07952608316233,-0.929963674939999,-0.0800017766374279,-0.154430753238523,0.76748825714452,0.0993490948328073,-0.604367593687883,-0.676058420296394,0.928746583647907,0.539304565637952,0.194042894563621,-1.05102464595911,-0.188061517063764,-1.60234572389643,0.0221585789145462,-1.28775535448864,-0.851155762074142,1.4359029558177,-0.936048089297347,0.577492143286277,-0.710074745589767,-0.500224145736625,-0.397379651992287,-0.639635292583739,-1.65905223816971,-1.02611384541021,0.0442251391944828,0.725302658768366
gene992,0.777662281553204,0.445812256112622,-0.0677132255243309,0.630259315104482,0.541646298939243,-0.205243415705441,-1.05131835151857,0.50525500810057,0.857785586344455,-1.40979957258054,0.510583156739186,1.43779538287208,-0.159336542033278,-0.584322638021808,0.936532427950914,0.965317057372104,-1.57095205159408,-1.20004086533025,0.643652596630951,-0.206008685457261,-0.241828878616488,-1.34610305347817,0.906969423958084,-0.70102602398412,-0.372829564238018,0.402247117483606,0.686341148484574,-0.497391218661892,-0.603527938240823,0.422816904796941,0.173788209103569,-0.139009166548819,0.0967288613239901,-0.157536166297118,-0.519272451196626,0.401840981746396
gene993,-0.462693013747195,-1.1086627435115,0.615427036369619,-0.025710471734089,0.660243812534698,-0.64581470693079,-0.147507056906604,-0.521284612012083,0.265989237866326,0.704727071966957,0.757477917014544,1.72120213253209,1.85622194800187,-0.299125102331466,-0.385087590730699,0.794749810238846,0.0753270997080561,-0.594150971282978,-0.758827988829276,0.564065876011033,0.042990849677195,0.852309349477025,0.496087601370899,-0.0231143661217483,-0.651103260637747,-0.133347320382619,-0.0401804089860256,0.527361068651544,-0.219332523073984,-0.377345201133136,-0.834197113844938,0.366657108322604,-0.0835922931137238,-0.88530453420281,-1.43252445607184,-0.298333624282001
gene994,1.68242783946962,-0.691184007733357,-0.324503604516263,0.829340537928009,-0.358931690150291,0.523446741375038,-0.388220625715552,0.890288974828993,0.0389466742653015,-0.40242895364136,1.41657528484596,-0.972735394381932,-0.338289059339177,0.393456346954149,0.172508773706793,-0.115511187079317,-1.07126544067562,-0.469831261525899,0.20306444526834,0.699235985376111,-0.101565971070609,-0.546699410660377,-1.42751075578571,-0.463068998852155,-0.648414475134777,0.307054408243777,0.56147054989205,0.734348448977239,-0.942720107317343,-0.122635830374712,1.253619273665,-0.161751038878601,-0.243572125353199,-0.57170916230415,-1.3099814306346,-0.527212236031691
gene995,0.972284041980137,0.976574537901498,-0.5985230159261,0.840321477465524,-0.143113216277361,1.38744155564502,-0.817412272544956,0.457537213566818,-0.747348839187667,0.303108348600782,0.598401908676439,0.465869373072879,0.508982211855666,-0.926796210135651,-0.751495413781456,1.10950438210959,0.385185398339101,0.23146740189044,1.02672775254872,0.340144396267464,-0.208636714195706,-0.125567869297087,-0.514414050386779,-0.337279666801174,0.576333565966132,-0.799678597694857,-0.480924533255855,1.03408274026244,-0.537603999770112,0.949666528071248,-1.45154206677911,-0.172480868357756,2.88653736975436,0.239327406698729,-1.12286687699677,-0.960059668244608
gene996,-0.354006960182738,0.290294645210497,0.266234756039597,-0.46932344334505,-1.02607155047052,-0.045892114881161,-1.13600344294685,-0.299664882300325,0.1226442925541,0.307746429401851,-0.29320962464378,-0.751912924695897,-0.145864676347154,0.45490284664052,-0.130818982121053,0.966319780615198,0.100129598490935,0.215098350525944,0.34067444113679,0.915620984045563,0.163004047584505,0.190300306964082,-1.16588347308051,0.354284232492751,0.355474066450748,0.624666114220151,-0.268395532987615,0.489798437724379,0.957751416340521,0.330036892769458,2.06965087669286,0.0567306924081938,-0.152290092131886,0.0991472401614471,-1.62226499954308,0.509511080467463
gene997,-0.421044957896436,0.125438135722813,-0.382032108462086,-1.20673937473661,-0.835493501024222,-0.918642100084974,-0.735463906756491,0.809024213947044,-0.234929585400754,0.413279550862261,0.884429084082296,-0.312701972072236,0.189508993336465,0.33407345598221,-0.924024443316426,-0.68855019555191,1.58939794962702,0.177850769003974,1.59735680300733,-0.0433565722689334,0.359206317785507,-0.0248635050039162,-0.22482725659391,-0.0088912347126853,-0.621188767555819,-0.310125719543971,0.36113312658375,0.0399889629488106,1.0004419390875,0.155524794930943,0.72284111148746,-0.156249967470101,0.909879423039798,1.00022156547712,-0.285291440092335,0.63740094689971
gene998,-0.0320751157052837,-0.517015583082916,0.0666369965483052,-0.473261231156643,-0.0364156058254956,0.256899519237797,-0.29778019504266,-0.251914835571032,0.608385808170837,0.924243884815637,0.240447182632796,0.561063938546573,-0.500426294477217,0.119407200286567,-0.758624661943026,-0.744055426849701,0.0026551254961059,-0.307579933251237,-0.0009168552479023,1.70239892397061,0.40017688882258,-0.912112012847851,0.0690212656109834,0.603361734094969,-0.345166695264114,0.526038951317936,0.202318733826249,1.22552887971346,-2.22283283618702,-0.166835794380185,-0.186023624559681,0.160924466741465,-0.710572177831929,-0.0204670759236825,-0.120241730666768,-0.505995640825772
gene999,1.54181630979644,0.0160637875681859,0.716426490239155,-0.663306154817994,0.535379193996257,1.25565281471397,0.378792496939704,-0.483617029614267,1.52031393052106,0.543213870948179,-0.497170179077997,0.138311854904215,0.0099627525905636,1.51072705806317,0.335939128044158,-0.736532567201693,-0.032558943471096,-0.605428948874834,0.185593997021052,-0.287829256072225,0.272599689374801,1.89286911688562,0.911772619868613,0.321465756638523,0.249271396655664,0.957067902175645,0.31916266148387,0.57878023343455,0.336615914632932,-0.118581914166591,0.719432395588891,0.5395824769155,-0.0742903330273416,1.0673217435807,0.698900286406047,-0.397083654037177
