symbol,P1_T0.0739587733885248,P1_T0.764989567203102,P1_T1.41374247241843,P1_T1.78638828577081,P1_T1.86683332854387,P1_T2.18959827569343,P1_T3.08140398314057,P1_T4.72817209448283,P1_T5.28077749230751,P1_T6.87038973885296,P1_T8.76250939226608,P1_T9.2172315620472,P1_T9.27564918657966,P1_T13.0420588327689,P1_T13.9697183271129,P1_T14.3531034155147,P1_T14.6373781884384,P1_T16.2902537100363,P1_T16.3217582808218,P1_T17.1076154864636,P1_T17.7513808927474,P1_T19.0322727843746,P1_T19.4537841933353,P1_T21.7083112783206
gene0,0.525601755843029,0.254377254059401,0.378730693336655,0.126499930294989,0.295169096157976,0.134240153268988,0.210342772460912,-0.114533988647701,-0.35446224509484,-0.447763505604425,-0.5570761687634,-0.533945108636537,-0.249833723373694,-0.43862144377067,-0.219458692060216,-0.227210775875786,-0.134215888127182,0.240418539128619,-0.0179375146326633,0.263746457401916,0.240965925372793,-0.0318532872293426,0.208437608344965,0.807577483746089
gene1,-0.283727371440667,-0.200962596668622,-0.494372217766498,-0.820611164565796,-0.730383052222609,-0.554566754050938,-0.597742529491755,-0.976441503018409,-0.597071252076383,-0.440869273103171,-0.414199208793879,-0.677767771180394,-0.534177806102474,0.125551795739498,0.731989739374098,0.683335207356725,0.385867084189635,0.525311192911997,0.750794693576138,0.67888020381397,0.791127156266283,0.649701899938244,0.617342399561252,0.228215518031624
gene2,-0.648042628976093,-0.684579996160811,-0.896786043748619,-0.824351782047483,-0.670339056643411,-1.09791596043048,-0.63401602581537,-0.71256850704648,-0.503551322028509,0.0169567113095572,0.0473379886465132,-0.169838256993753,0.696048465645552,0.473270859836145,0.706085895553957,0.721611046401937,0.6724273548067,0.519560711596627,0.774315673488385,0.732565819733326,0.789570476799749,0.168961413858192,-0.213402528944723,-0.221584031512425
gene3,-0.411977162508323,-0.411666666510593,-0.550195773458957,-0.709291535674373,-1.05686344488916,-0.99525906175819,-0.726610656819106,-0.710702270034161,-0.626631431482324,0.175598806641904,0.24641015215941,0.623694195764231,0.178204562754436,0.300760799854296,0.887210102638301,0.479096724671466,1.08597627493116,0.690328713101948,0.682830355801302,0.403976452884201,0.424777741484958,0.139041319779248,0.17088172717298,-0.447350964196915
gene4,0.457671999361546,0.873949389357414,0.980786966901243,0.884778628551075,0.466799928741327,0.401360229190871,0.614194998698536,0.183054345772118,0.320155375906107,-0.24121956191605,-0.488127053245417,-0.255134162129504,0.0896082422995679,-0.940565780557727,-0.490763029109996,-0.726940877768479,-0.245657869621889,-0.159753737048174,-0.596117522287804,-0.109179136855425,-0.364645756428078,0.200715054466494,0.0412782909544296,0.36904509619475
gene5,0.252973836908736,0.205058350699752,0.585911739821128,0.367078841820997,0.569388720656983,0.599647278411568,0.81297851467562,0.643837301903868,0.882921597219532,0.787068775273224,0.565089750989724,0.634756011242399,0.478658930846328,-0.493153398631798,-0.372026991490577,-0.635167542199897,-0.541008083407921,-0.514059335577926,-0.816597521401927,-0.714420723690299,-0.652170325409476,-0.283150203452183,-0.937573168989,-0.866562961869759
gene6,0.481166138744889,0.999464676839164,0.631465870717714,0.414949818271449,0.222425867969814,0.643115037594118,0.12568004873939,-0.279845074616697,-0.0750245286076062,-0.462765410143902,-0.29145262198299,-0.177111138740912,-1.15619440572465,-0.281130078858285,-0.739237083800365,-0.404366949810176,-0.571308617842671,-0.0476088061693495,-0.28054306763812,-0.16453636251095,0.24706400888143,0.826013655128338,0.650505002679775,0.806182120611289
gene7,-0.506202559977463,0.0690424343140351,0.61579090039191,0.518354223602113,0.460897890768765,0.241695989959984,0.058440388281473,0.497856527937276,0.874068255318172,0.673255089501497,1.38131007021194,0.851805980704927,0.28601265738245,0.143942056766058,-0.737490807681363,-0.291108598403177,-0.565769999794998,-0.509797406398676,-0.864291893211097,-0.526403864651136,-0.928215020999504,-0.746218291448272,-0.321447633032047,-0.450098945993347
gene8,-0.890672256944387,-0.416806161003914,-0.485848856881303,-0.149641341886707,-0.230553494958446,-0.347245642075605,-0.327413837087842,-0.451398326908231,-0.715051111793892,-0.595110565173287,-0.0856542190421443,0.515628386051097,-0.106874721400915,0.565859138985458,0.308367598931876,0.737191011947411,0.616775004131639,0.0900930255735809,0.335711187107306,0.555641407862722,0.613091255163139,0.744605327057195,0.176600258844051,0.566047100081396
gene9,0.978428919798707,0.625348691392894,0.55776954345841,0.551676824162271,0.585208300224143,0.484546109827356,0.460827393030937,0.0999450252107119,0.0269768510425168,-0.622434791370892,-0.495569487482048,-0.718172363799276,-0.572595209265686,-0.701904948200874,-0.318163829507554,-0.460980557942057,-0.662988563121611,-0.145072699282482,0.418116690913407,0.307315218001484,0.820451831733365,0.335169340895847,0.70665551300795,0.567883055144594
gene10,-0.216957059448815,-0.376333398503487,-0.196987608044231,-0.553553272909947,-0.149066987770699,-0.555955785013178,-0.566139680718283,-0.46288487870909,-0.555917582358573,-0.539117153250906,-0.325558585114854,-0.0053939695834957,-0.197624327886933,0.336768084568148,0.412852288257335,0.252487666242288,0.362945256579287,0.572489437283186,0.726503049123417,0.586324216551556,0.427214247488077,0.0971078846829807,0.356012849935054,0.210344365973599
gene11,0.477308609345108,0.352388980693597,0.457039319695044,0.41095964695769,0.0836299866080917,0.497912861387802,0.275322723280182,-0.20089917519387,0.0981098996447704,-0.182652938814502,-0.378051298399239,-0.461406670217577,-0.523431636075553,-0.590581442249852,-0.250864799160595,-0.269632715864475,-0.0949262233817701,-0.10037028656745,-0.207730452725016,0.0655210639258305,0.267860895510214,0.45051318177643,0.283683226743918,0.533186802070787
gene12,0.0812962844224237,0.215168645337488,0.438134831283153,0.611709651191268,0.631540710543534,0.270653146863435,0.429664876683303,0.49094177013505,0.269401204924178,0.578035284667391,0.191939908173804,0.0217335664098357,0.0635472719515424,-0.310904614854556,-0.0695381318367014,-0.429333314184349,-0.706403574272303,-0.476666527378089,-0.429647186778311,-0.308085220409097,-0.402827493826669,-0.241107512105073,-0.345185878612083,-0.0351318819128899
gene13,0.780250892478963,0.921912034107114,0.748344531781578,0.755242477212845,0.0962652330589605,0.607997941416603,0.208293075117056,-0.115250492076708,-0.101895221707277,-0.344630831762676,-0.84513096442668,-0.671871978249404,-0.84912572301116,-0.568361503302392,-0.559944972695085,-0.666018531652685,-0.309419723531496,0.0305760680707621,-0.0805493451055048,0.380393805159624,0.0944744827609658,0.712439581367313,0.663362648140014,0.893834707132996
gene14,0.894310653635713,0.846544315582742,0.69266214191915,0.510206378184174,0.36004841372147,0.161588690692897,0.6262472852585,-0.270180278051775,-0.0406628807699292,-0.431205196485984,-0.770995209546589,-0.713373961728303,-1.00999046593637,-0.680373877847962,-0.486483650563202,-0.371633986392661,-0.542690940929359,-0.616048579547746,0.130226850911335,-0.104880912687095,0.181404527873811,0.631450589942191,0.490056512815139,0.489158127934648
gene15,0.688783846356612,0.695712889371379,0.982389350600768,0.959778474540302,1.05248972986324,1.05320453482198,0.333327488281858,1.02613851536458,0.503070899160275,0.207988385690629,-0.427972462911235,-0.479161468965,-0.42579573112258,-0.703633665718541,-0.652179134997271,-0.633643191985164,-0.730576215552842,-0.579762154559976,-0.66851573119689,0.0417677929728348,0.412017069922344,0.848161773035989,0.188745460544794,0.413921668376518
gene16,0.326640652814232,0.460620893401876,0.938888591080047,1.05837741316405,0.648901209416847,0.967313244150843,0.666381169755778,0.633809941369859,0.741573222837504,0.522619744024593,-0.096897826060913,0.0489098894625979,-0.66324267983481,-1.1014432445178,-0.758241750759203,-0.993862326212159,-0.662114544442062,-0.425798154730365,-0.619408785602999,-0.616304106399397,-0.484948439741265,-0.0612080154137175,0.182154507677504,0.305788014434679
gene17,-1.33339708703215,-0.971119435676865,-0.862138314062109,-0.779710825565191,-0.4677570427209,-0.492783571007678,-1.175003486127,-0.223296521957177,-0.356840349199664,0.887738510763251,0.409588933662225,1.02926825607375,0.254090627590437,0.720810058304712,0.254204534345005,0.72704897786332,0.756861437162848,1.10077362651934,0.0474704459612557,0.527241756069155,0.771878149205753,-0.0958419075938907,-0.224079220108765,-0.612762598950526
gene18,0.808241466288736,0.334230706285454,0.157878921327322,0.0932275596520376,0.120599788805286,-0.358434316858594,-0.0566404174510196,-0.446392452428823,-0.735689922512653,-1.32870115766271,-0.876196075528575,-0.736655853803706,-0.975821542021045,0.345184245152706,-0.121400680491831,-0.0496579414276154,-0.0380460268399198,0.374729831984988,0.437887345441369,0.638452216402602,1.07764685561561,0.846667310124767,0.949131103068535,0.947153432700281
gene19,-0.203605936807271,-0.415682837639236,-0.808627284482281,-0.223802386180701,-0.700938040308144,-0.700559281973222,-1.15019845948245,-0.933263433459466,-1.04859814208286,-0.657437429491987,-0.260804002054147,-0.0892115011925179,-0.595353533762207,0.325675065056156,0.49381788750237,0.919242710730762,0.890812502417616,0.715604716951523,0.4971038492849,0.572921375469296,0.67558912532271,0.444633669733112,0.283046741952926,0.269804360590105
gene20,-0.990067445044297,-0.312100885823443,-1.07086716642402,-0.602659748847802,-1.03406372542806,-0.836995217434686,-0.796231663588345,-1.38706439056181,-0.612431593058638,-0.522238775662579,-0.562712390200204,-0.119154261042884,-0.524494456513961,0.668613981548561,0.317987563425715,0.882679937383184,0.748861426998867,1.36338707989252,1.31184587932358,0.744122934780466,0.758010837222816,0.72135135448754,0.962472769414342,0.451784631366016
gene21,-0.610473419181707,-0.23858645581381,-0.417797108465999,-0.432251837422383,-0.282406591089217,-0.240593801994206,-0.54545406780455,0.40433652846284,-0.35330344588456,0.232806680578472,0.459845782159987,0.578520906193238,0.40891560949982,0.254968164628016,0.212110522296535,0.125143396810318,0.5021153582026,0.130560701733302,-0.0676040605072561,-0.0090676863219133,-0.211020256332941,-0.240548589877509,-0.219873487629711,-0.867070264289956
gene22,0.890986333577908,1.29723210208345,0.560775511931565,0.617240370622645,-0.134026674558659,0.667905119339955,0.139090615946175,-0.0467563925904723,0.145009375199595,-0.126755183442923,-1.07281060224783,-0.397448693848129,-1.02713294939716,-0.4015601802721,-0.910096452971148,-0.1968983228338,-1.24209404195179,0.489931209588932,-0.616465009801363,0.217494853905854,0.422007912497488,0.449778336301491,-0.0193932860171644,0.0599003127196026
gene23,-0.121912637972837,0.590770982350383,0.197159302106997,0.0207833118481293,0.535586023215372,0.515514570255023,0.437749179247159,0.477526939243571,0.538268931488711,0.532625736432142,0.161782783415313,0.614561813778418,0.249428639215365,-0.129075811142501,-0.343963838592161,-0.0600051305306695,-0.42927649958624,-0.35851405238959,-0.78743301688176,-0.122051176358334,-0.135809156035471,-0.286855794238256,-0.0809380297988445,-0.201954895629909
gene24,-0.625712853849828,-0.895935350209894,-0.662452619581894,-0.279426837414181,-0.794979985544539,-1.05115502398271,-0.234164309823006,0.0642196413658255,0.0857752636014852,0.0144135763624562,0.633253132583791,0.666845656431236,0.47264982200625,0.461483552772569,0.793251626441286,0.642012582050273,0.096627325398267,0.385063018165428,-0.0086735565065892,-0.18827025836883,-0.285633752050047,-0.131218210410429,-0.501110693696854,-0.884570213785651
gene25,0.77010221406171,0.652848107675655,0.384996891251022,0.825951407077654,0.981394319880785,0.832235116444172,0.691991628128714,0.462282041064843,0.549982749427253,0.313659386424466,-0.3421435285069,-0.498420212360904,-0.661307826285503,-0.59662582451611,-0.559770564269636,-1.22209390966762,-0.71318583035416,-0.486298561678832,-0.405219470189022,-0.510327173185934,-0.252850362028256,-0.389087848135247,-0.0074473213832737,0.552976830483827
gene26,0.7180475401678,0.35057637566734,0.249680018851318,0.0138639956909887,0.0317617992936802,-0.0913413688466881,0.185543870498958,-0.490460317441506,-0.870655647305794,-1.10061875122441,-1.22407591404886,-0.764872074562318,-0.907447649877739,-0.843475682890074,0.0344795875230836,-0.312256549966151,0.0748757099261611,0.369059262090573,0.4524809177893,0.628939417759869,0.550231030744033,1.0037469385204,0.947611152370801,0.497967106159044
gene27,1.28827789825581,0.686902667016465,0.876568171347135,0.543299722106544,0.680802961434313,0.715936235525352,0.594874554521352,0.368971836238411,0.1337071539479,-0.417479225409961,-0.384034273487193,-0.785418633542904,-0.740437580991628,-0.441194085677044,-0.665284049645366,-0.488023999865828,-0.502349403887885,0.189981852902964,-0.466859057252246,-0.0899721487146113,0.0826765682613232,0.564949790411038,0.319100805920285,1.11533708517358
gene28,0.234567876797084,0.250861835988342,0.564164549681792,0.65087674240453,0.697236893669091,0.901638798291009,0.659364723547716,0.908083831587001,0.933401411822888,0.453372315222332,0.132894089962613,0.236612409929083,0.44570285236401,-0.539918980492588,-0.396590381878375,-0.622390632577843,-0.678336248368284,-0.774966911702682,-0.926855519193818,-0.82018269062837,-0.814201769905525,-0.564557545997981,-0.712712671392106,-0.206619487351261
gene29,0.44038937139704,0.572826353397182,0.612181684542924,0.595738795446962,0.723496623332405,0.590982206107646,0.474685755629773,0.59888683194709,0.32322486726572,0.396636840743467,0.261764027701456,-0.110413342392244,-0.353266750711609,-0.47924678512098,-0.589392918546048,-0.732711234075583,-0.721303828345031,-0.39907578865795,-0.751886319003157,-0.487062042715636,-0.383001390350653,-0.315414802618633,-0.077587613469507,0.162852041113641
gene30,-0.63086394983161,-0.75003934235479,-0.449743380344042,-0.678308821185542,-0.48818273186769,-0.528046210494271,-0.361465552038796,0.0239240055639776,0.389287335027164,0.349992075012911,0.771403485067076,1.21570722235508,0.773370271407876,0.663468032863238,0.30200171073882,0.437279341200797,0.259170138347921,0.290718847225756,0.103107481680882,-0.344177223010331,-0.388104277663396,-0.28356144975939,-0.398833169171577,-0.66376834887303
gene31,-0.698357549024184,-0.593730095444616,-0.349587948285801,-0.441727736799687,-0.482263078943338,-0.823244841817268,-0.451436818907918,-0.180391999859513,-0.336166817474692,0.427813755858894,0.61855057214484,0.728383786588769,0.910731015197644,0.873489891993501,0.890769587763384,0.638918159985752,0.720069760334969,0.195349386560551,-0.220301474533531,-0.121187167890193,0.0571748987780522,-0.289381481927162,-0.700900895351348,-0.576784852276021
gene32,-0.921502237080839,-0.500812104903089,-0.457177923416618,-0.358387109422107,-0.0544286435753222,-0.2864591674556,-0.761661664978829,-0.11141203605945,-0.139559740087506,0.260751457865442,0.358474024071196,0.788284773715653,-0.0003512096137376,0.61076284385961,0.386432971487088,-0.0394871989355638,0.636314519821691,0.382034319863583,0.435663350112318,0.0025307783830422,0.22382592542352,0.296267310800004,-0.551687090785257,-0.599819405031291
gene33,0.260352694121868,0.0451093833901387,-0.119995515119002,-0.344295285292203,0.125922736829319,-0.0834153489338811,-0.689823388700019,-0.408510515731195,-0.814477694431139,-0.900238555643336,-0.74311325030689,-0.934313748637483,-0.876984422456393,0.126194614346254,0.685888315676029,0.668700005991587,0.379947950320755,0.548914090456511,0.67396381934695,0.480378282971056,1.03808331261563,0.83351326690955,0.755564916373317,1.01503037086237
gene34,-0.359294484289548,-0.638101023554774,-0.145180712075312,-0.413992310033517,-0.304518261722574,-0.278545187056396,-0.337062425121873,0.0780140977198308,0.363587593644159,0.380280086969989,0.60399116214293,0.431464742839191,0.273783654493097,0.264668673312428,0.053376316719617,-0.0409355170116225,0.0463127261550057,-0.112716844513239,-0.0367784375777427,-0.112630314403057,0.117234186598484,-0.645201132531912,-0.463637569714371,-0.463726301499426
gene35,0.57615441094905,0.861169931070613,0.45143926966419,0.195865381302908,0.259837582418525,0.203705988636342,-0.0304769791107287,0.0625784672609768,-0.0828718894362426,-0.376299995932892,-0.570301194420659,-0.58376617657958,-0.156326372974328,-0.568703076358345,-0.276578030078433,-0.48801532258839,-0.505351252579044,-0.0223310246363148,-0.179855130060183,-0.106278429976059,0.324532714905324,0.411648320721154,0.801353948915859,0.864705642786049
gene36,0.497557271997469,0.856378297918321,0.634733064005248,0.594016132369869,0.744063215397068,0.385624663093028,0.290181753577852,0.0742041258786182,-0.259417397878535,-0.190735259643795,-0.672484775391697,-0.619810131781738,-0.566055351974857,-0.175599807168719,-0.445123331419669,-0.379541719190578,-0.484509009754189,-0.431629088583662,-0.191304153833791,0.210543992594576,0.0217553716240224,0.637660094431341,0.295683452285001,0.165267320858314
gene37,1.11596434293149,0.393582939014824,0.22171842704234,1.61674795649224,0.988215247104981,0.289843351889484,0.213193822173344,0.20014978915621,0.826343811120688,-0.819787989832687,-0.0614221835814756,-1.52217636139629,-0.724071383627095,-0.400800333044028,-0.478576233032089,-0.138335229959189,-0.881997536808955,-0.344818511921623,0.0418589697042658,-0.224442779445839,-0.692063726126757,-0.208668022239859,0.114837280816855,1.02564041917675
gene38,-0.556924925084483,-0.305901556009031,-0.580209721720732,-0.989336285837934,-0.736772648821953,-0.924023037923104,-0.532164673356349,-0.821301162251366,-0.905928502654565,-0.604734139397836,0.169462536076935,-0.281489408592024,-0.329035710196908,0.744632057240371,0.804048822614544,0.72898361055389,0.861956725239901,0.768323880570473,0.592294571179335,0.919114697771028,0.938172446525159,0.349786883187963,0.703643797228342,-0.315489803292853
gene39,1.32303037854125,0.594046473843197,0.846967275419896,0.862079342691432,0.446050337482592,0.443917204923155,-0.0595777815461711,0.499616684278999,-0.58115487176442,0.550804836535579,-0.586328877332721,-0.879182360997769,-0.847754329884557,-1.48628539337731,-1.41805858329208,-0.590225151048032,-0.58715609447993,0.185602381940786,-0.0503254595969736,-0.122730387995006,-0.509978303415957,0.754989376399884,0.308929251910122,0.598831130523342
gene40,0.718439943698267,-0.497645781630432,-0.111378688146486,0.174050974676715,-0.0775670729081398,0.383648584610857,0.260702204933737,0.354007973523586,-1.32596298849375,-1.08853041969711,-1.145844713917,-0.498842472249429,-0.944641096376261,-1.21830329624299,-0.389442368513059,0.201400600944433,0.0927058618654724,0.462127544064671,0.560595650026217,1.28176504868923,0.989153827767919,0.914220862014173,0.79384251431015,0.755473174182924
gene41,0.406279495128426,0.93652621559506,0.825259907018822,1.04987653872951,1.02619024861552,1.07512660484422,0.677589270284426,0.368938887081387,0.209854323236079,-0.184648907805875,-0.393488989410148,-0.52320691503569,-0.439341711949631,-0.847501029745742,-0.755091865717984,-1.29135335019617,-0.927610616977129,-0.565260361840373,-0.633033284334635,-0.618255270848764,-0.358318794948656,-0.112110990157026,0.111389670547182,0.195823570667981
gene42,-0.306499624653714,-0.476104890393099,-0.824368651559823,-1.17238905908882,-0.934636379803308,-0.939822564593156,-1.33920209863249,-0.892644483005443,-0.6651442201837,-1.05182720678873,-0.101404513186249,-0.549013744224014,-0.507778667978365,0.824590488799696,-0.235997333956761,0.410286539810087,-0.24113835297102,0.373011787785153,0.780231905324775,1.5033703810505,1.81447081372658,0.909750607642205,0.749879329222498,0.308657393869583
gene43,0.592888205295702,0.60043352876228,0.881434211683789,0.889744622275682,1.00448607487708,0.395833505554677,0.368488758165403,0.502548287752015,0.431721248903734,0.281154104201387,0.0943028633577151,-0.268199317188395,-0.409033639112335,-1.05918157405543,-0.90030616881513,-0.443103525727725,-0.60347235951615,-0.832465760625891,-0.488373140514445,-0.53442285963414,-0.37500963153086,0.112007483241829,-0.26807341346081,0.591226635073367
gene44,0.105077809230275,-0.102128248734089,-0.235629035218459,-0.219090442277724,-0.659692573962793,-0.417184094819089,-0.479488309825737,-0.867173643854931,-0.732400867462777,-0.998550214543142,-0.833057796129187,-0.605424102457954,-0.681938413225145,0.419048432800965,0.433482094412117,0.31184026129745,0.572580459460971,0.568230222043539,0.203784049227393,1.10616921569485,1.24783415170373,0.869957136480066,0.762564897686583,1.14473697927074
gene45,-0.778578025175796,-0.372426324477928,-0.655548790885218,-0.743456158702172,-0.28294490997586,-0.491693467257429,-0.563256425766792,-0.297664352944601,-0.250623787408855,-0.0981365103840232,0.261820289359066,0.154687509895249,0.145840825069304,0.547967229446185,0.43072686492674,0.485957771837605,0.689794394776117,0.148275314453695,0.58888171640723,0.142856461864192,0.205949213115428,0.373965131007453,-0.109334377723874,-0.342557688858218
gene46,0.430971006139286,0.624697557947635,0.751941859066304,0.404296850250345,0.46149943124199,0.406733642409925,0.409301124600516,0.134445043035441,0.315635291168028,0.170508883850638,0.124789763966693,0.123132031736357,-0.284282545814971,-0.674882886651317,-0.555835964568423,-0.295620024093429,-0.53313791889667,-0.401877016070604,-0.508841278028558,-0.268635723497648,-0.142965337842834,-0.0576750887640584,-0.109904944000534,0.115869585018572
gene47,0.0651182276322941,-1.07512316085056,-0.779238238535352,-1.44039500790688,-0.421154858928464,-0.930634410475614,-1.25603409463419,-1.00239567835229,-0.677265609645332,-0.344691570434672,-0.0137006247849952,-0.397120049679581,-1.08474269216943,-0.0891205561930354,-0.06015134949363,0.936289351118189,0.817184657556566,1.3259633285905,0.711640083791099,0.293225836892295,1.1479042381087,1.86361308231751,1.42510647187942,0.921027747098556
gene48,-0.300238519644057,-0.173407428370281,-0.0268525353910265,0.214843804780482,0.188062762991434,-0.10156381882908,0.409253917310893,0.450838026661971,0.831540379026516,0.558044144681983,0.538636792742251,0.61547771073327,0.41423542305321,-0.123179181675058,-0.218427103468932,0.263565096991126,-0.251547933080369,-0.636178123300941,-0.301039741607506,-0.783193997107281,-0.553043505698892,-0.417880328664434,-0.719247016825907,-0.376007431112004
gene49,-0.227042551522224,0.290695327420689,0.258443092573073,0.336736036228919,0.478478959820607,0.26499869321704,0.949638658971865,0.833965220001126,0.864092685142852,0.898791729212989,0.663187089977702,0.550272176660476,0.841347264382948,-0.290216363629429,-0.769812686248171,-0.456634978197672,-0.483512227043825,-0.655072668509468,-0.775201083430834,-1.23334508006152,-0.859782857697106,-0.574694319508696,-0.914402363739002,-0.486751560179976
gene50,0.13833673330727,0.0968257224824261,0.321180420313272,0.0095708534027139,0.547666538483496,0.0654736957167766,-0.0987065216468245,-0.422290417440538,-0.228140717372146,-0.444871432487585,-0.531590053006513,-0.804673859475265,-0.454028996596153,-0.328307644340196,0.103517358883455,-0.0687634729069651,-0.0447145026844735,0.193767723302145,0.415665949740569,0.433819382168032,0.375526589158201,0.515834879922627,0.64399694908909,0.526311499674973
gene51,-0.193015190189671,-0.474862659920717,-1.09683501709287,-0.464694334110012,-0.929240776504739,-0.877391419980484,-1.05854101731358,-0.698099818980047,-0.925082045949595,-0.635405599192646,-0.129130162301027,-0.513524995335912,-0.607190968133507,0.660184717912777,1.07705571238141,0.705389153788002,0.738242581636173,0.949589934973155,0.989052533931225,1.27032037800596,0.46199530519546,0.941428195942277,0.57284339362411,-0.163346363314948
gene52,-0.503050440785824,-0.418664735773406,-0.76837480326916,-0.211914681458092,-0.447624587986375,-0.352678215272934,-0.160575605497593,-0.0046252163038374,-0.14881305279282,0.333693377331559,0.339598336150102,0.695185884416361,-0.161185138931376,0.148290826274762,0.0265831359484771,0.920641571619155,0.165008434384613,0.167806550293825,0.0445564811736222,0.274456785031373,0.114467999074187,-0.258385113617074,0.198676288094757,-0.212049746082642
gene53,0.219632555191957,0.66293024929999,0.734893314041043,0.819774395522979,1.13252420713466,0.509436512299953,0.670640378687732,0.632675646142261,0.431253184020862,0.662347457171535,0.123150377120575,-0.239455306676481,-0.035407178082162,-0.980432998979842,-0.697052868895193,-0.364670038266486,-0.466252040493752,-0.594123369927099,-0.840653081133953,-1.3174731653929,-0.300687448561493,-0.228211489990228,-0.188907049562016,0.118275950138099
gene54,0.254677634378007,0.0608911047320653,0.265480339104284,0.303700829722977,0.345809763770706,0.538757789094712,0.485581564917019,0.651158675418578,0.725610694075593,0.82875214073907,0.318171539507957,0.368683088727237,0.199892309269062,-0.45928446699776,-0.262727292027416,-0.127806002809363,-0.374961169061641,-0.774243193452639,-0.511812914119905,-0.756897714348819,-0.459891144298635,-0.436129998631822,-0.73330216710048,-0.306649156007075
gene55,0.643432192313504,0.609957179265469,0.205961525523172,0.0373400562461758,0.0678895242825406,0.42451967809898,-0.235168706965718,-0.62874307084998,-1.11943930794172,-1.23971876439101,-1.12954711667845,-0.763304086005011,-0.89261390973421,-0.130849094293905,-0.715874232741269,0.197358263179005,-0.0327454544831492,0.289906393985433,-0.0308891889979167,0.633226936068328,0.857755858367967,0.995161184969045,0.90871232939625,0.762486020566764
gene56,0.0007272851397628,0.227814828743475,0.854652785227188,0.0707463421692766,-0.238592279914152,0.0277985081499524,1.05658006257866,0.917680461657875,0.0362445448054877,1.67647230595483,0.644222621160443,0.58566575903897,0.112615064395948,-0.0162883274212418,-0.227805475126599,-0.837907031843487,-0.457919346248181,-0.448590369095721,-0.814293113603181,0.198244369822077,-0.526903601894211,-0.652073127182148,-0.363082103673946,-0.150701180576563
gene57,-0.512120920652337,-0.839066223590403,-0.599544209222532,-0.567390781618623,-0.648256792619223,-0.684478918619819,-0.779565110396831,-0.401722166815043,-0.605722523643442,-0.341666764210689,-0.0010687053455382,0.328992965756548,0.210740938765656,0.672142157251927,0.810710240144762,0.754593760363411,0.545401301963139,0.515759822237728,0.773468137097852,0.443156646606507,0.375611858576185,0.231611862855976,0.254837008671845,-0.0653807826124023
gene58,-0.398001874728939,0.186129917549596,0.450376761157793,0.80195981714021,0.727588201352457,0.521976480611174,1.05627973653063,1.03863776170854,1.46303284290997,0.55717877113757,1.29534581095099,0.731101746224502,0.786936348364677,-0.0129558006419379,-0.514431888650241,-0.0611386530671066,-0.784793607142476,-0.761959497420624,-0.668394404637094,-0.797472896530807,-1.08435992765493,-0.895632291410763,-0.702123820402626,-0.408278205381947
gene59,-0.0852728603725866,0.53690886404088,0.977836096049539,0.743105424725881,0.71195804871129,0.405783473111284,0.48518849162083,0.738128680523461,0.712957810161783,0.388495721746107,0.440459291200118,-0.0103348107157502,0.0820173481589988,-0.54807082806236,-0.87580663645227,-0.76613293304999,-0.494920930716815,-1.17003985184331,-0.869760388907803,-0.688543965479543,-0.308079620999781,-0.700595609126446,-0.365427336542879,-0.0739526331750921
gene60,-0.514185542643144,-0.516133638245727,-0.505699657753824,-0.449811510402291,-0.0855724431383865,-0.472779054494497,-0.308400032732329,0.523877646257466,0.406854239165021,0.316563870945699,0.883035917997546,0.799405038269444,1.02470903322042,0.401751835434437,0.177063658727591,0.147842311696625,0.448033521003137,-0.201065217430639,-0.030223122431571,-0.0209194590329567,-0.58152038970946,-0.0742215896071505,-0.639920011568079,-0.667911661780844
gene61,-0.237430838301733,-0.260814506966971,-0.528803401644647,-0.785386745620164,-0.244485383744944,-0.24827994907949,-0.254354234057353,0.0818710367584748,-0.57205260529834,0.128686058240493,0.857018845795026,0.734201584500974,0.248123019918322,0.449497245889643,0.31745820412699,0.672033356955367,0.188280478546141,0.176067333503306,0.615834212159466,0.557937207083401,-0.0008442495997277,0.125500740773517,0.282486296228181,-0.330043351637635
gene62,0.569726699017031,0.472316542438615,0.69735181189888,0.434262897530741,0.728912770426203,0.709270038273088,0.482481595348573,0.482585970959907,0.448672472526028,0.0578212500425773,-0.194474953701722,-0.020436839597973,-0.155913978402989,-0.530086769445097,-0.610555314005341,-0.387849010834245,-0.44171865584058,-0.580171706983704,-0.374961039161115,-0.478216122763182,-0.403551886655742,-0.190412084323823,-0.316391692299945,0.0588783429629049
gene63,0.757447000708701,0.0641712132910711,0.234777357751632,0.881991500539918,0.958167497125395,0.590024010882333,0.995285625603857,0.614354031001863,-0.231933394795822,-0.567773036976433,-0.467767543283997,-0.754164274021257,-0.882084633323387,-0.486435330013051,-1.49240057790082,-0.741459986482714,-0.562232394686174,-0.0181806449482844,-0.270309597745918,-0.0289632235967701,0.283247620333952,0.141506781705373,0.376432182335803,0.430644093172756
gene64,0.435058045292917,0.975704164813587,0.560402969227116,0.393261628322427,0.219894064901684,0.620714969240592,1.10243822654287,1.46119172527376,0.956336679693947,0.204498645783426,-0.13589601224393,-0.0065233299703524,-0.291052638031358,-0.544320599659024,-0.906005404419013,-0.329300254212786,-0.944199425565598,-1.00903122955747,-1.14565626909157,-0.264112509634398,-0.873942760573582,-0.0003324026243828,-0.960633775631493,0.489920735459664
gene65,-0.16362542886081,-0.299333847139093,-0.0895329025038597,-0.32661588134081,-0.293485764785637,-0.545128468778519,-0.708137945252256,-0.837537700427714,-1.02361927967731,-1.14724189651952,-0.51546062846161,-0.319438361513302,-0.612737976624631,0.392073047155171,0.418252335268612,0.145831979071328,0.426582783102754,0.507236671345119,0.918762967765922,0.519921686650113,1.05537068587808,0.392153475892841,0.893430161503982,0.494071155173614
gene66,0.430689789491803,0.326768761841888,0.632297368069187,0.32857294768989,0.360494088731623,0.34488157294186,0.428746022730118,0.204479888004413,-0.262528103533461,-0.469885897618302,-0.952026534426587,-0.901374314875154,-0.69204103307457,-0.40144870844089,-0.50852923129247,-0.462672342025224,-0.112192076969359,-0.0221849780832339,-0.095633357711332,0.109943279328556,0.285111629634654,0.877873315833237,0.739081590300226,0.860023810933193
gene67,0.389749555326209,0.0777511920862288,-0.169154865568913,-0.366080258755712,0.683016950475331,-0.120486804118838,-0.420235784618065,-0.302640833981012,-1.21859324597713,-0.768244213157514,-0.356347785952642,-0.423245523551494,-1.39870812112441,-0.450511358133597,-0.985837069031621,-0.0716336400518044,-0.722285931154385,0.218694478996652,-0.191469979689059,0.0085727262451965,0.812289017641467,0.893932460821888,0.719658157417052,0.386302010273765
gene68,-0.0137350900621167,0.102021722213735,-0.447756106438867,-0.269970022012243,-0.333488748006048,-0.429191303556864,-0.756819013321736,-1.24793173329578,-0.804964231780885,-0.97009738926655,-0.909045852619334,-0.471005249334629,-0.55940905935082,0.357808621036279,0.34114672476697,0.280742323808443,0.700547031472991,0.799894883811825,0.809503462240371,1.15082055557629,0.739147159033885,0.98979971462318,0.670005257567039,0.0349945433207899
gene69,0.0494055144554753,-0.289332242699176,-0.331176103032761,-0.114833808077914,-0.392465602950985,-0.440616181415774,-0.388967438021549,-0.729315229659454,-0.627611313503363,-0.361540188656067,-0.430742044252765,-0.0212900625217027,-0.285384334903726,0.25393390758014,0.241351189658902,0.336177993896716,0.285123589055378,0.297504877576901,0.542277113581001,0.340956577555345,0.703745710958094,0.259534873600454,0.431761464966802,0.231028252540787
gene70,-0.205369816796126,-0.213343223809864,0.116578257958413,0.182310444206707,0.55438833745378,0.400388779248755,-0.0256346589895885,0.107049070609583,0.321689222433827,1.15623422530822,1.03467421565341,0.843366038390362,0.871735341147019,0.0964871546417368,-0.468861387976434,-0.466682006303341,-0.479503261398861,-0.350199009118186,-0.344653595737114,-0.652836277289168,-0.538625654040418,-0.630460620092853,-0.251384396609886,-0.130950840103805
gene71,0.138361460086955,0.286120058943289,0.145421835028333,-0.166406896266399,-0.333567144523768,-0.388364846029484,-0.349648756870855,-0.424249349620871,-0.621246590029057,-0.461689507685773,-0.623066928598632,-0.709996567913097,-0.115670787557822,0.207688970058724,0.227055466836852,0.237563916025841,0.418780283775863,0.590366548599747,0.615168441328688,0.909027058151061,0.866379758553523,0.765814862344656,0.746821282666689,0.344569743456945
gene72,0.239374178356585,0.280126956902346,0.330948400487082,0.432416271614039,0.458203496454851,0.515032418162643,0.592273065916435,0.57539686354674,0.69910848461868,0.383935855464988,0.286358485573153,0.411332562004661,0.0134674834670307,0.0879049034073001,-0.516807877253781,-0.297664178425682,-0.679339618035349,-0.665388409498662,-0.678024340628179,-0.571955051544102,-0.493221267384171,-0.465827864502491,-0.545552993388514,-0.241527689816588
gene73,0.729235877792652,0.672369358531826,0.044718877674349,0.751814638671748,0.542157731102768,0.679130731231103,0.777719450892759,0.315626969130227,0.0138908280118111,0.132928860614379,-0.711370777988968,-0.234875494371629,-0.822939279855539,-0.947032234738494,-0.554250541663335,-0.138449882286849,-0.615549192915851,-0.818060933469524,-0.10100338939809,-0.363841993020694,0.168409251015954,0.337940048644874,-0.0474034964356188,0.989903768466981
gene74,0.790626888560957,1.55500866776655,1.51151580461135,0.75428616996764,0.858158309907513,0.696323402018392,0.187943279848569,0.288032702992115,-0.0115755204499275,-0.362011004727925,-0.600959943034824,-1.48714823545603,-0.572882735221924,-0.735955212055174,-1.16547191569732,-1.12339387986979,-0.820269187882523,0.109673027550705,-0.150750505445565,-0.0467476909821626,-0.486819063498627,0.169151907409706,-0.22802096686166,1.26433802659135
gene75,-0.553254313947855,-0.404510722612315,-0.301395983965585,-0.0653120542858592,0.032188980231594,0.11822726571131,-0.0868309527937502,0.282474127267452,0.199858668985488,0.350374897234167,0.694836715635733,0.218949576641014,0.409831444760691,0.421311905143672,0.253454043039371,0.169825134481795,0.124900056898526,-0.218754026116197,-0.235327483078185,-0.226881395134094,-0.40526542397913,-0.388864044750458,-0.503269978697902,-0.374698573181896
gene76,1.18224671129166,0.26891860953448,1.14397983902434,0.534231702147936,0.596253213821474,0.490867524276436,0.855153255476901,-0.352297830089742,-0.496018661271612,-0.387220037366041,-0.943796631077476,-0.524591055740037,-0.610139299584685,-0.883493428725243,-0.139300786976015,-0.654828997759004,-0.553001598955604,-0.222051313671483,-0.797694560261444,0.297756992166475,0.190541563019005,0.698692622460849,-0.0373768280184976,0.534971449418088
gene77,-0.528832189867342,-0.098194374204901,-0.156000584944823,-0.38636536534153,-0.113586492246146,-0.0372312349252679,-0.12032334161235,0.269193278645302,0.054239515137912,0.409675673974236,0.549502040253077,0.895633467816535,0.763166600822153,0.468406876771041,0.223379941205826,0.528230305987013,0.235030140830538,0.180122777356955,0.125924968989375,-0.224181504280481,-0.566947908474107,-0.383910896133194,-0.246438285744156,-0.649190486286639
gene78,0.494731348538082,0.340579936730869,0.331317670893587,0.108554954477251,0.312471877115546,0.71050817101865,0.3326384398712,0.718163210322637,0.761102511196796,0.710765209504127,0.293001019406295,0.734680359688447,0.410179487723397,0.208750363256101,-0.282262580480994,-0.872785207492719,-0.250105888972309,-0.863400890426121,-1.09444859485506,-0.713990109983602,-0.546233039968991,-0.73955183820794,-0.686932004056591,-0.152533422876702
gene79,0.372665486977299,0.952856808322395,0.615593985878845,0.635788142593703,0.902018304961765,0.301400295944353,0.246022614657469,0.296422755607136,0.128527686095048,-0.816611238022889,-1.17734520057468,-0.887594931208862,-0.539676647358141,-0.467285140115257,-0.942251741632043,-0.303157144163695,-0.300579196909348,-0.066003048180358,-0.645828725495977,-0.0549701642613205,0.316266251989222,1.0601787546878,1.01924019745273,0.700493534551533
gene80,-0.529399297124903,-0.491914418208851,-0.800344127319848,-0.411111147693412,-0.507358447275121,-0.377130843688217,-0.524967330000626,0.0553761283544569,-0.138244597085399,0.241919338158519,0.661471484281682,0.312212141610815,0.37022596006113,0.682420736943157,0.51874727127802,0.150588758604408,0.506805004860258,0.0461640798183448,0.405358961889787,0.16395406617646,-0.0730119641029027,-0.363267885774234,-0.336424378920655,-0.680518785571691
gene81,0.0650912554843779,-0.0940257355225478,0.251004611571097,0.118236408667249,0.28079159215722,0.396740921660943,0.25717950269231,0.451047339579248,0.482368196387796,0.463396221274661,0.495299686944903,0.323778350603501,0.547342200676062,-0.124739641617764,-0.307730934492942,-0.276736703286587,-0.439419131774183,-0.529395221907351,-0.685752093070577,-0.471041537764464,-0.566133720938286,-0.477217022402747,-0.369698332040699,-0.45728830817937
gene82,-0.737821305575336,-0.163563477403924,-0.20355115603399,0.0885854461343001,0.441751073209642,0.0240297695875203,-0.0348074640493586,1.3178926303254,0.566038450183031,0.564933464857874,0.888309481031195,1.13865447935417,0.885605063311766,0.421046425175899,0.163336710652096,-0.131795538213604,-0.296396557193442,0.287185689084137,-0.0015439877753414,-0.379202957069944,-0.684194726828609,-0.889309100435716,-0.494880706183055,-0.929196058787352
gene83,0.511856757427985,0.583494160547783,0.582993893998216,0.751413328195551,0.536648271597509,0.361394242188408,0.906173657425875,0.8444170486633,0.769014194290605,0.618752088121437,0.19343406636355,0.367478849874148,0.628285477283101,-0.701533121727809,-0.984651902003278,-0.866046196622003,-0.692597422061606,-0.635585996431751,-0.892583146632698,-0.838058999268779,-0.708163812248925,-0.592765405281776,-0.280079003965332,0.0096148328994356
gene84,0.0859132911539598,-0.0553936728697212,-0.118885279943717,-0.0545480391361415,-0.19343867055385,-0.256533655118001,-0.435872892447991,-0.573350623899626,-0.503229199726598,-0.664860629857006,-0.44405652893776,-0.415581517215243,-0.376348203427479,0.0518412968795516,0.109988404821616,0.334431384160298,0.215879953201526,0.375785248240505,0.287728064977049,0.629824861725631,0.50876897546823,0.574292936918239,0.38401062699096,0.576780548179257
gene85,-0.60719566891991,-0.695641958388948,-0.619321023714303,-0.222090677344333,-0.176808447062072,-0.0885297570145989,-0.409109784660522,-0.222063716031219,0.231345637438133,0.385049993143074,0.477251059336547,0.606749242690196,0.766743808272029,0.420502421525385,0.384194218710814,0.417109979424392,0.080290970683676,-0.326917036746408,-0.135054126434935,-0.414887567313568,-0.461584532873106,-0.608478951038639,-0.660369912670404,-1.03582554876746
gene86,-0.295305171142793,-0.506847311273593,-0.13645389062319,-0.208634280414621,-0.121643856884971,-0.0074117098057076,0.076293759796142,0.3403988560336,0.5038556505214,0.656190643623017,0.614837437129484,0.687335745949791,0.660671276210796,0.301516790026236,0.21573777290694,-0.299373291273002,0.101402456600689,-0.222632659023647,-0.255190006800347,-0.157040506917642,-0.148802647190402,-0.625503677344208,-0.421644452567391,-0.647640970661653
gene87,-0.0164519981356664,-0.917402968740093,0.107978608037269,-0.812524758551211,-0.748849570398578,-0.496221836431511,-1.24848011429592,-1.01949075429201,-0.714239922150321,-0.942428872687852,0.246840512100819,-0.129657715394493,-0.189769524393554,0.894469557085288,0.526711836145816,0.355631296157801,0.769484406414951,1.10359254889511,0.789482228530168,0.52040021043243,0.389060836972586,0.71020906726709,0.302856181149032,0.0625702602605117
gene88,-0.181540581700838,-0.0701166237122854,-0.247803872941725,0.371971278590256,0.421638286017398,0.427305011078714,0.725776760385389,1.26319757468615,1.15831025504089,1.01668277973752,0.576697020400711,0.396145756531757,0.821302241004544,0.137911859186424,-0.241853184047686,-0.723013100450119,0.0884777234248981,-0.703265182231334,-0.763669306911725,-0.742372761900085,-0.701202557561658,-0.946432210949324,-0.488327948164385,-0.659875607904114
gene89,0.459041432443167,0.496289740054624,1.00586647479418,0.886600966903234,0.793943821517581,0.731224190485368,0.705927774985565,0.688650384256515,0.664501053330583,0.224817101270771,-0.138487999862305,-0.28697328948909,-0.0308483119206518,-0.626481195841608,-0.784923140707299,-1.33342831290555,-1.21633513479233,-1.08449488714685,-0.789468293622582,-0.737692495880828,-0.0643233790851385,-0.0058353448647095,-0.326119055729974,0.48345371743542
gene90,0.661751781611665,0.680969421520135,0.410047580301813,-0.3451615966332,0.0144094192068084,0.0729667825253046,0.600843515696147,-0.510909297670491,-0.0406357718239249,-0.872343828236987,-0.567051057967603,-1.02451453671738,-0.927546023932293,-0.699012975444064,0.0352905289124013,-0.475516202987353,0.253873889517191,0.181825150828167,0.214461387622736,0.20580589702226,0.708126707755807,0.745266699526662,1.23533586333051,0.730997623583695
gene91,-0.387923538076303,-0.349290015714281,-0.727908735255011,-0.964349183905829,-0.346453191592594,-0.555878216421783,-0.669765466249939,-0.575117293607052,-0.869788303496805,-0.401375832205038,-0.175148202295329,-0.251345953618575,-0.155847826071984,0.505687010037078,0.715863780356518,0.336626173579919,0.841836066853436,0.637980642249731,0.661673678130349,0.50547403029597,0.298276683396322,-0.100564518484972,0.403609202140556,-0.378640181701453
gene92,-1.05677596832101,-0.602956506857346,-0.773348803659303,-0.562541880547058,-0.518844111792737,-0.369573210126098,-0.344997952298573,0.262564435671721,0.32977399428426,0.836291708465171,0.799157286040749,0.610530870866223,0.33197721897041,0.415794270946328,0.273381037540987,0.481787540870164,0.28103570808377,0.17516523330936,-0.0251152496958117,-0.537331140076829,-0.317867218742167,-0.627611133828069,-0.497947987669095,-0.566755602435019
gene93,-0.066289588189742,0.935358966691501,1.10394417643729,1.01393323408266,0.718423624538691,0.708076607228605,1.16729530541773,0.811727896472164,0.747373622517666,0.194558015467069,0.323219388161905,-0.794940143604616,-0.852838722961877,-0.581214658846989,-1.22281467106928,-0.908346974703267,-0.181831406295933,-0.635935436581552,-0.397057198079883,-0.708815243303992,-1.28563380990355,-0.335265527680487,0.0040450131230427,0.426037534811494
gene94,0.462809307540635,1.20147767493905,0.592125486566813,-0.255625414408903,0.321553044829036,0.423995078931746,0.360102598283905,-0.60026380965722,-0.488205195978464,-0.677377169743032,-1.00790179526949,-0.87293447113915,-0.876313537445521,-0.330709448878712,-0.400811252570514,-0.538205921395517,-0.0224306094131931,-0.273924739048054,-0.0973181881511592,0.371105517487593,0.73370935966716,-0.363014277607527,0.175804650348326,1.25469695585094
gene95,-0.57212584877207,-0.835499546414383,-0.996758059077738,-0.864225249414908,-0.988869942014803,-1.21751393122438,-0.968283856069952,-0.950602159956661,-0.383331615655478,-0.214177088038702,-0.0085089537049823,0.0561355128421311,0.479522353347147,0.372704192414472,0.85344406012755,1.3978883302244,1.05878148829105,0.84488835147243,1.0677037636748,0.642058476551237,0.916460928897891,0.396426326444116,0.343051090331747,-0.166856068560608
gene96,0.208507895991493,-0.0298621847065856,-0.393561450125068,-0.289793477851136,-0.261321183047566,-0.379430386163789,-0.34875169709704,-0.739848005255607,-0.87241871541734,-0.328257088687022,-0.527035967019928,-0.473895982338617,-0.0604986980082245,-0.398309004667365,0.717449610931882,0.491478912182111,0.207214230165634,0.660475675341591,0.645373866128899,0.312185904703008,0.417339755908163,0.47208467554843,0.52431519898414,0.508320069877238
gene97,-0.152852039283975,-0.143034143447317,-0.296221031897872,-0.800347193392329,-0.579053024528379,-0.524080473755888,-0.531085107729569,-0.394171993730927,-1.19159212442256,-0.707809833641199,-0.576229877109197,-0.776196556395584,-0.460889055730043,-0.216321517328384,0.217243691576572,0.668731194027873,0.0695413495025153,0.425503979371647,0.909484734293617,0.429678564090273,0.924371214101288,1.15285681348269,0.690310541631418,0.274105211657452
gene98,0.746435318143528,0.775144522869742,0.754822701248258,0.691308935984238,0.764946183680482,0.742559712047172,0.614952581953711,0.305912196381269,0.326738494385344,0.420047455042386,-0.275473987700342,-0.283561978351695,-0.168038505010053,-0.930834062094576,-0.666417929119841,-0.731085862689035,-0.678251377942482,-0.41853406932571,-0.61863457129614,-0.528699206431831,-0.599215088941703,0.0266559484121251,-0.19989020300132,0.257840616148982
gene99,-0.406970920341607,-0.378182832500529,-0.39149933408558,-0.254517548305351,-0.0932525575272146,-0.339986145352419,0.130717138180883,0.123993482742154,0.0978421607651906,0.285904218810424,0.4762234304888,0.424342291370956,0.430086220264492,0.508996662851787,0.419587927894538,0.345098674492275,-0.195943395681536,-0.0608403763776699,0.107195860756492,-0.0708320703801123,-0.396866869572693,-0.317485513872668,-0.626826149556665,-0.472269275627752
gene100,-0.846948247316324,-0.810368046221878,-0.385481346054936,-0.539748390037757,-0.889529941904295,-0.755130675329016,-0.473886116280717,-0.773230259965494,-0.7494529759525,-0.133399059449623,-0.555048277100994,0.268685736458239,-0.593835533106021,1.17967813117219,1.05519346248648,0.114425741480341,0.248109787898535,0.412434327874919,0.860481774435477,0.732994202613159,1.02481246681207,0.119800942369634,0.216018940413276,-0.111182944469181
gene101,0.355857779357597,-0.053300491991849,0.861443245323156,0.42792977469014,0.72114332801517,0.407327716801324,0.835171846102163,0.789210815571137,0.453259040898768,0.662193737141875,0.142898188164176,1.04942812698636,0.714134158837829,-0.104437785483304,-0.226396385429355,-0.497275716430114,-0.329489245966464,-0.573823732529825,-0.844168684569049,-0.395375310532927,-0.741576936346566,-0.572523428915422,-0.359319831323395,-0.331533242583966
gene102,0.553394623533818,0.367000769138511,0.619131956161331,0.375004230798743,0.610200994311262,0.425422972566191,0.560097121558486,0.608198304765136,0.603267925320378,0.515269984950424,-0.100977360861127,-0.354524425351531,-0.0903167349770499,-0.343385316772343,-0.478075603690608,-0.586059832827945,-0.63789372115468,-0.842703995425098,-0.500084213341375,-0.221565353831235,-0.449716129941108,-0.185923074056529,-0.106943047980912,0.141855518653165
gene103,0.741640064254405,0.338841845008209,0.567073312846739,0.781311237797958,0.615935346710193,0.516766679756181,0.484553345888233,0.347491767204333,0.151379861126432,-0.360470297558857,-0.212072275811879,-0.164213700745969,-0.69220236349184,-0.403337021022055,-0.719565290960527,-0.709684846300499,-0.438679419779801,-0.48632361264117,-0.248730313419724,-0.17660497069629,0.110111368546684,0.0365158173570494,0.238018557326898,0.651574170905087
gene104,0.164175694034422,0.110860467325299,0.0952622881801067,0.279103910859749,0.771405008601006,0.673956605963231,0.875367622850875,0.795220306767256,0.601393047208754,-0.0604317174626441,-0.0951624790395138,-0.272135362404145,0.354474885209969,-1.18262356389798,-0.475435511046031,-0.9685101224074,-0.673188702984248,-0.975397449576481,-0.444628591502194,-1.3172033169256,-0.536566543087327,-0.829574584822994,-0.554399898541204,0.150255682127269
gene105,0.354158829568336,-0.0611189579798152,0.649463850772814,-0.0751799446236767,0.0458363102198693,0.0326780215408304,-0.382490417195105,-0.432845693890628,-0.680898399430025,-1.08164030681559,-0.450531074726671,-0.543007330422817,-0.177232449968781,-0.414807139027839,-0.279301708778376,0.134503087082474,0.11072409983616,-0.204807365014256,0.299807643929582,0.446078410564888,0.804715151983994,0.507263228243282,0.837912639261853,0.488346740775296
gene106,-0.732807963742855,-0.882976791350609,-1.50146362144618,-0.857457965673524,-1.14361047446229,-0.90256222328033,-0.527353593322043,-0.779191838917654,-0.733223210133869,-0.433152630158828,0.496677189659544,0.0452157441363526,0.545991887343628,1.57567711359663,1.34264947663175,0.905622688406463,0.680457232890907,0.75974488651688,0.695808038028477,0.345483387806531,0.537124845554583,-0.196645178528869,-0.296212780272113,-0.586262065623474
gene107,-0.0857684025087028,0.10917216489562,0.196051508115017,-0.107208022705204,0.634064878923656,0.207695177295224,0.231668763587188,0.823680579046545,1.00043366237063,0.7211402958619,0.35423663470585,0.586168573017972,0.849491532017775,-0.177666385633634,-0.151468713430847,0.154966434040209,-0.301885753649472,-0.301531035548778,-0.15337582706998,-0.859154947160123,-0.888852854990718,-0.772421172338558,-0.782000345272947,-0.388225704283815
gene108,-0.160991142556575,-0.307692771706255,-0.473119788444273,-0.372619890893426,-0.386768642086552,-0.436684331426002,-0.332787671825643,-0.474583966191626,-0.611724024631727,-0.116465208077117,-0.0460032783151095,-0.117587470790575,0.14987189107267,0.309591752233202,0.392666134251729,0.463573559702765,0.318696331812881,0.595380879802272,0.623820131581405,0.46883755960324,0.546653827560144,0.4104013272843,0.257126500084331,0.281775842850589
gene109,0.976041978659252,0.656650526649604,0.65016895033039,0.579887981412753,0.983821488237677,0.561397292483807,0.944778103488698,0.371480480080195,0.117857040390569,0.207369339683491,-0.263190485488231,-0.0641591262620447,0.159096749752756,-0.481640100560329,-1.056592843843,-1.1557801332778,-0.552353685684912,-1.12015372417483,-0.99650382574348,-0.624669206693348,-0.399284281387042,-0.886395484467254,-0.162166298809628,0.489836739718204
gene110,0.655776584498594,0.591080831967212,0.584483308026513,0.419940038984655,-0.102288800204704,0.432034908592968,0.098544326628275,0.242747169345366,0.0956948377482008,-0.565852750352925,-0.205045164655693,0.0866881991947893,-0.584527634692254,-0.879379425299702,-0.706098025813608,-0.196681627453758,-0.647119641645704,-0.250166970724568,-0.0511493572192478,-0.141367477627294,0.514394775023182,0.675099157669638,-0.0525770551538446,0.353006890363129
gene111,0.778864694012373,0.886854522969025,0.43929820566354,0.682233950954722,0.900934840998236,0.613925547716934,0.471351533669485,0.281167766620608,0.0150329470412733,-0.417942961353496,-0.0159015733552163,-0.201100682794526,-0.372463048947652,-0.533251350520008,-0.664041389718036,-0.7340032469856,-0.85230297385297,-0.570319824705782,-0.349948885992378,-0.194441395748543,-0.371868657868234,-0.0119690468609004,-0.00410872463181,0.557557726676853
gene112,-0.005934085975656,-0.267776347050365,-0.539197061634533,-0.300514227340142,-0.44002541417027,-0.378004986633445,-0.561833273911292,-0.42916524840858,-0.644441782463385,-0.278348708547378,-0.302095235794793,0.254274634138653,-0.387590275624419,0.339801072924219,0.271424466424082,0.662179724442184,0.478298887757181,0.427003331055424,0.378632144565013,0.415119414632502,0.219494022468458,0.605363462864698,0.299233581494702,0.285117520532984
gene113,0.255279743990587,0.632777932497949,0.0562517904570072,0.0006398947826059,-0.0225851762226537,-0.43124591819837,0.0276996445033099,-0.746967872918068,-0.631833319289331,-0.520872820583589,-0.559294533978059,-0.11629838379018,-0.267125748191477,0.036629081085933,0.162249472180425,0.0468655595369797,0.0184818029330135,-0.074415777985632,0.171593360328041,0.458890073953158,0.309643760218634,0.0099834929918536,0.383901992870777,0.297393133177567
gene114,-1.20767945591511,-1.18172787334828,-0.441253605004575,-1.1622107942128,0.0557579490640812,-0.923915191081983,-0.975333848866339,-0.465853343712702,-0.40291764153059,-0.103343823654693,-0.0171384467358382,0.208607316312478,0.332430672864642,0.886423674566109,0.423710518979905,1.0172868070286,0.740140984486366,0.274033481321313,0.650183047824279,0.595337140254245,0.521296015339195,0.414654521992186,-0.299137214709547,-0.433451263409714
gene115,-0.519614845131136,-0.213284441957367,-0.0603741957470197,-0.484749381377379,-0.0195234893182415,0.136115667416009,-0.234606434016839,0.399325994391114,0.915113370536541,0.622251303288795,0.386903265294936,0.645140538175975,0.582834226188342,0.442948992224994,-0.100119785314975,-0.141613769395227,-0.0384690823597836,-0.223395015450051,-0.171027562885107,-0.929353182474382,-0.315154407817206,-0.597827185802221,-0.888401367820686,-0.454303839019507
gene116,-0.997420264710358,-0.789917978636606,-0.410200420032095,-0.284856914311691,-0.0954063868378267,-0.253524205807478,-0.627517516650463,-0.315238915046796,0.0745713764675521,-0.0783722589638813,0.810039037221882,0.143209591120909,0.472302777830869,0.348938147212638,0.197088184786132,0.121093209989268,2.55091887381431e-05,0.109343611614532,0.189221336117428,-0.0108178789938723,-0.490121933382992,-0.720082318752818,-0.757047117299563,-0.707795101075343
gene117,-0.814422216593865,-1.14566436412261,-0.864243107785227,-0.952307125589853,-0.423995410415685,-0.573401834098873,-1.16097673106911,-0.310603453498709,-0.189969625431052,0.119354287658418,0.35713820690203,0.452244028237475,0.09257911661666,0.566093238857722,0.499859906781407,0.910628778877405,0.489287565135625,0.480632281175434,0.440803347661887,0.499206125120954,-0.266085075585157,-0.120277540986922,-0.0827896904181224,-0.0832274388907506
gene118,-0.041089648139562,-0.142981380039705,-0.227648543116934,-0.412761894159764,-0.29511328474612,-0.28635939462104,-0.59521630107702,-0.504597834956293,-0.525531021885448,-0.539171515784551,-0.385460275740759,-0.501016005638669,-0.487822073317616,0.0194308184490006,0.419580976227765,0.348609576718376,0.245830636290313,0.525196249995256,0.515062815027516,0.506917483164348,0.487193045155141,0.481540851788054,0.368470336853416,0.336308828496741
gene119,-0.629186418814433,-0.89774803950772,-0.565148880599653,-0.861720770387113,-0.902589827195607,-1.2260869605346,-0.784454554329252,-0.668122849118202,-0.484571160192708,0.0818113816209307,-0.293878989191173,0.219159753731979,0.392619053242479,0.90830857382321,0.941804812504246,0.787597820596401,0.751559820148955,0.896234372983334,0.95278247651908,0.244300597323456,0.392656362778489,0.399150076356582,0.525934430637992,-0.270430959604288
gene120,0.595012708342083,0.789952713611613,0.733351418300149,0.722614712650091,0.591743218194119,0.801497796419065,0.630958307790299,0.147463211384451,0.386861602126156,0.0110614939681709,-0.356163570377688,-0.490641195076583,-0.57585590179443,-0.755848225074811,-0.253943856596862,-0.449703130525149,-0.890270315963541,-0.284540079995204,-0.427633024505264,0.253944851061801,-0.312029634566667,0.0194431214381244,0.0986042721806525,0.378577849963999
gene121,0.587861822612185,0.643638682625477,0.520137275611435,0.473449122991974,0.717742439220142,0.263366514862346,0.174703196930568,0.314687990952333,0.0456069739734626,-0.107639473903232,-0.331329537492615,-0.29602266752418,-0.325565043139627,-0.60140923326222,-0.274680995725897,-0.589827185919508,-0.372369120284423,-0.12215062741203,-0.17638107435494,-0.256340035164742,-0.0829833188907001,-0.133981132277221,0.439924929008815,0.465448972794643
gene122,-0.275956200441664,-0.0093377036458413,1.01913851450773,-0.197520268472248,0.0073047688336595,0.648577743707567,0.94009929039564,0.941412818612951,0.193822601428665,0.562755371268466,0.59417050425728,-0.24332992599805,0.794613921872013,-0.530763809884009,-0.51915616735354,-0.528257296579661,-0.219778216535645,-0.578907352530749,-0.443709750359658,-0.933203829801708,-1.12859837615771,-0.947330197557277,-0.206755835961611,-0.669874249672793
gene123,0.748168355202469,0.77441740902587,0.525756379408915,-0.225159458803729,-0.164390359896515,-0.0211763135524452,0.186050565000828,-0.188806638862502,-0.848298728548394,-1.32608329096824,-1.07687969958869,-0.89131078675746,-1.24059141026217,-0.352493014191508,-0.511980376402178,-0.477252230755639,0.079359932575569,0.0874313866269686,0.611188921047849,1.40026828198465,0.406281146430135,1.11654027129976,1.26965095459212,0.885992430217237
gene124,0.702381724354655,0.666312493301025,0.268726245851897,0.758014712293018,0.0985213758844105,0.373412120968981,0.433535951731074,-0.135149985331639,-0.271494739260359,-0.920424946282431,-0.837522891656689,-0.763218174014549,-0.759245327876658,-0.321444528260238,-0.416010321124637,-0.107760869903847,0.0212548142491091,0.321666905525494,-0.033147592997661,0.304382262702875,0.409153716031041,0.725919947797641,0.897383132240872,1.14265960095492
gene125,0.313460236962104,0.480502000510907,0.303881507242912,-0.139116982766403,-0.417195870038838,-0.199367546579398,-0.338642657960323,0.368540457816848,-0.992370693537589,-1.09432961443413,-0.824722294365148,-0.477367726313323,-0.656904131414121,0.0318258388125725,0.174758025637756,0.273995833072566,0.0164956775688902,0.63557862337976,0.367547419984133,0.25868729938334,0.956433245292386,0.267178874599222,0.448752742912414,0.438506443212548
gene126,0.683865840887808,0.23001625540055,0.783176906486652,0.589394440218778,0.619957551679801,0.606692835170778,0.506706898888075,0.453020711717102,-0.0810710060558336,-0.305858991017363,-0.518032441569505,-0.760060347498488,-0.558853713010527,-0.804170275719096,-0.873551801040237,-0.79158017022283,-0.824764444667419,-0.182967628950044,-0.57951103763067,-0.257667899650562,-0.117605681196676,0.273638692656562,0.126544512523117,0.267064242947134
gene127,0.742967717394388,0.836731899497514,1.10855200270672,0.860082513052517,0.695607364685005,1.10967120327687,1.23011329289569,0.640404658791069,0.300317381699542,-0.115771788039609,-0.481296167532867,-0.800540487732631,-0.680092095276963,-0.993095868183156,-1.17139415785444,-0.849966822733304,-0.802627420620179,-0.526831157560103,-0.836081365540106,-0.552934515763769,0.0168500799317532,-0.234179346938694,0.139548131162315,0.820243396672544
gene128,-0.904726310130787,-1.05094535530826,-1.57899924958401,-1.1106819668297,-0.736784597046867,-0.523988887900382,-0.670706229845025,0.383346543319295,-0.368961335379667,0.84528813637506,0.505072643110032,0.920496463190713,1.48582798703606,1.24049416775928,0.135361809345038,0.93534206480616,1.03502057390505,0.89081813162985,0.454580566876358,-0.0304552444171732,0.269874318724607,-0.453210965816547,-0.285379875554976,-0.814765813951738
gene129,1.01075671098755,0.46612812003067,0.710323475182214,0.464994586590636,0.698486915627236,0.668044480141856,0.729490515432011,0.525577379109617,0.322534513502069,0.329009454988393,-0.458165564000988,-0.13188000033766,-0.316496333256574,-0.841781503239927,-0.70815371176651,-0.560133221393178,-1.07280952960445,-0.913691399892386,-0.675944916179297,-0.51635251364081,-0.395558609547385,-0.271054234379324,0.200901351689283,0.566602362493711
gene130,0.194424303717217,-0.0894143221039916,-0.251773838647242,-0.127305751829752,-0.478695472364826,-0.299794827363735,-0.512016943403186,-0.513160877535524,-0.200880571393595,-0.140629885082891,-0.429814044451457,-0.451536120735041,-0.383871453397571,-0.175072840133322,-0.151384146411449,0.281408658850451,0.00163857841623,0.344689288632484,0.44820692268197,0.472887994779516,0.69154238608093,0.838711661834082,0.638669465487892,0.27093823847031
gene131,-0.0482886612570789,0.40709500497408,0.3706445431285,0.346775019939705,0.218429724089835,0.172291265967184,0.884706532783767,0.821106771818198,0.981387126113142,0.613004024409783,0.525833364933746,0.408958617526594,0.55260159561091,-0.476490352117775,-0.673577325891995,-0.149152843314597,-0.737790374957202,-0.717901765278859,-0.549560337332368,-0.682746914682699,-0.881288501169351,-1.08245162177193,-0.563410863973552,-0.484731841921051
gene132,0.614332028687737,0.286027184154577,0.011387097288544,-0.149348085058397,-0.335211812835796,0.189850993028245,-0.200842336082973,-0.57890097668496,-0.810366308341933,-0.69435261021551,-1.11283870299268,-0.728276145632202,-0.800994813741469,-0.169670164056024,-0.125695668392373,0.299784830300626,-0.115095404933757,0.213161365292325,0.280826022773285,0.906994119624122,0.66671422067523,0.497698288335402,0.898592722956209,0.983100451247699
gene133,0.450012870130343,0.737363590129352,0.40757013023599,0.932436959901922,0.864266016148744,0.515642220151841,0.493617509633041,0.414867801484214,-0.181114970309842,0.0784747863294127,-0.87328097649252,-0.293548060255671,-0.729014027779134,-1.01028619529719,-1.37860455585059,-0.585907167810251,-0.576097900866598,-0.570295271706895,-0.398913782203481,-0.0698045908968821,-0.365388904448911,-0.333239426560686,0.410794893662734,-0.130661624230097
gene134,0.464396513008244,-0.0891234559695691,-0.411282715673876,-0.125509155890717,-0.340867978257034,0.0194848181874042,-0.285912895132605,-0.602734966416701,-0.385826136193255,-0.592230957000271,-0.475063258078537,-0.603829229295958,-0.76280737265491,0.0729891424880212,0.468705254547009,0.500659577313985,0.241646427612971,0.377742269140144,0.350113512183301,0.575968986609316,0.544760843093982,0.573585067449143,0.569450480233758,0.133591643550489
gene135,-0.889869947392177,-0.608976383319368,-0.38167078344045,0.0592367573226897,0.086416904117293,-0.167098641283539,-0.0987948371076748,0.539918312765273,0.70028408394244,0.76916842929811,1.41804576982612,0.526017679804644,1.12671312432106,0.624121728434671,0.494849822104128,-0.0716706650896843,0.301124135416752,-0.367709074806574,-0.535168045045676,-0.538458689504608,-0.643171337254345,-0.559800347194765,-0.360818509191058,-0.677555238142206
gene136,0.766052548821491,0.269637574058726,0.640157244619089,0.540884576705925,0.59909425350306,0.0442626344869755,-0.190464152036521,-0.308532709999978,-0.226132945425007,-0.570138125229304,-0.72658981573231,-0.371783259332341,-0.849580644216059,-0.733029784954853,-0.242240640897007,-0.10293187850159,-0.636813292898089,-0.10960764175516,0.464926814107573,0.0646039517359374,0.50747316699743,0.679874153638672,0.447792956607134,0.725258340872947
gene137,0.579002309460233,0.235560222332107,0.475982740858518,0.707125531423408,1.04962150767721,0.468680266718445,0.901802898583419,0.567645415665968,0.364647843504899,0.393116127577244,-0.139140443875228,-0.0036824270025772,-0.169649585791286,-0.618661999178395,-0.541360120895857,-0.865941915293781,-1.06558658459131,-0.837840527054211,-0.739421319115088,-0.952278584085665,-0.679165263441267,-0.265421741578482,-0.50910388340346,0.197145798030818
gene138,-0.687898310386918,-0.419280081970522,-0.503631410485857,-0.318584859055049,-0.86165195452953,-0.574925890310701,-0.721949655170517,-0.271546081397371,-0.56832307527614,-0.265294231209028,-0.0427781448546588,0.131460413550254,0.196460270550811,0.685474972108234,0.36084780347375,0.659343675542484,0.454133180109812,0.579963930019905,0.74589057589757,0.498740366661389,0.377247236794051,0.076271641490978,0.291372374523642,-0.552869291313352
gene139,0.141110001731235,-0.159298868967701,-0.21144355405738,-0.421261134181496,-0.42295666962149,-0.359776511644564,-0.499396410119499,-0.251947606435891,-0.533843500255294,-0.327376255671527,-0.425447461081094,-0.146499432165087,-0.259222392949769,0.319878589439902,0.447791419441228,0.558569854722927,0.130935871302632,0.715543221015619,0.651338475761483,0.431824093487435,0.601259731382309,0.570303985295445,0.0978793241328431,0.182942006688886
gene140,-0.610097469857292,-0.808548888369958,-0.566488060612641,-0.802683799011863,-0.563426739286024,-1.22203368144693,-0.528300096492093,-0.918758452049158,-1.08244309224425,-0.834211013879125,-0.384042228933988,-0.70906573568362,-0.21137911439989,0.388390795280512,0.772787026865349,1.52150581103409,1.0542513275814,0.906575718343987,0.791423178836022,1.12693530906977,1.45617628990025,0.981724137553567,0.931297463337394,0.2971636223034
gene141,0.352226313763686,0.364620937183941,0.535843731612301,0.65106226843259,0.507177769638944,0.657052482760719,0.396685417391211,0.498439468175803,0.476398627170838,0.316500420601838,0.347774118734688,0.145701695375402,0.0166010548154046,-0.793255569959947,-0.669505017528146,-0.58057378180329,-0.687871671419392,-0.61610683400535,-0.474224914827671,-0.420392813639974,-0.474212202000596,-0.433708154588813,-0.574042925849792,0.0328113948662009
gene142,-0.915204856248503,-0.314545383578049,-0.45342895901522,-0.339643146637729,-0.483959061028402,-0.800791901337839,-0.382914786699481,-0.417725638692999,0.0663081311587006,0.384828898133912,-0.128277398390391,0.317530832460491,0.811397149795876,0.516335071127592,0.692421496397975,0.052179418120286,0.251083026365265,0.245645846498076,0.376397654764358,-0.212307575415753,0.122567122318527,-0.223075252811505,-0.522705693928204,-0.783815157131632
gene143,0.607258684459504,0.834357273836902,0.71648927340861,0.792664793347814,0.932335073749367,1.0536222039023,0.875817286233773,0.715480574879237,0.363961557949936,-0.0912912884027574,-0.102281143881455,-0.380661713166719,-0.475538304264407,-0.861540273687211,-0.637257735706992,-0.924135826814537,-0.951282224784384,-0.420056818466001,-0.750127217155626,-0.47923182196942,-0.235077055742254,-0.231918873934335,0.513052265260775,0.863630097856048
gene144,0.27618713212597,0.265823927679252,0.326804606576701,0.182737041414513,0.4775186082361,-0.0511793769270047,-0.267533482110565,-0.327376609535357,-0.369924629181611,-0.639078587993631,-0.74234769391519,-0.6507214439251,-0.826725871857906,-0.0292793114949628,-0.258439632061541,-0.087426238269712,0.298539430441019,0.168922326238802,0.283853861530813,0.378354343223414,0.666921367002237,0.911041149308752,0.919729221054765,0.799549017101673
gene145,-0.418354175661399,-0.765282649407225,-0.357623690375109,-0.459244162284781,-0.323629018045937,-0.398583409134049,-0.512065887818096,-0.383007011478955,-0.0117472124532949,0.277251695085207,0.362404417482549,0.461740613729139,0.164207259910391,0.368962463010631,0.205393440454944,0.158893495534567,0.326051542489897,0.105785067849033,0.4491206326793,-0.0636897883634541,-0.300201947129461,0.0006644030886324,0.0034215247363771,-0.312564119420909
gene146,0.291898926532665,0.731282337105557,1.13128388127408,0.650657089093337,1.08923453062254,1.11840781305758,0.864957264891642,0.93668297985956,0.400440642321289,0.991574336621387,0.31354098896288,0.474556407020161,0.758869571864498,-0.947266341500977,-0.707564979916284,-1.01163077844196,-1.32267441474781,-1.10192771016585,-0.793449955308055,-1.09176199562833,-0.820050211769207,-0.989686323101134,-0.6888374570128,-0.158533207702846
gene147,-0.414346611074879,-0.588068915895817,-0.932459824547847,-0.717645216796626,-1.19358138928504,-0.736384383593276,-0.954335655625012,-0.707054299506109,-0.747714626953359,-0.376637565047663,-0.527781423408914,-0.292774281831558,0.0187070582219572,0.72767135793115,0.745352786677061,0.860227088767023,1.01634832944078,0.716634470589008,0.608973816414541,0.539039362524139,0.823663940448835,0.1988534342169,0.20958984466709,0.237167071655908
gene148,-0.323654975307404,-0.112208340330161,-0.0959817613659601,-0.289319430075575,-0.035552560130841,-0.282696984165762,-0.156598749577154,0.433878901579283,0.223930765043206,0.0324058062113186,0.740472414667378,0.967307362965238,0.801049421803116,0.191793346630143,0.310705213143429,0.133608124621331,0.303456634443546,-0.155460937464972,-0.207246631280873,0.201694664371789,-0.542615900495601,-0.268319228405021,-0.576867865176563,-0.538476222943414
gene149,0.573332111795233,0.555265841361682,0.625733359999683,0.725307639863213,0.244585640361907,0.137674096221684,0.122958804757667,-0.30384973155343,-0.484383902770278,-1.11268004071665,-0.883621789651865,-0.654056460407559,-0.579170671727581,-0.210708626192241,-0.406530259575041,0.178990266594229,-0.116632202948551,0.0804622544728482,0.399459401885811,0.637152342641097,0.18650672996446,1.03422305731203,0.86628295413334,0.979167820118859
gene150,-1.08074857807334,-0.62479362120311,-0.470487539060569,-0.804148715045179,-0.903707802399362,-0.829650369338689,-0.719502784863961,-0.327717304155785,-0.459089924059522,-0.134363844678044,0.0151906793415411,0.409184184815012,0.186805162182752,0.483780097699235,0.675657547020085,0.585245900689672,0.626599648244422,0.550869615749646,0.267437097412368,0.440725083743251,0.544498316678496,0.0992325961637783,-0.162730111436978,-0.467474555538793
gene151,-0.169143737268665,0.529670692670608,-0.473427348989835,-0.0056460031611599,0.0524644324348267,-0.650399262238198,-0.589747754863654,-0.4946434544139,-0.395357358574974,-0.529292974218084,-0.676888005043236,-0.448405287538452,-0.733517514145949,0.13740317514915,0.383269347357512,0.322707260212569,0.313504074468196,0.96478417392528,0.894891533097372,0.612791364706879,1.00965004319161,0.869164156088252,1.17251147095368,0.545447875538609
gene152,0.369274371369585,-0.319110423159828,0.390648135312793,0.262064467144852,0.231286599782872,0.24486733561681,0.42271366767791,0.436469312688477,0.710008176127766,0.718702757592364,0.302948657814243,0.540817645517796,0.181146944646958,-0.156568007713109,-0.666530025186392,-0.349091057914295,-0.324238804075814,-0.376982636348704,-0.761401273221357,-0.524291432924439,-0.430506709151916,-0.337188659437236,-0.701659271135486,-0.13774860107553
gene153,0.0771562894948816,0.365918732741641,0.337954541337695,0.411406006275598,0.399124535800441,0.568751932943696,0.533961520235504,0.496198546984057,0.572658683438927,0.499662705051837,0.041154055640439,0.197391067363913,-0.0472383379113462,-0.324402013196383,-0.573349370479263,-0.658665711276851,-0.664427572457627,-0.581794477559659,-0.238876346157747,-0.46537213637083,-0.423971110522831,-0.382565070699071,-0.366187127981209,0.0268003698054202
gene154,-0.61345653220557,-0.567919665851044,-0.376347451443407,-0.670340315963668,-0.456538853282628,-0.466460926173134,-0.317659347103501,0.0231937700672136,-0.073675614239852,0.648525105156972,0.844334084255262,0.740629171329965,0.721165009556934,0.447044714245379,0.549040709524598,0.538484952776086,0.221219506159004,-0.334965345855908,0.0358059454591991,-0.0368657001471001,-0.539646426299557,-0.586478978164754,-0.623521067260737,-1.17986866523661
gene155,-0.607063241981757,-1.01080793553711,-1.23955366473759,-0.545363401339737,-0.459526234686005,-0.105530723314211,-0.663451877741073,-0.103319924699396,0.121684342400207,0.239587894135371,-0.494089674711598,0.300722427965392,0.507597271369033,0.677444518726687,0.975246751801345,0.358254425310091,0.75002925282232,0.632384192383938,0.399043632178371,0.249786884704023,0.449623153721859,0.044975770355678,-0.314963584765933,-0.717340332194491
gene156,0.476548358278219,-0.156930228920414,0.363735471306151,0.106825769123258,-0.29587067316834,0.343523075712483,0.358053258588692,-0.510951947955164,-0.321404911631331,-0.714898979660011,-0.406791774417991,-0.8468629139763,-0.735228765298664,-0.666070854551597,-0.0796654944790125,-0.53847749875444,0.141961706380857,0.793583410106797,0.839752320625201,0.478150953957027,0.624178924302611,0.5572080338701,0.45719646122216,0.383849834628864
gene157,0.0315646875941416,-0.1288883645813,0.185305111824102,-0.365126993763375,0.238482242502018,-0.0465780727010357,-0.601046036650822,-0.311899541103474,-0.672662543656948,-0.958383560334296,-1.00450465776523,-0.859535167215445,-0.476557226023283,-0.311019259704322,-0.107632317576742,-0.0950844423939115,-0.367504533362835,0.223685860873941,1.01837019075162,0.385309137734467,1.58835325612439,0.939748282281263,1.09537564690387,1.02586447295098
gene158,-0.225909891384344,-0.218110416376426,-0.480573236988245,-0.394880565980618,-0.675817821988713,-0.515550000196722,-0.588124624745436,-0.633131059146782,-0.577881678223448,-0.405302030672331,-0.197795296007815,-0.205610607889542,-0.19654704498903,0.278032127314914,0.469735629798085,0.516865667634211,0.470612283979305,0.800346949368491,0.748801603580204,0.552345881979885,0.402057881586355,0.636425974713419,0.533207946576263,0.105218391876044
gene159,-0.528839912276991,-0.487482781270346,-0.29199084322569,-0.625814340066919,-0.691286879358932,-0.448529853229272,-0.559712099149913,-0.773496565716632,-1.24405280918766,-0.0419314677554289,-0.267454721464524,-0.609993047636075,-0.465989414044231,0.603938796047882,0.405115594088716,0.936110657155421,0.424947905257389,0.782207835727513,0.632506771297257,0.728213220488162,0.755252584142854,0.90626313595709,0.613881447107679,0.336304672514492
gene160,0.211988592681314,0.153725754455945,-0.043984355714773,0.0725747268491468,-0.0771924579198023,-0.0954515371381738,-0.399156977415894,-0.430261568142632,-0.407181321406769,-0.645970180826367,-0.434075659114559,-0.458086472137355,-0.4092851125451,-0.0908588946088505,0.0918986689039167,-0.0042617588649702,0.137029750989352,0.212963939125319,0.343281988668496,0.43706871025906,0.645184417658662,0.550615953954092,0.518971808279097,0.490378249266891
gene161,-0.0783050690488549,-0.0262609660653233,0.003313776555363,0.0265080667743632,0.219366384699538,0.300988987905487,0.121815576353988,0.305746482578879,0.454207321929347,0.559627144545372,0.577495264160565,0.595447996490685,0.324591341242125,-0.137684923464764,-0.14771812082598,-0.460973829776909,-0.285865972771842,-0.247018529566849,-0.365301301316724,-0.576950767426977,-0.377005220906288,-0.530654289599585,-0.404322700581831,-0.277279150258163
gene162,1.22330376120607,1.11599650535357,0.82954918916742,1.21153320284632,0.848726509211606,0.47215830415077,0.207752890558103,0.481197332601333,-0.463859981805806,-0.477822000984671,-0.799133353273024,-1.24979792005461,-1.5414426059558,-0.743958619858422,-0.63967722311171,-0.607692202517567,-0.677670755694825,0.121914055836765,0.25907882077444,0.145725836432141,0.630514643358331,0.631518758609184,0.748141327669255,0.989980942653673
gene163,0.388114273606355,0.270164898900754,-0.328462598125016,-0.28819211495423,-0.322465835222153,-0.594031582596249,-0.627260206543052,-1.07054852877679,-0.58301300845635,-0.703659263402415,-0.646972212390885,-0.600862865917837,-0.441260922302975,0.223734622149563,0.0721943611437296,0.27888531114621,0.677719430889775,0.632063094998965,0.664317010046125,0.485079606752365,0.789515750140334,0.495296105715567,0.66788853507612,0.178287570290085
gene164,0.329721010733922,0.649385406435576,0.616268678057417,0.409376920668086,0.55798296999412,0.311125953220733,0.49190058427977,0.286665106490719,0.32665353318644,0.478580644670296,-0.211967556208489,0.0779672523205377,0.118451603137592,-0.455578985653112,-0.369123226325038,-0.776927360960598,-0.354184777302794,-0.487410260505958,-0.817200956750695,-0.199596899530437,-0.208012397597269,-0.255012625340276,-0.251123002242829,0.168365268631982
gene165,0.0328611939101652,0.454773474983787,0.113235179834985,-0.608685049378045,0.179317972971548,0.449536834601933,0.13434129255896,0.811481480989494,0.483380758736218,0.870225536135548,0.439868992608951,1.29287116260393,0.80106646200519,0.484725139208298,-0.0921497832238421,-0.306471896462678,-0.653092425892036,-0.131415800476193,-1.50436197332905,-0.814616690779445,-1.22775023595541,-1.53522420616548,-1.10899719779821,-0.185626065849716
gene166,-0.519891603592379,-0.324818727717215,-0.435622397754381,-0.675079849221541,-0.840506839707527,-0.969204709259385,-1.01375918692902,-0.576389563725248,-0.797051447367525,-0.396401379327476,-0.0629163229090127,-0.145759290141887,-0.0954649258979136,0.655566766699259,0.651285560682957,0.911971008919099,0.796398610551572,0.737801867437144,0.68080697892069,0.772863260388859,0.536094819720401,0.433682528573967,0.222655114181538,-0.0117963363529022
gene167,0.0569218446764721,-0.732802941867435,-0.52810533916066,-0.499938316857637,-0.408816841140771,-0.24299658215966,-0.372327273498591,-0.678941595506024,-0.767083164834244,-0.385060286376832,-0.324990303106363,-0.281383934180702,-0.357950178436306,0.102095493296239,0.435693549065655,0.0795512264504,0.808027289891022,0.827818198809443,0.420644406695387,0.456501599392091,0.713013736912888,0.458910096757431,0.838727494735051,0.208181550339553
gene168,-0.564258304192452,-0.740296911075348,-0.42327812283765,-0.302084106117474,-0.36369457165022,-0.439483705880732,-0.853392406112156,-0.0881508622509443,-0.279899408490772,0.01966697494359,0.148615513316802,0.186022945939341,0.447528282890991,0.367939543036074,0.644880655434269,0.997854706341603,0.891674220401135,0.564275727362625,0.151001648368252,0.225440163632095,-0.164625896780933,0.0296977440967519,-0.437021970087777,-0.581818112751467
gene169,-0.0328079004398436,0.312424135321031,0.290439106644674,0.225254438063914,0.0279552500658609,0.403204951588078,0.0663172904043739,-0.912833832648664,-0.394283871959117,-0.215428348707359,-0.533473309636334,-1.10742097127925,-0.1528898139611,-0.285446968380365,0.0957501042186475,0.110008662277834,0.531941976174218,0.512216091427948,0.640738346152898,0.578388061246029,-0.0882890836879596,0.603354718259428,-0.045303255194142,0.647030043399814
gene170,0.274546990059011,0.22620648887939,0.0545367283183571,-0.431779769831163,0.56763240463679,0.0216128557812639,0.101673455613825,0.047524813761193,-1.05730485029186,-0.381420247808259,-0.808927143505548,-0.840635880101333,-0.664027867007476,-0.112808137542543,-0.0886387011693116,0.270888460921224,0.356520583692979,0.585905960134713,0.520583508458638,0.76012391852462,0.421935332286735,0.651523476059737,1.25007773671386,0.774385940132858
gene171,0.484886472922347,0.602881600651996,-0.158142980991083,0.364856975855318,-0.291893865400656,0.192765365128833,-0.125658228401959,-0.9994817257089,-0.72649100931798,-0.78103658575664,-0.789103589101785,-1.28568124520407,-0.971358495231228,-0.0672186456304542,0.224692673123492,0.158563376288726,-0.369910322945951,0.176229273694141,0.853415743469598,0.877477140259052,0.490066757628807,1.04810276609602,1.23317956107286,0.240332517712769
gene172,-0.916927963989079,-0.9328365178743,-0.238981757679262,-0.492987836793538,0.127301449803557,-0.611742237877885,-0.224163025338274,0.867935562831186,0.596516024005032,0.699148924521798,0.887205803020289,1.18303161860934,0.833596881841233,0.181268686673928,0.647464451429618,0.228343111911547,0.156477953987628,-0.140723456994111,-0.355971165623681,-0.492374924266323,-0.53997706566174,-1.06658447855927,-1.13057068412319,-0.604490304988508
gene173,0.566652254387696,0.791388669195229,0.759453591433852,1.33257282789539,0.86264580645758,0.811628350274499,0.872709145412563,0.869587981284418,0.709308196908488,0.95445430271855,0.767908823862964,-0.0299621899116872,0.602458596439969,-0.964230238800463,-0.713347672880687,-1.16353814368271,-1.03751693896806,-1.11026674015987,-1.02211743101669,-1.0729521645836,-0.948307530680645,-0.927862500928129,-0.417869910127875,-0.0988560553316811
gene174,0.0351499641869424,0.124220437631944,0.185135333807094,0.197926303399824,0.155412555593976,0.673974630171663,0.498254162543386,0.69583240130105,0.634120746076256,0.507085060322245,0.483827206245885,0.413643710366035,0.125044523346498,-0.282309079801485,-0.412026018414202,-0.229599419474934,-0.414196768712431,-0.54201633553157,-0.937638450503447,-0.785554456427314,-0.781761276983325,-0.653993841726464,-0.654506727323829,-0.483103900982995
gene175,0.504419097229085,0.420997338086821,0.681522536130355,0.518442411436829,0.368039555216733,0.396458180002898,-0.02333945116773,0.172954643250055,-0.0399739339707317,-0.362972080089085,-0.361825280254707,-0.356294136042451,-0.351038049580735,-0.423616174208981,-0.543775138139881,-0.361594289472409,-0.459370218769889,-0.296652061449349,0.0196990434514506,0.133997845359689,0.334844010767255,0.314314079906285,0.20176962851685,0.539136370712945
gene176,-0.887254449560284,-0.74717202059789,-0.758408085734514,-0.592164419432375,-0.742515653249072,-0.697321353716395,-0.231204142605437,0.518575277833094,0.332445416165547,0.385542998826313,0.560221229191729,1.00830001632759,1.24444599238539,0.463559275503977,0.314350002709801,0.597496610431639,0.526262778028663,-0.0042157547740468,0.170789092423385,0.316675385602407,-0.290848365801332,-0.626902119744664,-0.503995832482415,-0.951160120953022
gene177,0.249218757902138,0.152702615227939,0.123636217752811,0.393665660478412,0.237075108235216,0.369180241437841,0.37451247796361,0.626471482288035,0.849123462141086,0.649476088559661,0.420206637532111,0.704746015010002,0.2325492920637,-0.281550961592639,-0.466395526125543,-0.0805542167264414,-0.268650594871536,-0.670446196613635,-0.373543566977511,-0.347789975567704,-0.595729794781786,-0.641625510097685,-0.611335429130625,-0.278720959483646
gene178,0.541858472599015,0.361119488014742,0.634021384089932,0.360089824719939,0.371055465106251,0.414235080643793,0.2436348095165,-0.030649730604126,0.0021925430159821,-0.400320279710834,-0.5062279714525,-0.45230850328251,-0.426326143235031,-0.533014706260834,-0.615588999406708,-0.268451772509857,-0.49924071550523,-0.12781317993822,0.0479038772253267,0.095290150543396,0.403363181463338,0.34523564680721,0.507098215202165,0.572488322711201
gene179,-0.956428108505097,-1.13978156067413,-1.14241436221335,-1.14798585447947,-1.05212268678141,-1.13102486305153,-1.01238745419509,-0.78031351220575,-0.643765427456017,-0.377338080096967,0.3758554356597,0.158795404012426,0.64521808878055,1.23708896688979,1.03803119552305,0.7198742813341,0.806044565022548,0.541340154673563,0.415477532913711,0.314432300330125,0.625342316785732,0.0516496336639038,0.0983849945128118,-0.616845223302738
gene180,-1.33853422424289,-0.951682350524424,-0.85370760956267,-0.60477726792547,-0.561147577058903,-0.973620979322919,-0.837134215475388,-0.467392564024257,0.0243103993318918,0.281877931007031,0.728595286270917,0.547637838327484,0.507526022991106,1.1537950341994,0.631225012540023,1.01502053207931,0.535100790242979,0.61171489451741,0.363936113055135,0.293410157703733,-0.0017795964114079,-0.303740142873176,-0.467105096540867,-0.593683724978152
gene181,-0.498412218948403,-0.554350002052043,-0.976216871184524,0.185477064569618,-0.388053785179129,0.124282507241883,-0.247692160883502,0.709511316603778,0.890733735513136,0.732895003350215,0.938310658880801,0.402643312269709,1.0876968282956,0.244171420154458,0.0854444603837833,-0.127182082431841,-0.163731541960455,-0.226796287025639,-0.233516623453644,-0.26566691539642,-0.70996478244254,-0.463960648683715,-1.03569109547127,-1.32749109912993
gene182,-0.435513942350368,-0.746707455954945,-0.686041998875356,-0.759598969238977,-0.41887202111799,-0.505957393577912,-0.323722015638131,-0.541452383998418,-0.920875804899628,-0.649310089221395,-0.160464244681972,0.183432382407395,-0.507971165501483,0.411903764143467,0.283088513941127,-0.131238170801886,0.899880566537345,0.682432898494197,0.592201315140671,0.79268883125103,0.930469805002168,0.1423222956483,0.496002219598505,0.390761309764475
gene183,-0.494615497719044,-0.644357085170047,-0.578617685448457,-0.617780458134436,-0.39221915524587,-0.484337546665974,-0.57541923353563,-0.0359433248301158,-0.0149720470400993,0.0608186750858975,0.387520770161712,0.524480415902087,0.420125502913111,0.370835670547258,0.144537837649878,0.553446449077157,0.438411294633478,0.168905409324325,0.655062641043814,0.301612003627478,0.33702566816444,0.222858943359673,-0.249960554177007,-0.352250757247976
gene184,0.421920065883412,0.320830502822003,0.0061224542450467,-0.14023141754714,-0.051304496660154,0.0798105040552377,-0.279394976513659,-0.456277631705405,-0.418070881788492,-0.518748116694772,-0.811400984026191,-0.671473486557116,-0.846235218411076,-0.186907603381292,-0.163894035729866,0.23350282973746,0.0314112551441769,0.0631648546007755,0.39239719477198,0.335355726624004,0.415065750052057,0.694183110286566,0.604725342449074,0.393478188831082
gene185,0.923179844886301,0.763397934671235,0.487161066428086,0.498446272871032,0.484348443851736,0.669692453605769,0.583571127527014,-0.133280547260208,-0.0417887157379842,-0.261750188336551,-0.646708630002173,-0.527206500934816,-0.393690279699902,-0.753981450001128,-0.663664950074818,-0.460535814851217,-0.439039289824471,-0.494951051903718,0.151975570702287,-0.347070834417928,0.587464598112854,0.336159520366783,0.574746311613821,0.828521378839804
gene186,-0.1711451752045,-0.54735740589519,-0.777232076453827,-0.750040545311876,-0.939074587018242,-0.526615916772843,-0.658836431094613,-0.744222440350364,-0.565727612240741,-0.401384337470573,-0.203504856089154,0.0806513707728923,-0.17496253670176,0.213450062448426,0.561256024145489,0.773793514990112,0.792111347363246,0.67605798713957,0.314858854501304,0.407694252509537,0.672765392125822,0.528304539706708,0.421404410875152,0.0284063733546909
gene187,-0.349025320224029,0.0141879925164949,0.250680335677541,0.496749739337274,0.46758824605001,0.2692950439147,0.172444889569254,0.871252225781192,0.891050584340312,0.665609532087435,0.672038860340554,0.329344930034265,0.302313790642684,-0.252310749933153,-0.384521011575954,-0.164676084882789,0.124521024035719,-0.262869440167205,-0.927575137647471,-0.663748722820645,-0.529522538875932,-0.924887558537309,-0.898787582023729,-0.050913926504816
gene188,-0.413738673490471,-1.16634163861747,-0.545450785879333,-1.01787256782171,-0.719103824419762,-0.915734867438537,-0.783895463836514,-0.214369644069695,0.0300409798885345,0.429278156361835,0.555669697335265,1.12390450971488,0.933307696367991,0.348074217656526,0.788592785658855,0.713322475302839,0.490226023945974,0.763816300836601,0.0676327077972252,-0.283845068803813,0.278120322361406,-0.678912351220854,-0.317972592279063,-1.14096648169952
gene189,0.514131165722116,0.669008509854577,0.834538716993965,1.3505390549811,0.378337224990536,0.477717385432203,0.786609317357766,0.509492840642496,0.882340588349264,0.869163699941545,0.125317549103254,0.441749445188837,0.105133823899573,-0.470482884757438,-1.29850719480674,-0.843414029144781,-0.469232140517532,-0.492369251497167,-0.904314640657653,-0.709014797974791,-0.903887732343108,-0.406989560736766,-0.428951413493156,-0.144623293810006
gene190,-0.520551629858125,-0.506304495414644,-0.371665149908876,-0.537379484268016,-0.48966434097412,-0.498923221544842,-0.28964821250877,0.0757815110155835,-0.0502047415953757,0.244017403263121,0.545835636943908,0.684946494820321,0.58338121922896,0.763766329171045,0.555281800112699,0.68174795028221,0.324120036970376,0.430911768059516,0.0836646561051259,0.234865923291939,0.0559784493232798,-0.408642750113553,-0.0812236139780524,-0.59050390952667
gene191,0.427631138161023,0.681436821249789,0.371392305086583,1.01148896072332,0.599320469953252,0.434407581561959,0.0066846329385387,0.235436236760763,0.50084597177588,0.286484166233328,-0.0577502591203864,-0.578416995754222,-0.209889615492836,-0.476316667973785,-0.596364012628961,-0.0898190481502962,-0.272784222877706,-0.223974370158029,-0.422625211439017,-0.250475138571491,0.0477274151893905,0.281571334043481,0.253863641074924,0.623095237983214
gene192,-0.0257212579392414,-0.0481617727104119,0.0204631814391952,-0.0792960094904892,-0.203602668431883,-0.316204392469165,0.267829978147309,0.652989994427361,0.933594449991563,0.806000513232409,0.899832404078584,0.63589943304967,0.643497049192729,-0.141383080315986,0.447055759173807,0.200092521647454,-0.407323800378706,-0.533671047799866,-0.887342778551089,-0.547348381013747,-0.620254204570049,-0.921705329724875,-1.0202185966743,-0.582510396483375
gene193,-0.68073431384845,-0.124851532668416,-0.610019681586164,-0.533329923991015,-0.277421749721702,-0.302545073408669,-0.307648964067296,-0.091427923360126,-0.0816474970301232,0.167418455899648,0.365918027027549,0.500135730972291,0.52442969650797,0.405109936178949,0.521549077456308,0.442105044985816,0.281040670284634,0.0384413687764507,0.175799088793456,0.0552705947139132,-0.0159479484536114,-0.228270113907915,-0.387818036014321,-0.516534222044361
gene194,-0.754569149876423,-0.907541643519353,-0.742179283608177,-0.461308994331882,-0.757458556120893,-0.612795391443154,-0.967777012920003,-0.255798255490239,-0.441966218129892,-0.0728723197772053,-0.0314510141703441,0.557110650418569,-0.0436822583380851,0.435106612038877,0.71474949870128,0.534408970125563,0.956211428404357,1.14214865584298,0.931080881645546,0.754714750634958,0.395295714779224,0.627237532136975,0.0347713364642168,-0.123737076525691
gene195,0.213850249120223,0.287963343222691,-0.0481049759895072,-0.304459297522711,0.220159003302386,-0.21798050779833,0.311287951312124,-0.12572460058163,-0.510474379719997,-0.324684380840064,-0.561574669761311,0.135251198733257,-0.696475044304637,-0.256960998244749,-0.395627349401055,0.0073193875773202,-0.270353334775743,0.373423002260474,-0.0654304848797627,0.0996302007132883,0.48698178570391,0.734919880156867,0.696597592800227,0.585031218822824
gene196,0.632233129256675,0.48246582035947,0.452261110400107,1.10484343082071,0.725014673959556,0.945642310017796,0.923264542636143,0.449028924464547,0.631872439336678,-0.0422915263061259,-0.112827677505959,0.121040367799043,0.481193585361313,-0.80840822176626,-1.50528303638149,-0.902001599264385,-0.966547584259858,-0.398857057496357,-0.932233502900771,-0.719479683768623,-0.199129495360501,-0.381336710564363,0.176781850387734,0.623506335846058
gene197,-0.162137779297499,-0.380017714575953,-0.662282483154777,-0.588678371504498,-0.298667688482004,-0.531421453473908,-0.939587174832972,-1.0459424140464,-0.71402461377656,-0.677414997158797,-0.581266898356219,-0.24284962921645,-0.443688174463173,0.214649107337442,0.676874228638041,0.377619643226984,0.476325846334076,0.713092602267168,0.572525741217966,0.734937543471057,0.67007915024786,0.549206406785448,0.680558588249304,0.040601283814396
gene198,-0.720840646512691,-0.679800630213424,-0.74105801994811,-0.80265585810819,-0.768539821525648,-0.68649072363131,-0.605714591178887,-0.276804464618432,-0.314363814019954,0.11461981704214,0.197970886213968,0.24250274981595,0.312386507961154,0.504473011775123,0.692919759595482,0.653727812571377,0.355937605367396,0.563294647865546,0.369221694567399,0.476370710958531,0.360223535635093,-0.16089449290953,-0.36126706721153,-0.143325660300468
gene199,0.07160237526919,0.0074888270738768,-0.158179472313368,-0.391173514031708,-0.186482553750255,-0.494531697041021,-0.531937508655477,-0.886328093004597,-0.229102781149426,-0.41813093700792,-0.738132523127062,-0.483024881020337,-0.292654500795077,0.584988275245072,0.16463271695314,0.431519587182461,-0.0153287301346479,0.273142821786895,0.229434748408689,0.435176601776561,0.751571802874311,0.064207646591302,0.548471392131567,0.295324584627205
gene200,1.04659592905612,-0.607587437055979,0.566366396086434,0.976013812835906,0.352930080194828,0.200309124778097,0.358099417982253,-0.386573366521769,-1.00198422899454,-0.971358863038443,-1.39041330754621,0.787580683562796,-0.491217313591363,-1.05243503543354,0.309092361400585,1.06868917371342,0.443792300995604,0.165696572005558,1.35123603035264,-0.0451784671715938,-0.84841073390489,-0.951940176288941,0.248585433445087,-2.07690042956939
gene201,0.25580601727598,1.51278947521588,-0.699337152921139,-0.0715869234124931,-0.96848618223661,0.0735611116244577,0.361658763546693,0.725943259090144,-0.0427909564650204,-1.01003030499778,0.482459061531382,0.453906036239402,0.756286024887811,-1.12374490157887,-0.647424998915134,0.332916132164181,0.188938837379383,0.009265098213753,-0.392032929692292,0.728338461721116,-0.183442826135488,-0.999350019566179,-0.249969848139129,0.39087066811211
gene202,-0.745796479767203,-0.51745932173643,0.627861551105666,-0.0923147808667527,-0.427523940274983,0.0546230650790115,-0.384394372917279,-2.09955343445826,-0.939965608191599,-0.448340865801596,1.41761251781573,0.109450222742393,-0.124997004815122,-0.155396741105105,0.456440506084234,0.019987026675793,0.41841149931457,0.900133574520584,0.122461623043808,-0.109739885543602,0.33257731969721,0.309528496035926,0.244931022027063,0.0259368614302949
gene203,-0.516350554456139,1.20687009430694,-0.534211162166311,0.973315150110429,-0.16069949903346,-0.510587097808044,-1.36398315197094,0.0860539927127425,0.213974707178374,1.14492741982049,-0.972325591071191,-0.584009882000826,1.0240538730704,0.204724157958615,0.955304449132165,0.71767930436199,-0.894423612710891,0.899057310388716,-0.911727829563277,0.323398452718151,-0.553616437152079,-0.465484461276728,-0.19083212260713,-0.312931477419707
gene204,0.762888072995593,-1.90470759977877,1.62607462648851,1.11724262366862,-0.312798895977161,1.10020287229551,1.24524663676578,-0.114797695742636,-0.0627377908160051,0.809294953142484,-0.188182139866529,1.35923551703965,-2.12812103181228,0.824768176217436,-0.0664103588984258,0.307967149408008,-0.0541316812344042,-0.395212346853164,-0.895440109202,-0.239883436987124,0.451094564431908,-0.738397273025905,0.557761494612459,2.19958229371416
gene205,0.0062673440484232,-0.6606970713345,0.0104881064224296,0.404715703943873,0.0527053282379142,-0.709753362302009,-0.118380447400483,-0.283821256567245,1.10729868906496,-1.18945646287735,-0.353069554708378,-0.851463134449117,-0.709086417649059,0.508946565310727,2.48131005121574,-0.401473176002871,-0.480687432537249,0.711964580270793,-0.4641405442318,1.50601993232519,0.281830398933475,0.351268428283979,0.437710868117102,0.513797505698928
gene206,-0.702680361543608,-0.311876892090961,0.398853920250149,1.71548877001044,-0.358040490302581,0.0616518512742026,-0.290635834630345,0.11249731431033,-1.29882317602478,-0.627901021062829,-0.173976272770288,0.690242388629644,-0.819468950114582,0.200544675231362,-0.978890506400008,0.340658455811807,-0.434850128768813,0.827010855240281,-0.161745736204821,-0.0640820721939638,-0.471841229490443,-0.754147937563858,-0.644997620538905,0.348106974617787
gene207,-2.25173209347344,0.635722949981409,0.907172951083167,0.50550694887489,1.19780221247754,0.694387265557564,-0.276466953244524,-0.946290346873712,-0.330090577803497,0.36208817747236,1.05427393777594,0.136839586536251,-0.575379871325468,-1.21867879351083,0.300896938274576,-0.324951434057841,1.51959848794719,-0.33392616820563,-0.560669243137583,0.205022003169663,0.55502193073021,-0.0811105329308337,1.49687576403324,0.0696837610137898
gene208,-0.638208264700435,-1.11311401153508,0.890511298559579,0.792300173749259,-0.123952447947593,-0.368541562617516,-0.767703594657502,-0.333112636451004,0.261288516524247,0.153444779487744,0.250307823317948,-0.27889057466325,0.07549760699298,0.757725148611675,-1.23728882869632,1.06842150098451,0.0401112868403838,-1.55409060852291,-0.133067405975707,-1.09619796300126,-1.36638899217654,-0.0327886481822782,-0.196317578326716,1.18554577639785
gene209,-0.658037160784878,0.0004585096567444,0.298129769323263,-0.172425369985891,0.142538651720168,0.424050837994107,-0.862900067155793,1.80093420093663,0.542477340160426,-0.741326957850422,-1.86964912450527,1.07727203870375,-0.242642001456697,0.974288446100416,1.35766655153689,-0.0173234609426602,1.83011090503142,-0.0981011760745553,-0.980013031845181,-0.278256502699999,0.276268936562033,1.00392481707902,0.35080387174949,-0.143774785370847
gene210,0.363680675963732,0.799476829852274,-0.710953510848124,-0.733292783974055,0.0702418729857208,1.02488313283549,0.0248506645261048,0.14526795611976,-0.655323237020721,-0.271025991888949,-0.483902546365256,0.164450164723747,-0.57324631003829,0.243554199596084,-0.320058934345295,-1.05318032682693,-0.381970709700717,0.267158246793995,0.661388407491436,-0.431559361366512,-0.225573547977793,0.431092698219341,-0.656841143687581,-0.0005071254191616
gene211,-0.347566840007268,1.83938564173817,0.739930048823449,0.01926744181695,0.709150766273938,-1.56179745286781,1.22144064486099,-0.658643209208217,-0.195645822111007,0.542745197059872,-0.218465228792495,0.920189324286667,-1.24977297504717,1.41537496708895,0.0812918210500725,0.364418409965699,0.216234660662456,-0.577168287344882,-1.30185255753306,-0.886307600097468,0.233713968680899,-0.721227619228858,0.101564972784859,0.0575670621450945
gene212,0.901843176339333,0.890906344491752,-0.168032190948928,-0.562982688827115,0.0550595241993216,-0.354417266975993,-0.132705227980374,-0.591165978661533,0.868152547776284,-0.319374674356845,2.01161632321708,0.846849970015208,0.0843104522906357,0.136826592391405,0.187190321122626,-1.17602148215858,0.0792856244701545,0.0894607645514436,0.403112388212672,-0.411207411071482,0.92127107547312,-0.899076948335855,-0.803412375098001,-0.423272208250192
gene213,0.184862047753326,-0.153868402469226,0.49608296247608,1.17667104393633,-1.12760943360545,-0.670586741064877,-0.248765151808276,-0.53067051940828,-0.093852642629427,-0.497901579770608,-1.51438941489439,0.795067744325451,-0.943645779768081,0.583882080843863,0.246710989137682,-1.64319178556052,0.354973517342387,-0.409473927359361,-0.176560427068809,-1.27022699920449,0.306372151460356,1.36753484030592,-0.185791511681488,0.0833671190945321
gene214,-0.672754776825265,-0.236455442221173,0.241332737884857,-0.507647870402356,0.52379245071261,0.0249746820085813,0.5383771987826,-0.809089254705005,0.75294332807707,-0.737013427919122,0.673240290253393,-0.0190664860293585,0.581878402305049,0.588341389533936,-0.755377736636886,0.0133365664681758,0.709046143935831,0.89084750543295,-0.131246144934148,-2.22582352959628,0.0722678717666608,-0.580573296515355,-0.259939590196819,1.02159323485985
gene215,0.299931915376411,0.287560971269931,0.0830539767624656,0.317081894210493,-0.331532583476188,-0.190091342855494,-0.35900736762062,0.462999939308565,0.187889683539199,-1.16288599644201,1.08446160798423,0.468175248150368,-0.84732790277801,-0.362960562357217,-0.741073414896926,0.53467686399186,-0.287126126307496,-0.440797590840359,0.957796286230829,-1.34851283598779,1.97569499227892,-0.272736669554008,0.2447634342477,0.795360144108076
gene216,0.663105721822678,-0.0186826851896452,-0.0375782728355453,0.793843167489338,1.18940129785638,-0.17795530081387,0.0510092815278739,0.869043814160806,-0.540855236636211,-1.2019190903219,0.158380573344946,-0.55352881388087,0.15169244113817,0.490543476263238,-0.638821352806593,0.36683525401209,-0.127617867109821,-0.156671432800511,-0.493995618880434,-0.157975880430908,0.227909969024234,0.289427175504164,-0.50502719592407,0.393466394298513
gene217,-0.320426368708398,0.277601230626701,-0.412566619399427,-0.147927270842125,0.834197108766174,0.498927458762542,-0.588837785328789,0.137762956474625,0.31585012297982,0.980291216773525,1.53290854702891,-0.0702179561805179,0.368983271509,-0.0984940738977514,0.444339741603197,0.631400219677179,-0.229226912194441,0.308284878163906,-0.340553189358263,-0.177218005999948,-0.504550956265789,0.72612192488058,-0.0593458033293554,-0.358252241737672
gene218,-0.277743691241432,0.328899948640069,-0.476972189771786,-1.10421829884092,0.435490990670216,-0.442491509051151,0.660391031192882,-1.02320264757759,0.350724267635205,0.874596325783549,0.434135555038544,0.39241228260296,-0.771441962763909,0.693010557961172,0.0830105687017809,-0.891080912714961,-0.325122554011664,1.44212567409315,0.887177080622344,0.077959599653498,0.897400203148273,0.970547634965115,-0.29592061163272,0.0737728390268098
gene219,0.175722926314928,1.12443004776958,-0.230891463154411,1.57454426614012,0.951306317965347,-0.0214240242349571,2.04797815839867,0.0464476075183737,0.491486904021587,0.534907413692013,-0.756254845461691,-0.256120046075644,0.113810736932022,0.340412281235119,-1.15880708873872,0.430660477666676,-0.508988921388078,-0.417036635186483,-0.0637181102804574,1.64029643507666,-1.08456753931252,-0.0533122082142471,-0.264335285788378,-0.0745836515187981
gene220,-0.963721079664304,-0.186170516104683,0.0268362486185619,-0.415122676945162,0.406924135675701,0.592409664462334,0.54426014090592,0.957178159232987,0.30066778606109,-0.0741425836397748,1.32710186272778,0.395649322416347,0.27540185570592,0.267074066198338,-0.0232283618094199,0.56810716193481,-0.7171393908085,0.286148550010721,-1.38484686183885,-0.307661785341983,-0.477799592297242,0.988535065955967,-0.273881727289486,-0.262733439196174
gene221,0.663437409192228,-0.691379920149898,0.526483967035059,-0.926948047693052,-0.0401183329796896,0.249789479754832,0.256482995113914,0.394427139607422,-0.0115142543151399,-0.875822037387895,1.61356615137837,-0.550997469392306,-0.552392937932361,0.834691378106408,0.25403623721472,-0.803414703441357,0.611369402366371,0.606593665090611,0.0321576619298086,3.26458211819442,-0.414819153635862,0.638866833882512,-0.248566380044245,-0.16080992398346
gene222,-0.0890918222615532,0.276089209426923,1.28204102958848,0.104345490424249,0.453982286387379,0.50747288346234,-0.759032247767375,0.0352909449400061,-2.83080815787632,1.21032454992521,0.0878980871480566,0.026150232541924,0.886903608950701,0.622139736652998,-0.162745763984947,-0.389746179838916,0.1316908789835,0.47932264092182,0.646674782894968,0.455250055494948,0.0537226053421202,-0.203775478977053,0.107194972625113,0.435955793177782
gene223,-0.189208864582143,-0.776631758783744,-1.05935150741059,0.771602799624178,-0.395167956328349,0.352956962570089,0.326677624805593,-0.54258050332658,0.528740871541168,-0.868548476984927,0.475408155575295,-0.31970228667983,0.856172259406144,-0.988686491910364,0.414929030923,-0.336017636327317,-0.23713241086515,-0.343683787048799,1.2939628641857,0.709480349725849,-0.267238062975467,-0.478112942895028,0.485428296708,1.01886999157192
gene224,0.116096242942173,0.701314195697215,0.841919811340304,-1.17339811832336,0.586912821684062,-0.384967488882963,1.86066392344167,2.72760094207354,-0.297538021755537,-0.093241281280911,-0.45290379780082,-0.888824295472341,-0.936827286389321,0.0545114734977647,0.847835011419208,0.579142467514786,-0.770800349090926,-1.30651872533103,1.38631496206513,-0.422820719583815,-0.0812424065785857,1.56416762456765,1.54490527360545,0.217221611342546
gene225,-0.941120163894188,0.141479362584055,0.999995321639321,0.993387000676776,0.704055267812818,0.555373178029231,-1.22084092763508,-1.03031683504039,-1.73182264679958,1.05232426902246,1.2614203947428,-0.511874772025902,0.0978391788623795,-0.417911819952614,0.315709271463434,-0.729809960501002,-0.630356056919384,1.13572661910643,0.551480667977829,-0.560896233803959,-1.15807309922757,0.428933769732489,1.14042777456605,-1.33448752263495
gene226,-0.466448473687106,-0.504075615367669,0.0023089816251707,-0.169555422370161,-1.60946862254163,0.851676850430471,0.567689535115332,-0.0668623392445872,1.22838910097561,-0.518319198147813,1.33906063988231,-0.647823009541249,-1.62490803857642,-0.696446173094356,0.139664203805608,-1.65015970696917,-0.453286254952761,0.412845834952902,-0.803628165836261,0.551214574706061,-0.217531607250623,0.375072801329775,0.017697037781218,0.291448493172836
gene227,1.09019986718296,-0.805647323698896,0.971741038651454,0.0026696146637738,-0.160777896988463,-0.159734615865873,0.0772913654054885,-0.389691179453883,0.540336895874773,0.624171757406781,1.7465580745946,-0.242628163906897,-1.05484737714491,-0.114518842115332,-0.0315077693355226,0.684572227049565,0.498928022805744,0.0296471928630217,-0.537954245622939,-0.196298588590096,-0.127477059813252,0.260753035323605,0.431850395397442,0.0030965982065458
gene228,1.23457137037479,-0.159894000493136,-0.329715632237492,0.418211966355014,0.121533861861694,0.357307261378582,-0.0548045061046348,0.119872357062997,-0.0530787452375266,-0.537958913560724,-0.402182442068657,1.21617240192966,-0.903468314772803,-1.66484265125606,-0.428780596925785,-0.0274505472255316,-0.570825054524186,-0.014340435766363,-0.23264357140331,-0.345829601909895,0.0509767629954063,0.48702612952015,0.97790365240669,0.60683986318898
gene229,-0.150000702989042,-1.69942014574259,0.622268460315805,0.628553004128188,0.263672310540401,0.0172911050894223,0.0938800126094974,0.16508505932774,-0.772079469654582,0.074810068818964,0.358666809595633,-1.03244804370691,-0.139582592949693,-0.255275044739841,1.05894171781647,0.398948100926075,0.0101070900866424,0.444111228775378,0.0346400044920996,-1.31746547954939,0.687735793615019,0.48420155163037,-0.0971265945656961,-0.777055365318014
gene230,0.73015089464873,0.184108654889665,-0.539504216814931,1.08015932850996,-0.334994137335152,-0.356100124562137,-0.815832687084401,0.532160644004298,0.814444674765718,0.294540536330058,0.336579277086197,-0.777733281745109,-0.293150771256383,-0.190811614418422,0.35085532841341,-0.707155864771207,1.23162038144032,0.327975282520423,0.374574692380111,-0.195647720141327,1.3550137116219,0.168240990875645,-0.320244132983924,-0.461239059847213
gene231,-0.47042860240389,0.706288206182966,0.463638917711461,0.448378635088759,-0.608364267129521,-0.900137946805947,0.278558381321723,-0.847110674913929,-0.410620422106726,0.971429393633251,0.622183243446111,-0.0763754690452943,-0.457949893974158,-0.428926683011985,-0.146567289807602,0.150977752399674,0.0142214277395914,1.30089024038614,1.22045511963261,2.73817960015388,0.165030195719486,-0.0693421635117342,0.826326875764468,1.12491709418997
gene232,0.270211932402256,-0.762877792205305,0.736594748138009,-1.13667074551172,0.935567015544693,-0.238440534419925,-0.257174166715232,-0.32655082075437,-1.54985306386951,0.101617101127252,-0.800041680772165,-0.205048307657475,0.77907431891099,0.0492230042805905,-0.105690730139736,0.134396990154819,-1.29390923201827,0.422468361083453,0.160516163952291,-0.416880429491998,0.576257336443671,0.293307379425929,0.0850545116951473,1.32158022806492
gene233,-0.557472858345434,0.22868109007743,-0.532378570109844,-0.328943826342226,0.110800702018244,-0.894225566182099,-1.18151566063461,-0.334252083899013,-0.0042196489116445,0.233097179190279,0.172082682428979,-0.613338106599424,-1.27864635516109,-0.0936687665359748,0.0048718192094157,-0.819015965026671,-0.0449234471077602,0.7345224004024,0.0391880477192842,0.743249734557744,-0.194057670354232,-0.0529503038993096,-0.53739846946044,-0.0953816800875656
gene234,0.321132841904749,1.19185990542,0.744962824894549,-0.182145801974437,-0.603148278384967,0.668949138973715,-0.0515186554697045,1.20066524805532,0.666379612256377,-0.800622419230082,-0.801940127155269,0.813792423995978,0.453357490527607,0.813757748584288,-0.0168805828358845,0.40252674040946,-0.0977492424467798,0.219462498657259,-0.454725502163955,-0.0291090244188042,-0.185983064108039,-0.437658164356625,-0.0059870998993146,-1.32196067655184
gene235,1.44127645009751,-0.707565709309484,0.114469667147394,-0.310821369328966,1.2393871859679,1.14315263338991,-0.312517854362015,0.0619803257376494,-0.350758452345176,-0.04545862252757,-0.535585933977355,-0.565874386978455,-0.688980239275305,0.673054862993723,0.787089637486266,-0.0349031132669024,-1.29622916093751,-0.333209792685918,0.943224956676143,0.614638874106151,0.903736799647502,1.37110196569571,-0.0154724783581035,-0.594370415750028
gene236,-0.322064890575585,-0.0518165649355718,-0.61620407401583,-0.493543880428119,-0.616488760435106,1.08637442537532,-0.038681438926243,0.0314388000182011,1.32085041803766,-0.202559798898972,-0.397928380839028,-0.791945309743554,-1.00215310711944,-0.85795430542786,1.07250883533236,-0.518105242610618,-0.556555595891919,0.0236561052694243,-1.10915115964195,0.275746109571239,-0.187079188862572,-0.220720352448226,0.202441270511082,-0.295198726208781
gene237,0.49165459085823,0.239907194729449,-0.0724051757836135,0.0991660532419872,-0.457948838261998,0.569669691824379,-0.495269722052911,-0.887312791720492,-0.530513691755881,0.434533646490467,1.05964288949482,1.33568065044593,-1.32018896462874,-0.714292596421767,-1.80119273868404,-0.629504311199193,-0.672077553520198,-0.0553358854440261,1.0318628574395,0.0130118315847711,0.265589702956043,-0.30513813815962,0.748481206330613,0.696647384521402
gene238,-0.40062529099653,-0.425355000118624,-0.38999391326477,0.278151147577636,0.122764784809598,0.153397001142969,-1.73425524624067,0.629794278693761,0.424008308985676,-0.599443914099089,0.268881842253089,0.285073799710117,0.598027211157474,-0.700723587545268,0.126224440401078,1.83040531079885,0.43091744062133,0.703335874619147,-1.05069519546058,0.271504794655958,0.344739836711736,-1.11710160515552,-0.82097472112863,-0.410005279347956
gene239,-0.537615001247831,-0.556503633448447,0.920424614714528,-1.0699536453121,0.583506545223376,-0.566334655207254,-1.54578662074886,0.678529117085257,0.0620373332905657,-0.630998953847414,1.27628939922995,-0.825207550785642,0.0043695279752397,-0.533460714026404,1.4088458562762,-0.314823754056258,0.0810585795656837,0.415870437599077,0.916400089695266,0.304025561279812,-2.46903821681443,0.124753493612401,-1.48100171036407,-1.1663056388961
gene240,-0.106658322050601,-0.832181381327523,1.32079428183083,-0.173278318696558,-0.143330478829969,-1.51601435062361,-0.382562915768471,1.74896901840753,0.287196642069453,0.43291553051309,-0.279289428029102,0.0300993608527529,0.236928246574633,-0.993584977863203,-0.517252232573966,-0.0086573226417828,-0.509583093099473,0.31942934681895,0.156656784082611,0.936109170942954,1.47032892625019,0.554222159266118,-1.52562416531331,-0.169182122163424
gene241,0.885029033268003,0.682807519315377,-0.348540961716842,-0.741783721735652,0.815956696586454,0.804056146095577,0.687538445537846,0.797021612139893,0.689074266941994,-0.908991157876447,-0.750881626012,-1.56498561046198,-1.88516030252553,-0.686791654086155,0.0313325642507843,-1.02001768575083,-0.302014677521357,-0.229488868766385,1.11644502110624,-0.163040331267679,-0.248810594458628,-0.895805520051113,-1.01640229025926,-0.159447842744302
gene242,-0.343411445733026,0.293587675269894,0.0539960823653287,-0.773883532031613,0.0118210081157952,0.400101004297381,1.00040597148159,0.625058190553729,0.230370616994448,1.14768926391278,-1.28449114932191,0.941394588233924,0.166904201554971,-0.790865731612024,0.421866035381503,0.46541372721399,0.428510156177661,-0.901435464312651,0.311953649485632,-1.14076493270379,0.32623411740315,0.419832130449246,1.17621601522731,-0.0685660799173147
gene243,-0.244340360896727,-0.241730162546392,0.179271308427188,0.677873394461947,-1.06516448462293,0.25585277863842,-0.681384664761035,-0.428365311557697,0.505409979119476,2.34394100440755,-0.519391630561853,-0.0236840959494784,0.566299986035308,1.03616101448977,0.271223850323083,-0.642576904667348,-0.162440432917736,-0.782105579454379,0.685306304974285,0.203828789371593,-0.438461584160522,-0.531491049053067,0.608393098393543,0.49687259920501
gene244,-1.01882820288483,-1.57079665815934,0.870016313919918,0.339466509804555,-0.443186508847906,-0.34836510085679,-0.177905587376075,-0.300196349510639,-1.45317751294758,-0.615782083091231,1.51751514164709,-0.573913239516469,1.10575569020727,0.895473616153143,-0.343907595058103,0.67728482106342,-0.207914042045937,-0.241361319586215,0.0559141294520289,0.780149656453296,0.724671156815905,-0.613265157946412,2.09904801186752,1.69180119314458
gene245,-0.68128988216904,0.255946369826092,-0.415182010978386,-1.17284114269769,1.88196162369208,-0.553915836147984,0.167839401481365,-0.620446348247602,0.263636853549695,0.663776482174281,1.47985998652439,-0.0250760240577129,-0.532523555240199,-1.18234720711176,0.716455511961753,-0.941700825005345,0.336283925539059,0.229673134905484,-0.136116650004049,0.480341772953438,0.0744543866157997,0.221388471503226,-0.272381332816569,-1.72910137201293
gene246,0.139731056021467,1.88969636851263,0.426403374492156,0.2227982939608,-0.367448560707343,-0.502355196206581,0.951278734465761,0.26270357226935,0.0693496575726846,-0.822323230648832,0.73029336082915,0.521880792193733,-0.690045060662239,-0.94646755252223,-0.128842643338792,-0.185657712132894,-1.18275756931939,0.22326116231179,0.496425558930484,-0.556854387439942,-0.284663047265028,0.0564241182322672,-0.0817669592571325,-0.584828014901254
gene247,0.220324371687235,-0.496202899185911,-0.0984770742013781,-0.318140083892785,0.226642432028492,-0.725724192485368,-0.665414256827711,-0.624704512777427,0.903523282488781,0.334922011013938,-0.0556574191924717,0.364577857684029,-0.215734530283423,0.821110129934195,-0.901798276336066,-0.390509444291968,0.585117384217148,1.07581455386278,-0.39102226522451,0.507256990009811,-0.58437892988788,0.952203140369116,0.800290084337446,-0.963159782731236
gene248,0.538221205079064,-0.817334023282927,1.27545063167917,-0.414749669327311,0.653754458856816,-0.30138149051623,-1.51708034302567,-1.52926548851888,0.0526655975463933,0.358290931441598,-0.0766709807496337,0.479303105957815,-0.0780691500217888,0.157720059548942,0.0707137340055455,-0.344988812571828,0.0682933826773069,1.25149589014103,-0.89500902059508,0.248628078992012,-0.645061199171178,0.360272742607245,-0.109847736558531,-0.110990189028744
gene249,-0.104141623596529,-0.0427761457934758,0.311300077800463,0.787069009597497,0.320832537004196,0.0793353950665852,-0.427318059280406,0.329551337517587,-0.22601002713983,0.421197333807916,0.524945467159025,0.304804998108435,1.57330307870856,-0.861753045615911,0.911232549623238,0.78241008502445,0.0911517444114253,0.344072581031569,0.630316512456356,-0.674029724799676,0.237550360421999,1.10720796965742,-0.380208488778483,0.560603380295525
gene250,0.440713704200032,-0.217097408979614,-0.374411492088548,-1.07776918005409,-0.0559411943635164,-0.22339609710266,0.658236959245687,-0.26027390103736,-0.370969309127808,-0.616623596843709,1.10057738529965,-0.183497950278134,-0.410694854675702,0.0294884336963572,-0.342692900034249,-0.665944090157517,-0.0751696260902905,0.207994829796302,0.133522539638439,0.664894245467673,-0.421663661288001,-0.778445044038012,0.0367267168062636,-0.231216894524928
gene251,-0.999101575894434,1.03084075003528,0.0381531597943044,-0.471922351924273,0.0256446618719828,0.488077735960904,0.314256224829587,0.692320759377138,0.444433553592708,0.297652064218362,-0.57474468356038,0.223890662669458,-1.10579212607347,-0.264427363286199,0.322364481150093,-0.944559642625042,0.233005371552921,-0.0504275569704171,-0.648177445978639,-0.454401221941342,-0.380347633930017,1.69526230287857,1.23421285703548,-1.02283043874765
gene252,-0.389799156691505,-0.0217224085895045,0.142591007885702,0.804781962673986,0.571430618883672,-0.447474866530753,0.254577613727102,1.79787163671646,-0.4358556746543,-0.608946864931136,0.630199759811182,0.981486091140974,0.837885402982487,1.4042007710604,0.0431782489693378,-0.746565780552127,-0.078319768144538,-0.141646037129314,1.09435325625015,-0.829773034760618,-0.0599229625793772,0.825740813484074,0.830579159430647,1.79564525680591
gene253,0.0386236832527253,1.71433288016405,0.0681429858647099,0.645127304646637,-0.622422803538753,-1.87093449808239,0.221275215226705,0.523591880715619,0.513772629591369,0.125782862006667,-0.0504493659279158,0.0217738766037957,0.483714467935313,1.54635646287151,0.440337696388226,-0.0681063396480482,-0.453996209706873,-0.125345673789174,2.484608828351,-0.212834783457138,-0.331890499751372,-0.493411268035491,-0.109685531557542,-0.313173852485263
gene254,0.199314054195873,-0.628550481147547,0.670615830490348,-1.09229404599287,-2.12368460121943,-0.454201695456589,1.11954667458804,-0.878598374751749,-0.367914137916846,-0.829293773936859,0.451947067047156,0.0573972426489376,-0.0258995640124893,-0.501411986135719,-1.12150857855152,0.804555130821254,0.696915126635378,0.532705997937137,0.780918472688554,0.839247748989327,0.695816868872789,0.285179936327638,-0.675755268902177,0.659641750560166
gene255,0.277653614063133,0.37090239658228,0.635230091748878,-0.770551724269665,-0.747993808947781,-0.269080883351467,0.577371515312403,-1.28793385993846,-0.940965309754629,0.576321237727414,0.0804730604926752,-1.03727231319956,-0.950597027292684,-0.151810818308833,-0.263013995729653,0.172512194487674,-0.487194837929807,0.315708300069505,-0.366844746049763,0.563307315742333,0.036944937073693,-0.541575678395152,0.0374288026179401,0.633141373520559
gene256,0.038748843712925,-1.31203457013756,0.0894097292064916,-0.631781489572493,0.402334514848178,-0.711574454698191,-0.422544181145551,-0.443187365935732,0.597983392119043,-0.246987244537946,-0.0713284973634478,-0.547044298041844,0.316938254509713,0.692861572035469,0.966016280010007,-1.1640928047543,0.751825297832628,-0.792596596451746,-0.0859138893941151,0.0608776492851759,-0.352920309982757,0.0912601194138599,-0.220853425311081,-0.402214066969201
gene257,-1.12500087487874,0.971825477100746,1.06295073746654,0.505861574744609,-1.29316543426458,1.93393650151517,0.72891719069514,-0.450025667812168,-0.78514733361611,-0.059596465895335,-1.13643837094264,1.0354791923538,0.0010449940889833,-0.635922499458629,-1.00540106179078,-0.775079216705291,0.560463592362057,-0.696820212839212,0.678571749545407,1.32952478371081,-0.853730503881625,-0.0917689190314482,0.237150520280972,-0.466112370917742
gene258,0.0753626636204225,1.14031113953112,-0.904078903245385,-0.560860356721883,-0.252615283293766,1.07695779776143,-0.0447816079488411,-0.152816068706463,0.805483869978322,0.724155000858866,-0.926131595789483,-0.0404331020207159,0.55953876273482,0.649143568953303,0.712959806580816,-0.506666316446663,2.09484576247989,0.577873610292087,0.0809334465559366,0.104900051033261,-1.11292221173283,0.820502463592389,-0.472637498514203,-0.484980675347174
gene259,0.879071693670088,-0.676547265396514,-0.624596823274189,0.914262310583007,-0.0102783345080144,0.741900407113997,0.607473660204672,0.110293561533135,0.977603963492075,0.549962834224334,-2.19013215629655,0.316063823904532,-0.804757768865326,0.409147002952641,-1.00118593158536,-0.300982588459208,-0.201152054744492,0.676162173960168,0.713521720436761,0.662810760919493,-0.180589164306781,-0.301881044600189,0.466439005498357,-0.432564552236215
gene260,0.830908638009297,1.25131671288285,-1.88374905776153,-0.954504682667941,0.245324211505799,0.845224848697503,-0.0866667152443844,-0.490768036437837,0.425366906550479,0.258354160471627,-0.0340886928861591,-0.783496058396237,-0.111194195765203,-0.590251423671137,-0.254016178545239,-1.37659101748166,0.639067880542981,-0.405787815956742,-0.963380523454373,-1.48853411871973,-0.642653093694656,-0.0052681004808104,-0.280738373605029,0.703310757650116
gene261,0.0671712565378522,-0.17343760182026,-0.164839533612117,-0.39744525655856,-1.15473261251484,-0.649396743246325,-1.95659799752689,-0.561785462422179,-1.22988475842567,0.94630696746787,0.335715560290465,0.238266907386774,-0.546608699375561,-1.12179680901403,0.380434491172028,-0.533486816200077,0.57523512107384,0.110231247496663,-0.403620462345538,-0.173468652605229,-0.465453255375399,-0.546802633436173,-1.69973036787723,0.507291588120626
gene262,0.578201213971838,0.0568535941471833,0.30728797217615,-0.133164761413105,0.077718928210954,0.494340114383161,-0.455772707558266,-0.491362685637699,0.580672360080252,-0.182629170673489,0.31228983467244,-1.09812021101261,0.019422297699891,0.988223343562282,0.0877979605214976,-1.467246648009,1.55936145510047,-0.193485879940674,-0.158500420894935,-0.114478514686114,0.192618835022149,-0.177682126481701,1.65167611152815,-1.08690521954133
gene263,0.327628865404354,-0.324506240049574,-1.03572244862587,-0.359135507180825,0.159492773198801,-0.690873727318195,-0.897963344434454,-0.737332759408733,0.396694441672308,-0.672285919050508,-0.366531249775243,-0.132939425032155,0.188718708788534,-0.149406270986986,0.579237182334343,0.0488566420648588,0.306157525691036,1.93108439864266,1.00573118042944,0.105495748193629,-0.489739085811308,-0.350165588613871,0.638705518487713,-0.948312227090818
gene264,-0.781008390472256,-0.144866727860798,1.0099680458003,0.271242046991875,1.02362671301284,0.0572944851719464,0.0318936967567588,0.186661488636046,-0.671308928384396,-0.40579135458581,-0.430395527597427,0.290841488819275,0.103569828679656,-0.0601373416373918,0.307195748281856,0.822679591882857,0.741931175263234,0.825689837953646,-0.3206226530463,-0.468684217754542,0.0596716222349691,-0.922844809147735,-2.18949749613562,-0.255808297176776
gene265,0.915564387456941,1.62360654087567,0.226773059444653,-0.32847219117051,1.15406830525138,0.878427465333571,-0.296014240281606,-0.926624490032801,-2.19189741563492,1.67707700938198,-0.759306594611472,0.385870457686316,0.452308750399894,0.207431088306202,-0.239041352186302,-0.239969437182522,0.794613097426194,0.667141811919692,-0.616422025394624,-1.26808787193177,0.336454037838628,0.321616469872028,-0.752929193015641,0.200542221708473
gene266,0.325493099974746,-0.43872957551646,-0.574584985705478,0.869121690820036,-0.0219136292025431,0.599022616596884,0.297078102243075,-0.0362619753184343,-1.28456481383253,-0.555101447140112,-1.24353580233761,-1.62298241355515,0.540448599054248,-0.135550185922371,0.601478231216923,-0.930756600657274,0.774660252796167,-0.298448674126465,-0.248016956544155,-0.305383309717619,2.44814911710644,0.126433010542769,0.716497733872009,-0.0115896731904023
gene267,0.409690834090297,0.72059856822228,-1.60327438916877,-1.03162020569368,0.656604478980834,-0.709425930177106,-0.358483586655872,-0.103750340598638,0.0285441897787469,0.462703252990522,-0.206188979552357,-1.23400964750126,0.18556123823959,-0.152252474905633,0.353406639957741,0.63541514607012,-0.896305112291861,-0.262935970402459,0.24552503095391,-1.21523636833261,1.12113139417927,-0.0617414209634682,1.49778341446153,1.44904607764694
gene268,0.167236113547939,0.197333812928172,-1.10706345794979,-0.586095651036084,0.657162818576054,-0.407624832718168,-0.534757923247605,-0.242525700269971,1.26734682442536,0.0461809186839745,1.26419528291078,0.514498275261291,-0.526492450693746,0.692213014247958,-0.43098969578992,-0.139223473518915,-0.194813464707794,0.743665226434422,0.279534140583224,0.812488822573286,0.200763932464187,0.328922698792021,-0.52797634697376,-0.735107427459164
gene269,-0.692348844224333,1.64821292329925,-1.22857692430341,0.81716172443412,-0.255462345019444,-0.669920202963217,1.04628943633363,0.0758612886369307,0.350975710249902,0.186292366300827,0.263386585625754,-1.03273939632623,-0.218421683665836,1.12602856798253,0.542882166023323,-0.426287742651505,0.75854078700059,0.223274426423083,0.418918317856428,0.0915555103833612,1.79925081252589,-1.05851985222433,-0.120892679747057,-0.257917294155934
gene270,0.27594116812921,-0.720912461696865,-0.188108029215634,-0.184797498860722,0.941000146157194,-0.0661123415290816,-0.612795862788488,0.148037525091032,0.110324208042136,-1.52906580710431,1.18774708393838,-1.57985315772947,-0.68654580895495,0.527287472012788,-1.1491293072491,-0.103768635020639,-0.664060463617553,1.77078958868149,-0.196492024093395,0.229322792766203,0.783541922165776,-1.16366516250361,-0.922295680601215,-0.899668947665513
gene271,-0.756287258582949,0.59207360377556,0.391180532755823,1.7723469056476,0.152124990191436,0.178046266558801,-1.65040612794633,-0.512490082466445,-0.909345196386612,0.185573670063191,-0.140160167840838,1.09594077153147,-0.357289812957861,-0.334359873048641,0.827997431630812,-0.6520988281354,-0.0979683799017496,-1.06866984264673,0.116315482764757,0.530564112344644,0.303705810010058,-0.245978831376958,1.92168435120656,0.175479238550755
gene272,0.0999807667450834,0.430120367424866,0.016467747024773,1.19164099091004,0.654468206746577,0.821355088223984,-0.0975716440291135,-1.42256850801796,0.274535073231065,0.389024057943834,1.08019428705423,-0.0184896222275523,-0.187565124973225,-0.183503615326253,1.83932338663077,1.86284621728019,-0.687417393212971,0.370758997740888,0.235686157119166,0.0276915158620093,-0.482026957906926,-1.93324205261388,-0.660608359773525,-1.24640277650162
gene273,-1.0968065809824,0.319276077289909,-0.394082314146596,1.18583800140018,-0.695186876078596,-0.286015663730756,-0.456793690253021,0.373747546587308,-0.542577799342108,0.0309141206297297,-0.297828455835425,-0.233506199386035,-0.0714463551881451,-0.249034658547091,0.326032850259082,-0.517335021465887,0.0298187167558832,0.753808670028689,-0.611611323988284,-0.327034575434587,0.114594961001463,1.08427650752534,-0.512245003614312,-0.806249749094427
gene274,0.588283250842152,-0.420433052035378,0.303007091423006,0.327561084565369,0.844211690879342,1.11868232057164,-0.256528361453025,0.0528823360705552,-0.659818339203066,0.445818265606281,-1.30741176142902,-0.0849623160437401,-0.17398630258169,-0.0787087601363567,-0.130670571322286,-0.147562371390359,0.0684683154393132,-1.07104322852235,0.634183532742334,1.05610729166716,0.627044763245669,-1.99780189227115,-0.801888377877748,0.0605958098229614
gene275,-1.02138733235835,1.0378172873139,1.10525944376107,0.35584272954053,0.855198902358057,-0.382602658162532,1.54300004427271,-0.0688097115221153,0.778818060693452,-0.801330287837753,0.772538800962108,-0.163350849462188,-0.934946773408628,0.388308313649872,-0.140481490680614,-0.337371253311111,-0.234165705588897,0.251522965736033,0.631757861308874,-0.494636670682805,0.77112996023722,0.476335353947874,-0.601304127426782,-0.148093589869086
gene276,1.69959912165564,-1.58893578490065,-0.676350558756879,0.22898725184345,-0.271930371265961,0.176372593329557,-0.722470228559797,-1.38670032900826,-0.114941677778391,0.801548787679118,-0.633350965221742,-0.271829056949493,-2.14889994488843,0.667079806223309,-0.0883210141846847,-0.591542985373226,0.190480457572418,0.731724487619819,-0.908797755394596,0.14431056839131,0.241730477725115,-0.873637703859104,0.146863884227934,-1.35454232883955
gene277,0.274140533940587,-0.299688645321456,-0.0732255625149901,0.592307312453967,0.114694146776577,1.42630723525622,-0.581064360988417,0.39045532545155,-0.926602313333245,0.449969518555998,0.296251131492811,-1.12632118526894,0.433482489611227,-1.1142399573345,-0.488377762375852,0.425636373283834,0.10470673995199,0.451408465591161,1.33016183640492,0.382150329764467,-0.200423545520718,0.0792481304834304,0.347469043406018,0.532156131048083
gene278,-1.15508845275404,0.398860569055702,0.155885579432576,0.0950909484141321,0.940673949380429,1.07058150879426,0.343230258198459,0.268999911237802,0.240162668987211,0.550319814784538,-0.155935116727043,0.153176876635879,-0.391183486973039,-0.878146155747395,0.878878845436685,0.708123263471957,1.39985308407523,0.255579280923351,2.9521754547561,0.0022948961584358,0.194522638674145,2.4079262325441,-0.0469919821492604,-0.221713007196166
gene279,1.25528378417033,1.78199488391089,-0.134665158005062,-0.135867139755446,0.55521755139069,-0.439961722343397,0.80204318742714,0.355715408977303,0.292587963586966,0.474459494891325,-1.00767293167417,-0.05013653272789,0.72888813768644,1.43332388203864,0.370674129356736,1.60404048376141,0.620410903900279,0.696249528507715,-0.659312981688378,1.23727717034893,1.65493273187657,1.34479702670657,-0.403947702961344,-0.530115503685928
gene280,0.903915702757758,-0.956324269968326,1.20350072496287,0.160884547826166,-0.351045291550676,0.715495756629303,-0.949757964910504,-0.0676615371847688,1.01940368648186,0.588982815886773,-0.25203506147823,-0.60716982245417,-1.55841721959334,0.0043801112999502,0.673027612382696,-0.993719317994186,0.80637585425961,-0.0213121381198237,0.480904371435537,1.22433342400393,-1.32703062821322,-0.0694096286568634,-0.119494110747075,0.749785266139434
gene281,-0.562785016910848,-1.52494182743213,0.684626065111001,0.346963444191012,-0.6085941850782,-0.430877428497781,0.163818929517866,-0.101347320087185,0.157485506037425,0.0969212700833208,0.405729895692477,1.00144326207165,0.2492225839529,0.174008186699092,0.834254504386494,-0.787081171620816,0.102170820644942,0.797654238357288,0.0586613243398769,0.509288106038623,-1.2882420600778,-0.300051784524218,-0.767171532610799,1.56314906530309
gene282,0.90551847435298,-0.433537502823963,0.982795102837299,-0.268748540933686,0.839349930010627,-0.214788555486642,0.857550665635328,-1.36633206446934,-1.78360353865931,0.904259462416548,-1.27609040499543,1.06409387510309,-0.185384638199336,-0.509594100254683,-0.323636129573705,0.308691588106239,0.969476094748678,-0.195829632053389,0.260870363772426,0.0622335178402223,-0.334350724488811,-0.706737861401192,0.401992586928064,-0.852814241086772
gene283,0.603884916805768,-0.119624031604995,-0.50472067213082,-0.125253047912704,-0.179554169788236,0.43962396196695,-0.0399232086117151,-0.190272030654935,1.75792225771927,0.389541945835525,0.802920594623629,0.673841808651195,-1.42828563734753,0.617053377725026,1.08848688657994,0.361773046861591,0.0304481664603231,0.314585384102036,-1.6409959660764,0.680242082702223,-1.72552981485377,0.297343626387595,0.488999301122113,-0.590048382075534
gene284,-0.968505891886518,0.989480030382484,0.598635770479898,0.283309660672272,0.028496671006388,-0.453352028530668,1.14198106893596,-0.204547700855904,-0.673827954601392,0.114377471697495,0.12866612285897,-0.967596647389892,1.10821067906453,1.29502697525615,0.0268141442961315,-0.371967878714903,0.569543942449992,-0.615950505795358,-0.291959887475377,0.299966713690257,-0.0306697557993201,-1.14233921404479,0.95731384581246,0.328631893844136
gene285,0.0557302343323114,0.477812418038566,-1.2650435065142,-0.416010110850329,0.81958580382151,1.14265535896039,-0.539135872047503,-0.120911954521913,-1.66122344122245,0.240412086697363,0.840822492116635,-0.656087100627333,0.0560163216622251,-0.905498751511561,-1.18085585535082,-0.287026751146734,1.4170433631386,-0.674202534711949,-0.343233979079182,0.957732406912164,-0.274613554638116,0.918046719897288,0.0101675441778598,0.860337990844294
gene286,-1.21182268722149,0.0229023801082186,-1.21427567488362,0.637198309042662,0.360046131437711,-0.203524088837076,0.273765255193329,-1.81451493058537,1.72328787008376,-0.0556778215814657,-0.814921541357458,-0.465266960854637,-0.673002815839934,-0.0272865196278752,1.81153103391124,0.115269534738032,0.964513644104862,-0.192737283206619,0.229296743695658,-0.36454336002802,-0.936579335731805,0.0155535945053438,0.190984199789352,-0.0527884402729063
gene287,-0.0584437998185859,0.218101183168196,0.0764023603917462,-0.594485373618003,1.13135223723782,-1.54383402685673,0.316850462490745,-1.02642709069741,0.789285368363742,-0.69288521895326,0.0340449794443458,-0.641051578240891,-0.3520833166387,0.828483209299837,-1.07178603838083,-0.780910163401698,0.436433279139763,0.216917579236008,0.0327476852856078,0.0567913619497786,-0.0235199241903672,0.4315624158276,-0.726415260162292,0.645012563678585
gene288,0.91937340595253,0.252338102146338,0.991224340450823,-0.257164360259319,-1.17639342481754,-0.946880659297101,0.0651475995246915,-0.194630997933241,-0.622335317391369,0.568157367951819,1.09402567629564,0.2767649117728,-0.497960542072473,-0.260361327001031,-0.679813864649449,0.578097077284345,0.368989944772134,1.25637053858233,-0.503804484784564,-0.0387343412267869,1.11202381855948,-0.385444491378931,-0.134354718603975,-1.41818582093988
gene289,-0.0417172283468423,0.5638043686438,0.616247178562026,1.28358465429447,-0.176963874486167,-0.274734806026491,-0.672995923012697,-1.10174888113624,-1.93156400827944,0.726489391536453,-0.05937325933685,-0.680720719536457,-0.543976460112886,-1.21990607260917,0.486164478781239,-0.240240781725785,-0.364983076550899,-1.02867915962318,-1.35820200282145,-0.289140094369544,0.112231429344528,0.106596193516119,-0.0758970424745425,0.0174358435305789
gene290,0.474949329652223,-0.677333779759363,1.65364951178567,0.78599138184762,0.188748973737334,0.444550699521825,-0.247417719652248,0.545053915461087,-0.483869814563312,-0.353302979010288,0.870000397838401,-1.44753542806743,0.100848565083011,-0.815973978356088,1.5418278004734,1.39366638067854,-0.264830554282547,-0.061501255420283,1.0917192015468,-0.231640487097419,1.30588528771563,-0.398739679219596,0.216783987192213,0.0292349633948041
gene291,0.0493108601228855,-0.0482140431059231,-0.356908580205717,0.397609274265059,-0.188594810945248,0.0531479767717747,0.813008664474131,-1.46756393152712,-0.0569185772126049,0.255541128945932,-0.678013618392051,-0.414141902635291,0.959264716489617,0.441451521717464,-0.810593753159635,0.615796606345056,-1.31629159672359,0.736553924809451,-0.481201866385333,0.343236807835543,-0.593967531973263,0.679313440545824,0.91475638870597,-0.3776679660433
gene292,0.637273279898443,-0.346852362437182,-0.617500736569792,-0.849874064438509,0.696470735169104,-1.13182743270007,0.455822386923878,0.412940566275744,-0.661131924374337,-1.11407211785029,0.309924983413034,0.219263206459006,-0.490804008513337,0.0880973696942858,0.258876952234765,-0.227961490150907,0.981281053079998,-0.513132088608982,0.559914662038582,-0.824171519140334,-1.23352351233421,0.241695543165357,-0.230518028346413,-0.240922782370306
gene293,-0.35839434159424,0.106004698644593,-2.10403334729753,-0.462304320465079,-0.502512086052552,0.0770616004847127,-0.0967321130939322,-0.199448859741965,0.371550407820069,0.0480680252628324,-0.744448475044056,0.791292858006061,0.298783882836893,0.276003677401798,0.305670227321223,-0.47085529127936,-1.83652333376667,0.127907900981998,0.467835077030934,-0.329671650161992,0.960713461615427,-0.986659856247274,-0.128397288682676,0.566195433152226
gene294,-0.689046356034714,-0.777100648570965,-0.258067956841142,0.260340199467418,-0.838561696632499,0.528713488753963,0.684066834000936,-2.01845674005708,0.55193082157632,0.331674677599391,-0.699242087196049,1.0213085935138,-0.705659742148595,-0.258125561974457,-0.528178680548692,1.04407318709289,-0.294535624806768,0.636518335093707,0.469154294004372,1.08218876417982,0.2381718004081,-2.78693111417921,-0.0932412675842604,-1.40065994019434
gene295,0.155164219102595,0.892992389234332,0.151382123938211,0.0023444305564393,0.228183685065795,-0.396958032351273,-0.336377431589452,0.398997605665806,-0.237671608035647,0.0988047161184873,-0.704441703749217,-0.749154174485852,0.261449559256056,1.22093810924391,-2.02102001426251,0.965383902878849,0.348113893206013,0.722708647332891,-1.89825238100653,0.361803809704745,0.476856241622597,0.479951370689046,-1.11528511824225,-1.23724582687754
gene296,0.0372734583394625,-0.417092860077468,0.146482541033127,-0.904058082428353,-0.156034996974119,-0.173856424635401,-0.677229568698375,-1.2403850989403,1.03843789458677,0.238551716454859,1.82568235894576,0.989429986547047,-0.188669828101409,0.0912359047901751,0.365439689298727,0.112249814888044,1.76145625475889,0.0574953893935419,0.511083195037537,-0.187244091132196,-0.537531026915347,0.24290529436407,-2.11783774181994,0.493171147331758
gene297,-0.110597344817543,0.312418240456828,0.446419918415075,0.0373620839966926,-1.68562893664145,-0.500297583541354,-0.960609743600538,0.478164472666563,-0.493378841984221,0.0763717896788485,-0.85726958982827,-0.242917058829305,0.650593110991365,0.26404048988661,1.12114097772186,-0.496642974397182,1.55873743489559,-0.677078916878844,-0.972080901936467,0.403028379541816,1.20484858830765,0.116279907525278,0.140217783158482,-0.0095716068531413
gene298,-1.089897163046,-0.143751987034714,-0.334237233082525,-1.34968434556962,0.035877979951739,-0.175275714340705,-0.865718869519151,-0.508045918593656,1.06027893168544,0.335202294813618,0.21056473520325,-0.824591314202926,0.173301547685879,-0.372010111945093,0.134784345621393,-0.269415537462592,-0.38824197556395,-0.590792496485963,-0.128718656557941,0.118608853877277,0.235036660759013,0.725699420808164,0.230669768683955,-0.195240726402902
gene299,-0.174575347735554,-1.51152086937313,-0.329937427744993,-0.447666543867719,-0.318430299898001,0.140037284887548,1.20825625362375,0.0829854549401227,-0.182892881822314,0.0290908592630909,-0.231632401764194,-1.40200458344856,0.0585562547531163,-0.186593589019463,0.927668149359352,0.294899383196928,-0.368034137215875,-0.876294343852909,-1.25448265467698,-1.08182075433325,0.599742686766126,0.713254125077734,-0.834679630212356,-1.06366391761324
gene300,-0.538808843964764,-0.223036086545357,1.24535865005677,0.261404840005787,-0.750615819600282,-0.445241174781368,1.87791645434717,-0.95616060351347,1.97240196537225,0.0630864363375418,0.319047450408559,0.0208229010930443,0.55372989803823,-0.760744284776294,0.259106736439504,0.404195771331731,-0.565325392499763,0.486337243153384,-0.602613616325635,0.771466639075213,-0.416994633593306,0.0480480587767687,0.585140037038858,2.00193935143135
gene301,0.358528020553225,-0.0189047384921539,-1.6360330273434,0.253062436778386,-0.527762772700453,0.0790604746972531,-0.209034964853297,-0.0357931494413747,0.453185961074343,-0.122040503767476,-0.663869007619589,-0.637638095416173,1.38309155877056,-0.243890194475416,-1.60278570468142,0.720094250659901,-0.350063465960687,-0.148057786965257,-1.19508254107136,0.385851169816757,0.829834796671264,1.40595943972851,-0.808955014240118,-1.28719003683259
gene302,1.45008248341889,0.858635966317374,0.167125797409569,-0.184332999311067,-0.340865198454371,0.428549560763092,0.43722417799247,-1.10875066129174,-0.236690479297162,0.765434749825163,-0.984222985433587,0.577114613220574,0.639035903732398,-0.0032877617542793,-0.749492859193891,1.21334338639701,-0.219591161655805,-1.19876383798506,1.88871618681788,-0.241680205587241,-0.275142200656163,-1.0154303689324,0.153672603769513,-0.0691741918669002
gene303,-0.556307302383938,-0.257692646139909,0.249805739981443,-0.676812222461272,0.0695646122026035,1.04801537556832,1.154556931462,-0.311837966998006,0.239236563940531,1.26799265010983,-0.17624110837608,-0.0610902729060563,-0.464334260554854,0.830780854551799,1.02972020221472,0.379526140669308,0.660401945876077,-0.12916428607901,-0.104511402801429,-0.402877520894716,-0.345302018590517,0.308926009586091,-0.631123451258942,-0.0006842197212683
gene304,0.353050133241628,0.185605781174274,-1.09213319707071,-0.283454113240146,0.645341911623263,2.24770286322509,0.541342170083115,1.4574546085443,-1.02618900180088,-0.267912918167007,1.18624547973842,-0.632039290433655,0.475878477008046,-0.237673640291768,-1.1831123329621,0.0782878194492058,-0.56979949584198,0.568322580927512,0.633081799665571,-0.600029777773641,-1.41946895601134,-0.944766046673289,-1.27901288390065,0.863075580134471
gene305,-0.732584317186,0.22470490007977,-0.463818666699401,-0.740511800279166,-0.676086033562501,-0.595226123674374,0.857797595586079,-0.0279315267201556,-0.470646563194643,-0.185748677353511,-0.113791076504444,-0.957808075183918,-2.07850547322093,-0.318586511032715,-0.498981474858643,0.192294247922539,0.901851293768862,0.41431367984367,-0.822091883043049,-1.06053853019952,-0.126884795208933,1.38864792039238,0.990325323894817,0.372895869354148
gene306,-0.110531026750082,0.447656029659988,0.754601659184958,-0.896462483003154,0.182847944605837,1.54285572948928,0.269808025695188,-0.217971311565844,-1.57730999659469,-0.0057221667073499,-0.392181720663076,-0.363153215166027,0.241992535054287,1.14054910054355,-0.334374481893312,-0.234150498916118,0.750373337703028,-0.866138449227696,-1.14274429549046,0.778157831481197,0.802454448878408,-1.02269926025369,-0.302525792220102,0.387189387592808
gene307,-0.499258567394675,1.39593457289661,-0.0858515629220577,1.30269888834754,0.923595234513669,-0.33329692852067,0.138076357011679,-1.07981626458517,-1.34761860046455,0.0523865567649818,-0.350528812846217,0.588957068236966,0.935020290496567,0.954993568572019,-0.303204367227993,-0.31702906577206,-0.371954082928588,0.48923457847575,0.830224699897503,0.0067045238543226,-1.31963467355305,-0.096592954156404,-1.17808282231546,-0.973518338205314
gene308,-0.0408979288883535,-0.77465021182351,-0.356917424041439,0.0881078242091526,1.89298151859195,1.6575846198719,0.386405319623509,-0.296076565597946,-1.5968787338285,0.0365986827794142,-0.309116907300054,0.77823908758806,-1.3741106306825,0.548537151913343,0.390779760742024,-0.566470701543161,0.29502436313571,-0.0570888234510489,-0.0041310364675054,0.12022810664101,-0.240321475534627,0.194466261729916,-0.0622982801786476,0.505488332673707
gene309,0.659406046688062,0.585390125788106,-0.41036810074054,0.12521675236743,0.864976674274595,1.68697506766063,-0.688186636410337,1.07451926144691,0.695232433620791,-0.590282026001216,-0.278640943808027,-1.40898609668245,0.437968006505497,-0.314293619699766,0.164664123369188,0.18901990082273,-0.611630009217666,-0.7277406202886,-0.429896567632967,0.803786277924525,0.444329948418,0.613860467168536,-0.289986549987772,-0.938679398175236
gene310,0.116966912237898,0.1750784987432,0.376803677014867,-0.209971809551159,-0.708753440013617,-0.170041413496847,1.49222991901133,0.4728909717281,-0.420842484586739,-0.350119051009781,0.852437607378103,-0.0318402548366404,0.0879532137462506,-0.254332032883782,-0.402853205253986,0.363957030508202,0.592917300399619,0.142712764959648,0.239480466319574,-0.464868164952388,0.352156993749595,-0.44601082464052,-1.14115213035506,-0.714109665187613
gene311,-0.266335533384109,-0.288802389479939,-0.218750079824878,-0.107925530119529,0.387415512547007,-0.144489140626252,-0.0674278923528058,0.551740484955883,-1.09600793886598,-0.132763660831396,1.82161803797847,0.876790097662125,0.0843168910080138,-0.716716125642765,-0.0329582931462009,0.702696501385921,-0.613243223664424,-0.374714379145315,0.574333177402546,0.562904778261666,0.652562910548512,0.302604444092909,-0.679740514005422,-1.06208361513961
gene312,1.19924093284974,0.453733216998931,1.2353460176827,0.523399567172292,0.330698322449377,1.13364669018686,1.26836473246865,1.37656968151025,-0.621427340991689,1.33431811499299,0.141969300743153,0.872056141587124,0.343311083145356,0.428313691547962,-0.662159104612507,0.0198014284897428,0.501466572465382,0.178328630720119,0.327539447492843,1.3262146607762,-1.41897199168072,-0.147974810288533,-0.304712204408262,0.868354180615665
gene313,0.287377577109772,-2.02557863366214,-0.0183880711386652,-0.239094183876723,-0.306042841353426,0.114695587575119,0.242156148338087,-0.282312442965601,0.284865493405646,1.16031799917689,0.32871116232542,1.22423272525371,-1.77549320675723,0.131443763379951,-0.478057845462762,0.533215812772089,0.521622351738627,0.901493021462071,0.884268606146753,-0.621612838902347,1.18076067460937,-0.274515564854663,-0.943939673738509,1.00007718604362
gene314,-0.257104314029608,-0.0635540232691731,-0.0637917839510427,-0.545007460124188,-0.403167370083348,0.694674965730094,-0.552887007240238,-0.55451517541963,1.21779589054753,-0.114018021494649,2.20533961603006,-0.157695929577427,0.213344649899995,-0.334215704164689,0.588405193258127,-0.13903484074126,0.943662471467836,-0.686925441915069,-0.184826466684111,0.871960772953178,-0.191662569943955,0.588480513198322,0.791869606103626,-0.697040329778835
gene315,0.596297155211152,0.0050362059988071,-0.403546726929243,-0.489584520219546,0.379744292020535,-0.690358109651612,-1.34624603641486,-1.274606995611,-0.621291348791822,0.311789173952662,-0.74372950145447,1.77955273650798,-0.355364571345571,-0.0273090225494866,-0.543331471052184,0.338057421426974,-0.754826669960921,0.90763474991267,-0.409016305155333,-0.490584446942104,-0.448401704856246,0.243804225514412,-1.20215140500047,0.340313572230474
gene316,-0.820399149033949,-0.340075383957691,-0.112756644958509,-0.856490850041367,0.458516119599342,-1.45312935223537,0.389298770075724,2.25579281015692,-0.681785506109896,-0.387146811858958,-0.0312153360805948,-0.133487228967665,0.238218807912561,0.691094377438937,0.0558503421727212,0.061912230012539,-1.42377294059678,0.760759116595478,1.25068958062662,-0.246222121144367,0.55360704409237,-1.13470257718181,-0.451998572756549,0.218770825379187
gene317,-0.353182084210589,0.43350577021274,-0.153568594203648,-0.778484419284401,1.33549721099267,-0.0741624685106953,-0.524724246434638,-0.137599899279853,-1.29794772079356,0.374905728757699,-0.255588901577765,-0.118162128951263,-0.010128759761561,-0.879407033881514,0.145529583043825,-1.04438159661459,-0.0708882754374955,0.607862398013272,-0.0397660900486958,0.50498237475396,-0.296264546678877,-0.124882666134983,0.993345611683228,0.0053016940367957
gene318,0.337922052212584,-0.547243735851141,-0.136349605586919,0.503427072804133,1.68390915834697,-0.303737706883185,-0.264088609936842,0.0627149676673619,-1.73913483707391,-0.464855367762551,0.145527594805259,0.907069824911821,-0.075648803617449,-0.306906542103097,-1.04937158550984,-0.524980271987754,-0.146733797375114,-0.456298201297784,-1.36741011033634,-0.137236536178872,0.275414069019559,1.83910654478097,0.43002458474514,0.319521637402036
gene319,0.403358084153735,0.223524207587269,-0.643681760235677,0.205771907552096,0.595379600930176,-1.09190653196258,-1.32704557722711,-0.0704901811406066,0.605160794497224,0.164300971855741,0.103830343032712,0.294735016774024,-1.27457118874718,0.486951095411667,-0.720248547043224,-1.03489542683572,-0.542952979103125,0.636168643064355,0.453610147376782,-0.0054328624392104,0.226073846763548,1.50761175888675,-0.127494523236073,-0.592586208415008
gene320,0.196877914656743,0.605657172405361,-0.194416143584934,-1.30735314741794,-0.425304970904637,1.03455781853601,-0.589669550597556,0.354260340367117,-0.900287283876129,0.459505427270372,0.415161543318494,-0.177474245593994,-0.7622673828893,0.0673274620017029,0.333126670976216,0.109407658450465,-0.878331369979998,-0.511004865755259,-0.63988966726682,-1.0018886248126,0.0136634037012883,-1.00659390084785,-1.44024322747751,-0.49862302119432
gene321,-0.593933543792375,-1.30422851060541,-1.24460225354296,0.264912322652263,-0.510557789825791,0.141885816938493,-1.58035838830315,-0.52112581530774,-0.258604941332751,-0.401895515747548,0.0448614762165474,-0.625746284284602,0.206441157385162,-0.665318288156534,1.19383893614799,-0.392798021865475,-1.28067566138106,0.387799500870247,0.254347531255359,-0.414407820519748,-0.302731858227846,-0.737118111130431,0.484438732749511,1.75485035810895
gene322,-2.12868827149237,0.152150409519893,1.63684650357653,3.17970693862031,0.684096501598955,-0.906461815236988,-0.880293179298289,0.0667226343633953,0.204722671425659,-0.269310015881704,-0.524753769466664,0.399545365072014,-0.308548711431732,-0.212071946797462,0.197087251211481,2.11295521814021,-0.766958780324364,-0.105652093544635,-0.386030340959212,-1.07098633346721,1.00900690602916,0.657151457828838,-1.17169511862836,-0.111013249932329
gene323,0.0334153170706499,0.48322715131253,-0.112615184893278,-0.545150323256948,-0.0055967103729763,1.25750531295089,0.387585985888638,-0.586635714130712,0.260428785399318,-0.208174660207948,0.248221496859284,0.313354683011703,0.918761994437213,0.0538394948243767,-0.730151277830786,1.17578623703127,-0.945760156610917,-0.639259588831524,-0.251643437199568,-0.663732533072298,-0.0025617443656503,1.02458992819058,0.0501120524070142,-0.580853961470694
gene324,0.410626578988823,0.896404745760342,0.317715937100578,0.370978370751945,1.10940976533413,0.510784408075233,0.163944580819154,0.0662510519598824,0.249697204920155,-1.00956536637557,-0.0885251610487723,0.896380663723725,-0.323797367266788,-0.692222448917105,0.135194272441461,-0.80654607316725,0.507994986894045,-0.426420246853239,2.36529796571594,-0.287016635359107,0.100152915779077,-1.45606870201516,-0.661669717668362,1.46625581222052
gene325,2.36378504543823,-0.439563899521342,1.17051734279378,0.96220630296055,-0.193748846230773,1.19606292170122,0.25474330150133,0.557402539215879,0.565227312637764,-1.67232298816807,0.706713253249734,0.684681832091932,0.38133211591173,0.338598425767419,-0.626504937753351,0.734600178544499,-0.496826274870349,0.717695187532854,-1.0142056936908,0.52491915117929,0.758881628238145,-0.130689776071002,0.477786607145984,0.841356441369212
gene326,-0.759028695863775,0.388290719528047,0.968780816187942,0.255804233965944,0.0099264951090306,0.814724238415589,1.94154274054304,1.90468372929171,0.0410121808017997,0.163718695311873,-0.197952843158392,0.0318786897946025,0.167084931492835,-0.05588975316927,0.0619034367001479,-0.466071985292151,-0.65074274020583,-1.3550861605517,-1.35392590096886,0.545834532251702,0.399869192447486,1.82646527332226,1.47195028889852,-0.947655518528239
gene327,0.319948600836956,-0.710218606546951,-0.374092529397732,1.0817346385845,0.113816054919543,0.0288986302243145,-0.582582623815643,1.25407480183418,-0.358904980417834,-0.192342114523695,1.61822027223514,1.01111398851266,-0.341463031980526,-0.456386411333975,-0.743544680401474,-0.372743306658397,1.46396887956684,0.989501207828349,-0.209271158529825,-0.0938726006162977,-1.51065665968447,0.406834981488999,-0.0916221481594452,-0.0340759172477439
gene328,0.630254602321854,-0.161356264771585,-0.0307366706167983,-0.431265163609906,-1.00883087016801,0.991004645014315,0.357155489605324,1.03581542308085,1.0860617416057,0.533761857166909,-0.592267736307079,-0.58852544563818,-0.307185706515086,-0.635012541786531,-0.589307357239166,-0.342775613164584,-0.437204322335811,0.540284216722586,1.07710673902455,1.48614902780574,-0.293428981522987,-0.991797035445479,0.967498616994536,0.547908459699252
gene329,-0.51750431075914,-0.0072043701427946,0.98871725246395,-0.380404296446788,-0.0801186053206307,0.499838236744226,1.40067016308803,0.230853055262035,1.31882854949991,0.494025304955805,0.748550587404354,0.538230157395127,0.512867902663056,0.56949148882277,1.65863177224456,0.318587707638001,-0.0122312157916894,0.877073774840644,0.544519227925822,0.217290760245602,-0.46949452810264,0.86514357934437,-1.33302100465078,0.409733892450924
gene330,0.752605962057357,0.5230441897397,0.0619616597855817,1.38039689104875,-0.502176209108208,-1.31396604887012,-0.486470495264169,1.1072162786033,0.560953822384378,0.938194112074745,-1.548608153423,-0.576060986003222,-0.0451796872557633,-0.211876186302775,-1.06760139381578,-0.618753391699732,-0.990769001568898,0.432372507904382,0.496857765719647,-0.220594616716278,0.118930872360603,0.0915425178653256,-0.0933584087322625,-1.15301319283609
gene331,0.827076423047465,-0.492735194814303,-0.460859437784016,0.196898435976346,0.735727762385243,0.201241876066823,-0.15147539528923,0.138746867714231,0.0215515789765811,0.988643974750805,-0.381079198343028,-0.350446399218577,-0.200706605569554,-1.62513078755977,-0.720832490407235,0.550189541558649,-1.49216079027664,1.93564737015746,-0.441388644894642,-0.0495888960359219,-0.276646366024762,0.114199654537984,-0.272390711899756,0.639116448355696
gene332,-1.22536569894952,-0.854564619624506,0.305984295644736,-0.0035689822651666,0.165764440234511,0.29415537992211,0.371561980428693,0.288268996695225,-1.13815531824073,-0.227312376047168,-1.22500839501772,0.572880445225405,0.732333901248878,-1.57298880827625,-0.626634196676995,0.324877840299079,-0.194947950980984,0.144589496254178,-0.185659396682232,0.430743327920563,-1.98852231350596,0.701318723458042,-0.266030544285674,0.89864902965113
gene333,0.0036954594735122,-0.118111141719863,-0.635351451668777,0.408005720867594,1.30126952798317,1.80509136056036,1.06884613977828,-0.246809040824489,-1.50321472234594,0.0063161641864032,0.624842002580739,0.0732958263087819,-1.3508030881113,-0.588239931321607,-0.0033761354711309,-2.35469940951693,-0.765299350171727,-1.36048421000384,0.679309923511202,0.422022365516043,-0.488519261775563,-0.457125868973025,0.0163036365872768,0.686205372080893
gene334,0.602412529072347,-1.03819975139011,0.259918442155423,-0.520819940516421,-0.800724382732575,0.198944448455038,-0.431266323293531,-1.23588362794856,-0.209054317829598,0.0561757833042953,0.70865517581913,0.584646724785759,0.584415413154648,0.192417249129862,0.121138602412838,0.467010620440188,1.55016575653699,0.38996177111151,0.135804048892483,-0.17522716735501,-0.0014700876850219,0.334350475120184,-0.768775870958468,-0.13767798018847
gene335,0.976280150632536,-0.80671774048808,-0.78461954096185,-0.543022820690401,0.0965842254625844,-0.73073645555264,1.59388286832494,-0.355946868367934,0.0722452044991425,-0.616629078170881,-0.329339061963199,-0.9432686549856,-0.68346900080882,0.884743678630903,0.747711307237887,-1.94176790502157,-1.01078649987004,0.219176285310024,0.155597368381059,0.628917226081605,1.06136259137328,0.661351004290955,-1.06255368708501,0.737230740817306
gene336,0.814121987759076,-0.131956276502185,0.0105503815315523,-0.384784527439972,0.448701849671652,-0.613549880232056,0.496794088527236,0.152084398695374,-0.128026731864397,0.413198357173381,0.275626518459946,0.349234788452105,0.344878296685365,0.481279752894196,0.426252580349657,-0.255262571304478,0.856610529145936,1.01755348595405,-0.35375315255012,0.419300741757969,-0.175678715078819,-0.776766629091438,-0.119963480433857,1.08059671940142
gene337,0.366971366555911,0.458596940788248,-0.0257307946453249,-1.59361858011915,-0.254163736128634,-1.06476473504832,-0.0412359838285634,0.262691909205488,-1.12008110367465,0.902634003907097,0.263462687013911,-0.299015662014701,0.578864981856924,-0.156202185044798,0.154919353598527,0.514252444536412,-0.0641701979874909,0.524386447711803,0.503255093178758,-0.216374534777896,1.76570926695295,0.483411008638574,-0.695245553808057,0.814866625063912
gene338,-0.0413862616234368,-0.0577294670187332,-0.116787367960181,-0.259729854674591,0.656326797039378,1.15360461948041,-0.611689228361154,-0.487248286382018,1.51181608901476,1.01426526107083,0.175160177176883,0.366066274731704,0.354344273584243,-0.0240077960570766,-0.226659248832611,-0.965581207683065,0.0527254131042761,-0.185363451003309,-0.478807483729659,-0.412823064291749,-0.376039360906029,0.814771320958156,0.15023460340005,-0.909249325790468
gene339,-0.520597862036522,-0.14808381455546,0.574358813309429,-0.56400576754477,1.24756901744099,-0.345648501809666,-0.070552533098106,0.208906563751398,0.983592108814324,1.31938136414271,-0.506418600677619,-0.938863729310253,1.80158987434113,-0.936013240867224,-0.180938713825295,-0.372216531546096,-0.819609025490718,-1.16343609853219,-0.509383989562864,0.909162127055594,0.0298838679427714,1.2257449133292,-1.19588842170014,0.74288222641906
gene340,0.535479056266185,0.179097359033067,0.625831640325443,-1.52716868713255,2.03054966143182,0.207367947664864,0.206683910117551,-0.647638216984754,0.345943091160244,-0.0124355994988774,0.663787196650452,-0.640693616458481,0.144410913545846,0.202399059125779,0.275951937205205,0.658931610977872,1.63935502227432,-0.351173862815503,0.739868227433978,-0.607513869020887,-0.788253169009857,-0.937644420030387,0.672076040863268,-0.537757740380396
gene341,-1.00942482961667,1.31424523221522,0.118146728228053,-1.72964140975895,-0.925648362444964,-0.0956232573476379,-0.421256525273583,-1.33935185492227,-0.293541571969103,-0.0522949591035398,0.457842832541846,-1.66896538532684,0.201866312521091,-0.417479854596029,0.758129915852658,0.487586475314062,-0.292942502453162,-0.984939497230196,-0.181711289491009,-0.881078469403735,0.339284962747631,0.53869096291229,0.840273511298999,-0.0071777484836318
gene342,0.546357687129557,-0.538521790650884,0.850309720037052,0.369492032964316,-0.318377428325752,0.230280656130401,-0.529723585614442,-0.310013018291275,-0.755135532856989,0.472433550534839,0.488555812273093,-0.897302206556712,-0.441667553048111,-0.209380758868195,0.628500445346494,0.283020774203539,0.175983155872845,-1.00633963063176,-0.336575990753411,-0.0220725502367703,1.25516063035791,0.0570918543480599,-0.190660184318028,-0.508978490550531
gene343,-0.507857321382577,-0.17003433685157,-0.596817460510456,-1.07929664792975,-0.280561278455608,-0.17398220875228,0.644948456914083,0.286574239977316,-0.207883076303389,-1.563972845406,0.328963538211736,0.9039422262113,-1.16194088823369,-1.1017174776189,0.297382097195797,1.59674135497076,0.678518663572043,0.444819979380489,-0.617223175333756,-0.155479376042917,0.872739185704427,0.75724432704584,-0.797313477968518,0.450260006892973
gene344,-0.533924914909918,1.40411047219886,-1.64421673168009,1.07909855110737,-0.617182431839218,0.75327055312892,-0.134509599289059,-0.500379925155346,-0.770770314381218,0.0015152310508126,-1.02322401309782,-0.407410301250913,0.241584893414734,-0.699693885155063,-0.769065471553407,-0.600876419323937,-0.420279651283618,0.272947900804664,-0.156782969941379,-0.0368682275669039,0.14064333679107,1.14129384141411,-0.607436646721829,0.673216491394006
gene345,-1.48273987365974,-0.613646387639059,-1.35881202868216,-0.41864648591295,-0.425306088706063,-0.0905614837292156,-0.547934128775621,-0.0394730341336581,-0.123219845748582,-1.97149100200993,0.324680924484029,-1.06811279922055,-0.275286009579488,-0.886031974848541,-0.319364921195479,-0.490064615264649,-1.14311704175088,-0.114900156292388,-0.468742154536922,-0.501364515694644,0.14568314317506,0.0489007206154074,0.575024568880072,-0.0365837742256996
gene346,1.42127203842962,-0.70460154564861,1.25198169705383,-0.534275113798737,0.886174673852247,0.0809923446187235,-0.0814323403128926,0.671373145557968,-0.292545625677161,0.167720178234584,-0.472484141829264,1.18619594714221,-0.0765435405520826,-0.360631026050055,-0.256939425207803,-1.30987060199172,0.7228812969932,0.586268314820288,0.656171670623211,-0.386532124177571,1.2938445444388,0.60330660671518,1.05296931625352,0.38397726743336
gene347,1.77324969298985,0.742726272680689,-0.599691974436448,1.05690838121382,1.99925588872764,0.876259175773293,-0.644017557311554,-0.286646634938442,0.761922562909462,0.608050419180489,1.38289876021309,0.187308566664971,0.840017501091383,1.29895343741713,-0.0639997885574895,-0.707501304246118,-0.353024825971672,-0.379400814601171,1.21513847767343,2.07096679850016,0.145984423414756,0.162463481867583,0.40881260895972,0.520026437854016
gene348,0.299523321939201,-0.658184773212177,-0.636533688696707,0.172343289751739,-0.698340428394378,0.772494671397099,-0.0921641530752993,0.595711430666241,-1.96364252134841,0.681389657986324,-1.44573640975206,0.894174357153405,-0.36088645416964,-0.0635893503541291,-0.868460538793991,0.778163778629903,-0.406791235535103,0.465529242556601,0.65910951525128,-0.378370148651175,0.483769968290015,-0.140046799934707,0.186881492403194,0.0098813666577734
gene349,-1.33653379719704,0.107396106957785,1.0219917288437,1.4952387927714,0.487740060010554,-0.490558163370942,-0.962075817322454,0.859027148869825,0.614611193868789,0.334445700373771,-0.143694235884049,-0.424681643081948,0.255910827285651,-0.599879041638978,-0.987082831183077,1.97254124595083,0.373737146988358,-0.0863311050715316,0.305698700441407,-1.12591609059173,-0.171301653851952,0.471521417504185,0.125721700654716,1.06300114346668
gene350,0.444546546347766,0.0626893704464951,-0.634102240590775,0.622065342175535,-0.348714507364201,-0.0530381231297353,0.0905152125694607,-0.105720484978871,0.708642609213878,-1.70655784065804,-0.708647933387795,0.833533258348125,-0.141482724202152,-0.770252331997733,1.24237110224274,-0.0985717804835473,0.640714839557182,0.163930847901118,-1.2651771979547,1.38267829950406,-1.66693248991207,-1.36406250335138,-0.363664948161602,0.933885425889019
gene351,-1.62454274840648,-0.511046448515796,0.0524187723751164,0.86579675276007,0.312604277818639,-0.342182127861006,0.216926890315189,0.0733650941394198,0.47275704087906,0.823710632605938,-0.765661342185069,-0.502378571080742,0.35647799732222,-0.544352993074509,0.902286555670027,0.1301893694161,-0.135365592714193,0.382393388232217,0.483318725386425,-0.069667752858118,-0.80091031871014,-1.06951613010685,-1.50384058445308,0.588328686202993
gene352,-0.385251816753938,-0.448483031464753,0.25835564643657,-0.829901659991555,-0.900017350055399,1.63325358697623,-0.236401253589653,-0.415962654723038,0.373557906320356,1.63672385288876,-1.77113170928424,0.646192854118112,0.398563387574007,1.32188691738654,0.361319234412546,-0.440973045886049,-0.313210744988773,-0.784451290746313,0.107129379553366,0.32465957276571,-0.291075790370395,-0.32847293434423,0.169646116227384,0.928808369993765
gene353,0.037730370499033,0.25522629730835,0.899593901160685,0.651138308253374,0.718114720675062,-0.744921954997834,-1.18495709017987,-0.127313094829478,0.691082637474032,-0.1501996982931,0.381491869189753,-0.938617356577583,0.0693270405455029,0.219791392180277,-0.754312808854232,-0.393560180142333,0.806636455597425,1.01950160575478,1.31130680499518,1.45206958296319,0.605397445499779,1.18381127322898,0.0642896693335627,-0.0112124790547267
gene354,0.704525709880522,0.521584351912635,-0.535869574274593,1.31034997040166,-0.474160059734583,0.339746681743557,-0.264672393365212,-0.894600332138077,0.919967185267387,0.260708384454408,-0.69738960563345,0.770219393644111,-0.0468520611176089,-0.188529859143448,0.44485414099684,0.0570500022541627,0.14591055499711,-0.348737010470085,1.95115217961158,-0.869031487458201,-0.843058322293901,-1.04795563145329,0.171743724388199,0.326573979755493
gene355,-0.573751361825497,0.474166278551006,0.138552521395953,-0.549331394216584,-1.16860514734238,0.788020082163332,-0.596416930956058,0.245350973846872,0.213395927971255,0.256210416652017,-0.701133163641588,-0.160942655106237,0.771444653931302,-0.533002076525211,-1.45249833948054,-0.284292261488516,1.10160610312753,0.116603481384354,-0.0200135475388174,-0.332570438244498,-0.639095086045505,-0.208158249349319,-0.676301539829121,0.368278787857137
gene356,0.419045630870756,1.15459949451766,0.797484923019685,-0.224019128302892,-0.413759497265371,0.506643355931276,0.372485825851541,1.03191861833734,-0.574894137155479,-0.361013029057725,-0.435469839336156,-1.12610353584257,1.37558463238535,-0.824340597409176,-1.040520166776,-0.770836287062091,0.122347239196208,0.763620574850367,-0.176482561828205,-0.116889967109888,-0.448933868508352,-1.34807414792243,1.31839399918843,0.434451635737738
gene357,-0.667461277100087,-0.890378260968127,0.0779106138010672,0.280644493568801,-0.318207791684453,-0.418548401360391,0.538440884053578,0.68833427605932,0.2015050437096,0.0326102787979032,-0.807053752901625,-0.89829612592172,0.465143485132614,0.446603344835836,-1.40069759432619,-0.104734600617889,0.838410644025841,0.817057135649888,-0.557670963902376,0.939374643507875,0.886757246953397,-0.644290850823853,-0.384936781141409,0.27615523325898
gene358,0.0340620513581482,0.257469202570879,-0.231895419023867,-0.282668984523992,-0.0364334798473431,-0.470834482449188,-0.233062744479428,0.36034227721038,0.178913814938292,0.50028813086103,-0.448568312904637,-0.750836758246936,-0.378802256933358,-0.906519780162166,0.422498169209012,-0.510428349889571,-0.716563993077505,-0.125846836451622,-0.142483783708171,0.343076955786321,-0.0476429457445342,0.319848355449694,0.767129516898631,-0.398407682795402
gene359,-0.518133972313498,-0.891208090199926,-0.570703387716154,-0.0996801853622689,0.0843381816894398,1.47917996993509,-0.490507013291997,-0.105344067338677,-1.15008536320981,1.15365399853987,-1.76916395636756,-1.02265082476644,-0.225840754499759,-0.680026847327106,-1.00078681042221,1.46909759220032,-0.0015546076235446,0.479990612648661,-0.172938625367741,1.06336732141384,1.57912064475317,1.27685464686419,0.48797765987052,0.555217376457479
gene360,0.640464611799236,-1.16089204009464,0.840306172242548,-0.0110922058810282,-0.542402998653877,-0.740062018709312,-0.836521920291566,1.02758122027199,1.71032601989713,0.404602909033422,-0.125308839169468,-0.0785326842037518,-0.973784528791009,1.31332409478183,0.843275557289836,-0.719488544050375,-0.0670748761650103,-0.209974657138103,-0.212957231070902,-0.749676602439105,0.339643810797495,0.432345173084364,0.90552791488247,-1.49598873143266
gene361,-0.837942798945933,0.947091854941125,-0.11867363417176,-0.142511095644398,0.11216838315113,0.0785659497383242,0.0019173780007549,1.61657650820276,-1.83337926757765,-0.512396094368421,0.152477499661068,-1.05198828859628,-0.20836893385272,0.460136773476634,-0.10596072524709,0.236759803089469,0.581810738095917,-0.713464912398315,-0.101399473124617,-0.0708760749114039,1.01120948878665,-0.351723287555234,0.154776690665942,0.536874747485023
gene362,0.216414482757362,-1.15605232814692,0.179154318166617,0.473401282019499,-1.79031768232153,0.0908943741404879,0.303153604131912,0.63952130663836,-0.0686366532242723,-0.516469988255068,0.196503940474846,0.622355878606573,0.084761711758945,-0.575228350263882,-0.195342771654325,-0.278537127332924,-0.608455982568212,-1.26251312416765,0.0838195847260781,0.139289914913476,0.0703630714954309,0.714081955151354,0.44781064972773,0.411529528237862
gene363,-2.24240243128711,0.0836654271164161,-0.95430547677008,-0.141583942657353,-0.223258155136283,-0.102889505354797,1.10312917659985,-1.06451366317122,0.518114749815877,0.313071306970117,-0.322422833659183,0.361107451904382,0.347564025509514,0.170026994202431,0.278229362259592,0.476545995808525,-0.523372603633341,0.559968160696521,0.223193628197456,0.905713107831753,-0.362140626784713,-0.197396073945037,-0.281014829594897,-0.0947244237018618
gene364,0.691818410298755,0.276916107754748,0.502866028630637,-0.901421359203806,0.253198252778465,0.254083457619191,-0.401743140587912,0.163893638418702,-0.0102056276467688,0.484321080036181,-0.18801915265703,0.715123184283046,-0.307811507188519,-1.5854968406053,0.227963704805669,-0.368525747556172,-0.0910954069452651,0.240241676547105,-0.0874984958674802,0.343731820966255,-0.419274302421535,-0.320861246559108,0.506448560054451,0.0893070506128435
gene365,0.0790207564944277,1.3614231614884,-0.588991559678263,1.32713137894282,-0.728010264877461,0.530507278538018,0.425365049748926,1.65089244643042,0.405436632474055,2.05090857711676,-0.0287889137780863,0.111729143184065,-0.0527681446572937,0.0536648084517259,0.0644812915105556,0.0073106431163483,0.424524515647189,0.26584684184892,-0.105995628014625,-1.99112362433761,-1.32131493894832,-0.299835252186413,-0.763694635153948,-0.840901752052003
gene366,1.18926787506076,0.124613569997698,-0.0800344378684478,0.0666285771679714,-0.515424839855258,-0.69660791171638,-0.207607523120234,-0.990903276119494,-0.373983076699361,-0.548694275162593,-0.817780701098262,0.444898894334333,0.235602840877242,-0.125094168483039,0.144720387039123,0.595747486376186,0.0894857930437419,0.568984117741968,1.07553510994892,-0.507195927100705,0.022195841866137,-0.0005638670045187,-0.0248097824740303,-0.98636872056942
gene367,0.541696271162718,-0.937358056413985,0.665290344453771,-0.743353831018808,-0.410982773403075,0.47322381775294,0.584565811293266,1.12596709480547,1.00535316743863,-1.44523883229939,-0.186084846474908,0.717265197711403,-0.265653248869723,-1.07173126110777,1.68262772469814,0.566258843059586,-0.356280915589031,0.0921917614611577,-1.35041303028841,-0.0540499164103134,-0.731038695879323,-0.883762118897295,0.825660057352936,-0.129794631859448
gene368,1.88041894997206,0.680507248782033,0.0388730730385349,0.247007871078135,1.22653912237657,1.37407246218375,-0.153494233691875,-0.172795425358515,-0.271661712064144,-0.371913747071726,0.785055901510118,0.346581409888566,0.182920316701537,0.759552207421884,-0.0184926769046924,-0.0292603231931968,0.470619395745099,0.798206290311387,-1.66492404893969,-1.02476842202114,0.966976428312604,-1.0104706649775,-1.00271712317807,0.130848621156828
gene369,-1.15375261716,0.499087515120029,1.50077282409253,-1.40637703984904,0.970173989821172,0.0171491248624216,0.480226331793146,0.0618797892318559,0.297208910713329,-0.117441856149563,-1.78189183872103,0.533460318982813,-0.789556171592449,0.494168902720872,0.435705382088488,1.10968890910285,0.162703707043639,-0.177552192476296,-0.742788759367866,0.467856140379395,-1.21395880665011,-1.92755868296636,-0.146557609368831,-0.683113890938888
gene370,-0.168781229626689,-0.261162356315734,0.527729670248622,-0.323929613943063,0.105311223853587,1.04643065457873,0.149562444843288,0.506175001136618,0.700336218503674,-0.151718582774338,-0.21030778018681,1.07839627231421,0.336574321405888,0.239489367312631,0.830554510945148,-0.0868890558117549,-1.14555972987777,0.0084901462303238,-0.247850212640393,0.390945567433778,-0.0094268261711916,0.410595059357991,1.04891111623032,0.236343089986598
gene371,-0.686402295322287,-0.915620883139373,-0.548735551644804,-0.588678037321585,1.0085733840902,0.60852568431078,-0.743322869636243,0.69882274022238,-0.796587895869958,-0.325769381604641,0.0673426615652735,-0.0604291886244117,-0.005790563380161,-0.377915758587922,-0.243097815801519,-0.0125463968712484,-0.580968341752597,-0.875221475773709,0.710179666107834,-0.168456189266819,1.52906869553391,0.932132530253551,-0.814132187233044,1.06022146657485
gene372,0.234339050141278,2.01975856648848,0.482397823491732,-0.834223844201026,0.316458368368078,0.180065310610167,0.367394663018246,0.360213799788637,0.674116382492813,0.793097248936141,-1.47832504930206,-0.356666689585547,1.25421771298635,-1.6312960418703,-1.27450845249522,0.490580360294316,0.443332914401893,0.129781953251894,-0.508928053709903,1.37745715577116,-0.660878524134063,-0.734240519230658,-0.893471763587814,0.821462480977717
gene373,-0.0421373047953647,0.455060347052425,1.31671370154018,0.0158341241286467,1.20393878230163,-1.26644171830597,-0.0687417542589352,-0.247805534141675,-0.0416910477133643,-0.330256425397264,0.0828255012123474,0.0900480952888337,-0.442544218882516,-1.24202033006864,0.35664255490022,0.592965617252506,0.976836569388466,-0.0353097734351677,-0.982401290872727,-1.65904652623207,1.01816577616873,0.752537183261325,-0.786871244627999,-0.353343960995652
gene374,0.257458709145269,1.08083872933853,-1.02851868744038,1.29746908392401,0.109114079250396,-0.0239947803874385,-0.887452451819141,-0.653734299090132,1.80312024170309,-0.206947371933365,0.0141346729999738,-1.21550452483126,-0.81498005515343,0.785842271755436,1.07513747602695,-1.44392257071917,0.468409831630474,-0.781479844923877,-0.133689707294666,-0.313421602511601,0.0623690076944617,-0.279307050306965,-0.592662280314477,0.336606089805685
gene375,-1.67142545288517,0.82210287790329,-0.952054346415129,0.0805243025884659,-0.610595961247657,0.287955389554691,0.150743623018861,-1.48512907730979,-0.818178580959323,-0.114233659599169,0.152048639502315,-0.569062663511362,-0.109668213752001,1.13665018112905,-1.12906100989913,-0.617829596155691,-0.514221628174717,-1.26979306893931,0.772544762693583,0.111788027882482,0.295127241469608,0.444019348053163,-0.837412327590167,0.394964076742441
gene376,0.473313458469469,0.375893119791229,-0.470223659635226,0.288099855684445,-0.508162494788011,0.513338364056658,-1.00247124983916,-0.315809091287878,0.712366530076143,-0.222098900163459,-2.82134858860102,1.38308030856244,-0.118030754888488,-0.293917286564481,-1.49789214020348,-0.0924798045121118,0.0088725285567074,-1.09451234961963,0.0635582456725809,1.6549794665364,0.482349254735068,-1.39203819328773,-0.0871617141379758,0.652892958774737
gene377,-0.416715348450458,-0.545503037116383,-1.59989672629248,0.685235938347919,-0.35190709990848,-0.265194281723648,-1.4677152155514,0.197207735566443,-0.536489665336639,-0.497411622726299,0.0809600655991101,1.1165198061846,0.35976977034545,0.68020385140188,-0.310647131422766,0.488840390568963,-0.731016484324756,-1.53322703951896,0.35220504687866,0.126510061246959,-2.02899464068389,-0.895631316648565,-0.0706256988963164,0.194406203631407
gene378,0.695712468704416,-0.0175068860531537,0.519219557565124,0.978577530068045,0.217892398449219,-0.135332118431499,-0.80431009229606,-1.3594752591243,-0.513594540056221,-0.0666677325485677,-1.86987361543567,0.737235888877566,0.726715553615873,-0.541918284896127,0.077152766723749,0.18546132933732,0.0364955974401687,0.242561687045891,-0.930526110978822,0.107254854100993,-0.151548445067514,-0.722995294870268,-0.0724760970875999,-0.362979309817411
gene379,0.444692974164569,0.720040477432477,-0.0283492760958428,0.625174255838203,-0.597968895082981,0.4504943261552,-0.530768763913568,0.124727401362863,-0.558150702196094,-0.234759680904932,0.583863676236845,0.363811588864212,0.605909030817915,-0.58938564698612,0.0153115386199007,0.110883245375737,-0.497734974648969,1.48632499310029,0.276321188557501,-0.390393194688931,-0.0229486530232859,-0.315620477756396,0.239437139936429,-0.588940269195435
gene380,0.0403063807135623,-0.50415623431527,-0.467160841856634,1.23340460500013,0.90587470997357,1.08371100107807,-0.370460670386252,-0.343795545126651,1.70782885782104,-0.278019181867891,1.55579381655337,0.987009604059082,0.171656377707075,0.88224158153214,1.46555020367831,-0.431443141415168,-0.377197585771411,0.105221800682546,-0.72679836188579,-0.405520882494249,0.106391228553241,0.77803610690504,-0.361748254650849,-0.139309659062942
gene381,0.228743092336521,-0.840701924683178,0.56789977925511,0.903323225243617,-0.440526023925502,0.0191435943341452,1.97918415102558,-1.20850303261347,0.15593012117999,0.286546245179114,-1.55984887895299,1.06614710747004,1.41495183285714,-1.32906342147426,-0.680999554332448,0.0933948380770457,1.16583805117949,-0.50137311340569,0.239684927259988,-0.104261063688179,-0.896168385269311,1.12527859249472,0.168316743938225,2.36432325922759
gene382,1.41399114796418,0.720689833562751,-0.257028975345561,0.445419777295414,-1.22257248963009,-1.01783689790228,-0.972417348754252,-0.521974465147043,0.822743691737288,0.582916873569944,0.175212368734562,0.811208777036974,0.520690290553488,-0.848505100659808,1.4817907693489,-0.586542479891797,0.292079133443498,-0.704678764236824,0.0713993308899532,-1.15082831183375,0.115571563089508,0.327119004131664,-0.0391394215846414,0.914600455269304
gene383,-0.973288587242427,-0.262374191082456,-1.18208317858958,0.584269148234004,1.07595230479701,-1.42227095704128,0.448933902648122,-0.309377717266343,1.23972358421052,0.359576353550769,0.444318523566977,-0.245050489101045,-0.531824213797266,-0.871033880978336,1.76203936906819,0.582049023166276,-1.9858094185827,0.537496395033738,-1.07162838903292,1.02031640784265,-0.984614330943719,0.125565359853091,-0.298191938923012,0.493733567158322
gene384,-0.058032663831047,0.679036061477195,-0.817641728474445,-0.799441789408927,0.294587187574613,-0.0339266476614459,-0.394248728679158,1.65564415228181,0.0664062751316261,0.375493045827711,-0.717475684819572,0.924994039198939,0.152529758340959,0.696378537778225,-0.84093480191212,0.111635410075368,0.838645696740508,-0.639585349799257,-0.846981125371069,0.672958551022457,-0.823893051866954,0.989135747022042,-1.01653496048749,-1.0217372320844
gene385,-0.521412829583861,-0.791755983191166,0.716656513172102,0.775926449591765,0.716201493287258,0.372383266155007,-0.179175098922459,0.402505572070132,-0.997028341324886,0.704503184646921,-0.976375872130547,0.0182532251650449,-0.0331320663810196,-0.460414407993761,0.145159890559173,-0.651772437179509,0.0836583261910705,-2.23643226167049,-0.273509048573969,0.0426985401875923,0.0821252858688823,-0.0355630331129142,-0.489186740507269,0.577187314965861
gene386,0.597760882869935,0.519517817423095,-0.464084303445365,0.172583443626482,0.690102611622325,-0.0482921363375915,0.752912687251297,-1.33391629651189,-0.892082894460158,0.621310098238555,0.564345474804763,0.327559494688024,-0.875993255347586,-0.244003676727102,1.48658683254441,0.533305573079784,-0.778212916118096,0.0523339303008728,0.276674370621593,-0.204014485662025,0.305279336277743,0.487200010876251,0.0052675773092556,0.507047804400515
gene387,-0.0730356153860786,1.07954781791285,-1.46210494102292,-0.166093951064941,-0.236438574500119,-0.312172632010876,-1.0264882895683,-0.534559866491428,-1.49711685696606,0.138161225153866,0.462404287539893,-0.794345935314631,0.458405273034522,-0.488125061263563,-0.407013577568036,0.475742779620488,-2.52122737027949,0.334073045502656,-0.126296716385709,-0.162639095335456,-0.755571842202971,-0.826338321055629,-0.569154025878218,-0.813137166123476
gene388,0.151391776567202,-0.319013117948514,0.671664859847479,-0.180982245440399,1.2178247788155,0.0701382527811886,0.504323853585919,-0.156481568119321,0.989928795202343,0.511440089642066,0.518217740247592,1.17048785038714,-0.627334475068176,1.11764131174222,-1.15947061252143,-0.0872008613235597,-0.328074770243338,-0.554146031800966,-0.282657307070484,0.639043654658136,1.07549693960805,-0.289570709024473,0.407505904506323,0.376655179449376
gene389,1.15400727577643,0.0872607671153342,-0.156197951535152,0.887724007508778,-0.947734470729839,0.805817887753638,0.411875724814183,-0.998342832986999,0.0632244185815058,-1.51048548837419,-0.431403848647808,-0.0480896336196733,0.550642702551491,1.28002501963661,0.58732146813432,0.37700861279094,-0.772479171491879,1.07753060937799,0.479849673629826,-1.29877312684627,-0.496639749266025,-0.381272585057609,0.0502490535405104,0.717860448689612
gene390,0.0453044580789159,0.12053777393179,-1.1270804251957,-1.17094847122406,-1.19938317513997,0.319132546685908,-0.32987494929163,-1.02940689229113,0.0800568771584496,-0.542539548444725,-0.518622693304724,0.0063083423689908,-1.19984646851306,1.20141601104422,-0.438086343785992,0.0531062207924608,-0.184548025430464,0.890826996392345,-1.53276057362767,-0.139535169173302,-1.05459312333824,-0.663303208612988,0.289532267884637,-0.983489933774106
gene391,0.2882350097049,0.364403367344192,-0.647814340396433,-0.0469175449905129,0.195984315936451,-0.680609744622496,0.993448523242225,-0.241682580264039,-0.95110257120123,0.659113780469696,0.417211233170455,-1.54594150238646,1.07829625544776,-0.238662181001721,-0.306734174395818,-0.617114516246713,-2.0270594131858,-0.274348265662532,-0.870458969240528,0.16382813664649,1.0644363029683,-2.0809255026462,0.061409874907892,-0.846449049221783
gene392,1.38801674649644,2.13990543416305,-1.26192638373325,0.269278849702396,0.220929056451124,0.218026384658593,0.626191601539809,-0.471506109442715,-0.549395912353001,-0.443892394310874,1.87866531153415,-0.163481425383931,-0.199989816191896,0.131102158847151,-0.618103239693085,-1.07468617562642,0.367405021789904,0.123476869786262,-0.667819890094031,1.1469969652756,-0.506168391083061,-0.513503689380463,0.171428590602125,0.777727918754746
gene393,-1.42467180322165,-0.537405004476011,-0.367383059187886,-0.159309325170411,0.511032459206221,-0.073198739890616,0.52332120717453,0.017424634722129,0.710661653645434,0.631800084738361,-0.362796314943046,-0.0611530774183736,-0.495167258246189,-1.05502412060474,0.765063654204375,-0.295886175109533,-0.172559223943346,0.263909946911352,1.72926048901934,1.03951483361074,1.40458175270405,0.390092695913854,-0.815894604138107,-0.142534608775303
gene394,-0.279930493301096,-0.279962932772405,-0.0710987187302755,0.465759738214065,-1.49820175912697,-0.13576764438206,0.821702658467729,1.61525880039477,0.523105321950307,-0.642580272369386,0.308951531205112,-0.178585980972839,0.95869794738506,0.849658186374356,0.513924322404564,-1.19963838192414,0.375583488380367,-0.0822636109675991,-0.256355789013461,0.709758687962333,0.175743900767051,0.965592181158114,-0.338571408737106,0.749076863077641
gene395,-0.685712466291705,0.463624448092697,-1.27903954954624,0.127423254166009,0.058646634256278,-1.09553544804468,0.532335650876891,-0.266814737442077,-0.444780366606817,-0.443850611006993,-0.0442498366092495,0.0952204089687841,0.0035692447376297,-1.13619844848487,0.413382847812776,-0.37202367048792,0.375065171607139,0.58222209013171,0.778839236610894,-0.701746790120378,0.488145664715012,-0.456109444787205,0.368716232677559,-0.207092934162151
gene396,0.72228914718875,-0.797010759645335,0.815553193256358,-1.0630869729116,0.654010168166475,0.668549139591785,-1.26175682774813,0.606159638782342,0.364218134012923,0.70267368362953,0.0627201885437182,1.36579833595751,0.153560403219701,-1.31269944288611,-0.33741785987748,0.554406680569062,0.697513877423976,0.182828564959442,-0.441951716185255,0.791589353086193,-0.0163398026097703,-0.10690022557121,1.25549316511628,-0.15569604249359
gene397,0.108905073910012,-1.14926220658345,-0.156850240067719,-1.73960621428522,-1.16288705900427,0.750979071233979,0.411987225106286,0.577728415451735,0.0312958657669389,0.414048724750104,0.513651251046631,0.479959081062181,-0.814604158565324,-0.583334845780152,0.708753342481275,-0.601075521797191,1.79524399851119,-0.0764507541022998,1.20470381887021,0.431648340626615,-0.202877044252466,0.552312720982045,0.121933862548056,-0.429944336602074
gene398,-0.816799560200799,-0.0664032800913304,-0.130733658118342,-0.875798853153978,1.19869123597003,-0.171779368287364,-0.158065082516437,0.520016386695598,-0.374307664667832,-0.201833621834649,-0.62980186897187,1.63819892127292,-0.0146590890258123,-1.10496754241276,0.345617984300647,-0.314508716977432,-0.163312921093942,-0.188452631721991,0.286697371446212,-0.573131397002914,0.239941042188205,1.21828165592662,0.0616696884206145,-0.0801489953962032
gene399,0.134615273495438,1.41147085270471,0.910147811332545,0.219137864028273,-0.647879388991609,-1.63131404241765,0.958111375902842,0.252232968675061,0.0334538538615803,0.214200888479787,-0.517767832886294,2.21075434128505,0.782690607391905,-0.304527049316512,-0.05465003833352,-0.443550496587566,0.345473662924507,-0.292084531251223,0.183966557664778,-0.054620069985633,0.182970662515575,0.59135242143621,-0.0199664213462661,0.144409773936102
gene400,-0.349439075261503,-0.555283840862714,0.83059870329422,-0.601899013331354,-0.110084811343692,0.169537402979406,0.698098056478819,-2.00701751478436,0.445203689119631,-0.884361950544271,0.192267668629003,-0.284991073904646,-0.195044235857759,-0.810527101485404,-0.0723046007207628,0.818173773404253,0.282454629264626,0.653436101413989,-1.5678155544954,-0.229635545075847,-0.140940406532558,-2.27678565240754,-0.448973715648709,-0.317509135272026
gene401,-1.85837748321143,0.115576335776438,-0.293950028686271,-0.774284455629099,-0.191428804272013,-0.367693298359909,-1.16356167798982,0.702495147968527,-1.3159308281781,-0.0683026897108292,0.171802893182572,0.430318016870101,0.046992400354925,0.0957145970823357,1.31696222360403,0.720136901451755,0.894071511678957,0.49431792488919,0.336888731160968,-0.282447533454285,-0.188365498558015,-0.106615834219374,-0.283087591792204,0.210175768545958
gene402,-0.0984908243549033,0.481678391304613,-0.443034490929885,-2.52410374517379,-2.62904769580335,1.45194699622303,0.822931908664369,0.478084701669007,-0.286097540754943,0.219063287816932,0.0576777958049424,0.341044965626192,-1.12059796826098,-0.137605555364113,1.4562361623267,0.318528607156669,-0.822388927897107,0.639080668919901,0.904342300951189,0.102152244783177,0.876714458443478,-0.393831062695767,0.960806280392994,-0.332745460621108
gene403,-1.30711200328284,0.0107233820399965,0.447968984300082,1.67251939232851,0.153289949663795,0.472683917001069,1.31744287539127,0.8038144942696,-0.258662907109725,1.72088505328762,0.0427709198461732,-0.0506251462323248,0.293271799503312,0.0752204900976824,0.307502903201846,-0.644630478835594,0.642436465908401,-0.0614611850956196,-0.637347811995103,0.357447569087585,-0.138816738450424,-0.272347287369657,-0.0057598739889964,1.20723977070302
gene404,0.230564005935092,0.011437107457269,-0.11052060906511,-0.103730793072194,0.119743745206828,-0.481316640502959,-1.08077188075976,0.060966955098798,0.908474573209657,0.350886566368588,-1.37130300129968,-1.03829363245623,0.582116960456042,0.527784718282226,-0.10754839258113,-0.222156939272705,-0.0840565574370652,-0.464034991341581,-0.378431076898711,-0.510783566670682,-0.455628321215536,0.730168333912986,1.22864638924915,-1.15325933560223
gene405,-1.0327664719199,0.477421955985515,0.646941518438407,-1.35171162685673,-0.125473473666133,-0.829340989398652,-0.388556249096871,-1.03188241712387,0.616629700590914,0.343698652879634,-0.402509159917784,0.905909074743686,0.385302143109409,-0.849239163233028,-1.14537432720991,-0.659780857509618,-0.426179626189104,-0.442441628495098,-1.03428664800801,-1.31351048334769,-0.812493899762926,-0.357151617525465,0.315528749569339,0.618913691575473
gene406,-0.0246290276961834,0.744034221164352,0.0538981970623915,0.245138646688101,0.0434770436911251,0.46559260478042,0.382982790682937,-0.484320678454971,0.0828653263820656,1.48922365824244,0.635720529484479,1.39542724989714,-0.4044115534633,0.525113521091572,-0.44429970228881,0.252450960028832,-0.583538429539761,1.34671210437792,0.0082075400702405,-1.2643951429722,0.262507832183224,-0.0706523718302523,0.0516456565502079,-0.726870610063809
gene407,0.25439065928323,-0.464361776572717,0.0714099008591863,0.575749469704341,-0.304687227692285,0.539619272854237,0.337911845664902,0.665830708116049,-0.185262141304291,1.28488302241679,0.838205110671737,1.48008684556506,0.760771440550877,1.5478075811421,0.420776307905299,1.05688116593563,-0.0875917592727325,0.833548518809648,-0.195901290133173,-0.0483466483552082,1.42582862695049,0.137438081973366,0.11930444379139,0.898167423222003
gene408,-0.357834048441492,0.0439172595579591,1.59503899065404,0.932924048761488,0.503816471787162,-0.636077733159346,-0.545891744612309,0.0248004001313229,0.247057646692375,0.431803374689109,-0.551871431724514,0.576329325579328,-2.49883707285096,-0.0469765497101081,0.203789149217144,-0.0947897479500959,0.326438913069903,0.189397716431657,-0.225141846271543,-0.11681312521545,0.418616001226279,-0.0512056545882806,0.629217538267444,0.383344160691189
gene409,0.781300264119452,1.12472720167689,-0.993361857667669,0.591698609375103,0.420790809295649,0.102794937812718,-0.121473277325126,-0.721464981154459,-0.728317851936487,-0.753968167135895,-0.13530586835449,0.650769818786928,-1.65526853719117,-0.534704758701341,1.0776027195577,-0.624265901204944,0.730889869817685,-0.825459604582854,0.657530786447442,1.5792980202544,0.106096985686645,0.321785928156543,0.442619405678154,-0.0122651496409075
gene410,0.351987418284215,1.77587157331811,0.659079730658961,0.160871307752698,1.00399841170755,-0.942541235238843,0.251521545432515,-0.876847710082099,-0.701886736079328,-0.159074861078543,0.24382693265609,-0.767625306007524,1.78058152090187,-0.884930289282478,-0.0498934437565365,1.3455063094843,1.64249837799917,-0.176862678990432,-0.535046833433889,0.916469584319855,-1.68858087288567,0.36829043509625,1.29017759747375,0.724639941290677
gene411,-1.09793142575369,0.232038823127828,0.888500847602973,-0.434469719070775,-0.399449666895616,-0.437857465475694,0.065847101644747,0.462081974802073,-0.992129958900086,0.744498951751262,0.335191042490882,0.602313918997365,-0.217833548719229,-0.106085081847516,-0.708218256983456,0.0688533218122208,-0.27698419111266,-0.804154144207093,-0.179757155865741,1.61679163084335,-0.132166236713603,0.269284594712527,1.47090024372455,2.30037411393319
gene412,0.31031798972068,1.15391708138977,-0.187436917108027,-0.164566347742041,-1.93124284009654,-0.89485343200783,0.409304823243913,-0.611593737120387,0.136876862820204,-0.793644314221217,0.0128839190738924,-0.752298674732023,0.434979395579,0.253537996727614,-1.83787758167067,-2.06148933149008,0.217295323106101,-0.127077912377521,-0.0826401663516429,0.124647267600968,0.505811178655541,-1.9561682747274,-0.52680785023116,0.587468412425393
gene413,-0.296443938838596,-0.0391119869289989,-0.220019229082759,1.55190539163023,-0.598956351224974,-1.68867973843927,-0.846901248328069,-0.226557205680239,-0.16170532347462,-0.0249100945949634,-0.480250974764735,-0.628762428036344,0.497852002653582,-0.341082081409387,-1.08283786340292,3.13934818924813,0.0216910360528285,0.743057280724802,0.348107076442292,1.22776158379343,-0.234379536913784,-0.0997020001257689,-0.365758841742546,-0.085556153034232
gene414,1.23579173137301,0.624772089320845,-1.36742796356863,1.26979121161609,0.742588482964647,1.2509984712224,-0.170425515696862,-1.02496589242494,-0.423262890975257,0.1358258622921,-0.0002391829813739,-0.858728372204335,-0.200521391585045,0.268255512312967,0.140400145751143,-0.518282304238725,0.404624186028316,-0.0449806109097432,-1.30973126600242,-0.0900152054687059,0.894193513531022,0.26721200397631,0.056152091406504,-0.386631085156676
gene415,-0.655174131865727,-1.20306043001027,2.49877488609549,0.203951357113957,0.86210077824004,-0.112166947291172,0.935970784126582,0.289659813189191,-1.06450021787084,0.32946623203422,-0.691774078743227,-0.0497516015714077,0.195599839365368,-0.0825914194289261,0.100356591011819,0.267375183580461,-0.583652808953859,1.34653015621546,0.149168986188024,-0.331712969436712,0.342662235716188,-0.162317221409813,-0.123172550211474,-0.696956755509632
gene416,0.499051583847504,-0.142260532141263,1.23366128718088,0.205159169458209,-0.20704994158393,2.35006045267196,-0.249509935913042,-0.742999334489024,1.25419411653197,1.91940561849147,0.0876235717195951,-0.819710191822964,0.978572458559924,0.746741005553697,0.470586871228444,0.571841457484464,1.15045864293526,0.189520658114819,0.137576462781868,1.04919402648066,-1.22266825950258,-0.0902795286185556,0.680231968497742,-0.563661357599461
gene417,-0.412148677560919,1.35670869187974,0.0265754959021249,-0.152801744393199,0.675370898322695,-1.04355101846498,1.29913080772876,-0.552245485254634,0.0711342582190522,-0.0751672504042641,0.969750850219161,-0.280627997563665,-0.203732287928023,0.610794883773799,0.174774155436736,-0.0042088632989695,1.75032520250438,1.30814360087293,-0.503164383424748,-0.97087763001486,-0.0379339841532406,-0.0652215642500261,0.984279371857971,-0.417074379448176
gene418,-1.3438067729347,-0.0119716154173774,0.190380745669828,1.24244223541753,-0.14927502914097,0.626835327765099,-0.730940207951219,-0.389537860272203,-0.123935974296926,0.19044402865673,0.695517710005424,-0.923042256188645,-0.389451986881552,-0.485301298701914,-0.453942749486607,-0.315311721022318,-0.744139480699524,1.36394464150209,-1.13734417261015,-0.0930549718370654,0.557172358494203,-0.276133606639509,0.707115452331374,-1.16671826728133
gene419,1.33343492772116,0.784703581635955,0.0941363969501795,0.808954973610134,-0.665851608547386,1.01228623888558,0.17638656902371,-0.445322059011212,-0.190689353319119,0.783991074679025,1.23766999536578,-0.735013053847692,0.0918617843190701,-0.427354450100598,0.606667474028517,0.213753867810065,-0.0324227217046452,0.138203859744278,0.68346928129788,-0.0774905972528949,0.110198101237966,-0.747162730524549,0.116194899984515,-0.934984533572511
gene420,-1.17893780874499,-0.824610458727171,-0.0737870434043143,0.771074010792548,0.501153477450757,0.210362323608556,-0.0369145148425178,-0.402230145992385,1.41188024054516,0.0113284310640754,0.455057143192214,-0.712655673832822,1.0662490875317,0.645046994919915,-0.21655162297915,-1.49799420161945,-1.67402697559313,0.691971292359141,-1.08966525730339,0.492350625264813,0.418375321013664,1.47611421039992,-0.231256256887732,0.385402508237794
gene421,-1.04318182474443,-0.781847271926603,0.0750241589153321,0.706912901939042,-0.662536919677809,0.115790818395294,0.879781645092251,0.320364298907318,0.82694375891409,0.981512691133861,-0.318919776701363,-0.7657107882791,0.385245666454271,0.379462301455016,-0.281436143592737,0.151282607373039,-1.06863473175049,-0.351196592536036,0.487337083736161,1.27754733530642,-0.571852381345654,0.870723218973558,-0.400410555377094,1.29110852424179
gene422,-0.444218660113044,-0.4670086726845,-0.956736403391476,0.749263621727415,0.0374503200655317,-1.07733828712635,-0.51992321275297,0.74189974689531,-0.645690556385573,0.0135860409035012,-0.476719293392258,-0.598804583019507,-0.91602237663455,0.285962527677808,-1.28094477317539,-0.530774620937972,-0.0553670351814215,0.286657438513413,-0.262458966704396,1.64527205597679,-0.182894128569427,0.527899537109981,0.259026809797233,0.853164726010786
gene423,0.0951883315382393,-0.343959248140056,0.484347399669323,0.392526943499721,0.0425115735169946,-0.393574842169226,0.537701427046219,-0.822269340829682,-0.172500079684686,-1.73321092928535,-1.67738796681887,0.456011734279685,-0.667112472499547,-1.8244637864853,-0.274695308981819,-0.652976357583522,-0.237822406504283,-0.34735401013879,-0.940066034639242,-0.590597040198885,-0.0695967280942614,-0.22905824640188,-0.134271973591667,-0.0857940970372001
gene424,0.678524791590297,-0.660305246046843,0.754669047700734,-0.569321925425509,-0.0519357056856309,0.863135255744417,0.0024477825267135,1.40908882302794,-0.581800731431626,-1.56715356539533,-0.457851742572279,0.429196754898632,-1.0704255994758,-0.394422876767497,1.13432525537085,1.44635326377637,-2.01785524041839,-0.690272262902112,-0.0341321087469977,0.225731210910104,1.48450893702183,-0.150495550313704,0.516897831435802,-0.570054991372808
gene425,-0.911862692824974,-0.585201667659768,0.702830063805438,-1.36694657716291,0.177569057958291,-0.450219606028471,0.838477133477695,-0.12608716609506,0.821076094203041,-0.181307655346334,0.129213438782131,0.0632381559211798,0.241621821381533,0.579056741928866,0.347420865677262,-0.850667729585305,0.459900956876407,-0.177533942551182,0.357161042781223,0.0078059826212424,0.679064418184791,0.391642999935399,-0.404658692882432,-0.0501944972404656
gene426,-0.595758218897929,-0.123508233362675,1.16310711229115,0.520047047524003,0.10208061485677,-0.792150855772148,-0.76761451732779,0.669271488033488,0.135628369903921,1.32796150556563,-0.564536674109971,-0.266150352794097,0.257474705924598,0.615039503622728,1.51021737900784,1.40050054845665,-0.927536292851985,-0.595425177761526,0.0568292207475447,-0.798162781776321,-0.707525875178287,-0.224899335469166,1.47717691322449,-0.544258054709083
gene427,1.22067080357433,-0.025219709317544,0.227468477866874,-1.14902817585138,0.621586886693089,1.08409914832259,-0.352969016657292,-0.357290015907706,-0.0708421338707244,0.598171006004611,-0.660303797012771,0.959773140122403,1.10416684640915,-0.92969128354116,1.9404594352812,-0.117960858420146,0.300825491791955,-0.460142190728682,0.141554359621214,0.463318414295666,-0.866750876423863,-0.124643567524927,0.0493015377796554,-1.60783514090205
gene428,-0.730243729180648,-0.379858738587514,0.257181869053729,-0.456921659354736,0.256128122964413,-0.534951036692037,-0.844867580349296,0.308787354828764,0.18912972660331,-0.336516382010083,-0.686518970419006,-1.72198532792202,-0.389544286485036,1.48149112299232,0.281830844789652,0.22936748797418,0.248065195420283,-0.274435946558308,0.425764673755681,1.11202784287794,0.485925044621973,1.4274029260472,-1.30664660066176,-0.304756791108921
gene429,0.858890209575581,1.22145641228874,0.395568883086238,-0.653387160108565,0.260908940526282,0.60904300017872,-0.863392427557385,-0.432028821179299,-0.324243877711889,0.0878733357683243,1.18707436542782,-1.75428915368083,0.147037666681055,0.358189246237038,-1.46387179227397,-0.32760555676572,0.794975447697666,0.220795193634725,0.688693457522784,-0.454433908376128,-1.26740516381482,0.247869380719844,0.614993662330393,-0.912139978121798
gene430,0.730465956577785,0.0451636302544787,-0.48527293869036,0.157173892918348,0.731836785559998,0.500160419083126,-0.21606833810147,-0.226126752325238,-0.944781118419424,-0.961937084305528,0.153021065869329,-0.240768364162919,0.681948777336313,-0.441914825754756,-0.275254616871023,0.341412769868829,0.370039334738234,0.0678695685238882,-1.11173147155271,1.12298591877835,-0.121903177789561,0.961174588543681,-0.0044652652700583,0.428792204671984
gene431,-0.327208443379328,0.122787326827301,-0.533410977633408,-1.05270169713881,-0.882752141717308,-1.52699059560847,0.633527160321268,0.191496455807991,-0.966733571004766,0.859114515963627,1.1367023743647,0.320860694487589,1.25559085613989,-0.428779522248258,-0.0760594651987084,0.449032006955755,-0.0304834534609938,0.735635069520607,-0.0012565376966154,-0.907692255490555,-1.18663513043788,-0.0499471888343783,0.400840149658546,0.73015877033962
gene432,-0.462302938014186,-0.0452737820396326,1.23548410422654,0.607116891094181,-0.220507918824531,-0.361652448038044,-0.261877284249233,-0.445246454554311,-0.419540607866338,-0.0197291749242637,0.108135560308367,1.13961130428292,0.425995342889241,-0.511807745919495,0.612480879973795,0.237892361147331,0.388557397846493,0.292582887724415,0.541702689780325,0.453072608272775,0.892366376044659,-0.537487460863241,0.211637194141468,-2.03754303223016
gene433,0.577570310702122,-0.816861782213924,-1.49198140251489,0.705500927069371,-0.207948116740259,0.070799772447595,-0.242299688091009,0.125189688711157,-0.593876524550727,-1.40587431311732,0.161855616204377,-0.822303794301646,0.0976648620484201,0.438113134018043,-0.658184430053122,0.551257814881576,1.7224891954575,0.296890337979131,-0.102054051474512,0.574400551029942,0.942837133728894,-0.330135564228782,1.04658129565148,-0.311216261588162
gene434,-0.131936176367728,0.644403571078865,0.61795595192242,-0.335440073316557,-0.437563867356288,-0.272995362426897,-0.0682067521411471,-1.70713179136737,0.10517696107061,0.470298622252979,-0.899086725254872,-0.0057843567772882,0.485977009815722,0.707528481841278,1.72725295909235,-0.972848016169979,-0.433719258891783,-1.33421751838721,-0.971323488981664,-1.12752481568687,-0.461515013914991,0.689276349702801,1.0737584047319,0.115979366974259
gene435,0.263309230979209,-0.462706178452811,0.660818058159133,-0.078168615681738,0.454581175824451,-0.0076064640838784,0.320518941617793,3.00522553501078,-0.87650753275684,-0.31261617672757,1.19072889436078,1.0187546115905,1.04385890148516,0.175185680234084,-2.33925472608057,1.05786359954452,1.57778667970037,-1.04030100742695,0.213063530129513,-2.16057714099298,-0.365328025824098,1.04284042098632,1.09468049863976,-0.308192515547818
gene436,-0.702320178159826,0.449292145245467,-0.437781388383972,-0.991134006568113,-0.401219812607063,-0.553038501095455,0.719638864036666,0.400678076050698,-0.527515146012402,-0.948113124455408,1.25982138746333,0.495126883485469,0.166542351471465,-0.0882063998275234,0.241689668500982,0.169690240756757,0.0325613677617531,0.635465487500314,-1.32409869852993,-1.56661511368343,-1.0961765193369,-0.429958424625304,1.36521698204113,0.871557782590841
gene437,1.88866290327208,1.17886621039457,0.658437862680448,-0.2150285821985,2.27359470979004,-0.705502580661503,0.0048536650990999,0.515686034178922,0.43717598689989,-0.157578520511403,1.49164549395863,0.198880938426956,0.139265312240401,0.637849565749392,-0.906448461034259,-0.301041681815481,-0.668259360024537,-0.933628125447757,0.53046420679437,-1.03409628178694,-0.485482911192687,-0.466786371748029,0.192997423416555,0.660739463069397
gene438,-0.31250429241044,0.865865985332556,0.231580391883491,-1.29517873049709,1.17755102676388,-0.496467782077089,-1.05055190643627,-0.542549982384946,-0.49320369001594,-0.509665893009191,0.0626606120598935,-1.00815982906107,-0.171772142322911,-0.43241756182737,-0.295007761249575,0.34272519932967,0.697745428541779,0.183763185695602,-0.578231137486876,0.320220317709955,-0.180963081081359,0.268833061377251,-0.0564188471437823,0.63620300107915
gene439,0.967530237120501,1.06619725925098,0.0305582271642309,-0.163984326787725,0.520192203066976,0.201218596511789,-1.06680253386338,-0.0910383255278742,0.715943450552804,0.919012537013324,-0.415659400556806,0.789230275604079,1.54130597744695,-0.229586693410123,-0.623456698524796,0.285184048839354,-1.35164330955711,0.22202069934611,0.182463955518117,-0.484037825175524,0.633394448208899,0.0985152994295087,0.734124629107289,0.741237551856188
gene440,-0.13880808890912,-0.50029693262028,0.310488694667534,-0.555714782491737,-0.577586723316921,0.398807039914902,-0.116273022600057,-0.0844376390258843,0.263044577895207,-0.176281187749082,2.00399790852807,-0.783690672192218,0.952221791387592,-0.554239995918838,0.464916798891781,-0.111092499730444,-0.153306483666722,-0.488240568261955,0.141915908287168,-0.524881312086444,0.569167067016461,0.193882681911451,-0.719159808000844,-0.0004417832802359
gene441,-1.30029335214565,-0.0500099948950109,-2.00487162412687,0.207558091467019,0.521147722507665,-0.422812901492756,-0.238658468314311,0.162870682834344,-2.01244031815552,0.428377655743952,0.197549377006061,0.0620823316379777,-0.702587769317206,-0.570304794047225,0.485651756613755,-0.436552970700359,1.04745981700744,1.21656763064662,0.163046011250697,0.37715651768268,0.0282200126236169,0.487160433145542,1.30474540049715,0.545887131109843
gene442,-0.798085914127605,0.362593536068293,0.506146186390099,-1.79400606177469,-0.39569366353428,0.576749483568412,-0.515874827370347,-0.200451428634378,-0.116246245506973,-1.0062274027818,0.804616566281312,1.00457298160751,0.843498367418928,0.0877636191234083,0.188617492475158,-0.808722736608392,0.57802908068975,-2.00032515320546,-0.786004379146305,-0.44108628526444,0.220663288867941,0.356135175506173,-0.468489463654763,0.472907176606258
gene443,-0.173661967766518,-0.756296094755201,-0.0843865829005227,0.844313927016296,-0.941069849575154,-0.557736503220439,1.47052137354014,-1.56341377509672,0.95335896446003,-0.137544427776808,-0.574488228926703,-0.0189471476358348,-1.56233811085339,0.714452186316083,-0.587590562014412,0.651295803506876,-0.624285280359497,-0.809276382380598,0.493029778403431,-0.637230603754372,-0.448881985808714,0.394100375607803,0.516843231309568,1.25692527074542
gene444,-0.456179162265287,0.0188422744254522,0.289794975791383,0.079132924762432,1.84050167388195,1.16862497869695,-0.951107969636291,-0.177439373129925,0.521780246586052,1.53031036819524,0.926148089491387,0.437261766914306,-0.430102317563238,-0.284659192417847,-0.603686858686409,-0.313020450244143,-1.57763810892492,0.74968857389562,-0.228177317936735,-0.114454650833193,-0.29354266245456,-0.260727270762641,0.467294591447692,0.111340656713685
gene445,-0.0648603423603461,0.617832877001482,1.51024033472742,0.486189693393876,-0.727869899184854,-0.356243775154906,-0.927388454692641,-0.970273383471856,0.673301396898622,-0.220644847031711,0.444849575531519,-0.303234699641006,0.728992912329791,-0.636833433648806,-1.40744348420185,0.161728487076407,-1.1349588175432,0.335815201431811,-0.356428294170717,-0.133943055079577,0.0140842877174665,0.178861308096211,0.875900946541995,0.179511497343191
gene446,0.580016893627606,0.520709824764787,1.1601847791206,1.21916046427502,0.0694398113152766,1.12851844515979,-1.21652922766947,1.8696788086984,0.296391791103154,0.281824580605728,-0.722032073225095,-0.549939188024055,-0.528155856134017,-0.0778517672903278,0.782723639867295,-2.20441385364657,-1.02015329269203,-0.480785895218038,1.33043108979692,0.937004503141027,0.450446875972809,-0.63669051542051,-0.241420239287339,-1.00373204849012
gene447,-0.159210772204217,0.415916836471356,1.60716769939666,0.0303115298832189,-0.0754150371067964,-0.577990245903339,-0.872997524057532,-0.99185514798694,1.82371304505263,-0.0426388561059457,1.09965191724581,0.315316708767627,0.516457513943285,-0.252534107077259,-0.203369960147144,0.687118253723732,-0.217083144961812,-0.712813401793953,-0.480866705595659,0.171455264712033,-0.33997696482105,-1.04435270221709,-0.282667210357253,-0.899714019911481
gene448,-0.676046403915881,0.162239352798903,1.0857993464487,0.200636480225039,0.978350909345705,-1.10017392571661,-0.683189197041669,0.60712376427982,-0.590736381699449,1.70383721929423,-1.40976264507277,-2.0347720339826,0.551150238065829,-0.728357760672761,-0.135259786604401,-0.741582993834942,0.310677289945842,1.94232972588881,-0.321931854199911,0.805648297037749,0.179656533372278,0.868378144536017,0.53509903026059,-0.498994162588625
gene449,0.724601501345285,-0.477157746177975,0.176985731193726,-0.325264683241091,-0.362455594479271,0.227220692205561,0.388674441532624,1.11311709347114,-0.115955456320102,1.27228613027495,0.610483884881156,-0.771605173523281,0.0631038862863092,1.28065189702372,0.775129728533351,-0.300329567721517,0.115667205490729,-0.250685302969235,0.108942462190465,0.807537969766141,-0.878887878690344,0.0862188519445273,0.758422105378093,-0.720716253456814
gene450,-0.549665492701739,-1.92265425154094,-0.713625175961468,-0.147053766384104,0.187125013274984,0.249073202029763,1.34950161445763,1.95967372412243,-0.767674347933005,0.474996072629495,-0.531595043448221,-1.27617830337214,-0.551036711822116,0.816569583498877,-0.542390409825178,-0.221557200490188,0.0647103295798044,0.671065703043422,-0.0045772641082591,-0.119552126181397,-0.227053654602684,1.07016593349917,0.54679490830955,0.751921068970951
gene451,0.760716050803124,-0.101779241282735,-1.32328639903537,0.443886275627989,-0.741090913657988,-0.0389818592642935,0.98217425125128,0.296271000948091,0.249450409132127,-0.675918004807925,0.0853761315793992,-0.388506701699048,0.605500883778472,-0.638192780166931,0.779503961164965,-0.613607641749167,-0.0213255946903094,0.723698928058123,-0.03908737772286,0.380608537266211,-0.174726355720457,0.047452656446942,0.303179040178798,-0.302941785491773
gene452,1.45774617679895,0.0097214368962988,0.48525907967064,-0.456880295857852,-1.18355375600658,0.909437571098775,-0.0359832884023072,-0.304058530309013,-2.43300819022884,-1.17325172139021,0.50341170331043,-0.349696713614678,0.0242925523896318,-0.068833801045641,0.916461085123599,-1.0787003453475,-0.609276539786333,1.04210540232376,0.873132236517849,-0.45653759673268,-1.08194272052607,0.587018580614931,-1.17462333357943,0.0864508509982403
gene453,-0.695244049959402,-0.729835064039027,-0.115040857896244,-0.921600290185592,-0.310570639900961,0.598111809820953,-1.0900735698017,-0.781704470155172,-0.706716110652386,0.441656564654171,1.8971173751686,-0.443883491136032,0.549874285163057,-1.1852307795668,0.872511710911448,-1.13437807308136,-0.144475870995813,-0.508908158430703,0.763175148406998,0.411358134728293,1.07763849787372,0.517624103155814,0.702038246755647,0.562864386377808
gene454,0.276975115656409,0.906262358587364,-0.285366580922521,0.437753285809975,1.05145568802432,-0.626488435858219,0.155092010274881,0.669992140152014,-0.0311883148628812,0.150535180437025,0.126973465541512,-0.113486722950527,1.01516808659877,0.220868131577828,0.31483633145096,-0.0206286037107953,0.489499710350615,-0.475912379073755,0.16228448744873,-0.522242135557433,0.644174784655494,0.0661935266057103,-0.635232732451965,0.0912681206365738
gene455,0.0071878735929666,-1.47934628291066,-0.711054831580558,0.558981646110244,-0.609565141163353,1.13588485760349,1.25200963675698,-0.329608318941613,0.603881767487158,0.584194219294647,-0.23184286441206,-0.158096037994992,-0.124463685279711,0.181817990128606,0.559876410552145,-0.888360489876187,0.677896287516892,-0.0825721065175797,-0.387757626073304,-1.05466412646556,-1.84967181255788,-0.221066807622302,0.435151833411038,-0.0112989532425725
gene456,0.804647266196543,0.679262692858839,-0.272043848045619,-0.999767851912973,0.150589566982218,0.792841583250592,0.22914378387719,-0.716311587192634,-1.04571277956894,1.16624558779395,0.20506481150195,-1.52624236119991,0.721536576924734,-1.87226154324503,0.279131634647755,-0.335203239243073,1.25823428355828,-0.465631708521612,-1.35181017522422,0.91162978143044,0.520428417573998,1.60543301742753,0.0308812888839958,0.593824972263451
gene457,1.02834838374413,1.13507626635226,-0.583051118107923,0.478256055542807,0.349977483633771,-0.489016874175895,-0.452199228921148,-0.30649976707865,-0.656531940565824,0.0924402010939469,0.277367325560811,-0.414408252943187,-0.452473861290276,1.4427812669242,0.408294674100158,-1.35656047791073,-0.41145058681236,-1.24556964556782,1.72989176326237,-0.929133500686299,0.0517553540455161,-1.10709369240307,0.0364267380103017,0.534734663884746
gene458,-0.457876301843556,-0.0235106458109773,-0.869901700039395,-0.353130919500538,1.47546680485508,-1.14123814480412,0.347066423424496,0.43819899381002,1.39604180693854,0.0560060825627617,0.190602006196013,0.472239754716083,-0.715945929359413,-1.67871255987516,-1.44483165866424,-0.339036829728604,-0.746436284786311,-0.264316776848274,0.042820707523469,1.36530126190943,0.841332728010595,-0.583004770124657,0.578577499760458,0.111187980242182
gene459,-1.69957580460987,0.994326697137821,0.341914981822136,0.830331188842106,0.187212933537899,1.05275711642342,0.57752904809682,0.286714881752065,0.950162001321209,0.319692667263098,0.0694292381095539,-0.159325764721312,-0.468859692587221,0.82792674898715,-0.424270601845515,-2.07436721746566,0.460698561528741,1.14224176518309,-0.781225300480886,-1.63368329127914,0.0634926118452578,-0.807491654702926,-0.496863367934801,-0.215825016800733
gene460,0.227238031150526,-0.500179030610649,-1.09724880688972,-0.330583832033517,1.26220113980951,-0.112269285860751,-0.417200866436838,-0.207202342208829,0.707658443115079,0.920842129087018,0.217444067023752,0.286837330770818,-0.414375943976008,0.0034845581043536,-0.370091334736359,0.725953490134542,0.457578192346318,-0.408515485671,-0.120681586679144,1.13725617182421,0.456521735894053,0.193925683626831,0.718950202977757,0.401194364776233
gene461,-0.772503901999256,0.487663857079985,-0.17036671630403,-0.986910697894612,-0.226329935448144,0.175116960472921,0.912346422445036,-0.156549124675302,0.149634182213875,-0.392717703761791,0.564107267879213,0.0118483541954703,0.71418230917771,-0.247087111791542,-0.0421803179292351,-0.313738962449737,-1.17469907312829,-0.679219423869097,-0.170100314083857,-1.4351117972072,-0.154101381992761,1.80663010597136,0.236292303840286,0.738682837010834
gene462,-0.435810754281906,-0.0673508610543103,0.749898275890716,1.31756944696924,0.473936299550643,-1.51006649154366,-0.0320490366602692,0.749965055765109,-0.642060003677556,0.776089828821481,-1.67578567765257,0.295671165114097,0.590078036902806,0.287449426492004,0.0081224194626743,1.18158411641832,0.195841748511287,-0.117034121123134,1.92647518856224,-0.168266114307584,1.55573566261556,-0.480703585930498,-0.432319016156709,0.550457120216535
gene463,-0.541440746533693,-0.428750469488229,-0.675813913611351,-0.602330701470326,-0.0353780372601686,-0.367649252537463,-1.00340783866904,-1.52925360136277,0.302186390155006,-1.02334002019917,1.58985955503311,0.142881605658928,-0.17827079854577,-0.779379667367308,-0.706808475592608,-0.753711323492639,-0.887546502086581,1.35010955329997,-0.146994291338652,1.61888371537323,0.286486289025898,-0.166352219029961,0.949661994066513,-0.158265346047311
gene464,-1.19789146458253,-0.441799313125221,-1.21255184473981,0.120065649345598,2.95276243674854,-0.226867276837718,-0.532766713987834,0.545372959463057,0.411808973379368,-0.804386061853752,0.517716687972602,-0.17530489159624,0.309453163878549,1.15923455123627,0.664640715982626,0.023132037226872,0.0120275125752077,-0.200273721683395,0.846359587303658,-0.116957181385039,0.237528930562897,0.45706209735488,0.319715547826325,-0.405004350921403
gene465,-0.332727418694465,1.2307796572664,0.0338013369063217,-0.790629790751754,0.419892459723086,-0.160997028387479,-0.972525718735161,-0.675243756046891,-1.10600817002079,0.856018381311124,0.252623089122793,-0.386095941539919,1.8503163183639,1.02949458107999,0.092174476099074,0.5623853285469,-0.04639902837374,0.328400758050468,-0.785991349033845,0.119569830342362,-1.06912211791484,0.352314923785881,0.260585199354951,0.0133147034664469
gene466,0.610059590896956,-0.73337377287226,0.322011782028671,-0.236794709663699,0.286480542904576,0.424158592920646,0.393951208063159,0.888200105145459,-0.503942894995416,1.64750569496759,0.858991970019343,0.994438746778633,-0.0228741774351223,-0.361933440758489,-0.22710425408749,-0.78802929339676,0.784807802215669,0.949598723732315,0.632127119239083,1.05979357713661,1.30771684588471,-0.578251011522916,0.0591904762019407,0.249903339548763
gene467,1.22291471708112,0.031926896177327,-0.231540158355002,0.355809457091478,0.561531572617183,1.24331105128161,-0.303383302364209,-0.806856237219186,1.41840586527437,0.404743613968589,0.0659174185750693,-0.0617390319955079,0.635459834127072,0.484041546629019,-0.0700981544154934,-1.13547619195986,0.0291025753232031,1.53345783670667,-0.914394684255488,1.19238951642236,-0.721967214660521,-0.31948696475067,-0.06960289033224,-1.48322525600364
gene468,0.152852034101236,-0.0141386144973235,-0.0975612587944396,-0.109342075906693,1.03230463728991,0.140181283904759,0.450204892151913,0.444707086826962,-0.762468468152646,-0.634652013439294,-0.307149759352501,0.869894685807543,0.0579197022507987,0.316954188767466,-0.952022942317276,-0.0733388694052634,0.662998839912915,-0.242448264440663,-0.959604992925958,0.547811040381935,-1.53308362938935,0.106751209440127,-0.711399303840198,0.830788436944314
gene469,-0.733874864677054,-1.26175097645145,-0.179348131764821,0.208321963334501,0.450460091027299,-0.982862069677388,0.680131054994511,-1.01325701213425,0.234354987383171,1.51508941546667,-1.47383001032158,0.592836891411141,1.01654872624248,-0.326250678732922,-1.52679549060201,1.17516558070785,0.361001765556537,-0.665524192408674,0.243133185179278,-0.330603186489663,-0.0948782047530139,0.501210766853443,0.765855610679515,0.0022299934730888
gene470,-0.889977536999513,1.04699505799742,0.0696535940105634,-0.532419460602583,-0.256086943535285,1.25684043716521,0.0632976579072773,0.76571864501761,0.355514345965613,-0.773956563891021,0.561240634892047,0.51046073588125,-0.176496996759481,0.940910064984991,0.380102911710044,0.359937956963836,-0.496135313602627,0.0057877812406832,0.616284367258604,-0.336855900050455,-0.627737544864704,-0.56758823835596,0.034964694683807,0.711481438692173
gene471,-0.203706303508417,1.4937205018826,-0.499119451573376,0.198681332530979,-0.553864047367578,-0.419252903880521,1.09362443896346,2.22695583520389,-0.496211440699748,0.884892380743113,-0.245660419381482,-0.0628718202321482,0.593966410118724,-0.0401588993374218,-1.0523114025064,-1.03225016831644,1.44286346651803,-0.708283443844518,0.640755932425297,0.899537123997495,0.487190040376004,-0.871502245829618,-1.15112714002907,-0.840866600160688
gene472,0.169706294765552,0.193327278801724,0.671610062112831,-0.0786924964908431,-0.123866079210606,-0.169070631548414,0.375592339734874,0.0834862577880321,-1.17280143122487,-0.61779945814654,-0.683250867644394,0.836026541617929,-0.859934081621366,0.0413548888458556,-0.426769252962163,0.40183609287008,1.74942363964437,-0.814443598712711,0.0976319424983682,0.767676815839242,-0.305322976110466,0.507715634099666,-0.526158410990168,0.301768423191375
gene473,-0.473695299984366,-0.411444895752422,0.734618531167173,0.64302585282192,-0.466748135996245,-0.241824205227983,0.373654229914223,-1.19205110407456,1.55742147729597,-0.942087602048551,1.34799562622098,0.159176971711466,-0.500389539988203,-0.524951644381921,0.406457809182563,-0.6579059096192,-0.47148861210662,-0.478526844232254,1.47668283356513,0.522117282229949,0.174903470507482,0.77296482193893,-0.214087748035964,-0.695139727937655
gene474,0.840440651278272,-0.0917546814515291,-1.42412760760746,-1.01560095393568,0.708958145891063,-0.18319302916404,-0.117707009340684,0.0535829996724335,0.645270812960516,-0.162623864997496,-1.61858006199747,-0.0659543311485288,-0.769687770236325,0.453171662454177,-0.239724562350541,-0.671998525627215,-1.17052167292946,-0.533283232614657,-0.0214148234247207,0.151793793172709,0.831946732413111,0.321985030769526,-0.812653220153664,0.31829815114997
gene475,0.876620460165228,-1.42183173814066,-1.5108914047935,-0.916552983190176,1.10640433622044,-0.311409934533875,1.74620705006478,0.0678445607224871,0.825074171104243,-0.997544283968312,0.557815530767293,1.47693296284297,-0.623908097937752,-0.214789605618069,-0.338787729261249,0.272317234595201,-0.287348736030222,0.545596916241848,-0.225450052624712,-0.241659255743744,-0.0155340426589184,-0.634000165903112,-0.456709406339077,1.04689368013351
gene476,0.379901005863652,-0.781439515428965,1.08151947612773,0.543139304165585,-0.378317164236199,-0.67818449914387,-0.16137137932629,-0.152573836861816,-0.750533927795544,0.643897204996484,0.743447419412166,-0.0622280439413139,0.132803510641767,2.70386921372854,0.562661408237744,0.27960479912439,-0.0319790082826978,0.0599230631211449,0.569828553924455,0.845368531727383,1.02309253176778,-1.07355423522076,0.036762292621809,-0.215975595878822
gene477,0.348776672782234,-1.61290826978605,0.0212910567908154,-0.226877284038949,0.885548700410559,-0.609022332228465,0.380860127353149,-0.779444458683091,-0.23236333107819,0.573329165196266,0.276911564346843,0.567876038688067,-0.39752661813667,-0.521592004263101,-0.571401700402513,0.0609944165270993,1.00043226999858,0.0567267656024444,0.639916410853466,-0.613446718651407,1.10902676631824,-0.799940973834686,0.665127919493559,-1.66904938133799
gene478,0.53460637513815,-0.456394890632459,0.681604179658696,-1.10597379997028,0.61906318360954,-1.02968060290857,0.737748009437588,1.12656478351112,1.59936629313077,1.46689266252134,-0.744149466886483,1.02804863725829,0.011804969373932,-1.00917943989235,0.680258395482561,-0.0378651660569199,-0.340301802890406,0.4755660740609,0.997256273627438,-0.152013243008274,0.146402485537531,-1.23464831971798,0.167763775235437,-0.649529039512702
gene479,-0.678274078712703,0.14954366718726,0.421049027225505,0.007920670462368,1.46122483361563,-0.632163483863264,0.338360720062362,2.5135490418975,0.288200475491321,1.05128070749172,-1.05744201077731,0.751710304819072,0.852601363894002,0.187492088399129,0.472036908734717,0.731639705237575,-0.72354398979142,-0.363907682494688,-0.88363173568848,-0.435493428393964,0.300130456027465,-1.3092403993514,0.432121773706431,0.20875283436825
gene480,0.605381865515742,-0.656383083701858,-1.1153887031724,-0.112329601723299,-0.258854780870137,-0.820842344235203,-0.408934628360531,1.28396667918123,-0.337116935974666,-0.625105804701752,-0.0402536641967375,-0.0855641611509926,0.68017372653278,-0.159562974213432,0.153397085934702,0.558392092604585,0.722368827877072,0.231578009341279,-0.528290289218007,-0.216591420940153,0.492414048530716,0.479394649225657,-0.0416057748213333,0.799701584962984
gene481,2.16049744635309,-0.23196512898427,0.294499186499277,0.667286464166725,0.772929435612453,-0.0093498295164999,0.421032619084025,0.252788951889947,-0.859930799360528,-1.03145779480281,-0.187754522440958,0.24760552639443,-0.0265996491515467,0.0823690707465797,0.320866883799063,-0.0428984693084743,-0.141221434175287,0.981587289713113,0.53652598010214,0.373611528884581,0.0512547667296272,-0.399525787622123,-0.111529668326189,0.967283449409791
gene482,0.0019550088639155,0.0175634870973613,-0.0857679911887296,0.339210510059571,-0.364101069759564,-1.00049250503136,1.223314802774,-2.42447449223898,0.189657615670377,1.91900719419275,1.32494522641415,0.516180470665563,1.24480522208591,0.0186424305370484,-1.11691193013962,0.132359238154826,-0.512970776665797,-0.693456480070233,-0.0182459255052563,0.713415228301615,0.321051008789011,-0.0756720964929026,0.0111006828240773,1.70677764402141
gene483,0.428475789929253,-0.145485760497379,1.64070256011205,2.41572114824224,-1.34831006187623,0.666573757954348,-0.196404484116886,-0.466859474409139,-0.353576002433063,-0.968276097202164,0.475841867735577,-0.157741211416934,-0.0567557379916709,0.367524528382367,-0.417575851720507,0.978716961888636,0.483299654355506,0.196918710391321,0.786801559277385,0.262882710514243,0.315901808556008,-1.67721028296155,0.633355438955264,0.0033081222268263
gene484,0.33485068763921,-0.152316401430132,1.0204033408106,-0.654046721979,0.457331276426338,0.185614516493749,0.649642737992025,1.46606122636937,0.373413971552219,0.0809648231059387,-0.832242063045568,0.110429738081715,1.24793365379318,0.69582882516032,0.357421949525673,1.52248516406997,-0.546273035793244,0.18282279684675,1.08857806482173,1.31213470461616,-0.321441076432967,0.309849830238445,-0.40165705578144,0.178937488885265
gene485,0.0046824981582341,-0.97771804546685,-0.624336674992227,-0.439414655282319,-0.906524356271433,1.1960295083582,0.512216066724122,-2.46108542135916,-0.0407525852925556,0.23782230542603,-0.074422573705965,-0.664713982947298,0.291127134892518,-0.0452231643212081,1.46296863907495,-0.950257997836275,-0.38493670043035,0.678831567066059,-0.241695877731763,0.960559393051335,1.45292233831121,-0.760846838005176,0.200931227048942,0.168056058867457
gene486,-1.19032829137965,-0.701173610852163,0.310751205768101,-0.172856427894843,0.0351203519808916,-0.480900440159973,-0.963261185649269,0.285221339682997,-1.16453316145962,-0.69298079431247,0.75502385186706,1.22991208353212,0.761440338578713,0.899746607815841,0.941592760044837,-0.961514761774414,0.354019035356755,1.37691419775361,-1.29483850982986,0.839322994619479,1.30204180592684,0.131405442271027,0.161334783605105,-0.356620380625793
gene487,-0.225095134810649,-1.4737621402147,-0.282042005043969,-0.183965249809731,0.515857446820019,-0.83636937573067,0.20379454113173,-0.253586047724442,0.399688855545474,-0.587805222477449,0.300641646891992,-0.719377000244243,0.386808552143017,0.322959652740814,-0.675967477705493,-0.401302148407857,0.575980288988127,1.25750306362961,-1.62244262725341,-0.24372930968363,-0.257211983380092,-0.0407779624405535,-0.702071943246863,0.216774856421973
gene488,-0.297461838657522,0.220253890602357,1.08236049262885,-0.211425860278574,0.717590878693,0.206495936423811,1.44594421004251,-1.39107139730715,0.824097896009473,0.0867649502468268,-0.541903070886252,-0.076647277890747,0.918674007901614,0.783760408172183,-0.459396932276166,-0.469908067137663,0.935319461909382,-0.548192812877374,0.114265370725767,-0.907107013633799,-0.499844662283618,-1.47655109936264,-1.92884012833994,-0.897148434981097
gene489,1.31950104280646,0.129116206245229,-0.883522986485183,0.491960713126661,0.286163020282639,-0.379708073342527,-0.418920642019585,-0.692405072637144,0.0394231664612304,0.355619875600882,-0.906313012893661,1.00815792801325,-0.255329622222231,1.29280618150425,-0.273290031904003,-0.303189716147684,-0.398676589416711,0.224194539720023,-0.0129498966008335,-0.295196905065753,0.107722921567662,0.204852848476704,0.219742205418544,0.120186814255876
gene490,-0.322539564318459,-0.432249077526632,-0.0755392991742413,0.621320415473667,-0.885550750834532,0.676735000266482,0.963825334120138,-0.750362094570658,1.09103628810578,-0.119131418118523,0.196052014728424,1.33589500729486,1.21589318640201,-0.642679146616539,0.0487265243405231,0.714370022497509,-0.220961943296158,-0.0408297888525356,0.72861091754239,-0.153934092266318,0.0030862072009281,-0.996761111787453,0.360424286820376,0.138295241491692
gene491,0.543652884612154,0.777239532437595,0.505249699125976,1.18611025189256,0.0282672446172319,-0.0373408871831161,-0.668710744315223,0.0436881559706223,0.0046843072694899,1.12438771167803,-0.243979059065208,-0.864295561149066,0.244677667040577,1.70594207275191,-0.940571932803341,0.468134131594611,-0.172361285403544,1.35748801142061,0.15376496877878,0.439160461948844,-0.14995713011354,-1.65957259181664,0.305945236742817,0.509665113823331
gene492,1.09855079051206,0.0995494935737273,0.0049772283008045,-0.0228240416820219,0.0162203818341523,-0.141427761156343,-1.08892891852038,1.02074990527901,-0.684835614226634,1.05993469169741,0.738200668686919,0.285374415805007,0.660499182157584,-0.0157041169228181,-0.395982913754432,-0.799564820477939,0.58591290549013,-0.307171143244573,0.678856240078548,0.397232850030828,0.654101846018569,0.0890693589613214,1.43202534767055,-0.343959088565474
gene493,0.0606554352451265,0.96972353412458,-0.382961452956213,0.512287004270243,0.393022259383322,-1.67529037040125,0.411130262564058,0.305758913729433,0.891939691160215,0.010797090523157,0.332009336256175,-0.673254959147988,0.0970301418558075,0.918187397056667,0.0420283389826925,-0.224102613666668,-0.577781927309275,-0.0258749479361059,0.330841992987887,-0.626317974269132,-0.227455511348459,-0.433725547172798,1.15601350964734,0.571523699998291
gene494,-1.40749492972931,-1.18223763971629,-0.669256990427704,-0.193519820981143,0.230375701811098,0.425455642686208,-0.734665748690038,-0.839809865453432,0.203849603904148,1.98746128322272,0.200145447046684,0.126763616794096,-0.815915697483077,-0.941936581947089,-1.81668808051539,-0.337101975967154,-0.484833954271583,-1.1675124286302,0.810288158928086,0.165607292522322,-0.464157724153478,-0.163472639373173,0.730292828702264,-0.430508401373419
gene495,-0.154320202259985,-0.861892772215579,0.0782464140559361,-1.74728787169266,-0.150452169737023,0.744776039668221,0.708693069230373,0.823826675168188,0.244504921279933,0.863186193162143,-0.255549141291205,-0.194400230529445,-0.192533764621883,-0.135122676020619,-0.870535286558797,-0.209936491264777,0.118789587008628,-0.0891882182323899,-0.394881549128172,1.39850926497819,0.35355127202106,-0.186089355118472,-0.965479963444783,-0.511105538119905
gene496,-0.229931539900286,-0.524004016873955,0.129783090262331,0.424422446975886,1.28973768511809,-1.90621999837419,0.787928779271638,0.0048106924826414,-0.293130439089818,0.508377827644109,-0.114751359094978,0.14220143883707,0.190996142665066,-0.900285900037615,0.563144301150004,-1.30476797107287,0.308018695831703,-0.530982320912016,0.564266127769588,-1.03684125220507,-0.2956856120276,0.0917979071016671,-0.339421980281305,0.167464996303265
gene497,-0.371360535963552,-1.41425610656306,-1.50547089609864,0.224554987461926,0.492874877497289,0.997739864719113,-0.747659707363946,0.0710615623299248,0.152184920800156,-0.810150564620424,-0.680427786203134,0.967130292340768,0.430477642763127,-1.55512359860909,0.384713642215006,-0.743720320226743,-1.79709016609805,0.543703154786822,0.0061813505728936,-0.844389221063089,0.33329902617106,0.281146029116306,-0.525577586052328,-0.327053818714491
gene498,1.27949927742574,-0.615376373860308,-0.129772020809738,0.43618659755354,-0.459315081354819,-0.13429695503497,0.430408466059975,-0.271822085144676,-1.46856948890737,0.843889539297439,0.649326207172561,-0.173043169921265,0.90772045047913,-0.602260476479355,-1.08729684325987,-0.536426434652887,-0.579819256702955,-0.271923396850123,0.822626923616772,-0.951468301682113,-0.266402714336181,0.222913251269902,1.40748040973089,-0.444710667743533
gene499,-0.259761666166276,0.883115783358434,0.170024705763538,-0.79831847004497,-2.1832705416413,-1.01187809479094,-0.31614578004099,0.982353571448106,0.500896389709518,1.47155254001106,-0.485610396733952,-0.0633936869878447,-0.0844148398667611,2.00287965741419,0.688699320122657,0.050533065558556,-1.4858449227696,-1.26672287920744,-0.371053703264917,-0.644200223565265,0.484107512309067,-2.2092970238627,0.076193875688183,-1.6073584819912
gene500,-0.391443070480623,0.662862425621659,-1.60005567182713,-0.0886056704565284,-0.0678637748965736,0.497283985951279,0.614976112448514,1.0472827523147,0.595850211293638,-0.110280922951194,0.233726230376114,-0.31069455324128,-0.638856413135616,0.474284057456618,0.0851099988613029,-0.789911866624498,0.712274884610368,0.289055206266777,-0.877808764671521,0.374416003719213,-0.25052133927348,-0.137823135862998,0.0170980893244738,-0.778187875396408
gene501,-1.55876180779391,-1.77157593952135,1.17690640181526,-0.311596758781605,0.092347922995781,-0.801870372748509,-0.256825014717997,0.690549467092838,0.476004273038954,-0.403751318052575,-0.356266955248652,-1.14823248755054,-0.137540810785573,0.376404047117275,0.0005036667065269,-0.23156665509739,-0.961729346732546,-0.110407496954327,-0.663432462554278,0.140999955397598,0.567942218162611,-1.04464023620342,0.329518069400594,-0.0575370790795215
gene502,0.89505506583872,0.504650878138499,-1.00226701311089,-0.0216110851590673,-0.221434771873442,1.09393010021842,-0.0938158909172921,1.43797060012812,0.59914684396445,0.567544367387347,0.398465872787043,0.572368930684385,-0.104490551318708,-0.75998875126849,0.443123353487242,1.4385926656211,-0.0165845322512458,0.731664302533472,1.43971437649403,0.173902313628237,0.602967156758221,-1.37649557988416,-0.153118334504409,-0.562432871815922
gene503,-0.0881648919345478,0.705674169936095,-0.0757958511504708,0.326579902169125,-0.119634773078834,-0.20109304178645,-0.509898692071773,1.13646869404299,0.630969145266802,-0.627990793205111,-0.48468719900444,1.65603345406922,-0.459334691203718,-1.68397373182486,0.186765849777867,0.0540463582085558,-0.20505784191887,0.908644989644122,-0.455137138109228,0.105502940296706,-0.350653574529872,-0.713040911431517,0.10600789899528,-0.111241350946123
gene504,-1.99022060203818,0.448111539874793,-0.45939958931715,-0.269596773225899,0.136977296128724,0.284152504305507,0.484824709302935,1.0647233602935,-1.37858534586755,0.110569106575906,-0.348763102414178,0.531856958631652,-0.388292532389663,-3.32110593091978,1.35854209585625,0.270012700748527,-0.837741375856632,1.04384485462027,0.113651223892492,0.154006632898598,-0.315935172973684,-0.450646342714527,0.0309913934961612,-1.65706267698526
gene505,0.0365376609311874,1.22837053685158,0.074545301455498,0.682652030511246,-0.878453391654219,-0.311464900587375,-1.0684465263661,0.990680670014272,-0.0803459756576807,-0.71784279040487,1.73923604220908,0.0887969443904426,0.717997454210543,0.800484733039916,0.0189409866813796,-1.37425763953775,-0.81771407365244,-0.222601070519988,0.316743591194926,-0.386551181629897,0.275471883028767,-0.167839179243782,-0.435261089770326,-0.268596738868143
gene506,1.04493073822509,1.65379286985739,0.360566264242492,0.999929323934382,1.02106910487559,-0.0833918260910293,-0.0970278144368499,-1.02373901995576,-0.165841520889368,0.124728861356205,1.25911567872833,-0.392937011580446,0.5352616957735,0.750127963414718,-0.360877159241424,-0.910159231161089,0.24060828874574,-0.321518919221734,0.331299111628697,0.313742388982998,-0.0329556508893058,0.0483673182259186,0.111867400517543,-0.713447504465871
gene507,-0.435401663397807,0.149645210481315,-0.769690733581982,-0.70035609619678,0.0940961778454591,-0.0593758975995398,-0.165879647694552,0.269589223098511,0.526905305263521,1.17263436942593,1.15961491937686,1.24467094289131,-1.32036157143608,-1.04429423717668,0.917397609246495,-0.402399332387353,0.388645275231195,-0.94819162747522,-0.0604054154515579,1.66099434250208,-1.22165367827305,0.951426772537669,-0.315666537955325,1.54424504600703
gene508,0.893904118200325,-0.409314160891823,0.905748499561206,-0.555563017589375,0.100186870034746,-0.622824714385002,-0.0600166049598598,-1.481807566562,0.104059344654484,0.794132995897495,-0.728460574395494,-0.975139746381589,0.444960760769855,0.986831326567704,0.571114366167777,-0.315911412103941,1.25354969029547,-0.445309812574944,0.368498393753109,0.236694321795044,-0.679017226816097,1.76877905059148,0.539461170792088,-0.454700863067495
gene509,-2.15335386095657,-0.165112694197591,0.296066543793009,1.1311650347273,0.205246369661078,0.709530817021401,-0.757001444847694,0.179941276518055,-0.338418974087147,-0.246920105594721,0.230149443766774,1.45211021014431,0.320610500829383,1.83945528435337,-0.608493057529846,-0.260832783052756,-0.634510083537529,0.603263190664995,0.320609434925965,-0.821769580302483,0.718465161684504,0.365882082933516,0.377784668636352,-0.133949394967059
gene510,-0.991875937239711,-1.03592989972516,-0.749465533572317,1.07025321243945,-0.439938929586046,0.768918035193627,0.344414770449066,-0.569448312510654,0.311399047297087,0.296017455846323,0.305479584757771,0.492731910129677,0.0557351909458595,0.558927172281522,-0.202991246148239,-0.820481463408855,0.506027642618185,-0.392304985404705,0.600046628479809,-0.091768858271162,0.347318981461621,-0.418438878020927,0.175924575850488,-0.171047324191897
gene511,1.059654498112,0.795923298878583,-0.450233758805981,0.0287377472503229,0.159698864715829,-0.833082422764086,-0.383734339786659,-1.50826129508408,-0.923112959361846,0.281382607248495,0.52072772565654,0.780306596354852,-0.627042624090869,-0.286027872859688,0.201320282312021,-0.620862517427519,0.458716636594216,-0.115726368767382,1.96862010650921,-0.142490337321774,1.89393823682426,-0.194227032532207,-0.603240987496715,-1.41969929225555
gene512,-0.539049493577509,0.708956695645845,-0.718964731331898,-0.105803843653924,-0.935945806773453,0.15019110396599,0.647669436578561,-2.01301756326491,0.122306101888161,0.27656539750459,0.124926383037481,1.35494323412433,0.572397804643549,-0.0768356405630025,0.394093185727297,-0.379811297394382,0.498705307658449,1.00055528469787,-0.35026226944772,-0.311385286425647,-0.297987780954195,0.214443108042358,0.54057707175983,0.345970242453996
gene513,0.426850544578672,-1.47791013307029,-0.991636056159042,1.86721228213184,0.478836244459905,0.494570123839449,-0.259164724134937,-0.585771389155095,0.0977418284982567,0.378308993484814,-0.31986186078714,-0.508996851785437,0.402679307142947,-0.106223024923558,0.251155672482378,0.124828233156802,-1.56331249336141,0.682461138254962,-0.781902804545631,0.0691461920642732,0.0398352145582987,-0.282232969438059,-1.13482860484844,0.519137274944834
gene514,0.208136730167099,0.648393239246754,-0.778297816400329,1.18153084521416,-0.0357850868576329,-0.567836440384585,-1.01721142299762,-0.635998860630831,-0.10065741961452,0.321954664693655,0.0024207058892649,-0.753248462364624,-0.182858369988213,0.477831446639914,-0.337460928778303,1.799223961307,0.242133987045231,-0.302528713750814,-0.0668490402853888,0.0973611730596032,-0.417969772768182,-0.1758812894141,1.23618563021257,1.30133221638938
gene515,1.03524706018224,-0.999480939818006,0.0691148657087966,-1.18384637081249,0.64345025454244,-0.12617466698263,1.13038072110149,0.0048812500726458,-1.7210439483351,-0.92936595831779,0.149900188900525,0.742151632171962,1.11947142353384,0.451267984028572,-0.559617102371618,-1.35150081608178,-0.254718148471706,0.662292553866097,0.735236326717719,0.0303072898829587,-0.268438926701616,0.0915262390041459,0.633537956464476,-1.59030966003348
gene516,0.674265479816646,0.340782835568938,0.36776793120858,1.14196979001566,-0.0876142948182446,-0.0719141965549116,0.886502905634608,1.61655498997969,-0.395491327537609,0.514198833127978,0.329869568383467,-0.985311828285909,-0.203928931717753,-1.40776731228612,0.37661591768511,1.31143072236123,0.0417865095429079,0.0212190091679064,-0.106020151779201,0.432706972732984,-0.0076173709224374,-0.712305713529384,0.181655659960808,0.25582159619313
gene517,1.64080518852929,2.2441377884687,-0.561039387735779,-0.792320510679151,-0.513227051541362,0.380922638781273,1.22203948143471,-0.315130636735382,0.400544371148217,0.21074676332742,-0.269240857705903,0.0847939405692134,-0.626848522313993,0.13997212851516,0.266808554016604,0.314216459338644,-0.0925387269806986,0.381886280877528,0.0192427596728399,0.512239510382216,0.472938747486713,1.249111781077,0.727664069708465,1.64611879518574
gene518,0.0306450227616283,0.329361096408945,0.254907299263739,0.804492457295261,0.815041122071999,-0.221233353148364,0.336458307256305,0.0251972231406207,0.199923312629815,-0.0443951307526439,0.58372220405668,0.583590147752106,0.477403298067658,-0.249664708055129,0.0721519806143309,-0.8789198027412,0.413956893450595,0.592148111620771,0.462077545743439,0.149629798879621,-0.385989800728531,0.515107880870342,-0.818498417207133,0.714882282798564
gene519,0.749835383908333,0.066572292133981,-0.352347639494296,-0.076718813527181,0.568630500351659,-0.947817578553548,1.27100039560973,-0.226903909034505,-0.216424766190105,-0.156418787422009,0.107491343476737,1.07424101330325,0.388350983764595,0.682904712929098,-0.765294179396127,-0.502851540157856,0.983418168106286,1.05647097947687,0.337629329152304,-1.71277842277964,0.728007043452914,2.15406867389827,-0.955664407051399,0.230977437474207
gene520,1.04383483432215,-0.352802047468253,1.70880520371165,0.066357035514617,-0.359643214639953,-0.511891836835986,-0.473240421150544,0.894136581026883,-0.504948687534553,0.573794793291243,-0.541651951867431,-0.816071066273969,-0.908228892999688,-1.39472969985307,0.711568351919096,-0.39549639914955,0.371657225700941,1.17933474229308,0.657509058562756,-0.385461915167774,1.57793075303005,-0.608034394542799,0.45036122577216,0.29968421410174
gene521,-1.09373091531255,-0.832244065461118,-0.588508711301249,0.340709596093407,-0.34367714923427,0.145502575692409,-0.662229573885085,0.367559098251724,-0.0366163116830456,0.99796886580424,-0.477758099937266,0.224644406546956,0.291905209849661,0.952270295705006,-1.29098759269032,0.0249409970255334,-0.263416321868982,0.040343020481368,0.834171577906208,-0.49731965102817,-0.308369718303685,0.10736857784722,0.0207073071240942,-0.0861435043361528
gene522,-0.0541926096273447,1.09701376214425,1.0156856496981,0.981630462630436,0.893033007048914,0.222252696732885,0.98173589886112,0.100597523523048,-0.728987093745274,1.49507990742813,0.812498466333294,-1.31397723942995,-0.217609499462576,-0.356756305591142,-0.240818565067924,-0.953357202488338,0.749668611642754,0.246511616269068,0.120710032959387,0.329825580779033,-0.626924129553159,0.972194830065209,-0.629074363475248,0.105520722185453
gene523,-0.621071767413627,-0.170153791966611,-1.18077786319291,0.545583029185461,1.18613460854573,-0.760093465679146,-1.28185686213751,-0.506693747915157,-0.414864352717033,-0.156050594402199,-0.220634781352566,-1.48046650314648,0.529849194440746,-1.21272245955187,-0.13486039648406,-1.93643759768129,-1.03388004904576,-0.249461965085146,-0.052272019509208,0.249382282705691,-0.0317873928876409,1.58514702563422,0.089908871141752,0.653932230445178
gene524,0.217137871515275,-1.34979560584001,-0.0831875331271133,0.500993973155853,-0.0746167027645507,-0.121052964168653,-0.15657828740408,0.737844823044713,-1.79543306182456,-1.54897105821496,0.516466207450919,0.309159539370544,1.60810735708023,-0.653096859192038,-0.612119364550204,0.424254143895097,0.610537791682704,1.37469719016303,0.851609498192619,-0.799214177978244,-0.819041350066196,-0.289977142624449,-0.0425172364634001,0.565280786308829
gene525,-0.936740677611525,-0.345631884737495,0.273554019788635,-0.310162046804059,0.78244991232588,-0.391976793661068,-0.135509241555006,-0.678727614477796,0.656409754865099,0.196438478365631,0.182179186370616,0.788397294405624,0.869386715598078,-0.792855207856994,0.257747242938167,0.0837458828250268,-0.884867345901922,-0.393607663685031,-0.344243589675441,-0.110834295974624,2.91463994231447,-0.503997072810629,0.182852297433988,1.05504522829518
gene526,0.0729976372577663,-0.157794819263581,-0.535689560710113,-0.99572591808638,0.407633741297873,0.351753088748917,0.0198182684771439,-1.16731168783443,-0.932351174336641,1.91315208598719,-0.0841835680568209,0.975798144880117,0.59671088054612,-0.0794946921994203,-1.00030072362551,0.705729882955144,1.39172644547281,0.294193960289653,1.16087070691036,2.99053694644764,0.457358816800758,0.226929442982727,0.144652699088092,-0.867303396584794
gene527,0.815073181562837,-0.144250653626069,-0.909790170960227,-0.502967111398947,0.608316382624174,0.110596563823381,0.300310000309724,0.501016408871998,-0.287265571937683,-0.203178101340182,-0.567367768049112,0.307289250108039,-0.160149657188455,0.112288791315061,0.393057579484702,-1.03401207893847,0.0646477800099006,0.588723837743983,1.19561017112833,-0.0670523403651569,0.15109548947554,0.0201751177492911,1.00327279594158,1.23360601697074
gene528,0.39885377533228,-0.590778393709242,-0.639132584671766,-0.328305391379288,1.00840043024825,-0.721620919563957,0.581524691510147,-0.98273058288982,0.575590459946461,0.58485671247966,0.062250094701163,-0.382665609729588,-0.145697704647728,-0.450449379110271,-0.591592289713773,-0.8184001186284,-0.983093058271897,-0.0560964303247563,1.59934003044394,1.05298183226181,1.45866086360913,0.606593441019526,-2.14076037817334,1.36023162303958
gene529,0.737379005564429,0.472437804472811,0.270208228084716,0.881754072240249,-0.0110863662868106,-1.25590601462911,-0.629329505677236,0.453721848051167,-1.53992708911553,-0.183054385876917,-0.326261358867701,0.30383171876716,0.211581986357461,-0.397484587426679,1.00513900754929,-0.657885392647679,0.0576968691592921,0.417138688636605,-1.82231838196658,-1.20977103865366,-0.540999033358424,-0.991909540385053,1.08864157661687,0.420215845585786
gene530,0.788560014663962,-0.137548198824095,-1.43262490221573,1.11662947028981,-1.3387997651728,-0.600644856871654,-0.892474597475773,0.432480602610457,0.874215280262976,-0.129956418006036,0.598109660681785,0.285993293500379,-0.76807796625792,0.556985081012356,1.07844282432867,0.587780805646485,1.65581683014164,0.496634855048408,0.327807067995085,-1.11876879329467,-0.351939547800898,-0.945530549418778,0.0321642333657291,-0.413766425892262
gene531,-0.495561433104898,-0.507777578351855,-0.838068915273482,0.058178206303577,-1.59624869964001,-0.891517272953154,0.89065916288119,0.237119904973172,-0.327441231419904,-0.462341383082742,0.32672405032911,0.280259566548964,-0.587369920481731,-0.758625160756513,0.276452912199717,2.0271882272865,0.335949762532833,0.391750806914345,-0.137440063984834,-0.227549212436581,-0.616240643080398,1.25037980356517,-0.914741299512951,1.32118177375911
gene532,-1.14860293677631,1.45170642520343,0.353956716799342,-1.11149317376258,-0.0683482473190313,1.14209038127902,0.414905249267,-0.413038157393424,0.141126214877993,1.10762129346355,-0.257530956998532,-0.590996834688966,1.15577448163714,-0.885337024337913,-0.626352951693534,-0.0898256848939815,-0.418703834147347,-1.04762100876999,1.0495495262036,0.36540456328704,-0.677181012122351,0.341977927031035,0.0858778888182336,-0.306457924032052
gene533,-0.0313179246411048,-0.561618168904185,-0.218074577320332,0.752794137831083,0.005932536260111,0.226742767183976,-0.405706705981324,0.327000979196313,0.149648740355291,-0.249422761275045,0.23948008144925,0.181527408011618,-0.22836341904599,0.341341898908872,-0.197392784766993,-0.376540984229071,1.07530694332714,-0.494019187911503,0.492265537878441,0.225115785978266,0.206971485277181,0.332891898843971,0.387683550968906,0.400938505428376
gene534,-0.225678710141959,-0.386354478495055,-0.843269084856307,1.30055631465142,0.0148148131128426,0.662268450262776,-0.798394205424595,-1.34283007915665,0.500727837820524,-0.392846956423182,0.939168331137518,1.06373595071684,-0.0072004678047057,-0.0233207876479587,-0.553879662216918,-0.507217663266174,-0.42288198079948,-0.777802382712378,0.0433135820807719,-0.777000268455946,-0.539622267206303,0.897453849551518,-0.114848703135715,-0.59910144861312
gene535,0.494388714682864,1.14940728367546,-0.110558105950564,0.933148466262415,-0.0557573010563742,-1.28471114028317,0.957632686909783,1.14252486538012,-1.00793256104141,-0.64741371562367,-0.30874998533828,-0.734572277657923,0.375903971843865,-0.10552272988923,0.267721834064155,-0.659995279038234,-0.411031206569474,-0.960045851145368,0.737143686854194,-0.271673492406591,0.252907798822083,-1.53158956021486,0.943053184170603,0.549948721053362
gene536,-0.300150563101391,-0.0702108836007585,0.570279644143011,1.15487810436546,0.427111127472132,-1.0733527909985,-1.95918402244664,0.418030030681825,-0.460043538965813,-0.10497180943883,-0.6567260827009,0.0948889823581257,-1.35166120695712,-1.95554631209924,-0.289158529790525,0.379205714212866,-0.767645449620936,-0.975864958539381,0.370938228746422,-0.56103332742563,0.106266464268606,-0.795584141363923,0.586655815407777,-0.227970606474608
gene537,0.576454470559047,-0.438961006269785,1.34502289334902,-0.566615307182693,-0.340791797072119,-0.582563086936977,0.549597129221018,-0.52972572310584,-1.22734415886217,-0.0047571779428519,0.322168130586906,-0.322445180637856,0.251287272455455,-1.00032305057462,0.760941701623734,-0.0239741384458063,-0.575486486290953,-0.524990119542341,0.08429444717037,0.0724586044451181,-1.06948413852055,0.567623637264233,0.221809900400667,1.05811627962074
gene538,-1.46508859309503,0.350045674259919,-0.758228358584995,-0.963096624480291,0.639462438684916,0.79521258165364,0.460508837883724,-1.59279821467229,0.297100366820244,-2.00449110070828,-0.0348794155610977,-0.530702256207901,0.516842880297242,0.135013395998277,0.598971564575594,0.255219106416956,-0.835956967937991,-0.304990421286999,-0.589889673903122,-0.0788415394580446,1.19648655947969,0.237015910568822,0.627837209567332,-0.657727642526611
gene539,-1.14460261767585,-0.141802668867586,0.273014849585311,0.289668167961749,0.602279534702831,0.329195412623615,1.12495597632471,0.122110726398928,1.43259903123982,0.687987038452896,0.596109810938816,-0.619383622960096,0.0387243943974703,0.0823134982518812,0.202714768541174,-0.746083331875512,0.385582173738657,-0.152137026833596,-0.416342845297441,0.914705646275629,-0.538726265842668,-0.699422758589492,-0.911697770634419,0.827637295321475
gene540,-0.963791110016104,-0.533324329356132,-0.333498389075214,0.0701821886116765,-0.303864297329852,-0.45246953557591,0.432890569320073,0.179759642867523,0.152876999756955,-0.643484006600951,-0.232347397734961,1.41704994658155,1.56623191921024,0.0908437207290007,-1.13004062649412,-0.385973808766562,-0.111730872668776,0.239291799419311,1.36491687194339,0.941329932155318,-0.660458087944849,-0.479442818107793,0.261575700108264,-0.868811978461244
gene541,-0.443244627322522,-0.336799437061564,0.1746915798859,0.909218638757991,-1.07758804715376,0.450243779465927,-0.980256013434896,-0.355852505222108,-0.6701476932898,0.147525716851858,-0.209450192318606,-0.366285173033873,0.741832588078759,-0.672079960936705,-1.96516539522815,-0.573799921379142,0.551276157791843,-0.935341928389736,-1.33046010645122,-0.611094685628733,-2.04673182855566,-0.109028465707414,-0.444970366050037,-0.597424399452873
gene542,0.703796212338504,1.62146519306435,0.171952970909631,0.130772142054456,-1.05792699085691,-0.846156781534575,-0.518198886384941,-0.136840830585101,0.135332945506735,-0.154914950101801,0.936389349740077,-0.569288623415212,1.39161923072519,0.435394849636325,0.880338272476717,0.179820300120374,0.788049003203072,0.410186910693462,-0.103935909288755,-0.313451641063009,-1.63829510931901,0.54607588862216,-0.484163582170721,0.834239172906789
gene543,-0.24158109643358,0.57005277262839,-0.308680963188766,-0.226553882267148,0.134185917736713,0.117738889276617,0.277115870604089,-0.572220009376366,0.609473567221954,0.359581339638741,0.658219927443014,-0.898445580149056,-0.174242642775286,0.329556816283147,-0.750996325621175,-0.433557955245468,-0.182023566335604,-1.07819179685536,0.242135368018014,-0.374111231557882,-0.466563778306449,0.931064063797597,0.565647332559916,-0.716706083308119
gene544,0.699988261963848,-0.729170795198697,-0.0402372168017841,-0.0890524240503324,0.728017105566713,0.505919200513543,-0.390509750605392,0.597756833544308,0.551865493330133,0.406313349141769,0.671883692227528,-1.44913797971102,-0.383450910357941,0.410638714146441,0.904596101638998,-1.03994058562164,0.243739651009776,0.771190875308299,-0.0784758307670509,-0.0075081751911512,-1.03943035231203,1.05562171016841,0.577476147671918,0.797020962643346
gene545,-0.0030894114012135,1.64942752075906,0.338571379791177,-0.0256491106136793,-0.275219008795921,-1.53132487130083,-0.859996318828331,-0.331485004531346,0.921399144769087,-1.57252307515468,0.50461177728852,0.713238844493652,-0.424983097155258,0.44567666277049,-1.63482919499092,-0.475053780757776,0.370530455602813,0.433941338787765,-0.0069068561743109,-0.195004181051501,0.0096410910886602,0.462141330942031,-0.451325637864349,0.760453539872667
gene546,-0.100858585954402,0.93098506388795,0.378925105987711,-0.464218487147462,0.265735441759995,-0.90503571857648,0.29911165039802,-0.417880359990224,-0.625801774004872,-0.712053478669416,-0.0978968361139705,0.278104542719232,-1.58172545506463,-0.65989837682651,0.454178122831365,-0.542056659822315,0.746348081714777,0.487566889731375,-0.328265517457952,0.337645468642631,-0.566083387230297,-0.227979391206727,-0.977392021219533,-0.591384766878239
gene547,-0.436548538469524,-0.612667056310013,-1.86492865662576,0.778863352484785,-1.13229068187758,1.08425339672944,0.672956400395079,0.027829264666714,-1.48319682062728,0.529073359789796,-0.636511997066758,0.0958775974258317,0.333984624619404,1.78366069207889,0.311559142072329,-0.331584506204799,0.80260212025613,-0.822534011872585,-0.118230793409575,-0.0053787789714032,-0.341301011483902,0.869179727254721,0.107412538747269,0.79105953808223
gene548,-0.135736807899319,0.0750871826181684,-1.28244761735893,0.20079139722537,-0.862917768435431,0.810839036125465,-0.291451480554796,0.912127331380063,0.259337760921388,0.139404184243266,-0.937396882221466,0.491536201191964,-0.499255312765266,0.174816672168602,-0.610237547361277,0.187151359072321,0.26639753042646,1.01193166193747,0.550427539105866,1.89652402303378,0.0977763863227789,1.11822630257988,-0.215639616228491,-0.573001099415204
gene549,0.10516008585984,0.140486866602085,-0.299310379331629,-0.90786784130874,0.236303104093789,1.85506044158038,1.45928171443378,-0.562462077443973,0.308457410491146,0.0445240681660914,1.13917098125585,0.603938869070899,-0.25476041210127,-0.669654240001064,0.341210669961899,-0.952804163695014,-1.38286110920072,-0.0930667780033124,0.368185011133429,0.491628717020927,0.632255366508561,-1.21495767414671,-0.611002249556222,0.0840424483138312
gene550,-0.265551350135293,0.876153963185803,-1.50336870481663,-1.8647937248383,0.795159943218397,0.202324917185849,1.26848033911714,0.835717274581704,-0.181606288502399,0.950009544781073,-1.03543814926222,0.480778651486742,0.582218936605801,-0.476061635390809,0.39593056509439,0.943335231558904,-0.383586610991357,-0.995372722514746,-0.212723460173021,-0.844847251138307,-0.42606358672679,0.133427875478551,-1.15769189285945,1.21198413798478
gene551,-1.13755885575169,0.142334569912546,-0.562106476617747,-0.111969630682658,0.175230355655851,-0.429614513525175,-0.250836699304628,0.0913076062534328,0.187603621393044,-0.263724577532924,0.230866907533626,0.436893333372477,0.673689682647718,-1.06456686544682,-0.044783066716723,-0.297942629172853,0.162194869136907,-1.13373610792835,0.463185090618251,-0.0022759419064297,-0.284686320955259,1.75503528234817,-0.199471590678696,-0.2789160276836
gene552,0.352930461229853,0.0105495761212893,0.477451582200498,-0.116802280324549,0.821322184489818,-1.85434885967905,1.03148816861483,1.10154558553427,-0.370212001710002,0.636125768088889,-1.45203149891629,0.167025264182888,-1.13022944408897,1.07890699965601,0.533660111982058,-0.233498322285907,-1.21004051943113,0.907920895460183,1.08254837567598,1.03262172838119,-0.230383407658399,2.20020027628512,0.165166184773581,-0.16600796121813
gene553,0.545272463474426,-0.558200840506369,-1.29006397124292,0.44472447493189,-0.839497826866391,0.503989079985995,-0.0219472609208983,-2.46868927665131,0.249332947120016,0.365973480848821,0.0403007179792604,-0.492561858408195,-0.152384653366049,1.0669293378406,-0.227865425989997,1.29457604102194,0.25434263945946,-0.0421212697262569,0.0820515470057461,-0.813494243027878,-2.19928228849931,-0.0762290046575149,-0.249843672114068,0.50663715898183
gene554,-0.0627988465290264,-1.70571369051373,-0.975623158218511,0.823160061244896,0.256306832325602,-1.45359170400801,-0.738190653735384,0.202850792640033,-1.42250735696643,0.487625464176467,1.3005291094104,0.795876530291018,-0.24338622134372,-0.136317863308587,-0.0103053233115392,-0.584847573979568,-0.63968967086794,0.0994953868935155,2.31998878729239,0.0926311802140992,0.622960665614304,0.638125993906949,0.168077220037392,-0.184679539179925
gene555,-0.262633872460579,-0.775673275709019,0.769367005600026,0.0403150671740981,-0.763183755845452,-0.0258479959260676,1.10003263184658,-1.41248627224319,-0.203745779532854,-0.2943457337511,1.00365370338282,-0.16620336585244,-0.184254251648891,-1.23311643391134,-0.717420264330525,-0.4683500983167,0.852713583718501,-0.759970459650628,-0.175688456356465,0.953539972473769,1.00034566604334,0.174858654455652,0.482344684663016,0.0877277634217509
gene556,-0.0870829901791456,-1.10488180634026,-2.73775082519945,0.679654993224937,-0.444611736560592,0.218356318466593,-0.137406569434837,-0.187777283833187,0.248855688198882,0.332558909512667,-1.06586873501708,0.699147534749838,-0.376962364482941,-1.58775160326786,0.618763176392383,-0.474713060397602,-0.321255051729279,0.970275788020952,0.833261968805315,2.1039064976249,-1.29707207656792,-0.365898832265177,-0.0080611929175363,-0.44513597401308
gene557,0.0114577890275378,-0.472746831336594,-0.562543620050199,1.71971628485863,0.653365038919489,0.383814089600951,-0.851425814353783,-0.10974980821729,-0.190995533209418,-0.106008851405608,1.18451780890508,0.275242692407167,-0.39770255642907,0.22723385608079,0.25210428249655,0.463702194161774,0.337772017399536,-1.58457982871568,-0.161667621366371,1.82142004239297,-0.30606758319985,0.458755278375921,-1.1706073870213,0.657092354332656
gene558,-0.157558784498095,-1.60113329899997,1.29906116924892,0.0641460183199244,-1.72632686727364,-0.131817236088351,0.438179230493569,-0.697620873251124,-0.438519361804385,0.20096233782268,-0.732994905490219,-0.574697003494399,0.0186736283190858,-0.124280048338774,-0.161500894932303,-0.287036553933628,-0.546249243808983,-0.274018783520159,0.0523695783191547,-0.0324744519959785,1.39751096501951,0.262704830320002,0.0933264148282899,-0.360822490071718
gene559,-1.89596112960208,0.55951726101872,-0.0164300134010952,-2.85291609162971,1.70112583562745,0.493570225312495,-0.51796525333825,-0.271690310066313,-0.245998179235939,0.170511386317264,0.689290805424217,0.280489366865127,-0.0788579459455748,0.681542176655409,0.358592512612844,0.0966661864428763,-0.417036336877181,0.498559825233377,-1.51499018204968,-0.354316376856677,-0.944008779232293,0.756781322262734,-0.546648306824966,0.231960173837558
gene560,0.110559011809685,-0.733647586070962,-0.0659920203811077,0.511978017897386,-0.960235149223371,0.0905290845848299,0.106723027918333,0.759412087777535,-0.454423158547201,0.148784305717576,-0.125457977280362,-0.770506891467646,-0.0952947075244545,-1.26647145753385,-0.20325564904743,-0.0355996110310442,-0.835519794135602,1.2889564992193,-0.212997780703344,-0.143207904830566,-0.948639761054057,-0.0260590813338982,-1.03694656390096,-0.978811602216136
gene561,-0.214289236064994,1.44985159138737,0.629327664327664,0.134741649700254,-0.0317476486792148,0.857796362328087,-1.5966796793607,-0.85933852599129,-0.51932084662488,-2.96336916412761,-0.338874389534688,-0.684826882277166,-0.746894107013641,-0.13559917585477,-0.0846785503694276,0.895649300058278,0.0157029571139814,1.3039217091423,0.93675329322587,0.131026232806824,-0.161087239591435,-0.67749964993258,-0.33945354423087,-0.440229596498123
gene562,0.841785979760208,-0.143700456126269,-0.734563926558283,0.478812225055758,-0.126293165368319,0.0026663004049694,0.911135062662668,0.0967072241235523,-0.523343144822407,-0.49753307583753,-0.560045227115536,-0.184395900184245,0.575572522364327,-0.422542638255653,-0.828815745139533,-0.817381416039106,-0.552004351025877,0.764199387984651,0.310917441107281,-1.68209030480657,1.07309904357569,-0.753387404076613,-1.10850583509819,-0.189231571627817
gene563,1.01956904988282,0.384715849696317,1.66221197281749,1.78953691644586,0.4023460729984,0.432491936709875,-0.949718383813961,-0.0903989734893006,0.517169764443816,-0.295867923998836,-1.83198996405213,0.605581295667605,0.896126946795737,-0.266822703048943,-0.0431920812558295,0.786928707870431,0.381537356483162,-0.462465451873614,0.256658335579291,-0.8494902524882,-0.846348509566741,1.12149348888464,0.861866264487854,-0.509450008872754
gene564,-0.430405358512068,1.10555943975279,0.264907530387509,0.62204558487548,0.4906871071356,0.284546266544761,-1.74586698995008,-0.0291284727831413,0.269879098452524,-0.233484306390403,-0.734306725988662,0.0416937521607144,0.693012642344309,0.0173782085049288,-0.255557696301099,-0.124202067049614,0.253215549136225,0.087009913396068,0.836921761864954,-0.703123857226159,-1.36382741138507,-0.962608730946743,-0.308987478694778,-0.801514797471792
gene565,0.170802660648569,0.0809186878874414,0.127715896083161,0.518594017064523,-0.137629419994157,0.297317098723437,0.209008455351382,1.55242166609957,-0.212499445657869,-0.215039254260529,0.838295343313389,-0.41078469674529,1.25746082905382,-0.995799789652379,-0.37941808543108,-1.12169760181013,1.30518875728307,0.148556652686241,0.377141456924688,2.0249127701744,-0.194092174801902,1.12484626441811,0.563760959948876,-1.4261236363244
gene566,-0.57190631578674,-0.162883811539195,0.394869766042025,1.1344162717895,-0.84942839685983,0.871890265837854,0.0525272544105809,0.400484183104925,0.128139439269644,-0.425131876112832,-1.12349594836756,-1.15606569171427,-0.297798675002631,-0.360617004779327,0.627192540240275,-0.250578555598941,-0.0102843761840353,-0.135659386959215,-0.908147314650504,0.459384103761491,0.552948342609203,0.267053976083552,0.355892560125715,-0.432910067186788
gene567,-0.432713282012693,0.809551597908463,0.802900515076997,-0.0729752384766229,0.258348097132676,1.42735413403676,1.10769085808634,-0.0130939867388325,0.49548853871112,1.4748282927797,-0.399637371991202,-0.192587352716398,0.563874125987694,-0.161021967569078,-1.3112270962286,-0.847319604966683,-0.694021439226164,-0.607858159073085,-0.567412766008966,-0.138981042309983,-0.7886062534798,-0.290397205357776,-0.425022423866543,-0.989343763230429
gene568,-0.242296964289941,0.913521319812006,0.541610832117585,0.385223668739695,-0.358850141437022,0.922625666914542,-0.134059750041469,-0.27881006975507,-0.678628651757712,0.216011110137092,-1.08351033565602,0.0730401842309752,0.370587023174606,-1.12358337903775,-0.899846072394713,-0.346658119625805,0.335838362267617,0.122490825899861,-0.728097801511415,-0.864703065567295,0.89186635185449,-0.15324678285503,0.391298127479773,0.526886890234917
gene569,-0.537765125913789,-0.367256527797294,-0.173795153917593,0.235240886104911,-1.05654306269253,-2.12459793807476,-0.586059485579016,0.972890937346278,0.766977846150591,1.60313019912366,-0.115757382293469,-0.359591439336876,0.33502447819341,-0.340917383422601,0.734400599191645,-0.0190373301500109,-0.41874921686241,0.675318297982411,-0.796095753578237,0.755928237817193,-0.9797078855917,0.385161303686705,-1.24534174971633,0.77095378364353
gene570,-0.593740147084488,-0.312721151941003,-0.128087397134142,0.389697888054174,2.08470345481689,-0.388984865159906,0.0586170389545664,-0.794719282664318,0.116407871862796,-0.485861013830731,0.854796527896422,0.0709587344868928,0.795521057468653,0.381564913218941,-1.08743350340956,0.830864620888091,-0.268961456729834,0.66067602260337,2.05415827324373,-0.635868820731795,0.697155902116737,0.114980790747674,-0.707961839491336,0.46683783040557
gene571,0.784183152864302,0.0465532955217474,-0.331514580618584,0.992331133670412,0.630753542861358,0.180595395425361,0.481328989621951,-0.372797334168544,-0.107851990257741,-0.916821575826884,-0.269089507272333,-0.0023884606174464,1.44828608862408,-1.33429987447762,-0.959173534889868,-0.511176774393981,1.37984264269404,0.380672037024317,-0.0554794943365256,0.451546757941712,-0.562573756825519,-0.563862282069193,0.0955812010185596,-0.521790449191029
gene572,-0.0711725180541858,-2.8299492094921,1.02556655500463,0.489176828688012,-0.577127176189838,0.266543533135494,1.4698715061189,0.0176064598071831,0.394891530238507,1.98638035883868,0.256480174118448,0.367040675483169,1.19564624429891,2.34164502804535,-0.300798192542892,0.0269065342634389,-0.434383472157571,0.653369702593085,0.262865704872201,0.914633376107165,-0.253467765405423,-1.79083315365987,-0.432274863438901,-0.708258494768227
gene573,0.114669961941816,-0.761860590743296,-0.246585734462647,0.767111949898325,0.7292916098187,-0.91490082465807,1.76500257352415,1.05386547576565,-0.711116279101041,0.547004913860736,-1.96301648536444,1.43694897959669,0.65223359145263,0.562953099292592,-0.0750341992769297,-0.168583253530688,-0.945087854567017,0.354262455122822,-0.242458879372696,1.46318243511023,0.352249465406333,0.344393832968679,0.204654218442234,-0.533895330583478
gene574,0.254650758408358,-1.2120631327799,-0.899575722244483,-0.495047201793126,1.92029631757145,-1.72196800338879,-0.352185790099593,0.6103300319189,0.659361413271025,0.486535941761754,0.415356102584511,0.532062632783761,-0.378732517584653,0.120840872461525,0.1434518344785,0.256253929073776,1.54067694852551,0.705860964505212,0.976147417703264,0.392897444942175,0.0605440139437946,0.367468114516565,0.236559887292868,1.11914672534552
gene575,1.2133354883287,0.562091629962594,1.41740141974884,-0.601670042008395,-0.17938144508789,0.601358911490122,-1.29171893569731,0.943754945276615,-0.26420302014213,-0.50016363058939,0.118490742698284,0.227183504782347,1.31495899626257,1.33457085105027,0.450264964465861,0.19836163993088,0.640649925284971,-0.562511895611523,0.467578643031582,0.0117575415226015,-0.605438509278947,-0.378101998574054,-0.668889522013513,0.0568871124641633
gene576,0.536753979172641,-0.543341289343418,-0.633310413706378,1.35520500353098,2.06076709067146,-1.58071488107964,1.34668795748874,0.113555146926286,0.259307455618361,0.480629710033022,-0.182265616156913,-0.145663131927259,-1.20740297221938,1.55592563156257,-0.0184627803802467,-0.0960711912202966,0.251478152506986,0.31981659145956,0.158267834014142,0.383413610731876,-0.707826579669439,1.41697859817532,1.51879162283029,0.194284032582171
gene577,-1.29843409786715,1.8275723226183,0.150826472020637,-1.33713414667882,-0.889789380467656,-0.921370219079569,-0.254319134163455,-0.547834987717828,-0.514213459033888,0.151720887170303,0.632853848666173,-0.419392080625433,0.383115776007523,0.229741505995529,0.658542215975332,-0.660926811479182,-0.611161523683752,-0.141969369554533,0.0767018351930491,-1.05782771579726,-1.18455146847638,0.375081379377743,1.43267878951637,0.280728386643674
gene578,0.111639223182417,0.268142814996562,0.162164165378111,0.0672527607597739,0.492928992854829,1.5226466056083,0.549933890934445,0.346688481170068,0.734612241386283,0.657877546177771,-1.0538969908887,-0.32798079918948,-0.203807277028086,-0.413498347249731,-0.826542631048631,0.142681140808227,0.660752196109692,-0.475422062740851,-0.710345943435261,1.77012625132378,-0.949418493340767,-0.366938478929751,1.99487038888012,0.412564902608303
gene579,-0.716318980023371,0.643351223362658,0.442756135352783,0.872469006182591,0.967975094987061,0.859456660336619,0.95430077986865,-0.201354227922514,0.670247322918068,0.618744467019211,0.180188492060871,0.230722580777704,-0.145708055402781,-0.737463188361899,0.979131377334275,1.11653627591933,0.673523806146658,0.647950659081973,0.222949546046049,-0.583387595705236,-0.0990211666322974,-0.107769213912526,1.11378721209298,-0.0632411356673541
gene580,-1.38011581734956,-0.720074637455106,-1.44845364913624,-0.50590421507136,-0.334289276722308,-0.760468641503412,-0.363773328895877,-0.812880375753047,-0.250617049604291,0.26792379669383,-0.0398952310433062,0.57053987746436,-0.607040867222387,0.041072728074726,1.01159029077032,0.968461607574691,-0.812242762407241,0.237862704951567,-0.0041286389456452,-0.370465490849275,0.157717667607544,-0.0476023751567681,0.114154705510423,-2.37354251021079
gene581,0.449023404901171,-0.261681167728668,0.132783496018006,0.468355282094467,0.486860259121955,0.135276770217791,0.110978083175509,1.13924651594687,0.159351572909542,0.544286532319064,0.107572441823988,1.19404351599384,0.115609665544478,-0.174614885564164,0.0782143647389386,-0.593065031649518,-0.022845629336458,0.325803278746925,-0.272016239732404,-0.0281058017068354,-1.3005114265218,0.831066448224468,-1.7961545309481,-0.930235168511641
gene582,0.781104140105842,0.214044386424409,0.610398558451133,0.270318710401511,-0.0893480016760666,0.233713380209603,0.257556884368568,0.621526551824135,-0.560875525042624,0.733831870844204,0.879771941377346,-0.185798831759052,-1.38165783820989,-0.623774477120742,-0.593373579343856,0.772556359091335,-1.20675091358081,0.7235960246189,-0.237380785403787,0.606129457638878,-0.417198787672558,-1.19696381280196,-1.76533486159968,-0.381564047162051
gene583,-0.0826090154767913,-0.405628651745772,1.19975514278664,0.589881169889545,0.471447004004344,-1.41018420164232,-1.33763755268244,0.551236650501176,-0.0961319097746789,2.27581958124592,-1.40629486848199,0.0804510512170081,0.325211422633251,-0.398787054553421,-0.424950473713317,0.200436281717176,0.58641514077884,0.174833953443986,-0.617214484366395,-0.57241484997617,-0.285058042235634,-0.326356680723256,0.203879851579085,-1.54793450345143
gene584,-0.256227171257412,-1.93378340474441,-0.948730073267529,1.19190421942163,-0.337503485756862,1.09011968519217,0.845669187619013,0.831357233617041,-0.649076417613653,-0.0466422301468773,0.325607670358247,0.739351222183741,-0.0198898287712707,0.611443141700121,-1.23024829526532,-0.0738284399003127,-0.55161919484549,0.412060628469049,0.952379888307186,-0.134064583850951,0.434057420011731,-0.815318352029039,-0.290456050005941,0.450104559579607
gene585,-1.39425995871692,0.698283979539703,-0.0246532886442184,0.116952705266729,1.33965352300297,-0.778458160137282,0.50425846054609,0.149270833324051,0.046774290928834,0.607066945353089,0.440816757592153,0.056139289569435,-0.454620091597286,-0.719199136073522,0.268362971069172,0.538763987120802,0.485552284891966,-0.228879322604457,-0.948680085338987,-0.055090328050424,-0.207029520760644,0.466221848995972,-0.121449838372146,0.34143754950618
gene586,-0.847474362549513,-0.76343449811606,0.279917446579226,1.14513286276289,-0.325293528715611,0.299268761923932,-0.491859553200778,-0.358364830295391,1.92681049416428,-0.894347470023166,-0.365940849352231,0.304453649823692,0.503358235972552,-0.196700163839427,-0.580951554464879,1.27355904641429,1.40888371040458,1.0180613216836,-0.893958594634227,-0.731244212956304,-1.00038095213992,-0.0483370695622516,0.167070655137077,-0.633881259618874
gene587,-0.855215349795512,0.680725674092223,-2.52148652204286,0.86979457469129,0.753986795777647,0.867857638732307,-0.0439233393420418,-1.83567938814045,0.805483460586932,-0.323966824192287,-0.384223277481305,-0.067574340506942,0.02831230480704,-0.809560368771518,0.120188977771563,0.610691862215829,0.768596987516198,0.43104388903116,-1.14785163440736,1.25218283150016,-0.682069022122595,0.908808732325431,-0.108472054533891,0.723867775976192
gene588,-0.493003915299662,0.33832041287439,-0.0952298222280279,-0.0269049157408121,-0.0012485895920241,0.0902233428777591,0.987538752807652,0.152688129055722,0.0524609112015104,0.015922517927108,-0.364735025183246,0.0085441111281468,0.0153057547082117,0.474217772865119,0.0650499323796214,-0.053008882903783,0.248863916290492,0.955062846513245,-1.03789892116849,0.230012246153892,0.740220725976057,-0.165184411980109,0.568932961380844,0.454543430101531
gene589,-0.202074457644048,0.170531368158449,0.162589803612044,0.239324319476228,-0.509990756224812,1.0133473980234,-0.995596821110421,0.984760331776334,0.474404370984921,-0.973118366647246,0.304592743643296,1.52183814070279,-0.655679712523726,0.564168070718338,0.0524081324751963,0.233820036075233,-0.559593838683165,0.39182082520476,-0.994844124689076,-0.734138151156103,0.898690532185519,0.374977188551874,0.262161960044058,0.290650423305939
gene590,-0.460457304480227,0.258047299540971,0.773017487362922,-0.884880840335747,-0.314754982838074,-0.802896444753392,-0.954202863985061,-0.799361421133241,-0.0965200474509664,-0.0150413568377499,0.607328379838029,-0.457602332939786,-0.316728484489827,-1.51000746178798,0.419160242111879,-1.32102698348019,1.2851088352473,-0.585099089717502,0.69283707375266,-0.563715585640595,0.997918623234055,-0.15746165747936,-0.978700934225145,-1.01404717947955
gene591,-0.039018425983936,-1.26638143425971,0.0345226422021748,-0.690982048719114,0.426829649686489,0.56636600726765,0.180601353667096,0.255920767890914,0.0827434423745724,0.353288441633536,0.840172820075696,0.0505132413954685,0.84444968765154,0.889817784992336,-1.68978510125848,0.741690862673379,-0.243814880405442,-0.37384717332407,0.0458695868643793,-0.170626302358213,0.0130107712958244,0.439227259138346,0.900219224995592,0.262032870832827
gene592,0.355152367750053,0.328278700135147,-0.641725561736539,0.379176362756371,-0.487401437249668,-1.75414383138492,-0.76441592055711,-0.723511173145219,-0.228297123221913,0.0680134429828775,-1.10206205974423,0.732859856840759,0.504812022338756,0.433756823852609,-0.0615081172590393,-0.0536603101388365,-0.141916669670893,-0.0419713896168946,-0.292338285990945,-0.761723934835694,-0.661994582757599,-0.17056534362954,0.577787510606017,2.12918108894614
gene593,0.7182454719867,-0.461106819066026,1.07661287498669,0.390319414810669,0.514836658700369,1.63306662524852,-0.675533103931329,0.409392758076242,0.903723574975504,-0.208375693160306,-0.754296856188074,0.437375326094082,0.24557792234566,-0.858886649883655,-0.809426412244743,0.87508572099827,0.0436603734375237,-1.01679658113468,1.81113442772306,-0.588907232300936,-1.06445906640593,0.471234139998301,-0.138257912184552,-0.011136150732214
gene594,-0.913672987605113,-1.172930406317,0.810890040471864,-0.72634169315028,-0.0908827792145994,0.541726835644105,0.203316691156718,-0.934236375490746,1.00718767091752,-0.667296295187316,1.62757807955562,0.877178041434019,0.622538418963557,1.2738940491831,-0.345335117827784,-1.24178210787347,-0.758063855436983,0.558359911435259,0.304286543192206,-0.776100215640945,-0.716917438121825,-0.249167764250216,0.856190937580101,-0.314044107867216
gene595,0.217388921954473,-0.891113385688716,0.493374504266811,-0.506308672093878,-0.0920376796628933,-0.307500684373308,-0.0988259116040089,0.346730359614836,-0.22197506138096,-1.13462311605028,0.647965212027439,-0.340058779703243,-0.09201711560529,0.707708325175043,0.168070186912479,1.23372742265073,0.535220624384349,0.941774350642948,-0.258761046569696,0.563853153210511,0.989563243192315,-0.274957738709466,0.0522960980712785,0.310843093794367
gene596,0.939346835865256,0.152923230373654,0.441293945592099,0.538274432355831,0.239917316752504,-0.257883638715589,0.81391793281993,-0.675572554010475,0.185969639358409,-0.137259738069947,-0.814726594403291,-1.27798100199313,-1.31342486929137,0.0806193861187992,-1.35284255658319,0.559616358092529,-1.10490988897157,-1.30100325717388,0.206606813978051,-0.519443373913317,0.308596440047815,0.540432893337524,0.775310509800172,1.26574917629155
gene597,0.410299788057993,-0.202508675687883,-0.425395343715282,-0.63520176250203,-0.916460876775358,-1.45271787848849,0.972196040754385,1.30856603034865,-0.351685010852981,-0.0601062709565785,0.837139818266212,1.31947232968167,0.771016112443057,-1.98105669877817,0.186587954923283,-0.278966731664476,-0.0571210164926103,0.0015781189722919,0.453021755409894,0.44871208826491,-0.532985718621884,-0.185118415126897,1.15266345036257,-2.00848382449827
gene598,0.245138858327097,-1.92145366995783,-0.967057254706318,-0.267404610698325,-0.251749531922607,-0.193149170309248,-0.499116574326252,0.218431774647198,-1.00331783445753,0.241572115899213,0.597152345715574,0.212432608160835,-0.503275279348827,-0.978259221785225,-1.01498420859499,1.13894539044183,-0.427715335882409,-0.666690635030031,-1.32081567805193,0.0021015503942868,1.55464093660708,1.57666697191412,-0.630180763850773,-0.213301707535936
gene599,0.338038747701566,-0.971642274158016,-0.536569687672741,0.283127398911317,-0.239934032186734,-0.199483172608524,-0.491990368540526,1.23320004359357,0.432692299650992,0.961287797652563,0.768540837470424,0.0490379997362999,0.320946690599889,0.0732569832007616,0.0904568352154008,0.0020156694669877,0.257996525742545,-1.26732817244782,0.737907761424427,-2.18408722233869,-0.0261586704308645,0.0913111301790914,-0.125853777674678,-0.511530152879556
gene600,-2.02751345387552,0.708488678205878,0.0568109687097377,0.476678970200253,0.67264222325853,-0.780530958968055,0.670745259744799,-0.538994787057888,0.982242809654436,-0.627669266054184,0.71297576065431,-0.139610167281109,-0.167946915880233,-0.642760472192269,-0.0159435836987996,-0.722444499089533,-0.739555538623557,0.801267909989242,-0.421897715371287,1.08511592094679,0.168142346786096,0.908501262320841,-0.877580522488893,-0.982186620537964
gene601,0.717275276686492,-1.88272728212517,-2.37360039221268,0.36863167083615,-0.405660147997608,0.742492633663421,0.046548931003839,0.6719371655733,0.361429117853395,-0.559835772288557,0.284843739392593,1.28267882183392,0.467613023142304,0.244814979843239,1.32364441315662,0.997346290621279,-0.254506082877023,-1.77355738763167,1.0966959267484,-0.929007117275106,0.382367885052205,-0.425550895365956,-1.13040113560075,-2.45915016637706
gene602,0.55333188463544,0.447204122008528,-0.713041723317895,0.254700215703951,0.504868249679518,0.556847055209821,-0.109310294489051,0.499515696497334,-1.5742146455573,0.211113986390424,-0.214732726374113,-0.0577623699731361,0.814485681840453,0.485058113364412,-1.01702859134095,0.019421180481001,-0.547027446993524,-0.131201062299023,-0.466494472755823,0.423086391098585,-1.65293019532334,-0.0911148293454908,-0.0971383077660476,0.308717166088999
gene603,0.334691212758458,-0.739010836634785,-0.234401296839861,0.290993793589079,-0.401825633468048,0.277025494580249,-0.121527129020519,0.520977527955588,-0.521667882035753,0.104066671421856,-0.642366979871072,-0.333383481465927,0.462031346831071,0.142523427749911,0.589161801001348,1.12109606840228,1.55037159047804,-0.240724339392786,2.08658152839042,-0.377899235834196,-0.575139220844821,0.137250401146946,-0.142563650092872,0.448901333100829
gene604,1.12649280544366,0.507561339847423,0.0194768905491446,0.109015339645037,-0.825043431877204,-0.0857947765905286,0.333984111069823,0.670476204367367,-0.44215870970438,-0.158003179679252,0.50567990034961,-0.755251202226817,-0.354840335161594,1.90047856203745,-0.151876426286283,0.526260792892681,0.726319393535526,0.0560407595343387,-0.590988168873751,2.2180186151308,-0.991280540239941,-0.942603742374378,-0.132975607069131,0.0962837212072648
gene605,-1.14179363330292,0.12935889698533,0.178750321255705,-0.0007297229096177,0.435488508898529,-0.682596599988849,0.733786504604389,-0.0984700698650323,1.30165678723991,-0.550950276333782,-0.67068471282759,-0.411700381068472,-0.023984204033891,-0.317830220046867,-0.145275649351663,0.195915720818459,0.12441805233203,0.306534841429739,1.1570401441621,1.34703523649772,1.27699661401525,-0.929370700632052,0.451630642808643,0.533595180534968
gene606,0.138928618350473,1.20633065388488,-0.514189835367342,0.0718034978825442,-0.179094337901152,-0.57886463662818,0.524684757819834,0.0179197654746835,-1.29316815931512,0.719950524021604,0.50132590563573,0.499667288334677,-0.308381589818417,0.309378643076149,0.286579411681054,0.634785145461587,-0.728365882687426,0.368596361221856,0.210339765735219,-0.520651897099021,0.297465074387053,0.109617411171838,0.651724153426003,-0.351838931968231
gene607,-0.48504528453528,-0.504588325705638,0.20841443981825,0.232599419441331,0.129301905712037,-0.0726417045653014,-1.00194756499408,-0.611988474374313,0.151137237183251,0.193462806629208,-0.245000910743954,1.90795103387564,-1.42239218111365,0.779600596502525,-0.875423990354098,-0.468481014095724,-1.06446639336756,-0.202545345918446,-0.510062207271948,-0.736359491835281,0.527200175085865,-1.73557352388251,0.367628758138616,0.222897196912513
gene608,0.421609181539606,0.0014153930613536,-0.679783072219104,0.744839316395637,-0.0874561820643466,-0.99282197640858,-0.469756990616121,1.82977901862787,0.781929189881597,0.195105802587433,0.3072540003933,-0.320349826697048,-0.281830555605493,-1.03949727348888,-1.90609351550163,0.0663152712000575,0.623977651756556,-0.264287299686063,0.861630357900854,-0.0349599360342668,0.955170545382055,1.03320659462514,0.167208850051628,-0.124302054407496
gene609,0.41521201540636,-0.0618885825149343,-0.591366981734584,0.282304375415313,0.245339775260664,1.27790686684778,-0.218311266395733,-0.083511280631535,-0.888888012907771,-0.596185600073412,0.181795824290423,1.07013934920688,-0.917800421861486,0.247254365083657,1.00821670832117,-0.154222933488616,0.0256828185853845,0.667873908070038,-0.143122759925869,0.355545835951456,0.177879641602981,-0.800019418835184,0.641269220362967,-0.153121270257304
gene610,1.2365428099921,-1.69663492164221,0.0933146041961269,0.902878109361086,-0.788725728923496,0.558902971940441,2.87700925424837,-0.782469451174521,0.620615591139963,-0.515532546761918,0.435254408274401,-0.0145337613955273,0.0649780243146381,-0.410999179988058,-0.547663955042128,1.08575067765146,0.430057096449815,1.44121117604098,0.525418230343979,0.314299492145422,-0.98866769299399,-0.604017409525039,0.744215442010019,-0.73356192815992
gene611,-1.00535287134591,-0.0580831118578336,-1.64730481735551,0.803070154228674,-0.729139925497867,-0.117498892426214,-0.086449601137191,-1.05393020600911,-1.5656331637208,-0.80901063079487,-1.1335909961252,0.100160250926601,-0.159414839877233,0.0294692224077367,0.164978578984597,0.131706468314776,0.913699654883593,-0.901740851742527,-1.73199007095202,-1.03000016350084,0.875702158963822,1.75552353820973,-2.07870922220442,-0.303175899582382
gene612,-0.306710276932792,0.732183480086287,0.71634225423952,-0.642574950213303,-0.367118859084797,-0.169654328008949,1.16443004273235,0.928646661711192,2.05376815113864,-0.677751594530683,-0.593892131355731,-0.514396359661709,-0.627392819182709,1.23574005957817,-0.339500634355246,1.06168639259302,-0.62919003131666,-0.294055768144076,-0.215750101588609,-1.41321294430226,-0.214111443035246,-1.13849378360663,-0.59319455630193,1.21011661476492
gene613,-0.930950312459577,-0.174483826296414,-0.0674863267288582,-1.2616614748827,0.393687140746723,0.511659702262964,-0.033294235719211,0.269474961785632,-0.369078474428652,-1.50900917404639,0.512036387172093,0.417233920259284,-0.292517207887907,-0.0045623570445732,-0.0288783670570266,0.663476881968776,-0.323704829932445,0.183370095417692,-0.115342938122789,0.399916259847622,-1.11031862365989,-0.338324486119896,0.111559400048036,-0.325186060894305
gene614,0.747136229388152,-1.14667030836531,-0.224786318980104,-0.140596301162863,0.626108853924562,0.0945532041386352,-0.654486686367414,-1.5657211165535,-0.45151877346746,-0.0289609661362437,1.02009368027123,0.5268607493024,0.443982152366173,-0.779375471611436,-1.77341802519225,0.729492278056745,-0.499304564299109,0.148319760335496,-0.899319870943459,-0.710540472630343,-0.294130469682528,-1.15646256741716,0.421499305642441,0.0462188559243354
gene615,-0.373449263988288,-1.06327775619018,0.192879543422527,0.132757139209757,-0.239562516248488,0.163267457020864,-2.42487860862118,0.439166590635003,0.550216758670776,-0.268322015564567,0.0286573889320498,-0.391600378161355,-0.741211743196555,-0.211645869165323,-0.468758011000721,0.127477601174155,-0.914705553679058,-0.111505456297289,0.765826365677866,-0.74308907251503,0.252552799376555,-0.145387786563375,-0.513672317053992,-0.291617400484675
gene616,0.668440419430944,-1.39301944235631,1.01436609378963,0.334655264451327,1.83241977446419,-0.243323100176232,-0.639403768105409,-0.786044770333368,0.0482814093707518,1.71405245004924,0.167101059898348,1.13845220400298,-1.12219463734851,0.428371126223623,-0.203809658236077,0.854162355598566,-0.112327669862631,0.347905708047829,-0.266361989118726,-0.172540882177607,1.27137914785844,0.3917430483381,-0.343981426288196,-0.304759070572955
gene617,1.031839619133,0.154029776134684,0.494387800901473,0.897130871665894,-1.3622054340716,0.118026257905519,0.166869484230038,-0.87249014514874,1.0708930102037,-1.30535037392788,-0.791525055964274,-0.138364881831779,0.167508941392509,-0.0816447067051673,0.987024259064432,-0.207870631485964,-0.953511568507023,-0.340982563011098,0.223104323401575,-0.342716894639943,-0.107909888844065,-2.35590683701462,0.462143976668927,0.668688151518944
gene618,-0.0127429447834579,-0.677820850743969,-1.04089412175515,0.191142496496898,0.823355921492322,-0.0644919555250091,-0.361592631740496,0.168870683871025,0.124653112630832,-0.105118467555712,-1.12399061785969,1.24964371496048,-0.79092395044964,0.0641508229169058,0.383431432905448,-0.936330879305446,0.957152610997706,0.505076741225399,0.408590248141148,0.611152695998401,0.0667869181739361,0.169390691668347,-0.157361458994528,-0.424874944300651
gene619,0.285932335235381,-0.0660303900395169,-1.10410583827822,1.58908936682495,-0.849432400984642,-1.38504599977895,0.553017409348165,0.44431718358054,0.126857244163014,-0.888235164692501,-0.358957026412441,0.415400133801009,0.146929462628097,0.504150520224702,1.25205117296187,1.12124430260901,0.772367808855681,0.112518300481086,0.702809725054846,-0.574294469007169,-1.23079671102977,-1.52626301301524,-0.188259546579254,-1.43189715339412
gene620,0.809748377046849,-0.996904089661278,0.628379387425792,-0.0706176547147363,0.283578076774668,-0.363126347811829,-0.528891778933597,0.620053973920716,-0.258091420843555,0.340519929341263,-0.364568532660905,0.627534165884685,-0.987238851973876,-0.008907172057384,-0.0210014649389899,-0.894573334204302,0.263144408418488,1.21722252569065,-0.0719157652531559,0.617837260779723,-0.001331336801218,-0.134272290293234,0.261333578484429,0.581127469949719
gene621,0.406233506709691,0.437595985252166,0.0168038766324846,-0.4849445993781,-1.50636521230192,-0.421552219454698,-0.974546347566146,0.198138631333908,0.539762331938415,1.39793055367157,-0.214394785680742,-1.53981624054252,0.553273299934711,0.471274440887491,-1.3936831558932,-1.0320384721576,-0.896188188946479,-0.173095300502945,0.267700335404201,0.193906118318741,-0.179546822135254,-1.87606346389297,-0.583040004462441,-0.751257014380555
gene622,-0.209579182105193,-0.218320794031033,0.830788920577628,-0.277477960518723,0.605975573175062,-0.649287681387446,0.17279352724674,1.40181051945198,1.12671112171582,-0.073089096027441,1.3113271435781,-0.426235905329038,0.655396101937202,0.53602652731957,0.502793996983564,0.602785848223141,-0.587100398971238,-0.677245287285924,-0.298260262387821,0.252296980301112,0.027807272823967,-1.03663610491318,-0.718825949128472,0.0200933456346871
gene623,-0.746623954445797,1.66518612370737,0.385622650429064,-0.250935509811149,0.0416011023980065,-0.232232619018826,-0.467509732631017,-0.611412369815522,0.205721806123261,-0.981308731746761,0.678494788982327,-0.689288222200763,-0.147125870884308,-0.213930429030689,-0.0109013974028609,-0.492118087803964,0.513657836485558,0.354933126041266,0.871845244523043,0.135942098932918,-1.34838929568123,0.0724795987394835,-1.78762983118373,-0.244852580533693
gene624,0.187896278415597,1.45361240473857,0.0386279819347763,0.921891964806931,0.532427049750367,-1.94915501986236,0.333829230366723,0.910356377889822,1.40149394646972,-0.0151165698605947,-0.960952502998747,-0.526264555799661,-0.102754547451776,0.124849853389597,-0.40204833031235,-1.03704322583487,0.587403239167177,-0.148356323122411,0.491086293813581,-0.351275564222375,2.11231253101822,0.856660441757402,0.0656557362051413,0.0468584393445666
gene625,-0.486375263428239,0.607538767674424,-0.268934585791129,-0.305205780641181,0.64504220622315,-0.208342115776001,-0.851236783728897,0.304855384177268,-1.13045034571244,0.441696883254041,0.120080526312027,-1.21932992258201,-0.509698091581384,-0.684821068005794,0.203488004255314,-0.564318819939542,-1.28406900130604,-0.625404295755209,0.0762113932817257,0.654972654054442,0.267355397538479,-0.152700191702622,0.890855895005115,0.0783416591936998
gene626,-1.15490526830371,0.97127318779474,-0.766536661908862,0.897948322803712,-0.120118474150081,1.11302926504103,0.340082274819388,0.656749219668218,0.153483328744299,-1.30631519090687,-0.686032647005446,-2.02123033749945,-0.619206400009513,0.310339399439695,-0.359398495370917,-0.995110962643819,-0.584012765252998,-0.083405798931444,-0.276384669945256,-0.598304741415724,1.07698309173801,0.0431987596608828,1.29791549617923,1.01941245512525
gene627,-1.26435278045307,0.653128572445995,-0.211365344079538,0.440191635993361,-1.02810759137219,0.567580600688371,0.137209558842536,0.204173630731366,-1.20438032083735,-0.101137211421213,-0.549890472126668,0.338427282592174,-0.12010578375621,0.317711480546236,-1.20886891405513,-0.379248803505791,0.0483998388857879,0.70055583678559,-1.40766734293938,0.512306767823238,-0.0602436399694457,0.151766543316176,0.98173090890543,0.48916153444858
gene628,0.401152135920894,-0.483351632300708,-0.201628676978032,-1.06904537686749,-0.142696612312609,-0.650717003719737,0.609060713864442,0.121788783466538,1.45476601016106,-1.53107543133171,0.825483143786523,-0.45900432748356,1.14886786761847,0.0307706811883751,0.0800519686987079,-0.272300578089553,-0.1204816769787,-0.355095750162873,-0.458575262867407,0.239273836995286,0.10907851781751,-0.747454464340663,0.267464413887715,-0.47625669347642
gene629,-0.920961061838936,-0.341696686937603,0.905607934548133,-0.340231302701552,0.395741754718217,0.320065827400809,0.394342707026827,0.363725347993095,-1.55363226208372,-0.813150926778063,0.284360238321633,0.95087092013065,-0.573476670686282,1.15269186915247,0.0735699485953637,-0.0077083167633522,0.404816099741684,1.39843363694292,0.202086369157415,-1.43880589006639,0.399760416718149,-0.0286093008243767,0.235967630734284,-0.646117871504911
gene630,1.01925053257352,0.242381878834358,-0.883545112870579,0.249741067724044,0.0941916466377673,0.830791809481993,0.282685989460201,0.6337424472041,0.0026599333380351,-0.183162996912219,0.0680256410672835,-0.082238540121929,-0.0624224319079839,0.810487517277028,0.651953626046458,1.54237026466176,1.56656973370429,-0.260414030010539,-3.13216333716516,0.168237352411413,0.189753297460666,-0.699240977425142,-0.124415493420632,0.498348138782778
gene631,0.171213714422711,0.4282765426553,-1.01932836345204,-0.796788660509914,-0.401726392133412,-0.141683919746472,-0.0322209924594037,0.0566779171670743,-0.705938163859111,-1.25211707340714,0.433624502055872,0.0609222589108498,0.366177061231677,0.294177549903277,-0.472340233360882,-0.385822866117029,-0.537915376776576,-0.889274806671417,-0.265978213790446,0.513648155696534,0.157198305168042,0.917120778603872,-1.64790787124615,-0.0401250960853665
gene632,-0.246292946070361,-0.607442065521147,0.280080500660257,0.0571108996999578,-0.206726681164476,1.12790112147742,1.01973925392976,-0.0306920644076304,0.186063244381812,-0.343045330162382,-0.589131334470286,-1.30440480536348,-0.174497026496953,-0.0750638176535337,0.268115218882633,-0.394188457316355,0.129243238422843,-1.11976116705313,-1.82504048893108,0.248978053751511,0.767632408215922,1.027726888373,-1.0330693051387,0.861687171823055
gene633,0.458278623268078,-0.416032709181206,-1.42733971050395,0.960819790527144,-0.326375699598935,-0.0036446645633633,-0.465332941779526,-0.356015097220416,-0.417274842545191,0.757660278613737,-1.64544135496946,-0.731972765395293,0.43310010516401,0.139975920308135,0.275924293920224,0.612311513253042,-0.412408490434541,0.359893430696888,-0.802715312747492,0.367669148991836,0.541342443366097,0.0210499023167201,-0.464067380424364,-0.981264490055728
gene634,-0.3151499403428,0.288807548351362,1.52611978214891,-1.10828654344414,0.245743666694422,-0.831819295807434,-0.813756731251048,-0.181996341134657,-0.641713252896844,-0.753973201530607,-0.154146022930621,0.542230897385934,0.521095234738471,-0.848539665359076,0.50558208782577,0.955536891062911,-0.389714755301224,0.545882481047543,-0.0839797833535399,-1.07853179620302,0.0690630832769342,-0.153683437214044,0.52727378186014,0.511395574222166
gene635,-0.862727932683961,-0.249231794087976,0.733461040070182,0.136440747651152,0.754734458870465,1.24477335817053,0.728846302924116,1.16251323255611,1.36876774512641,-1.44336953066907,0.0480510186554405,-0.438988317168497,1.13831600693625,0.0317674411818453,-0.786435752379538,0.12354669355294,1.26727804051555,0.355962436704067,-0.0293484345068522,-0.479478659335479,1.43584197500417,1.06473371094318,-0.624360361952064,0.161088690238861
gene636,-2.10123905022131,-1.18942055010302,-0.169763812908074,0.537738073029465,0.584333609390254,0.654312710573476,1.07616255815657,0.655861205179414,-0.75527138901521,-0.297723862767252,1.16212960112476,0.288204105885828,-0.529010399607506,0.659068157993693,0.1994132877283,-0.28781968539005,-0.446305151675099,0.0346743666527702,0.81896222191806,-0.194048505565088,0.403176005112939,-1.19842666732347,-0.656011046373607,-0.010830118861194
gene637,0.187305560546316,-0.0519037003647049,-0.0278358193492179,-0.0608563956208111,-0.409133841425293,1.38227488516943,-1.32693163037353,-0.268350834899986,0.860128780874733,-0.881286871151027,-0.808653129228418,0.104170620895226,0.257885290036089,1.52219269991108,-1.27374464143946,0.193481206904333,-0.0462707308439237,1.54873880329788,0.263993238756226,-0.31963417256229,0.294331404981854,-0.926869939313793,0.100641882055104,0.247565550504219
gene638,-0.291176266347968,-0.317306549365521,0.528092137760497,0.515907032754914,-0.0452349813892568,0.541712715689111,-0.0382112400800192,0.847031002312086,-1.4518467431181,0.125133637272051,-1.32361251305495,-0.70507381642511,-0.104199403647377,-0.498355291011105,-0.313347853417551,0.0271715588708542,-0.835686739886355,0.194188937018212,1.09536636304907,0.330078423645993,-0.167894710617041,0.176211010675797,0.130435769445773,-0.115961475585151
gene639,0.312013115037973,1.01938745618592,0.832346362058886,0.221276251553754,0.569743345804531,0.237527285070578,-0.0915189223284462,0.26691342250563,0.167826270019931,0.316925369001683,-0.42852371631192,0.0488562998721737,0.31053532235367,-0.233177030200634,-0.800031244200656,0.230222092659971,0.308411011260685,0.0444955510037974,0.421190559015981,-0.818190386714416,0.0103799861894494,1.08652270032592,0.0857374477377118,-0.104537616067319
gene640,-0.141598664054186,-0.245036732957279,0.412769617930302,-0.914286853167456,-0.928104652131941,-0.316951609764727,-0.0630278336225708,0.592539456296919,0.990540957585373,-0.972683333777366,-0.709139537751201,0.265599750841548,1.63694622850001,-0.9291290602115,-0.376038823126758,-1.89647596668706,0.898382243581933,-0.0990222992724783,0.797305521166746,-0.279977997561486,0.0034164167520641,-0.79180848169624,-0.410999315915121,0.861113090212054
gene641,-0.357748458187999,-1.14819701999625,-1.15945746394607,0.337143943997286,-0.408690427680547,-0.411635495084341,-0.684271344292949,-0.273493476474897,-0.798689100638723,-0.0504662702848034,0.86523714516702,-0.822109378110329,-0.618420065985895,0.65222888151871,0.73452036835764,-0.370871865570958,-0.563937742830038,0.711839534890647,0.182932325672514,-0.0984405793330506,0.318461287948737,-0.105504755106642,1.24994405555152,0.530186115204373
gene642,-0.0388320733000359,2.28509457153274,-0.439911964212494,-0.332398266996935,-0.192668653777016,-0.0225530211104172,1.31431322632506,0.365873444887598,-0.398599007310784,0.525875895800136,-0.716895028785543,-0.407387669199308,-0.695970918752236,-0.67464348951588,-0.831107783673927,1.99677294480989,1.03062918533732,-0.406660627482889,0.127530341006869,0.562200365505425,0.751153938531714,0.0431720160070993,-0.882462014792285,-0.98737698340011
gene643,0.0673848060527732,1.19003641290561,-0.419438286136181,0.043593343338989,-0.329229296056016,0.553303558234623,-0.0289913229610654,0.722829561942127,-0.175927035491436,-0.0981633121779165,1.71388623297157,0.807391851522281,0.046966271019396,0.85655003332473,0.404044827088467,0.906808687254826,0.264965787314099,-0.501093236115581,-1.17963174517773,1.55102318848799,-0.199857949771682,-0.677194259031215,-0.576985835633525,0.318374232822691
gene644,0.585909800770536,0.429532744038513,0.637813732098999,-0.390962698406729,-0.224899698519977,0.732557171736899,-0.360079945696518,-0.75946750296504,-0.742960586047862,0.141830503300463,0.46535299828449,0.571243713447523,-0.137115084347716,0.273641787043836,-1.26557421293139,0.709676558171993,0.766923605804357,-0.432605360337779,0.71391730128946,0.299418136975639,0.125854658842088,0.370206573904568,0.0206398140863002,0.0562873662690325
gene645,-1.07467458348136,1.33772050989369,1.28338574360116,0.292805695154921,-0.999844797762403,0.190277301799534,-0.694893733599959,-0.593380486850337,-0.577396385416467,0.684284653570466,-0.754363989047626,-0.449233609303755,-0.178339989689808,-0.541611909845586,-0.224961737296261,0.157819302670353,0.0703984475633616,-0.215596853333617,-0.182586903287652,-0.422462612263537,-0.278854387096496,-0.315912135873199,-0.161014143516326,-0.627780505039363
gene646,1.0510042054741,0.181875978995267,-0.322517436617773,0.951976011463211,-0.905712804140209,-0.754887699603054,0.925534243255433,0.0972811172738476,1.16969401838557,-0.416335556389931,-0.253084284344552,0.949956253791014,0.527004810693157,0.375516152845505,-1.44623267549489,0.351832925984503,-0.426699784594666,0.168687072266389,0.377560163545699,-0.482624015265746,-1.6715269991606,-0.663566053520995,0.440072618626297,-0.127105669173984
gene647,-0.0337914004435305,-0.126919157478495,-0.37447884683786,0.346646182832744,0.435615155608663,-0.0141078109200628,1.26969450443524,0.214638998998169,0.200565189950744,0.152323006318249,-0.389605337780928,-0.747588684829393,-0.1456616895775,-0.0657037895627987,-1.48829611524766,-0.819741511888393,-0.85486959199101,0.334582540495947,-1.26045674730102,-0.338486522705669,-0.45714923311946,-0.237855372706388,-0.793315062038581,-0.545234444041337
gene648,0.180634444681948,-0.313514524924007,-0.398024153050277,-1.19020367443284,1.42817014686473,-0.364073184219613,1.16748308687081,0.387392728975069,-0.0911080124715432,-1.50759597465473,-0.351198390666821,1.42212113336564,-0.220170540126705,-0.650408966046338,-0.484754977362395,0.221502754017473,1.93261561317346,0.531979257726872,-0.791394753495048,-0.365116175485851,-0.498698016842809,1.84891348966397,-0.663139300609245,0.273273781486737
gene649,-0.108964117585431,-0.3112307514256,0.823401611931644,-0.562123056280273,-0.266850495333077,-1.86297517178236,-0.331248939161996,0.107438914215157,-0.642114428264631,0.497160953920964,0.394080572377657,-0.0557714535323185,-0.633648030511647,-0.526033040223287,0.101431556930746,0.381045344051144,0.0609269563179006,-0.0339377401110761,-0.0058986998029405,-0.823910157061677,-0.608070687236924,2.15469290103384,-0.29611003853363,0.667674869173299
gene650,0.445079916524229,0.566319310779381,-0.502276487298436,0.655489132143825,0.163532932646971,0.464404005685164,0.496303655898942,-0.209831197500557,-0.169148008187382,-0.514316391985471,-0.237244171530285,0.0890252609480158,0.767805756416415,0.625197285314564,0.33998516350941,0.634171913576725,-0.709537844944715,0.118765696376738,0.0321143682036475,-0.494934348570498,0.243261456989763,0.66377540068793,-1.03379982033376,-0.774535323147824
gene651,0.720730340375391,1.2717862941708,1.04694418235064,0.182786160029741,-0.521945891544636,-0.876763255327644,0.0105783973291677,0.94553662707388,0.733176188533647,-0.621413368977365,0.156690674936858,-0.914085038436768,0.186372193349433,-0.619868513816316,-0.489481060528893,-0.0687228047242565,-1.02250053608215,0.694918056960268,-0.719556024882517,1.2778830102508,-0.889652706286853,0.159602524235448,-1.66839912151054,0.985822642220133
gene652,0.651428093581072,-0.894515097800513,0.871906006228543,1.3512162532565,-0.618044482361425,1.26328960543446,-0.102725417703774,-0.472433791295258,0.535461931097455,1.12527139112413,0.715062767924131,0.563925220345841,1.33703493915167,0.60322305504583,0.14840742885042,-1.92768217364982,-0.249725365985932,-1.05673033246723,-1.08730120758621,0.218055903299021,-0.0092248990645126,1.9034729035099,0.657179596574362,0.530818422084445
gene653,0.807469191821974,0.495925843537247,-0.0731160160592899,0.0736952247582724,-0.0309190594707395,0.358159254672697,0.827611451604348,0.257256224535638,-1.12262757913915,-0.083310801187279,-1.13425586013358,-0.727155060681672,-0.717681672957308,0.20022194604723,1.04122040830622,0.387075931397841,0.976214103014329,0.113535137482904,-0.0490433336631805,0.230634725175945,1.25069155175728,-0.736478571071929,-0.690564232337231,0.0655559815109104
gene654,-0.0963257164244103,-1.44681402534676,0.136999943697449,-0.221421218942367,-0.181936642008724,0.666659295538409,0.842736208741777,1.48080026510532,-0.186477651203241,0.65409452323275,0.858878828466911,0.108502076517552,-1.19687895376392,0.273908795089644,1.49171374462317,1.12443772841143,-1.02134909043047,-0.398196657035096,0.418932268814473,-0.465212025874091,0.287252948256021,-0.816009639403119,-0.12784823800994,0.226568280570483
gene655,0.345584860152027,-0.565536278606438,1.12204162833309,0.414752418422449,-0.453709655662231,-0.385320664896292,-0.34551078596229,-0.283797622818883,-1.25325681856727,-1.028570974995,0.990118959341836,0.482123374884335,0.396318046605599,0.702537570140169,0.678370768194816,-0.527540832522836,-0.050185629693399,0.522568798049019,-0.394476588378035,0.26162984917713,0.723919802774577,0.275543851947268,-0.804527048943476,-0.160219783534697
gene656,0.540766510554463,-0.834515292222512,1.2512147521736,-0.305958904589727,0.187679896820572,0.370684567102344,0.684641037408592,0.23776789903134,0.101979240404555,-0.503880160842633,0.0119255706106985,-0.635852872641775,0.749337635102946,-0.264097428869861,-1.20432416291236,0.477763274788981,-0.626455363876449,0.147066554624589,0.275038541116643,0.791346762622031,0.555991413965117,-0.800793977605427,0.15653088056391,0.152071529281617
gene657,0.89462645956918,0.248103665131655,-0.788411712944285,0.407883224005115,0.125340351159887,0.0289806855094426,-0.400113580350298,0.0025499157002151,0.146296157748076,0.67820114861408,-0.418016741937952,-0.0777598982428556,0.557176085361929,1.77661139315007,-0.306359571077431,0.199880872713111,0.946286819321416,-1.19192210980075,0.618781471094643,-0.197502362741283,1.21829722456026,-0.336292459439041,-0.965368054387235,-1.04600612016988
gene658,-0.996613470517148,-0.605547311267024,0.871740850950131,0.0885765412812024,-1.38771565707061,-0.998301033161289,0.0688367509449448,-0.918665202536051,-1.07952290040416,0.915177161228842,-1.03773275702707,1.4715516060952,-1.34427240905008,-0.415688355407303,-0.0361721309675266,-0.706921264539639,0.138975256215105,-0.826166335825782,-1.2105466191658,-0.0048956834913474,-0.870683522759153,0.263743781825948,-0.312532710534773,-0.828067671418117
gene659,-0.884243736369847,-1.26806177109629,-1.60149593982759,0.415783095085876,0.680255316391753,0.188906654307466,0.85986035589155,0.123953775980964,0.0666768675421495,0.634321504663709,-0.0830385346483923,0.869244894557254,0.466242532499181,0.207463262537077,0.274097320260638,-0.844244493525408,0.274229802053704,0.512794055354465,-0.228349170982633,0.406554885783084,-0.256775610305562,0.404714870579547,0.223260767140393,-1.31074388607846
gene660,-0.634410773920927,0.222445773183585,-0.206800601084148,1.83109174166457,-0.284182594315897,0.317022472540731,0.760652201462488,2.20857242380255,-0.055150593104465,-0.636897787997797,1.51575559442855,-0.842269443653198,-0.206871859826833,-0.410901598528458,1.01536684665875,1.43556988304186,-0.19727616483817,-0.328302443655745,-0.863065395169393,-0.0606822116724524,0.911446987979044,0.545227448951141,0.292609100398506,0.550977412436681
gene661,0.364149471090808,1.7926022902612,-1.27990449860885,0.512263727534176,-0.46558385669698,1.5019278575959,1.06059757544255,-0.676291454747069,1.34786518798883,0.703447884888796,0.062364486664151,-0.482416529794744,-0.788569127670125,0.403729019332705,-0.026108522432846,1.08616974774427,0.427119601297136,0.803937402240875,-0.140218781974804,0.883518665299473,0.686829792573216,-0.493332838489836,-0.222711989230273,0.961933503298243
gene662,0.293191396840817,-1.01692641657586,0.0577899764528948,0.0037334856715639,0.967500262523369,-0.19475200990915,-0.14863906492092,1.15203157749294,0.215036059549203,0.944120368090826,-2.65543848781978,-0.586322385139107,-1.05608844659414,0.157787133372085,0.400973200221341,-0.149250773158469,-0.216266321696903,-0.558137333724618,0.468023172102173,1.01019959155321,0.680629229131211,0.298161693268183,-0.567150572667738,-0.328072219574734
gene663,1.15628025929349,-1.10623252706155,0.0646804741758902,-1.04654103904018,0.349408078894586,0.705843903641835,-1.89336035641255,-1.03003690602571,-0.270927889974952,-0.416244039790657,0.271135309546226,0.369713918371932,-1.08302094184035,0.192171907780742,-0.230727089840475,0.0127499815845791,0.966812612506631,-0.709165185449245,-1.27517325156905,0.617466348906715,0.710972998187653,-1.13743194277417,0.379299790719135,-0.0899680816881738
gene664,-1.2108013623379,-0.0313798573337893,0.792582016372189,-0.393152021279644,0.474271871834323,0.874034488344272,0.417267040831789,0.153781966592807,0.421861625151723,0.522354158005046,-1.66998634331328,0.230351490468755,-0.759515576425889,0.37998558752058,0.335573316786734,2.52507183541549,-0.274888358730954,1.08765403699379,-0.468494983652922,0.0319782193376044,0.509481084065927,-0.046246321555798,-0.120413474731967,0.0167612049436101
gene665,0.297998610154599,-0.440996377940663,0.794979857746739,-0.555941833824662,-0.135374050166461,-0.974459864101055,0.836094038477052,0.0980829975513747,-0.272625665965082,0.783302480636903,0.182439958492421,0.521907708402826,0.0260426393997313,-0.133973456396219,-0.531413530393077,-1.93178915532195,0.53587905004252,0.0871960254801441,-1.18231311115958,0.298240169407339,0.333798978569897,-2.01805948060124,0.462093811773334,-1.73319267317726
gene666,0.379585917601911,-0.446921419326786,0.218944585981481,-0.965234143640349,-1.22446293013182,-1.08936426708113,0.213324027913438,0.172113044615483,1.05387090998751,0.744405518023473,0.0823437961410639,0.498651178834303,0.217644141694813,-0.691730739907371,-0.0177721669029787,0.435315589902397,-0.355658100889914,0.261623860472142,-0.312373606451082,0.363442795272968,-0.1252022476968,1.42539350475479,0.136678757417117,0.0403991613407633
gene667,0.513241702679938,-1.1104102315858,0.395201405527997,1.31037312858499,-0.675889199870034,-1.36813129618888,-0.323650695461769,0.337799992894078,0.439398816006173,-1.26966646959451,-1.34104578659333,0.378913965168261,1.28165387668523,-0.982739877638925,0.994301772672206,2.16614304358627,1.34490306281913,-0.757453811773843,-0.500024661791222,0.332838168508935,0.537442523097494,0.0723286596609023,0.490710429626832,0.160402221827758
gene668,0.0471927578544601,-0.514969117261032,0.855346495895417,0.840798246807664,0.937018013893386,-0.108346144951657,-0.847899726128881,0.0228161926272318,-0.460397617168398,0.275599673595046,-0.792329976101272,-1.01128288642523,-1.13257699417319,0.215507770287254,-0.364120214894725,0.707243893851606,0.202982635581146,0.89347331853482,0.786412228783334,-1.21632709443635,0.0329375630969818,-0.337895904117008,-1.49333658504661,-0.0408610366253417
gene669,1.04172720052684,0.429453591728297,-1.04352357331612,-0.609505037977663,-0.0331892631461236,0.585888272535646,-1.39790793902554,-0.185860699417644,-0.229520955104447,-1.09489906991534,-1.02070413194887,-0.0371410684226329,-0.602540114611753,-0.426586015987929,-0.952418771411033,0.332402551588857,0.323690595969808,2.09368791553613,-0.165911279508407,-1.21876879858429,-0.575007223172893,-0.106463493139261,-1.47253045553942,0.554231877599003
gene670,-0.165405202205341,1.17508896495544,-0.328964537345892,-0.767100388384907,0.171310468679074,-0.644420337398755,0.489840254000623,0.132918621317815,-0.472188284893075,1.26500496864425,1.20336236400011,-0.917366650162429,1.15805663658611,-1.2209840632219,-0.443454390650335,0.366335582219155,0.366716155498993,0.657866607193292,0.715820246897951,0.748781551499397,0.0229247434935691,0.141312777100972,0.187133087218813,3.00346269340025
gene671,-0.83023928272801,0.807113788661881,1.24410298716799,-0.124944131643691,0.275870471715941,-0.0973254317654875,0.301688857975109,-1.29210209165615,0.885180024144595,1.21912136642419,0.75603830112508,-1.01307834270212,0.202027177254279,-0.851429442270225,0.682929357499225,-0.385775296388899,-0.715423994039838,1.0354684806319,-0.929720320090683,-0.310827394730137,-1.10998747978281,-0.170974409473816,-0.0762815844099216,-0.458817782979054
gene672,0.487310639754822,0.848096925123953,0.358418745785337,-0.0905179640629016,-0.326899869017188,0.469061607048216,-0.870547565526918,-0.987551520872687,1.23022059886747,-0.639630096419732,0.39900682798642,-0.218849244880484,-0.0625955741560101,0.137037897042195,0.0455743418471507,0.813917408453859,0.60323897898722,-1.05793024448665,0.099016600924216,-0.523269866632027,-0.586163390255472,-0.257159831427068,0.705572878979366,-0.356571037344699
gene673,-0.40113177596256,-1.01775552320544,-0.116649040192544,0.982372920786235,-0.857556414139219,-0.931895208659047,0.0651455809181868,0.748406018455857,0.202563720755591,-0.297080832066634,-1.10103759995954,0.0574768859831486,0.361679013365111,0.441798872814351,0.118891948098277,0.217338378741844,-0.24444706891253,-0.990052471160406,-0.589589842045821,-0.140689243145167,-0.245702198107564,-0.146692390518309,0.760166603969904,-0.599684717858647
gene674,1.1539898118896,-1.6494239300556,1.10912987173113,0.384914987247056,-0.309948299682859,0.567795534215155,-0.477722262931547,1.13062460621786,0.579994209539894,0.175992108015743,-0.17338625738139,0.361783067713259,0.641472476203008,-0.264591073469484,1.54034896064819,-1.03339083518184,0.301236734584993,0.332777358524361,-1.93085743003943,-0.342097636579317,1.13056599538473,1.10115755572378,-1.48833447590281,0.274906669885822
gene675,-0.318036688418154,0.627772952903188,0.0649094138745605,1.1011953332077,0.296656841982315,-0.839860081741182,0.210500358008642,1.89080143021654,0.780609643785273,-0.682614615606962,-1.53612363505195,0.117195014454665,1.03943928584734,0.0425398554123724,0.793289214431784,0.788847712419763,-0.53753271580319,0.600184053690724,0.722979134490586,-0.0153771200393909,-0.156233367346069,-0.934738406312495,-0.503843805044635,-0.215509342722805
gene676,-0.580768718245531,2.59628862367077,0.0105028219286611,-1.201826925693,-0.347404454602822,0.669177909733787,0.311072912745808,0.474207862600994,-1.01597926759067,0.378630715311178,-0.17707086631078,0.0480619823422785,-0.758072772827629,0.175274681372822,-0.28494200006716,-0.87680971985055,0.219802778242961,-0.0864318098587208,1.84580057020617,0.420287537768788,0.638297531591045,-0.0673503879730446,1.0210202885579,-0.64054961628373
gene677,0.256380655381853,0.312207995517677,1.33140652948384,0.241520934325317,-0.499068941076058,-0.492041373102691,-0.863103985576271,-0.457262218474808,-0.188093645955943,0.305776796453525,0.648163497224157,1.30653872762041,-0.500742436842218,-0.849557521411648,-0.501949233085614,-0.458879242431358,-1.23077208768683,0.215791921500919,-0.243400466267107,-1.60683578987308,-0.634566687449966,0.44925341023961,0.471935506367712,-0.381955369447803
gene678,-0.595520775511886,-0.312675368297664,0.974517648354982,-0.564349786055415,-0.643439876290446,1.24664873403776,0.499219700771186,1.76494995701497,1.92158567744983,-1.10276991025213,-0.232718935939785,-0.0279578920644083,-1.57486160617275,0.225219426244,-0.120037670741345,-0.964878011360403,0.311223985155088,1.37131277682802,0.279822953576489,0.0503336742952792,-1.23865536481881,-0.423395575272659,0.231327514090789,1.75372628806398
gene679,-0.463756465232437,-0.419786515880985,-0.270955342882252,-0.127510081187892,0.228172267848563,-0.274433305834087,0.762104152407402,1.2296071543518,-1.15103219148659,1.37047779616255,-0.624534126943901,-0.974932896371648,0.661093958839141,0.238918368852354,0.504824956864383,0.487619598569618,-1.34055870680041,-2.16120524340603,-0.0507755149538592,-0.115817831799305,0.350322915686862,-1.16556488577039,0.274662641397774,0.222060226625167
gene680,0.682637158341053,-0.993406258600932,0.262197122980359,0.0392640357019526,0.296015275305306,0.834964413369147,1.14578182393197,1.4753925256644,1.12375353422963,0.311319037292114,0.860726587395532,0.934212246401785,-0.832556413695913,-0.236772329049462,0.53872094232734,0.140096414204692,-0.379561742380409,-0.526103362489261,-1.08230258594118,-0.327071326554912,-0.130914039703895,-1.513000749058,-0.783562352214894,-0.515290667847838
gene681,0.12615444909545,0.75310080315283,0.74567986271833,0.556076142066698,-0.102469713448384,0.561366853608332,0.334760360809222,1.39936283805067,0.519880648116458,0.350051782128765,1.34452666188433,0.609656679030862,-0.524110874560321,0.483649805773611,0.0726278058525032,0.763435369673087,-0.670861529353834,0.132385034081171,-0.934122612206848,-0.501684444873214,0.109758006539135,-1.25540871857968,0.173623751856302,-0.702911708007687
gene682,-0.461450281583335,0.690992125190334,-0.949694417681938,-0.235573849483117,-0.245438780437726,1.14113789509818,0.587568297198021,0.155261724906885,0.326499043719461,0.210094809316827,0.312306809534917,-0.955988522181414,0.42417750220592,0.0573651738728818,0.0147743302259176,0.300158267918172,-0.564394502698865,0.580564948316696,-0.571316039517186,0.676382121512521,-0.810629209371905,0.207022564787877,0.328860734535675,-1.3678144399427
gene683,0.236178252374391,1.0676097741668,0.506379448838017,-0.588616064924342,0.0381356315668165,-0.678058877685267,0.455134934390859,-0.664139612325633,-0.235501802201771,0.194714765622182,-0.549235071738268,0.0879661718975001,0.481262795011345,-0.148367524155502,0.277961320359444,0.284000702582418,0.106308198601019,0.638249550842283,1.97267814252723,0.0532358645426101,-0.0805189777594977,-0.469087007307654,0.740555428421398,0.145846626486684
gene684,-0.221481102935293,-1.12069139391334,0.810905393838925,-0.220000787972718,-0.0967873170130513,0.421636313624551,0.229911815780326,-0.26358649838258,1.46665043520798,-0.360147335090776,0.411725909664757,1.04758349557641,0.0339729311969717,1.28935515973663,-0.196084206225999,0.0285473392365262,-0.870043944632923,-1.28377326767329,0.111346875411526,-0.729475471135933,-0.671980968492746,0.296442234282463,0.179768015280392,-0.602805729517338
gene685,-1.11159017366371,0.76218431351859,-1.03061092714767,-0.860798283996602,-1.00797139592167,0.33195083666346,0.505285349463119,0.12940686694498,0.546231454138347,-0.12304969350456,-1.43172790888777,0.885484804119436,-0.0434099265446557,0.512691791902573,0.320129315981186,-0.60901092969809,-0.108553219961531,-0.55303731687594,-0.386263922371004,-1.0697773945902,-0.699506076733131,-0.173679278415275,1.49284731801494,-1.2279131657703
gene686,-0.267214557374864,0.833885333402312,-0.340085548509779,-1.0064278769462,-0.186977564828888,0.5371152398288,0.689086820302907,-0.696562684176426,0.585185960748068,0.562961372320651,-0.783816819764211,0.511670101354697,0.567729997356603,-0.354388220741791,0.962359643519859,-0.181469730601683,0.623641248931947,-0.702211800911586,-0.488391605022444,-0.415982002205881,0.374947027199399,-1.54682817926253,0.024892750362702,0.857925277401898
gene687,0.0813794534804084,0.659836126301234,-0.554379640360606,-0.138492251675402,-1.05575352310392,1.05934083451579,0.126522079832856,-0.0535682842726562,-0.140530406489736,-0.448300395476564,-0.844487466579406,0.0988776358559635,-0.903547905443351,1.38041125709239,-0.723585374082848,-0.52145540789134,0.43597525666384,0.756883669551731,0.502226677026448,-0.846554159409308,-0.527467011490438,-1.05345570764838,-0.928313456821619,0.207462060362938
gene688,1.03410846930102,-0.134321087726668,-0.987556414737422,-0.515155170004253,0.172723737993419,1.35339786665136,1.54330061307687,-0.0967737505443079,0.796808265240623,-0.35997052404148,0.512442013544414,-0.426944315476494,0.134760102177559,-0.397555403698403,0.113030294427796,0.421570851690701,-0.356516730623805,0.549760203831652,-0.891705911145461,-0.484662549371022,-0.565708033475086,-0.667428991978922,-0.0364086335725499,0.685056402470451
gene689,1.17233228538371,-0.117805730306819,0.995808449231525,0.126122415776899,-0.718652001014343,0.613288867781697,-0.0458860425846475,-0.63329430401839,-0.506753256372696,2.05292484807096,-1.25740671446058,1.23179199647877,-1.02823580734708,0.304331913697806,-1.55642759926894,-0.353810015356715,0.604584404338628,1.36199196968655,-1.10859225807452,0.450435557762914,-0.0264203207466242,0.267599134174157,-0.544285237342088,-0.211520379702791
gene690,0.0574071401443412,-0.325510779223808,0.658003949002649,0.147342166093465,-0.46683308270543,-0.166384766730744,1.0682391404453,-0.305970840114371,-0.0515657586766795,-1.40942119567203,-0.654952551014551,-0.78113433446939,-0.668846178566,-0.373868373036213,1.47309785503295,-0.737891539161869,1.24630938147289,0.315046973731608,1.04551132867875,-0.336878662264914,-0.740155794400938,0.054074927874444,-0.682803333180335,-0.028681587384483
gene691,-0.494986211121189,0.112086743870892,-1.58296823764842,-0.599210327992284,-0.0616454483752696,-0.908733059254494,0.164383348667587,2.53684857768107,0.102013599230123,0.94760204312005,-0.362216535504304,-0.239509790285771,-0.0022038455763657,-0.419519445380148,1.00595373830427,-0.437218911929715,-0.28137587723083,-0.344054474700409,0.45787956330321,-0.241326547022466,-0.334053169201594,0.857508203747988,0.754810071788233,-0.334614671555474
gene692,-0.12467178001007,-0.431635894776171,0.975919865797604,0.0242677190240116,-0.349875305839425,-1.47174474218093,0.56830505083327,1.76907956294478,-0.557240535773504,0.0083744781833335,1.15261078381349,-0.120771612119389,-0.599926829790482,0.21039722576269,-0.958792090130965,-1.37582003976454,-0.179865001885548,0.192736844805285,0.981157042657418,-0.129317864806923,0.773752401204011,1.41406382167778,-0.980241703390906,-0.613027023262263
gene693,0.248417831256195,0.179404860419999,-0.150130677466919,0.878408969377717,-0.295073746493848,-1.02467643306423,0.835270382309554,1.26136123401074,-0.461216823334076,0.652440746371965,-0.0782238541768664,0.0627414037381796,-1.09092735864494,1.44133703395583,0.753038491078211,0.539717087163669,-0.0700661268249869,1.95124855457261,0.335145977816402,0.337588928643868,0.770551954925971,-0.158276698988446,0.0855593073432535,-1.01463768063134
gene694,-0.969530611649259,-0.654995067805818,-0.335574919377759,-0.0890882536284805,-0.551530557213523,0.320102684325393,-0.804212274544343,0.526930963122574,0.535311847973605,1.19223667670759,0.758996195875238,-0.0836532331279,-0.443160898397351,0.0176279069150935,0.270456180257161,0.953406504910696,-1.0297013068244,-0.0658757993031526,-0.787316483160931,1.35179105334472,-0.357211632951294,-2.88529266949286,0.436022735994195,0.0436710855209141
gene695,0.326305438966306,0.888526372607236,0.424265941457881,0.652753094326884,0.715154716144766,0.969086119871593,0.246931627419638,2.49381775836834,-0.100623042706638,-0.218721251138988,-0.565583552712825,0.377913446032141,0.785628177544738,-0.322163652306238,0.464289594877158,0.534772793589972,0.132827958489397,0.410444876380011,0.800623631526763,-0.698085677907215,-0.913551757506242,0.787473313012042,0.641259872769604,0.885974759582986
gene696,0.599569220890996,0.0088258486279996,0.526844107305064,-0.670273525899622,-0.652500284671595,0.766835425200333,-0.862235287893067,-0.170027214729928,-0.196340979682303,0.199100379927141,0.743961649963181,-0.0261565609628562,0.441939702035361,-0.755743441546131,-2.05603349290628,-0.423529926446647,0.168880142251348,0.583016162543803,-0.217006354414036,-1.89119693856293,-0.364394301720647,-0.0219789850571737,1.43931181130371,0.122954014761609
gene697,1.11423254270243,0.126332552931563,-0.314659992050837,0.530351010626359,-0.175442896235717,-0.496221393267696,-0.823881432909571,0.627625313641422,-0.288414529975821,0.383185323456111,0.296572232562445,0.196219317132594,-0.981547571879204,0.425594100603463,0.611206194989231,-0.848227313712618,0.397088791995244,-0.0300458604246928,0.0830641675670351,-0.381979359830109,0.603796432040984,0.030208421707442,0.271344323053406,-2.0903367942467
gene698,-0.186963306112438,-0.884717997796209,-0.376332816438627,-0.101701078213632,0.0505024535527046,0.557879813066952,-0.720393059277067,-0.113569755303475,0.199550945639895,-0.570924340620257,0.773748303243993,-1.27421866288863,-1.13381963941008,0.0045064582624132,0.460886909064162,-2.07083239237649,-0.0750194688657547,-0.495093816967299,2.70487691184758,0.875964680433881,-0.105749405493232,-1.10009990083707,-0.477044073523114,-0.0834875007724613
gene699,0.956943977684873,-0.239843709679946,0.184555878989809,-0.34968011962377,0.438656625595532,-0.523674608827955,-2.17124387155475,0.0474202089206797,0.412797381834605,-0.328743161802182,0.318970544404609,-0.951118637787049,0.479576885035806,2.40756128303401,-0.172876276084646,-0.131597603329393,-1.22285942992394,1.0217584000675,0.283376605464009,0.534835423834534,0.621792652015087,-1.44696442536224,0.159071177543851,0.0472309196396044
gene700,0.779081971010586,-0.822364774042052,-0.561101772313166,0.51832173500143,-0.369448703639334,0.383643062350351,0.361280774363236,0.655118307190835,-1.00520763934569,0.805547491542411,0.717403075760787,-0.196074838873237,1.27845664974571,0.864741891161927,-0.180269521103374,0.378870907210149,-0.165636106973962,-1.07300411696751,-2.01287610764566,-0.378895524734571,0.686759310180009,1.00347335214861,0.469675080477845,0.268258647910707
gene701,1.70744932378817,0.264088405793342,-0.920782898354109,0.524083455465161,0.455610711818692,1.51182486341852,-0.362556639348202,-0.788574045511045,-0.295049062796619,-0.302562250337519,0.0312973992571297,0.641429585745719,-0.24721042540984,-1.83443601787349,-0.0575304564601709,-0.758458794778032,-0.687102544503726,0.615657804533515,0.777682135684108,0.0552486454220465,0.429892056200693,0.493023958987611,-0.519917521285891,0.279891065504451
gene702,-0.0675526857330476,-0.161054476843813,0.640136394054,-0.103447879554998,-0.404934040095743,0.443554882067522,0.197063851968976,-0.475846909126623,0.135625571176943,0.678702604741025,-0.173163420435896,0.445178550157878,0.541863939807475,-0.0425974725222472,-0.635162052299774,-0.16698151827915,0.676804669785467,0.232848907247923,-0.77840407519387,0.0489089096784009,0.726609519333805,0.44549616552287,-0.0829341658596481,0.488842712863211
gene703,0.264130672055065,0.152559554362576,0.49482725373556,-0.0027369852195792,-0.87404366212805,-0.134795870472766,-0.212457555668753,-1.4104947346781,0.116055594960233,-0.187304570998135,1.10032903801447,-0.239429309819754,-0.696391586054412,0.281100474423521,0.20810535636522,-0.194740621253283,0.718201680409166,0.534333909616731,-0.462283557517431,1.10882383818493,-0.267671218894052,0.386441291020814,0.682832082373344,-0.633657950684806
gene704,-0.797721493641385,0.702809455527102,1.44900561776998,-1.23948724845198,0.27877481407564,-0.355919035619318,1.3116051894815,0.303717387489747,1.15698110024698,0.816338989438359,2.17267820712501,0.868694514182686,-0.676606853071906,0.43353347052979,-0.476141756420804,-0.098840682759661,-1.54961639128742,1.81406537985979,-0.169841085563063,0.50244710379337,0.0884271802650977,-0.391863867803132,0.782896613081894,-0.736056669624668
gene705,-0.0248944140679449,0.13489827882272,-0.971042262717577,0.914875309408569,0.0359089594676503,0.761756657442501,-0.0315087417949959,-0.0900180179432254,0.241018994633366,2.30316009274327,-1.92498339089928,0.970626284990554,-0.426785495889756,-0.056749665602631,-0.793960258569193,-0.120289140573414,0.147722296963539,1.3356186844837,0.671308466043999,0.211583832181205,2.46265460319939,0.48208062635956,0.0109432394133248,-1.71652373530867
gene706,-0.711757714558954,-1.05994331487955,-0.0292127723109812,-0.269931669825814,0.901918535261916,-0.112671851411939,-1.06329584287921,0.579072761000757,-0.061207077999507,-0.624738250765139,-0.647718401537953,0.422252092019303,-1.42814481269698,0.139377898943263,0.176644609676265,1.0297799986128,-0.190383832447484,1.31923556240267,-0.426316254366817,-0.0485495016096218,-0.10623733919779,-0.2780530955508,0.473193732895374,0.915991085242199
gene707,0.0143215458614046,0.196513907612814,0.171200534009978,-0.810269689314413,0.0625426972438669,-0.332224630821453,0.355407907709639,-0.410983545487874,-0.237251984688201,0.510685730592815,0.755382474436407,0.122779307338634,0.764980802089465,0.911280370018144,-0.44645665913706,-0.597057257950353,-0.635212898507664,0.246331148163238,-0.886661224248935,-0.59577065532184,0.210718812178833,0.144116134346762,-1.44892253538787,-0.301764772011623
gene708,-0.0688835179705092,0.781269150737576,0.961518884349445,0.528405521860718,-0.618644169497574,-0.0430797825894782,0.301233810500518,0.0421030127026489,-0.559942687256629,-0.179423169406416,0.230086863703363,-0.646377869599908,-0.853422436171102,1.79563994876682,1.12084111578158,-0.0985055503055317,0.282417225113445,-0.133030692416983,-0.027688319795465,0.92951294254908,0.427021128324698,0.127299981104047,-0.405280498278785,-1.34916456870581
gene709,0.745166158578229,-0.0895719440089614,0.931873220926739,-0.0666654777587523,-0.795046780937973,0.140900549125031,0.382215219074284,0.311361857605869,-0.370610222680392,-0.190734594425783,-0.462347768656816,1.01674271570319,-0.782569632065561,-0.167334257593878,1.43524407607812,-1.3818124458144,0.400976119419629,0.298844582615572,-0.323153514937251,-0.571494104786596,-2.03157693979216,0.246504632045032,1.35725586518212,0.548027452101132
gene710,-0.131860766175558,0.0241993692291759,-0.306858681094253,0.13478241199473,0.274883173300746,1.22453959885096,-0.0537243242835797,1.45634382692908,0.445305586206393,-0.724315245647157,-0.250993204806454,-0.0648413974434985,-0.0590714155473778,-0.253730021192706,-0.878623621426925,-0.170035734394178,-0.191828167899808,0.578447519532838,0.417607652818099,1.57458149108795,-0.194952932597565,0.620483869810253,0.799158306147003,-0.0148995220300078
gene711,-1.56685219503091,-0.607252524022323,-0.187142952843607,-0.937634105225384,-1.27212095069609,-0.444121600937646,-0.145203594988165,-1.90295085091089,-0.159595687790419,-1.53293979862326,-0.355226576648162,-0.27994679620413,-0.655992862336848,-0.0747159095737259,0.827709562092699,0.255314033340178,-1.27992148840478,0.285520599060073,-0.73505051801798,-0.255902497278189,0.694533425902086,0.507442162666072,-0.432419061418135,-0.608500463298875
gene712,-0.748179830156582,0.720657307819723,0.983563447857,-0.408427395363216,-0.935075616794083,0.468469294162708,0.0997491127253587,-0.226119542280295,0.589718783323066,0.106147438869027,0.348424829017087,-0.229715656372661,0.490018016689736,0.159090798526878,-0.26050403926008,-0.0690725761908301,-0.21430261518748,0.271942447189982,-0.263188003573231,-0.208735753464309,-0.783936019956264,0.504867723038348,-0.494398630169658,0.609454604332328
gene713,0.747441218731839,0.389785991329189,-1.41986007210912,-0.594720897236913,-0.0833660324404208,-0.0629679028292335,0.255141251989587,0.288234665638213,-0.189760583072809,1.68859930646443,1.09055840552798,-0.535913207777651,-0.950894585518606,-0.940767171134388,-0.532143384305331,-0.514947718634554,-0.981411091502125,0.306587144106191,-0.514039338313373,0.0214938208093108,1.15487197042272,-0.0893014079963607,0.249831789715583,-0.50146327742257
gene714,-1.26734389084807,-0.0240577704257744,0.0971633681738981,-0.453306688628556,-0.842490198847284,-0.095271271915213,-0.195150553239183,-0.474635010582817,1.79495373500333,-0.355695241984745,1.20254762238809,1.2138144994159,0.405264204328831,-0.74371080804671,-0.212456154935027,-0.468910974633463,0.495828005105767,0.167027160373796,-0.831167535446275,0.147241921973118,0.788118805215636,0.149666183755639,1.77667383834943,0.0134113984141641
gene715,-0.232417240327977,0.872513610698936,-0.0915750969510019,0.198535361581658,0.0880811347289753,0.386410325132133,0.507042624701066,-0.315943331010049,-0.684009719453641,0.230379833927128,-0.179923261498688,-0.103524123961883,-0.11785586755679,0.332757572413306,0.206241103096151,-0.466528620665681,-1.64413241598078,0.228428645650067,0.594192761478055,-0.393755373364856,0.204631249557753,0.352004199521842,0.0669769581593378,-0.798481930923089
gene716,-0.899954530165562,1.34920180147607,0.6462612022855,0.170810884152979,0.770709960968984,0.417348385885402,-0.464309369470478,0.512945481180071,-1.04404125559584,-0.761681903321276,-0.124448543571419,0.351559682025178,-1.94471682517296,-0.203603289213615,0.0632544861103897,0.443684011866981,0.74034662030085,0.153459349076907,-0.42116708335944,0.235403397345369,-0.269259541928034,-0.193090160083239,-1.22301866362655,1.61483451474968
gene717,-0.57809357180414,0.286349414252801,0.404933446352523,1.14715599413364,0.779936365655446,0.565426678973328,-0.0662715253135149,-0.241382829891563,3.05793880840324,-0.757344989711039,-0.459165183317154,-2.16912871987893,-1.04289447012902,-0.0592715087506048,0.606883172739329,-0.20252059709892,0.623063671240179,-0.297862464560105,-0.0063448575423646,0.579565066586983,-0.170998848510517,0.781068978239027,1.56711460618803,0.159997181894846
gene718,-0.703382989232582,0.313674641490189,-0.919796980980882,-0.518212859561627,0.146799399875143,-0.0576357855116303,-0.727792840383367,0.774011127130198,-0.412771738223042,0.0313632574579524,-0.610551235042387,-0.351281753775064,-0.204045870588216,0.20230649760644,1.14019622482702,-0.955662733267395,-0.273775488531544,0.227153106236195,0.533342620605908,-1.28307121880718,-0.253521006712369,-1.14641176087386,0.170173654709173,0.613010945291131
gene719,-0.277093571639736,0.486123039159497,0.389673887074765,-0.855900351899549,-0.0883406007469416,0.177979108267953,-0.266133726015619,-0.381530293665605,-0.0394770239163798,-2.24230518156345,-0.0343525179177647,2.22218322554433,-0.362698314209631,0.0743091393792028,-0.469419456799769,-0.138797008740156,1.12529331569888,-0.959358745641452,0.51068273699188,0.18075256145791,-0.0956739419106118,1.11222212264756,-0.114964853530517,1.05600376570506
gene720,-0.3594904634345,-0.676780965530391,-0.611083324685521,0.396831449544073,0.311283277783569,0.47914842252385,0.271558215428015,-0.372582855132463,-0.124776491601427,-0.0293545032252778,0.374809929209916,0.252166967572093,-0.471589335009796,-0.577656720314784,0.378378479347258,-0.218304191405627,-0.323680614498469,0.941932373536909,0.652456078611161,0.437022801740166,0.110870188809769,0.0299189579527764,-0.255354221371322,-2.10904307226441
gene721,0.425336100372668,0.369401625474731,0.514363284725364,0.270290804293103,-0.842523947203752,1.65509575499984,0.106623317880699,-0.872513722195617,-1.27897426873763,0.25136517176993,-1.01157681702512,-0.270601792534662,-0.542862574046393,-1.24810569340236,-0.220998836670826,0.390508255142609,-0.0403121837364878,-0.0276847868720284,-0.119692202346795,-1.03687527089722,0.911531735286477,-0.974210450143066,0.234851779184323,0.459659860523403
gene722,-0.573568648650418,0.60474601378057,0.924849005835431,0.0822080518594724,-0.231492172083248,-0.316279116937272,0.971837140458518,-0.33390215588677,0.893036681145958,-0.892063112492039,-0.127145482854397,-0.367849138211908,-0.136397230388834,0.385168471684842,-0.332409813722786,0.0841096481365039,0.0079123154647953,-0.135707483922611,-0.188003178940634,-0.163465091544987,-0.639539578961613,0.128741864507118,0.647739479598585,-1.0473493252567
gene723,0.144424636032251,0.348866840380986,-1.20939403666343,0.821962138760657,0.331341821296329,-0.561848918087908,-0.417678120820356,1.02537266735712,0.768646188797743,0.835884864380027,-0.0340235089434023,-0.327717525848889,-0.984191941639094,0.112000998691939,0.436155981386544,0.277899803341462,0.782679797498713,0.280647859299376,-0.637725478794751,-1.92863929505154,0.174673530317075,0.0924501735105982,0.389442555577868,-0.662190737569366
gene724,-1.10142410678169,0.282757983639734,1.15077520291943,-0.109799344403911,0.115773104775668,-0.207929335768143,0.559289399734852,1.4902831350227,0.29215183409178,-0.160984657023971,-0.830407873288568,-1.23180232051145,0.756987283491458,0.459481187929283,1.7326532503719,-0.532286159167618,0.707312961796155,0.720674951452354,0.334707705956377,-1.92551166572696,0.199250147256955,0.387929453678069,-0.353707262688719,0.34926785498493
gene725,0.551444911964804,-0.131818112150699,0.0637701458027011,0.759924106050328,0.209003593121576,0.708935119570722,0.245986209946546,0.276667383271627,-0.045298712501642,0.346286677632718,1.07923168155529,1.19409496910583,0.488445949746055,-0.678303454640037,0.478672620051386,-0.933837687821735,-0.372531892632327,0.185949758427594,0.477878149668181,0.62116504681682,0.52713996440539,-1.04569832934304,-0.274755520149663,0.282319410031045
gene726,1.17972844548331,0.808165326789773,0.64654947950541,0.779420235562875,-0.286733488012135,-0.737463611193542,0.138519943112721,-0.800925427899133,0.733542555489271,0.799022700595482,-0.670838102904702,-0.169804468164522,-0.148231185262831,-1.13744570113394,-0.860880789816088,0.549493019426007,0.392622310748425,-0.586011775180109,0.135644948577051,-0.704660090756789,0.879972091639954,-0.520494136481042,-1.07524695313359,0.0786033558054232
gene727,-1.03307837267877,0.485315161573521,0.118305758548977,0.351622499467503,0.34000188107137,-0.529348384856767,0.183524003737,1.00006586862448,0.124458248531503,-0.16307226035169,-0.502607411990885,-0.213553999120015,1.26525086835168,-0.0810419855701442,0.121547212550157,-0.223934757950007,0.0333901320745261,-0.631557472943259,0.948544019226212,-0.993244854906991,-1.36687423646726,-1.11146344022137,0.858301718238528,-0.372945502604986
gene728,0.629958120076025,-0.28575013892488,-0.764168064594746,-0.416337715022139,-2.35432475706073,-0.846226562621888,-0.46351350816051,-0.266389318442976,-0.632940844583309,-0.248642972684699,0.622796072025514,0.387731056654979,-0.570984314934064,0.69169547904927,-0.0545736895140093,0.122873678772422,0.69365725761742,0.22442924521966,-0.75179114845611,-1.40757488725082,-0.639689051071666,-0.467128264295103,-0.694405493372801,-1.09062437253897
gene729,-0.211784814947488,1.62851781266071,0.417392976285486,0.472730439107702,0.525777447374343,0.399382987781409,0.287152792656174,1.03268696259262,-1.06029104113089,0.398264391222759,1.22933061746076,0.391792564720978,0.565252532401236,0.753516614428472,-1.04796586344651,1.78989997112398,0.907407080794083,0.809156783675446,-0.386488578988927,-0.308218425097225,0.775526526362449,0.270705039933515,0.442202420887345,0.961711635842943
gene730,-0.240623868276585,-0.364027812020992,-0.45600532770338,-0.173236566296053,0.522352697629235,0.162235404255155,0.659240912343544,1.05378562140376,0.682109076485168,0.0114068663200086,-0.500028647640134,0.613568748302277,0.118523027096203,-0.0369687575047083,-1.8471684067891,1.19582326884093,-0.111081343877792,1.10125918170357,-0.495558451418696,0.337104961184482,-0.459385492141102,-0.541458774759661,-0.888896150359927,-0.618635176508627
gene731,-0.263224709876241,0.429620842108737,0.95507876499699,1.34612674756419,1.6903170167038,-1.09726327597734,-1.67360686463144,0.807541988389427,0.115739965386731,-0.592379457491387,-0.347185383456422,-1.72922670004093,-1.08567696279346,0.0637475042072375,-0.487151670922961,-1.23216134115968,-0.81068382825381,-0.253556891075866,0.0114510270655727,0.630052340655239,-0.543486045510872,0.835896782704385,-0.577299015645864,-0.309576845525501
gene732,-0.382719231693765,0.21919581815225,-0.200129765295657,0.0318480118757858,-1.39417733654083,-1.78836050588467,1.64799116598468,0.307547532773954,-0.450998671261073,-0.306405683733257,0.364643560867051,1.42690435809018,-0.178073060616077,0.450418397833226,-0.508006505756035,0.850567034185269,0.399697967957198,0.92665885749475,-0.553151925436468,1.13364063985073,-1.65152332876528,-2.00645473402594,2.17574364602146,-0.424049652537182
gene733,0.417825914848688,1.66456647271871,-0.583298562447141,0.316949527277894,-0.402340247449716,-0.179724187329172,0.215833105244245,-0.160032215437572,-1.56835149241838,0.674384999567066,0.193608724904132,1.29499936439493,0.26592942163725,1.69799242444724,-0.825108531422121,0.381562527442756,-0.001255103808564,0.0875635720422309,0.100212797146908,0.684290420371459,0.180343228415591,0.669416694496077,0.794634066763399,-0.182680898200006
gene734,0.28668962203909,0.552482519225884,0.317300033186955,-0.479243630900414,-0.605265873224746,-0.29800059551566,-1.0399160017321,-0.14667254891269,1.19381774176109,-0.289802975947162,-0.136622485353381,0.509645995182137,-1.1903025123065,-0.630604821853506,0.415403247396435,2.04089114460274,0.360769813795318,0.991750076127975,-0.0093576410498259,-1.39440985886953,-1.44811231104164,0.301935715221976,0.119316458540198,0.0901048795123531
gene735,-0.505483738413696,-1.4223436645113,-0.208723661582398,0.128299864629012,0.0171211290838634,1.42585235925279,-0.372506554704377,-0.427031321611942,0.916105800996563,-1.08167737543595,0.280418942208189,0.360846034724024,-0.145076354833255,1.15038263822391,0.298457857883083,-0.506505626551254,0.136682934115225,0.30195933227553,0.106633921056076,-0.922419702539456,0.215992460887395,0.0309873792680193,-0.950526607295536,0.0961923766222263
gene736,-0.823354828412604,-0.247734434571224,-0.81210163605074,0.252868273412996,-0.0770625800110941,-0.459341179471401,-0.956726918311343,-0.027703543676321,0.176995944130479,0.547460105185293,1.77864143323251,0.336398305337149,0.0475038147778994,0.0494210376395061,0.638729338731079,0.212750792438458,-0.523383224372108,-0.978170236388869,-1.69693296910202,0.335855608276699,-1.0527286277601,0.119303576241157,0.408040358195941,0.418518892841331
gene737,0.797081722434045,-0.0315469859016213,0.246272745797006,0.823641448549557,0.166125796513348,-0.343018035365295,-1.04169159340869,-0.56581782868397,-0.457188222584885,-0.633071546531886,-1.08101719219119,0.759888598586592,-0.191742665282506,-0.355713646988519,0.424764930692661,-0.065731709764752,-0.0677957187093371,-0.196341434906645,0.147084844224024,-0.0382260803057988,-1.47391242397491,1.74415347110678,0.160343765025593,0.244733191400428
gene738,0.267001134579725,-0.434421109014587,-0.478838077482732,-0.257181906706616,-0.0768841567088663,0.257467837237428,0.523678015300462,-0.515829975105961,-0.833456947673768,0.389275186614799,0.74269105766577,0.954785848868101,0.645797473843108,0.459415929794167,-0.203068570885055,-0.280963510942798,0.292147318481753,-1.17193133873874,-0.848955374842585,0.127230674468179,-0.147114925848559,-0.51274625889628,0.435361320628105,0.907528385219838
gene739,0.28287134208641,-0.856224251075931,0.107423045663809,-0.551413032806914,0.296832311136905,1.37648243145271,0.176685077136412,2.80197913446803,0.0065563969790967,1.095100411511,0.384059768391705,-0.161398424323357,0.359239183276471,-0.440799617386206,0.161828730009775,0.41957527833711,-0.35738245686777,-0.287782470868852,0.723411966008666,-0.569224551394708,0.734036122245362,-0.768692002430799,-0.936537710829837,-0.581645016551939
gene740,0.172321976566317,-0.854045953356973,-1.1080769417997,0.264134971363125,-0.0628733315863154,-0.795786967964378,0.0332660938277685,0.380411079281483,-0.458360471799462,0.27529963847327,-0.256174238873953,-0.137122188355518,-0.291936053763756,0.428157622367287,0.0862655880505853,0.816140833296648,-0.0020013374150174,1.09633741788551,-0.639239516788545,-1.3161712133131,-1.3843871543072,-0.527707633537388,0.433307567725199,0.0264682168454056
gene741,-0.302059854536189,-0.383458622360142,0.880680272791171,-0.689120276820356,-0.685800364049827,-1.02066082407224,0.017523867160958,0.0663217260186349,0.0687125171986255,-1.24397541187697,0.789105887429912,0.570031876231983,0.364908695037295,1.67542994670436,0.382170894990361,1.84449196453495,-0.111563128520191,0.482093951508279,-1.32610458494663,-0.0651903068368363,-0.531245319153983,0.191161140684244,-0.376447047915973,-0.0047167117958822
gene742,-0.199201143106527,-0.960805683522804,-0.152621700416701,0.58266515910248,-0.482311980788985,0.673541493124502,-0.117341901254457,-0.873790492547988,-0.287879016517717,-0.669874412743619,-0.665506371024258,0.34178875046027,0.27247488523634,-0.157039966734358,1.22187823085839,-0.0930018020969418,0.260224799861876,-1.1389897870951,0.922609154544681,0.456358742130088,-0.77654966835005,-0.144687301628682,0.0382398695641436,-0.581741018402705
gene743,-0.765984335738982,0.83892860696578,-1.77849888374554,0.218280592844702,0.447183026710734,0.809411692643657,-1.06930254161752,0.338729636617324,-0.621811346368286,-0.459374319216631,-0.81766152195698,-0.674695659486238,1.28670266325855,-0.281267145400763,-0.980051996915718,0.881344842587715,-0.79513053691908,-0.395496643844121,-0.689744922484968,-0.151669141419955,-0.647975754830066,0.509238317008683,1.50714970153527,0.0203379135446542
gene744,0.287011063897549,-0.498986688939936,0.770329125378354,-0.531598999724109,-1.35123666936457,0.980888421594907,-0.870314563202805,-0.729198727777621,0.678507113911447,-0.811758851607861,-1.48203451522374,-0.613060143747475,-0.647697472339349,-0.0744125399903967,1.35563367661247,0.447929978521996,-1.01907847050734,0.43703259997967,-1.76136267741206,-0.191012402176726,0.448507328859828,-0.54494607760081,-0.4548586602698,-0.337138370104375
gene745,1.45023120674709,-1.22279007590833,-0.878488679428074,0.0987924097846217,1.05579804825242,-1.04020688545456,-0.385369694377532,0.76310089369458,-0.255291049749166,0.318351335836553,-0.248706371755927,1.03323322448075,-0.731050813370008,-0.733783702757871,0.557336045231641,-0.895225131449041,-0.295022280054162,-0.0503594143791443,-2.92778653142042,-0.0512136441497255,0.292329851956234,-0.276014250949198,0.24322425587518,0.25420234991317
gene746,0.0472890129169002,-0.805671366394014,-0.0281988171995797,-0.246439893094733,0.269840284021843,-0.735035377766568,-0.0386237550823731,0.330721893914589,0.191919835703352,-0.505798805834963,0.492192215700896,0.399688873911819,1.06244371732664,-0.195610478336399,0.929857904674549,0.319071562877496,-0.4284264058024,0.18951084799714,0.976079348610365,-0.0956832588011749,-0.215885676510667,-0.364352641299905,1.05782525449261,1.0014797037997
gene747,-1.53769842012557,-0.648600715993392,-0.469260247772539,0.851318392320323,-0.74270968743498,0.643932234555313,0.210228417224139,0.871855484567813,0.794288415636416,-1.25781417575041,0.637583381927893,-1.66262754861844,1.03943348767725,-0.936439712431578,1.2783877427678,-0.472509728267349,-1.34950502335277,-1.04314346901743,-0.375406041268324,-1.57005795537928,0.586059542464785,-0.0001317859969751,2.23390497770595,-0.704873138528085
gene748,-0.679163094491443,1.41468393201518,-0.583088561401861,0.120346897800775,-0.891235546795206,-1.10182555226483,0.752997761245769,0.13673587750869,-0.0393515672765405,0.0674984584628958,0.0628530943972903,-1.43333118283137,-0.212359264186329,0.411003139497578,-0.161943833479775,-0.125734906983882,0.261451027102271,-0.640441951327366,0.0072771515575607,-0.336775161557892,0.692310071770658,-0.204655649216195,1.32625152557057,0.742646796357617
gene749,-0.152683197782747,0.292089446463832,-0.474923337878238,-1.47521670636658,-0.203706269832934,0.103882243490868,-0.453498628907786,0.0147785209694481,-0.0167006067101667,-0.210926170546928,0.553352801156364,-0.150970141423098,0.244752029693518,-0.0628525276070419,-0.786814368330188,-0.0891674913075568,-0.35327845524092,1.46045331372265,1.01187498264243,-0.192824638672091,-0.49194289624314,0.0451318757708953,-0.019790677133165,0.587950532930305
gene750,1.41612776997208,0.0934045225884564,-0.0820980559259571,-0.960768941670215,0.460148820362316,-0.232260560131736,-0.793742765994361,1.1584156419129,0.342689394379982,-0.153277725205911,0.123691359375667,0.350544137699613,-0.0726673526952888,-0.533932766097468,1.67539952018223,-0.147878857009753,-0.461919187143221,0.142898093185007,-0.412930799042325,0.087960672989207,-0.872937760954831,0.408960545368754,-0.277325554164333,0.139272596854594
gene751,0.346886032602342,-1.09388508209486,-0.575846695623467,0.562161868148135,-1.43387386612009,0.0153663235601479,-1.54078326725343,-0.721598272707153,-0.762679362612802,0.136339618036064,-0.905704801281976,-1.09250873263309,0.437670045556491,-0.641353240177276,-0.641429227418426,0.510665812516762,0.850115882607396,-0.0560336617636171,-1.0827087343403,-0.0886375179975714,0.901164858706797,0.794598352075115,1.6962510410465,-0.104673651834349
gene752,-0.412115060626144,-0.581379959093913,0.935616762955992,0.0498960775435324,-0.917947106282444,-0.271556920427025,1.52760178344058,-0.195065430961547,-0.742062974359107,0.182838818546327,-0.0175663529342588,-2.43302777329717,-0.156030852594763,-0.1869457417657,-0.423967083389942,0.165811450880456,-0.393823896275548,1.4682419463241,0.364978411657346,-0.541455489482663,-0.678484361041226,-0.294122730556185,-1.22775021874167,1.75492428890367
gene753,0.62260121326629,-0.559692835387918,-0.316440783872447,0.108604998058377,0.756370173211752,0.276766881868348,0.25371953552717,-0.318486467497506,2.11074256129802,-1.31614437769248,-0.63242890086986,1.42835205595871,-0.420150934826019,-0.200817630581105,-1.14899111905633,1.72894757950653,-0.0639946942760302,-0.100254885709736,0.834519805089556,-0.152480629473613,-1.20137247917242,0.190679113576235,-1.03807944241976,-0.352543063546424
gene754,-0.476326711033348,0.157002410865028,0.710820711487803,-0.266833878701825,-0.305158955421235,-0.123604688682251,0.70874134539961,-0.461911613865038,1.07956231819586,-0.901286412361536,0.11951549780533,-0.0144716833606303,-1.00731720471659,0.871189913792514,1.49917272041503,0.594525204898462,-0.924007805931245,0.18774563106143,-0.0082397316821357,0.68267661500001,1.12723195416047,-0.208842228668762,0.878125847998311,0.57499113911335
gene755,1.02913075055389,0.369178707185413,0.416964879983945,1.08245764188125,0.509415983115627,2.65647940423471,0.777715628402973,-0.211722503119641,0.55761408091533,0.93297236785776,-0.316502679824866,1.52045870144369,0.507180481067473,1.56424874732603,0.704404838644241,-1.73133908936559,-1.30501257515282,0.183325432516865,0.791857235099048,-0.0004099878701531,0.915122863963709,0.920690906644451,0.0261384407741727,0.978601120842494
gene756,-0.406193743077118,-1.1575107172575,1.22393742324871,-0.587521245785683,-0.169613825175953,-0.937429796051352,0.478426355539688,0.260479238920564,-0.408497860176996,0.362027567296301,0.379803696549228,0.720956471278685,0.326464880527873,-0.557972591974226,-0.905675392085831,-0.366746132442546,-0.370746638944663,1.29550371447513,0.587866628824328,-0.113163189023965,0.497478174478804,-0.262745031143405,-0.399684425586342,1.22537399201685
gene757,-0.3340244887995,-0.362699260179143,-2.43234454088484,0.371724436748959,-0.632544113519657,0.72251093096974,-0.34934196581383,-0.935821291047622,0.136585261503828,0.39723608524298,-0.447399319404182,1.76015249184269,0.0018327464955387,-0.529764222465928,0.139470365751075,0.435597381012264,1.09849389251555,-2.30126186058203,-0.797958372479585,0.0980005206729863,0.319089692937222,-0.0346907949402399,0.756939815204626,1.1335181820872
gene758,-0.91204994584258,-1.15883434032816,-0.613430769854846,-0.231358697384326,0.40021121546459,-1.09841483891316,0.748182654538788,-0.19839375762324,-1.00898251980972,-0.515702996126929,2.87478974671588,-0.316387635399871,-2.03522905315067,0.874742115919442,1.32963298812678,1.9346629489392,-0.51325655295957,-0.358276961481314,1.03022563909466,-0.278133006552881,-0.267786062170069,-1.06322639386381,-0.216026612429739,0.0513796206247197
gene759,-0.434486834192514,-0.455493034417649,-0.111640423678796,-0.751253557906453,0.57096136696676,0.431288812493168,-0.444859320717724,-0.856856656714852,0.652684202523808,0.199223853724542,0.0527713661541579,1.31502178853797,-0.484630596967537,1.28981475806712,0.0934860182806626,-0.510524404918198,0.387492468155182,0.271690909817003,-0.897526806997434,0.630271704792324,1.96271588626023,-0.0945245577337087,-0.412152205156118,0.420977110971541
gene760,0.838946787876901,0.0536998946196953,0.821054268591424,0.142114396232687,-1.18921689842717,-0.185529891751021,-0.314523850391014,0.822200044601475,0.522255760949103,-0.182657042524213,-0.946945125121553,-0.0872301024985525,1.49851080690795,0.0520934751241929,0.845230540404954,-0.51252328327735,0.788918317592207,0.196957750743586,0.886947251952105,-1.7236029049519,-0.244412896838824,-0.0566977332465497,-0.244877178859594,-0.444248338997797
gene761,-0.449004976923895,0.303707056176041,0.399365572835358,-0.99071905355028,-0.0166750148607894,-1.21971009296208,-0.0106925512622456,-1.20570520711747,-0.410672892976801,0.119588334155254,0.962851580933783,1.13062928771909,-0.707498957042511,-0.246063812254301,0.352984696518251,0.935596369456876,0.0296047118958689,-0.115140826862031,0.058055424970522,0.441077819444513,0.437357851277277,-0.638570725992414,-0.60073880071447,1.24549771470023
gene762,0.981571513245364,-0.347386057271522,-0.953025538136036,-0.865702396681706,0.702696235846587,0.353603204025563,-0.259457967754584,0.5683708444455,-0.813992842098996,0.830556794040316,0.47470577274114,-0.506297291622939,-0.925973233057555,-0.356541236435496,-0.574411153620688,-0.124876055619496,0.465825732667614,-0.754593147302589,-0.803771515618133,-3.31977617381132e-07,0.679866612217997,0.391791465421871,0.0402857942771135,0.0584789780916948
gene763,0.726157537839097,0.289956533832683,0.692564480156641,-0.724590007986923,-0.969210282843811,0.987953520078127,0.675530662205506,0.839259936968752,1.8695766317933,1.41851985302766,-0.475161351778399,-0.455293838530437,-0.212249880141744,-1.06859359882403,0.0850235712391945,0.762975722435213,1.15959498086295,-0.177931528189249,0.458135231787545,-0.54314776065727,0.302017402690214,-0.339914885043601,0.666496393914326,0.0891598158947394
gene764,0.0362661489098888,-0.27778762678134,1.00698777486715,-0.288753241391976,0.582818507385752,-0.552577516278059,0.262486214830766,-0.027210445766624,0.109206509227204,0.706411101715946,0.720470911451848,0.0309716815270752,-2.07533427315645,-0.457051863854078,-0.474527412379788,-0.607541679094986,1.04251523488578,0.335815592904459,-0.788250550385739,-0.385869220946761,0.17079070269301,0.654047741369303,1.56781220651207,-0.0750535857992098
gene765,-0.379860341392414,-1.06454989028176,-0.185234135263734,0.788738124762806,0.289179615774138,-0.341545714974499,-0.113053255340069,-0.113811226119394,0.490602636253572,-1.22081644651384,-1.23188291471833,-0.0516216768461214,0.059874776026133,-0.663386031484315,-0.0810965860163084,-0.317840393915155,-0.0334860825642766,0.112245735159323,0.129840673351315,-0.0402299674355329,0.0325456033072848,-0.469440728041659,0.373453610459713,-0.202737463679452
gene766,-1.23700303865236,0.0749112158148097,0.776190022442483,0.179523790380615,-1.76554319718365,0.435937947524589,0.683209111780207,0.138678064276308,0.0330410935796751,-1.27789690605541,-1.45416279817949,0.562240593311865,-0.149036779292077,0.634498432573112,-1.1266303591172,-0.456149132823517,-0.203162629734025,0.400063471333543,0.252526563324844,-0.101384140247956,-0.0755863249030629,-0.694390518787187,1.32757109669542,-0.0654147378590931
gene767,0.0375580943649886,-0.126651969147186,1.23932205946716,0.193796384983759,-0.168067275674738,-0.0206114762683025,0.0901968922768239,-0.235719178120847,-1.92872345358755,0.839920472315041,-0.244600295877662,0.350096894890507,-0.398047272674147,-1.39189702365196,1.07475236824562,0.66562105874922,0.552586154640063,-0.89609350599829,-0.204319916700438,-1.68273894544366,0.665753345708703,-0.0044527312935473,-0.750615649268426,-0.204243857449126
gene768,-0.900995320843257,-0.572419655047615,1.26220909521588,1.1054447017803,0.0602303995012989,-0.0015932198135945,-0.0680846063639034,-0.257085653163997,-0.417088457501043,-0.334909681019276,0.67481198276872,0.87501148846802,-0.0200018934609341,0.824933950866832,-0.93270103868711,0.559162911688134,2.42758018279313,1.25025805170577,0.757940464223113,0.191101530904363,0.528909372417094,-0.332064867218427,-0.624997491734618,0.283728026611772
gene769,1.43048595525399,1.17187704908676,0.250761325792565,0.0805895429694411,0.703615007493205,-0.864222645158621,-1.33789293785562,-0.858598124841805,-0.321676962087286,0.714607695394197,0.566188721312691,-0.327543981338566,0.539334835717902,-0.484422582462675,0.783339409671039,1.52907273880447,-0.348040487372938,-0.866851178464286,0.702382813785246,0.15412422206112,0.274193564844149,-0.310580837467454,-0.0304433511825552,-0.0255387622607185
gene770,-0.44869309743583,-1.23307897362303,-0.486322207756985,0.701613536594044,0.610705627051877,-0.0346445657949188,-0.339436535896187,0.704677272375126,1.25610304193942,-0.316048971598021,0.406405887071853,0.351196373308095,-0.690413721338755,1.09633686556752,-0.613253726677715,-1.41230083131991,-1.01583298811022,-1.18515919571541,-0.634372891277247,-0.96156273423426,-0.804228961637106,0.127001617699379,-0.222345649551988,0.568448539908
gene771,0.417574237766906,-0.370516843789392,0.180412442730417,-0.276649307218249,-1.06836806359322,-0.928843766535858,-0.416858894705778,-0.114585734507988,1.64904891745506,0.527295388710753,-0.0910196974211086,-0.301741813416768,-0.154546159578488,0.629893657471481,0.736192280894223,-1.30308726529828,0.0356597992445268,0.185694697908355,0.299616459937806,1.15305918548759,-0.148890015767585,-1.93644108970426,0.360962800495389,-0.594948475496339
gene772,0.910530317008805,-1.51135884007459,1.56967043293537,0.160426024180914,0.558703594471014,0.760385884493886,-0.0355099005312119,0.36336404351628,-0.251520298716426,0.0464979806274623,-0.265121889742791,-0.175275644400203,-1.1316944993209,0.793078332711142,1.86268566961525,0.649402351017482,-1.24162149611128,-0.0970696065326803,-1.5920074957076,0.719863952513579,-0.464662640347675,1.22262387937604,-0.350521545870978,0.287282552823755
gene773,1.16399291365969,-0.440228919064773,0.0067935012916311,1.54360765025695,-1.15574799116045,1.09489061537527,-0.556266165107477,-1.23708995980575,0.377479266300146,-1.18485571497631,-0.409668804145066,0.419649964806183,-1.18401080453036,-0.272404797817493,-0.8663556429489,-0.156769884611054,0.85961896654869,-0.805317189827815,-0.222186089186476,-0.467625440486621,-1.07603213432929,-0.220062207582747,0.455839528414995,1.5935723237459
gene774,0.880705462352707,-0.253176942702227,0.175359517881191,0.798603415876953,0.0783750787578496,-0.717420575179642,-1.03050439599054,-0.236258137706382,0.435247883734177,-0.449837886106692,-0.731561158780778,-0.556266054640501,1.6636602574195,-0.570105447105292,0.130808770893916,-0.060878083523336,-0.263112147618558,1.96035989608754,-0.396758796610206,-0.448714043079484,0.810363522824493,-0.890055939101023,0.734022627412801,-1.04784044357479
gene775,-0.207156575398177,-0.507068736745559,0.147102488724823,-0.668641805139919,-0.0166690384599199,0.0226085912195006,0.6742759312785,-1.12792566105246,-0.207582417058395,0.48538262436677,-0.136807291324939,-0.393257713759052,0.0029105410353396,-0.279683372102061,-0.865490662444297,0.354435127667367,1.06311190025841,1.04517164908355,-1.28674986377068,0.135546709544399,1.82033015522072,0.269481429819148,0.524715932606287,0.212204274818718
gene776,0.142029410172872,1.46705843324163,0.620115096204295,0.301793784076385,1.07813313457557,0.85320452294351,-1.24385661504989,-0.166573116600773,0.181861601855264,-0.0637562817867312,-0.451528617660364,-0.575006766642287,-0.489789450978067,-0.313079543164055,0.347304510074325,-1.41221380034736,-0.819183974473808,-0.722025554416132,-0.301667993120325,-0.86514507810823,-1.36595963530183,-0.239761205963213,0.33776042729351,0.266906201749636
gene777,0.454515236823214,-0.641531983381254,0.108116592509223,-0.57494881257932,0.475089452435032,0.829884382646013,-0.834198017665964,-0.641887106939551,0.254357479853525,0.833395975524912,-1.78567490785107,0.123430640643041,0.195793043047017,0.0015091830631228,0.343331580182553,0.465031993120973,-0.420007912347143,0.642214374400143,0.12599610041838,-0.320301191297101,-0.049646128174196,-1.78038130147372,-0.36796895933816,-0.632996133234648
gene778,-0.931293714291174,-0.650812953006758,-1.07142958150071,0.158099617640638,-1.79019795922446,-0.0010285745914939,1.54298673071429,0.849264354727173,-1.49277485229269,2.05844571889509,-0.561339311649622,-0.634014312351415,0.571057643777423,-0.540480804517982,0.647726571586209,-2.82735734696312,0.694455288199192,-2.15278348035744,0.604940201207766,0.0201527648963726,0.791657868903758,-0.545542187991667,-0.0021163682708018,0.477896959921601
gene779,0.11799992488537,0.429924840980778,0.528972844765255,-0.0958555354127946,0.638087153006766,1.42267715145163,0.0293544601077392,0.451746718813128,0.729478596425309,-0.110146184582402,0.442799330588075,-0.591475238125257,-0.0556076376814402,-1.31301315350201,-0.141692808131098,-1.53628442727983,-0.155456767855864,-1.07097834662667,-0.557304970304065,0.383467762379357,0.162781058446661,-0.249439007280252,0.0061086823825035,0.147060658654292
gene780,1.04472511259581,0.920455072534499,0.601790124775789,-1.25118450385463,-0.784668116524821,-0.117673687544018,1.19319001920148,-0.385266390918779,0.488214627018937,0.24112656694656,-0.461161433901285,0.0027976682017521,0.0692530781230506,-0.41925642278635,0.816814766905728,0.0478909431754874,0.0727607774027301,0.999835384757087,-0.569536050994369,0.231569231276456,0.690489930266811,-0.0460781215625318,0.300512672888909,0.273078429123366
gene781,0.0881710435869732,-0.72179798964524,-0.14952225009515,0.292208179155594,-0.536789683406441,0.266265017143338,1.18573440036696,-0.1186041162746,0.226270980768388,-0.651406109114551,-0.419684287575692,-0.675447337927717,-0.878393792969096,0.443971007758565,0.299931155522927,0.0020595000337789,0.980434681614137,-0.712075698539727,0.545972738272479,0.310842120349575,1.17829266053716,-0.0756968699399782,0.307935516489852,-0.371669736346334
gene782,0.745391294143438,0.175624768777906,0.490116462259308,0.300516579797627,-0.247326164734574,-0.528196382314341,0.0123791765433389,0.0105415067912553,2.45551749552839,-0.680976548055658,-0.634161926599228,-0.460607894631151,0.230153464326253,0.50384450488397,1.00083141782812,0.237396011535114,-0.418055835142404,-0.745836158938327,-1.38448523295553,-0.133427147792261,0.568652043950547,-0.0772404448032882,1.18189993761502,0.70358076856288
gene783,-2.27863487066848,-0.805992765003945,-0.067259830806493,-1.72746772958236,-0.856742791178522,-0.828875003118446,-1.10111058711301,0.270272396207067,-0.396113329518343,0.0988061490655446,-0.930039660713534,-0.187227859879608,0.105761174369465,0.253016544165904,0.218974321192286,-0.605210440004807,0.45050133801877,0.710372373621582,-0.342391437563183,1.2812547861774,0.132701507822854,-1.07662961242199,0.272057035121899,0.746543649171139
gene784,-0.925585808741787,-0.625908910342063,0.203930718089535,-0.315690289959081,-0.458224314749832,0.716152751203142,0.50938272248196,-0.303853539227861,-0.179806562413154,-0.35022348207421,-0.549816497109617,0.819243683722592,-0.233226614836088,0.117499844597024,0.497328813548723,0.0776577521932648,0.819614825995448,-0.200163982612196,-0.806481099833306,0.336895441001226,0.340882758134567,0.136270686892846,0.0698062622150965,-0.804717422568787
gene785,0.166175315853741,1.18889768325954,-0.440093959511242,-0.497809073173396,-1.33310070893151,-0.869363412011832,0.102358546964538,-1.75005188607598,-0.692182448678524,0.0474623089510755,-1.27073549921688,-0.321147828006929,-0.77434258802904,0.26652325470459,0.794751634353244,-0.0097502682887979,-0.0803247557280552,1.118205188804,-0.252329525463556,1.44877891689816,0.213626430455374,0.848530007665133,-0.501421261888301,-0.355612724221731
gene786,0.0727965673481089,0.893992536238881,0.370834554057132,-0.273818727026139,0.0429782112417213,0.955589916002212,-0.310723131615222,0.409397230573687,0.789134644332333,1.01616982400194,-0.124581470154943,0.308560215244434,1.23733234262617,-0.267314168530093,0.147943777801437,-0.537158434977184,-0.621976117767202,-0.986212466111283,1.20628656454171,-0.555949068816977,-0.328289858899421,0.592322380781487,0.407734514435562,0.250711780159037
gene787,0.276084294241235,-1.21403249364645,-0.718170863628063,-0.727685823906095,1.12987851563051,0.972423761270517,0.256157499363246,0.278718220044182,-0.499162818729659,-1.52404103940634,0.068793155767694,0.983876519697408,-0.125104022417096,-0.0501865175926147,1.03181934491565,1.15538631384161,0.382634736917571,-0.209976246951447,0.698401732431853,-0.873002451504121,0.18522727264118,0.332411831419498,-1.55155715221448,-0.230673222441319
gene788,-0.695056022716459,0.855093873238119,0.226809088183416,-0.799699536776207,0.681640236561654,0.271700840024912,0.528910503244805,0.027976278438426,-0.606276328590618,0.416527374018792,-1.11156813254097,-0.160016593560363,0.427264968077334,0.327576098545236,-1.10333179777075,-0.850155203270652,0.0885139676765101,-0.408488395797802,-0.722215843860325,-0.574484320061643,-0.533155408097134,0.181048258797826,0.0421378211059259,-0.290692314950066
gene789,0.447802041102278,-0.837976476848502,-1.43119335360546,0.270009389837963,-0.244798764749683,-0.484731329708801,0.76165162939601,0.0015732278699748,0.340494935780574,0.244631295317445,0.143638495745028,0.594079213562932,0.450913821779858,0.129865735137919,1.83899263629432,-1.30481913672072,-0.713152641197575,0.548410732125529,-0.189356219001121,0.290976235358174,0.321586230254636,0.439587770371199,-1.11222779334233,0.0648264996088942
gene790,1.67067744319733,0.703530365223474,-0.0074680492536267,-0.168825896379219,-1.11038696808601,0.629222552485202,0.782832473279195,0.333495297234984,-1.43962263953362,-0.709044380743655,0.120697520058141,1.22139672324418,0.536519129219188,0.143367146983873,-0.225460807690062,0.779508227395036,-0.325454249440076,0.25835083877467,-1.21276750130434,0.070961331156217,-0.959872783111105,-0.297810145035432,-0.113566676922026,2.33189555219646
gene791,-0.499434458748557,-0.0825111041753686,0.411613324907136,-0.124047773924955,-0.894455095238351,0.225510944806997,-0.24523794234142,0.599986248589184,-1.01537262747018,0.519849672488188,-0.654745296592362,0.495137456589222,1.10282845700399,-1.04868293212944,0.438018722593646,0.256147683890886,-0.578249889181672,0.692577988456181,0.802115424585627,0.628161830513539,-0.203952189984448,-0.357032691006337,-0.966508072093476,0.44561351547491
gene792,-1.87037272613739,0.199655657195332,-0.0999269476704399,0.483464437957796,0.251170493320177,-0.80830139021336,-0.151757388367655,0.691086302886333,2.70786348458014,-0.384961500242343,0.860543205520759,-0.190675344207513,0.742498532387561,1.29420617734206,0.160621609206721,0.1866867012181,-1.27404133601052,-0.0642867844915244,1.58746965108474,-0.0463717807058024,0.0785972401087431,0.723346184407582,0.414347024234498,-0.0865419863287335
gene793,0.459413148912382,0.162336177849576,-0.238816647197366,0.222452479359981,0.10064283161979,-1.49606466756418,-0.0191183690051669,0.667501630951854,0.939472122646487,-0.0974528623736252,0.909591362788839,0.578069748646727,-0.288010496163,-1.31782636869865,0.506867446880435,-0.383705402644124,0.0659082023602879,-0.067807983319173,0.652885409768275,0.681093510379157,0.185160702913747,0.090765310769804,0.703973327451162,0.505427677004938
gene794,-0.391405774456457,-1.27162505707225,-0.0186473115107083,0.203708586345992,0.403959191018739,-0.0555163632055753,0.0825717914460518,0.38196948374664,0.0143231380488438,0.0264616098106858,-0.769071192512025,0.524992012474335,0.29007259867366,-0.322554837393667,1.09239113623689,0.819050418788694,-0.496722063521954,-0.459606760995065,-0.844164507922713,0.35927616662697,-0.347712273135302,0.324166090737843,0.776042033805067,0.170950058639804
gene795,-1.07768608016956,-0.423695336592738,0.779909577805987,0.308633315168928,0.247297589448436,1.14794014194531,0.0369805765046307,0.0804418004296316,0.16681954366061,-0.129176489491885,-0.177533403369267,-1.15436379397658,-1.00406766767882,-0.311468694373876,0.742858755091809,-1.35874309749824,-0.184323818031335,0.562161390338926,0.3122624339871,-1.47297048637638,-0.398357892329741,-0.335241314878311,0.0948082049889562,-1.79489441668253
gene796,-0.117369586638468,-0.544960361368694,0.88924210412305,0.135112293707821,0.676838393255598,0.290531389717056,1.27825093807629,-1.04822241009681,0.310655895147672,0.486325553763638,0.487361983512151,-0.979300756385653,0.0666071555908793,-0.599219714451527,0.319743384341128,-0.18418135575088,0.564798211641071,0.144243978388863,0.255492714251021,-0.801753305765157,-0.160581073577925,0.710503269043168,-1.25976209773947,-0.276902373127601
gene797,0.589672531817198,-0.540837585986698,-0.657038923167927,0.85080117633662,0.201859062694088,-0.907207214310183,-0.0348944272451632,0.533713551454091,-0.497594896438474,0.340835105325395,0.583293503535742,-0.597174113223967,0.501430032288972,-0.471654196957881,-0.786317151597538,-0.590141193578494,-1.08494704685087,1.26334451582219,-0.740153752823683,-0.0633131927121453,0.654620012579543,1.07749022337149,-0.364687045672671,-0.0240016339864459
gene798,-0.439747970500024,0.241068830806623,-0.0647861474130964,0.407001710306707,0.773774907140169,0.716290752479833,-0.642278861705953,-1.14914934760004,-0.984725052681818,-0.717807249097608,-1.10093801516225,0.978503216344083,0.699328527340347,-0.278310924759688,-0.800516594505806,0.983101707474758,0.398384289603217,-2.29068885446406,0.485308523560763,-1.2695810199615,0.370200720048569,-0.318799630426868,1.86255979911521,-0.545970478974807
gene799,0.383541279523753,-0.980624905808609,0.388161760196057,-1.25184914621126,0.673015092446756,-0.622352175265603,-0.525596986325736,-0.116813514694697,-1.1268681353753,0.41734079816582,0.589179136579881,0.219617457529954,0.425797247013308,0.049935829033614,0.0377931534085012,-0.218528689358942,0.853111591232457,-0.455197172821142,-0.483748200482053,0.561637256596609,1.32714642482004,1.96775611962125,0.297872677873363,-0.240497066923737
gene800,-0.145203171382195,0.220290321742197,0.15642554480209,1.09096962355379,0.630561690982246,-0.107708259454062,-0.744471019724787,0.728291126212898,0.771644981177982,-1.17807927703189,0.791170293083106,-0.648983930681426,-0.985632323931889,-0.788153140631289,-0.828026515535265,0.378963448563174,-0.363836564662969,-1.3256966397106,-2.68786266791657,0.667423334272976,0.954582035158707,-0.812979426191673,-1.11828049882326,-1.98816026936991
gene801,0.535641198361793,0.599971756195629,-1.07334263597688,-0.424453990200173,1.22453179891903,-0.0076817632633828,0.670759660971828,-0.472398008795426,0.569236952482381,-0.143760996063581,0.206457080913261,-0.415748986817444,0.164505553951593,0.114824988756876,-0.267821129349073,-0.883755162957187,-0.210273871560683,-0.511616815159495,-1.3905118675389,-0.331166760527462,1.20097653114209,0.243883703576136,-0.0860072611431184,-0.23553962675826
gene802,0.807155800740509,0.332855630168411,0.686379536066417,-0.72231829643643,-1.54870650989014,0.450758199002766,0.117312622843169,0.179747299842507,1.04626674397492,-0.648368434570212,0.29851307125513,0.213454217235655,-1.431237473799,0.514332487870668,-0.36159738689461,-0.577415152204636,-0.18473565477648,-0.431046152606083,-0.151678334051384,-0.494136746866111,0.180515771794119,0.133009371173784,1.09545008038148,-0.136665767681034
gene803,0.291463333048849,-0.732977982792428,-0.600201151184958,0.129323880959756,-1.08214899829095,-1.14904284687983,-0.584938145537295,-0.869911746899876,0.407320167712188,-0.36298780264091,-0.0239224050087825,-0.387836308749381,-1.09061212515332,0.984131289782898,1.95101257646508,0.165100293453269,-0.257393507800192,0.0423724548557027,-1.43416673176181,1.00260355442468,-0.686278749067387,0.473327206647822,0.0886960617381805,0.554893356475085
gene804,1.30125948204669,-0.511735305318176,-0.0221896889590016,-0.191614114625093,0.13028180316055,-1.71930286815691,0.0882651877177965,-0.106984721834198,0.0275143790159814,0.0744054503010717,-0.806672880591807,0.618044372405367,0.384865353418431,-1.63312110275102,-0.442660951279032,-1.4714633695965,0.357278587630512,0.273557640473831,0.156303692225038,0.499252905705739,0.734664048894274,0.906140647171226,0.395136038839639,0.422460655863676
gene805,-0.856058595095995,-0.844774807238344,-0.649862314264462,-0.0872579739789991,0.65104934261728,0.172756571241393,-0.0798781846684609,-0.129307221694283,0.672464826058315,0.870048874551533,0.297493820390871,-0.22440792930474,2.90020511989501,0.687852768210889,1.192727159495,0.0358197368548218,-0.65276403599816,-1.06782455089036,-0.565354325103878,-0.58614052562801,0.0631806870513438,-0.114139281359337,-0.536233486565151,-0.772751232137742
gene806,-0.214527828640441,-0.516736468195681,0.253399208289265,1.12645121061966,-0.265572008575665,-1.21356368722913,-0.15903619048593,0.163831605676362,1.81406208190008,0.53744813251015,-1.11947723427975,-0.0275628410014573,0.002115877590906,-1.90230056167964,-0.235801050141031,-0.971932372101611,0.573389111230545,-0.949557611414931,-1.27348018536488,-0.114118704952395,0.0613016071378456,-0.863366938596265,-1.23513144737677,0.0044205866529212
gene807,-0.640329213646449,-0.319258019673078,0.338220568180364,-0.928207006939229,0.133623959042786,1.09283701284624,0.0090773581006611,1.03359357398244,0.187637145534924,-0.0318796525941589,-0.950954269911603,0.956723313889783,-0.739195853959776,0.170279391455192,-0.300936044933124,-0.0802050334427864,-0.827811363579747,0.140741850598932,1.41431150452042,-0.690487564265205,-0.338148510321547,-0.0903908467693167,0.0744294383726156,0.420252470412138
gene808,1.5565520259935,-0.169505328598559,-1.61737672170297,-0.311945219062706,0.19520031405875,0.271779350369741,-1.56176640656381,-0.498940988874339,-0.614416253582351,0.947105360794126,0.76481437024869,-0.629212645804915,-0.236983339034376,0.246436148336023,0.278084558224819,-0.612719749916612,0.116535034971531,0.158996613964764,-0.694811776885998,1.08042694341791,0.0739973847593467,0.584260170406722,0.0526816884735086,-0.789309311496133
gene809,-0.125326661509098,1.58823101332279,-0.631941371188356,-1.59280605211521,0.662266569903356,-0.952856644113596,0.482714048029351,-0.745611122151848,-0.530920949739725,0.341236482149685,0.531659517466657,-0.515327050085143,0.876749958594242,0.440825727896654,-1.15429844666183,-0.582913098430497,-1.02887422637756,-0.380371285866365,-1.0900869661268,0.523697314742882,-0.977409167499295,0.216250335392526,-0.958175450085202,-0.0561579166804132
gene810,0.522982634152827,-0.766738729340481,-0.52330942687212,-1.52922622766209,-0.622958563916149,0.230839596462164,0.516838683082351,-0.55213329136718,-0.510597831108262,-0.402363146275889,-0.2806161578442,-0.152114048404185,0.66409562869864,1.27516712050492,-2.39074868174647,0.333915956704558,-0.257542695439496,-0.539599042037806,-0.298762326423183,-0.765165595708251,-0.444885120466429,1.64098683845574,-0.377990128903916,0.242045368110539
gene811,0.326331255532093,-0.118198052590728,-0.0409016662866798,-0.134040406080022,-1.010764510141,0.412035486351902,-0.0043452821316025,-0.132433763387298,0.0788527777028469,0.600651354628648,-0.950428911522398,-1.75618841602297,1.63902772602611,-0.385396110095187,-0.642259604797121,-0.136210083703294,0.0351010803866194,-0.375700735385016,0.0687080725768155,1.10463899978066,-0.0284732962944474,-1.79217243958657,-0.321900751319801,-0.824766546736437
gene812,-0.086378619998629,0.461627725065535,0.201493423115303,-1.16680832561047,0.615757314957831,-0.476322136960868,0.893903274308697,-1.26220339027426,0.165909485747603,0.102533436026463,0.52578741511612,-0.969487745885147,-0.497392442601896,-0.610517836757581,1.00524254151704,0.98846337104631,0.347326465140517,-1.85977944317373,0.642835754995596,0.658348085271999,0.0555140556084884,0.687320570304558,0.346642200106219,-0.553846624600478
gene813,0.502932823688941,0.78390887337359,1.45578174312862,0.280442683806111,-0.538069588172144,-0.742365508928462,-0.537340298649468,0.547365181918456,0.377366179939745,-0.563777322381071,-0.296265824975089,0.0436341842455697,0.454257063486366,-0.578225728946495,0.115714916531374,-0.314960518338487,0.035031410560608,-0.552999331751372,-0.0113926018253229,-0.0599413205802096,0.560127807257569,-1.51473593405521,-1.36499973988751,0.148835993586816
gene814,-0.0922222464461863,-0.0602878326384213,-0.331125306558123,1.11107590680047,-0.609657680433309,-0.956055772707228,0.982202569826863,1.43617297982219,0.29491906002726,0.486097267275433,-0.573411499983546,-0.263913956432107,-0.154440439256273,-0.264692856576544,-0.788931962410032,0.738570320860872,0.0072448244397434,0.281079052171712,0.715090756125375,-1.42863389057784,1.52970178936739,0.675526979739202,-0.674068441909181,1.42338191915579
gene815,-0.128259813562225,1.12509491743731,-0.171950504874322,0.336318683539626,-1.20291474287254,-0.652699635030945,-2.22001660371296,-0.322473017260694,0.375524306960641,1.1446989497273,1.70332104522668,1.35280320478352,-0.602919271788016,-0.669209012691954,-0.535143959435453,0.260564480213362,0.786728962732569,0.588256588731737,1.63554862083772,-0.508615690766048,-0.290547160651932,-0.228965283029502,-0.38496704207136,-0.503361322544262
gene816,0.143568175433511,0.986449804217882,-0.385119741520827,-0.794274643505745,0.231073485402011,-2.44565657289721,-0.35995796474887,0.288257914923596,-0.845908100293072,0.187752925180226,0.349743708887739,-0.565431962590431,0.660383265559801,-1.14237261019443,1.2281364205153,0.0117699678069498,-0.204006783102015,-0.430535598660818,0.204925164779297,-0.342388525442586,-1.44101011384142,-0.302079861910197,0.198341256489923,-1.2225407495711
gene817,-0.604673296326991,0.114650775635174,-0.55703014147726,-0.451524331017394,1.53973426372956,0.312521130538622,0.674026081292755,-0.622602911904653,-0.208367946754677,0.0819235340446848,0.367916838778357,0.988154309358484,-0.993432716645468,-0.312733395581776,-0.0567068100468336,0.734443683204258,-0.155385721727508,0.784641765759504,0.240224835155091,0.515138242600464,0.764530248073975,0.155192916677645,1.22205810064129,0.383468636185398
gene818,-0.788182135802152,-0.337388197722499,-0.547270130109902,1.4963540389219,-1.95147641920355,0.201967138755138,-0.324580509744063,0.46187686785938,0.674682751504361,-0.449321071763956,0.390026913677165,0.877870412758611,0.285578521546184,0.565506107920786,0.085897202963383,0.540123913412573,0.955567356618708,0.503423949293979,0.451032010969896,1.02487809634247,-0.860710839814608,0.588547319100991,1.25487894996546,-0.0027156607605421
gene819,-0.491320135443346,-1.62475691244513,0.520918652960816,0.229175221267294,1.03210506300487,0.540768760249749,-0.461094668622999,-0.359983029813544,-0.600171032298851,-0.522032717891781,-1.85530825602076,-0.202402376869233,-0.0129695435140792,-0.978066682785657,0.762524463946297,0.551901181038424,-0.495722108592343,0.89560357908727,-0.0532055401311631,-0.103052257235809,-1.50497644945855,0.143867959166067,0.162937338569221,1.45503695485534
gene820,0.458371584384246,0.868004587934543,-1.17948340553266,0.546460325300386,0.921218133635087,0.288932089596383,-0.0401260893840593,-1.17592140522119,0.169667698798458,-0.159948226828197,-0.151507901415795,-0.977285670408675,1.15664268977653,-0.217609829197465,-0.122184972164737,0.17714638570378,-0.176521504246841,0.76260866117669,-0.493861462496456,1.23919474360685,-0.876913675334337,-1.65074692928666,-0.81878304572794,-0.34062071548676
gene821,1.73658136778473,-1.15871892195463,-0.242530746155728,-0.113773628883757,-0.883523035093582,-0.203662415641195,0.0793691131536546,0.817060335560066,-0.503091844404713,-0.544893733184643,0.588019248404385,-0.117840772651141,-0.653279974168515,0.612072071100098,-0.527833188214192,0.425002673250368,0.130638599848988,-1.50352943537712,0.82381321616973,0.0360790184681982,-0.0516640285001742,-0.260183023169371,-0.520772228930989,-0.471033628495403
gene822,-0.63126578932785,-1.35449692097634,-0.181586579374658,-0.680530538663783,0.122506769863967,1.3203479876278,0.556693130058,-0.853391628422324,-0.459618049217303,0.822540501771238,9.76323986837537e-05,-0.636252454290714,-1.1865634690077,-0.106556048233799,1.20055381674289,0.497648649302047,-0.245182119291252,0.239611577348927,-0.152740719244239,-1.10473228731496,-1.24068857982214,0.439047802351499,-0.602737324470298,0.165425030191248
gene823,0.89654647083068,-0.517378581193911,-0.572099239509922,0.860565792397774,0.234750191342016,0.379586004186986,2.50956768428642,0.902373521679158,0.43504034016594,-1.41482678558383,0.008467432900174,0.320421377996675,0.214288564203998,0.292317135891787,-0.298920154743256,0.45993151911702,-0.675290877410418,-1.43042468977989,0.293917112895519,-0.51933304844836,-0.515101996810068,-0.140962363770424,0.102011867446201,-0.276488918648284
gene824,-0.282472081902159,0.333471997401017,-0.899094656301302,-0.270305559447746,-0.64105381870416,0.0692876255579165,-2.16325581307623,-0.0269748586242051,0.324642097701606,-0.229327145817564,-0.498665027179932,-0.360192158089149,0.963184904293102,-0.667126284405183,0.486623068925541,1.15206562048825,0.273945755316854,-0.206514880186801,-1.54494813239764,-1.1791864196819,0.235324902448792,-0.322924248900593,0.47450343267732,0.980733474879586
gene825,0.742209688992433,-0.231161758723642,0.673906648215484,-0.470661680840937,0.574758487537177,0.549386825964412,-0.387153050318007,0.557068129336469,0.172499968133695,0.967721224641642,0.345693355104144,0.218222184797794,-0.193538492440727,-0.737034846211771,-0.791680494276706,-0.595264623016254,-0.676431612753621,0.28110557891562,-0.681037380376186,0.0627442854215558,-0.712386575131869,-0.539148394002035,-0.135550737972949,0.506936869293991
gene826,0.523722125869868,-0.718447894314704,1.09648157548759,-0.211683917010371,0.569459721953736,-0.785891713553859,0.34113338164231,-1.62480121237335,-2.15825379045487,-0.594503845962265,-0.0400125220985886,-0.205042634885584,-0.0897739236972808,-0.452014380685084,0.0361397975951103,-0.656449688009409,0.294503828290557,-0.252446570313065,0.0044472909395475,1.3551829290384,0.507430571475483,-0.450648885481798,-0.85441931292964,-0.441090204695697
gene827,0.528851179513708,-0.883340776891847,0.298887382173925,1.20263491156896,0.842933844554866,-1.18806542675667,0.49444784196858,0.83457167694587,0.610291395688756,0.641903702075946,0.528687802076458,0.387721148328912,-0.362679773790888,0.355841563254473,0.47173917756835,-0.50421554703668,-0.153353008121112,-0.506553012987063,-0.376260781146469,-0.116881462678706,-0.832905234769517,-1.32930842574105,-0.0280852128274846,1.02693087734539
gene828,0.317591697698756,-0.275530289471048,0.366175122034897,0.0701663004382216,-0.771420747304982,0.442051267593178,-1.10006383788081,0.686174863956685,0.76096384052554,1.46444178463239,1.02658897683616,1.64448554824921,0.0483624068600941,-0.328844023546317,0.35910577867587,0.0757538046918719,-0.017118417734437,1.09543275789751,0.205357040678791,1.15695163655931,-0.574640568080822,0.319465286274595,-0.0554048849288872,-0.001722870154777
gene829,0.521767749770606,-0.246153660797294,0.191046496797017,-0.0641839982908756,0.805263679930312,-0.0069888405066154,-0.269705189962938,0.787959153260148,-1.61224752572579,-0.475597723894043,-1.22045856241168,-1.01337677479217,-0.0685303922082985,-0.573183488089293,0.566444994113852,-1.42674494574597,0.284566279996857,-0.233936647646396,0.200021482591671,0.224376261983044,-1.15338189932596,-0.488793543553183,1.14893400865924,-1.16417690466629
gene830,-0.297721227467305,-1.71086542178613,-0.0019754052091849,0.393771700037156,-0.861873351244007,0.0628845364479226,0.111464923752219,1.86305284634915,0.631684294131056,-0.212371915994401,0.742905298092332,0.454593437297377,0.570046576965706,-0.526879589218686,-0.573722930926314,-2.32352492789344,0.309548317447725,0.107098197379252,-0.152452656763573,-0.114864717275082,0.662291733374885,-1.29272325190538,-0.241293317414573,-0.676013899267295
gene831,0.635798438827098,0.697071441972252,-1.00831378125862,-0.016760217349288,1.13398887897938,0.528683868116217,0.484618341224992,0.645892295452107,0.0560514719721043,0.980796669049868,0.768094713820958,0.97809491405431,0.431034307624797,-0.435172884631373,-0.363853501978022,1.3603913939553,1.15913431455032,-1.65945716905805,-0.260313520339065,0.547858147845218,0.829439292012047,0.968827959022699,1.08206095448004,-0.124992827762972
gene832,0.266817654781371,-0.277593840511058,-1.02381068901444,0.275194931052441,0.118415274845225,0.846783274228131,1.62971182518478,-0.200881415232539,-0.768206364800164,0.0103071586468719,0.117572161282869,1.30085560286479,-1.93225620489003,0.344148370889761,-0.533589567269468,-0.929705153412989,-0.27290956218903,0.598833015575173,-0.288544020941514,-0.656542245148378,1.1527701975057,-0.216799569781619,-0.435383585943952,-0.947473047164869
gene833,-0.880734118376295,0.898315707099751,0.637443808177499,-0.573436907189751,0.572948310625955,0.72521031190838,1.0156089295056,-0.155394137915151,-0.136151756000564,0.60664306695704,0.592280617443203,-1.5950224658924,0.49247342217298,-2.11496892512397,0.960228206843636,0.378471542119542,-0.846751804945421,-0.0062459327858492,1.68638415529184,0.388142703270151,0.390325478205735,1.57635045614874,-0.538976970629389,0.164502578474786
gene834,-0.914289089568735,0.215821992780204,0.635555805529728,-0.706902808986521,-0.0601139673733447,-0.902636402278718,0.59112150038613,-0.644482998896059,0.964351337685472,0.290555358327709,1.41150961695676,0.508019593030728,-0.149643914171131,0.761168215124536,0.49031553779163,-0.0656428353591168,0.978801477327009,-0.723120452225538,-0.799424708935122,-0.216922257443797,-0.143497498524283,-0.140516337178105,0.479389200009971,1.33533466742369
gene835,-0.452178864582071,-1.28947672210005,-0.189824803217505,-1.0684181820544,-0.386209056919855,-0.133902103526119,1.20285555337864,0.776269734599726,-0.0843952195861839,-0.0797576859213533,-0.770310250513935,-1.12660631171537,-0.072002852718963,-0.169872150135594,-0.145418375135593,0.660004145856011,-0.0263831094118882,-0.642022572676569,-1.09523598720086,1.00103888063238,-0.254945650760654,-0.864095783149475,-0.257677066401527,-0.470100247567903
gene836,-0.860810071483694,0.888470205989198,-0.294617264568262,0.3205372912065,1.04132083764225,-0.408670237415423,0.241258843482134,-1.37483025826041,0.0793397313437817,-0.20939098518515,0.0387042398136253,-0.136808255587729,0.711816006369938,1.25511931765998,0.998511069386149,0.16314406799788,-1.24952133560166,-1.36950747258777,-0.900907461957575,0.927347543834374,0.304268227488634,-0.705349913872017,-0.21877336543352,0.498490441455416
gene837,0.138001212525134,-0.739300452646289,-1.13395510217927,-0.435416504002745,0.0561865977215533,0.429971045560521,0.626091235734755,0.506193508253772,0.650430879186647,1.29793994997718,0.67791928214017,0.939258797619771,0.373296623868959,-0.36384662414644,-0.320910379920087,0.653313359390879,0.745516800417401,0.602433494785233,-0.822627217819967,1.64774234593627,-0.0915656647042695,0.0173276617825768,-0.0154056251545166,0.392812262011115
gene838,-0.599217986700674,-0.940106252208351,0.129519054431117,0.627031765449668,0.296866175611764,0.129751483547917,0.342085940647947,-1.39720225448638,0.80911363180347,0.438319056426924,-0.23781387832839,1.36542775213969,0.658615370943473,0.370634625705656,-0.0047514717006314,0.303600498880662,1.67354601888119,0.290936615297304,0.309627671643929,-0.0457506445959311,0.86761323779408,-0.455016432069807,-0.250917911662988,0.053262393329886
gene839,1.227088562908,0.33833652843809,0.6417906309526,0.0694266523617085,0.208683235367971,1.33811050989184,-0.725651395876568,0.475463970401743,0.230988827776596,1.07857990407039,0.412742225370578,0.313898895902661,0.275843431927943,-0.915344168663689,0.234341877482955,0.644600450749798,0.0433864751300479,-0.306973663922724,0.528192253795065,0.223106883821852,-0.750292946673547,-0.822645413158016,1.52198984464227,-0.664789703103598
gene840,-0.0536141813749913,-0.592690187144853,-0.186413022046443,0.560176942579752,0.478693318568906,-0.225039775828701,-0.344683292109322,-0.103142407431975,0.38563739216021,-0.811957156538071,-0.806699908549395,-1.51706722262991,-0.21755393214592,0.33074846628907,-0.505389642357816,-0.0390447201727084,-1.84410057014807,-0.125902619089643,0.217406425895416,-0.707360311732302,-0.352456899320126,0.175394743615859,-0.199813207079398,-0.72410551812944
gene841,0.0163373140990231,-0.907319266315519,0.894498473172801,-1.29529071838367,0.844769959249365,0.637077097307816,-1.11272600687507,-0.191059483352404,-0.218007514622281,0.0954801004166638,-0.468239924626944,0.36865199932624,-0.311654959115114,0.172334893055295,-0.65988523854195,-0.167279083928837,0.877064593372508,1.10854699626929,1.45246061617453,-0.0589030494442585,0.595735009777133,0.483742676698643,0.465135926286638,0.331388762078731
gene842,0.167116228969433,0.973890166931981,-0.232012103370493,-1.46793895455331,-0.48363479528506,-1.17498277427397,-0.158712044545027,-0.227997823103952,-1.45719938570228,0.975194000382608,-0.309062614158147,-0.613653887819707,0.108659480753056,-0.410372405005368,0.351425233359847,0.537849839425614,-0.0658785069236416,-0.228389205479724,0.764827500428559,-0.210210796573852,-0.792090572613721,0.460151987451975,-0.237279674959327,0.628425726235586
gene843,-0.101577777851248,0.930362450996472,-0.121159130757264,0.153901150849526,0.452574024837807,0.0211393083909588,0.775303837678785,1.0482249625056,0.982870577722704,-0.0505396408391233,0.07758765698619,0.174996653239705,0.781344037521231,-0.86113876755046,0.281788286696382,-0.931327192854218,-0.698544246551419,-0.407590979478692,-1.48889667515407,-0.695365142818671,-0.162774793932383,0.375093889867013,0.243745249767796,0.510810240455443
gene844,-0.196476025514579,-0.296490456855669,1.86239034161588,-0.578718190739675,0.198942444714596,0.561909548221037,-0.0346039598797131,0.254419951955794,0.0653123161946638,0.6205572732244,-0.193943554392297,0.115838752401025,-0.199745480917177,0.121260110186292,-1.57676621667104,0.283654319973149,0.585004365662482,-0.0554155017650981,0.521318925834714,0.253010997063439,-0.513386747581443,0.856639101069007,0.823723008855082,-0.156070644966938
gene845,-0.499681144910545,-0.473821674112968,0.658134474881962,0.252072468913283,0.352179934621237,-0.926811446822842,0.627903446672241,-0.700226672576995,-0.165933861561464,-0.782752834657195,0.0850026982816815,0.497377119297487,0.952117527905079,-0.859436739205471,0.692311264119747,0.0610033869670936,-1.27384111457257,-0.0255876383191925,0.0523246484223407,0.687626602903331,0.16476012422438,0.215518839053882,1.42679867650429,-0.410197638547791
gene846,-0.104383121171369,-1.24074461087484,-0.856034571897395,0.903158401542655,0.098248843531024,1.47385445602004,-0.572623976592467,-0.0020166337218732,0.290565563655992,0.284211133554025,1.19058162890371,-0.0889104833456992,0.353302661654943,-0.858045921957694,-1.44560932157561,-0.846605132650637,0.642150673828037,-0.425640539850372,-1.11464085348971,-0.0345231079434241,2.1973081094591,-0.697530282894758,-1.1581562007675,-0.0099757360640234
gene847,0.668287855686182,-0.0354193987128518,-0.462577429191377,-0.302137852930664,-1.55476384701494,0.855471377279891,0.187328210584645,-0.696473851946954,-0.425284530373086,-0.102005472550535,2.00422760776875,-0.246324422063949,0.146572316797439,0.923986719444615,0.845990976904128,-0.360929462418448,0.910527148072577,-0.517348294012163,-0.375800641022659,0.244217077786673,0.129368778798859,0.17527610867825,0.903554634123045,-0.191153161490472
gene848,0.877699328852431,0.526798043612007,0.548118936674014,-0.340615351445364,-0.120405929698189,-0.178765926146163,0.652532890458647,-0.655572657704289,1.06519433377042,-0.480927754660555,0.457201449794448,-0.538899069946242,1.08242760414339,1.54188982372773,0.773091136818561,-0.275202317691173,-0.0199651588163729,0.383564282104378,1.62397099660431,0.119971039466178,-1.07513601715076,0.0707321207154356,-0.837025012933042,0.184943832053102
gene849,1.19557337920063,-0.175377244848754,0.825132719711426,-0.751414607373758,-0.423450391720354,-0.476050789153555,0.385931015266186,0.203189820588075,-0.313846169345959,-0.0418091089106381,-0.233686640249188,-0.307962009863445,-0.424014762429714,-0.540713718844407,0.160329291868944,-0.322760839313526,-0.93374702141379,2.54264155944874,-0.159312216722197,-1.39279940752608,-0.48904835615521,0.172132967414383,0.0668769846156284,0.626589400182817
gene850,1.28569894147237,-0.998763625861234,0.0456967159940943,0.45834207044854,0.804676413718787,-0.423349723531471,0.536461104931325,0.269174425400759,0.364816589506237,-0.0519232593452002,-0.506372976646561,-0.891964501202487,0.594209738905993,0.925162482995795,-0.374438020341805,-1.20998562836503,0.289492596866799,0.481948958271539,0.324231020273888,0.167782747402143,-0.409013132496381,-0.568785908554359,-0.562149217259148,-0.514747369048537
gene851,0.105868826472869,-0.913401961653747,0.67495349735093,0.502445797696263,1.78679592569941,-0.766092513154049,-0.290376650770285,0.111645999652267,0.459127982833536,-1.1926564142363,-0.018284288447997,-0.122206647741882,0.681304397241529,1.28037244655499,0.571941270022591,1.46008131347198,-0.971891339342237,-1.40563820481207,0.258884929836085,-0.426825938605195,0.940633218945895,-0.942950116222715,-1.82049239665602,0.913368911800751
gene852,0.180935105781778,0.322303108890047,-0.276920103323341,-0.955506800830832,0.307019922470305,0.258400614849193,-0.637479441194271,-1.80876928028617,1.39569503164639,-1.60367963676102,-1.40803382080198,0.422889290883151,-2.23052185372199,-0.637078466819929,-0.976926602865741,0.801057592506214,0.572618873521436,0.6783323489747,-0.299680250141074,0.296136328028086,0.530118954893312,-0.165095067097273,-0.878395432707056,0.717828943148692
gene853,-0.0818582901035383,-0.433020661306715,-0.412192454102871,0.0870205283597716,0.473624700428649,0.678556977101106,0.823053242291651,-0.559220819578564,0.396186233794421,0.449193223680873,-0.315485807232077,0.100451623784728,1.13398612899131,-1.0221812556366,-0.38870108073144,-1.20207396264619,0.666221006469045,-0.476852605852344,0.275850917117101,-0.22071678804867,0.181533203652324,0.637799514853518,-0.844662737930862,-0.688902583081785
gene854,0.628918174957546,-0.800870265252058,-0.305215401448178,1.08415939715573,-0.124951354235667,-0.4450378815594,0.699195560565735,0.646331981734208,-1.20798193599424,0.291356789370179,-0.322345605362353,1.18958429926817,0.34554426766777,0.558478733525173,0.125538903214904,0.256963280007704,-0.953941886687811,-0.0973590809405154,1.10914344342343,-0.922346600218587,-0.140263966698033,-0.0525052585880401,0.0094921890983069,-0.635914247134421
gene855,-0.540954207363265,0.255760804814959,1.22299747597621,-0.252714205709557,-1.41475082067141,-0.515642808118263,-0.20607765918468,-0.23344078150058,0.319067441637064,0.129191165268918,1.51862562256531,0.233381613450927,0.287321981428227,-0.92367307198591,-0.320356433713657,0.163062794513226,-0.0472777989282112,0.805050067195489,-0.515865493216522,-0.131492880590852,0.619911044336908,-0.101914247319724,-0.0989632871013306,0.628543691908573
gene856,-0.193951611654154,0.108796668333549,-0.59536332092909,-0.060196794451031,-1.09339208177798,0.888854398850562,0.288099891192741,-0.577963916937596,0.608272041563179,0.289520521975347,-0.0441454117016195,0.629386591005244,0.209428930547773,0.704062206823746,0.448352688347196,-0.416516594762164,-0.194337007441938,-0.497387709290974,0.654697348749869,-0.224127757056533,1.75984888996683,-0.756119401326592,-0.53008829691932,-1.61629609436194
gene857,0.249381963432405,-0.122282304704338,0.677116425890859,-0.131185345838064,0.164800838083446,0.417768629106063,-0.4172893142848,1.34104056633983,-0.18203858857911,1.72787881337991,0.877670839954698,0.306268781345223,0.906605742735657,0.47079069486933,-2.65808494086288,0.794312771072645,0.51472920317069,-1.98606467982613,1.1651968153292,-1.37274097194101,-2.77896404921861,-0.859407015748457,-0.730551392492718,-0.250462327606064
gene858,-0.978330949145609,1.0098692570955,1.50722138096453,-0.964427406657254,-0.590856491317494,-0.160445603374954,0.662139718371119,0.26517859413344,0.701933427119973,-1.17883778244469,-0.430834891064562,0.534681048167009,0.333061481765095,-0.255183575751261,-0.753814954291891,0.983790284177936,0.430784745798411,-0.875904511317782,-1.11923250553551,-0.103003515423091,0.042450976333616,-0.521732857225828,0.462841931067925,-0.0738920914374724
gene859,-0.0628515025053124,0.210055093534405,-0.708484966123016,0.756764560817001,1.22653972100985,0.680375269160042,0.5694510786561,0.127558612743642,-0.263860072403186,-1.34392899880033,0.903919175124226,0.0102310012175375,-0.128803158157662,1.309296891433,-0.510515624302885,0.23313727258557,-0.790643823133412,-0.183812837148027,0.740924871277513,0.0789950927533513,-0.12693729990461,-0.0026251555523736,-0.407952017143343,-1.15278072894112
gene860,0.363233534926203,-0.137664492121182,-0.774914663747226,-0.361381531350571,-0.224089823616685,-0.904867450058946,-0.375558147145058,1.49056579102891,-0.456148203611383,0.53783929077515,0.188493152566477,-0.303160583582577,0.857292863016804,0.0176633530249063,-0.0168685560643237,0.36435617286792,-0.0193844790868041,-0.279281348325306,-0.426227764620999,-0.43057451866031,0.184944229621291,-0.343279124729186,0.0145995880136594,-0.205447463300186
gene861,-0.0028708327999782,0.805037861017803,0.174745258117876,-1.4281730326893,0.719627859896825,1.01583732221501,2.31011343058798,-0.154752335923343,1.16413257052682,-0.114091446675668,0.083740967067868,-0.899520379963084,-1.22908761844044,0.401156251651928,-0.844518082054562,-0.442960910503072,-0.374912372866381,1.28393556911898,0.413221969064574,0.0659587166529442,-0.0390149983916415,0.274785014423416,-0.444878738602627,0.262366189534011
gene862,-1.52318313643939,1.50667630634437,0.894055940813952,-0.379343382977031,-1.24761858974118,-0.291362941614882,0.576456685012942,-0.943004444981604,0.376592100260775,1.48543663582717,0.805028242453747,0.368427348038543,0.369884614355089,-0.120913941166808,-1.11176691458967,0.826088168699922,-0.132175238559439,-0.546404846692751,-0.167300011020369,0.319961401333511,1.11382891668222,-0.9076400826826,-0.179798884432203,-0.113363267523789
gene863,0.502124465414443,-0.235611456285704,1.4903042741246,-0.173396216901261,-0.197260904825357,0.585175725528764,-0.305341354365963,-1.59150585773578,0.636728298841853,-0.748728595428795,-0.628710256428027,0.524458826682361,-1.24982829757075,0.173451503255973,1.08145987754986,-0.589943512083029,-0.0190576237555696,0.401655743933913,-0.410302115132946,-0.657783325081325,0.682510879272941,-0.811478218543283,-0.423708464648784,0.245267743140396
gene864,0.427536849603305,0.448011038202863,-2.03950666650986,0.442625096127352,-0.558652103660564,1.1762243583336,-0.551016600423285,-0.119073399772258,-0.240677510388698,0.173482059817918,-0.557747688822359,0.901875178814196,1.13713152571675,1.01169171576037,-0.0162230396221646,-0.490735112466362,0.280918212877564,-0.698852241583654,-1.63633738978282,-0.117361741988038,-0.435461532891021,-0.109368039350284,0.0212793463310328,0.870915451560878
gene865,0.182657532309115,0.0985696064859808,0.655751152503085,0.572571474427337,-0.657668733822113,1.41858289911599,0.0131904574981227,-0.57994625310384,0.651805705590862,-0.785521544680976,0.562503038521012,0.131243164046972,0.782962189473642,0.469343821759438,0.658177587788907,-0.407547766727233,-0.851340095505184,1.06142143764434,-0.503103925954327,0.691673018628241,-1.37809800354665,0.954442200090875,0.674224367364532,1.18547633280474
gene866,1.59022097895769,-0.696110339046266,0.48220909607156,0.334393482760558,-0.0608176281182671,-0.502725802938687,-0.0177542691204042,-0.746021072797343,-0.524982058674305,0.0700955047789834,0.164868442482662,0.451479350299606,0.0787106597243685,-0.280395341630587,-0.386753618982872,0.38945792642907,-0.109287158451709,-1.42982912015405,-0.759670972413573,-0.0809180991344141,0.12067365992075,-1.08447106080151,-0.755686103027165,0.0311777029012024
gene867,0.110134875893271,-0.76904011710506,-1.1870619145428,1.71731715608842,-0.67418165342258,-0.519906012643024,0.0965913784579552,-0.0646152970839795,-0.76306318027091,0.860402275463682,0.397836400645516,0.520985510198503,0.72628370962906,0.410862743297498,0.0706663420261064,0.107892895869755,-0.388535448276261,-1.0797161239336,-1.06642789206585,-0.316610616197599,0.0742844095479951,-0.164302061514936,-0.0946268246064928,-0.647127581672983
gene868,-0.828361753056746,-0.22676184027745,0.923123955640011,-1.70029875494072,0.0015544665683991,0.689045548700542,1.02603649547819,1.47417462481498,-1.2531465549399,-0.488733748310978,-0.352749792822688,0.69467169376362,-0.172312603669942,0.0615205713795593,0.938468001581539,-0.189191947115249,-1.31172059318538,-1.6008851097768,-0.314456093881365,-0.0700282553536096,-0.323188395335406,-0.946672193667622,-0.194833577816959,-0.638766369993806
gene869,-0.0266804062844599,-0.0204323649206939,-0.516287129978371,0.472579291552385,1.29116654717579,0.040925981748467,-0.857961834283673,1.08962692945149,-0.399350852455759,0.346762658223668,0.109557380160686,-0.731418242357808,-0.233511668889192,-1.02288353009668,1.73178867029902,-0.0995990974266392,-0.688102071931888,0.945857277655629,0.248937517159894,0.782720923296532,-1.02509116251057,0.672432475291148,-0.145172528919989,0.0235425195946941
gene870,0.157890419197331,0.161018462481015,-1.27378429820797,-0.220958752888963,0.912051499156626,1.06651246697867,0.158827348439419,-0.256953638290448,-2.17805074081111,0.227891106815579,0.665776347781768,-1.08256924622464,0.42479966338611,-1.48038033172479,-0.680690715746595,0.104321267494737,-0.720167073452402,-0.679281596152812,0.177062364252613,-1.7832919356213,-0.062517405863633,0.149468355305571,-0.243910823160379,-0.457353301679787
gene871,-1.05062229624059,0.0971758453865398,-0.677712535457944,0.499963175342742,-0.307231279305826,0.380158818103241,0.310346066631222,0.199304907675689,1.04915809463201,-0.395493408461323,1.05783916424373,0.0902952439423602,-0.0243121526975042,-0.873399906436459,-0.241238470944188,1.3763524308117,-0.2421959892109,0.282370585066667,0.958159592776718,0.727677213665792,-0.0820659564583539,0.380734387240036,-0.990889714586471,-0.112582322786416
gene872,0.402019167751866,-1.08706843344306,0.553762646005272,-0.0201973295069978,-0.106046874376095,-0.302323503932659,0.689610758326534,-0.0933507089589909,0.223569193625367,-0.0676352657694702,-0.850376025213599,0.184842537067128,1.96219497160008,1.00804644466051,-0.855154502432835,-0.0531926891018001,-0.713267397299522,0.566601022847106,0.327144711648952,-0.413052136533448,-0.367601472025612,0.501019083024807,-0.190425113536484,-1.19579012413183
gene873,-0.287657801830188,0.349598766813409,0.391496374084398,-0.336746068398203,-0.0058642646278274,1.20124777177181,0.108756148452237,-0.649793288119367,0.170462977382304,-0.45326396461387,0.281542842559523,-0.805683478738964,0.879660952932316,1.20016255523026,0.42676258543832,0.611211149373545,-0.739863394246104,0.278294737003284,0.600818851467676,-0.807644634376076,1.15675953476578,1.5513673918644,0.232663355887018,-0.0629865035750368
gene874,-0.374280705876078,0.122858909469209,0.449078547843992,-0.656559097155767,-0.210007578338229,0.619369133363391,-0.492688625355865,0.0875680105554393,-0.631662144565542,1.15060750754586,0.55304096930402,-0.253138953650064,0.618524344890834,0.152205935416234,-1.51339085506326,-0.0782121328139988,0.405826715318781,0.733109613365,-0.353323213607833,-1.73936950569774,-2.08078034871308,-0.960803249068546,-0.550371850031202,-0.12350685382899
gene875,0.533887669652123,-0.301101729517895,-0.310980433568511,1.15676608403998,-0.246740222269048,0.200888033375699,-2.4236133038887,-0.802848754075309,0.785502962001774,0.20590215694857,-0.0728418690792199,0.997797668175289,0.218002288180477,-0.100647733164131,0.911759573177048,-0.753553726119877,0.107710985001332,0.0600387347283927,-0.431131032981688,-0.627697321137078,0.839996227469579,1.3515451506386,-0.718758714847578,0.985650448131669
gene876,0.452518805709866,-0.219104715928723,0.493107161920385,-0.270487384044414,-0.301249008458579,0.657247584506152,-0.24267414741127,0.356874818526505,0.531122171463538,-1.57821007770916,-0.622931104943565,-0.774421440526283,-0.0244020339776156,-0.759770723252008,0.384937502095101,0.0576169050748524,-0.081157727592742,-1.51128488118217,0.44625924125423,-1.25078688450613,0.401103673201538,0.36276432760573,-0.881205455717017,-0.178121476287741
gene877,1.21305451960563,1.52407376211498,5.80355156748324e-05,0.808277679235897,-0.131972680812971,-0.828253224361184,-0.903657399979446,-0.505562368320397,-0.100044341172973,0.0955024690472248,-1.21952276497116,0.639325557067814,-0.820557792057979,-0.389624710129927,0.035419322233111,-0.364110391174981,0.725172493755199,-1.07597920874521,0.185675378537423,-0.692367850197488,0.511374628898359,-0.383609009375589,0.470504931239121,-0.122041218434671
gene878,-0.768371798916863,0.33191343116705,0.78900828643345,-0.408658428237953,-0.0077369955700945,-0.224030956046774,-0.290866303208247,-0.0561124356784756,-0.942638179260158,-0.767271878857178,0.0523602130853493,-0.0175208576877601,0.331144860549136,0.200217970678603,0.16131071196125,1.00661784733953,-0.476640200596733,0.204618629360762,-0.723262720328317,-0.307310398689497,0.456370481212828,-1.01102249771325,1.30493069151413,0.513798267500046
gene879,1.45424969227353,-0.479919337598654,0.82348843560489,-0.351616971297032,-1.25862865942871,-1.16658022842754,0.228403899133446,1.77507367273988,0.212176031557666,-0.325368776100729,-0.298655707681776,-0.938452606499891,-0.0173891573011961,-0.947029489627105,0.337956548579204,-0.204074928591542,0.101402219181707,0.0502975582614082,-0.215090049640632,-0.222547700303532,0.631602342210353,-0.576408675183214,0.197998607223203,0.372625208845228
gene880,0.918154927618831,-0.428598629786962,0.308271075499769,-0.90109705509389,-0.198988286167083,0.297324186614535,0.310659565004628,-0.298722350803817,-0.283046024781863,0.084504103556883,2.88454329448601,-0.878729002761122,-0.635777369510421,-0.661114449419839,-0.979251871975272,0.303671444581472,0.489943540579678,0.0966674359718556,-1.12848658316556,-0.748546657298822,-0.378521223072335,1.36658649239903,1.54744539409274,-0.516614401854634
gene881,-0.792280243411086,1.6221775935047,0.605537320402623,0.856365562099628,1.2871504101099,0.273092211166788,0.0070968904462198,-0.169103445526463,0.130498089645064,-1.21342434891623,-0.69266754717269,-2.5338268275697,0.243735763244237,-1.40800571615544,-1.09445196816248,0.386364318507413,-0.264235919998727,-0.0827733548469409,0.569494195295893,-0.334614815433725,-0.339284341480401,-0.953189896429537,-0.0079904799034705,1.21958205651273
gene882,-0.321404276014802,0.394803508128051,1.30244740944547,-0.530433188718218,-1.10079296519923,0.710203308850831,-0.727260194530286,-0.345014828015715,-0.544167317608971,-0.0093242793027607,-0.0538949535381922,0.114316551569301,-1.10382993337542,1.17474148672525,0.0568477259005873,-0.817077008602188,0.983828968703196,1.29599143774133,0.311683340021766,-0.644302936372891,-0.571995914076289,0.533107853809333,-0.920242457246099,-0.407946004180357
gene883,0.8837714322866,0.355917026373604,1.24670386881608,-0.441816576748541,0.972436306021955,0.896682101587173,0.111588295783085,-1.19751963111741,0.164877747689164,-0.152819723617744,-0.561236929877889,-1.16160124488909,0.770422077453703,-0.579646720075905,0.316154381586623,-0.556537047358467,-0.869101469020239,0.727532799501671,0.440317118025065,-0.771434802094991,-0.44222805866464,-0.202840360796695,-0.604629310921364,-0.507675891238799
gene884,0.562968812900238,-1.83083643547131,0.579020832451156,-1.09013244402639,-0.394881531925396,-0.162458081806104,0.439528843598133,0.450931622855717,1.84864611035445,0.929890619608377,0.67653551765547,-0.127578214488754,0.134675458929379,-0.450946489025423,-0.138396949336187,0.602692575045498,-0.493803279942202,-0.736622074988688,-0.0321835427396473,1.33073845341683,-0.5153047094695,-0.0222881458445192,-1.40347616036442,-0.721510767322867
gene885,0.309444757938206,0.234535314103754,0.790193504295752,0.774955707800227,-0.716943235950565,0.244929009692329,0.23866181714218,0.377305796130125,-0.567339495690442,-0.666010842854696,-0.970394206581185,-0.275504580480862,0.911976994763997,-0.384063366340591,-0.150610553222077,0.153248490682937,0.124549746803913,-0.544045201284148,1.30322737120173,-0.877206393285101,0.556851890952234,2.65379295155194,1.67950711882207,0.741927463985494
gene886,0.878602185382121,-1.20439735683742,0.120480404972053,-0.479862084515143,-1.04342710980989,0.719572486248447,-0.858561592153711,0.881218940544094,0.230724762756752,-0.820801081793586,0.998190911387349,-0.316474791966731,1.11626523023314,-0.0293926411668082,-0.749537798000887,0.458233969291932,0.265050130785162,0.650207227437307,0.071046021824482,0.650029732015828,0.709105604774441,-0.667369835793646,0.41818053273955,0.984884733741245
gene887,0.41418538579319,0.0826021625174201,-0.94957166781812,-0.354007720062112,0.184565672273937,-0.134704098739054,-0.844888898227854,0.536034750550836,1.45843025631639,0.650806101052982,-0.760290125953645,-0.625657973440088,0.153493847464499,-1.16754213308359,0.59220202403574,1.07252864283035,-0.354042513898492,1.3512897699816,0.304237213999424,0.532760133342615,1.3665241181182,0.176252066307233,0.813975118180397,0.970757208642316
gene888,0.340354054465396,0.0319132983068995,-0.2728012046773,-0.742739482542736,0.47947991095776,-0.112795102705813,-1.2273393363348,-1.12152881993277,0.763488109689587,1.8568058948545,0.761920969144719,-0.255231202211005,0.953067270932736,0.0157017243743485,-0.051587174754595,-1.52177006881251,0.0353628281924141,1.45545115352235,2.26398411197819,-0.194855755168134,0.260353794763898,0.329559045561479,-0.514486900079073,-0.723630697202357
gene889,0.23185406553498,-0.0272811577171279,-0.224973335711545,-1.11450642896961,0.398928127412059,-1.98250565552874,-1.04208146915998,-0.616093605246931,-0.526305838531659,-1.96962562698527,-0.104805299381892,-0.45889519272097,-0.0954144012101952,-0.0648263330088663,0.311091478198816,-0.433634254920909,1.47618129910093,-1.16907082018198,1.08891609485951,0.139554758838556,-0.136540350387833,-0.347702306372092,0.555246225902297,1.96237101620197
gene890,1.20637334738732,-0.222263384186589,0.474845938756068,0.504903388657407,0.0175195734453771,0.72442797184737,0.144104942874022,0.999106228256857,0.0345169718765063,0.494233666927648,-0.333091724520597,0.980480465575589,1.48377029524939,-0.0407183382851003,-0.252984569496885,0.2731384214999,1.05845163269693,1.284609734755,-0.281557144754472,1.05241351516983,-0.809268877186044,0.0813825377337802,0.649279363571131,0.560549325881916
gene891,-0.402296836647742,0.678637846858286,-0.20367390076379,0.130571116947858,-0.354242745473432,-0.397716509070191,-0.207579281200734,-0.207343456972215,0.131106328337927,-0.313718266877725,-0.557822673238365,0.884865973516187,-0.211086499971924,0.447385048909881,1.84926607114725,-0.70185708157903,1.01528630838627,-0.361642092098384,0.36146715787686,0.386558299681991,-0.372720484596728,-1.0904064467707,0.148478429261145,0.341087586290577
gene892,0.530030929640793,0.778702132022585,0.433020624921748,1.35055870969822,0.207888164441986,-1.08395461627269,0.237048189930372,-0.32229549371226,0.143859461808183,0.49900323574439,0.642703390613104,-0.532021622100598,1.20811466599433,-0.264317723891547,0.415523798407954,1.28956212677697,-1.44064756719617,-0.985784937733249,1.20603457204859,0.6192355113914,-0.279666873435928,0.621781334022869,0.206337812696655,1.7216404435042
gene893,-1.72562581419623,0.801436252931912,-0.892708442672013,-0.0978201944923913,0.862330455917777,0.248631915134722,1.05159033088405,0.883950705620881,0.443177058828901,-0.483366153709334,0.0944287588614831,0.162547620510135,1.18637791220285,0.11659034943291,-1.46861846250132,0.403255819451408,1.02442369120488,-0.0211726739984397,0.0264174331303679,-1.18249506844904,0.66563040121877,-0.488856866680643,-0.911268870830863,0.607436670325111
gene894,-0.0172794054508334,0.130729944965949,-0.506749912425094,0.552512216925468,0.959642638283974,0.376006224076998,0.295739426540115,0.617978008707644,-0.911711495626961,1.16311019398266,-0.47845075816767,1.02543918550319,-0.7205372095525,-0.500412370560869,-0.0075604292224688,0.368260306329396,1.43489876745306,-0.280158218074689,-0.172089262662466,-0.661939565150154,-0.137270782041559,-0.116773138486019,-1.09162131755474,-0.437106396568749
gene895,-0.548627634112524,-0.40405385739602,-0.829037198086095,0.563013508085878,2.29538592481235,-0.233015270495361,-0.641200673708846,-0.346295774779221,-0.2496049208241,-0.546386216052035,0.621430088457781,-0.156155187496642,0.368660242905347,0.177726614263799,0.296603443677511,-1.58493511639027,0.507629922311677,0.361480922411832,-0.083609332012566,0.68285180228965,0.297654255490044,-0.162883444841136,-1.71992237675864,0.662856375285424
gene896,0.823819251984089,0.555260582348678,-0.851261439786315,-1.60314303442414,-0.0354841035313863,1.46450341077021,-0.0917220084298197,0.14054726422591,-0.299744586893177,0.682997451754802,-0.478608876667936,-0.966631810901196,0.572473237867161,0.14537194325245,-0.869516299401284,0.197870279738223,-0.434597715857337,1.10920088649223,-0.527113941736248,-0.469014989849944,0.336088755990863,-0.187512104706005,-0.382120901226543,-0.0183899954375614
gene897,-0.226549721592865,-1.02971689713096,-1.31331103610024,0.467219473861984,-0.653669646474087,0.964270906885643,0.0581316482763688,0.0968216120494837,-0.111646007170617,0.222890633486794,-0.236280828393492,-1.36920975760028,1.53364531902251,-0.502836610864675,1.17219916573644,-1.06141001190843,2.32552633889226,1.56721723427057,-0.343650827322731,-1.92365548687265,-0.0525335620502113,1.11797787320068,-0.268660366860317,0.779610430291694
gene898,1.04570601810042,0.163052416912168,-0.0690205491533602,0.0321612699084572,-1.10353233960342,1.06444712409751,-0.501462015089346,-0.0039649844756744,-0.622414468612586,0.475073428626627,-0.375333998421261,-1.3269034713209,-0.556780226428089,1.40187106814666,1.00789715801402,0.287579090856323,-0.228238224091382,-0.724237960837964,0.753323752727249,0.243773408321363,0.261311561839975,1.77448752309862,0.440442993248406,-0.797748707327264
gene899,1.42663748668873,-0.248142698770161,-0.192820716145149,-0.114270593840148,0.491587370088798,0.48077909994592,-0.970170740532289,0.470431952879271,-1.17959009435087,-0.608085089013674,0.499537995649308,1.10122751712736,0.883821369604343,1.22285644884842,0.786375862095612,-0.554858825877059,0.713704199674962,-0.0292567748163795,-0.0141595473727671,-0.107544106895268,0.050350239975648,0.4018456293836,0.702433334385597,0.157793843881494
gene900,-0.754127701049588,-0.568556408731366,-0.94255492581242,0.768158190335366,-0.525094346927559,0.826544101057568,-1.71670540065913,-1.65503646165987,-0.3248219449866,-0.0398399216625416,0.0648204068875396,0.196671460128906,-0.373756494780481,0.407153230551241,-1.34095147852261,1.14020032605111,-0.238865616372926,1.35423742086306,0.155228472332741,0.881777581014403,-1.37952541012077,0.0217756478070161,0.236333661950472,-0.683980201164558
gene901,0.196679656499921,-0.0342932484420902,-0.365934426791543,-0.442329818122454,0.98507896362257,0.0903380307878094,0.428644380484947,-0.339860621942448,0.920584318115417,0.160551892842879,0.713093537076039,-0.223617832362074,0.0911449609661071,0.0390528265641243,0.0262700837848435,-0.145305414613552,-1.16189495926387,0.543016642674813,0.481606392295865,0.589996860663124,0.105559996564527,0.578361257625373,0.338170504408034,-0.410742016803508
gene902,0.481682048776319,0.662101065820295,-0.0380910423247602,-0.497573479376091,-0.304960143550584,-0.435546387298157,-0.588836986443965,-0.142714929038885,-2.16851658652475,-1.23653573481234,-0.445176386567839,-0.384173013518109,-1.22984563469176,0.102149363267225,-0.339884483518175,0.29586321955558,-0.388392154021702,1.5858116387648,-1.52570594301037,0.142640386459909,-1.11860664821593,-0.442835689113823,-0.797206357565313,-1.15274222994554
gene903,1.05153150817164,-1.17210745400484,0.344824172828688,0.462817469647154,-0.233816957523645,-0.352395056642963,-0.478076607192831,0.426344356200914,0.0402964825547301,-0.140849920129872,0.623337542907887,-0.279004371461745,-0.490292780255269,-0.0967291269416406,0.571795169993775,0.0215638383036971,0.714368023850844,-0.377064298564314,0.198753182088063,-1.56182906921544,0.674127525942267,-0.365096781721278,0.180716385601943,0.540179615806272
gene904,1.28179541633887,-0.0849066406832612,-0.339751332807444,-0.0146763292085701,0.221204443179811,-0.0404286007476105,0.524460493473885,-0.107047791025635,-1.15705780840615,-0.439714260926604,-0.18131438824395,2.045474758051,-0.964660726064419,-1.47758135779377,0.317099347079675,-0.95756378424563,-0.185529129385659,0.619011598135211,1.76823113185084,1.14245583596952,-0.341532230661511,0.313241476307615,-0.499575497031935,-0.0621740081820815
gene905,0.367316839757369,0.0821126986191277,-0.279680072740231,-0.793821044149021,0.411947186423865,0.249229900524586,0.350548494758099,-0.407574444816735,-0.061407089428401,0.329147837726182,-0.730588343599754,0.0799607125334044,-0.148257998503374,-0.0605352242471351,1.18613840749135,-0.644783505913783,-0.132319284254234,0.636096322229477,1.13165023356049,-0.417389324133218,0.934108373661957,-0.248598227830334,-0.0759167898682081,-0.35955617868995
gene906,0.800845017988246,-0.364480597098189,0.0553223210186133,-0.814465104869956,0.611709336809761,0.182741648658483,1.31175024723529,0.0036273689034326,-1.18736463965253,-0.453938770690004,-0.323048388281347,0.0404655804953816,0.67670242596889,0.0859019047329951,-0.867599315517968,-0.237065079356396,-0.197102697994468,0.0468959888853332,-0.721354512792407,-0.37766871990696,0.165854576953513,0.0120881662765126,0.667667650915832,0.628213802463601
gene907,0.926489332310721,-1.22124463479308,0.384320781195319,-0.0832199800672518,-0.300249013619436,0.124059019969352,-0.744740625915862,-0.0257442275284209,-1.59061990519456,0.140867241534247,-0.533973038594556,-0.862777707188181,0.791550704731681,0.166229379978908,-0.844909085882756,-0.936748025116703,-1.17747350206982,-0.840629920533372,0.483899997207448,-0.426350202545091,-0.0577234745586366,1.4353616721476,-0.35314843349676,1.44748113322589
gene908,0.241216494404697,0.561498403222049,-0.45726860847018,-0.0654548761373557,0.438704883114335,-0.417519872694259,0.57189286315988,-0.280471335797933,0.367005627512246,0.0426669734164854,-1.27119050780881,0.312934312028862,-0.11847655924719,-0.646570515219738,0.408627507666313,-0.644207518483541,-0.107649700748379,-0.575018223353006,0.484297463781939,-0.763994585276898,0.101213389076124,0.584770466492679,-0.459407106588407,1.02126942033812
gene909,-0.362719495483793,0.639252987931612,0.551859414294728,0.153237648869194,0.251566380606491,-0.686430815937004,0.610754840073275,-0.8615669414682,-0.0491335073324851,-1.32035671809407,-0.0948216510046076,0.420735106845677,-0.72676088450547,0.0603292848070923,0.876138049774013,1.88931242004676,0.0347565944629868,-0.578933041745809,0.470286878474158,0.0015157365169505,0.262571374536951,0.248793400772083,-0.784398486615518,-0.0090058246952981
gene910,-0.207999490020644,-0.317122991707484,0.884714925620082,-1.15675699349618,1.09020153706297,0.316567172809858,0.448618834848139,-0.120499990366731,0.0369749368413051,-0.684924678237943,-0.489698770780352,-0.369557044234465,-0.525540162758583,-0.14967842438914,1.12532510549244,-0.501143424653895,0.31345730009554,0.429419846365981,1.47255858097584,1.30622611761678,0.294460274359871,0.579487233950609,0.393276518462092,-0.20414041149025
gene911,-0.563475310324662,0.170932383745122,-0.252261355252127,0.322420721594594,0.195052312343457,-1.29919525547858,-1.93228137805126,-0.260478809285914,-0.694297237324604,1.70377829002029,-0.255505872555051,-1.32071081118418,0.0199124847136633,0.30468142143952,1.21341434336608,-0.887548187972981,-0.325285064577932,0.563680969120591,0.215845781281422,-3.30060627717414,0.335368037961568,-0.653687794500011,-1.04724945752159,-0.214520855023316
gene912,0.416497257251497,0.76008848827596,0.404700560408825,0.859639433664551,-1.13469305214441,0.628363088229718,0.0048640408471391,-0.0156879195984906,-0.577349335069512,0.12377726393908,0.137725821400057,-1.13422354986501,-0.189106807357007,0.124307816341602,0.748397974111275,-0.0225147259218078,0.376870784337516,1.16832473295267,-0.49836498676479,0.56987233199765,-1.01096955418147,0.731339102491774,0.144261995264767,-0.504008763733902
gene913,1.15283394283511,0.437869215074351,-1.33239879238178,0.849241159744649,0.623510456077359,-1.05618431189376,0.809761777251628,0.183797620059483,0.207143117617949,-0.206833719023453,0.116789016978087,-0.212982152274793,-0.282974589554995,-0.751512094325231,0.255795407770013,0.818067417957532,0.993888542356004,0.0057311369657941,-0.831515692899868,0.359318210714178,0.0370724379338054,-0.107304687333805,0.54314117106357,-0.0430430238840117
gene914,1.3613906812728,0.866263478874171,0.329605053059169,1.17260652943753,-0.725604294377347,0.748705123484783,-0.389591413831975,-0.409953059787773,-0.673764371566005,-0.171166489848628,-0.452685707343173,-0.240932912070093,0.178279957880807,0.370954987781449,0.635521311413838,-1.01473210139262,-0.0226684086032424,1.14019403503822,-1.21640546242941,-0.270641128682507,0.342785552122957,-0.777063928390546,0.808366412332185,1.22078832909274
gene915,0.04994874522721,-0.835493629805245,1.2236618490267,1.04605843694776,-0.807152035432875,-0.253028881562179,0.245132388905077,0.307589506995116,1.16785685853152,-0.266831302848848,0.971073617958048,0.452514766587996,-0.451568971857367,-1.83379250950954,0.63009216344284,-0.916620439308658,0.811499349162823,0.686115197081681,0.726165064170802,0.0076546970548251,-0.329572103068287,-0.213093556381326,-0.597180789596857,-0.257469799418165
gene916,-0.0759375639833943,-1.04121304613129,0.568608761171075,-0.381474859671696,1.02437466044637,-0.0466257213336679,-0.0807977974664683,-1.12974113669265,0.234760073702129,0.643087670269509,-0.367106764306349,0.266019957261049,0.968879907625338,-1.83861966357129,0.812008707537442,-0.139550458507943,-1.19897258123393,-1.51295846962269,1.00704434778093,0.507763890783681,-0.536255152386927,0.285049736861178,0.686581454494135,0.0935460155726923
gene917,1.01235975992113,0.143182674221768,-0.352964735753664,-0.282615008788546,0.241438002165882,0.171444351489972,1.647091467648,0.77620950605486,-0.609208282638692,-0.421217569354428,-0.0539114301506484,0.683576961061882,-0.250397120212682,-1.16807191058108,-0.330478615102093,-1.94963487476937,-0.238973680575712,0.273749337137755,-0.851362105426804,1.08625249838025,-0.81015591166908,0.679448063548215,-0.58190505470176,1.03852770999515
gene918,0.629319276933773,-1.43888962726956,-1.29942444482521,1.04072366002961,-0.802101006854755,-0.235361225824224,-0.0555357064909415,-0.0936751357728908,-1.17041156557823,-0.374450627303755,0.790493531201039,-1.40942720095859,0.0253585250126201,2.29382125211023,-0.228447210966506,1.24559227370392,-0.603889599593415,-1.00018989228206,0.932879783680077,0.619284602072689,0.322259651350798,-0.119979241855772,-0.220095831626145,-1.12263672125732
gene919,-0.15593801511155,-0.234363785829796,-0.526079659761643,0.248047381768684,-0.2807352417234,1.05427893276019,-0.776255447370671,1.07839476068257,0.359040966041616,0.159834196345253,0.164981099986213,-0.835156137875947,-0.631152788158774,0.121895976937552,-0.354043803132386,-0.676000577710898,-2.18891077824486,1.35871312354797,0.085320073585968,-0.788471368160832,-0.49632715238989,0.551665970515427,-0.0233494723173331,-0.659204424964726
gene920,0.26148769902516,-1.16728352924587,0.337619542593186,-0.075922545251606,-0.558714276683745,0.413227500249398,1.66045917840632,-0.307405458789494,0.112264926184109,0.530148967578503,0.964336260829816,-0.370808746675005,0.905109643478061,-0.474190592149684,0.41428056606527,-0.439458245896763,0.503723709464501,0.19095412637913,-0.15922237468488,-0.479413123655043,-0.283179104375999,-0.359037371958845,-0.0092103123308188,-0.241035467596958
gene921,0.894310458812909,0.689367469101778,0.348030743225834,-1.44597843165539,-1.32443959554635,0.67399026741159,-0.286191192202238,-0.352745770005785,-0.809471600434647,-0.442732817577969,0.166099369036595,-0.556758689368202,-0.217945063475992,-0.410505137993898,0.496717487814145,0.374858748508508,-0.886102132586495,0.413701104182055,1.45812734160435,-0.181923850738161,-0.847080747646287,0.825085390902352,0.689137980153353,-0.780574464521054
gene922,-0.507882026087378,-1.41000806492392,-0.781530287379727,-0.354752345077235,0.963908165874869,0.639092867690575,-0.906065223442939,0.959094422881424,-0.49919400752627,1.27331702708861,0.152089247130543,0.779848611081501,0.165815445515684,1.55693530912224,0.247947401752129,1.30881384005425,-0.0046838120469113,0.201879102643054,-0.527686894524118,0.0235888188163693,0.415153626389307,-1.05304689049734,-0.379149004052769,0.87770920790356
gene923,-0.296527783503021,-0.289291327870874,0.419707839588384,-0.955931053965125,-0.899050171138818,-0.86956211748992,0.0651315155264206,1.37443946901714,-1.00331385545819,0.68321164726422,-0.642873050611667,-0.100067617113522,-0.490748089728464,-0.284268392752747,-0.165366010168807,0.562751293787114,0.527854853358348,-0.528721786946979,-0.0056989006098152,-0.0190132419292182,1.36072082888137,0.841954435126255,0.675769493330924,-0.770923706602206
gene924,-0.0369114438291505,0.747302918988734,0.18056019606935,-0.194345917303158,2.09525139110723,-0.499230691343647,-0.0940450692746593,-1.0756315210319,0.915065667475896,-1.44724161718306,-0.412146057185877,-1.67867812633075,0.748691383480792,-0.111883396876588,0.12521202373395,1.41148350146618,-1.14166710774129,-0.305783153497569,-0.0150619312350947,-0.254158752955298,-0.146723620189322,-0.885938033786746,-0.294976434089309,0.600974281117414
gene925,0.676666952003657,0.580046747941861,-0.305216686917031,-0.205479087989473,-0.0197369268892461,0.0571013633105223,-0.122534124181089,-1.16302753517972,1.07433627064666,1.43209181701276,0.413097394950776,1.09030410749207,-0.542126554634046,0.559738774346368,-0.0861666533232964,0.246805941651905,0.343776909683907,0.233609177715926,-1.03723333516353,-0.214066106147258,-0.440201808903439,-0.0678209723394419,0.36623491339602,-0.0147308514766538
gene926,-0.40105912905507,1.6392787085748,-0.0387639645297627,-0.373928201641779,0.920714554577093,-0.159740007640458,1.22982450194439,-0.31343312030602,-1.09037380286579,0.882830882195909,-0.392508132235692,0.491875595633378,-0.187758872769801,0.23879240239981,-0.769928732159858,-0.409768797895066,-0.865821723446021,0.42042397253749,-0.265917657611111,0.399911759043709,-0.0251057717762059,-0.0635457486601602,0.222973263811595,0.0188893711627723
gene927,0.442307230481721,1.45332174932789,-2.22047944340569,-0.669755975101466,-0.259692844170633,0.0227856963231485,0.0452051886679644,-0.100016159683738,-1.374635599322,0.405218048724893,-0.748908346717743,-0.16033853217454,-1.19050183598505,0.0156044792076033,-0.132789348336223,1.86624022814353,-0.991497627008212,-0.0233076449491688,1.40041943695949,0.64401088420632,-1.703694297203,0.124806492654317,0.594887567290055,0.769314019475523
gene928,0.0861985414570704,-0.414525936030802,-2.48984194913055,0.301368246281751,0.500080908310983,-1.18901694599299,0.12868063078738,0.549257801432117,-0.550584675121604,-0.173705682919822,-0.542867609321224,-0.180200774455985,-0.838745049936497,0.0730066831166701,1.01125489619032,0.668451480727244,0.82170406278261,-0.674484198879477,0.384475392889728,0.106151515971884,0.743492159187693,-0.300826615503313,-0.253955493590472,-0.0164127449848365
gene929,0.786139923380078,-0.115765974656474,1.47359412892019,-0.840156211524898,0.0828951739689008,0.408488822312511,0.128435355519114,0.942940257515958,-1.40997409736849,0.229681009066247,-0.186405788466555,0.374201448060367,1.14015235626494,-0.336914076597498,-0.675009390957518,-0.38112079204946,-0.0133021901318851,-0.404247951088219,1.97883365360112,-0.836081877772369,0.753816083944413,1.3352717401575,-0.205529384073266,0.481445158972988
gene930,-0.776121561867794,0.630203927931822,-0.216380644560743,-0.114983429662139,1.17095885489377,-0.316345156433331,1.85392067807028,0.828315876121145,-1.52141825981293,-1.36606103646426,0.430780146297728,1.54450510189163,-0.607397885956918,-0.431266793050624,2.08366912738869,-0.702118070389775,0.080556976176606,-1.5182435952467,0.546985092066574,-0.0793695255271212,0.500150044817398,0.316998819821376,-0.424740830891042,1.0500448111913
gene931,-0.548857809523935,-0.455686238598738,1.18722085905708,-0.391468422217662,-1.15163990680367,-0.780669317967322,0.278068384091246,0.0889401298614232,-0.848049745938371,0.066561210241822,0.426009803068119,0.258031976798118,0.584353222802355,-0.562542417767775,0.806792769417156,0.517857597101743,0.203914882117977,-0.795364008204908,-0.722917605927051,0.577577593787864,1.07298694382692,0.196974355987621,-1.71570484099605,0.411301407475967
gene932,-2.08766328550739,-0.0019210542853687,-1.23085069659097,-0.146859534686372,1.09082160283626,0.523486368710223,-0.0461525829506918,-0.215504054964682,-0.639971021905722,-0.644916964100395,1.05012681033005,-0.245166909586224,0.527136600913132,-0.346564891776838,2.83069514429668,-1.05733870553001,-1.5470906878267,-0.286012633584627,-0.428959413529804,-0.839964147350311,-0.491260439348384,-0.674564830977738,-0.727766731167595,-0.115664273081448
gene933,0.636891717839072,0.400271454651846,-0.808215622417083,0.531151756258687,1.24681525444264,-0.13369485785586,0.828806286395613,0.483314314433457,1.0141446877914,-0.885904714920078,0.0239880257485739,0.284708638142243,1.37705721878887,-0.856908698638639,-0.184269616099149,-1.0012212929088,-0.487810713257974,-0.0994165042372644,1.45285599777616,0.349829125797524,0.851119083629307,0.129836758150329,-0.792711913658208,-0.308769886369649
gene934,-1.97521561065448,-0.20294000652165,0.222864384973971,-1.6879478066166,0.0144523495279241,0.240100402866661,-0.16046784144663,-0.0566671077824589,-0.12316149964081,-0.741297940275083,1.08659675568923,-0.411022937676354,-0.242928305691638,1.1543029090398,0.580580347884087,-0.8187769847596,0.036741981511955,-0.204228354267064,0.0837989738196069,-0.127432325701683,0.0836815738328118,0.315272619642888,0.582290573385247,1.1208245988404
gene935,-0.53216049622772,-0.0717767325701946,1.30875013076552,-0.878712377312986,-0.401929129619963,-0.233944133115135,-0.359342645677874,-0.168783722777891,0.0577977329759555,-0.366496817682294,-0.470464308113342,1.58709678643729,0.38558816975361,0.588776895584568,0.166386095689728,-0.0135908661222365,-0.426592075650371,-0.0536063075823371,0.304184930763416,-1.76122522406354,0.414407144869648,1.13458697053617,-0.438163486857204,0.498426179443328
gene936,0.818104648205734,0.0024301227899917,0.370222597562575,1.87416423308394,2.0079270819321,0.764527558262077,0.294724239579654,1.35416354482533,0.793277636486156,-0.0590006963668267,-0.615773719908762,0.665310990611603,-0.941542799415572,0.515003787989487,-1.05040539801424,0.16817896919961,-0.805838963435956,0.937584655045633,0.485985296234107,0.164257575905326,0.608227056301112,1.10823633512923,-0.489999979275933,-0.687892267306312
gene937,0.0488662292862442,-0.982308986501807,-0.415287295662444,-0.194674395105614,0.689019566529809,-0.558136718930432,-0.244278574781015,-0.212231308900996,-0.687093469186518,0.980290322286029,0.0999372256101888,0.0783409352681565,1.1722997353691,-0.572256470582435,-1.1494968604209,-0.410801482804962,-0.0232215098611829,2.40844165353265,-0.301063112879159,0.23174707778515,-0.743622677714422,-0.959412176643352,0.0513807571373597,-1.97663146849663
gene938,0.11438338401705,0.558733272810532,0.328513215091964,-0.927353369469823,-0.311215839096642,0.0799010930210991,0.736244453941847,0.788669228983928,0.228051221981357,0.597195359480575,-1.60819899657147,-0.542496413827668,1.54612341598374,-0.779508604244861,-0.425382015228211,-1.53395055415335,0.601299509547088,1.3692902270111,-0.557676107539556,-0.411389128179704,0.0472430331812714,-0.247245386512318,-0.935235797508857,0.285247427953758
gene939,-1.31102734919374,0.87184205647705,-0.174908877247259,-1.23712017292255,0.323885303020548,0.108707287039789,-0.484683401056041,-0.535829736389427,-1.37749500624635,-1.1770722169666,-0.519752962994604,-0.0587972853976761,-0.0524291391799354,1.16280646259383,1.5734938397215,0.73143670150447,-0.0345425193829404,1.27613655283469,-0.288057979025019,0.635440610649879,-0.551200625292319,0.113250586916146,-1.02262796485967,0.660361577218961
gene940,-0.644252489186809,2.49435515208604,-0.827943566094442,-0.472672586033344,0.0828554343374285,0.110510438731082,-0.0310897273563882,-0.208099130886543,-0.413992571632878,1.08344731593779,0.566668983974858,-1.4687921940713,0.270335862648226,1.47444571791016,-0.789411217068527,-0.157701750154126,0.391270466674685,-0.584847881608718,0.729374204924635,0.261717973114164,-0.413647487542183,-0.4858739821216,-0.0284758573523743,0.572273753199035
gene941,-0.195690807885533,-0.106303362119339,-0.354407746532277,-0.0051834392799774,-0.423831933221354,0.464077760012318,-0.61279689559925,-0.803966102832613,0.558620072061309,0.172913156964183,-0.259204970071033,1.42330395298491,0.399166549282954,-0.254867674824097,-0.140234037398203,0.302528885462672,0.114504117737405,1.2041758317473,1.46059793606608,-1.31918449341831,0.150937919396756,-0.532695507040949,-0.926676523153276,-0.323194459841809
gene942,-0.187420273281753,-0.153209679244026,-2.01176042754366,0.27987685350372,-0.221213848928358,-0.357666771329886,-1.68041508035669,-0.265382410688145,0.462686857894533,0.938774085496872,-0.149752457180402,-0.971151324063343,0.0612100533543699,0.108275185745659,0.621054600962395,-0.371955248204626,0.712223928179657,1.21150407108575,-0.452294814955323,0.112568822577869,-0.490381604157971,0.669185008588034,-0.967691410318815,0.139400276665971
gene943,0.801639667798607,-0.748478602319693,1.0532998929936,-0.465494967048605,1.08616733101251,-0.277693389529398,-1.29373769365569,1.42475921313141,-1.1067012218127,-0.043579387333399,-1.55112631483325,-0.46202959678973,0.535304250741095,-0.791075047658571,-0.902069355205566,0.638783882250021,-1.94667102232168,0.417072358136642,0.231891810467684,0.387679348006532,-0.0113929865314742,-0.325378885720565,-0.421794178714014,-0.663484295643141
gene944,0.476246907984941,1.14059027547753,0.0254650994447273,-0.150324614246502,-0.831220551458145,0.911361433198604,0.698046400994173,0.749307958313051,0.0789913108254629,-0.358038923888087,0.736877789981732,0.260442299772004,-0.608970992357943,-1.4576772892161,0.315734524873784,-0.574033930369677,0.14323567841921,-1.36435534116793,-0.176552606327588,-0.112086587753827,-0.664250930593544,-0.49441442363086,-0.57102535188536,0.339401674620333
gene945,0.0960082817536416,-0.149422774082869,0.719579895633203,-0.780437923554545,-0.512309524320277,-0.685095440117849,1.49894969806231,-0.0452833921600112,-0.357229340185121,-1.14039105237539,-0.0287008464482029,0.366479690681377,-0.132610345820862,-0.876354179333807,-0.548829186198305,-0.176457740751585,-0.339297661292833,0.0930518005901312,1.84599589802403,-0.314263785734181,-0.63272986116126,0.488956402251874,-0.4588521859454,-0.61078421355026
gene946,0.837913232277939,-0.681214859300939,-0.362734759111209,-0.881524389821935,-0.480979139322734,-0.786902638473544,-1.10972814539676,0.753044194788751,-0.563587564313058,-0.313489640293859,0.188140013498324,-0.740915704296652,-0.848614260321968,1.08288247819198,-1.1368779511779,-0.201631769167033,0.444903417600741,-0.411018521092513,-0.679417252313372,-0.470847558038642,-0.120030232497546,-0.115380057653687,0.149870878403551,0.526445660423264
gene947,0.662980718305332,2.0343822546084,2.05883788386917,-0.339295871108675,-0.289724076472233,0.570265656600852,1.20998165277487,-0.651380439822458,1.40489009252597,-1.71050552143474,0.101600299231811,-0.801551799419732,0.0934907386524094,-0.300290373429051,-0.0988682736002092,-1.11109112511067,0.159273095058136,0.735066333165735,-0.557393284815034,-1.19634804757806,-0.228571530536733,1.04067006793426,-0.292467437328233,0.584977037437824
gene948,-0.391741262199347,0.46570709198093,0.252906497586112,-0.255688301211524,-0.487417813101724,1.56074128700188,-0.7961347271783,1.33005117724464,0.879053108780126,0.825841003878156,-0.953480413269117,-1.05011150827301,0.835541451050979,0.723005693660009,0.934919079102807,0.366646892608802,0.00137063788135,0.715995061325145,0.753160624103447,0.192223914290702,0.32728152127901,0.370764675421728,0.738404436857527,0.929497717214852
gene949,-0.0473486999780637,-0.156347980150542,0.452562046596763,-0.0879649322896754,1.17848808425997,-0.426707241165171,1.4030433884836,-0.889185326715284,-1.54631946702181,-0.484385700169212,-0.202710043033694,-1.72696476773306,1.11092591352093,0.0359346506829662,-0.329030846148449,0.309792909373842,-0.451264538986577,0.154807263580099,-0.579609634720459,0.0110442919424443,-0.630882561845513,-0.0719950217913159,-0.204577128838988,0.275078970456936
gene950,0.275648336206476,1.19610887254439,0.515608169856905,0.279835568854883,0.0788296885541685,-0.428877219649835,-0.170891406528079,-0.734961861060186,-0.106916666159203,0.03184496871337,-0.119317806354579,2.20640048701741,1.07554474960221,0.42692368174541,0.377452232560705,0.505787117842648,-0.603315693313645,1.6858091584207,-0.404270959527994,-0.14738123375134,1.09319668601704,1.24245705013996,-0.312003073127956,-0.275910058148841
gene951,-1.04781031447713,0.615821689014853,0.245270408259949,0.199385149219754,1.45124799126022,0.238785456020517,0.424975628004194,-0.8411835373841,0.271672355444828,0.158318089778885,-1.59782749365184,0.312872712333653,-0.229637294116919,0.146902860060643,0.425019729644982,0.062489943412059,-1.32348709874183,1.22764973424139,-0.769519807193296,-0.473834290441646,-0.349177256889778,-0.298493977912919,0.677073678002928,-0.147741453762746
gene952,2.09685277256006,-0.737384859225286,-1.44654420787298,-0.558421986267599,0.839485883533667,-2.03471293773692,0.767530309940188,1.97434978990838,-0.0016426263634281,2.2144994782209,-0.936574307802668,-0.771689533267436,-0.0929852324563709,-0.332998269486189,0.231812128039669,0.303167143878293,-0.806567141549803,1.66319089183758,-0.88182587184451,0.102818064027782,0.448197855052879,0.0098378510411185,0.915999960625892,-1.41505685629
gene953,-0.22689445053187,0.384990835292035,-0.323461523257034,0.668885390489823,0.100525729987971,-0.263149685126802,0.939858145352004,0.611570515658236,1.12684023642011,-1.39210942733561,0.938949244375037,0.115620248869785,0.528468156457791,-0.207755248120593,0.343451889751056,0.721444695967609,0.304586438846377,-1.17610235224564,-0.328139029615638,-0.456856976712319,-0.703653412007455,-0.601858039979195,-1.28406427599426,1.80402107332676
gene954,-0.36614697992299,0.184446605231424,-2.91552736042466,0.117667101093889,0.28323719814215,1.13850428580732,0.352083107856003,-0.184650121685494,-0.0422461766530429,0.231489568210226,-0.291407694936258,-1.02221046032303,0.0903490069573464,-0.290206891746098,0.435833187194224,0.807676937054374,0.447080817594776,0.880968719845712,0.647229764395818,1.50473054681462,-0.353613711921402,0.995795284943488,-0.910537304405645,0.950091657436775
gene955,0.130389353387414,0.20730354070592,0.445618028387308,-1.50475713089039,0.226281678711185,-0.0237583604517306,0.393368150662244,-0.6713239029229,0.644637497958315,0.132503168672336,1.00748697863821,-1.44690438757458,0.276828873417275,-0.255454660642964,0.273886751411197,-0.687543163303848,1.35046943499728,-0.980257741740798,-0.851283396000237,-0.0516179287079313,-0.512333262757757,0.0236222628334652,-1.36138153376125,-1.19358560133018
gene956,0.1181188803253,0.477513594712049,-0.401722170699229,2.19666088133593,-0.0388726703972572,-0.23559809445909,-0.999365681061966,0.114751408723648,1.07696887459247,-1.15688478040519,0.138549312029822,0.587406967320856,1.01626291762422,0.265259526850668,1.39153089916162,-0.517278536937841,-0.370281150737931,0.688658978692657,1.16247911750816,0.319648583022462,-0.0631800619322732,1.11155140611774,-0.214386380618963,-0.270213684403935
gene957,-0.258120464643397,0.44420280448273,-0.261431470597428,-0.556773404207221,-0.996718401285133,-0.541209980711053,0.690907086668752,0.451882735841242,1.33796007897185,-1.29795353613089,0.155904780153631,0.232615833068346,-1.09405167542559,-0.888562375548253,-0.879330563025537,-1.2645556689516,1.20795126615629,0.0290851978532505,0.704167921741679,-1.96446353534791,0.29305179370328,1.28554243269186,1.14224771450595,1.37841459430907
gene958,0.54093832387736,-0.0880826434108864,-0.499926427955537,-0.352507183660398,-0.215338468098421,0.159160392416647,-0.508700815690443,0.317116785024685,-0.0347411163989945,-0.061204160952026,-0.275206070142064,0.298137469724042,-0.407207989424053,-0.676327979983199,1.12850204853547,1.09546761741083,0.27263447169618,0.197341762313105,-0.245700555734652,-0.226856909876946,-0.55690938963852,0.0351601641900168,-1.94149256759528,-0.341370998385209
gene959,0.132676560847252,0.845549175061451,-0.125045493930362,-1.16198768974411,-0.621912273876811,-0.160142831924105,-0.400923672237004,0.347669841882971,-0.484143944918367,0.925889471241148,-0.0728350776972285,-0.581182017156105,-0.621405903579196,0.807682840468511,0.285439226168752,0.531854428986573,0.599916303532783,-0.238050376871412,1.2889049061222,0.107870861559757,0.576525948686959,0.380272796350185,1.55735292752821,0.21280505490769
gene960,-0.737564774217413,0.330670156180186,1.2210737756331,0.0643032043094272,-0.071538862340462,0.267406114519966,0.327613997545775,-1.54406529729092,-1.59333926179616,1.21833976461248,0.857283442673633,-0.951029527375759,0.537695614283566,-0.26767953615114,0.404239697897021,0.506211370048937,1.67488585883572,-1.7571053573344,-0.210241077134634,0.287360126972111,-0.256052488730585,-0.578862389557296,-0.528783740884149,0.44270433132407
gene961,0.249453067492084,-0.222023517710557,0.488147102824031,1.16484685908822,-0.215350209448099,-0.320949077837664,-1.69550111364847,-0.433557546120845,-0.429739596576162,0.034354492509428,-0.100970318852075,0.583424403696379,1.49973055044546,-0.933310805204611,0.3862563172437,0.103403318990094,-0.173675675350718,-0.429901684218066,0.103271514641332,0.168410324953226,-0.263944862679409,-0.839474622843757,-0.776590208752067,0.376098485325996
gene962,1.17819231437875,-0.426948662107623,-0.449921670144808,0.268350105195475,1.2757071118708,0.533172592203148,1.56294581386441,-0.380507943173514,0.25985031572024,0.219933431931433,0.47566030963166,-0.314170328886684,-0.0093382803893231,0.822920792186939,-2.21285942558197,0.382394700431918,0.804885956787185,-0.463088844988071,-0.952570176041926,0.581721177596418,-1.01084644271004,-0.33169848191246,-0.319187639779798,1.76270829208786
gene963,-0.767378738018404,-0.517716294831666,0.801758687373842,0.542260350871575,0.0416191964424857,1.91834059409745,0.364374626332678,-0.450304637575757,0.705490639712983,-0.0992775626587133,-0.382187390119345,-0.649146779006209,-1.38762296917043,-0.0075718767865781,-1.33560506970752,-0.202834282520641,0.0767930157006908,0.267590281201036,0.706682210192773,0.799967512191304,-0.962213736941254,-0.130477575094939,-1.02719444574298,-0.205667105652554
gene964,0.33986029512458,-1.14376735878987,0.0172840069897015,-0.6372659547732,0.371060330613281,0.303142827615796,1.23986156341364,0.271908933371161,0.0107691371244078,0.566854881406086,-1.74164907713496,-0.969625365197777,0.0086837764836123,-0.396128494863973,-0.167326876393935,0.475505450948817,-0.833720328594484,1.55102362803682,-0.835265559591115,-1.47741130518775,-0.117458041437211,0.035500444256752,-0.51231802925924,0.0179517968895757
gene965,-0.176673112607292,0.533525456352895,1.96017076912337,-0.589662290395185,0.480143471150125,-0.191515926162461,0.438561455168035,-0.526466117505593,-1.44081774715326,0.242723673661569,-0.662437077378298,-0.166133542833004,0.0306011852113521,0.453707269744602,0.358578512959941,0.462768862077772,-0.516199753308688,0.639492522414755,0.427137121850891,-0.174954518786323,0.121214874276763,0.211507972721623,-0.358182461100923,1.62810658739246
gene966,-0.0915011705847259,-1.8464467613205,-0.107022778755384,0.251935172585097,0.852908619546011,0.800209906998691,0.189302591616679,-0.0918884628958372,0.280062544402225,-0.905478008086845,1.09441426802242,0.281941333658382,0.0017965465582767,-0.520081419793078,0.928412195534269,0.0652845731764285,-0.129548309149277,0.115810717527737,-0.881484927355019,1.12045979501243,0.635414891203257,-0.251973393604421,-1.45281961204086,-0.785209242431883
gene967,-0.466988358670025,0.116919995388794,0.418489387613528,-0.264369725733106,-0.247029638542838,-0.299810569150021,0.144894928979294,0.701006034749597,1.49209554982188,0.671855644444461,-0.263142987120259,0.609944017605581,0.598619363536443,-0.738758519074412,-0.602095149554456,0.0443552649069512,0.695559325971645,-0.905983283947431,-0.0240635936878979,0.734137118384774,-0.459173487416375,0.190485339356575,1.05466249821959,-1.08328409873043
gene968,0.0979934946647885,1.42693104423112,1.27993377143288,-0.0456611874786974,-0.554448300709564,-0.48288076123725,0.359204150840802,1.07917595459336,1.25370625237746,-0.201742113581283,-0.465715440033642,-1.59102287463485,-0.0346032381018939,1.2402707577875,-0.867732564246665,-0.775890940394757,0.29919676026088,0.774600121427267,0.0969198076375336,-0.306965217507235,-0.336352902087419,-0.326616681689013,-0.39064884433632,-0.997333920811067
gene969,1.28818942157502,-0.112277571919933,0.794551072771446,-0.785702095513495,0.656947956815547,-1.0694102827825,0.345957941022918,0.0472118683710848,-0.1539015927449,-0.489127914906275,-0.814489806885841,-0.887763046060007,0.009181683883755,-0.931400819861844,0.717127890503887,0.112372318732899,1.67818355627054,0.698491020416303,-1.75349945796208,0.838524109218259,0.587560464935988,0.155414540686402,-0.0271412292340591,-1.03477277510411
gene970,-1.37898890326934,-0.606013754199409,0.424215479847144,-0.633059243528766,0.102514621503233,0.852125826298055,1.0111096448773,-2.14898484856804,-0.890909445089094,0.481218045265494,-0.51807770832799,-1.15268853476814,-1.68834988545069,-0.856559818525934,-0.824203641833239,-1.03221830553447,0.192620641919527,-2.13398120379491,0.354878286712263,0.21696839612417,1.01024567182468,0.19478744740524,-0.30078869006275,-0.937673340890704
gene971,-0.121993716137596,-0.908246150822506,-0.11365754646413,1.75164909400013,0.0611592904340627,0.274069178385894,0.213469073654316,-0.214159321619716,-0.161824710778502,-0.645897599912158,-0.313731184997134,0.470508964513295,-1.25295688237922,-1.49175312352885,-0.60799282238412,-0.331280921538067,0.15529130779286,0.203831158253853,0.200900827470006,-0.53012136820861,-0.953530661862317,1.67791175758656,-0.853958484420884,-0.310255985514313
gene972,-0.257462523310787,1.02540828424572,-1.0781653855865,-0.68391994490803,1.67405138741079,0.156287235950328,0.69395611118508,0.0595922026878133,-0.119111600810742,-1.12714496235237,-0.461259145363646,-0.378290059615624,-0.487785494964817,-1.16502682133561,0.10645992803135,0.991096985041455,-1.62170523369774,0.37907094792356,0.0624217515306589,-0.208314193338079,-0.237820544044718,0.47276243103768,-0.564818304288268,0.390452947518006
gene973,-1.64529045609328,-1.72609654551334,0.64625921921362,1.0578768671047,-0.61427135711726,0.0365828235157851,-0.645992812801459,0.431258779252243,1.28793211828236,-0.306167337598767,-0.214292941125069,0.149447522636912,0.318758345955249,-0.253270258095182,0.375366100505969,0.251276016266537,0.77934027017102,-0.558416863956085,0.335157859048352,-1.43163033256208,0.654407443362769,-0.625268768219249,-0.0551692636335374,-1.17668410819903
gene974,1.20762664838436,-0.461204103984355,-0.376888902238071,0.570854114714251,-0.959230747649743,1.76893474895797,1.31013333751119,0.601538996074497,0.0914112840052935,-0.725566309811665,0.060371540373325,-0.303168290814727,-0.873698465298883,-0.289964293316302,0.120277660887806,-1.51160074193887,-0.666417738467713,-0.0023537487866759,0.115775795225271,1.00322681653078,1.5241214937273,0.136385785468767,-0.795202171012572,1.11801969032891
gene975,0.903420822979909,-1.11940061648264,0.171999530380174,-0.450561251751158,-0.943405855379997,-1.21846322361392,0.0781992121252958,0.573719885241786,1.21217166956874,0.222214631427868,0.47406650416019,-0.257968343210555,-0.511513191202966,0.109338187264267,0.249736518152717,2.29562127291099,1.7233387497197,1.12955616044178,0.134198581604655,0.19671605176855,0.186272909482889,-0.005415310265057,-0.870360063863348,-0.838715746600615
gene976,-0.496706649128397,0.34570819516653,-0.565415903937348,0.84788809053254,-0.228289629213511,0.406862286722925,0.850922959922103,0.3570588268981,-0.790743127688471,-0.785877393368413,-0.287340089734355,0.0542456451412049,-0.492117542559493,-0.411619640460146,1.11866711169662,0.776633666199681,0.139326668982609,1.25977036674786,-0.467968837744318,0.0545998590999554,-0.773289201028434,0.0987200856497314,0.413804792361326,-0.408357056058022
gene977,0.558658833146769,-1.00890613364536,0.0309848792565214,-0.52464347476366,1.17419151579196,1.52610455305806,-0.206490594301326,-0.228431273910797,1.14849324483915,-0.162068538082501,0.0004889679835251,-0.441282402861757,0.288974031957352,0.285627888469288,-0.191810272195969,0.120485874377702,-0.154547438113433,-0.0002281015544851,-0.245564214159714,0.267686237531021,0.26566252215606,0.0511245535869908,0.0415298027107903,-0.299338502772437
gene978,0.88878019284987,0.38904923100099,-0.98381456114555,0.011695899812832,-0.345983062872637,1.65829655350656,-0.979151891065338,0.108331402661376,0.718608923087214,0.373055013417413,-1.00147865237098,-0.155384221315962,1.94512407587382,-0.323512390677472,0.0819235344190717,-1.40671461171574,0.322774362330071,-0.232381788429562,1.36310822148311,0.484211069765888,0.0027978483497488,-0.225268928883205,0.263656158657468,-0.348224371859929
gene979,-0.324516199797774,-0.463544270979584,1.40907913488434,-0.705333182104404,0.209943997082209,0.229603419850469,-0.590376153664652,-0.368799491550689,0.161939016231425,0.771610037931658,-0.392781001063058,2.09888456305408,0.378539144169145,0.112434765318117,0.0479645552811699,-0.731693830993263,-0.182501612199146,0.686914283667863,-0.715589471740762,-0.436319492223571,-0.668113538467094,-0.0437706394996704,0.746559829065421,-0.16879697059326
gene980,0.141173450839029,-0.169212803235789,1.12462219614067,-0.768031082221771,0.376378674848796,0.284003266713938,0.0563136353327993,-1.00592756978218,0.571549520403427,0.649805548458904,0.0449369499001318,0.651305119902245,1.46519819344622,1.80069555946659,-1.63847470187751,-1.05619712047101,0.984746677605403,0.544379406740829,0.273831449027464,-0.585961313650977,0.267173570245454,1.10957195470594,-0.776903754733235,0.0291004412845024
gene981,1.87887969709973,0.66588467102338,-1.79370837388282,0.230501424026412,-1.33512779031584,0.0415843367617277,0.896984773641282,0.431466871913718,0.0169129582385164,-0.0408018414102478,0.41553642833951,1.59676056318613,0.444126580634352,0.360468753515197,-0.941678525957512,-0.871261138538021,-0.347782631512719,-0.236625097381492,-0.715197403680609,-0.340328032947846,0.271209170407785,0.366471232633803,-0.0318239853426998,0.850025847065161
gene982,1.2403509242289,0.801724201398772,0.0377926085458424,1.0389039089249,1.57737168212741,-0.708529505940394,-0.281258569119205,0.265717011118421,-1.83934076565303,1.73676105199236,-0.260367914992237,-0.941850076905484,-0.346581494815293,0.788367309071234,0.224333799106978,-0.473238771675948,1.37115787524759,0.789553655920367,-0.138989169131644,-0.254040978497827,-0.713708281349754,0.402520947544052,-0.14977619720861,-0.966734200210865
gene983,-0.0613876766196931,0.180872810807519,-0.625387584043438,-0.620445531102056,0.263483714561146,-0.588900741828136,-1.03239140148276,-0.649343769291949,0.526889015505099,0.129063712536361,0.579773150301766,-0.390688344402264,-0.0208053113877633,-0.421259551431363,-0.652411750255177,0.251058912950048,0.477623320723687,0.891367534535929,0.150302421189623,0.007795746258437,-0.639851985882117,0.715438377437023,-0.223166295354442,-0.383209965545694
gene984,-0.785926094541998,-0.851225668821339,-0.648352761610375,-0.263878039261189,-0.955548042974128,0.358410071227279,0.309041991706935,1.17341778433096,-0.296732533867464,-0.612824904254496,-0.524248561565422,0.186156415682955,-0.271864093925284,-0.258087873939845,-0.286553405753649,0.178500009950599,-0.52135515122045,-0.216049842423703,0.777590688933624,1.2609566273081,0.834668707320734,-0.390120824568611,-0.324434150164695,-0.383867552064693
gene985,-1.61484024275632,0.252893414968,0.46330747008176,0.81186146106177,0.239760212073791,-1.08899410346979,0.0233381052563001,0.272717548715139,-0.331081684024319,0.260983062646019,0.423111166661524,-0.0785199189951268,0.166509058884663,-0.211942156265649,-0.428242639650827,-0.655262329922694,-0.303513534744065,1.21254902559594,-0.264270148272031,1.48711850662619,-0.387238426240154,-0.161689441628857,0.0175495071549278,0.440305424978902
gene986,-0.334722691793408,-0.546696933816883,0.0154122055191564,0.0948142618771684,0.553731753912146,-0.0043393392223593,0.998909730060258,0.393521385325269,0.0328169015927542,1.39663015424393,-0.238727866558574,1.31240176097231,0.0420798933265999,-1.14523269182449,0.15446543108348,-0.573715632673282,-0.219701742642258,0.664743299597507,0.767039869871265,-1.26834138196546,-0.833930798951257,-1.67937711052902,0.820896933818057,0.0315448660847312
gene987,-0.0662492288763499,-0.0894807480282876,0.030450292334862,0.5901507010582,3.10129791158093,-0.213963251207229,0.605387771355208,-1.39894884340567,-0.439079542552547,-0.251370356198229,0.730540701690941,-0.646899379629672,0.976290083401523,-0.581452222646881,0.806320418882915,-0.268857236861184,-0.0276299440059171,0.282996770416274,-0.104180861278981,-0.249570963661425,1.72816519022998,-0.824671091659187,-1.17474880989582,-0.167238959853703
gene988,0.718385765077298,-0.713480893310905,0.830228676818166,-0.633712009618609,0.147087824650638,0.582832501393652,-0.579277334942648,-0.090763419806667,0.277906056459209,-0.254591624680315,1.68173353174124,0.692246173301671,-0.769279397516251,-0.0527642400500344,0.970777288507252,1.1161207223263,-2.21202053813935,-0.104635239447319,-0.659879221057588,0.587263481226599,-0.788211800879443,0.382243827242631,0.623144920031962,0.0209208378186158
gene989,-1.20904466249747,-0.223287369391337,0.653082255851667,0.778294933578566,-0.423176330779202,-0.579288005552746,-1.60133573256759,-0.109672013683123,-0.378499243093391,1.02822328950501,0.163883173250827,-1.39268429654923,-0.321686867701595,-0.133818341512312,-1.10791392107441,0.431686500263599,0.485301770459609,-0.170259764337298,1.38225843613741,-1.08986810377189,0.739381417613013,-0.445846840673017,-0.264177168559047,-0.765695095941925
gene990,0.396207557967574,0.0048218273416905,-1.58971424297984,-0.625101744645073,0.939739790974988,0.877554965975738,0.119300068656216,-0.0228016529823657,1.43313282819374,0.962874947336959,-0.248830586251021,0.138327896969278,-0.688555762368733,-1.05810362002909,1.29914400911062,-0.270853588414746,0.495294812741772,0.141497130083029,0.549430549058391,0.169091945401827,-0.393626362133682,1.02617081254728,-0.301135544222902,-0.0656631724713214
gene991,-0.254438980968376,0.121393770638581,-0.592608077724384,0.616995418811958,0.0052420469272336,0.375686903804341,-1.51681024135547,0.319623518858827,0.465376030986722,-0.521513250687633,0.407015107481026,-0.616055514696687,-1.11391239176854,-0.122232472060845,0.293228027826465,-1.31663540662549,-0.882239264208348,-0.146738611241613,0.446173964417494,-1.90799303816613,-0.136432179382561,0.0550703552561129,-0.574094612923222,0.886333206915357
gene992,-0.619799702027342,-0.265233484822777,0.656009024175953,-1.48204029878186,-0.40987213478518,-0.297078315793942,1.59115739249794,-0.494966899933893,0.34695863968376,-0.926126672125673,-0.407330211413178,-0.215434824564024,0.951899979816228,-0.655161124285752,-0.345118840351981,1.00849016475168,-0.0683200869554834,0.797406097215065,-0.997526853895568,-0.0092811338376523,-0.238610375131804,-0.755952090023564,-0.267316904655761,-0.771743857005559
gene993,-0.340267006103271,0.560978590233981,0.605316275109113,-0.939729779339248,-1.83981510042248,-0.447469362398897,-0.236057064210869,0.824860982803234,-0.133265040181438,0.199463330174893,-0.0180249752735144,0.0344181733482794,-0.342625212916495,-0.729627068834789,0.875593933108398,1.23854195721732,0.116115611807236,0.33696231352688,0.134775249208174,-0.761047380627091,-0.646568457067218,-0.701737448277989,-0.939123565732673,-0.240021253038974
gene994,-0.651033646481586,-1.01634625959657,0.461799792172242,-0.345517587374525,0.750009384165392,-0.51542041690468,1.14909208757577,0.6303814955231,-0.0251208339232159,-0.685426083396715,-0.284181063255763,1.39780310838249,-0.376989331528541,0.24367992584456,-1.30343451669653,1.26419888718711,0.412703821066706,-1.85151680901065,0.653518017364917,1.42152211487848,-0.483836661746095,-0.693865816125188,-0.607972415796863,0.0901120025255413
gene995,-0.50831507643053,-0.143989363813054,0.307878926711023,0.742172134675075,0.470503573332241,-0.23430792005501,0.293183624430443,0.533744229779165,-0.532063954148489,1.38985802127401,0.155932282767927,-1.08168621673934,-0.73686063180526,-0.152027639349809,-0.370261770171151,0.566128388588641,-0.189873487841118,-0.802685980771313,0.365127600289416,-0.785088013295797,-0.191399641306798,-0.240935564774112,0.973327173265648,0.48614785704121
gene996,-0.520680186094003,0.151244068617173,-0.256742080091383,0.313966181193552,-0.790317866450233,1.11157452094452,1.13603950290193,-0.319121950967773,-0.398986663257642,-0.89599416733936,0.517259733479136,-0.0725304513717678,-0.262237439411711,-1.57801840542211,1.31653229845195,1.28534563012338,0.74391468282515,-0.842301692724768,0.792889883897795,-0.13260705259405,-0.0900311365669175,-0.19952758353242,-0.123469909732492,-0.655582064160746
gene997,0.94655402742,-0.21906411637889,-0.0795472218400179,0.0818525287583167,-0.38052945630161,0.226302864048276,0.501211988341654,-0.421778206647573,-0.646681142345078,-0.463453827486578,0.537616564844222,0.750078425888939,-1.7036725822195,1.89683042907042,-1.09204531653805,0.828033856964713,-0.338002577964173,0.470609315623364,-0.168435964017461,-2.05911244937622,-1.19523129416303,0.543381902326215,0.145502826890354,0.135611932566671
gene998,-0.0638058990958938,0.892109948222761,6.25150390399258e-05,-1.07431901489251,0.143153071051309,-0.361501699791498,0.4803057283853,0.811673563890653,-0.44755581208311,0.192444996241662,-0.544788362044793,0.239199398438847,0.202339580241038,-0.0173686227602414,1.46884832219571,-0.292628480492848,-0.688568592444499,-0.250520660986067,0.734436652327319,-0.325925753058612,0.0057085598767186,0.0013900497576077,-0.201214681265035,-1.1427286207076
gene999,0.680463696515333,0.140570786124965,-0.73987012008271,-0.38506769616266,-0.704373543178675,0.517348402310746,-0.556860815778776,-0.682406289724511,-0.193954801675377,-0.320737378125839,0.303216294296634,0.10133535887138,-1.31668729441541,-0.913111764158715,1.69364510137028,-0.476991087122472,-0.148555637427009,-0.868029548290544,-0.782344485130078,-0.289896995627364,-0.45738945672497,-1.16132828382854,0.464001340410186,-0.879711298220574
