symbol,R2_P1_T16,R3_P1_T04,R1_P1_T00,R3_P1_T08,R1_P1_T04,R1_P1_T08,R1_P1_T20,R1_P1_T16,R2_P1_T12,R3_P1_T20,R2_P1_T20,R3_P1_T00,R2_P1_T04,R3_P1_T16,R2_P1_T00,R3_P1_T12,R2_P1_T08,R1_P1_T12
gene0,0.491762904751927,-0.0703522067106463,0.386876902989895,-0.789938704097743,-0.352083240619547,-0.515975053247526,1.09937596010438,0.344998036109384,-0.119947562354125,0.877826279178128,0.934494070210752,0.0013055448441787,0.0633232254754066,0.377455881117087,0.413201426403679,-0.0678344665605015,-0.839763946439221,-0.626354255546875
gene1,0.285238205261734,-0.477119122487482,-0.457143665293294,-0.0162634762342118,-0.325770930070479,-0.15519588508846,0.298645491496437,0.55659749398888,0.41463776706395,0.0413064508641727,0.250516535894013,-0.412140173362308,-0.488865558421965,0.53753322982016,-0.229590274946551,0.609562398367111,-0.345405097358047,0.418821609298224
gene2,-0.624685565219326,0.506614984301246,1.56356888386066,-0.672464438510459,-0.169905688404702,0.352207996633925,-0.482378001229345,-0.617220703905751,-0.928357145976071,1.23007624434037,0.562770917362322,0.610635136831811,1.29155709072174,-0.272050008299442,0.531789186552071,-0.955662492572753,-0.826493059699031,-1.09080867989088
gene3,0.683138992670237,-0.7942074360432,-0.379998153888055,-0.614578231230278,-0.958736974559802,-0.371503346072929,-0.306809132429419,0.218064052457183,0.510296771309927,0.355268850586179,0.159904875488674,-0.509092258379483,-0.879235818009675,0.875646598486772,0.257553972806931,-0.103418543236158,-0.186639925540709,0.0276977522779016
gene4,0.714223110820589,-0.839653814963659,-0.295105083036142,-0.276266396254921,-0.751642263007048,-0.334563712829722,0.0676622423719951,0.737205182188312,0.340366777734645,0.0779074852914482,0.22789688849032,-0.367969114333457,-0.536384920962801,0.459982946336547,-0.497361221668736,0.318761523408722,-0.271632046705513,0.303842864386869
gene5,-0.977504335197818,0.875355155231164,0.0153060625160622,0.225290999221286,1.08303569858714,0.809990723600131,-0.148123815737806,-0.576424499228757,-0.371468599289836,-0.580402705218877,-0.0956834631024737,0.545903038422014,0.847788328499129,-1.24944505018932,0.221759923911043,-0.0440840106318141,0.758250561195568,-0.534432893111227
gene6,-0.564488143493969,0.29226266624145,0.638074947494141,-0.206999664102918,0.603654619028183,-0.343420764185901,-0.406396827167154,-0.117192303626463,-0.947024437235079,-0.0007684000212115,0.0732569337997823,0.199094452644547,0.921911097107594,-0.889271748385487,0.620721824146845,-0.265536935191825,-0.501559460402724,-0.438466327944721
gene7,1.02588480449233,-1.14202424371248,-1.64532254535677,0.242799772814254,-1.0534909756227,-0.334448590894142,0.28546751385318,1.45477061892495,1.09108318727912,-0.170884821963276,-0.305993849657225,-1.10242812521747,-0.983261993991627,0.688808399281775,-0.68894388086658,1.1781979616286,0.42143388147308,0.863758621005745
gene8,0.605973604107854,-0.847792786671674,-0.0933920716654194,-0.929742140482944,0.0324028797360942,-1.26100161739667,0.551592664154644,0.099624179417428,-0.183942986009547,1.18470556074028,1.06975427718378,0.400938543111457,-1.04380830815288,-0.169237589352328,0.363444336068762,-0.877392512526286,-0.963239011514512,-0.684030540375378
gene9,0.414229316169324,-0.436183494941863,-0.0377829352732281,-0.513418316266207,-0.889212519522373,-0.896515125172817,0.7409176125651,1.01291531970143,0.123180241742944,0.697584787541894,0.386219811139422,0.330765399532002,-0.815488451563527,-0.198639174216768,0.0219746755650221,-0.0955686234767225,-1.00613217444772,-0.765487139904668
gene10,0.170005440155975,-0.56691763255012,-0.831355225531334,0.92192752323097,-0.248351269422718,0.596289991184269,-0.76126152172278,0.284441472634782,0.817321552033872,-0.561475348463939,-0.024349419098962,-1.20077900872036,-0.610933706025482,-0.191416063090981,-0.4311121983617,0.826430739269387,0.762978098981995,0.727228957056756
gene11,0.428357697395532,-0.508577112827819,-0.384752697796478,-0.281762854669429,-0.789229512919062,-0.309924457224401,0.330264528794232,0.382036164145564,0.618549190039619,0.468819065389689,0.309056426111079,-0.294718557058056,-0.491169399047474,0.504478401886661,-0.896003995694085,0.354652261135296,-0.205805656909047,0.464226896268612
gene12,-0.400567803351232,0.304746217727972,-0.0797780957848654,0.545208933126955,0.240805288850232,0.610236651088609,-0.702823608123273,-0.425941939426809,-0.0685773861761811,-0.682855430967947,-0.447598097788242,-0.0971044576885046,0.41177986356864,-0.48816754371728,-0.168836817778782,0.221328571843983,0.276578195938165,0.17045817551408
gene13,0.0261304380896739,-0.289769208705635,-0.925738993918718,0.547715213000119,-0.304697940366354,0.595439455141606,-1.05722598244136,0.567864618680907,1.18806115233551,0.0329956247300378,-0.881532395228868,-1.26179665650205,-0.271375790062879,0.0118683793101746,-1.09499609121651,1.15720369015816,0.531162626045985,1.20446471114899
gene14,-0.278282610058461,0.267249519140281,-0.514296347479345,0.732369821911736,0.324418008328783,0.99695362488744,-0.870552205871807,-0.246887781077204,0.395808924891049,-0.515610398723445,-0.877264471945945,-0.917928049372435,0.354916679463786,-0.320411680103736,-0.776822447879224,0.329013582949834,0.666474925578176,0.544772453212852
gene15,-0.788524849190057,0.551236814464548,0.032869668875134,0.540265900560298,0.829765682251493,0.375630337331927,-0.319642797985254,-0.558383430281057,-0.135833819295132,-0.377656391173033,-0.642564501741467,0.207453565574232,0.781367544887934,-1.00391191308906,0.201681371922651,-0.0491921188305612,0.740863984354479,-0.0491994991638396
gene16,-0.618887826871083,0.755080439907983,0.411042111445114,0.202594983026505,0.682059961907968,0.14088347215384,0.0408260621989981,-0.562440517942957,-0.715028342896573,0.0094148206213824,-0.586753345356379,0.227306568863529,0.677416188292636,-0.659870861943728,0.561709203623262,-0.652346367706725,0.473198207192374,-0.616229704650687
gene17,0.711193648471551,-0.991680306166312,0.0193104114659406,-0.596378823116215,-0.274876270860068,-0.931283073346236,0.914931432701507,0.614789755269606,0.301326188205449,0.4513628258153,0.737335801683191,-0.355208529641199,-0.300632578501934,0.943875238193813,-0.174326623845695,-0.196281236785506,-0.474959818673211,0.1188696371589
gene18,-0.688103014243419,0.673063994256244,0.230628088647212,0.412297741377856,0.42910365321963,0.464670288248812,-0.314059196354086,-0.507597414700846,-0.0985486750951524,-0.0466425889380744,-0.383783453758387,0.218137623868867,0.551334059601841,-0.479220799398143,0.121848209282029,-0.320293009279914,0.34756048431358,0.139768451010788
gene19,-0.879982636035419,0.803981236288478,0.0272700310303846,0.234760570875739,0.891187964744896,0.135617299604009,-0.378507147239365,-0.910256920830699,-1.02272658553169,0.208193581477637,0.352402194118597,0.738138373663098,1.12216206076312,-0.572643546178016,0.342877479196025,-0.251948115742769,0.387932878085183,-0.346238635960573
gene20,-0.763653403333343,0.773683711035723,0.540958493104508,0.25075103988972,0.640819517746744,0.3173284455983,-0.361240785396697,-0.928927311906954,-0.625101574644935,-0.244909381582065,-0.563237881157872,0.494867474334807,0.506048313112996,-0.744904532048049,0.684579955029974,-0.526982296052392,0.212559876055561,-0.125727003887716
gene21,-0.671058789815586,1.48674142842928,0.103359829659369,0.651652335037927,0.579627526683088,1.35685742789532,-0.424309985589471,-0.660706385246755,-0.205589679641688,-0.49845600017217,-0.610168134801507,0.265913388681836,0.962488759652846,-0.878806533847789,0.329007874814378,-0.0464533207885774,0.2081332639303,-0.833621441683364
gene22,0.718631730965586,-0.842688787204738,-0.391974676629254,-0.220523252561257,-0.881424304782492,-0.592357763229439,0.303299034765807,0.757822631774394,0.777210352949506,0.347901946632375,0.43352991177063,-0.177858024063428,-1.07638824861293,0.87897805364786,-0.493696929540781,0.235409971793744,-0.564331978256664,0.632327184747639
gene23,0.246668342295138,-0.433146866180689,-0.349662082068509,0.0118531151199044,-0.257464124326535,-0.197256982618815,-0.211001905812217,0.338894864777386,0.303738246458639,-0.0529171383523483,-0.213434836515482,-0.783792080966222,-0.027841814948249,0.099678132353218,-0.435262097574335,0.379125016140239,0.225127843899015,0.649181352575467
gene24,0.573237406030642,-0.275338707272112,0.90209294561872,-1.15162762140344,0.0467630883481079,-0.582075948731254,0.45020109664265,-0.150559957925407,-0.859864799480804,0.810853483496733,0.865139170585042,0.700174692405463,-0.063915138791483,0.0839600595936445,0.737287698741482,-0.69889834503869,-0.580848716314776,-0.36682702274558
gene25,0.558297850372508,-0.301826974931373,-0.0085377022534715,-0.439784391045021,-0.766703557408089,0.190810468266394,0.516929474412821,0.514755233869621,0.0778085624357786,0.776249668253901,0.498543921035845,-0.224694854644142,-0.555791871251438,0.144528819435358,-0.223203168386991,0.420210920107961,-0.716179421305238,0.0397380668426443
gene26,0.703066647194441,-0.526462670174053,0.103499582815707,-0.612312217563178,-0.171104680739551,-0.747356344014384,0.498195610243967,0.66182821504732,-0.295553136279319,0.728466481521656,1.24861557800803,0.0863302283262626,-0.321391013673835,0.467836376584157,0.171865742095065,-0.210748006181564,-0.765666417061149,0.0407198126225712
gene27,-0.580995614011183,0.135588760845638,-0.455112028166737,0.829510296946459,0.331556247059698,0.367071884086391,-0.751194937952602,-0.360670069242632,0.342013756810528,-0.865223753154935,-0.716147239554173,-0.149743367053001,0.762827188559793,-0.720948189404809,-0.28029775335896,-0.0171346064990144,0.543893084478341,0.44572258654704
gene28,0.478831575268838,-0.317091988618643,-0.748093853532477,0.417848142965471,-0.375887976794569,1.02172721019404,-0.288092809041601,0.120949276709677,0.886070602659851,-0.125909147500187,-0.562803474278897,-1.08355974257823,-0.0697656113941224,-0.123538242134265,-0.345128612310433,0.864707338131424,0.793473661515189,0.961989063167564
gene29,0.706282661967163,-0.909266856274875,0.04877596061091,-1.04729354474352,-0.752455643131712,-0.836836809109546,0.531564306822523,0.846008013813715,-0.0709278295453226,0.616820267718844,0.693018490795784,0.313348839951175,-0.579572208759114,0.652129746302924,0.379979444596626,-0.289981849055135,-0.741026926594118,0.0474206945888182
gene30,1.13021876396955,-0.116128057517527,-0.805106702365342,0.263711465705858,-0.580816008473049,0.359159123468951,-0.599658643019302,0.36080833103201,0.810059258738515,-0.424763639274405,-0.0313414302026663,-1.54350933953296,-1.21287514158018,0.053431924920027,-0.802742753973854,0.521863657056829,0.415080004764836,0.939753211053499
gene31,-0.0935508376777719,-0.0711513066376232,-0.267094337189534,0.503649335538203,0.251669658857723,0.298830499766626,-0.258430833940731,0.343235529370412,0.400038634373692,-0.138976907664212,-0.814447465663149,-0.259840135379923,0.129825840617333,-0.335246585744428,-0.450685331531538,0.247315628020996,0.679949277330283,0.205246453671011
gene32,-0.0373379670091399,0.490366224054497,0.561621705479836,-0.603406077185285,0.466706078760381,-0.685475526702544,0.478324017191478,-0.301202944921486,-0.398482435131597,0.448035902398094,0.206901395338616,0.690372901481001,0.43170346237245,-0.478772023720581,0.958000928789017,-0.980049321650995,-0.67496970170578,-0.689433131767353
gene33,0.847000279257027,-0.758468594783755,-0.337745653906226,-0.563496367620104,-0.984082671255781,-0.637040126557901,0.336962248512829,0.783087454903824,0.458137765070216,0.441052747097838,0.436166069297802,-0.452954448889032,-0.960976788535906,0.633445159783893,-0.211332348259673,0.167365467732496,-0.462629091240651,0.144327354884411
gene34,0.736588087950298,-0.607640758721393,-0.229375159180105,-0.154504469419021,-0.483771590323554,-0.367693547534491,0.533538438289072,0.599780276023086,0.120064999696096,0.451024888621529,0.705493368047673,-0.120870828976484,-0.479971105940816,0.474407097329074,0.0456666607101389,-0.0922198047619908,-0.408048594123008,0.251187408571231
gene35,-0.448460407893382,-0.17229447262593,0.458254197488992,-0.426266113935829,0.134413744701617,-0.787946331220951,0.440316680866663,0.0318962190477784,-0.57041588739007,0.711744032468839,0.392705886222859,0.846398412789127,0.140458651215947,-0.0052533221763012,0.867214892208509,-0.952728410211926,-0.294169419529081,-0.9711724089564
gene36,0.107152922345434,-0.328450745238005,-0.320703699558283,0.293288661484166,-0.0790822309930031,0.770713103050199,-0.695248284643016,0.104999830652989,0.496406510532916,-0.737328489035416,-0.705345080324924,-0.83251141493416,-0.107997096251459,0.0060159332949264,-0.470193839971564,0.543083917392559,0.599533577081547,0.813858632119863
gene37,0.60791990763256,-1.05732313103513,-0.766154039927354,-0.192745720529699,-0.642983853666709,0.150651576792598,-0.023167851053681,0.591683873524577,0.882483554455275,-0.0574083693940658,-0.354047702944102,-0.884110206588282,-0.410890378716801,0.729538794619239,-0.713019060012572,0.790411391398796,0.0956839923695346,0.812097504226552
gene38,-0.573006535061242,0.4116138620134,0.0679471685528533,0.80620399540204,0.548132742931401,0.667238823781737,-1.48830174269038,-0.641780440547908,0.474816654984314,-0.353903734850339,-0.594846953899363,-0.206311120001913,0.578069119225539,-0.704199923756262,0.004755706588973,-0.139514993591547,0.740934685000706,-0.195646711996566
gene39,0.78280718599393,-0.693669021739559,0.211466386356528,-0.785864272010511,-0.546261311315924,-0.815787166116959,1.74509207269684,1.2392455697258,-0.204812769581007,0.871859689613338,0.689505080726233,0.720587154594287,-0.528690688337442,0.801449991889719,0.605345349567514,-0.623883096823432,-0.492196712988385,-0.0832712458997499
gene40,-0.450465082792467,0.381386129614551,0.40915125532307,0.072140392444657,0.567719526862911,0.191562265318829,-0.200117719579626,-0.618471952241345,-0.295487159758618,-0.157809614314707,-0.115321507129749,0.278486056585854,0.601178178241954,-0.570003734091258,0.360895455016457,-0.280046601235723,0.167225340541351,-0.285683836703916
gene41,-0.389314075088818,-0.150647906991695,0.696589888619098,-0.719804524585557,-0.229515137729262,-1.00983664496411,1.18490516488953,0.165527997462019,-0.751162936102228,-0.0334527886507053,1.02282637238292,0.743461407617993,0.082357051010534,0.0660151686307436,0.207975407288473,-1.16537703616873,-0.943284681336805,-0.751741366678341
gene42,0.26265155023714,0.118064240585456,-1.07003116408725,0.949086145673535,-0.101279898841425,0.651319122861382,-0.466204180945997,0.107076366722188,0.368088264721804,-0.742370229178945,-0.717038095023501,-0.709444034064193,-0.137321526250854,-0.0999482892638987,-0.919635076713299,0.622776571806182,0.896519576209198,0.830997182131651
gene43,-0.0848872843059159,-0.157391930784401,-0.989958069641803,0.996917566080793,0.0315580018151365,0.472183596443381,-0.903671583845347,0.0011372958443207,0.466712426867914,-0.457313382009922,-0.7644156891751,-0.935327374705702,0.500216019720218,0.322334680870728,-0.77824084237989,1.01665577740122,0.777706297179388,1.09147304311749
gene44,0.488465889851176,-0.345078987711278,0.169223493750577,-0.422143337814945,-0.434443328413254,-0.547730015974487,0.628629795094438,0.394492022539262,0.035992544081509,0.612652940753957,0.482695602801801,-0.20388149240566,-0.709849421622319,0.552708632713266,0.124968770614634,-0.195159145793928,-0.500333117366681,0.125791114358488
gene45,-1.28107182591095,1.1418207834761,0.839228613751662,0.857406546163756,0.88710066837211,0.757503115826462,0.107732592577304,-1.69308101959341,-0.775188201302103,-0.0687147560497311,0.0083640952583834,0.558835258013067,0.853957409674768,-0.405229019273552,0.349778188510578,-0.659472617375669,0.837358191368216,-0.820940858566546
gene46,-0.224159631245388,0.381062633056577,-0.277772985122787,0.691407460168243,0.100496557713792,0.99280163258115,-0.616031987669971,-0.193751241146056,0.555450735342096,-1.07999964470259,-0.680452861980836,-0.487905538051833,0.0850731021424751,-0.302058803259505,-0.519279324526669,0.3731881147534,0.804803634444091,0.547368745489817
gene47,-0.0217733239226454,-0.300767172315495,0.500173374216083,-0.573839564304205,-0.235618252964052,-0.489014720628557,0.298267658687209,0.197474152367778,-0.251283420500964,0.754896229828431,0.414852661497914,0.393047173189954,0.216618726816518,0.270390411650829,0.424706451596942,-0.430763061822771,-0.432599844523489,-0.226212856168768
gene48,0.24752654505148,-0.186452299633598,0.722880886433613,-1.29878253503675,-0.274559884698598,-0.708434406599482,0.811432438112213,0.12063513969297,-1.05957710880182,0.780771919017145,1.24780078609345,0.569752329767831,-0.249276126885499,-0.116011665442193,0.480729485790618,-0.555434337736144,-0.721587307377743,-0.922647402088929
gene49,0.765938416482176,-0.605495301025321,0.0368816658230705,-0.533105080668754,-0.919826762884698,-0.708679830411573,0.76284576280446,0.876892483124939,-0.113494688899537,1.03372636590276,0.670573343052299,0.0653460458041226,-0.986575935449374,1.05452973758359,0.0839260011853,-0.0035596959811112,-0.873984475202621,0.126879162313038
gene50,0.918996182752624,-0.675227301529258,-0.612718132632694,-0.390917519997543,-0.301042578185336,-0.643915836893167,0.230120780022046,0.656007560714219,0.539176572268089,-0.159830852853018,-0.0205327318570188,-0.842172318674511,-1.14220794723508,0.504033192003347,-0.475615873966245,0.686042490955497,-0.179551645717296,0.648914067703012
gene51,-0.222175391867382,0.0846963060817151,-0.168370259436151,0.464459360076162,-0.24562092930872,0.358080533382222,-0.593669129059903,-0.0880645711213942,0.628849233752294,-0.363072595593961,-0.425435168074671,-0.444869615285491,-0.015946596822887,-0.0809033666547216,-0.43179940544859,0.533039637914381,0.66294223667841,0.368256318745946
gene52,-0.131812230627429,0.231805330963197,-0.402272456400105,0.548838301845715,-0.104715793682324,0.663834204309044,-0.3729168043548,-0.268253422107328,0.572325672757951,-0.596127672296551,-0.880087892207889,-0.248116849193632,0.127592178142573,-0.401655957682108,-0.140257108565251,0.384985401588255,0.759177656361976,0.445119157855896
gene53,-0.326832620265456,0.258218435007966,-0.0847098951330664,0.944554111015348,0.288589519513986,1.16557539652236,-1.32439977825394,-0.300412257347117,0.410091815526165,-0.828534808460934,-0.884251932492204,-0.0943866282114677,0.600018769186695,-0.570271130848262,-0.0670935412286233,0.238954881159473,0.836008646028569,0.499932710501168
gene54,0.655345642883537,-0.438441848537588,0.0081160449898626,-0.577179525586814,-0.884712011127631,-0.286886585448385,0.245447295440583,0.435122869441512,0.148686071573311,0.333694568490731,0.551557741225231,0.103296157620781,-0.513929065198111,0.434665208047914,0.0547077502908864,-0.249001499619492,-0.418004449206219,-0.131975561549783
gene55,-0.461502773686437,0.593454875287582,0.299396806345484,-0.0796616505191633,0.328842880082989,0.0339388754990503,-0.348672754203388,-0.853548602344501,-0.566683846662602,0.0912427184309912,-0.256397430726243,0.587074265872541,0.59507158415313,-0.424540231331444,0.614494853364512,-0.395366626990963,-0.0554175120109694,-0.118920187254433
gene56,0.821064635532273,-0.674122153681273,0.821217177472779,-0.820105642305076,-0.573525034934014,-1.27466106004903,0.869414519999022,0.429666190795695,-0.134152275393683,1.19712773049202,1.39437402428793,0.984433673299718,-0.845905902852115,0.614640321947684,0.721732280355328,0.0749546437389736,-0.967710778535355,-0.102659598572032
gene57,0.629825268421579,-0.938932800894553,-0.36977421770117,-0.362663126577431,-0.583681880001119,-0.252382284477644,0.431432311284825,0.830041936602366,0.424190856788815,0.399970777807619,0.367502698848004,-0.455483061434187,-0.910975902946989,0.796515768783508,-0.484634869727135,0.712311148411319,-0.486858613362479,0.440385405515922
gene58,-0.247030542709164,0.602506911470888,0.951012542344242,-0.0258537703852475,0.691809969651839,-0.153234411638456,0.339319095993507,-0.49082743044199,-0.597995738515922,0.641718698872846,0.0898810395965635,0.467906781208814,0.762688652624735,-0.264366475124949,0.82698053672115,-1.26258812775719,-0.588605056451335,-0.944119047512301
gene59,0.843619134712073,-0.497405023614842,-1.24122836551285,0.311324985887367,-0.719273877183966,0.219117245105431,-0.378018019939587,0.894814319691242,0.762217946093941,-0.442588030931647,-0.380534006277522,-0.71569418947541,-0.665637617626433,0.924722853868366,-0.67609562255714,0.624699793361872,-0.0356875065589102,1.03776862006481
gene60,0.488937508145129,-0.0652860742711984,0.443272076868836,-0.858241533016898,-0.309583241459821,-1.27367641142181,1.16425570803,0.0440384970010554,-0.248001264024728,0.952583806034131,1.04909141448655,0.67783873673143,-0.0448160611908695,0.588934976262285,0.616648277788543,-0.885907351322557,-0.659944915261771,-0.912490973200085
gene61,0.641621025902964,-0.768068869048843,-0.664928394905572,-0.243012158763728,-0.657997725561277,-0.659334428615636,0.649880559864473,0.965574481964283,0.351091480328677,0.533580980943032,0.106084584993547,-0.370766198070352,-0.855282660079116,0.850311250046429,-0.389181106705589,0.286297726427606,-0.200922412404721,-0.308034242694766
gene62,0.577712087230825,-0.44338538727142,-0.067811660223888,-0.201988506014994,-0.566907307264854,-0.470700780178122,0.299870742575389,0.568001352224183,0.0963655860833888,0.236000845657707,0.324846558273547,0.0222876771624346,-0.461050356203814,0.496613172604351,-0.142674545676542,0.0972633771640875,-0.286707733461931,0.0534241721722747
gene63,0.124722365926656,-0.497807654496294,0.0846450214428577,-0.192202500771447,-0.291015910515679,-0.20647178153145,0.719569775051433,0.339393642188644,-0.877447880003444,0.449884101252473,1.2365987014964,0.483786918449405,-0.263246808777748,0.386036804937641,0.392661311679645,-0.243861306254482,-0.534242128269438,-0.0441563060918159
gene64,0.145027186860216,-0.384840599603136,0.595018408250532,-0.516529324925793,-0.224914457203862,-0.603310466126413,0.499327918166666,-0.148404036346819,-0.0879494246638728,0.0632199294890581,0.319018336654056,0.580465624232137,-0.198972709906744,-0.0684791480294475,0.729497757450338,-0.753396831481457,-0.181789008065755,-0.629741118013748
gene65,-0.969227517629574,1.36464549881963,0.697034563366057,0.1530350301206,0.991561600832058,0.434326301098082,-0.421269857803595,-0.726235938054415,-0.427873456712978,-0.855644832354724,-0.129186527504099,0.825820392889768,1.17230033957531,-0.795192935122844,0.240526969589748,-0.773232208118857,0.805047543829983,-0.85565168587972
gene66,0.371159285553073,-0.274621383554667,0.291809082943888,-0.411140640913175,-0.370621159499513,-0.65132429975869,0.47566762293875,0.0764195555701635,-0.397282288444276,0.839099552927019,1.07324623450307,0.307439035417084,0.0055405915210513,0.244243773438419,0.411291592424972,-0.326978126704491,-0.87823823743313,-0.516339197800915
gene67,-0.0121240114419715,0.073007863567567,-0.697244013705385,0.600324423118038,0.0501210182614912,0.396802265309809,-0.690048282896091,-0.171733662201676,0.603706508449315,-0.733095036443364,-0.584843770824974,-0.638895021300341,0.0310927746471695,-0.307505069680305,-0.572974305782731,0.623217661611851,0.792890481117221,0.572309648434346
gene68,0.599042086330188,-0.363676510406071,0.198372344289788,-0.610477186375116,-0.532551548987936,-0.615025528260218,0.825985480781609,0.112241800043652,-0.265574092653902,0.764543736232117,0.610580918439499,-0.0034531591179836,-0.507285150233283,0.398400514555965,0.0054158521140532,-0.315745511526049,-0.705101426857456,-0.218786597691335
gene69,0.714842483398863,-0.205832133960175,-0.607198822145473,0.410847802061191,-0.543639858910182,-0.0598834172361616,-0.341734921829511,0.488517589993961,0.489393539591545,0.0844139809645169,-0.204925507175129,-0.150684913924024,-0.260186153406582,0.177702210253888,-0.800876650820246,0.279800458915559,-0.0605113301274169,0.612738134014542
gene70,-0.454560722103464,0.680934891049225,0.389302473709143,0.329001982674844,0.664120046207341,0.336516780627321,-0.196384700731895,-0.610565099134926,-0.270760869184492,-0.0726328727666513,-0.116605939609665,0.226243197637746,0.638968110716824,-0.769523626428869,0.309376129966663,-0.101984177643438,0.14430099133616,-0.44805823625462
gene71,-0.14508207549124,0.304675510405049,-0.912794991310267,0.729596471689792,-0.937036343357216,1.22102454390863,-1.88639735296124,-0.119781831243496,0.53122449119901,-0.420421728916492,-1.13852887003064,-1.02765729623365,0.350055271433297,-0.949778599394836,-1.32592076458624,0.747591016161621,0.813328838791897,-0.230326362290887
gene72,0.485854757560547,-0.65881797523704,-0.230475778890656,-0.12935777621375,-0.67666391294003,-0.139601058915134,0.382745644827008,0.610825349957794,0.170511254114808,0.42908847721382,0.63929635834506,-0.223535416023921,-0.643300664702914,0.503155224592224,-0.122880635150879,0.0177081336021247,-0.418722189732537,0.244127160134056
gene73,-0.433639567454881,0.193127973276088,1.3577352760571,0.400437960544295,0.626244450959628,0.505031460564617,0.0754622320676189,-0.51680759222862,-0.497136610803392,0.117758595547617,-0.362741152713208,0.913073180191825,0.987550215633718,-0.0308317124541406,0.893406655894871,-1.09191735792886,-0.434075583458999,-0.807385263224144
gene74,0.0869874264589781,-0.279957314391614,-0.488987181871315,0.424510044204232,0.0648242863270781,0.521826616543266,-0.491968148721987,0.139792483802089,0.491262546929392,-0.403948368555929,-0.351763534567581,-0.219028993751387,0.16252409714658,0.0574993348295644,-0.0353424350436992,0.519583895486185,0.335458796296372,0.556532718777971
gene75,-0.0383920151288269,0.212887080001852,0.669454928244797,-0.717883847625504,0.0367157274309404,-0.489419892776435,0.436133340986236,-0.341942098057222,-0.515241083121351,0.651888319081213,0.276837095430712,0.581037278762448,-0.133976154651367,0.179451644243588,0.471341484980565,-0.681624092368995,-0.632506747142293,-0.396223008542751
gene76,-0.602478169537145,-0.222390490660545,1.03421514773023,-0.338767814274948,0.405223237787241,-0.572157964360115,0.846923255538776,-0.194258427756094,-0.740666657949467,1.53489988684938,0.321052929494731,1.09510748021671,-0.239001868713203,-0.415032484187033,0.659463966540858,-0.929014358582124,-0.505424723447985,-0.944252373299347
gene77,-0.138562240228299,0.262870796099643,0.791484289479269,-0.39224904389523,0.259157291827401,-0.457141772237721,0.716280017676302,0.025601117360116,-0.811653458265294,0.193516289787683,0.278658806580798,0.795482218672876,0.443246880041638,-0.257291592958574,0.669455440003308,-0.662362198063657,-0.624019094587561,-0.718141335026811
gene78,-0.0815068252275657,0.174627872182931,-0.712063443415679,0.513566663046608,-0.104602181094171,0.810543258124897,-0.648257504758239,-0.274466779068564,0.448337297378155,-0.332454541201145,-0.52239748914573,-0.482569490720093,0.350259544631231,-0.200020332905111,-0.197266126968358,0.544994296809928,0.52330326835811,0.353309393181056
gene79,-0.328658394742219,0.919475276825011,-0.850185219374089,0.986336893692714,-0.256055871052071,0.910136979552257,-0.647877050539606,-0.252555655208682,0.268731678071213,-1.19528744210241,-0.939654273023928,-1.16873946006604,0.191066631950521,-0.747093060418885,-0.743899447956873,1.09273997020096,0.629079284012046,0.681424747202036
gene80,-0.219668511178908,0.228920562179116,-0.546983271902746,0.655119484019618,0.264218698826201,0.642759568055171,-0.780535476679749,0.0056195750115732,0.709293954802257,-0.823221410220835,-0.365202140486388,-0.522007845198452,0.0391687836072966,0.0608062077565372,-0.630215916229043,0.739776319739123,0.90170673032418,0.380757177527251
gene81,0.441300314611732,-1.01288485257974,-1.52811828467728,0.384172601745777,-0.511159278513718,0.596282613657887,-0.0461834327586407,1.24154209561596,0.987910510469528,-0.676125250674777,-0.178847882556315,-0.684143061943586,-0.125727818340234,0.392612759998302,-1.20903453820532,0.649825052005367,0.180084006903371,0.620357492512936
gene82,-0.0546492121230462,-0.0787017057040576,0.462270869224189,-0.300654462106079,0.328645127954784,-0.37213415433856,0.449770947496521,-0.214623403319566,-0.502461661564851,0.374931704438157,0.491179422501855,0.380758590871708,0.178690879926114,-0.252278754261204,0.327721889694871,-0.813031981098598,-0.526924108234655,-0.643386749960377
gene83,0.57926507702666,-0.530768575324348,-0.277421603985462,-0.64662601209078,-0.43075126933708,-0.410694141846038,0.430118894761187,0.17201836935463,0.267992659035718,0.550431662731069,0.248757327522252,-0.165347918521839,-0.361838176378107,0.534005729987243,0.0569766718075949,-0.0926791784143091,-0.371408860340413,-0.0470789370222879
gene84,0.120745495557396,-0.031396554581318,-0.571165570523751,0.696164786845847,0.102544271883971,0.698024308449807,-0.675981563105399,0.0445448933912301,0.655624563243906,-0.604858263890983,-0.491913716452601,-0.188542692503711,-0.0247330590650312,0.027762681648479,-0.259253886373351,0.529225955014691,0.750366622069503,0.362791863663106
gene85,-0.165522161944084,-0.203757665799377,0.2437336770579,-0.726192890757795,-0.0032372192871076,-0.770457511847977,0.538969941880796,-0.0608001458972347,-0.461553328861762,0.587991742044389,0.72277282813508,0.123049551186696,0.0844795973604977,0.0100257374285544,0.353916717382307,-0.516609449866456,-0.651067206449182,-0.368394574700076
gene86,-1.006096140271,0.801791315675089,0.35792809912964,0.520639592520588,0.730168609028011,0.521800405461451,-0.504419133421199,-0.472834952923639,-0.436478237866966,-0.197350333690725,-0.533328915077184,0.237133852441227,1.09199940572269,-0.65927684151323,0.314425621443125,-0.661501141259603,0.674079455225369,-0.67640085294982
gene87,0.0872885693193498,-0.392788220983228,0.489921889692524,-1.14728652470981,-0.275904733761525,-1.01242204645758,0.985286263456352,0.367582110453277,-0.351652229499421,0.586498802035547,0.850696982439579,0.958529549610245,-0.0391782577974755,-0.0584637850213323,0.560164311536639,-0.670741157408055,-0.709253921339045,-0.430410405212358
gene88,-1.12526963373966,1.11530485917913,0.0691801768041088,1.05213290081245,0.814476392365815,1.1145817820272,-0.865407263323337,-0.830028010618835,0.104210041584057,-0.299771355537449,-0.641499475118267,-0.327704457442273,0.703697641990378,-0.96821076724108,-0.32410136161695,0.0637782334104011,1.08904921884002,0.0895384251483111
gene89,0.412866309466887,-0.197158505562376,0.70163300093436,-0.441473464380375,0.0673969313779594,-0.741215591680879,1.34302188230097,0.390655398164013,-1.01087430280135,1.45366308601308,1.01218906245515,1.51406078873498,-0.155757729547117,-0.0058096962897791,1.43179577265047,-1.10890935470071,-1.37704145508557,-0.514683903048082
gene90,0.298860316840272,-0.643837930852801,-1.06943298294844,0.575479797843396,-0.383284466378047,0.145294386848987,-1.07535433404575,0.242891393825194,0.873661145847989,-0.644890446897309,-0.249646924581596,-0.911357804368426,-0.582059089349284,0.173895108611001,-0.852473728126506,0.753392959277974,0.412470481487527,1.02026494042557
gene91,-0.997522945842006,0.696930042945568,-0.549168789139143,0.99785591130872,0.660194168513064,1.03600483748867,-1.18585193983839,-0.774428598157247,0.203161185724281,-0.834403137434033,-0.497072704963442,-0.250478265800146,0.176658244841759,-0.450279366296036,-0.543196606371788,0.101792707946328,0.621474334468971,0.288689135709355
gene92,-0.549536054185397,0.0358645006511701,0.375767500783276,0.519144879802341,1.36075297329666,-0.0108845422270792,-0.371365704227098,-0.457525201201064,-0.468004776170752,-0.341734134752477,-0.726373328549705,0.527120571270705,0.810491220041793,-0.773785870728131,0.202012337879331,-0.862884011122016,-0.133611038621731,-0.925263645560667
gene93,-0.140185237434699,0.301912032616187,-0.205948474895995,1.02950773436193,0.0343497546422339,0.81841192921011,-1.56761389743546,-0.517149503045417,0.577983465270611,-0.979229824310345,-0.99536440403878,-0.736779198165294,0.362853581096658,-0.0066368948849189,-0.505185119979555,0.432891178726337,0.930383853074137,0.703975571223771
gene94,-1.23084615520622,0.526734994850101,0.251921813737533,0.07383213604927,1.19369507171085,0.398896083765682,-0.579527516812933,-0.633927142750624,-0.642458357800474,-0.56805460685735,-0.497270846028443,0.392250353338975,1.01708228921519,-0.821719362012099,0.416686787327878,-0.380139732131911,0.197434713403124,-0.488149690911015
gene95,0.332702040899137,-0.137821656403585,0.925465052192323,-0.612911754915613,0.219443122155641,-0.88665425262944,0.88739782331057,-0.0262348961153267,-0.308647502459465,0.762816951022008,0.504714346885763,0.534790891421195,-0.596943537055811,0.247198456749636,0.123389024411733,-0.35019922720864,-0.830819431176319,-0.230585934786709
gene96,0.31774837841614,0.308036425243816,-0.451394853074775,1.29189704936959,0.754286260406173,0.598323452011347,-0.354241914840771,-0.613836193901852,0.787879994099635,-0.328297473337228,-0.75835708191427,-1.50670443010072,0.208536299449881,-0.522660495480234,-0.512580712627525,0.566614655711472,0.758807852153249,0.348808964207105
gene97,0.83693272526123,-0.522650559420213,-0.617938038771417,0.108766724801369,-0.959024480991995,0.393742363666628,-0.0688814270063049,0.996876953547692,1.36779992159189,0.236178487119734,-0.0101915685514582,-0.766615215703958,-0.964494692478039,0.747622448524367,-0.660293020941983,0.990657441329091,-0.0483124887520457,0.891791716281398
gene98,0.0413544247730612,-0.121249844459659,0.873945908240539,-1.16140184607729,-0.76556360918098,-0.877904755610969,0.843422029971286,0.170633639440833,-1.38946863592821,1.28278153786514,1.22598708264431,0.217840027037213,-0.749942715964493,0.680664126211491,0.473759394846702,-1.11004695148876,-1.05107589217794,-0.861379511728066
gene99,0.811091873156366,-0.560470918483308,-0.355248238028732,-0.206375227995506,-0.572420641019834,-0.0765995284706592,0.645725801076379,0.229542410335115,0.251686645244918,0.657929834816877,0.704652083547938,-0.116699696514146,-0.660258240733212,0.752668092319006,-0.266394836327915,0.369890592779071,-0.20090432782159,-0.23928144786429
gene100,0.417818011856652,-0.501612041621102,-0.738082277444919,0.114414841814589,-0.719865170714731,-0.063891184620257,-0.006059971376529,0.480431675454512,0.632064859865762,0.187387250662213,-0.0027772099050402,-0.84155469555196,-0.550734339545847,0.522398820163853,-0.985177399163984,0.477968030769824,-0.151618382497949,0.393258533891465
gene101,0.45321871501355,-0.633368755665449,-0.177712863595736,-0.395375315878171,-0.322730490158491,-0.469018341548945,0.542301344207407,0.65120060341609,0.120102501408152,0.660875491836615,0.586969783983688,0.459840011397324,-0.52206841442665,0.581511336983217,0.0945808316512086,0.165215964982863,-0.127941056046385,0.0036198662418977
gene102,0.537669337667926,-0.479169882187678,0.365051377134131,-0.580084609258339,-0.499465029382288,-0.454548703992629,0.761827060574618,0.172058460189561,-0.535869818477136,0.579710660965924,0.517269520278823,0.543931632490715,-0.05516037760234,0.0610679641871493,0.733950524376072,-0.444252446843676,-0.555625384555002,-0.531078626179679
gene103,-0.867815531652659,1.08275503986477,-0.174751793176271,0.584344893030054,0.635635388403774,0.610371129347374,-0.760386174749681,-0.997286112481292,-0.204049747018081,-1.26493455547321,-1.27926523521375,0.211900086077634,0.629020823856696,-1.01121563512203,-0.0721742782193387,-0.0478510336620699,0.904158304239363,0.0703197428954056
gene104,0.364719931789885,-0.4937302616947,0.578608916730605,-0.621494931577921,-0.355540067320485,-0.564214019461716,0.594576344845239,0.129528048127701,-0.190572148430677,0.618188116660176,0.611831986620031,0.726262435872883,-0.314777423542285,0.014495332560873,0.370147100065184,-0.561231405456653,-1.01151491724202,-0.31607453601737
gene105,0.407631019695349,-0.407069496979299,0.46441669819048,-0.630228414736039,-0.368275093730404,-0.852774417268855,0.501007652643971,0.637633915885984,-0.119871339005134,0.85688555912442,0.38519594288144,-0.166224722849418,-0.319254401477895,0.844288136120944,0.0208133149686441,-0.172990511242957,-0.506479741368241,-0.266779181313604
gene106,-0.0621584123653692,-0.191070058239392,-0.892385402428078,0.937722758271648,-0.323116770357868,0.783965935377262,-0.589039047669745,0.469387441395021,0.51768414271306,-0.586171490416739,-0.752629796900371,-0.947783759126479,0.0821219605218352,0.288359367116104,-0.697590405197504,0.610894593993484,0.778477751094031,0.822984883303921
gene107,0.995330693448446,-0.915473871397413,0.0531739034202053,-0.0416625854933398,-1.00260896351727,-0.779122636042625,0.654337316900431,1.2241763569142,0.386896927602693,0.13310842153123,1.07284015354774,-0.338235575732006,-1.20715645296373,0.643403969598435,-0.67543828288608,0.292055966433965,-0.422662772723035,0.638231860829486
gene108,-0.81646849182969,0.56538347874852,0.701167865597467,-0.0141403642440104,0.6049993193365,-0.423273799622014,0.287460591407147,-0.628886236559376,-0.984921225739738,0.0255816395430768,0.150695241532673,0.746165980531728,0.260055093997591,-0.523038685603293,0.855845658070057,-0.750884295668649,-0.307163313803947,-0.852824962570758
gene109,-0.590883856030162,0.405813241917332,0.993667908036634,-0.619033955760528,0.247150903877919,-0.243750965517506,0.45381971402063,-0.28734549793739,-1.53124064032352,0.28106474126361,0.0606851905863257,1.01944523650798,0.742914089926535,-1.05351249991727,0.431924299149596,-0.538842821646144,-0.406545562861112,-1.12154514456394
gene110,-1.34549075819866,0.859736058676354,0.551891784956132,0.183152260138895,1.5872365643861,0.596172096634221,0.0318836937029908,-1.05961645728006,-0.265780976686221,-0.4391583679007,-0.818448659429917,0.173810057473382,0.8755280230003,-0.840127212327083,0.258261736767408,0.176548855664827,0.598945785961587,0.321172692478484
gene111,-0.872095902602273,0.564666484540976,0.10959134017494,0.794023272120326,0.869452253837339,0.757130233152615,-0.65851830693705,-0.433650453710337,-0.138869522369257,-0.869270459491364,-0.759590284525818,-0.135039969417022,0.222839052041194,-0.624865956007232,0.22128132883715,0.475453756871681,1.0235615782416,0.0792800972254246
gene112,0.118576832130649,0.721369210802971,-0.408703359032894,0.987697856795819,0.0153655387028659,1.04582625829563,-0.754881097497296,0.269878603167323,0.453150419992275,-0.696673228398968,-1.15900098773436,-0.341646300748792,0.0436535007477625,-0.810492897816622,-0.520112648728591,-0.0419526580654166,1.24737608739467,1.09188172970078
gene113,-0.190506235515419,0.0714482712894738,-0.573191148038848,0.57177251921157,0.102656449182732,0.368204786758266,-0.532839293377976,-0.168220463565125,0.300550102883502,-0.536557285565756,-0.508232888779215,-0.33743251814565,0.151016721411725,-0.297675820074626,-0.301026615310871,0.366972090668991,0.421825337864523,0.264444641113346
gene114,0.364749161468791,-0.470493105297353,0.628263155983321,-0.526415385950238,-0.319201822519642,-0.727305569061855,0.741114844941275,0.126795108958772,-0.21131058401326,0.836897742630031,0.484170963013482,0.510332078128988,-0.339848755890863,0.327170080950778,0.26122070446619,-0.291657505605951,-0.63580719883935,-0.224089179152318
gene115,0.191869100811769,-0.564669162201458,0.287713075468141,-0.840344995655987,-0.132903030901691,-0.843941778203285,0.455440184476691,0.170351593962625,-0.699538478186479,0.811019938672299,0.503899791343921,0.678771365529723,-0.304881090570617,0.476117431635057,0.428670149969541,-0.555090865737951,-0.751327042961067,-0.649598872435119
gene116,-0.0446782165936475,-0.0303807728537487,-0.722064879518198,0.785980425119882,0.127321065535141,0.274174886674565,-0.682620785100958,0.078112232165576,0.322017346463311,-0.230983134414574,-0.640650576040776,-0.846941474011658,-0.313024282025185,0.161405280400149,-0.864631518057378,0.397756009560762,0.548905402213092,0.319746215200556
gene117,-0.433047941226268,0.559594019919088,-0.0195788708037681,0.885954191816221,0.562799968396543,0.906813435346489,-0.463912231787056,-0.0802407397843946,0.0407013112385557,-0.444023681570936,-0.524392137946173,-0.400378323104246,0.369611016860507,-0.473004557999245,-0.212720048387968,0.556761010919867,0.522190211681936,0.0332335200244589
gene118,0.61918370060061,-0.71176144910209,-0.242685147635401,-0.30002929983523,-0.6932842281661,-0.539854359789525,-0.0430468347866449,1.06626713675375,0.128034860183194,0.415505059096227,0.522141413285244,-0.153759172461093,-0.813041435121141,0.931716473775694,-0.108604284284289,-0.0964677490335145,-0.0164374746392587,0.316775594927106
gene119,0.156618382140192,0.431239664402115,-0.597206582754225,0.842680401991701,0.589497119394792,0.993310343417502,-0.710014958602298,0.244436089556907,0.300814976309403,-1.10316955723991,-0.844732341848104,-0.494591743851382,0.139822912337914,-0.413192985815329,-0.691500843475389,0.314542939390983,1.10379048608737,0.456130030837116
gene120,-1.20411943722911,0.689472457997593,0.425909904446656,0.356595307266634,0.511743892150121,0.131811757839401,-0.4011700346787,-0.741472382254153,-0.396515730541943,-0.536082812639168,-0.473071857468443,0.381103437135504,0.645073742624213,-0.972677652969162,0.613237220273451,-0.577225417407773,0.229913521715176,-0.0854643582147505
gene121,0.52230009928995,-0.515650715007095,-0.199513590553773,-0.208128176103668,-0.358844260801191,-0.118792422738674,-0.057735083654476,0.465114757964622,1.20338831955442,-0.386980208014761,0.173135853267778,-0.461934448183311,-0.536859259572574,0.606656083798204,-0.537102794050035,1.51391279964032,0.754392628563581,0.713523804817565
gene122,0.490523140004056,-0.0518266482269166,-0.715525898220565,1.23766756876423,0.412260144835223,0.434746220432861,-0.242301044192696,-0.795772464394845,0.856120847175161,-0.689464505205048,-0.430505392462586,-0.216192953378719,-0.779507556188569,-0.253209232522453,-0.208251334066949,1.24272564781394,0.854538946744895,1.24939655150626
gene123,-0.980864540058389,0.74298298966796,0.832386005469579,0.207168507409539,0.503811358661253,0.116246273456249,0.282959453885035,-1.01603000962291,-0.5324256271659,-0.197002760451885,-0.171051312203447,0.693604547457537,1.08288734772239,-0.979732021465355,0.458035970524051,-0.472322480898806,0.442989434343646,-0.362178771167796
gene124,-0.900459993297783,0.633172151548073,0.177450031578179,0.494062259338375,0.703771713615154,0.696875634852292,-0.896890103379984,-0.852642620883328,0.147266254984784,-0.605993888028802,-0.608440800127058,0.101059002388432,0.596183416198104,-0.380376348312905,-0.173861945644782,0.302984843434349,0.796381417049932,-0.0794784013287061
gene125,0.57144977188781,-0.505246361812893,-1.07525938099565,-0.248993516077953,-0.972014027069247,-0.0023242368807772,0.0334512630093372,0.477526425298142,0.930215168836071,-0.359295852626157,-0.0516064308660533,-1.18254905652349,-0.755248886788206,0.634317431875153,-0.939236370652806,1.18646859735753,0.113419271229514,1.1284543036501
gene126,0.686822527218606,-0.424922749989339,-0.522236126761604,0.49683860590925,-0.639648258776329,0.304160746887199,-0.40344085853887,0.651412686201248,0.722503785615296,-0.15436769910818,-0.330066191610061,-1.00876641839715,-0.170406092649228,0.21752923927707,-0.801291357285924,0.877982593858554,0.282879091403039,1.10059326415499
gene127,0.0196873954200006,0.0342544672232695,-0.133221516879273,0.724522041762365,0.374202299056752,0.844212668045982,-1.02315595541224,-0.365310669797683,0.830735364307221,-0.97037601348692,-0.604279497224497,-0.451527897447925,0.613321047386496,-0.167403659953206,-1.04711221094582,0.72944646183125,0.69590508048681,0.120641989926109
gene128,-0.479128666430562,0.172166488424607,0.495898898469416,-0.403768751099704,0.156891976220139,-0.338822953023917,0.329290792428944,-0.169495067817904,-0.476475013802765,0.538489092562092,0.130422624038464,0.207318296608956,0.359883361727781,-0.475577532235966,0.760268596715146,-0.541077927927005,-0.328200571795799,-0.418069663026557
gene129,0.327804035459903,-0.100305874447387,0.400398528705191,-0.974192218825192,-0.398454113265655,-0.887972086690428,0.910691656220169,0.631403900682939,-0.389366269204341,0.792145770306252,0.917994157840834,0.594799989459289,-0.229779828434156,0.319068706313093,0.580489780864263,-0.675764407113386,-0.585583753618527,-0.745256535583019
gene130,0.387564858320594,-0.45481451772921,-0.819764745299288,-0.210646583692084,-0.47725251698179,-0.0631348770031825,0.396914791620225,0.489077460728649,0.510030057961205,-0.065023245368273,0.226667957980022,-0.434741790915597,-0.643262701467082,0.498351051493791,-0.567186306396028,0.456853582431035,0.0428541564562639,0.497871481772489
gene131,-0.890636081516513,0.698820229534466,0.154587435994092,0.328312655129757,1.04061513870188,0.444951822794233,-0.296206197407015,-0.864033524352465,-0.134846327778141,-0.178813067923919,-0.295272159052622,0.291256993934331,1.41969213373092,-0.369888638398651,0.446209902189328,-0.537007634483094,0.425634357829988,0.19318357642175
gene132,-0.0096876024796631,0.226852185426817,-0.921401627977317,0.976634024062191,0.199404831888153,1.10709230984253,-0.850167015610145,-0.316309952885801,0.642469369230217,-1.01636261074158,-0.87136176072645,-0.864040902806769,-0.0254037311466807,0.0024812489334655,-0.979400234144595,0.700320637215953,0.988165113886201,0.512748088856913
gene133,-0.701481877529955,0.836182413057839,1.16623508770889,-0.475384287504605,0.570228518073451,0.118004227096298,0.0511403604860091,-1.08120803418046,-0.837739384077022,0.0511663153017088,0.383065508875029,1.12179052452983,0.595350622847616,-0.422492579984099,0.741587555080396,-0.981302249833234,-0.0014221337435154,-0.12047281322252
gene134,-0.696065137969379,0.871823371936778,0.0784427124530042,0.493707680368803,0.621127086098891,0.615993350317879,-0.585653695149205,-0.282097632656604,-0.245164083475125,-0.585318662978578,-0.761580567196978,-0.0434799574837649,0.782698576368609,-0.827462221278925,0.208813338247277,0.0017959608744857,0.382078894976725,-0.0700658964549319
gene135,-0.708582732204878,0.874145713957902,0.543386947888512,0.271833415671059,0.779802781705212,0.426466827419634,-0.527823868926789,-1.15013295984713,-0.489926508989898,-0.512726136026749,-0.435046045578533,0.350030635281116,0.983616803265487,-0.897381890800922,0.961803425597232,-0.162824666007204,0.233838586795936,-0.522894592618615
gene136,0.0496637363726568,-0.739015465381559,-0.582134620119602,0.473164941738255,-0.662060310479526,0.943853478295358,-0.290235262829969,-0.0563282480813252,0.753931678485882,-0.745765335813818,-0.691877557209216,-0.284670140840938,-0.394421989062203,-0.0541050193632261,-0.815709337304171,0.764489189531332,0.774992998915505,0.456224495552942
gene137,1.75301452077531,-1.03656756720773,0.591945375068414,-0.375696639448173,-0.381927145197053,-0.910850120883011,0.376365258298424,0.231850924141073,0.0909261816796166,1.36625720717177,0.437343324993008,0.26512832614067,-1.52276007919322,0.640446816737741,0.567046361530697,-0.554617837730662,0.36679101740267,0.181553361088781
gene138,1.26786945158366,-0.976828222885368,-0.270402335765258,-0.0591908906279379,-0.673873670361985,-0.44941316120598,0.419506725551059,0.742357346289312,0.358559566423771,0.0423857055163814,0.271004937556424,-0.252690469577619,-0.709717699349068,0.951134088558413,-0.776734177748862,0.901455283926477,-0.0589791187261654,0.245358426273235
gene139,0.470220950758709,-0.598738815130182,0.115016913258554,-0.954670257488375,-0.772319857889656,-0.788639628767361,0.62824699403846,0.627864453551161,0.109580501026203,0.487874065882212,0.656649373848487,0.138554760438788,-0.762566693292809,0.739110796963604,-0.179513991927971,-0.073724726190915,-0.82585455358852,-0.131416024143544
gene140,-1.10354309365188,0.674139035819085,0.384301787715154,0.318882208637029,0.822910813162549,0.285154349515196,-0.333356018804527,-0.783827507666031,-0.409833623854083,-0.538683658338863,0.0449991360414255,0.634783834377474,0.880086451742012,-0.537328425320113,0.403091247143333,-0.237805943688884,0.58683204000014,-0.144363379679004
gene141,0.700707634211999,-0.788580663104013,-0.136145357847965,-0.750117405426282,-0.367313714979203,-0.403955466713788,0.548556107364019,0.558789742487776,0.0358670974003801,0.619860160157512,0.436490546466074,-0.202437065435777,-0.705352035210841,0.752625675306233,-0.21345641994816,0.179624287840322,-0.586827942093748,0.0819831670834269
gene142,-0.345355492237527,0.543857522204469,-0.114366215659698,0.470308308525291,0.459127168384409,0.597302531593615,-0.460941889085577,-0.308999271515369,-0.15570372720918,-0.819734592605389,-0.225493850197548,-0.109914843370579,0.207872614669739,-0.349841859182476,-0.175818818498278,0.20621554387,0.194667343793032,0.465573897761284
gene143,0.376423185448797,-0.68523216013602,-0.964680316542908,-0.276866510790252,-0.514315560876947,-0.0920042488939469,0.109400461099716,1.01291822420485,0.526492847015168,-0.0275694425134434,0.0594346286075858,-0.559029972982266,-0.841691891456454,0.874189122235124,-0.459677747546365,0.533465815742313,-0.104779848477626,0.790509915010298
gene144,0.0644440251123454,-0.172139969745962,0.497223857551347,-1.05473553887285,0.0313431553037705,-0.294673049618354,1.15953981660645,1.23284119148923,-0.296937800368733,0.848824567132763,0.329844851306224,0.76386111349899,-0.0396739746560727,0.229278935589842,0.832233156383863,-1.02110332945713,-0.575676597392389,-0.74841427541357
gene145,0.854208488044866,-0.574886333353206,-0.508452082370085,-0.172079975640453,-0.499873508653148,-0.0564117541300597,0.0476680474700223,0.787555785712653,0.265963920297639,0.166473920812006,-0.0368079237089026,-0.47529936995309,-0.412161936816819,0.61894417010092,-0.302731505441269,0.440344512861746,0.106891297547629,0.673491525487724
gene146,0.395516750896603,-0.292837505197784,0.61764684668047,-0.42503899839254,-0.532269745878413,-0.195294073603899,0.541982721795838,0.820915774207436,0.582121454657287,0.226297156916051,0.0797930906923635,-0.667286926526693,-0.615622996727859,1.30095330306782,-0.219624943478151,0.396321302567968,-0.727441961098934,0.474491816642243
gene147,-0.304338526003789,0.63319594310712,0.713464319093644,-0.509895168479528,0.25788742620918,-0.372701084971191,0.639896163548592,-0.581551280696235,-0.944004175337139,0.384042833396922,-0.0265000056507045,0.563303380563817,0.589420043230038,-0.502669221137651,0.385823256222196,-0.670073007594244,-0.724170205850792,-0.406678622921554
gene148,-0.232089379399022,0.168173074736386,-0.507066810170261,0.804880692383916,0.493468440920393,1.51178040980054,-1.17489535094061,-0.265636941697392,0.865303990371834,-1.06475175457884,-1.03278423964219,-0.439916853633387,0.344613879625382,-0.231519248701956,-0.62982327657209,0.597331954946423,1.19051757595894,0.671595821010975
gene149,0.4502030606124,-0.554061100953426,-0.256890485349317,1.12729636602012,0.0463536945266415,0.545025720671937,-0.814283027747358,0.194798442639984,1.24796125778639,-0.56178832958547,-0.928066156761602,-0.561685975010241,-0.0350729563973382,0.264751877920926,-0.921401015706365,0.988335831823287,0.62541559423924,0.728028864612059
gene150,0.626011099015836,0.43389301597763,0.638381672932735,-0.920383786113416,0.37781779367217,-0.246284195098664,0.829347921040026,-0.479635092614634,-0.795850892124562,1.69643589952343,0.537149734223738,0.886093810103199,0.213002447889897,-0.0135718283067625,0.659525722979637,-0.0917363219150743,-1.05253771770712,0.0044621602168386
gene151,-0.144525176515658,0.358806754311504,0.472909525514578,0.85174152945886,0.530269632326098,0.83465594953932,-0.182357673456066,-0.493857009328522,-0.417111574846235,-0.632554347261373,-0.440219891826164,0.419961612354276,0.605782538397481,-0.55796969416183,0.255457412654516,-0.299846605830697,0.576319777027334,-0.0007597572416898
gene152,-0.455991735028938,0.247507070375503,0.417546712116717,-0.0398725919620487,0.434247563799663,-0.170103676024529,-0.139428889488019,-0.35406717842102,-0.456553351015261,-0.303033321930793,-0.0384416705022773,0.386069904066391,0.559243741210406,-0.67022266395923,0.688287370715949,-0.146486302526994,0.21271550960763,-0.371700806757088
gene153,-1.17493490305923,0.969279918358873,0.25184679355699,0.616786548139757,0.642237889622909,0.300669795272343,-0.586333907260624,-0.755108859219727,-0.369369101463839,-0.570355968455319,-0.68610168686384,0.457711224602003,0.728914463460584,-0.647216093039617,0.166734499415884,-0.593192458119364,0.964325979398654,-0.372793085087766
gene154,-0.85966930442256,0.757627264484154,0.332341276150348,0.751322865358387,0.807681912595739,0.870995174229327,-0.924157415189111,-0.818412708373934,-0.170432379979899,-0.512392835193804,-0.951775691887666,0.101652598101914,0.841276723309727,-0.719969210503092,0.208745679960129,-0.076271378976153,0.615573846509269,-0.417603687998148
gene155,-0.528247625045432,1.05838349747338,-0.0942568307563668,0.554332817377286,0.249697535085175,0.367535928932228,-0.541080043128318,-0.397208680029083,-0.101784873830676,-0.555823940895566,-0.260637655065644,-0.132506975772326,0.362218044672791,-0.221405217259161,0.0165638507549442,0.383783770330218,0.181390454555383,0.616909963505911
gene156,-0.178549499365513,0.258193230203747,0.399743855838374,-0.452952497388219,-0.0183795262231872,-0.357029181072506,0.414569007256627,-0.311216125541328,-0.666879269502563,0.406203499956664,0.30159431267816,0.502626652188074,0.428147360907008,-0.317830202021202,0.576262374951569,-0.774914240587191,-0.308000681833832,-0.61674507028014
gene157,-0.287646453232251,0.511373330667672,0.790398225077584,-0.515830945744269,0.0634692979291659,-0.18735510870131,0.312708947263135,-0.359694648215705,-0.507236505702413,0.234198137725761,0.26543075943882,0.450122653378059,0.288706387391619,-0.429944320813806,0.729967549785994,-0.644255766394489,-0.416059053787326,-0.432345259052917
gene158,0.39634655350723,0.105504134956457,-0.417400249868486,0.0629931472625141,-0.17162457111016,-0.189430985268815,-0.5929022706521,0.321641812284623,1.31145348860431,-0.296612250752877,0.197167890439646,-0.942193403435301,-0.717464729847783,0.689779315986489,-0.34473905816097,0.944914350353641,0.353008816361839,0.274208446523119
gene159,0.221845617213306,-0.205775836815014,0.3193970957017,-0.739363718908134,-0.473176768738273,-0.720908677852633,0.807119187240433,0.117663820158848,-0.663802658642996,1.12140853083551,1.27205096830469,0.518976773800817,-0.294264119001013,0.390282733058895,0.402403716218491,0.0101258350902558,-0.862274692502423,-0.167459660673772
gene160,0.643323987574882,-0.853545925323265,-0.702395108247282,0.0066805141864316,-0.341609715393275,-0.11615014469356,0.04845965547682,0.35172733315658,0.713959714407232,0.0239002591899414,0.0049247640022209,-0.706383385634302,-1.01718810585589,0.72371255713568,-0.440723241106853,0.950614050934155,0.113949525409642,0.954486918713766
gene161,1.82397002895391,-0.670656393260006,0.0650425380287465,-0.19735318398727,-0.98311700932174,-0.892206260629584,0.499001074854719,0.419512519427672,0.0170254407819208,1.04937348623271,1.51944056839651,-0.239871883340034,-0.906343049378807,0.892241889421835,-0.541397706350915,-0.294519320720352,-0.822865755948321,-0.114240991147614
gene162,0.955409914169964,-0.925998764948887,0.740861632385539,-1.31516709506107,-0.639399228955529,-0.970575838004081,0.881425147629671,0.579201318915031,-1.55064955219479,0.96579609471506,0.838722139450035,0.192907519656413,-0.79379707528188,0.472814408234657,0.486263568097569,-0.548176590539446,-1.32908762580125,-0.501239109558162
gene163,0.0789699215015966,0.0110612389553318,-0.458377679617668,0.492218912955657,0.0954130191107327,0.392374780021231,-0.428906166456022,0.236685472883117,0.52267353341851,-0.328460082588153,-0.488006853220805,-0.834230634171375,-0.219639566677448,0.409434096895008,-0.429932253028379,0.376607442672611,0.625361711723042,0.580557681120443
gene164,-0.340174619739833,0.254456384930844,0.969711147164842,0.145366216609016,0.303581328707626,-0.895459484967335,0.802549219388789,-0.425744955621731,-0.770945827379739,0.476731159499118,0.349175221885774,0.570721941586735,0.415286144602074,0.145791096928105,0.955715305819369,-0.499607187402575,-0.85213633261175,-0.85930808663887
gene165,0.721926311436897,-0.613462369914187,-0.4511022177098,-0.31216104636922,-1.09142043697167,-0.488052834036711,0.400295531704469,0.54180748690619,0.748701549098931,0.632143798987185,0.309884934761016,-0.030966862974934,-0.66519969108878,1.18440877851464,0.0818652077575595,0.0692187761587552,-0.340097606100743,0.19116430453419
gene166,0.0858168394325068,-0.30698413521553,0.699303154653815,-0.722944213501357,-0.134088080671461,-0.644155504571997,0.834252248430509,-0.212604927962782,-0.6598949783114,0.416093871262766,0.65067972820925,0.706753549550687,-0.181885845231094,0.284764246987372,0.732415983889689,-0.240001912545673,-0.843865582516672,-0.695651259443747
gene167,0.434878384727808,-0.95549699494793,-1.19983331816373,0.404895989217272,-0.677487735764309,-0.0055265011576818,-0.169925022552679,0.47981295825737,0.832620894723038,-0.532703621195686,-0.390298823543631,-0.558046959672241,-0.491980777093061,0.499198339768552,-0.710317406435041,0.819860646849821,0.172730391373042,1.02595229767673
gene168,-0.315075024666658,0.540447822104603,-0.506644190167916,1.17076444163449,0.324460423282027,0.631338999759725,-0.989051365658343,0.183538371144475,0.888205072668648,-0.78898423945511,-1.35364673210285,-0.751706036433263,-0.0263023930466168,-0.464685532543338,-0.947940077886371,1.34799019639331,0.227909476982843,0.446117714062062
gene169,-0.692768090805548,0.786038332657133,0.64374665483889,0.250994885576075,1.14529966294772,0.0077280932395753,0.155867769495881,-0.926567104850262,-1.06398359646812,0.413508290712844,0.113055679286415,1.10582593374965,0.844852528723786,-0.654048128507142,0.521783258322534,-0.796905815389453,0.0654495240462178,-0.834806742979146
gene170,0.0471259595778791,0.290894784506885,0.454986083290153,-0.478091306989632,0.0602211992698528,-0.643593121327062,0.448161791992741,0.106243810869789,-0.739509465210753,0.491921012199335,0.730151602817549,0.460499070493387,0.0663743387207703,0.195829745550869,0.448104061668872,-0.490113331249767,-0.512359195934486,-0.396231741439071
gene171,0.188298813764638,-0.157618275809563,-0.670305410620867,0.438036971356994,-0.149855395490388,0.497661683312128,-0.392389437723502,0.0652850732134568,0.418073624670626,-0.49440740301301,-0.509753265332818,-0.383590058386109,-0.211397075168831,0.575221586099732,-0.840658666885884,0.932909755864437,0.304221285983153,0.748711216665219
gene172,0.179372803043141,0.398649311360352,1.39292934602437,-0.556686727847239,-0.113011597717398,-1.04932728301192,0.678946880470561,-0.273652467122403,-0.973995911382857,0.582525601616738,0.758721702587316,0.836885214450838,0.203301141463666,0.209879691815686,0.980685212344826,-0.499399399526676,-0.890840416205615,-0.634758681883174
gene173,0.648315807179716,-1.29525130449132,-0.350957457469796,-0.246818389853906,-0.528605799606088,-0.556576201559989,-0.0584150605713178,0.839153556923634,-0.250413007204313,0.80090227500228,1.03023024338745,-0.430484482265882,-0.941162887152693,0.593321291501414,0.0788450147986008,0.359030005959056,-0.376092330317923,0.194339311559013
gene174,0.910552767429453,-0.724852302126459,-0.511236926915307,-0.550454034865556,-0.340113526778725,-0.624697289604427,0.302905362768844,0.807794197775973,0.336320802647212,0.578768311142808,0.507079276951846,0.0526406571620135,-0.703641355599646,0.460299118498358,-0.826023569516354,0.35813159335157,-0.305762983552842,-0.552995602071755
gene175,0.523179920191024,-0.334807140759615,-0.759234971030211,0.182486643742761,-0.527794335838266,0.295538619268842,-0.0300088064185598,0.330743905126545,0.64633391416643,-0.0958847074901687,-0.111518052093023,-0.726982378917096,-0.441168564511525,0.498771620476364,-0.367352575684278,0.577821236450809,0.377027684155037,0.721545737214109
gene176,0.516896537857837,-0.88475167330069,-0.92283216536741,0.367663653194083,-0.481116758920971,0.117623936287582,-0.477044392907109,0.83375831532354,1.15618045294551,-0.799580999946221,0.0183533297225234,-0.757202725685236,-0.61440214437498,0.374405544643877,-0.788015809070297,0.679597268039767,-0.179674018544938,1.20824074101443
gene177,0.022227087253016,0.0388085642250682,-1.04277893887002,0.956580303433749,-0.320620930778755,0.767470891322506,-0.245368622991952,0.43403623424799,1.18456606721254,-1.07753065670707,-0.872280120752195,-0.783660454714001,0.0678672616446116,-0.0084993860945336,-0.776830391771601,0.871044710804648,0.712285768840875,0.374893519867294
gene178,1.18050303343242,-0.75626245159697,-0.482333085542878,-0.695184661422718,-0.429144985122544,-0.617824355136927,0.717152803777193,0.893812008878048,0.0363857322305743,-0.0120695535785222,1.1444790520331,0.0807279908431777,-0.639984017324952,1.12641153896297,-0.276726707151394,0.196652024914397,-0.0131847862821176,0.302538993304341
gene179,-0.0636031003728076,0.20297792717654,0.860770280815297,0.531178461124269,0.983641395483059,-0.276722245938331,-0.337141990500926,-0.998701055802787,-0.415571759831302,-0.747072347291856,0.186556205685029,0.835280583389859,0.393146463282105,-0.866691434457183,0.810661167676884,0.0892913173119475,0.190090774892893,-0.824279714114854
gene180,-0.160811604788301,0.763195941514819,0.374703418530423,0.487349860244539,1.08924547031581,0.468333293483699,-0.417977952197391,-0.474457292711938,-0.395476909128561,-0.275374022559258,-0.244985313074309,0.0623081502203396,0.755079131094033,-0.79208777598472,0.399105230327577,-0.17259961870048,0.636729603771819,-0.470502320480146
gene181,-0.69760417469519,0.711964568802066,0.385053403930331,-0.0247655819393234,0.813385109531062,0.0073592098378641,-0.722834137294555,-1.11574909863031,-0.509428642244332,-0.144304693322574,-0.0574369189875951,0.465349924282897,0.842342600242835,-1.19650613976055,0.675367522079383,-0.498269025805002,0.242790490941064,-0.60097759697336
gene182,-0.48784138732158,0.683088998494148,0.214971908322184,0.160104533803745,0.683923796231263,0.166261465794745,-0.304192227170644,-1.07751317795078,-0.438504389877897,-0.128012544466049,-0.453067175801621,0.117778861387181,0.439636972703783,-0.41923179018688,0.300780601201287,-0.0337815520127088,0.800978618811425,-0.308407164874564
gene183,0.635592650702076,-0.829559361557651,-0.0856724297038123,-0.926055561446839,-0.5288855056843,-0.997104216204336,1.13391064661853,0.643463606639841,0.037203047801711,0.63419877303459,1.10475836898878,-0.0318210918613026,-0.84469720428555,0.656125863472052,-0.0553576967535431,-0.165049263221794,-0.530358781601575,0.0269061373081311
gene184,0.800895728211003,-0.394678071647488,-0.0031344761803524,-0.536641831373823,-0.563108858075169,-0.599069792847829,0.633493316658065,0.472469969461415,-0.0179812088583816,0.969679746998987,0.642891848878557,0.220111970656367,-0.640959513502219,0.184490143267732,0.0567761498899206,-0.0471966947038592,-0.625529656104577,-0.056694278738142
gene185,0.0888188720692177,0.2980865919236,-0.413220127857146,0.724248412776399,-0.0724840906431958,0.817905634425033,-0.786591126125669,-0.456003290366573,0.183838181346198,-0.770974705979687,-0.259684488318785,-0.33555104605827,0.0148782821648463,-0.304169679845221,-0.463870556598927,0.387158140790835,0.562373587843486,0.299658311638851
gene186,0.573249921089375,-0.935974919432269,0.0537113916698893,-0.865313369826744,-0.906425337020514,-0.7140077523737,0.796324216757332,0.781049839572245,0.0602091524926897,0.936735491013467,0.411529020631201,0.103488745239877,-0.45158024691719,0.493316473441794,0.510387460307229,-0.396432830974466,-0.973184427484832,-0.809145655638719
gene187,-0.487819833032088,-0.0661228436408582,0.648280227973657,-0.359752319530976,-0.397839640232208,-1.06823739601649,1.34854761650533,0.0751893537167082,-0.958395822121454,0.809318845660378,0.996840567700084,0.206099294387713,0.713799386735051,0.191569275844933,0.888254239668825,-0.723890068474042,-0.3916252701301,-1.17265730604608
gene188,0.41753312422264,-0.511336959669862,-0.937273157026744,0.0273928852938232,-0.688132076317974,0.647661812869968,-0.19380453867742,0.463162673359503,0.704696609155271,-0.136094008471054,-0.156571120871669,-0.627995242333803,-0.680938428102335,0.983504036684713,-0.720640422720062,1.03170827068259,0.0669513188178852,0.7527750817519
gene189,-0.342185842333711,-0.0777617521220153,-0.860873001065575,1.0214329869975,0.0587884567956326,0.790995146368079,-1.24380002694699,-0.222519848565899,0.632039532703098,-1.13653729902697,-0.770398138211274,-1.07957472604082,-0.049538856837615,-0.0081150748426834,-0.78731577680787,1.32875922193039,1.01574035480827,0.508552637109262
gene190,-0.5692466748523,0.664725331822094,0.386000274906192,0.176304811196265,0.62176795645302,0.143112732747934,0.0839592133095428,-0.751678726066503,-0.590799745983628,-0.139610476022549,-0.263530621712842,0.463825077161304,0.572853216970034,-0.338630905420831,0.451628467729458,-0.521943088574745,0.206814353229662,-0.404156011396515
gene191,-0.269523228789843,-0.341244973977615,-0.666028106642847,0.596849463741187,0.297583959165528,0.280526673781654,-0.440047601441481,0.367983229737271,0.781636834392196,-0.978969956799393,-0.70278096935985,-0.737380912545816,0.333186906792677,-0.188921337511398,-0.609874110023283,0.662710793461284,0.196221218414028,0.364816780639184
gene192,0.736268012543698,-1.36971293405079,-0.34571494841923,-0.39390136141791,-1.08052514520918,-0.425970466986704,0.736738437339417,0.438783429846398,0.262037499891847,0.510464566842433,0.897518773822596,-0.641624628544518,-0.601782320946118,1.14886356957322,-0.434431300756669,0.0756598414978151,-0.585470206178739,0.501117086471795
gene193,-1.10103726677776,1.23291637188239,0.409627938736639,-0.259435885344515,0.78321469206064,0.793496428407586,-0.858443094134546,-1.10061362541842,-0.600401963949112,-0.212448234965928,-0.48703688894746,1.07376397782546,1.05054611190047,-0.887524469443079,0.564362662532874,-0.507025579919204,0.702917605390704,-0.866689977635748
gene194,-0.260631578283885,0.552251236921859,0.287295713042079,-0.328429405322944,0.418720752233434,-0.822530680393374,0.707388505811506,-0.316627339520181,-0.889469941151861,0.350348068224783,0.154883278131984,0.794596580268804,0.435208560515561,-0.240681378361281,0.969941759987388,-0.351475024717781,-0.78469198072762,-0.38556319173516
gene195,0.517662368416241,-0.964710833029188,0.142871251025699,-0.622063821163906,-0.630076498259653,-0.461395650745715,0.532203642989715,0.445732471599891,-0.197747436429507,0.539848284425264,1.26980900699367,0.318269980653449,-0.786373231434446,0.36077066863167,0.371827720658007,-0.522469821044486,-0.787391265739946,-0.248334107095447
gene196,0.350408300171767,-0.494365495129176,0.407196146398935,-0.696035282912134,-0.387907642641437,-0.599249797151132,0.498044334978111,0.327013719490428,-0.574651383875603,0.484887649519467,0.498944739362751,0.229742596384701,-0.332461356822367,0.250288629152919,0.267368318995793,-0.109337128289261,-0.525375817201285,-0.245659154305565
gene197,-1.0171066680961,0.310953702967794,0.895691156579064,0.0726031676368479,0.885040046806461,0.880913970449612,-0.243363241290277,-0.907995629227177,-0.671412375791089,-0.730463194044807,0.529500770014458,-0.0380640971545773,1.13460050372177,-1.08284571109506,1.02209088156078,-0.143691833652985,0.0141463806047823,-0.637046583769207
gene198,0.372332631612524,-0.347110949844447,-0.319510709253674,0.0696859632111723,-0.207786634351199,0.304195880584763,-0.339261788482811,-0.0231407362268812,0.585966969621259,0.0455414495612723,-0.20928872896234,-0.518172340865242,-0.0632883970612238,0.297298967487441,-0.486811066975894,0.790467870935212,0.491579602868915,0.627748821160145
gene199,0.912288941227495,-0.394536481835047,-0.502415973388839,-1.11787577206078,-0.819874980969128,-0.512152164762772,0.195014235183885,1.29155150717181,0.0572702940717393,0.394700138591317,0.81776837066529,-0.0720287591261424,-1.1260647405506,0.769379405345024,-0.504100766565624,0.550470371710264,-0.74868365523875,0.295938060044228
gene200,-0.310759594030434,0.412786443396114,0.601118994729775,0.642594314598687,0.268164519751436,-0.480332085991301,2.12877991217721,0.681111226645365,-0.824807085407885,1.50579683972348,0.208100133338215,0.424259649548828,-0.995267230282362,-0.115087084003666,0.112608834196625,-0.676007881768007,-0.415895743114313,-0.894751830585321
gene201,1.1722419298708,-0.621800290232873,-1.01312863888812,-1.28334432987846,0.455628657374611,0.782958098081342,0.924642508854358,-0.121860485512731,-0.939200180552356,-0.0821454071771237,-0.318005684036429,-1.25546452386792,0.0705731588696193,0.683072715470442,-0.73126475705257,-0.756352163906847,-0.132355894800855,0.827086660889177
gene202,-0.676769050210663,-0.849527295825114,0.399812563245818,-0.863564936013723,-0.618538183658219,0.487879133453256,0.153299045629452,-1.06949964799197,-0.698001867092144,0.232100988919488,-0.393400060568368,0.705969125557259,1.35775036000374,0.188253122671756,0.114290898185533,0.301993580798524,1.46266540697546,-0.322153005400271
gene203,-0.286273002788461,1.03096050522074,0.312140492238117,-0.0294351322273335,0.360144358386801,1.08309804649616,0.739969052204246,0.712948309931902,-0.699254734406111,0.0102870655612601,-0.264051633670448,0.955664899982617,-0.407528019511286,-0.23614908837024,-0.577743083063747,-0.75448267258011,-0.391892353676229,-0.529043156519318
gene204,-0.164578566503471,1.03186704476441,-1.49041341954774,0.309918800203075,0.0639513910263709,0.218739834504317,0.340743860340205,-0.39019485022361,0.27490163182764,-0.814663130240917,-0.135567333760093,-0.194534818856443,1.40184917311449,0.352323511199287,0.0508478392945877,0.159502522550419,0.9164002871401,-0.607889117210932
gene205,0.875667706338493,0.384863290780999,-1.10618021872111,0.711257542282941,0.556559362133547,-0.341388740086665,-0.890102585155893,-0.196381431417522,0.487654183584051,-1.14919993417397,-0.493674371500287,0.624493427070225,-0.30512847593871,1.8655969306202,-1.45768106364375,-0.128700991649272,0.762388427735223,0.0202812531004892
gene206,-0.265407722429109,-0.325627617142896,-1.22531881710841,0.110255039354341,1.52048855179737,0.0212012000936377,0.445835855419921,0.439033393919138,0.527436905546603,-0.887903491890197,-0.147594332141117,-0.254016283557214,-0.200494108362825,0.193467708016614,1.04752209722474,-0.245531660082301,0.785940724769365,0.465357037734453
gene207,0.182139490763488,-0.705747797410663,0.886229025969452,-0.152583707834053,-0.36273708667734,-1.63845895550893,0.147905848767481,0.658196644715183,-1.47871350173783,0.0398261186923828,0.37965039310669,1.07928652809945,0.0915754779962931,-0.70059868923138,0.841733184271975,-0.736894632123906,0.327035523905028,0.351866876215235
gene208,-0.171879817289473,-0.148098735709633,0.735647736659226,-0.0631016010548837,-0.522388307937457,0.202532344405159,0.215942889059371,-0.570899248508961,1.70543263295148,0.350946439864294,-1.16922880651245,-0.138746056323805,0.276081111212165,-0.848236348801063,1.18440155873402,0.0973575312864842,-0.879175416016848,-0.964968588981587
gene209,-0.302738990982472,0.332753619106288,-0.251093167554798,1.60601547842279,-0.195457823673879,0.358241482542941,-0.46540363670214,-0.0759197410346397,0.258129913472529,-0.395143528650752,-0.684537293486361,-0.331846005327731,0.846961298791262,-1.5411764218984,0.511981423645059,-0.0696767000743764,0.535398312137692,-0.657454762356017
gene210,0.160423441618157,1.24862349017824,0.302942100635938,1.5982471575199,-0.251784572411704,-1.27683020195512,-1.0356918289478,-1.23027143388187,-0.511115255928053,0.917775183186846,0.125092344284353,-0.857532563480989,-1.55000582987181,0.183816222845904,-0.915312010470368,0.230407387738566,0.608340663958609,-0.905090595166388
gene211,-0.0675740305989946,-0.633317264454922,1.13345921266415,1.10203591856048,0.188512118976399,0.170827569051437,-0.629437064755761,0.0668972670616286,-0.114220448866563,-0.312673186613644,-0.911618134590813,-0.345228933515279,0.556945363910431,1.96380921361796,-0.248530050841383,0.0705908941633068,-0.473431835084526,-0.483532306210374
gene212,0.566012394091375,-0.760521207769906,0.0212784637015201,-0.303127755542015,-1.2665136692298,1.32302701479127,-0.509721133276179,0.102405620158489,1.01244304205019,0.319579452112168,0.656716537662509,-0.465242020698484,-0.0948407790125986,0.427907110283675,-0.1233869927298,-0.721966865641339,-0.686573608056981,0.0576643266370349
gene213,0.247435629849894,1.24079972732007,-0.853569187584174,0.60956651163198,-0.0848431286105913,1.09678924470188,0.0416555559346833,-0.420227770973581,0.132492932252321,1.77767654197296,0.504304799246807,-0.693982954125669,-0.781166981070524,-0.556372350619239,-1.36796213317434,-1.75592806878667,-1.36246946933056,0.0951801308966594
gene214,-0.574543356854857,-0.589177163094071,-1.41620664001016,-0.217080807674854,-0.651684074372198,1.45428264223319,-1.04672642771243,0.180602644904646,-0.900100461238169,-0.143035040945432,0.473906048899172,0.230767864336954,-1.37118371616888,1.38565629485841,-0.404619398041866,1.38103487320997,-0.967677213379454,0.712004456824066
gene215,-1.73242149701428,0.213193343628431,0.66557328755609,-0.499581438690512,0.396083460242628,0.417910341120243,-0.482473718297917,1.19596422874399,0.947860829886245,-0.144832061807209,-0.0068869671320261,-0.632380350143619,0.394003039540435,0.367908843233324,0.0053554370906218,1.4456944730617,-0.263168840224037,-0.69770799757103
gene216,-0.837936869763746,1.25222383988485,0.113587826475911,0.0732607066018084,-0.532672617753907,-0.112179972431229,0.605140412220206,-0.532327987854849,-0.131631899062043,0.52587111909372,0.300825943862672,0.103399065741271,0.183308609303139,1.15304176452362,-0.782570154907612,-1.01799636955184,-0.945775205418575,-1.69772725163425
gene217,1.0501780698446,-1.0456216238238,-1.51841664460645,-0.382572469702426,0.615799630327229,0.842558657029122,0.325439135370402,-0.843214182773101,0.515706693949142,0.220282991367488,-0.109587134092751,-0.797260450827347,-0.792074008756512,-0.51656919267158,-0.312902641945085,0.455250246601028,-1.14851777264048,0.498235061601458
gene218,-0.033142747876577,-0.402348155461502,-0.910670027031822,-0.939897149517767,-1.57625576463329,0.338547453058949,0.0804487656461036,-0.159364208949043,-0.46545207123549,-0.32204756183592,-0.250261287869397,-0.351245263814056,0.248666885349185,0.915772322637092,-0.594385160244722,0.323285772948265,0.0079174915706943,0.32965167873228
gene219,-0.343945603427763,-0.508849328948722,1.07988608898132,0.506860724469335,0.955141803855039,0.346287434686471,-0.300354496167382,0.52217410168239,-0.493506927460511,-0.341754845637196,-0.332872579734363,-1.11289209499906,-0.0488387524720251,-0.0866932425340238,-1.62088490798605,0.46468502854514,-1.12782977811228,0.576774750054445
gene220,-0.370273178416921,-0.348577198821599,-0.03894639385563,-0.338278852962519,-1.1886396128241,1.01957957910078,0.472932237308732,-0.207068309499997,-1.29061905963362,-0.0904776688736914,-0.557397874401663,0.245889405754662,-0.535707393418123,-0.179399646107304,-0.491297080161541,0.314965188869419,-0.642597114631046,-1.15882582959052
gene221,-0.591556620132888,1.07558155467142,-0.365927550122886,0.251916569117599,-1.06589690331275,1.08975220526439,-0.125578166943659,0.78220114670146,-0.467112736942928,-1.25163566789527,0.541274321629636,0.0537522475256304,-0.59032077916074,1.08535011365365,-0.594245516092411,0.504134538952253,1.3525492602686,0.0423829331707779
gene222,0.059736139197431,-0.52622613657717,0.152111270158378,-0.724956548007331,-0.50831137140558,0.398450839313709,-0.608087411240235,0.100787510440195,-0.446937697971144,0.137539286478723,1.01279288160406,-0.107825274900447,0.441794922479056,0.980372533541538,-0.289742093269302,-1.26662730333376,0.732641665948003,-0.531782974737059
gene223,-0.0261712332948568,0.894788070144266,-0.0717890021608058,-1.8861360917192,0.434818174800043,0.290867837130749,-0.257269028831262,-0.527002390122188,-0.0862867160425564,-1.10079689811878,-0.402655538582562,0.279790322417335,0.406041991895641,0.840489486899882,-0.848196219117244,0.139597874929125,-0.98791772506439,-0.585477418951787
gene224,0.747950261057908,0.265082213602728,-0.328677644613699,0.599110438568683,0.860006599231535,-0.177772578602911,-0.591021630038934,0.375344927470614,0.243268664071451,-0.880806405372508,-0.0004030717251651,0.990317884756721,-1.02908246331928,0.271114850683704,0.0405702653978928,0.86676543948475,0.049040129033852,0.320351091182129
gene225,2.20182992463647,0.0189510162260177,-0.828554199509065,-0.479057229689588,0.136934777444525,-0.571120811717045,0.111428330695382,-0.947952205731783,-1.25372710548374,0.012889205634605,-0.0275520084342021,0.950772454829959,-0.378901348819448,-0.180344447058185,-0.338958500195248,1.02355407030051,0.0088807355392483,-0.18910730105845
gene226,-0.739219751662639,-0.0388775141105834,0.486367546696415,-0.195473223809267,0.102296250994379,1.31432628536608,0.935523640948905,1.03106195174836,0.391914722556156,-0.970216568826428,-0.513047686642032,0.922202554068717,-0.454140707946959,0.11299964098977,-0.0436396635838504,-0.263383516051304,-0.401889535991206,-0.563120535870292
gene227,0.227730298771329,1.06576903720673,-0.210877304515366,0.588033204791809,0.403195259009407,-1.13961840859882,-1.00099552674046,-0.241236279205075,-0.247150299489538,0.0632496731526042,-0.348196120819252,-1.30314805034182,0.205574403435719,0.138274250682936,0.26697083847553,0.0793866926708601,-0.479945656131961,0.349834474365462
gene228,0.218040162820791,0.770923139308689,-0.294436505080461,-0.855632171839539,0.591334168924873,0.440123801261504,1.04540173671344,-0.53421112103572,-0.0602272830861037,1.26325957236152,-0.990841933751408,-0.744761082686764,0.267911449685019,-0.0644391234292107,-1.67049416087517,-0.0880279342835169,1.28126367982372,0.65003778943426
gene229,-0.292566870920499,-1.26311674458103,-0.0033815963629183,0.300922022417632,-0.0004794203511936,-0.665021434815999,0.22573940560968,0.42758621084221,-1.0325178901433,-0.250131979615561,-1.00820581464315,-0.56359300807391,-0.765071054466985,0.0304172583350282,0.77684975038737,-0.194251956351723,0.370926467654642,-0.131061862134288
gene230,-0.142187252045943,-1.44706490824783,0.173272757805699,1.34852281645777,0.664960376766754,-0.203665418948626,-0.356918843557573,0.2774495948848,-1.10388932431095,-0.222192796816061,1.25827730986234,0.825136361767302,-1.46727761330762,-0.132460280032477,-1.23216880256125,0.299410434061267,0.666428956666722,-0.768611039339042
gene231,-0.662615954181661,1.39606366035745,-0.168892446338652,-0.13472372931534,0.644954971339942,-1.72592333931165,1.68239697837893,0.353756918554338,1.01283644408816,-0.268547592135487,0.0995741934268025,0.288021761925453,-0.877460487803028,0.251677979809451,-0.0461281526299644,0.379880163086479,0.279534562619374,0.0590991173227034
gene232,0.430193638023982,-0.567783478665142,0.572659082493277,-0.112983144645881,0.375143883460339,0.431699778297749,0.477546111245876,-0.613153650072803,-2.54014021886961,-0.65246112699117,0.275279549504113,0.314296881554822,0.281003450947606,-0.0009791210956511,-1.04679300591004,-0.162385064548407,-0.240214205419568,-1.62526410302507
gene233,0.695361759919922,0.580643479227279,-0.580820709142932,0.978999385758102,-0.679800254956489,0.726448541980898,-0.269917797353886,0.67000915172256,0.53402969116099,-0.928425468762125,0.684144870487072,0.0429869492502509,0.110771908134164,0.568711740182466,-0.894359762405089,0.574016129432015,0.486520081777025,2.33905205110506
gene234,-0.12233257878215,-0.793569986093051,0.289818996140904,0.329136193560892,0.78326942165803,-1.57562368229085,-0.186063986318359,0.109406023271049,0.741687717416291,-0.674157637536498,0.614285319275857,-0.231662029168589,0.297885948840249,-1.3988562095506,-0.439974281230672,-2.41794402184973,-1.14875608658768,-0.200942062735439
gene235,-1.05156794437472,-0.110104595211766,0.437366323803634,0.4639903570354,0.857967618962436,0.317055383619965,0.255916747624972,0.35962580983317,-1.11658081100122,-0.60674345387373,1.3731153272238,-0.377526068001908,-0.877633009781508,-1.94959058513155,0.157131906938606,0.388368891866449,-0.736038817833064,-0.366951314165505
gene236,0.636652518321703,-0.43285389734162,0.862513146580805,0.991033531057441,0.734642920581447,-0.521510034372623,0.938441323657561,-0.397741228246493,0.340976381138121,-0.945971400254945,-0.236018487589677,-0.739594186447037,-0.902189513886584,0.250331739129545,0.86533246748536,-1.38528401556762,1.55618132112981,-0.0778773206330908
gene237,-0.789712513051587,1.73208270266047,-0.748973678036434,0.61854654875454,1.24565130945242,-0.808544747843543,-0.309141948211366,1.04647716985938,0.645610998376976,-0.632423341160612,-0.397606084949277,0.0817414513914943,0.322159305511382,0.255192084078713,0.952731186308739,-0.689234596262798,-0.547980874146267,1.26339389632133
gene238,-0.37087527271271,0.373739424037946,-0.168284183849603,0.291934944431909,0.835330821785378,-1.06084821533845,0.175723507035906,-0.400879680137203,-0.0450873967372729,-0.486831829082419,-0.0595947042169101,-0.403117663354764,-0.293240265962638,1.47712905200785,0.901239235915148,-0.472328582692359,-0.740994443478762,-0.02505520366649
gene239,0.124457044474585,0.532070013045588,0.843827968432128,-1.67604727910482,1.08066447296538,-1.59369868069885,0.0357813944069721,-1.35352866747672,0.326549178203995,1.02383614609922,-0.631645418684217,-0.430697826707651,0.339982338065354,-0.60421738385324,-0.266185320901147,0.434677581716514,-1.11695656804306,0.937504824934437
gene240,-1.3223162548016,-0.641737133699826,0.123255413070552,-0.329315993937279,-1.170429845489,-0.220210450583139,-0.268490292756128,-0.208399896239885,2.18019582900484,1.3001365639204,0.551646538206561,-0.570863781048165,0.571549938776356,0.956102566143401,-0.815041451874165,1.23140261946096,0.659667168566179,-0.599988067513699
gene241,-1.54607274985304,0.0590118381199811,0.345829324697355,-0.82297036119745,0.0291217500590938,0.135452493186886,-0.911975382430414,0.260982585217038,1.40654735174961,-1.98951324066527,0.70066251655383,0.0097374776795496,-0.22815066969988,-0.705140729940617,-0.208958801225757,0.293815164929569,0.300771009744327,-0.281850419833063
gene242,-0.153172992913743,0.196327705674691,1.55722498921137,1.10235925907123,-0.0227230147375559,0.535613615455085,0.263352399737993,-0.896292939671227,-0.595554483926054,0.265035149607483,-0.326781135813756,1.60365432746891,-0.838097543347594,-1.9635827671091,-1.26680403363952,-0.265791977142098,-0.362134892330643,-0.0245709616007128
gene243,0.907316332769932,0.0657730625607843,-0.0466434441717036,-0.312253550591659,0.975890221671803,0.311408002957067,0.0493299871841579,0.118399802334334,-0.0995597715725395,0.796231376481322,-0.0264093688773327,0.671087130850844,0.264482001031688,0.543739590284299,-0.472190380702693,-0.202237722572718,-0.0045280523615775,-0.755239674946025
gene244,0.551446590123224,0.233561405725672,0.980231575764152,1.37445540412526,0.531167139453205,-0.236735295194704,1.45388957498298,0.585212346531686,-1.54829331012362,-0.217858320797894,0.617388505900142,-0.828105155688955,-0.565662047705101,-1.39076063207579,0.607857196522556,-0.361626871369963,0.207665547474383,0.8181499403025
gene245,0.652393682409293,-0.980951199842595,-0.756134686164391,-0.70896446435672,-0.488696246887773,-0.12576928535501,0.301320113109156,0.279335211817344,-0.344261747952087,-0.279364816785553,0.579272425948614,-0.51096424502628,0.61675164176313,1.02988516400015,-0.0925740943579772,-0.325460512036568,-0.551447511242573,0.499739370284044
gene246,0.635646449865762,-1.77923667585974,-0.263885728823385,1.20211369223492,1.0091206845301,-0.771885882197695,-0.461890984135686,-0.461608240390097,1.22238223531621,0.613785809932103,2.25204359145221,0.377781988452551,-0.867959627012017,-0.497851201340248,-0.0781460937352668,-0.329623135441288,-0.452014284296738,-0.0600003802156083
gene247,0.425312337689165,-1.46086565880417,0.493627538706524,-0.454125857483579,-0.743680178642245,-0.277162516797199,0.423257306678385,-0.0956693983989504,-0.747176665263556,0.206404589209396,0.360850188007546,0.0724954456746206,0.0795794112881441,-0.522420118223224,0.149910529457114,0.322179250531776,0.0332575009137436,1.11000771693779
gene248,-0.44515656567123,0.269002206904599,-0.0656556797131083,0.147128163413359,1.04396109224058,-0.388189024929781,-0.0640556032479386,1.42083076215294,0.792376731618711,-0.974583254502823,-1.11160377004797,0.348879511225875,-0.556520783873895,0.4557778225663,0.103793894990732,-0.586729704694933,0.823639308886828,-0.816292466614802
gene249,-0.158471418466365,0.687515308112934,-1.0404680962645,0.167954784862653,-0.0237874200543729,0.409515350914461,-0.352926768551285,0.22911740274278,0.579212446337743,0.354403180966694,2.56255806953829,-1.62364669699871,-1.83593372401778,0.671106368957031,0.0748746239298748,0.053545445356707,0.130609167471938,1.07748902196719
gene250,-0.34886098755858,-0.464120422056005,0.576088860860559,0.0287513272726331,0.479522882759827,0.54125161264858,0.0375892933590286,-0.796035630586184,1.05011796808783,0.312940858427421,-1.07772603483275,-0.733539655903976,0.432359380127404,-0.550627906409295,0.995615067175921,0.808664033713242,-0.780974727130614,0.0329036116527802
gene251,-0.106622369323234,0.334176661533071,-0.0494486717688197,-0.660904810140865,0.595783409833427,-0.493946158375476,-0.156513178360108,-0.203575554814669,-1.53094775476443,0.774065621027929,-0.577414246647914,-0.56078071407398,-1.28658998307755,0.711784842847769,-0.0111890558255826,0.47977584975023,-1.64378793233504,0.369820973601936
gene252,-0.52594779534797,0.909910240842515,0.218950671603886,0.525934423222748,-2.01620543229669,0.226499922306675,0.140592851971649,-0.919459231560527,0.440432523044112,0.38232982764575,-0.748709707452973,0.257789268377948,-0.687247418596984,-0.577219123022266,-0.293549418846985,-0.434992661530529,-0.829699555976832,-0.377597622310699
gene253,0.389037576559509,0.211232710630727,0.672496378720643,-0.738563817935597,0.270965858784659,0.349900315884304,-0.867244506523793,0.259891099695218,0.496893783606286,-0.583105702153121,1.52088185777813,-0.402937294598822,-0.412510649791148,-0.0861049481704665,0.247593348846445,0.0690058253218272,0.381636585810126,0.306169028597254
gene254,-0.225256117572998,-0.982986055343109,0.79482283609137,-1.85709941065581,-0.889147978741172,-0.424676225931877,-0.248861463158089,-0.632810792381773,-0.7319537774018,0.857525868914762,-0.261394363633336,-0.317521392617149,0.269605975782024,-0.201998308772805,-0.0623369479018638,-0.0820025188230735,-0.712534716801399,0.557198346073983
gene255,-0.145110344261843,-0.32933636260214,1.08075896541895,0.333102895252117,-0.555050820277735,-0.171313762021172,1.18829295707841,-0.788064830177691,2.14383246012879,0.284798025404753,-0.136423858767359,0.856662816854673,0.269580121549144,1.02408248526916,1.20368191910683,0.0981276015882056,2.5634180911002,-0.505286443356995
gene256,0.227766017396617,-0.251634558439337,1.46425040791652,-0.0884344387510844,0.426168641535198,-0.79581115490331,0.10406112575965,-0.0802345609812213,0.201901532418121,-1.51879187637476,0.273818481706505,-0.394912623372174,-0.298977425585194,0.452953477556293,0.721005806472648,0.661614226799424,-0.64171344508079,0.202871277487272
gene257,-0.599127208367956,0.216955145165816,0.144146113399667,0.288339024648423,-0.237990682047066,1.72807158600254,-1.61669460599897,0.701320862022892,-0.937551808816618,0.904875602488498,-0.663523808295037,-0.450947277432534,-0.046786151034915,-1.17295491881981,0.0858122546941282,0.399893763355365,0.0120807059000636,0.0364245225894727
gene258,-0.206787831224713,0.253771358039564,-0.0776716309555025,1.42332710566059,0.512962700112831,1.14906767975719,-1.7391342008531,1.57161887513331,0.199146542390091,-0.84638114709944,-1.73078273730356,-0.550871824992123,-1.33712814317795,-0.0976824658017486,-0.981827122585568,0.158071412462943,0.106496938238288,1.67805928654908
gene259,-1.76279181736094,-0.0688078789334828,-0.990664003986855,-0.815439769740461,0.283633593638625,-0.0354463347344595,0.413933700559921,-1.54322648598509,-1.40889018106961,-0.32152204522772,-0.066008527060409,-0.629397618277783,0.367874320145336,-1.08814511767519,0.717870863273392,1.72834522784283,0.531941250088288,1.34921421712394
gene260,0.0185772722612194,0.818383578264829,-0.289274334516252,-0.551722132453817,-0.699209296938651,-1.71520206614713,-0.73372574387301,0.231738286148626,0.952944646078047,0.236296557471952,0.0996038245020171,-0.687033325162065,0.1390651034868,-0.156709775874166,0.0084602231647861,-0.0644107818554274,0.0496857328293641,0.125190935049279
gene261,-0.0299010648009886,0.605980647742536,0.0624683624776859,1.17351666666715,-0.973878234577992,0.622805749725541,0.424632018394695,-1.76968257544526,0.848743903336757,-0.916298606702089,-0.454463234305283,-0.175536484629198,-0.511196243097735,-0.666052830679241,-0.803846866911145,-1.42458424349694,0.110004486166724,-0.105256355972683
gene262,-0.169797186608288,1.44809250306762,-0.743556637811121,0.278942960042686,-1.16036429336157,-1.55540651739103,-0.268955459368195,1.46249274895015,0.368421383811295,1.32221839070537,0.319773889882087,0.126753593740002,0.0830707980472129,0.850045425016267,0.849010581565687,0.262814173666998,0.919244199600963,-0.32973310422506
gene263,-0.182339147635726,-0.199372502723629,0.195337937480271,1.01035519585715,-2.33783539379661,1.04992797911531,0.0014076059313015,0.027041528534346,-0.800261056478117,-0.418086675603211,-1.06014869449969,0.366743664395559,-0.713330634620054,0.355581744316826,0.201614621344678,-0.25912167180107,-1.00154143266981,0.965280804859417
gene264,-0.746866993064112,0.781965634594464,-1.13344967555934,0.978237169293067,-0.0917133683853488,-0.698810076295914,-0.810103315251551,0.823306039673466,0.623791793659477,-0.586282309183908,-0.772649106580011,-0.446892987941973,-0.769190806250574,1.3510801261814,1.00811453507159,1.94360134407525,-0.343454455997884,1.24558311224405
gene265,0.201978437665509,0.903814742697463,-0.642752714994615,-0.660243288483579,0.440128434874465,-0.137774256304695,-1.19590069889457,-0.541022324243745,-0.362558929955821,-0.0305108180786442,0.107426908486496,-0.235369590565472,0.0323434740731985,1.36264262517633,-0.858882829858673,0.437076271934386,-0.579187976168966,0.298952587431939
gene266,-0.113684603295934,0.102415264040937,-0.0710825185648603,-1.82309507616153,0.153287824651901,0.255395641810544,0.378919358730377,-0.877435003000395,0.365795805651179,-1.19913947093994,-0.542224835606796,0.362263144559098,-0.141245159852762,-0.189488642243213,-0.504215169371009,-1.1596452512787,-0.0392051871987005,-0.731791374656927
gene267,-0.524203084842765,0.951267171865755,-1.69734598009913,0.571734205257921,-0.417833583872294,0.897030812103662,0.295304851829996,-0.24497744552066,0.1882878628879,0.638715671926795,0.381440086538234,-2.08292265853388,-0.453162746277696,0.202187892676461,0.603173118741324,0.387172184817977,-0.765460251612437,1.59186896589435
gene268,0.777846515087304,0.841002349218334,0.801094862666611,-0.447191855506537,0.15592398766847,0.46185494385474,-0.738863088997449,0.309331745746449,0.266230270696656,0.433107916372473,-0.333950753769236,0.478340354761616,0.882040279890187,-0.245152643683933,0.20627882497968,1.46655620750957,-1.15332979269689,0.208781094608907
gene269,0.298199497049603,-0.72886200854008,0.673764054710567,-0.288667218589371,-0.0816407645647632,-0.558850611019194,-0.180940006157788,-0.435057109091932,0.216457116698892,-0.0289680465988129,-0.87464821962789,0.863268487016812,-1.07136793434961,-0.0475822838199491,-0.551068041040293,-0.286343091232089,0.477077431671675,0.25978052481365
gene270,0.0835419616097305,0.233924971691478,0.0916390264318065,0.374170692482558,1.51910787876828,-0.239406195639203,-1.03736644272011,-0.610791557168019,-0.876344221927105,0.498911646090686,0.399479742734483,0.2402709964661,-0.682179549003509,0.577023682290758,-0.360395286093608,-0.459070439571306,0.212313926954358,0.301808482723601
gene271,-0.282006544727665,0.0866556414228022,0.0404751126736445,-0.623724212533646,0.210027807474997,-0.692163111151683,0.368176363532934,-0.21496905525581,0.194294523798131,0.945930975070455,-0.536951899905206,0.275251182397748,-1.60504373394901,0.593941350470833,0.411178057196772,-0.890962868529665,-1.04953377879572,0.886541158168713
gene272,0.968301581797611,1.2983842352558,-0.863468295399558,-0.374536828168673,0.904872509099253,-0.674629429287022,-0.311645778981147,-0.273147504158142,0.228550528199938,-0.219027599714517,-1.07549518968265,0.385985217524891,0.182383035327176,0.853708669176685,0.0010548379706504,-0.643636295005474,0.805135265738606,0.936800988698444
gene273,0.218125763941593,-0.438433800629547,0.592111412128414,-0.208894856200395,0.414580802972425,0.329617541585736,0.632814457686275,-0.657016707036657,-0.563285007513505,-0.599170925900378,1.30412303106988,-0.678700554558693,0.176544772027012,1.00478725855709,-1.00736662591694,-0.358545285383677,0.168222838941938,-0.593822773871679
gene274,0.662487793079174,-0.1209543677708,-0.279267198459078,-1.37154820459308,-0.0941013489992463,-0.648942186514326,-0.768539437423455,-0.217313942869478,0.301504353164173,0.0770949747443966,0.807198572584222,0.707474024501417,-0.725414167385643,-0.387692175095938,0.765475906390986,-0.545478758870327,0.524868969653801,-0.517393434983581
gene275,2.25075855066947,-0.335524540443857,-1.09621301618163,-0.839837825889952,1.00748395294767,0.737381402471861,0.676079558005036,0.287060758519204,-0.342080576255133,-0.385346674983762,-0.254617873405809,0.720054399280213,-0.497509855361325,-0.309909294289105,-1.02870461864834,0.0911002838727719,-0.663645883677026,0.411840718662986
gene276,0.917406034297394,-1.71166769245697,-0.335689406358629,0.621161109156238,0.765522445337447,1.11016114816922,0.798482562478235,0.156201319532482,0.11414547998562,1.17910108287902,0.679892729416173,0.250885979468086,-0.0942800222637169,-0.934087573589641,0.486547332903942,-1.27640250006773,-0.0533017927504224,-1.55518064039072
gene277,-0.415030259252278,-0.344158995553607,0.358255667638846,-0.899463786618844,0.122000953164099,-0.032534077064921,0.691989687393451,0.860263016008331,-0.0755392722246167,-0.527719951941556,0.0143484861246194,0.798771024361244,-0.461648960583753,0.554275739304536,-0.637928216362011,-0.0559056254156309,-2.34584911998807,0.595445142571418
gene278,0.747839501307175,-1.67814004271909,-0.0418211870390665,-1.00099545577121,0.0136127274261125,-0.346491705590485,0.664986301607806,0.589834519122796,0.944592606043178,0.626266017458571,-0.0169913107654556,-0.976801275625038,0.967386185843229,-1.30898902763859,1.32001091102155,-0.0577733938300494,-0.353087166312659,-1.17909739498319
gene279,0.431797699292524,0.231080720098562,0.420273340266919,-0.678649661596866,0.500845633588754,-0.771334519871144,0.30181441533972,0.20057683913608,0.140851180557317,1.02582238069281,-1.25869211980342,1.61880294517785,0.670152607957833,0.291523901343913,3.04307474714521,-0.214932366807891,0.321339455815984,-0.26417020141892
gene280,-0.250310986163386,-1.2928952162471,-0.291351435261054,-1.21977354417223,-1.7043415855097,-1.15373004231667,1.00490618323147,-0.0245326067420723,-0.588889630087577,-0.152463816411355,-0.727405947491029,-0.131226964658211,0.558304282954766,-0.643967984480218,-0.171703130452243,2.18522951585297,-0.193327594405611,0.141682747782743
gene281,-0.547959531554478,-1.04593029207126,-2.06689858132421,-1.42613369305099,-1.02160480006153,-0.982052483554838,0.909933341841801,0.829801267096756,0.480554789285868,-0.272195896375688,-0.322327330802051,-0.10785236759311,-1.70561614556663,-0.807865743960454,-1.41685717122667,-0.340160190553339,1.88448616902589,0.71812806249747
gene282,-0.0708498208029917,0.498069485928783,0.175665800335914,0.117441539370929,0.511427647882814,0.0190771531211422,0.192451290051842,-0.417520415870106,-1.38406537729749,-0.779132309205043,-0.927472425545432,0.330102387043984,-0.223738469450801,-0.916240576338938,0.358072809268805,-0.618354598413234,-0.0276991956755495,0.0154026121789835
gene283,0.982246558365974,-0.631412433587497,1.40046708483854,1.5725149358868,-0.22143648671926,1.36537960293331,-0.058953407043169,-0.487269510485872,0.757056623379846,-0.647507375669204,0.776823068087399,-0.441339891733,0.894810659864436,-1.26075494407573,0.839461793202304,2.17891699783724,-0.998082722143504,-1.69254558280384
gene284,-0.449338985857926,-0.885567242814423,0.520273420127697,-0.238943084997615,0.255482852494884,-1.95611688678349,0.0811616492921833,-0.0499504642018752,0.353318522868356,-1.32191159678332,-0.478836494935977,0.29613291867251,0.673864303347335,2.0289314238727,-0.620653850078447,0.111576910654197,-0.979401869027007,0.753558180391159
gene285,0.410928076420643,1.05566892061806,-0.591393665723784,0.290793937239808,1.22075377983727,-0.217527665864993,0.384309485916477,1.29537809500547,1.02805098758813,-0.302685046234658,0.130119537139634,-0.797382122414765,1.666371969371,-2.0867755146693,-0.395402060762494,0.297330629432534,0.609817074549873,0.764161293072572
gene286,-0.24108200085084,-0.45397660587235,-0.150956863040895,0.14818831118906,-0.787880315975252,-0.587277894134912,-0.10026001866365,-0.605378412998672,1.10050315563418,0.390895216431879,0.769044032363615,-0.581677673173477,0.575171937397114,0.755462756608182,0.117779532917468,-0.602108710742221,1.20153681425182,-0.433657179686821
gene287,1.46452478032812,0.125250315926001,0.984155954729283,0.105215191059096,-0.287305955305681,0.32389302137381,0.517340702620693,1.74399986019478,0.726016349673958,-0.886289495334937,0.273268488794953,0.705969691157678,0.681716592069671,-0.774032175253536,-0.400709296088748,-0.292655350176621,-0.209693002395191,-0.0579422275889113
gene288,-1.66681171431351,-0.174316187355093,-0.302354121911265,0.384485043747386,-1.43276497018809,0.279883722163805,-0.140081304408483,0.360432821045863,1.10852848007364,-0.526674019059849,-0.10054715462448,0.0933895220003409,-0.251130768228025,-0.425711308092551,0.271193583074906,0.669951554086695,0.99876672247667,0.789264989149084
gene289,0.34730119995518,-0.674128929848595,-0.718397414797793,-0.390503412375995,0.446700728155577,-0.311052092909109,-0.56057519106037,-0.161783474201194,0.122733576045439,0.353811398681854,-0.293425533113369,0.175822373237878,-0.0763033967930125,0.847140602214552,0.385214172898074,-0.281768244838359,-0.343808535138507,1.29910258710133
gene290,0.932808692576299,0.686544890152629,1.75376820612271,0.963218219456549,0.261673789939755,0.0577528342673472,-0.367684668774663,-1.43700689940521,0.932740827826253,0.0758087744431923,0.934195774354128,0.0621281646493376,0.168558731061697,-1.35519490376404,0.200646763665386,0.778335171498332,0.255931550603397,0.263254025378041
gene291,-1.9438069636024,-0.0116662322583704,0.780076222776035,0.29624216805072,-0.448937516158119,-0.0993344036138788,0.552247020985819,-0.435000077131761,0.0961981800192381,0.518628231490339,-0.846151312221406,-1.05887840201781,-1.73447315932714,-0.880641437869288,0.0403964418467374,-0.57420727499842,-0.370504181819141,-0.131583751017018
gene292,0.0732807736153157,-0.530890609187091,0.366492573539707,-0.69389041547788,-0.286985313467724,0.203930040958519,0.246306928908725,0.359645128878513,1.88464613078246,-0.715319739182184,1.28790937652843,0.0186922630730351,-1.03203748500915,-0.0986766290198187,0.885707931398508,0.015605575229752,0.676995261627753,0.976473558115805
gene293,-0.698843418792327,0.337998786843044,-0.198684400834089,-1.00595453652403,-0.468344914632944,0.617134776039107,0.0200713088570201,0.0266648411411009,-0.174944529245637,-0.455007518387495,-1.80966628561316,0.361975730093766,-2.09773070130006,-0.908463360860313,-0.737552433288679,-0.375104151146073,0.148623224608182,-0.0334937861973875
gene294,-0.733143878049094,0.788396551027236,0.864017365697274,0.196646007609979,0.544198588994946,-0.571572680259465,-0.0020465788810692,-1.37645739457192,0.388203090731661,-1.02019243073382,0.578455346184977,-0.662320452834748,0.599793400413055,-0.792273709036191,-0.0657463167280729,-0.205342005636915,0.300568922759184,-0.474719252264707
gene295,-0.224408858681524,1.82466341578976,0.470498492568951,0.235032971938943,0.386047988774287,0.231267001768928,0.0192562513058708,-0.569023359383873,-0.161069972518037,-0.243012690376002,0.371704078402604,-0.432110559418724,-0.0260400076600678,0.288753146369994,0.416079816605106,1.69288203523984,-0.121841529529383,0.189186721388607
gene296,0.86989025056363,0.528431190809902,-0.179577258359361,0.564390301963083,-1.96630753575855,0.134927845239367,-0.880022080620824,-0.347858447201506,0.78265606786856,1.20179267921075,0.144313136909013,0.262655753063658,0.0474807234509472,-0.702961873857503,-1.3354825048957,1.46344154161927,0.798275090449638,-1.00783726244503
gene297,0.258844450236133,-0.318569158031652,-0.592739855926374,-1.20931554748515,0.676976289576278,1.2285389753456,-0.636777352652621,0.404520599827887,-1.56660753618368,0.196806426343114,0.256375210616791,-0.076861072449306,-0.14843474333165,-1.29087333432323,0.482501557645239,0.192530530995353,-0.548963981766572,-0.828822209878134
gene298,-0.0994427019950472,0.331804816668579,0.795764349496474,-0.728211318832329,-0.573318006113776,-1.9443800847758,0.186613865881943,0.410334446185475,1.16586094715611,0.620193949499924,-0.543600834762081,-0.0623734821790169,0.162366954924691,-0.581031919134802,1.0478431287416,-0.228539361589234,1.40945876971121,-0.160423526436037
gene299,-0.111490442117314,-0.422430568327627,-0.0098407398157227,-1.15469951561904,0.314763192476369,-0.0405018717798636,-0.114584616606777,0.262373685665958,-0.462511036459394,0.466299043220865,-0.0567375615351023,-0.225444524197661,-0.0107616654457025,0.292907435160554,-0.720732603001786,-0.0125591902580497,-0.918111023874521,-0.164856437969747
gene300,-0.328378512921821,0.123295437989738,-1.26495690842086,1.38757768811847,0.20534538073376,-0.0464663076193375,-0.717379756649569,0.251987963639706,0.810467328469287,0.016494862783024,-0.458058563511442,0.498478845455549,1.73960911824274,-0.0106567348182398,-0.302937009373748,0.681549454162237,-0.248429800520729,-0.013358593066456
gene301,0.439888271039468,-0.258525351294825,0.617399635737723,-0.628979530716193,1.18213357804064,0.429974168239491,0.480377879178349,0.109048283616097,0.145600157701677,-0.231533438225905,-1.31018980403311,-0.128294180840738,-1.75748106579811,0.0653790673024721,0.757652929963543,1.50949940041568,0.626659709762233,0.301864325314811
gene302,0.958194324035703,0.459542363671996,0.478908542155483,-0.223725151889597,0.225248611164609,-0.490384219827143,-1.07467399365011,-0.940856249986612,0.294049508265928,0.348577778958083,-1.0995466402343,0.260027504203389,0.0288041818072668,-0.0357361549238598,-0.798720394375849,0.0774810916191127,-0.691298432694047,0.406416579401601
gene303,-0.604986262633049,-1.01490900096092,-0.0074599866043774,0.141497865158338,0.545442589773715,-0.715900666794923,-0.428712775097721,0.104263514018336,0.220500494462338,1.3176840571896,-0.154431550109577,0.0481013382012526,-0.924327006175628,-0.943474870217424,1.59201115162664,-0.731811141781444,-1.05342094063992,0.265983021621972
gene304,1.32436303941632,-0.0794797495042054,0.100440154523308,-1.19913248799439,-0.561808711894277,-0.500331821644126,-0.612280172094216,0.120050531341534,0.581507418457091,-0.240792244926152,1.36448719669383,-0.265211981739374,0.237556526516836,0.669392967181758,0.417608910619369,-0.947467858888042,0.074004328287876,0.501218544388821
gene305,-1.47401144545995,0.964023915031,-0.257161054229724,2.03313718464965,-1.11270627118785,-0.579420488152657,-0.409009632077158,0.186465099961654,-0.0500891682612906,-0.35079872356157,-1.57260409266902,-1.197226452383,-0.307312626337154,0.439077771831253,0.11774399844281,-0.143493569123332,0.404690168756219,0.477537059326507
gene306,0.836204704152615,1.08080083611763,1.56527502921731,-0.502718026762808,0.260813995904124,0.449396779975935,0.663349203834335,-0.0409144308459258,-0.363370342966971,-0.14653525130017,0.396488484277422,-0.0945852456832132,0.572969956736172,1.10292668268523,-1.07101123804255,0.67126389266657,0.791044294887096,-0.775608471819465
gene307,-0.451591411062898,-0.489126830663432,-1.17485708243605,0.0546086737608659,-0.93319935572946,1.0665245925922,-0.430639005412402,-1.14884931232636,-0.14689578197826,-0.0117410066172907,0.729399303489468,-0.0351235875519508,0.106025205708124,1.01716429983522,-0.285314390068763,-0.394798676752647,1.16377185905032,-0.608750492871517
gene308,-0.565917827346057,0.872699427629817,0.225993570929023,0.0457354205656182,0.263943679145941,0.124673344223551,-1.20857058276007,-0.0661058447289811,-0.756884928453975,-0.152437851907687,-0.973866921891774,0.0723269432324538,1.71718320527257,-1.22391463950352,-0.47376180312014,-1.13028608669607,1.07702229903936,-0.948109988341622
gene309,-0.20079805928415,1.34819176745484,-0.112075972550634,0.454534187598154,0.233150700994456,-0.0813581516783668,-0.276396747134129,0.167772932912757,0.185372994248788,-0.0432344983394457,0.166856791445471,-0.893277567534504,-0.765923348510377,-1.25321100344645,1.56160600703093,0.623511835435655,-1.00549298616016,0.543557998341894
gene310,0.974764009621916,0.782755137235531,-0.480405930957506,-0.36267962492467,-0.363603818992914,-0.701811133458578,-0.373886411983776,0.19641666208485,0.793788328158081,0.491952002453339,-0.193504721402077,0.529463320480338,-0.850423544352872,0.937976821667298,-0.810848479899244,-1.16973043000422,0.0618979170341288,0.827119009170365
gene311,-0.266742484265908,0.976909231010897,-1.08556207410144,-0.684699060941813,0.318584696418154,0.62787997230945,0.523410786485122,1.26588328159949,0.435252179955734,-0.0317217172645724,-0.0421673651938974,0.0042681608369489,-0.743632152409001,0.390620074922055,1.08050454666598,1.69733818953318,1.05482526150786,-1.45382535477999
gene312,-0.285447219207664,-0.348692790995917,-0.4716177969141,-1.08896065455828,0.580954126205831,0.244961309433699,-0.626593963668355,0.145662465774637,-0.01991035314212,1.0996074185316,-0.390292061902662,-0.309933863405594,0.836429140923515,-0.839016927415119,-1.38025774203764,-1.21688119133528,-0.543566247931704,-0.406071862371706
gene313,-0.0073456134607866,0.0251038478265381,-0.456471181168444,-0.588622710817198,1.23997360017874,-0.101524354091365,-0.530622655819302,1.30234092609643,0.756644696384569,-0.176406430108402,1.07344146886271,-0.808223078225413,-0.123547993531168,-0.460718606862274,-0.786105561233988,-0.438493822114685,-0.247791523667423,0.799635418275615
gene314,1.06783923986025,-0.271744574300366,-0.922476650608911,0.503469250032384,0.252214232975496,1.36469383277559,0.143849523036422,-1.34598101503826,0.258254427331079,-0.988474157199918,1.16044354520917,-1.84945553022064,0.332656234136813,-0.821545253626336,0.580454447685433,1.129719884576,-0.584060902747572,0.440284776819863
gene315,-0.0231799622805602,-0.231856167789369,-0.699766417413099,-0.492970633333278,0.644419614479797,-0.639283290845244,-0.248007766256806,0.896943287267186,-0.853460064948872,0.560395883909679,0.537045032027445,0.424724878160965,1.06108077087322,-0.560881126650359,-0.678700117104046,-1.51951775415205,0.0400828911657956,0.363043120501053
gene316,0.73729058375958,1.27377456145903,2.03900153726392,0.373702120468696,-0.016448754634027,-0.053268858224516,0.0180840347413795,-0.302878026216872,-0.253638234232772,-0.0485057421416978,0.343078044849242,-0.0619596477816553,1.80945558808583,1.28429795952236,-0.367204307255304,-0.797033049413731,0.818387744765894,-0.274709094283885
gene317,1.67652076771337,-0.438720086656723,-0.56587084000485,0.119311244739606,0.349727788523002,-0.284603720489391,0.453562917445569,-0.0317672278576494,0.0591561155909512,0.409193807071769,-0.493805231481244,0.658260232669851,-1.23430967015589,-0.541041337532662,-0.403472139163665,0.104483222532814,1.70303570256178,0.300426850157209
gene318,0.0131328357619895,0.33215958451744,0.25999933435029,0.296072098712268,0.561394397018744,-0.327337023552355,0.082110050905284,0.314494737602879,-0.424274359758208,-0.0615441740955837,-0.0707719974550206,-0.541107148371723,-0.469569724278855,-0.0845082075552666,-0.921525241022377,-1.79012276922376,0.4280066325888,0.0175648440594756
gene319,-0.412447278165484,-0.529687162581813,1.37584563879651,0.0745332407742421,1.06336075640016,-0.422760199960191,0.0459644025991479,0.126626934124197,-0.927492577418539,0.0083230955274829,-0.390773362818463,-0.875200037134704,-0.0285637810150148,-0.0950127919895118,0.254724679160705,0.118024586700111,0.0833457847824836,0.779430815367515
gene320,-0.097708400703009,0.287568233458667,-0.163787483917529,0.427839060203489,-0.16860466843774,-0.285700190508502,-0.722304871093282,-0.393346260401618,-0.0568318076566313,0.702027056412554,-0.0299147200468324,-0.379149904938684,-1.13737019280566,-0.820625454329642,-0.129241447090531,-0.24567132147698,1.0991166582523,0.914634597789917
gene321,0.0339655205215424,-0.365049006294874,-0.307058551595496,-0.398982501266289,-0.0661226389251686,-0.0536486106820346,-0.528693839228913,-0.306834411735297,-0.360940556858566,0.732662858821156,2.15454256106844,-0.972282136267641,0.0868589070970237,-0.321059087470077,-0.504368171667157,-0.831397011667116,0.159582722543107,-0.687022949073059
gene322,-1.33182252886795,-0.960029913188314,-1.19736711217812,-0.294588826760556,0.998053004004792,-0.305614668760672,-1.02771699910821,-0.221735082966331,0.0882646256494745,-0.112481064298954,-0.567203010837296,0.0073422379535834,-0.194607803998336,0.216840967814547,-1.04458445278441,0.94474209759315,0.682666169691322,-1.106845975754
gene323,0.175241444360906,0.0783635328943304,0.75193173298721,1.01344034488604,1.39483825015226,-0.0172859529250951,0.377687477943369,0.0578468987640271,1.1723198762369,-0.473615770884463,0.83176023824007,-0.230454686749543,-0.381548460583752,0.695490301690608,-0.37843366103276,-0.879070609384475,0.500943234322403,0.673923948386763
gene324,0.420317605791203,0.391986304938007,0.158772419687703,-0.829444528152276,-0.676380682746147,-0.81425151291854,0.459654918924708,-0.263841188671593,1.36192073379167,0.140086380189885,-0.0018404135566888,-0.479580866264017,2.07300220117599,-0.177850594243276,1.32206315645786,-0.257738812932919,-0.012293980461501,-0.185109897943018
gene325,0.979352735522128,0.870764853805041,0.343203659630244,0.105390146648279,1.11782047578055,-0.545335220413942,1.80038127029708,-0.287668829332846,-1.05041631593412,0.152876968090023,0.545171937224658,0.33258176237498,0.228731582657986,0.109762953309686,0.243749076047499,0.099850378459667,-1.7473655000872,0.172138604915873
gene326,-1.03120806224317,0.597432056041435,-0.467472396073982,-1.3836454351924,1.08089909686605,0.282603540434622,0.149136416771246,-0.21063895555601,0.205514581806307,0.833621796628834,0.548663167904112,1.04342151363388,0.619484479255654,-0.937766364752642,-1.7196904923685,-0.0563653073063517,-0.220881898775347,0.104747044777158
gene327,0.527189212206857,-0.365329329985164,1.33676761701085,-1.00566517870734,-1.02384376891555,0.375440415192902,1.30184561415941,-1.01398189002602,-0.26041985613871,0.562249807894404,0.0489398087395983,-0.376805602463796,1.29888319055672,-0.789896307262361,-1.84797432023508,-0.407977760008118,-0.481581542202734,0.102937188804938
gene328,-0.0637326897207913,0.650375852300836,-0.263227395784272,-0.0585408306272535,-0.228893905863768,-0.375324640793282,-0.0659340662130626,0.268268581581189,0.999984713648603,0.246242474643984,1.05646829177511,0.874003863119627,0.217914227884116,-1.04160118567864,1.6983451309268,-0.451785691035103,1.20593393431601,-0.443623166961987
gene329,-0.0103273971243166,-0.344825279445602,-0.682689029559222,0.181238704012587,0.931219769582914,0.920511290113077,0.77629307801552,-1.00751349216875,-0.650634564221594,-1.64201233074706,-0.328255914602114,0.494453914904529,2.20419977093049,0.685530318364706,1.73459752176974,0.292596046257899,0.652771979010315,0.258971703849817
gene330,-1.28903474818143,-0.520151875726062,0.0973728609150521,-0.656442621715477,0.60584400939848,-1.09774412879336,1.99414925049229,-0.774036260042677,-0.258229664962313,0.85444237006546,-1.71978464089556,-0.490629798023646,-0.920269543914454,-0.402042134366802,0.10689241682768,-0.0167433139269834,1.35113413734486,-0.0719491946949128
gene331,-0.46745053630821,0.678492853064129,0.0046790420754188,-0.47446254072999,-0.380977077440517,-0.0998303584242736,-1.8167960340551,0.470155966770602,-0.0506359047516749,-0.517042457726603,-0.0466665897484251,0.957124810723566,0.364198014570079,-0.443313531559612,1.39561775933867,2.28117314202632,-0.322628006498127,-1.02444184059273
gene332,1.42065808377833,-0.395415293971844,0.413745812587115,0.509654639390713,0.863992174576459,-0.767782890299241,-0.647944988681974,-0.240202350748575,0.530997493851999,-0.390617107578655,0.478490485418903,0.0045552561858372,0.0290126535349846,-0.101308617089222,0.259186433795067,-1.40873886256892,-0.362747023467911,0.295784103273838
gene333,1.6672746573843,0.0057729516060328,0.585735271703528,0.212847092201796,-0.659678401325349,-0.423270790366571,-0.0142942290892923,-0.301146998674559,0.0192911827222997,1.50404790269038,-0.857760963621843,0.561965015611202,0.363617713507274,1.27423850542792,0.344358137592083,-0.337787666793389,-0.195231100151728,-2.19930567513317
gene334,-0.672618960022522,-0.508539297167149,0.576108583579547,0.187119100619335,-0.250042047799912,-0.450928410378071,0.385986846937507,-1.83718959865818,-0.114449041044617,1.20971712117372,0.185118219768208,-0.0914705955156967,0.786978431246766,-0.685088469603069,0.0364977363614164,-0.156855158857737,0.427650927720384,0.613735485892239
gene335,-0.0967808076436656,-1.33041788336261,1.09481217238189,-0.681338987752499,0.0115841375892652,-0.0705917701631947,-0.524437569192655,0.682470150813689,0.0724056290884632,-0.287729845023292,-0.763314439734921,0.0861114745549872,0.478311491475748,0.907562645376019,-0.0683090269177962,0.267462684542121,0.858495732795204,0.49713143567325
gene336,-0.918514844596497,0.13797120255609,0.764489639043462,-0.872154554715138,-1.33624217634183,1.19870673807582,0.888101197674071,-0.136965566764272,0.133654071239195,-0.462075181033998,0.254963952680415,0.10059542047007,-0.422232314756418,-1.03945595027024,-0.486925103479492,0.250797895721024,-0.827358127999302,0.474070471992362
gene337,0.0229366344707087,-2.25368222634922,-0.485011348238002,-0.695939210506472,-0.137732544528211,0.606841895893455,1.21579249049613,0.343183445814316,0.101056395823853,-1.22059234476491,-0.782768215300142,0.50914319252424,-0.554775053961859,0.713313759224699,-0.160393442945628,-0.377080913221069,-1.07131306251108,-0.247977966304396
gene338,-0.769668010335015,-0.138428512355025,0.257550168716434,-0.268705675033638,0.425963081213573,0.839384547366096,0.57809590523799,0.400930041675103,-0.509292347968542,0.0828616994089707,-0.111856302092884,-0.206961581146935,1.27081548929351,1.32202291621728,-0.0572254183161518,-0.42510239871283,0.433359230549409,-0.562764070061694
gene339,0.771603108202985,0.0099969832649327,-0.0463074177433644,0.0474035530983628,0.283858830996618,-0.489265092839495,1.16329247753467,1.04548646356083,-0.31568567304481,-0.55517972666486,1.24218296401219,-0.0482573693784458,0.704392426890431,-0.308197248163292,1.02752875161089,-1.40906226066931,0.389573747578339,-0.694608614354081
gene340,1.69817907588482,0.6410359449505,1.50287849011182,-0.136123700237417,-1.09143982002258,0.469550945169855,0.911349866901121,0.703555528838679,-1.54056918714813,0.170837424753991,-1.0721959024381,-0.0057823408027634,0.809739514295979,0.333868416548812,-0.452709120162993,0.967328721904916,-0.294523677941096,-0.198585628905642
gene341,0.711923994942459,-0.584287420837604,-0.022803709864873,-0.554719636428181,0.540986484612713,0.149671175417705,-0.41020128105599,-1.19858492315436,-0.596517448302772,-0.219211896194991,-0.640961944242071,0.0544277657128986,-0.506906045285529,-0.812381120113997,0.95622361957306,-1.42247478088799,-0.736155747928955,0.951812493910508
gene342,-0.266428172963233,-2.10942843380189,-1.27773778560515,0.339468904157487,0.929748795549023,0.870882194001261,0.196851383115004,-0.0129619057972086,-0.170159417643111,0.924782182730299,-0.570375990291056,-1.43692032839612,0.318712768485065,-1.87177574556536,-0.953993607746018,-0.216400286523752,-0.624783111896735,0.521902390152483
gene343,-1.2840456653402,0.113116923439194,1.00018396363363,0.321886541967948,0.0101328243269629,-1.67146269592101,0.550753735784557,-1.06333122537156,0.656537330778094,1.15857617889021,-0.987140946823998,0.504337143748622,-0.183846946055825,-0.0183427546140498,0.172852221672223,-1.04565815806175,-2.16593680950548,-0.641552071051512
gene344,0.0816758101966466,-0.763981431005549,0.448269992896004,0.027757160181766,-0.506503935969094,1.39346501875966,-0.182043236024346,-1.69847112403854,-0.99765069617789,1.44179706806249,-1.4202440416029,0.045269659212539,-0.198758825812115,0.512633739691618,1.00037559161349,0.622135438671219,0.0344314517939475,0.577670786197017
gene345,-1.33012766571754,-0.308415737496584,0.337966350290319,-0.202002281409561,-0.432932919630967,0.521253382458443,0.810285405467839,0.700191795151042,0.163870168721308,-0.590724518262456,0.323541691746479,-0.776948342534288,-0.517201650938918,-1.92826968844216,-0.0673085957831494,-0.519448719087981,-1.90539463295477,0.466235212618495
gene346,0.900686834585696,-1.46856285666031,-0.345654334814801,-0.314597624159972,0.0668285639241415,-0.666140083819618,-0.846183742994728,0.87666673347543,0.665857252334866,0.522965038287049,-0.0231162044786571,1.19910190188299,0.222608297252844,1.18756593994221,1.20898365106399,-0.708451694267247,0.99173577878235,0.537446459806915
gene347,0.570559066858058,0.140063729058255,0.0261022279653611,0.11176447990958,0.238933038929442,-0.103257027715695,-1.67590171257081,2.10476232502769,0.171021486712768,-0.950297787281676,-1.85936247477179,0.415309541887452,-0.743555469344997,-0.0346282337475973,1.27027117199193,1.43923832877216,0.411230050066091,1.71613427842236
gene348,-0.60566445501988,0.109897852062093,-0.336188858268269,1.75326255095699,-0.51060164599348,0.73109825671838,0.415047477534027,1.06960776898431,0.397541587806274,-0.121377440243245,1.16772214879111,0.671319172936901,-0.434048631972191,0.551495268684511,1.832340793462,-0.802271840038295,0.382799826424962,0.394657889337488
gene349,-0.0830026527100327,0.399940975544801,-0.0101953350333627,-1.94894891776053,0.192291075409921,0.43808434937438,-1.05699325444306,-0.0985215801841223,-0.170619503208688,-1.20493461225616,-1.94391877035269,0.812648957778437,-0.0581483281315075,0.52603601976357,0.0306849391445528,-0.425139680308457,-0.458785761690527,-0.0475204526701893
gene350,-0.107965273521869,-0.79259176987335,-0.465852154077346,0.237055163768764,1.03353482069625,0.859252923741622,-0.562996561331613,-0.945430848359337,0.254641636198733,-0.125326134846781,0.766837665859822,0.453655491738629,0.102871185010858,-0.116917496844511,-0.460164149990926,1.38570574837312,1.21890926804569,0.304103234916032
gene351,-1.35379983489223,-0.386051448211318,-0.83103753597629,-0.711819951296089,-1.04645334442801,-0.0746939333409598,0.470210045677891,-0.410042208083375,0.0215837602306042,-1.07605674528603,0.972837963844731,0.445017959908284,0.648158298639602,-0.286241898634191,0.412309675720215,1.07029165485707,-0.557728165478586,1.40998536159511
gene352,0.187079792970104,0.338607316753667,0.63762615786617,-2.23706108368795,1.49463501504197,-0.829902200908888,1.10273349654846,-0.63192742133068,0.494129336887428,0.176811225888742,-0.145531198424415,0.243461378547377,0.843992412507404,0.375800860754621,-0.565743886374349,0.169610708708989,-0.413899823916213,0.646854708399247
gene353,0.264800728616433,-0.829361984290756,-1.28236952984957,-0.253320684226025,-0.703461166048066,0.97677528371636,-0.326050111675272,-0.967626292179493,-0.468552353039798,-0.0689371871306799,0.409617726609234,-0.137852336417283,-0.0926222198491655,1.27059412166242,0.381273825695586,-0.45741307377615,-0.296211669815498,-1.06002748568556
gene354,-0.565761626702898,0.425437786138142,-0.870530106191303,0.465057813475787,-0.203779521395889,0.27886778442259,-1.08508350465971,1.11630477598587,0.449305695167462,0.26186455109651,0.611980856586529,-1.11027576531588,0.244858822380147,-1.00454181861496,-0.568060045958061,-1.64055554686365,-0.73986742617892,1.26890150208106
gene355,-0.622757202668033,-1.61312871311469,0.308074619086986,0.691943527295009,0.347601090119165,-0.87784964652235,0.295616452372129,0.172146216823582,0.97276919375852,1.01057205025043,-0.717040009768167,-0.0022444541987491,-0.338435148569686,-0.951663064128725,-0.29996870879373,1.36166607391836,2.49489761832522,-0.069286905462828
gene356,1.39658493586697,1.34963480926906,2.00031968123456,-0.166063725538051,0.467620138057632,-0.212706868174977,0.409537766097356,0.501816611352993,-0.177487047673851,-0.344813963485396,0.0998716033499292,0.176099936622529,0.232764243400131,1.45879163081976,1.45315413094275,-1.98797765631012,1.54157071847845,-0.416668179025684
gene357,-0.746633340431646,0.243188868865465,1.75361570841626,-0.395649911065774,-1.35205019749765,0.645584544070008,0.502303346021262,-0.434959661854546,-0.205393812815017,-0.212654250141767,-1.38486787387277,0.2016923968049,0.118615627164009,-0.204938158675609,0.371686496581393,0.269391929407105,1.43834473349515,0.805479201141071
gene358,0.21393365932239,0.174493916334166,-0.173436831495555,0.797664753932347,1.0034370573627,0.373662332923075,0.508334645986849,1.58185365304858,0.682559732228992,-1.07242732413371,-0.833043568575995,-0.0201882593302009,-1.20875586557898,0.328374850697399,-0.221516319945701,0.140318107794932,0.984106306504935,-0.287833124650315
gene359,-0.0168661598668141,-0.448375408500961,-0.121336848837528,0.0933129464607541,-0.58405703132349,-0.648823440198463,1.25555097702239,-0.380241558535315,0.461240107778927,1.32690959130407,-0.479713001461325,-0.906720373596776,1.14795421264292,1.66403698596951,0.44810487518375,-0.915054054415176,-0.117764795999077,0.998484089970151
gene360,-0.489276438837121,0.531627450420961,0.533794468317116,-0.265926049889841,-0.123624545706377,-0.379342956630649,0.368873396581111,-0.503393660870472,-0.278310503402651,0.903461485279838,-0.639435058576141,-1.05019250849752,-0.853166376466568,0.515189559919902,-0.357478507351439,-0.220048865929615,-0.267925762090286,-1.06178762081728
gene361,1.30320206660993,-0.696649693225581,-0.64913662068352,0.393869181709025,1.15279054004612,-0.155125986758364,-0.405940931718803,-0.305924055538831,0.177925345474052,1.65972810430333,-1.93476664043241,-0.237268985068596,0.0874718106915214,-0.462769576758028,-0.108814096408531,-0.404002359063974,-1.46379907514987,0.141790884558838
gene362,-0.497106239388124,0.474522701002626,0.810047461275122,-0.887453528669088,0.653800628486785,-0.413259388058944,-0.218881729599807,1.12754424208854,-0.350679296289788,-1.33470985724308,-1.54388628272673,0.134395785215384,0.83320801149649,1.81691912718775,0.979584143284506,-0.439577437881402,-0.432136471062699,0.387722129754751
gene363,1.57392316246709,-0.292092072307478,0.829768346177513,0.475970590178798,0.273754698457592,0.838801519776182,0.691506952516277,-0.19404434709081,-1.02967556683036,0.575178806762302,0.0050610381758079,-1.02045187484159,-0.583293117124372,-1.28986402463732,-0.450758280537989,0.637442480724196,-0.299908296576619,0.601411298676527
gene364,-1.08622872551788,0.364655131725752,-1.29225069137893,-0.362511261139325,0.0580141056092727,-0.374398354493545,0.0365559759357145,-0.0068735068945265,-0.189000142850213,0.577566758869923,0.296366736881044,1.03963324092775,0.190873964900858,-1.05146015005914,1.09132510576465,-1.84981423648117,0.391874681563857,-1.06393697852113
gene365,-1.29069489337426,0.1253397012827,-0.338202855765342,0.750015271990585,-0.407062795358245,-0.0118998489941396,-0.477218182203365,0.525625478675903,-0.588805692048732,0.116581799164562,0.92043377678941,0.0320990945276319,-1.23848245604033,-0.17746167927627,0.200148598420816,0.893789311437452,0.221984216545526,0.347669374349773
gene366,0.181896623834014,-0.583036610351,-0.191485775893351,-0.532764590227342,-0.0436235319675893,0.343600181563193,-0.848391748098271,0.297560704098467,-0.526075326007608,0.159877104755263,-1.01967306377577,-0.433224571987591,-0.487410217106683,-0.0299535747341818,-0.30592170218304,-0.800300858152425,0.982473176209916,1.86298347851538
gene367,1.22936341698971,-0.28915354397305,-0.678912075786085,-1.51011560766385,0.0554516111853506,-1.53194009840985,-0.338352390973151,-0.622642254652296,-0.462532069192859,0.353650989061854,0.657290902300861,2.28022115802262,-1.59613035995517,0.201092567773813,0.365458268188627,-1.12080248257562,-1.41800218515881,0.570828584157781
gene368,-0.226333089584709,0.424200311767084,0.386061677897801,-0.315750777305739,0.134112023637321,-0.879574368988828,-0.315739699476359,-2.21358481057774,-0.868866708819442,0.315430130036815,-0.207199688108683,0.533032368910391,-0.458668838462699,0.620055237948211,-0.310811501039748,0.240169188018845,1.1170705892248,-1.33257659913645
gene369,-1.17962211299998,-0.377048448669282,0.181238766602555,0.0239406844878678,-0.537811714582022,-0.511052695582245,1.14060749614343,1.29313338976003,-0.31095823948229,2.1902380846263,-1.12622350189185,-0.182879293928266,0.519425443091227,0.438906373503909,0.214376598430764,-0.137976726995476,-1.67991755871307,0.67494342250537
gene370,-0.23386683416754,0.206895835015198,-1.52099605682982,0.741733402835666,0.317447637758629,-0.647281596614478,0.534049584971498,0.0817538655663704,0.729828565037174,0.259310526908542,0.227968410485283,-0.785554539713584,-0.464935907349979,-0.985215160187325,-0.39269204024923,0.145905556872888,-0.431404106776175,0.0106239532150727
gene371,-0.828765264564371,0.410031538452559,0.171797123727831,0.763742018879219,-1.44836412543392,0.690940900513223,-1.11587917860689,0.425318859500506,-0.69142943269809,-0.494367511102835,-0.727924252846334,0.350950093005215,-0.616551579327301,-0.0867916893340202,0.234229383838075,0.80520873818553,0.0712499899922428,0.296917262783743
gene372,0.72019638626336,-0.967120350532642,-0.615623366658964,0.0950246191079024,0.495893345612119,-0.627544304972536,0.612707100000727,-0.124703454103361,0.648893139875743,-0.874921303406348,0.0099498715316526,0.730780467777652,-0.519998865405397,0.624888247467852,-1.84345851119453,0.945309955064313,-1.03381979330711,0.130376943352793
gene373,0.440764607911486,0.884591630624991,-0.795067756114762,-1.12953312478785,-0.24174191852532,0.939939000962832,-1.65640325263797,-0.516783853030984,0.316698544098997,0.274931205456978,-0.750431749493193,0.425274778925447,-0.898625971843465,0.573799259499634,0.085609716628712,0.530943484855761,-0.690898521667896,0.680000159347941
gene374,-0.590497666684757,-0.362649906143592,0.41686214079251,-0.0973554353438415,-0.255404259883038,0.429543288573692,0.0087317036709706,-0.308904868179547,-0.0277794431526528,-0.100342275547766,1.78884731224553,-1.04141154899948,0.140043980262166,-0.304136863978038,0.252783241995905,1.06315458986912,0.0969311993162505,-0.728396950110433
gene375,0.543394130791969,0.560585016022913,0.797416701147333,-0.262060063725781,-0.24136484403693,0.877347428075305,0.953381953890549,0.301568643720608,1.258181207106,-0.587249616140975,-1.24742819410142,0.438075790217621,0.0420739871965473,0.840281489274479,-0.213346425491885,0.851364934188872,0.496836586125947,-1.23547315854621
gene376,-1.14512723169526,-1.165510283791,0.493038167996553,0.101806380029363,0.951948785452677,0.792644242307769,0.836169016425536,0.705775244681154,-0.453310531393263,0.930208793195114,0.444888191179222,-0.144682370325836,0.131288048640129,-0.460723512212721,1.5235951205558,-0.400988586059561,-0.315857088793117,-0.297763386343333
gene377,-0.643506302821658,0.196959985050542,0.759258401664997,0.178356862330483,-0.687947279068879,0.675186851990542,0.0508595157892909,0.0770720203264184,0.186292959377568,0.191856704615578,-0.0007478637373685,0.520128341139194,-0.0170200321437752,-0.63294950351148,0.358798577887505,0.0870459679554275,1.07182988268641,0.779870560864882
gene378,0.117840323694844,-1.10110641099848,-0.801010885212557,0.131649206652296,-0.253118481107609,0.0421880483485263,-0.9796006515771,-1.32549170294756,-0.290900927882373,1.18408386267575,0.299643612398102,-0.267099034447205,-1.84906508935072,-1.04242481670352,0.749710516280529,0.921196523619383,-0.0754757953938959,0.983273326835327
gene379,1.14314478425481,-2.13370281584911,0.0199181870521812,0.0038982571517911,-1.13652695775138,0.615092054244334,-0.997670749907589,-0.669680874273718,0.681689248316835,0.549915951071777,0.977086637220594,1.8314167367274,-0.892458489651621,-0.446355880848948,-0.0124559741917525,-1.15647951444236,-0.0102136517825746,-0.801195919256629
gene380,-1.24646609991651,0.320910855365508,0.115219733146401,-0.78508361019126,-0.319534885501396,1.0441656829959,2.13759436954799,0.381861021492951,-0.603468316834592,0.440443087116398,-0.243778099057533,-0.0149763423651243,-0.361389382274676,0.0231744809160257,-0.874933174651616,-0.823506810330653,0.826936319584398,0.938076101548844
gene381,-0.469623352862097,0.0595047529130609,0.0416644290735823,0.460133337941337,1.0031693655418,-0.175636718513534,0.876125465641426,0.356397040727245,0.478675011853466,-0.368124655689008,-0.0898834136271218,-0.657263202015976,0.899457639759707,-0.395875298142528,-1.40980712967541,0.651467751515752,-0.457926138612566,-0.716541393145244
gene382,1.113615715573,0.770159482149783,-0.889597406457645,-1.64019459671156,-1.17008338197159,-0.447119386340466,-0.0577512689450797,0.129138238946287,-0.359250233108649,-2.1169776658802,-0.872531498797072,0.258289511188045,0.0771369355924646,-0.0219069029641199,-2.17928740414519,1.00002619985772,0.583871981000873,0.366872984063806
gene383,0.855901472847936,-0.124908633535613,0.495281721511681,0.361625247534035,-0.371514427572637,0.443540847645188,0.403391736905794,-0.59752887009596,0.0935301128026295,0.0811517067775201,-0.244584524980432,-0.26570490501062,-0.296782489236996,-1.00858345411591,-0.945197287177188,-0.510823012324577,0.250517943571407,-0.761518587702943
gene384,0.553391324391155,-0.204967137232263,-0.208892629616901,-1.3959263121213,-0.0641498864564152,-0.643475221472665,0.246846361102865,-0.0826515039988411,0.219426189600949,-0.180017401985877,-0.81257163838247,-0.657965140677262,0.452615351633052,0.475612884743534,-0.798530106881767,0.195834830354639,0.697857724052645,0.129885383654963
gene385,0.147698492343976,0.45857140129111,-0.16704328090256,-0.255271902091639,-0.123449068695989,-0.0135996515499451,-0.151102736292047,-1.59372711692571,0.695259183477616,-0.34731954805079,0.150637733661022,-0.183451364288688,0.219518924215307,0.532567600406693,0.54680115473576,0.373949687438797,-0.259388920217853,1.20739258412921
gene386,0.98888510089048,-0.0453259402990272,0.605937454795286,-0.222262636677768,-0.426752845943331,1.00851207570242,-0.713543330150131,-0.516591116352991,-0.599736758418694,0.0476314731382919,1.04011255776845,-0.135154819491425,-0.680083424922989,0.597032993051671,0.560327107321298,0.141417818367223,-0.428957616011582,-0.884865829912448
gene387,-0.223364116658989,0.562482460391013,-0.733489291700329,0.0912482705657951,-0.0156429191508133,-0.42119786688662,0.608480352842307,-0.200531639535237,-1.3158821261245,-1.13674473510183,0.895638411397528,-0.388100465259793,0.552777678938579,-0.59554384161043,0.885235797343698,1.50896631501552,-0.723393358656542,0.461394505180699
gene388,0.002490694262564,-0.559027075002405,0.476137717182975,0.276289364807428,-1.59978851138931,0.0440999088498079,-0.110964981616201,-0.887853838150735,1.0550992908943,0.100517554709189,0.913596408857425,-0.296611735001512,0.333031576110016,0.15918362928668,-1.46200773441453,0.780224014085551,0.319338225701036,0.700313819238494
gene389,0.0582003936475091,-0.176872836192662,-0.578732278095261,-1.52540041182167,-0.77978807022458,0.179882483450923,-0.312943988931852,0.382431320334788,-0.365474963061578,0.982884628577841,0.0503736311478641,-0.900623291981255,0.233519744419152,0.180233098470696,-0.719049680196804,0.195017762047075,0.0353269307419114,-0.0285304534717812
gene390,-0.0146592955098377,0.587293507769328,0.33060046296746,-0.0893368657144398,-0.681312674844626,-0.355036944312411,-0.188678485119708,0.372947336159894,-0.0504054585560425,-0.0442926742101323,-0.103288735410431,0.0538630483882088,-0.135022501537656,-0.88663423070572,-1.4735394077869,0.846216451714809,1.06380270128106,0.206107006461404
gene391,-1.00588109740246,0.23705887800655,0.576915737277823,0.190275688823636,-0.0894807549505002,0.347177153238853,-0.471787127538584,-0.38779186069136,0.625235107376182,-1.00769222587414,-0.816148619605682,1.36530418155061,0.380090125071735,0.0287479610702182,0.406195577161044,0.0128221293121033,0.0060562820154396,-0.644983207389024
gene392,-1.0143637418267,-0.84705069557369,0.21390597773013,1.17347348184506,0.405062495298094,0.224256469726413,-1.53654714226256,-0.0811229994780661,0.484648874093406,-0.16578174710766,0.508172303603527,-0.128878329604955,-0.0775573543630987,-0.457997308370348,-1.42648736032944,0.0688406662285079,0.898916044937757,-0.405251774564967
gene393,-0.929121317748236,-0.794258743049583,-0.882057454714369,0.19296168437413,0.967469814414027,-0.891592900061433,-0.343066988235564,-0.527674657683097,0.781708671323825,-0.153696645434033,-1.23349047066701,1.03185396722938,0.359991493226278,-1.87738792360308,-0.037221180112809,-1.34240759511962,-0.152486572933272,-0.778925777037406
gene394,-1.27824152438459,-0.741487332258938,-1.67290979287787,-0.0831693414886639,-0.083011374866101,0.14680501149907,-0.140838100141315,-0.422806250485132,0.342125286301572,-0.303332585566217,-0.0596080364689912,-0.553415274790225,-1.21245598580792,-1.26928058098977,-0.0726205862128111,-1.13100776282809,1.33737417680017,0.861537750268623
gene395,-0.113446012043055,0.0956567703445193,-1.37210694663865,0.639480144307299,-0.732531473320866,-0.0320026614468204,-0.378277867892536,-1.37613926498362,2.50710857671919,-0.0769265407812983,-0.457373546956055,-1.46632888668574,0.387559455880994,-0.931966534724661,0.400378398073258,-1.08630494149007,-0.994020090282512,-0.847109076976149
gene396,-0.43528228458237,-0.048635814982385,1.02247210523195,1.32796410674602,-0.119705195329298,-0.348444877611028,-1.36723643426207,1.02290777971799,0.242245053254968,-0.267769323245355,0.949885780394115,0.836942335514168,-0.342152668508753,-0.350633410442606,0.956966891468129,1.50128987970836,0.533836341529063,-0.130594954656793
gene397,0.367861014706403,0.407457413522352,-0.432265417796182,1.12095252230469,1.2107232993132,-0.214304402844993,-0.121477041318638,-0.211331214629689,0.0012038754762468,-0.385841173962274,0.811283722309435,-0.251822854879846,0.718351733061959,-0.233786987662776,0.246916090177709,0.0757853647272305,0.685395717550153,-1.27018141942095
gene398,-0.744513065515041,-1.1595920332931,-0.141983766351373,1.34833903379949,-0.0109363822923744,-0.478911826670041,0.395255602428504,-0.824004098226169,0.185292612658634,0.209193389186476,0.612492687150614,0.206783467157087,0.249645289907344,0.118824003282795,0.0646813093189964,0.632209055462821,0.185743794291633,0.570143670341304
gene399,0.205628964756737,0.743820677257868,0.157342266763328,0.634746244108435,0.992057404448262,0.206899697306206,-0.254971865726951,-0.985876426874179,0.705096001983712,-1.27235444415604,-0.0677330487071808,-0.99676987939433,-0.0113763616248091,-0.928713978901665,-0.0309548371610095,0.727599888382684,-1.06024427147357,0.920739446426801
gene400,2.00241102738177,2.25104493530741,-0.195894362556928,0.761152132093054,1.17154393890675,-0.263196776618602,-0.980794128126419,-0.0482232343114785,-0.498240008503414,-0.286667764516626,-1.10716897349192,0.920044710351406,1.20257430258848,0.0940365242624231,0.538761494683701,-0.503307270378665,0.649516458115818,1.03883944204066
gene401,0.80092100314692,0.247219531779648,0.622593485531744,0.537050273853621,1.79049923107757,-0.293664883523699,0.0241579184092272,0.139060669167898,0.272831489993998,0.615096152076853,0.205280369420287,0.109736875624821,0.0350343214346581,0.257821818407649,0.170449460773244,0.68196025849198,0.0563482745742752,-0.923430330478336
gene402,0.0614923213341609,-0.238283061450698,0.738143088945587,-0.1399648352736,0.376188713407794,0.295239829842617,-0.0477495640709651,-0.283120685708463,0.223995901843951,0.260540653385575,-0.778080532094535,-1.17940606040951,-0.924811659709155,0.618520208845809,1.29850035999607,-0.420254323333308,0.315234858751044,-0.789120160000175
gene403,-0.110951361560907,-1.05020279466316,0.849179400751537,0.443440090433834,-0.199487577692254,-0.186483885421304,-0.383394510044257,-0.120932012308121,0.738974245563957,-0.287876700172326,0.615109647104476,-0.748987884552887,1.0198218871445,-2.64015303843178,-0.77916601258542,-0.72308507222461,1.4137615823848,0.0088675151871513
gene404,-0.430827685070039,-0.0248909799515905,-1.57410590690594,-0.516459967631789,0.10852128326503,0.0016955209414196,1.3678372601981,1.4226775833667,0.0539634262363774,0.846483167041109,0.559384430365554,0.202276787947115,0.230208054600004,0.0211504339434353,-0.336417262894344,-0.128362124320017,-0.1082974424497,0.637409107601922
gene405,-0.688825034875494,-1.01395065265971,0.85526054695474,0.782734410333029,0.210928964611415,0.0295939276072871,1.85906318994812,1.51525410109665,0.588073939033577,-0.187661015030301,0.323105049935163,-0.0253443298411967,1.59170737994849,-0.91793249716359,0.596276487033073,1.47477240227493,-0.24914012536059,-0.576083421534625
gene406,-0.0138708804138824,0.260962329989182,0.935489223252381,0.10916405592809,-0.440916105896674,0.364570964412418,0.0927282592315793,-0.482560374067063,1.36106015156484,-0.215927073289804,0.465372042948632,-1.29314818248679,0.691201423741087,-0.542220649031487,-0.257440486516211,-1.61753920887033,0.0533502446043668,0.354532969739954
gene407,-0.627100981910642,1.16327795584958,-0.694676194014407,-0.871840227712487,0.808385052265564,-0.653316039683322,0.683777485605839,-0.774645204156466,0.758789490069708,0.741397653061236,0.317708340302041,1.5953267166772,0.0202934274918198,0.767167795951985,-0.450357944549718,0.706739591081127,0.28818838529938,0.198025119999519
gene408,-0.891161619590502,0.426795433503221,-0.239615519961469,-0.435361851488613,2.54616878194176,0.652944529767001,1.82715208967196,-0.950841986902101,-0.0876752082722062,0.558153865433658,0.793881044490434,0.717149467985179,-0.774000238631365,0.0238549143926992,-0.182426312698386,0.173572036534066,-0.603143882139817,-0.798578194913498
gene409,0.0809749857095045,-0.15223970438328,-0.413479731861169,-0.0915512191132061,-0.190872691335204,-0.503910981973333,0.0431507700381204,0.492656741248827,0.555150349551732,-1.01905079777131,-1.38875148014956,0.284422759846855,-0.544256693462128,0.120362729887636,-1.18729467165262,0.349351167024593,-0.512205092751429,0.301220089676661
gene410,-0.880398713236571,0.736511584719204,0.0188822195877127,0.133864217722736,-0.0068831765472694,0.695488632545442,-1.0140775823553,-1.29658383942303,-0.534695303885931,1.06796450168176,-0.0603299761907621,-0.394085818761113,-0.0519838143620307,0.223886052245957,0.0831292345936051,2.09070724623904,-0.870918589703654,-0.212921351788209
gene411,-0.0014477076471874,-1.76861753407098,0.211047325760908,-0.585191936269123,0.634778775881773,0.314185898145236,0.463271569336803,0.0622209566769516,0.534168905661704,0.635914943706194,1.0444067511806,-0.925106331064667,-0.929040870604541,1.0146522758406,-1.48631106969214,-0.240453216581047,-0.0200503749878654,0.553728190158699
gene412,0.883819282392138,0.873677994308485,0.383723564791562,2.02164368272895,-0.151494904881748,-1.19319423217452,1.4760967841675,-0.0305356550150177,0.347661353918348,0.44328977945694,-1.52114947166548,-0.35494344668145,0.0324608046071315,-0.630009260384954,0.866365662684657,0.17102595658756,-0.0297228574494859,1.24579107298821
gene413,0.954094129231498,-1.12413273061305,-0.0335627895563967,1.00341768061088,-0.551504380746736,-0.920347832091236,-1.02810118667203,-0.702530687384022,0.334909651421034,0.127847388803699,-0.607515905972556,1.68820516954948,-0.0297932768529031,-0.533096898983535,-0.208047427044064,-0.365136922504415,-0.635130684810728,-0.240636437433271
gene414,-0.683181961793313,-0.668795893602643,0.665010698888072,0.0375816931446349,0.0419043215115649,-0.938163660552573,-0.0899856276385539,0.778585636534823,-0.587785466472029,0.188310934310178,1.06180897174567,-0.425180560680599,-1.22178750220841,-0.622503596427836,-0.329875866980866,-0.179665411847361,1.0694637995962,0.128840941875842
gene415,-1.48806664238355,-0.471508778869518,0.888624646836608,-0.0313837705451705,-0.835559133913354,0.243517397124468,-0.787713820239474,-0.501756815662281,-0.622945583043135,-1.28718168862336,-0.522156558222909,-0.217767100683108,0.479927534655812,0.299731367839487,0.511609909444133,-0.609223456992402,1.11264262925459,-0.0730213091352219
gene416,0.461023215256271,0.250663077235656,0.927397982856973,-0.22844622302886,1.59843623041397,0.252947732132895,0.0505895254849902,0.0665959219271054,-0.404924634129645,0.183747362586454,1.18515510050789,-0.744423736664148,-0.51582305677959,-0.166993981492444,0.420340649477662,0.219434084851057,-0.291607542538728,0.278164431934988
gene417,0.0018527972940166,-0.864778280063476,0.408321518426934,-0.975592803910326,-1.02227771894796,0.223033403451127,-0.270705259797233,-0.933061138550356,-1.01660362019382,1.13893596045531,-0.0728341884134601,0.347806617401612,0.600385634451217,0.588365886363633,0.561156423327091,0.955122459274554,0.0587965201696962,0.27167330172111
gene418,0.645102615007442,-0.640002317635959,-0.224716090329077,-0.141165999418561,-0.195061913756004,0.797928610785307,-0.307324038482001,1.38211932977983,0.545047091610449,-0.90661164814166,-0.785024688737976,-0.350770941140172,1.70280679189059,2.41806506612238,-0.212030065302262,0.0302176916109021,0.102125061437608,-0.143216749220134
gene419,-1.0985481822124,-0.322453607011126,-0.528041603371442,0.0170771841013438,0.698638305815375,-0.484767841372148,-0.928481294000212,0.655771045530767,0.413881927053932,-0.793597580483484,-0.355789181639405,-1.22900348799068,1.97674830325558,1.43019728398658,-0.577684322228742,-0.116903489868319,0.446222938894006,-1.13650686924812
gene420,-1.13823533929219,0.441415089589469,-0.529382404651979,0.0711237598413199,-0.213458973100001,-0.161281027401441,1.24559489869613,0.389804444749083,-0.458915097602787,0.307480035337769,-0.912055350180786,0.833613756344147,-0.673265733173911,-0.548551174042543,-1.04490010520729,-0.237760728340372,-0.280387311930196,-1.0534883343191
gene421,-1.9971022335504,-0.676274621926301,-0.0640948517782685,0.731066532220079,0.606908277643892,0.149267384014786,0.250207356462768,1.02276387341096,0.236651065096956,-2.01814506240865,-0.476250532663148,0.241375909048335,-0.537416488988976,1.69566122170712,-0.878434414492322,0.519735866773215,0.508366465758269,0.708484944576693
gene422,0.329394505563166,-0.0751597028066644,0.223373363954052,-0.111270657494523,-1.3258401197307,0.0060206837688064,1.49312546100878,0.448875052389018,0.878408223127093,-1.01477798172341,1.49598568539925,-0.915003479344952,2.21543656760845,-0.267855433197931,-0.655708154108457,-0.057071227694746,0.697814255012008,-0.520534564863459
gene423,0.414115873512333,1.08486755935735,-0.357768580871015,0.980128702956019,0.0381468070947552,-0.246090525238852,0.456493385167279,0.353300328412198,0.323394926664772,0.0865298018867005,1.13561522277556,-0.954796262951476,0.373709003701963,-0.898898739724058,0.34481521756804,-0.793625006050422,0.289762479162826,0.0983548600384305
gene424,-1.01662438197859,0.688722199135945,0.326354578754944,-0.606583184154028,0.0835466672320616,-0.148293067787909,0.292890641267086,-0.0274042541631774,0.742090870391249,-0.475406827277878,0.16587564401296,0.256689358636742,0.0134352240925217,-2.08731049157961,-0.997626509114565,0.767314767197651,-0.853115998369821,-0.559686416673613
gene425,-0.158789889464624,0.17680257377301,1.12283469765701,0.713346097164279,0.979579481565387,-0.248930892349019,0.0175049177726217,-0.0596136319956618,-0.335892653514812,0.558490109149589,0.850920546724079,-0.551258791837925,0.138246492483672,-0.295155951611823,-0.130861200081567,0.971749444144675,2.19669771461805,1.06881803996848
gene426,0.783094284055563,-0.340176276870716,0.0443846447759783,-0.170695068192079,-1.49912723082179,-1.53026394059263,-0.864804642465086,0.284632650922294,-0.168213921644323,-0.738086119338526,-0.567102743774265,0.466637418763325,-0.406070478587846,0.161976465941978,-1.50579528172671,1.52563177829086,1.41891179219952,0.004596136710997
gene427,0.429792321402952,-0.63311057749586,-0.236191876798659,-1.45525271919212,-0.511946615148329,1.09265085385128,0.618445681065919,0.92525448931438,-0.301232686266976,0.681597837025893,0.368392822079895,-1.60611212068406,-0.134431427056281,-0.164033594771378,-0.64101862389991,-0.645004809528198,1.71560666037171,-0.0260850131356134
gene428,0.592852595602858,-0.293086079841602,0.0197239642925643,-0.335724573230081,0.0636969446856707,-0.521287185155927,1.02570559226804,0.838365472467347,-1.12685844406164,0.39600481912844,-0.228122677439303,0.128809331636048,0.0287421002525478,0.0921689162976735,-0.762401956431768,-0.351022206441604,0.549075991388573,0.748015262884607
gene429,0.878657905760988,-0.111353900237004,-0.978469313986759,0.464321336061064,-0.761763559446997,0.40303583831685,-0.539469997563363,-0.279476269299623,-0.0225236418925106,0.0155773161214947,0.94650350749406,-0.201512786732137,-0.651039367705963,0.729309642338354,-0.984921834920369,0.552922114897835,-0.710935281615718,0.10594398619227
gene430,0.557411478028812,-0.986298764829797,-1.49280269735899,0.840054659953672,-0.66408814832097,-0.660164692712837,0.362398055631363,0.680748551263916,-0.172626892070401,-0.0237279293723396,-0.733503632773042,1.46116770772007,0.364951090591415,0.689348242997577,0.713426295269681,0.215327549243268,0.817850565649639,0.196356039415249
gene431,0.594369816619533,0.889151804853727,-0.748855694564375,-1.28194197223032,-1.05349399630019,-0.330265512329303,0.176057453923272,-1.09384117320154,-1.56193793644572,-0.571164168962639,0.21687144640431,-0.222059143140794,-1.02985829228239,0.730831361802936,0.866434492770122,-0.358020796085065,-0.658463042364563,0.370274404918614
gene432,1.33109180767176,-1.09624503227046,-0.123571875188508,-0.429789236273231,-0.320135328189955,-1.12809722879962,-0.0157662604312447,0.265351767089845,0.467639796646631,-1.04359130435936,0.352528588724654,0.167419635904744,1.49509754163007,0.25027023049071,0.345831309859492,0.129180677581948,1.31142482764389,-0.29814776797451
gene433,0.181964715336037,0.75131718689898,1.74217575765967,-1.18303805598251,-2.62559383321002,0.543690132120023,0.0507044465752964,-0.671786220366011,1.71552130524676,-0.537731307403938,0.461938715725562,-0.191353488460752,-0.549501563002421,-1.14394171679431,-0.603045572071096,1.12165703475054,0.167107798961097,0.930962854621601
gene434,-0.667992696661228,-2.11347965597231,-0.799280143475835,0.0099038742962596,-0.0049976472050482,0.144692822748757,-0.080501707941434,0.83455144609225,0.118553776555954,0.159766697917806,-0.582839546179858,0.153350032783405,-1.58102740660641,0.0085973774455176,0.557802105583016,0.17104165334155,0.779661471722043,-0.16824881216908
gene435,-0.160898981854702,-0.209393126074635,-0.802451727470766,-1.16953817591689,0.648103744395796,0.231749690889033,-0.463832754521174,0.515329426167989,-0.111684823789505,-0.0497388815388698,0.0867200096752899,0.157145495714632,0.282634007580574,-0.429579104686833,1.36989427642691,-1.52998400451349,-0.263118582603833,-0.0297354512245722
gene436,-0.319379877413541,-0.161670567435651,-0.313244184876613,-0.179576467227425,-0.309266571131814,-0.111698444686034,2.48235561109905,-0.61012512168554,0.328086459556451,0.74037284368765,0.0546512405416682,-0.712061325768521,0.25152957297652,1.36712212230866,0.797366350117779,0.729184757060596,0.236196609911619,-1.26930772085853
gene437,-0.805462643235073,0.115363364966544,0.19044804554556,-0.682600030347109,-0.320551286948305,-0.471802265852743,-0.499488642466541,1.81120550736189,1.1626856662303,0.0942532545370977,-0.397703452124611,-0.192714586959772,-0.896176736475013,0.223613567165057,0.258166139894549,0.918637532778794,-0.0151427501204933,0.0175633236402796
gene438,0.103738223735117,-0.231688441104261,-0.727355638479354,0.287536166386449,-1.33564118689894,0.449347085530836,-0.830089434114475,1.06692792389798,0.937202700180377,0.197747981997745,0.487314250616297,-0.5388388378243,-0.48487497521818,-0.345827094154369,-1.16611262953529,0.13941860147076,-0.181031181400636,0.531752956877185
gene439,0.915611392288136,0.603243438361666,-0.459209015463362,0.156935567410212,-0.843944711977879,1.05300203619637,-0.900972861500945,1.33656145340014,-0.062160029219723,-1.19795719216746,0.865684185458492,-0.822194749828152,-0.396984111113092,-0.121928814386094,0.372094529760712,0.489012806817148,1.02674350202773,1.22139276277564
gene440,0.114820901057927,0.856922832163633,0.116047074129306,1.87230213993083,0.67717104167398,0.199103984424819,0.402326524269721,0.146100608379169,1.01171232803741,0.398921977195009,0.217754658021826,-0.636096473449746,0.0718334440010769,1.80010441300519,0.929567507698399,0.536615252616501,-0.58173213122774,0.276457102582811
gene441,0.921688730386615,-0.44492761867683,0.139551626421142,-0.249321814689007,-1.0044019311298,0.615243494600018,-0.778410743581817,-0.802978593625963,1.10822556157062,-1.03000808681542,-0.129876738752089,1.09674158608133,0.576464967055918,1.11672436107255,-0.473585900280839,0.830649947494368,0.283672836903141,0.940985783931508
gene442,0.894321393603074,-0.317290837605096,-0.212204346079402,0.646037593930969,-0.640611927715827,0.478101564332861,-0.0043588509243909,0.975880818777537,-0.74332277342435,-1.32714018100881,-0.269006043711801,-1.15981171196604,-1.23985848194365,-0.63771939889966,0.194366830641989,0.194875345678617,0.589922258384964,0.329060222188951
gene443,0.101091291729714,-1.45923058623016,0.840046892977894,-0.0939748316787394,-0.384714665795793,0.262486786815009,-1.46410602832023,0.0656931260745685,-0.195740305048117,-0.691165398695448,0.231844177639265,0.149170448593102,-1.00374028830126,-1.42364562544578,-0.261065092584209,0.793122308925416,0.0614033154598625,-0.502351056347431
gene444,-0.613808812476054,1.14552004920474,0.711959209658818,0.599591296707152,0.142487280559452,-0.0791833991224194,-0.77925344558284,1.06787530314842,0.343761212060033,-0.165779593282705,-1.63682593237902,0.390320489172217,-1.96293605933256,-0.967645128251635,-1.13202388221496,-2.23390554545296,0.126680203045234,0.269864463247174
gene445,1.18887937659944,0.248259379947738,1.33809247122078,0.575577807558527,-0.753658675708389,-0.0871154345598292,-0.862990923745206,0.907865393511623,-0.420931563685342,-0.049479173059222,-2.19439159851563,-0.150012068721838,-0.864079547461153,-0.316830268632482,-0.148028928625568,0.455092707385863,-0.466284449020197,-0.384429279151731
gene446,0.860285508716105,0.530324932217917,0.835729469481866,0.63521649395078,0.503518901648197,-0.440390752895237,0.384346130720429,0.0420931846269164,-0.601237477615239,1.04587020394446,0.0136263205319287,-1.23909280660439,0.829689813329623,-0.64337646874057,-1.2552576243642,0.639390596768308,0.140634081072628,-0.0577427000659584
gene447,0.0988642944703201,-0.688728247092789,0.678288076913989,0.358620157557434,-0.393649161002565,0.0845438720053751,-0.401325528155076,0.448049434829665,-0.542466126105921,0.752068648744102,0.724050234870246,-0.340774806595849,0.0406795892060743,1.56614954266348,0.536735564224761,-0.860266411235046,-1.43151920288804,-1.87655858437768
gene448,-1.76482257385885,-0.706461564318867,0.550530714350101,0.658259528923252,0.247836684773249,0.0974195571071794,1.61457970003683,0.4509886140049,0.686759227215952,-0.601312792008179,-0.655078073409835,-0.165594443899762,-0.0330163791655069,0.0700789686360932,-0.623058646709281,0.300231877595298,-0.385678619346897,-0.477942592550932
gene449,0.181557521698588,1.56334423649244,-0.71642259602153,-0.530323401883821,0.801273144645095,0.168048020425832,0.181539097694682,1.27202413707002,-1.04499501080759,-0.271876865473729,-0.556803915420597,-0.775976157052757,0.13914738394679,-1.18788375152946,0.987147718644585,-1.24542742009039,-0.982222201312878,0.0202404515533521
gene450,-0.87344789729904,0.931583193130714,-0.370988369733458,0.551665540728275,-0.329112750878973,-1.05881993547184,0.0352811080378157,-0.352126104220064,0.522510932578847,1.05765524829421,-0.0934512939239882,-0.238240165440316,-1.40149232733867,0.9537554326635,-0.132208835456706,0.684732193960048,-0.71607804783945,0.516548625905841
gene451,0.733668842727198,0.225662907208137,0.527487668326915,0.807412386110641,1.06472444071743,-0.718103511070496,0.125435566484384,-1.23891008102679,-1.68900380641507,-0.767585209996138,1.02628008186659,-0.639908595874539,0.992779429923176,-0.855073922917013,-0.316415775940252,-0.197799480277654,-0.342526110876775,0.770481427490436
gene452,-0.107619967711273,0.179720239388447,-1.01090734131441,-1.38134362081403,-1.87034843441225,-0.33884809754249,-1.42341704152181,-0.768355938841531,-0.420509143655589,-1.18844370919304,0.0821301826843581,0.445683416414219,0.760633410745969,-0.808828510981649,-0.110684244283506,-0.511866414138211,0.104717615317844,-0.960190287144441
gene453,-0.729261101169348,0.452485603263717,0.80388705756592,0.0764052238809909,1.10157017051147,0.630467565709567,0.245315606054476,-0.713913284570022,1.02951112776965,-0.502015613845279,0.298434463055982,0.0118503675189449,0.24806748085961,0.329729270668563,-0.404745406764218,1.34402930875907,1.67288153789583,-0.717775146604201
gene454,-1.35846544789851,0.576771290709665,0.506062724841129,-0.308864092740313,-1.66333508322568,0.116944907189835,-0.362247111959098,1.03925045368361,-0.190941348602102,-0.252974089262017,1.35682082582511,0.228537352278169,0.552480174032936,-0.536385292017189,-0.444261325013375,0.544806461629667,-0.230193392629861,0.328044785470221
gene455,0.774143945327225,0.266377431414894,-0.260543521255585,-0.223817753473972,-0.915904175455142,-0.227726021931698,2.17375625149947,-0.921871772172434,0.525752330754111,0.628682502107342,0.563547319277296,-0.921675744210193,0.614141689960559,1.24235006755822,-1.04949881431702,-0.0072167365140781,1.03418520884528,-0.855866806762251
gene456,-1.21573849084319,-0.470955847352296,1.08191134946163,0.0474675257555576,1.08276618625305,-0.777153203273059,-0.100615438095887,-0.332861377474357,-0.964350447827496,0.0698046971825878,0.979816860264538,0.0016352524598878,-1.02575430912838,1.00131636716324,-0.465028696164547,0.0927159696257988,-1.62854045259536,0.166359147958231
gene457,0.299759231504571,0.304691013641269,0.650239780557999,-0.705614646891533,1.20246900005651,0.406924980134418,0.911705017867079,0.675329057216629,-0.57351418226714,-0.792692433894684,1.02696735943811,0.283441884864485,-0.34412403542303,-0.290245619577453,0.140551929532541,0.480952431885653,-0.597674706487241,-0.646142903620551
gene458,0.569170305664122,-0.129658258518474,0.0677396034682584,-0.320641554621373,-0.680670607734593,1.61502215535105,-0.102741950149163,-0.858311482891694,0.551880719796429,-0.260694262271356,0.861574911876173,0.318193854809744,-0.219104510257027,-1.48174638507965,0.990313471685208,0.449367268058676,0.496794693564326,1.3859331165264
gene459,-1.23936378492314,0.961329024262194,-1.8827633242436,0.620685381579272,-0.630792996260992,-0.684817784367367,1.64071865853323,1.15344237305941,0.224521126135043,0.225859655996093,0.120002493876342,0.413166477645302,-0.666298147792181,-1.04133463441274,-0.0525588094273925,-1.83547133903423,-0.100728414942735,0.54514006402561
gene460,1.03763493642251,1.44386807445535,-0.813733543890322,0.857785667592856,0.178344120907952,0.486316683940647,0.677255057058777,-0.640574003068878,-0.61410953616865,-0.347171100009995,-0.238801420088485,-0.0921266495094229,-0.0952185977295776,1.00115641940808,0.314438489726784,-0.5149612360487,-0.0822624707903808,0.240432790855015
gene461,-0.644962951206434,1.4327783216052,-2.18851687319887,-0.0495801088882866,-1.85445185350171,-0.236461875895561,0.130273980908787,-0.356633200172252,-0.518188000110786,-0.0743645567208158,1.37969220689385,0.186759117541001,0.94287515301505,0.686039378043624,-0.0288117936655291,-0.258290260898017,-0.79789805743151,-1.09748287929163
gene462,1.26188683372513,-0.359783155956643,0.620815270205637,-0.220095934274294,-0.52133726480334,-0.554534697536164,-1.16688894595659,-0.552803383447515,-0.596672157832674,-0.721280947591208,-0.79078845336425,0.843542560404384,0.626585838447473,0.526474041092414,0.63256539403227,0.330296409272457,-1.13563625229594,-0.297099483879157
gene463,-0.777725337477059,-1.30316645811815,-0.156471005385172,-0.0649255466368821,-1.60897479239763,-1.44517481868191,-0.562379699539888,-0.800594826309461,-0.764652853355659,-0.227689253547411,1.3929986194874,0.407761522984973,-0.554219940742598,1.97218524725939,-0.404669500208765,-0.8858546672187,-0.385546042324213,-1.05314005883766
gene464,0.834862629146335,0.0188784544421583,0.721176417575958,-1.36213685438049,-0.104063897030055,-1.16722264281229,0.943126956499296,-0.0590530645896837,1.32695297700129,-0.29643045205973,-0.0682624557029288,-0.735101269837356,-1.09153884219106,-0.491336341258758,-0.0814932294070357,-0.215482134998098,-0.0026380313844598,-0.17181003691408
gene465,0.0746148230092971,-0.539254971692038,0.585582931107423,-1.34265946735245,-0.866870934849175,0.191554611707237,0.36646834119644,-0.683570284761097,0.828711071890952,1.32421241267539,-0.0582715486919695,-0.735076996363095,1.0865280542292,-1.24863164488196,1.39984848430657,-0.583476160927092,0.611902524158341,-0.252385379725505
gene466,-0.25015189080758,0.468412756869819,-1.08122409130815,0.246281368236262,0.798595101911769,0.0993018116909178,-0.155124577590166,-0.378098770697854,-0.77865745792883,-0.187627506592125,0.667772300752419,-0.984163303789638,-1.89177131991846,0.236410799524141,0.686027478105678,-1.54195173592482,0.201406078862156,0.309632948266687
gene467,0.130086728104871,-0.489075697831254,0.285939124139886,0.683717643422991,-1.22649612450082,0.728246358892515,0.874700104166931,-0.758378708872942,-0.499608555244278,0.0488360431063513,-1.00991111449325,0.88451487268186,-1.42675620443467,0.269829457004971,0.83904069493053,-0.233336569687828,1.11469177682794,-1.41030242100458
gene468,-0.78332605768851,-0.0690262067548096,0.993609959319032,1.10490482114549,-1.49723054872595,0.38442351022021,-0.77295841556002,1.05319243854903,0.317584229025384,0.51248411391671,0.0540282845449531,0.337362671993216,-0.0010471103967967,-0.30092039559591,-1.19550028571933,-0.718937981606733,0.141062042754885,-1.3338194363944
gene469,0.734410883959421,0.504746943538367,-1.40361824927179,-0.609749262980117,-0.69385471035294,0.384151832352546,-0.326717021022192,-0.391516170220607,-0.104324972387502,0.528553904278691,-0.363676315520972,0.866664254354703,-0.366232037241249,0.233490792956589,-1.07271450756097,-0.355024122599111,0.631783559144584,0.340486247193872
gene470,0.332048921286508,-0.155591157964432,0.723631390298388,-0.669880865108952,0.0006200829242328,-0.135467981925783,-1.23889249282775,-0.145266306863643,-0.673200872939839,0.712777485329622,0.213525737189425,-0.442132157992443,0.150124069945049,-0.637653408619712,1.07095723857282,0.48625716534317,0.293343596870035,-0.400942772022452
gene471,-0.649024357276646,-0.572313803207411,0.794833142420449,-0.176363358768877,-0.764509482990277,0.0746751478428613,0.770728714204902,1.99618052528664,0.390244946696787,0.521413199263355,2.43215048331503,-0.699951524096551,-0.464031687219362,0.250554882872879,-1.32902136996112,-0.274137068122677,0.920194856872323,0.489621949011305
gene472,-0.336215684951648,-0.354109844442891,-0.143653148519302,-2.22916243998925,-0.786006702923452,0.971663219231035,-0.849724873462335,0.994379679322374,0.194682767416803,0.630782192093872,-0.279264862386164,-0.104978110215693,-0.23555171663394,-0.628560319094,0.268697442104299,0.299535574872459,-0.663568196111362,1.00066013070311
gene473,0.182978999186338,-0.212342698625643,-0.192449117270577,0.982136189621754,1.11745870307799,-0.290548724259232,0.700546899394932,-0.170871346408103,0.0581698463629435,0.318404636578343,0.162702155807969,-0.261422896679858,-0.412767579867662,-0.0146064856719766,2.12458788020618,1.16616441328039,-0.261464799345012,-0.425003963947158
gene474,-0.237224651668757,-0.557906621893325,0.350861175829722,0.764119434753827,-1.51812220005317,-0.418980959355794,-0.168760110099448,-0.205081624703598,0.30829117552505,1.16467897257104,-0.0891339987592835,-0.607601374161026,-1.21733790544563,0.295835454776693,-1.4411380238733,0.548370991575427,-0.180958158201106,-0.907353447416857
gene475,-0.711098829919732,-0.318655659506102,-0.0228527034367771,0.262122986890951,-0.797943773195861,-0.553828954487671,0.651815325229456,0.379343460974476,0.945792112189712,0.79433946724331,-0.278414639494349,-0.14410063330908,0.798831119488506,1.29319063217897,-0.104738843177623,-0.3648476729372,0.066239534981166,-1.05432577361594
gene476,1.38366822427318,0.523581328231099,-0.0056131667719559,1.1345221628091,0.817086123068762,0.504143222903209,-0.316545459980669,-0.138172349773721,0.488319746852891,0.229456630840716,-0.0106444264621562,-1.19885474951997,-0.216325244437473,0.228117562970797,-0.216636929620666,0.633354997979899,0.0991039983322897,0.727024616752932
gene477,2.20326327611731,0.180881386756516,0.366397353154728,0.325078147430023,0.922432108345778,0.532538249589411,-0.244914575188705,-0.251661349861935,1.2343974285624,-0.686238369195156,0.292904948599874,1.51972104987296,-1.21694220612429,1.62861992545314,0.209655989389899,0.886935243496837,0.0686323842294714,-0.288220957274942
gene478,0.505062168720847,-0.0845648449332235,-0.106595178160913,-0.902405687098505,1.08225056838878,-0.510994304984057,0.496183886288363,0.0008679367835912,0.0321379010781382,-0.485809059317277,0.390822637015746,-0.0052533838447871,-0.306410284714568,0.14576552680828,0.996701832813902,-0.0805208132939996,1.32621522445915,-1.27124246325537
gene479,-0.554722249285192,0.576607819028402,-0.582412358887729,1.92737289179931,-0.949625684171591,0.152397354835941,0.612653446467735,-0.78390032467762,-1.4769974513819,0.413025644317934,-0.0202357601141867,-0.722927771159954,0.259332943309066,0.371662138664405,-0.033757685179447,-0.61460372522138,0.860429695230689,1.36703828931576
gene480,0.953677611627614,-0.0023481336146848,-0.451021202922821,-0.806622992835771,0.603116501564399,0.881732291567912,0.0701530069526975,-0.220949636057569,-0.738519931256376,0.880822118369689,-0.637688164994072,0.544615072629075,-1.59370620425902,0.0014824762493811,-0.536457863643926,0.156019775513792,1.10406789700645,0.118696268465837
gene481,-0.0854850409854064,0.0326121503595494,-0.844313741451755,0.353397845934219,0.0117916652949724,-0.0470488550786329,0.649573623490038,-1.52438877560244,-0.128986987259977,-0.654865547761062,-0.201115539463675,-1.06296350795384,-1.31710703164287,0.969630186664375,-0.637068585803166,1.35441247877702,0.316747184253958,-0.419363539369055
gene482,-1.24860478326276,0.205558352342575,0.267258760546241,1.39104837747895,-0.435442699583986,0.10998052734003,-0.565486902923253,-0.211956858476737,0.978323914585671,0.570447404505202,1.22810371319743,0.631342079592214,0.541218913111207,1.14334300734013,-0.493172082209773,-1.36369725934044,0.69820619419292,-0.0828561001395669
gene483,1.29515017284478,0.565870045789165,-0.0468128999239446,0.208932964269912,0.613633441161567,0.964027621558382,0.948384511959961,0.490657173128927,-0.333713152519148,-1.27237579329668,-0.117854985732879,1.18390783252017,-1.97475287640635,1.01247065571687,0.949796051740882,-0.960540574778061,0.900747778805677,-0.696408394515494
gene484,-0.0269636089267173,-0.320344650572246,1.18727294625346,-0.266088267850037,0.627098060117317,-0.368247406774491,0.37537738462293,-0.917698049766111,0.0135232953467011,0.242411745172858,0.139628380508454,1.22385980129835,-0.300221599529608,-1.10429778094379,0.754097170501378,-0.0267706135312145,-0.756562115746103,-0.191354170527687
gene485,1.63356577620752,0.29341515588814,-0.193235458141327,-0.0734401074876505,-0.311694566929482,1.24710965383316,0.903815848697079,0.619149879237145,-0.513854826869509,1.52536621664088,0.579253013104622,-0.794495673941882,0.490822032295323,0.714612607003101,-0.287049600410919,-0.24403697927339,0.0046877709549023,-0.226121637721523
gene486,0.747550072898846,-0.400974811504531,-0.290401605358329,0.423468218602627,0.102767228000757,0.530869329538697,-0.410742463834036,-0.695357629673058,0.329632188073974,-0.202755045346328,0.632053985317852,0.0068640402401267,0.282419433509771,-1.10853869053438,1.13532642553977,-0.0508278690641874,0.865616664527378,-0.767248250438955
gene487,-0.62827210208613,-0.513265916028966,0.334666871552517,0.772275879353719,0.361399271650734,0.413012225202508,0.154446947467144,-0.472176113279026,-0.409107600523686,0.472304765377891,0.0071714162488309,-0.556704319864883,0.415443013305205,0.713134124534127,-1.79915193409316,0.639722717264629,-0.717830273236086,0.632054596864064
gene488,-0.779817065079103,0.229388984998605,0.481013428136148,-0.459050917761357,-0.705796646627181,-0.280333742355799,-1.05297787835474,-0.0356528176942889,0.189909603671781,0.803367244726106,1.13497500283795,0.201019231023117,1.34752811990526,-0.759239598585104,0.739617007034247,-0.344475541956568,0.684310238849661,1.35155870851175
gene489,-0.432637923381388,0.89386011531777,-0.773450208998228,0.95045369484847,1.29010153705533,-0.124177429463562,-0.556377293508569,-0.0297273927585074,0.494170800055302,0.905926910022457,-0.240216180361912,1.37187071189222,0.415764072500145,1.60560062733627,0.317514195451975,1.2473778277445,0.148578089436329,0.465644917950255
gene490,1.08683082682241,0.699313590203308,0.0011498336534574,0.827910692984724,0.577653768598901,-0.345283399840948,0.297711009817967,0.0809711480085139,-0.106880030187002,0.397932931038843,0.345838556121746,-0.515772609504711,0.277422222107777,1.02876355915018,0.997024199380958,-0.261944454623363,-1.55293090043779,-0.748847084262128
gene491,0.338629281889505,-1.14148399858497,-0.174857185355381,-0.283191036781035,-0.30045902012153,-0.192444797876076,-0.235189410348646,-1.08643525475423,-0.275130101829493,-0.126827773261419,-0.347056831242667,0.2505834018059,0.324846498418905,0.657342489858808,-0.269534345407125,0.208276952048155,0.0974209239712808,-0.820910580425113
gene492,1.33497606755466,-0.799555200093789,0.154143260272639,-0.727243815585933,0.505405741361284,0.131679411592209,-1.07105444597884,-0.863113989175145,0.109125799568963,-0.784210038454337,1.02041493682104,-0.219119533132172,-0.498609110336782,0.721686916397344,-1.18241861538219,0.432570693195005,0.817837279609278,-0.277082404584986
gene493,0.351638909909092,-0.0072735907059379,-0.213204690205741,1.00805319058957,0.527732472134304,-0.913711307810388,-0.310033797069807,0.0556717016793635,-0.568849337356018,-0.358040241763659,-0.0373523020751357,-1.12031433515904,1.02943961635952,0.644167221433396,0.0918225476677634,-0.23280503390308,-0.825038617425579,0.582415590058811
gene494,-1.17741698184955,0.0119779769991378,-0.0690014035369338,-0.303134280985375,0.064145034232848,-0.1530357129941,-0.497830200620488,0.772998541095349,0.495395305709806,-0.656733981613711,-0.842519875654771,0.923262661382444,0.860505181272282,-0.494295814311556,-0.453818379487199,1.3716868411112,0.531737131351787,0.861782593943113
gene495,-0.718738054948535,1.04681572055813,-0.0426811014418929,0.139343991865649,-0.645194687792803,-0.48047587161507,0.442761866448023,0.134204311903303,0.0883039510990793,-0.780656654351881,-1.62393653917542,1.24956856763428,-0.204197167126316,-0.192518784390847,-0.565290931576088,-0.549814265337182,0.266685291584634,0.383260618107939
gene496,-1.14164625353925,1.01980739327875,0.14265639639578,0.686935918354181,0.855313113996583,1.16051652822138,0.0364160124741994,-0.349680306786935,-1.1865061810972,0.862875300865875,0.447647700129827,-1.40205105672186,0.631327081545981,-1.50344139836754,0.182099174901644,0.892448958023473,-1.05624423016207,0.494593212322703
gene497,0.8695660598159,0.298964479106568,0.867172440398392,-0.453316094649949,-0.654750513613065,0.0817631001468067,0.241247269192054,0.560967669978486,-0.430597134955732,0.175933629649795,-0.284828527856483,0.642518051319834,0.98124032252147,-0.122943922538315,0.986284196405705,-0.720087820566569,0.156910657179706,-0.297780084582347
gene498,0.388188770000118,-0.455891113534339,-0.317803795818266,0.0911846852923622,-0.753376112967279,1.46818925261552,1.08930883431068,0.818354678973843,0.224027413844149,-0.572798650041775,1.35685345803233,-0.245543205571834,0.41604283909871,0.0919034465810899,-0.306102460977804,-0.246529567655516,0.198016962503345,-0.239086329154734
gene499,0.389885336148537,-0.939478737124895,0.188609629188043,-0.289080288249472,1.29728146966697,0.619094519538267,0.287460145421892,0.496971361315524,-0.147905723300779,-1.75396690544442,0.318645242863471,0.685346218527314,-2.37160081142168,0.329290832839092,-1.27570014049095,1.14350657778243,-0.0239721268772457,-0.395521945412483
gene500,1.41833530200957,0.671691119669278,0.0354827413150215,-1.11770883443665,-0.215409275199027,-2.26630507336784,0.645222081871192,-0.247650413508182,0.623045186198409,-0.0249389124881771,-0.11118964617526,1.29023597074796,-0.193220661168404,-0.408646209627823,-0.302373539610521,0.250964153221985,-0.0520377368549875,0.28571565282485
gene501,-0.878269648893321,1.37428549442498,0.509514265400734,-0.739462260159613,-1.30375308021054,0.402293368878115,-0.394390267235783,1.12679795347991,-1.43526168287502,1.59779805535576,1.25795748041164,0.0846914991894988,1.21048254215653,0.437461071631583,0.0587407794166075,-0.15226451725556,1.16385076510357,0.605038251460912
gene502,-0.29364401815295,0.101850149144201,-0.770742185121386,0.081983933695021,0.179492054379767,-0.416779633375499,0.223510267988139,-0.0207320244341713,0.192456196284486,-0.470157416155751,1.3498319968402,1.4963853819885,0.710176182882422,0.415427583996587,0.481473106316902,0.142839503002954,-1.11737790640872,1.46034227215859
gene503,1.21084295554314,-0.348519764164327,2.21102128186069,-1.07608916654462,-0.447029681168607,0.989107318860886,-0.419123268376718,-0.610942383549315,-0.022353846600687,-0.0875907851192183,-0.677701783251888,0.0243408739841438,-0.19492262751578,-0.116232291007428,-0.254716923521279,-1.31127045297672,-1.00499327708513,0.860465156627774
gene504,0.13435081421886,0.501710851660031,-1.10223437024282,-0.206296350787755,0.413018846975293,-0.834837346376938,0.578268465984934,-0.0896925383951462,-0.625950355323074,-0.782013252216761,0.0006005338872947,0.273349974076151,0.115217311267226,-0.245571942965421,0.688272711493457,-1.01968537893246,-0.331878770434547,-0.998200895352424
gene505,-0.303502530319615,0.083321020834509,0.118687687171693,-0.0662514477898507,2.1247146449319,-0.491063332689745,1.55214463671865,0.76999985590824,-0.846939981175446,0.171687744846006,0.34542315532296,-0.057258906187994,-0.563191933068286,-0.864190680949213,-0.0734706760668258,-0.186272107017503,0.461129557587446,0.622125939305735
gene506,0.866737384000348,-0.19642117832254,-2.69879391816247,0.450307266481605,-0.121711178892402,0.347391568886809,-0.147573284481297,0.411487007492517,0.834641729965667,-0.941508034916585,-0.522323561142663,-0.143563599478679,-0.0524011498966585,0.286450196154356,-0.0605418944203482,-0.671290272714609,0.0656007102310882,-0.219081514185878
gene507,-0.973332803624098,0.0872168069907071,-0.0648237138697094,0.645363269926194,-0.484926388040085,-1.81364594025669,0.572692131761892,1.31025179598353,0.595383203826236,0.459206635188759,1.34029648709875,1.44767226733229,0.295085234679382,0.648497862224577,-0.0188058438628226,-0.371474394516971,-0.704489307770093,-0.166347806646218
gene508,0.0256839028716106,1.79079510484219,-0.944726752367358,-2.16632493964819,-0.262100466890554,-0.367295998425133,0.0054274326662813,-1.5933549604035,-1.10653255892193,-1.01933525289751,-0.225846371131382,0.725448882109409,-1.26761860060282,-0.587438573064266,-0.304516250340274,-0.149287458921056,-0.26496626850627,-0.0381859885757579
gene509,-0.286263347607416,0.852975931967447,1.1279175221265,0.122266061140232,0.14389257384347,0.131217582535743,0.442282892984977,1.0912679082146,-0.841357868835806,-0.373426082452391,-0.97897475765658,-0.401206131879549,0.951636875938828,-0.827072657787627,-0.986222809483483,0.0048037482712892,1.02254495041672,-0.0752467058273062
gene510,-1.15544500803982,-1.62686542204215,-0.298368414604507,0.401935241900179,1.00549735844248,-1.09975057223642,-0.295978418379997,0.19387537984123,-0.642719201784368,-0.187931144564119,0.770771379293224,0.943947642619095,0.718062415444367,0.906610836596698,-0.541584146638055,1.98039164845959,0.181700866008334,0.985014283999567
gene511,1.23758733008456,0.463463502821694,0.807789650541265,0.188917974639219,0.212759917724594,-1.61098175481414,-0.159092706526323,0.558208761881712,-0.109168743731092,0.549366585862471,0.5832092195868,-0.337380983839799,0.0172527979832269,-0.0087840850004119,0.875552526151172,0.436615679076988,-0.020532449261102,-0.506554680707786
gene512,1.09346130830509,-0.231235766367635,0.438125994588392,1.44987844664461,-0.388131989749275,-0.254264152431915,0.16793481987466,0.492885586017156,0.198230282984719,-0.687108948132768,-0.460702482998699,-0.577297553288438,-0.934081257481663,-0.876156258051988,-1.57507166012015,-0.945423152220336,0.0917428739367992,0.514930017835941
gene513,-0.846690345079561,0.422037874654838,0.316911780809336,-0.42525787862844,1.97537360022104,-0.357328650244333,-0.0387255041950345,-1.05405890324364,1.13613322033268,0.177940325302292,0.245689877980827,-0.0067933995577763,0.104099482741107,-0.88825215799696,0.681369039718157,0.375136211015696,-0.461366176435432,2.06599973368462
gene514,-0.141813926226868,-0.236883342418268,-0.394412311536427,-0.0711277575293941,-0.595612667800328,-1.31962273146309,-0.104336888777223,-0.810054623290252,0.412928469034109,-0.345887535220237,0.206641068832871,-0.413129933316555,-0.254266783216539,1.1853280744107,0.684388344932562,1.77724044577492,-0.849915568766024,0.561585568683862
gene515,0.340604939114618,0.0378932390838378,-0.696735571772414,0.141747561683409,-0.403267759171084,-0.475765770323042,0.385349038961832,0.259884232532048,0.190765156482043,0.462219914850967,0.622170214735412,-0.0723584638282447,0.468229256943329,0.452306305288723,-1.39936070055967,0.209572960268764,0.647941910572973,0.604593385289817
gene516,0.319130191309529,1.05120824068193,-0.946995099404828,-1.05729175050421,-1.16322682101271,0.362839459081386,-0.826793273723174,-1.04451631995222,0.293519083249552,0.0990271857018934,0.769612013628792,-0.412893707827935,0.67661270130619,0.682175250889778,0.930617231137253,0.172638387977209,0.0995167447131778,-0.344810195842319
gene517,-0.24740820093324,0.866591219146613,-0.256268728963282,-0.525759976287092,-1.86953802278422,-0.849459360489391,0.311067715775508,-0.971962119154271,0.0494205852868559,2.28363753151499,-0.595678123050162,1.21837350797153,0.165008595201896,1.40178066125396,0.267503850061987,0.104978973812374,0.167762053983534,0.188879052878193
gene518,0.122406626578923,0.166198504745425,-0.0859378750762545,-1.70063626484451,-0.88232449871068,-0.812389660124766,0.103799220978333,-1.86650490300799,-0.371293758144984,-2.74536842933134,0.837575338789477,-0.357036167774963,0.559413854945109,-1.323164142934,-0.205476304209622,-0.664268990474687,0.10664957222384,-0.582841739423305
gene519,0.938878317042376,0.111713369773675,0.0365324147775606,0.908893613005687,-0.619883332785715,-0.834936939195403,-0.680687638832284,-0.357380482079661,-1.08120340051586,-0.970025129188117,0.132899909684693,1.06760905199985,0.643172582960964,-0.170731681786757,-0.192131960851349,0.320475559013605,0.258341419889306,0.206398075945629
gene520,-0.0920821426174258,0.396260731161494,-0.150621721497862,-1.06738259475692,-0.804433458934013,0.750983308040124,-0.585448062126503,-0.127715685200559,0.0749876592422992,-0.678643157003975,0.504734142710164,-0.96402447470719,-0.24576328572794,0.486944718105031,-0.119615017921212,0.485286207300408,-0.718099028966093,-0.586294152824599
gene521,2.03179139137227,-0.222886514685698,0.0711141805708712,-0.193158038954531,-0.0706017429634294,0.32454408301927,-0.360374332965276,0.54839278006102,-0.151568558617387,0.304176244865608,0.624068042190827,1.36751812500307,0.850581551647997,-1.81622718337219,0.862524345962226,-0.987042521536937,-0.568320319403082,1.08525602688689
gene522,-0.629135230929495,0.561946470491258,-0.648727580452258,1.57501807822211,-0.944274116511387,0.166472146051793,-0.732022229249224,0.0820192576565967,-0.872658119668628,0.115003729359555,-0.548486583564815,-0.187785492308899,0.197787239044084,-0.16794075045331,-0.210243382691387,1.2641890960687,0.679077045622536,0.0262468105180125
gene523,0.0527066955517795,0.788669256901733,0.04301586195793,0.645630268848196,-0.331430292564725,-1.21645924761506,0.320276713678547,-0.0413772449822015,-0.283253535620866,0.452539776562928,1.29536625170196,-0.281296224941507,1.35876894656558,0.584687538285703,-0.312858424975921,0.302169384752203,-0.287318206988183,0.376788694575094
gene524,1.89312050692205,-0.275494315764031,0.329431413974407,-0.498216826610619,0.31604868640385,-0.0812961337781534,-0.979384927454895,0.142099619107148,1.84620746940765,0.229839835146096,-1.09303048847171,1.39386601257348,-0.152958661040803,1.29522505254964,-1.59174354625177,0.107897353978996,-0.891442555391342,0.278793755796779
gene525,-0.186934752451713,-0.104168596705519,-1.16221229200168,0.435907980047024,-0.835462515193632,-0.843734495258526,-0.937642900789883,0.791097995965264,0.460873817542814,0.806386654064384,1.71825204261805,-0.84014506039152,0.562227067728296,0.51480720633577,0.440245018146444,0.0922959120447357,0.590731701441821,1.14714306157662
gene526,-0.0320716204785154,0.685331601456465,-0.134949125771725,-0.337966157762756,0.646555528034992,-0.566973180443333,-0.589793240160236,-0.44392168232248,-0.376940894335271,1.27669258746182,0.18256657048035,-0.278953822202946,-0.141695067410593,-0.031884951819832,0.373115806919095,-0.100746242462324,-0.383268426427105,1.24069622471667
gene527,-0.379293324792918,-0.189041647904469,1.057253667119,0.0636841142795371,-0.845239785954755,1.02028109452466,-0.358723079436893,0.638328245814003,0.180267125660189,-0.673517556932152,-1.2161184769778,-1.05843567810968,-0.156409285882044,0.53268399829214,0.168483028561655,0.626798764649609,-1.38962510699565,-0.0535619810028752
gene528,0.396914764698032,-0.988320384941721,0.249303739887883,0.432771381050488,0.0319413009175828,0.455368329894636,0.622176510386425,-0.575852379363298,-0.136441596557124,-1.05681227520797,-0.769470130876421,-0.243894954688813,-0.634027768650233,-0.208064523003358,-1.09721556391867,-0.0404804136290565,-0.447481035020672,-1.8645353365573
gene529,0.0891059560768972,-0.321979420643471,-0.314685127082359,0.290092519792568,1.34034646549602,-1.22550982272126,1.43075681227867,0.153829421542777,0.0469426863580736,0.823476093335561,0.258223432173534,-1.00975935234559,-0.583451890669957,-0.0025031987946434,-0.381747410193448,-0.392046413189756,-0.349074653984004,-0.688746644016607
gene530,0.0443007132574279,-0.0200605457718488,0.413883341826321,-0.0354144218459918,1.47428348251776,0.49675575454282,0.997588708191042,0.43310465957194,-0.882084115125449,1.40180206329392,-0.192229756900205,0.262415376719241,-0.294555653118469,-1.32320924852468,-0.595810782331345,-1.11001121666257,0.451130638433558,-1.05249365666296
gene531,0.489977466446144,0.678864112976856,1.73738111479203,0.0985764486763146,0.217556261012201,-0.190208596779,-1.3465987892254,0.21712728514568,-0.492816305268918,1.16212274352678,0.342228099425347,-0.680991419645292,0.124238217964279,-0.92929834860061,-0.924571215003344,1.43697343447031,0.364604879965785,0.70838507890261
gene532,0.439790501843471,1.24971823848292,-0.204866324818833,-0.167069315849026,0.556045272279109,0.528096617123449,0.77357798283929,-0.854066738113301,0.60811968293596,0.262034259712551,0.405818461516207,0.693144462075547,0.550439600022923,1.01836251510907,-0.619960884303624,1.40494105820224,0.953047014353398,0.400314517648508
gene533,-0.982185336887087,-1.35735820076509,-0.725853048204817,-0.666153403370834,0.689068165668028,0.287931412947493,0.833685487815967,0.386412883807065,0.707054844073649,0.465079896068057,-0.324773537518715,0.407514658795407,-0.0208383354570507,-0.0466840133775522,1.65431447661084,0.683111852573859,-0.181430392957071,-0.166301256433769
gene534,-0.52941042652604,-0.381072396404336,0.207762495832166,-0.428924687804965,0.958598200669336,1.25888148439099,0.715291666073707,0.862694610038212,-0.160078377886297,-0.257180622303984,-0.0668508355040466,0.250744591608307,0.184360142139656,-0.450283369091384,-0.449265923065223,0.54749915620227,-0.646682636298713,-0.437645530083962
gene535,-1.66983930594919,-0.71733325530129,0.794400439021982,0.875735633825116,1.0303606207355,-1.62351552675768,-0.197352229927232,-0.592359866921201,-0.324376850163719,0.529934975350891,-0.639348384423037,-1.03597696217475,0.167298087213758,-1.21504134897068,0.366356629111323,-0.422603676142159,-0.521184026976693,-0.0991798163977481
gene536,0.591485252380698,0.211160793675255,-0.904838508519265,-0.790617272503082,-1.51594778640646,-0.530472880274185,0.374392299800317,0.280082992832944,-0.619694743278873,0.667847642125009,0.0568585323703728,-0.453788226255637,-0.530533657606763,0.298727249548188,1.06475118319303,-1.27638468902194,0.396603486199556,-0.077417536728481
gene537,-0.66030172037956,-0.317680227891677,1.33172781731091,0.253341595547218,-0.614348311982894,1.01894197801473,1.45409925257014,0.416317479999655,1.30526059068972,-0.722040046045604,-0.406892998166713,0.467266550569723,0.060668816276667,0.427702283732092,-0.701903128327165,-0.514182334812246,0.189648613468263,-0.482790190103521
gene538,1.44568377189374,0.191146390833521,-1.08244822729858,-0.238159887117903,-1.53524129529161,-0.717540916179127,0.176528426295074,0.620279344835948,0.0556176370970303,1.01262402379081,-1.82573676431803,-0.788485901472404,0.381778980995587,1.27333303564063,2.79284600118427,-0.375245888220923,0.173575573298919,2.07563637364018
gene539,-0.528710619115845,-0.79244355229668,0.865178261481386,-0.073175091487855,0.247228318475413,-0.196033923354079,0.541935767403769,0.496139047475666,0.0068619405742875,-0.45612352988217,0.0029289649335472,0.297908282219422,0.287267586804087,-0.166125311148471,-1.08245147967824,-0.320461414040756,0.83124659085226,0.354092604602097
gene540,0.196971237746313,0.271852921745658,-1.06448270753299,1.0284888490734,0.41027076132001,-0.174421641926106,0.783564462587838,0.942243032194662,-0.889947367306637,0.200315171120889,1.05036167622524,0.585323769356864,0.613290242814152,-0.736819903200399,-0.596679394786645,0.891784072163453,-0.179727242569375,0.205612710631219
gene541,0.454354606246659,0.559301720034585,0.955488506337629,-0.852907048506457,-1.07074713191403,0.528128284501391,-0.386489589816578,-1.15013445090418,-0.374709717399939,0.74504370458464,1.5023954638826,0.810507902276322,0.77765811103885,0.368954509604669,-0.0549748006235526,-0.0640824215301496,-0.605554697065633,-0.854712831927306
gene542,-0.401225058784359,-1.52204491783584,0.618838855005659,-1.18029573842221,-0.521417571541185,-1.09998895877232,-0.487836577344949,0.242076953138781,1.09841907215288,-0.255489684871162,-0.267534887385133,-0.173085677811291,1.18373942901414,0.365785573258518,-0.555281041512336,-0.346817303344884,0.321842200885316,-0.849238255754057
gene543,0.358338864593264,0.634799758011134,-0.844329329393,0.896355843871131,-0.418657821545468,-0.374884946780388,0.160401839937698,-0.270729829831872,-0.559275547995226,-0.0427041284890616,0.0309212698646334,-1.09940493792434,-0.762802132783954,-0.575441013712823,0.264855412802996,0.18855644290255,-0.863373884327291,-1.31500385806313
gene544,0.976356879891872,0.362768396898206,-0.158013928628713,0.595524478381278,0.058063377200996,-1.0286034588049,-0.332026507045465,-0.319528538714336,0.984370072682579,-1.22677291454489,-0.47713059875347,-0.414877176107842,-0.225188414652858,0.455993261208011,-0.23085001365824,-0.649470713049079,-1.184661187462,-0.150314892566656
gene545,0.452986683179945,0.019318838489037,-0.0115686462180705,-1.68933398483988,-1.89796139331518,-0.299493145792771,-0.0666524861445623,1.60558794026298,1.32509531774032,-1.63804012759443,-1.30086526173424,-0.813309626238103,0.997901085831346,1.44503274804164,-0.0193286255217602,0.514084604456477,0.136898419490659,0.969539509443459
gene546,-0.180574217904819,-0.409190144936832,-0.758597294024381,-0.316474774471646,-0.766583059159945,-0.290015166586785,-0.843147247109621,0.736390105184447,0.680862900933219,-0.338932586279705,-1.57274833961555,-0.309034489966051,-0.465867157919936,-0.896559626634745,0.116947549669988,-0.645545260334932,0.650379181644079,-0.323858406440528
gene547,1.29983360801485,1.12320648799964,-0.136793573155677,0.546794530391718,-0.597551515125818,1.22356866718339,0.420520175096646,0.0311602635590177,-0.621431643555557,1.29737990375451,-0.452830084367126,0.535001827378184,0.24740588488631,-0.186305218949563,-0.612509117319108,-0.833216447584464,0.0073956449437054,0.113395738959675
gene548,-0.822717841596871,-0.0050677883389103,0.709816338339616,0.815855259698366,0.480510324685776,0.0016665237846671,0.0973809366002435,-0.33952592776699,1.27840116487841,-0.893293599651254,-0.295531884657128,0.0360653727505812,0.0924171032329749,1.21490861282764,0.517038896157377,-0.308450468263903,0.838249578622246,-0.284688329174567
gene549,0.609906936170162,0.192615351135682,0.537979437810826,0.105842243751166,0.298681951307068,-0.108568068967559,0.470548068596468,-0.0503197942858559,0.562067931959378,0.171362839894089,-0.385180583896839,0.0316771693341817,-0.167536731171681,0.806619305991095,0.290189378148669,0.688797787022493,-0.533281061612979,-0.559583130033066
gene550,-0.336927585751999,-0.621331234528864,0.899001984116163,0.766466789136877,0.0061598714953041,-0.188594522714703,-0.872215816959527,0.340424419329011,-0.0823912236303073,0.762533808751854,0.439898501807153,-0.469802941560324,-0.212661448134623,0.680008811739974,0.229793348378211,0.118508137775108,0.16911058780494,0.468278587258999
gene551,0.621361712164836,-1.27775113346987,-0.709526793736697,-1.47495346625899,0.695292943036831,0.808992879354285,0.552265563723182,-0.98035630384366,0.567347156722951,-0.900898871108279,-1.22634420239131,-0.249358159128991,-0.559143185261942,0.0115763927477261,-0.167782823214388,-0.568315137801228,-0.112262285613785,1.22244167558565
gene552,0.727235496261079,0.0822024340200142,-0.99941172785601,-0.617651627743077,0.125808150567645,-0.447431361842844,0.047984210524881,-0.536692323269338,-0.554618248427039,0.0711999519275899,0.261873206405407,-0.0899672176915252,0.898504609661487,1.77587687293745,-0.648214298391629,0.200797334196794,-0.0671306228261077,-0.775028307896505
gene553,-1.49128286565731,0.0637737629280737,0.0303097328059552,-0.846977183757505,-0.461570004570211,-0.371384068013442,-0.32455969710816,-0.598488171918619,-0.691456400343129,1.03595211778278,0.0692551210149245,-1.5281600818901,0.436139450854003,0.955497824099526,-0.859531831788481,0.268907323486773,0.753977282968555,-0.202832401111459
gene554,0.506339066891465,0.633238554802508,0.384377864099207,1.34830551921244,-0.0254682797231545,-0.311417195633788,0.197686230185551,1.15829145752064,1.58234872940693,0.0644778647974028,-1.96968992527578,0.599078153964841,-0.61080748377145,-1.26308313066302,-0.0819637387605938,0.757428652381108,0.564093932300685,-1.33837143560773
gene555,-0.129869949462979,-0.161966380766004,0.707990752528272,0.406401224081328,-1.77115108248638,0.279410079380838,0.479600157386543,-0.336823640714443,-0.12692005294519,-0.431186800354945,-0.230761910965998,0.575218611057414,0.122503705023339,1.87654002925629,0.080166024796088,0.477334030786692,-0.0589614944028803,0.356434889015013
gene556,1.19947038873235,0.0517041049031435,1.01861473610085,0.112216602215323,-0.257618856249442,1.44590488799033,0.448681545166927,-0.306273392383596,-1.70917115095734,-0.0495224553610029,0.708480206263602,-0.021999419778879,-0.537358540002741,-0.0230759777204367,0.533882990372512,-0.360693771693723,-0.438144871679818,0.0902721351807895
gene557,-0.231275597494069,-0.322782591613234,1.09953999558071,0.173844753586297,-0.485879601711558,-0.476097933802007,-0.307594638843068,-0.679007560362023,0.452520658214313,0.562328505937963,-0.282783577003018,0.932724339084685,-0.157080952222625,0.170389671902121,-0.591738486248818,0.0323316987648272,-0.989265455097654,0.522924604669352
gene558,-0.135485454646839,0.210806263791643,-1.38564977094368,0.5205408969247,0.179353861406476,-0.675547463715534,0.643777841761191,-1.55196244492185,0.206809685417731,-0.505007546032126,0.282719783595402,0.483752266831586,0.433835379484654,-0.6279625981716,-1.44838316080571,0.177950220427911,0.299034511200576,1.17150463006771
gene559,0.1911705269229,-0.786043302825407,-0.268591061137646,0.361469634671077,0.903754594474771,-0.0041714168215084,-0.228227702381695,0.190218173325063,-0.0327731464797238,0.338372695659802,0.0962991405009296,0.522557428843451,-1.22971575246304,0.558343964705948,0.231717072971558,-1.50234005919228,0.338448698748212,0.95651189945476
gene560,-0.0267939854650148,0.422538239962596,-0.021034057644697,0.744281392535048,0.553005401545361,0.629911769358763,-0.235557697775907,-1.14325309932035,0.361785602198539,2.06882393260965,-0.199436843846712,0.149273302255515,-1.38707301291771,1.18666137900669,0.61689476041911,0.472869853352328,0.0204383427519703,0.564345645452161
gene561,-0.284564715778919,-1.1245053382328,-0.242840903228308,0.340506320022958,0.365731052038128,-0.144960985878677,0.393269354638284,0.0948244621599414,0.125084519654507,0.223468201851702,-0.883216132953821,-0.127053794929095,-1.04759214211849,-0.266942622153867,0.127153587913534,-0.262652935231631,0.0083156656920434,0.819411351675548
gene562,0.104669931532211,-0.428780973362677,1.1521435773759,1.08255113238546,1.63834494322449,1.11423131916786,-1.03553100220121,0.640460383220155,0.0532938623880296,-0.381957810807479,0.175404907442152,-0.802052621632113,0.017783263690856,-0.815999585432773,0.0776705207712106,0.600541486216691,0.181749575265556,-0.280372190850816
gene563,-1.00784784999697,0.231631851517743,0.664813604204147,-0.291633768053966,-1.11698007967643,-0.135457325150239,0.964732099150143,-0.776908655833428,-0.329516481594187,-0.24271805324047,-0.212554832253324,-1.03977730982646,-0.924570823455518,-0.396390879423737,0.506924692934949,-1.05940046542789,0.548087445764352,0.954726112051884
gene564,0.427504036556956,-0.422016030481629,-0.769671586876651,-0.0082874477612992,0.216479061060727,-0.330298907922093,0.781599064317341,0.320112231595464,0.0686338657123279,-1.25819507026052,-0.462871394182028,0.757443433079136,0.2460664045083,-0.434347182005033,0.0011846141877081,0.188222411861571,-1.71735487391072,-0.63206639107478
gene565,-0.211903752931756,-0.289010000070528,0.337666977503576,0.0508348410591328,0.628482238862076,0.0512652683639171,0.162944812675756,-0.0636371271832285,-0.306855546013613,0.920214039665277,-0.0452339532476275,0.351516873685216,-1.19162879059498,0.379273356486384,-1.15306671362317,-0.632118706604049,1.65993802798836,0.356365368141976
gene566,-0.0537121724708203,-0.63395354158928,-0.0435907005877181,-0.334260972244229,-0.54352715880872,-0.393896073374365,0.0892428682531183,-0.61650267155822,0.415781399406875,0.0848101917081556,0.370824093587668,-0.10336437795236,0.02252254034766,-1.21193846755063,0.344981691103857,-0.669439418367109,1.12558702046544,0.340404797122261
gene567,0.782247547371985,0.0287879043029252,0.239680120628926,-0.552229174256003,-0.544561848239739,0.346618577266735,0.0221295419413002,-0.53795153330597,0.396231468189843,-0.0342086450018935,-0.274530490366121,-0.143434040928068,-0.933591550852422,0.188017416124643,-0.519314215882016,0.551632144336008,-1.21220099993734,0.446700676292685
gene568,0.218385693302794,-0.142085469669453,0.596023133300942,-0.211549123702761,-0.728476228557451,-0.433208440234812,1.3871646474186,0.30956152568794,-0.450528749992729,1.36074708830927,0.0856637662049252,0.912576379595782,1.22043142502458,-0.593690036440183,-0.909708017148835,-1.66391314119613,0.756886434945352,-0.547448058564472
gene569,0.929092541614193,0.118570353413222,-0.597990158656588,-0.0508184208324507,-1.14271563188997,0.461111097079273,0.0643474924530242,-0.0553194813009678,-0.403359544597675,0.23741818996144,-0.904049395362673,-0.233665026508521,0.621371472276501,0.0264943841777507,0.637266111745382,0.94556386945407,0.040370153644872,-0.680986114511528
gene570,-0.302096138448817,0.410333912664007,-0.409253922658577,-1.03090163670457,0.0474493916667166,0.696078162908426,0.339382515083511,-0.922615614741545,0.328110578673132,-1.41748500231758,-0.134227262627148,-2.58374046427832,-1.00773413880106,0.345862329243213,-0.316241096194522,-0.952247990413778,-0.0364624572286115,-0.49249494732542
gene571,0.641240654136567,-0.0573844833316028,-1.2562956171619,-0.295124751842715,-0.471534857810547,-0.0896817054168305,-0.626093305219476,-1.17711363803756,1.01064134252291,0.888049834956805,0.004464302111324,-0.2159980621532,0.0308985450363895,0.29977107693235,-0.369807945074936,0.273672517678599,0.278665823631629,-0.401734724539059
gene572,-0.534624754651653,0.802362092911304,-0.990869019022468,-0.956706333235223,0.454456501522579,-0.716158874838805,-1.24444471330895,1.97703960860687,-1.4157068071565,-0.661518253055691,-0.621926098141677,0.309800404243732,-0.0784283323086841,1.37411051380098,0.563564948103932,0.0270120161813457,0.0388896113255973,-0.281158907992478
gene573,0.323765666221068,-0.221615437884647,0.56162738797484,-2.08764619314757,-0.380126773515938,0.149928866799369,0.658362530051038,-0.0111361489035625,-0.91338319472004,-0.145861868513351,0.0091911447267872,-0.551076295910297,-1.80846895743576,-0.406886712892445,-0.262190841163175,-1.24781993918691,-0.114488512078109,-0.881674796293591
gene574,-0.514146855651333,1.24656404528312,1.37199255679843,1.04427023405456,0.307173967044213,-0.237522493511758,0.791922134984061,0.367646948316369,0.27109487641661,-1.12815368012201,1.81453161834767,-0.0525125739578593,-0.469224650507796,0.503322844969572,-0.365127888780433,-0.0041841284825563,-1.00512432846521,-0.120729447795574
gene575,0.532686379553251,0.122103109332976,-0.469815390140623,-0.641506120939567,-1.12010423984434,-1.17600759414892,-0.439443445844204,0.477762342128184,0.657975886731061,0.875151350885417,-0.420554125874483,-1.56953675311368,-0.17864331783079,-0.210085594599146,-0.886364896982758,0.251197019463753,1.5170635196791,0.907121545581903
gene576,-0.690592081104089,0.823536271966976,-0.16899110254955,-0.831237937593492,0.0282532192475803,0.359928910958155,0.423663205690891,-0.583571256837696,0.637545960510537,-0.447536590750941,0.886134505123905,0.711855864412371,-1.0592670472561,-0.183510404502481,1.44942487319982,0.426498318924313,-0.193802125736652,-0.572201061942956
gene577,0.253179319170083,-0.0374807480418799,0.375960828326948,0.64497502176051,-0.162463759214349,0.240030125543714,-0.409561878138238,-0.447390999454357,-1.0419851436832,0.79733265161277,0.00612549279113,0.253507793401114,-0.137919806071603,0.407181788328823,0.274051204685874,0.0132904974657474,0.0870459863112129,0.307354062271458
gene578,0.635021162112467,1.97216060669614,0.559875459960518,-0.399872187978228,-0.846932690632623,0.224690556402735,-0.766857552697676,0.16066730882643,-0.173252064519482,0.372844835004438,0.685779707855112,-0.332914208297023,1.06114757379213,-0.605464795687234,0.327088314098128,-0.737706394559729,0.908583384121817,-0.708589296355613
gene579,-0.291078528509315,-1.35196823143577,0.0043453038479797,-0.422560809619357,-0.137537390096446,-0.450373530374754,0.258091926470128,-0.504420249066364,-0.648197632923433,0.0442607380932587,-0.562273243753919,1.49712430962468,0.179733805496721,-0.0822127516254827,-0.710689946761736,-0.733853585478078,0.156646616789288,-0.770180650249767
gene580,-0.608126983880987,0.696709232939783,1.08195688585074,2.1716588038996,-0.0217581328727166,0.104396266556629,0.216509079797178,-0.890498047996006,0.609978035601359,0.206159744977446,-1.51027708642354,-0.665498928695315,1.08681718039415,-0.244206861974151,-0.0118034934614201,1.75651821299561,0.0246604999094546,-0.750062967636495
gene581,-2.44194644212757,-0.594563071878776,-0.118190689131682,0.313302237392671,0.813691277851257,0.0456841265312814,-0.990153069737558,0.12529057218817,-0.158104338976947,-2.03497646235533,-0.859262036159934,0.904639008418968,1.22391147378388,0.0205959309133951,-0.634896039372632,0.859610198063223,0.476146561188621,2.01572083903723
gene582,-0.575512116421667,0.591157802119783,0.51816789880449,-0.68481312125515,0.0342180832884605,-0.286859723780995,0.664931612339101,1.21177358315799,0.647629495911677,0.495291162019588,-0.526934542733377,0.534122988567793,-0.522591434233267,1.06979449579576,0.82292848771031,-0.0332470858654901,0.288790483821805,-0.426555060659879
gene583,1.47495380030451,0.456083589238393,0.503908144186522,-0.553559221091945,0.188276559143854,0.12111564743734,1.07722373070342,-1.70557406587934,-0.688246421341107,0.505439068596154,1.25152340934546,-0.200867476883367,-0.310632454616709,-0.760344784745944,-0.284435937541553,0.775539033586858,0.809674039070707,-0.320793095645089
gene584,0.438955735194327,-0.228068449649575,0.636977023528375,-0.530207485294915,-0.0080290594463497,0.254400488990384,0.461011726537127,-0.278467621437788,1.39370197249304,0.632294242736751,-0.779368520742966,-0.373176216861695,-0.513432171999801,-0.329368161396899,-0.789708905856453,0.223591614921181,0.0844595118068674,0.565024800556457
gene585,-0.261445541051194,-0.839504680411332,-0.197903120817638,1.32153813249841,-1.40774396822902,0.611990795658828,0.9987606138469,0.234836430715136,-0.323976045334958,-0.275349038209382,0.562169123134972,-0.488654455732686,0.356138058277783,-0.486201058963447,-0.330898899806499,-0.599056381093861,-0.62603743685735,-0.432214116370845
gene586,0.400882965902339,0.853691074331279,-0.89401897375546,-0.0889421721014903,0.0870987095450876,0.454374989588145,-0.916540311964525,-2.05838765382898,-0.461076641044611,0.702919806768963,-1.64771536944798,0.417111043783671,-0.25908400997434,-0.292458525969797,-0.095264575817146,-0.434739711629885,-0.593781260689598,-0.0058643531020019
gene587,0.329184974492203,-0.199998579505041,0.290719972138446,0.0529114237461019,1.48528526147476,0.290797392867139,-0.122511870061202,-0.0763833684419193,0.103922093608963,-1.81417831384165,0.12309986138899,0.424192817713842,-0.0487052230526073,0.271705410874217,-0.410192081797618,-0.910865280826255,-0.748625581936745,0.423508857392727
gene588,-0.346785842030561,0.427018658312638,-0.379378928934526,-0.730191019481512,0.81186123573508,0.320470799157944,1.01825142975443,0.0827269061325762,-0.500597773301097,0.0233486398121354,-1.34259276001769,-0.115811143186918,1.23098684793162,-0.114998203535097,0.0555766697414133,0.623825683231488,-0.099707156502331,-0.142951572786247
gene589,-0.0899670250563542,-0.577825234215221,0.0666289107656616,0.768676972000473,-0.097142087923448,0.737472969140071,0.139629991751612,0.508516126000134,0.213277488447508,-0.604984825844778,0.0419236154125264,-0.089758603152823,-0.142207683243996,0.894820259786963,0.89932273088606,0.255679185490777,0.324892197069992,0.272593883242492
gene590,-0.491141573480225,-0.820503390352096,1.57822173095987,-0.462011677477088,-0.273676122466696,0.580491477295044,-0.954428839150199,-0.0826894550588955,0.163246833961748,0.713670453886069,-1.09317385852282,0.0279459502812688,-1.58227211886923,0.113284304479723,0.649455556206769,0.854286731864228,-1.04901819485123,-0.215045196626465
gene591,-0.608647529267488,0.0248144183137863,0.7854115220429,-0.0028147117567337,1.46385633475563,-0.156338986854611,-0.343625582576854,-0.23142562322101,0.32705401538224,-0.322107400455132,-0.0878853820616191,-0.0161744101300444,-0.395739827096774,0.84975294385637,0.247037032139982,-1.26786584188303,1.52578301250066,0.155378265815757
gene592,0.267448344345628,-0.660395145246028,-1.11870689886809,1.00821755070351,0.0244488278204059,-0.217835341515475,0.769083344659879,0.494488417284222,1.32113551583942,-0.786821352063133,1.00703514523235,0.344346076719498,-0.59963367576293,-0.316500284164869,-0.400257249803158,0.348550710139873,1.19346757981433,-0.749493863962987
gene593,-0.278076454033856,0.978676018275184,-1.71479950048157,1.54754824845547,0.375305639149678,1.92810357794645,1.2238728237587,0.705930274996851,1.67584076454411,0.904558000830521,-0.470815273379628,0.0787760985185032,-0.170902154991369,-0.927088247916542,0.266250611969938,0.283517273301659,0.958589704755477,0.530576415846873
gene594,0.997410673343216,-1.30783182352628,0.523506248206144,-0.789266118505325,-0.71423622179852,-1.32574410989784,0.192465482518875,0.845865576776054,-0.153350120968202,0.50889551986278,0.744898239699056,1.12795700794112,-0.851428771048246,0.463405932910877,1.24064875804521,0.0629648746817328,-0.832200670904716,-0.422142731588429
gene595,-0.242276856274498,0.098317330685633,0.259034407589137,0.161035335288993,0.338845567564594,1.50593289652418,-0.477875442016016,-0.717441138430422,-0.638785672917701,0.926676168365942,-0.600762155404471,-0.893305519694109,0.448224953909152,-0.516717608121413,0.454742877621251,1.25951614683961,0.829185174451723,-0.271063569729432
gene596,0.603547538152445,0.286866376328404,-0.197787878951662,0.839327275202987,0.669128232676293,-0.0741689384098005,-0.643776918007384,-0.434355991863369,1.01804421053092,0.298104156772488,-0.65811752634547,0.124773930973769,-0.244003009682887,2.16056198950058,0.465467499333485,-0.543274056031425,-0.190910287827707,0.426169937877346
gene597,-0.575834782470302,-0.0755365258970667,-0.178080260005164,0.533871563282081,0.718815731910478,-0.146891217920044,-2.04199307309714,0.210241772615471,-0.223253467831006,0.317844103084622,-0.21529257443396,-1.55067791838346,-0.494136480734117,-0.436819769030701,-0.109989133177119,0.078675910038691,-0.233443595121684,0.505065550603095
gene598,0.387163912833849,2.47021334505781,-0.731431344569318,0.0042592299262764,0.678826373172649,-0.0362213096449253,-0.173274695068019,0.32332288573825,0.0410405488620865,0.824896903556719,-0.199118149163201,-0.0362881090265684,0.711557848331493,0.473328864284282,0.363691723128321,0.143846722639967,0.0559924033970244,-1.47719727473159
gene599,0.0798920104250925,-1.62480370667581,0.711458390896348,-0.0215046685347605,0.876067165665716,0.373420254059223,-1.38455912696573,0.177556301089154,-0.0392992163195056,-0.983465223802856,0.860330210714569,0.232221180544918,-1.42679092205472,0.623342392897072,0.0270850509497226,-0.475088818576812,-1.02955434005935,-0.314148813662713
gene600,0.113814687724426,0.102141307121029,2.17345661607933,1.71658370739675,-1.30784151671618,-0.208629691819071,0.5357989818589,-0.221318559789612,-0.504703591290306,0.387589320676064,1.48404757485952,-0.251304564484507,-0.914727946863235,-0.35033457557416,-0.700456275096502,-0.463427063857042,0.849656772414935,0.790630465455864
gene601,0.27133176533309,0.0640398600508374,0.542392622579799,0.0807861857452884,-0.0061145083590834,-0.757813354198396,-0.251105357205237,-0.132204534613203,-0.261324743871707,0.482249355695287,-0.744402369704923,0.195486025902272,0.723123838652215,0.137543731383717,-0.0764831979427624,0.386791079224362,0.309397326221615,-0.417202444038584
gene602,1.19199902951241,1.0431853514315,0.356178574760537,-0.589551677972652,-0.0986431461050211,0.232879539422218,1.59925789444951,-0.907848988402535,-0.732161490720628,0.117173077000504,0.079615382751897,-0.376701718094734,0.511267104439773,-0.537179556258685,-0.100484039811743,-0.422873929179548,-0.105519840812913,-0.342151313076914
gene603,-0.205923843362241,0.0941262120258993,-0.600775295542902,0.853852379478142,0.0645171383889586,-0.929338448698678,0.462988227984043,-0.236483599230935,0.754266262178624,-0.300388774242092,-0.318554345597041,1.8602645650054,-0.0799228408835087,-0.338000543438051,-0.405749283610358,0.251498837157277,0.27075840147966,0.085532289660312
gene604,0.559921868929307,-0.475155087482912,0.75592742753595,0.471405625886716,1.50216654834696,-0.559742986288561,0.905120726825366,0.343032655265198,0.240861555801537,0.788957423891071,0.155897734840371,0.199093101435103,0.340894157507059,0.376867008258153,-0.804215899107043,1.41678470079616,-0.284172004898695,-1.36507931015822
gene605,0.121074400394332,0.454832390640496,-0.139047330078942,-0.815501111143987,-0.026251189090758,-0.120379611289574,-0.0613854249892061,-0.317453843518535,0.337898244822953,-0.798522086276552,0.29963570669678,-0.0787651449517516,-0.538563110696113,-1.77207064478619,0.475415305934739,0.572815751100879,0.0315483664348121,0.349133016667387
gene606,-0.0220041293753997,-0.369393175104048,-0.276434979626117,-1.84976946406064,-0.667727296308921,0.342205547313807,-0.502525560352437,0.3975181765269,-0.783077368467104,-0.0826645521686095,-1.85492318282418,0.202514611165616,0.433475008982384,-1.24753214956004,-1.06882580484436,0.164820144747297,0.660984108209747,1.01764141692007
gene607,0.0831091116618571,-0.102867458157687,-0.506327685065365,0.0871991977492481,-0.544468607781844,-1.06939027349348,-0.183034055362234,0.0878979031765443,0.0002031114582239,-0.943804048011767,0.0980242434740496,-0.0129387509282463,1.9475825315228,1.18619697030886,-0.0915684160654728,0.0059781039628577,-2.19978811877707,1.14167695842294
gene608,0.533008748514932,0.0810929012628375,-0.548361751762756,-0.116460977272827,0.663750450776858,-0.555253837500052,-0.185900532395176,0.781913596591739,0.373518283456167,-0.810574442575953,-1.2572194349625,-0.666283259405055,-1.16903417919281,-0.499979025152508,0.1453890918396,-1.12363088035017,0.526267752997437,-0.890134497663976
gene609,-0.579833430220434,-1.4086220064863,-0.273269229585394,0.280181568070482,0.380030807269391,0.245075716636641,1.75522174540069,0.865635921543661,-1.45105657474163,0.0831375322260463,-1.03156889001074,-0.243673295119021,-0.709881792614817,-0.812862104034464,-0.474120282212287,0.385536745430285,0.0951566936553273,1.1666892946584
gene610,0.146964499247195,-0.69782190385903,0.657483161157043,0.54125209084617,-0.358502030321323,-1.37650634784181,0.977858329756556,0.478360351172081,1.25482944316724,2.82574422085452,-0.246266923441112,-1.55729636429017,-0.300137902546941,0.06409716348512,1.94718802076325,-0.374390359974372,-1.78830361684406,0.427250857135435
gene611,0.468434818119198,0.662152590911378,0.390025527920694,0.277858392760757,-0.999290352393446,0.28460682587413,-1.54685785057429,-0.773884976417341,0.511379997551673,-0.267958926436634,-0.228034197067229,-0.147871380516897,0.768498201210667,-0.547796862865991,-0.394749375202946,1.03734757261833,-0.61880301965691,0.130617705968635
gene612,-1.28395552111579,0.47004857916811,-1.00318193790057,-0.635797205889739,-0.0653565391617495,-0.417482963948567,1.69594261226493,0.699346521150378,1.11052487702644,0.291503470958272,0.920979377623801,-0.522874664665841,0.173013658527999,-0.75541190506455,0.108637607264479,-0.227774111895923,-0.587448450919942,0.0951527420755362
gene613,-1.00114572614522,-0.788472062167868,1.04012376649852,0.913109774112691,-0.535039542800434,0.310206707906099,-0.304014038101898,-0.345847913371235,2.40872880595912,-1.10784908538559,1.10685427839806,-0.254695913669169,-0.212767802031777,1.3125251565745,1.26037248781885,0.0935724146568262,-0.328600398173182,-0.389895230981783
gene614,-0.101816341263427,-0.3872799728541,-1.13071967701893,-1.4211662078847,-0.175628627481934,0.0581954077281306,1.22380697424211,-0.416000110281,0.366132391302593,-0.74636788655567,0.113966079203934,-0.10538543445606,-1.09725248261623,0.241204440438061,0.201288988825209,0.88407857581307,-0.0236788672759689,1.46977614466095
gene615,0.0756556377309917,0.738586793768421,-0.658083632504188,0.258928381471876,0.559595081259495,1.26355967930395,-1.54379787636686,0.552913700263924,0.394221463482456,-0.51160538131823,-0.106210183998002,0.264306728143472,-0.902889066733934,0.85738811866168,0.224982128009212,0.0946962606281873,0.196166571948958,1.32382956989719
gene616,1.63286152760517,-0.289068890162558,0.181965805628537,0.423822005860871,-0.842731377246992,0.981556456521489,-0.227963410908575,0.243046803974786,1.21928564912659,-0.152051036389353,0.0786072236823167,1.26376872621758,-1.06214490675413,1.33877651678787,0.477598997349527,0.969452256230771,0.775310823855119,-0.498770329729789
gene617,0.255193364528462,0.446379311052251,-0.500666787704017,0.58160030282258,-0.278066373204639,-0.715792022670691,1.8717502886466,0.11252702910097,0.227802376596282,-0.108044993816127,0.868400621788162,-0.501232010044562,0.0079070336033345,-0.436696184486272,-0.500838427402325,-0.881069211263241,-0.790368337096012,0.267811539962771
gene618,0.170329725585153,0.0612059368613747,-2.03451793292354,0.802171856292639,0.473351092263567,0.471213884403569,-1.04185651676177,-0.778032795412834,-1.00553404446547,-0.394014319207716,0.469003360952855,-0.0175860569750912,-1.5023931030845,0.477184462481296,0.0304377349921119,1.13443187751214,0.856407927660674,-0.323426468083905
gene619,0.566845777567481,0.107281036189042,-1.49490918413774,-0.732994804850937,-0.61199777124193,-0.833695232954202,-0.921923938061372,1.06872766367803,1.86712218218131,1.94226874942691,-0.608626635146665,-0.886967209703586,-0.377952939899085,0.802233454524124,-0.0501050812171582,0.324881003042323,-0.148059615993866,2.27952536384108
gene620,-0.562929195906874,0.228159374005702,-0.706997030130873,0.295209552319338,-0.474979301322801,-0.483849342856854,0.796995181645139,0.201493712789118,-0.14860825386385,0.946930804088782,-1.02243611553985,0.0511745943514653,0.164558183790064,-0.625282159806623,-0.156340354131716,0.281920362876836,-0.0744366202429618,0.744298301933445
gene621,-1.12076833253503,-0.272923664309278,0.32243828446529,0.043714444470336,-0.235769143423107,-1.24705472808148,0.254898331592335,-0.0623955364990383,-1.92516627812576,0.590258963415212,-0.301167334042775,0.700905524481972,-0.368058417385077,-0.0364126152924778,0.963751689107929,-0.434176738028672,-0.68567157310318,0.47718499345352
gene622,1.07062355814027,1.38849068574127,-0.116796841091788,1.13225064131118,-2.01127528396777,0.217192760268881,-1.31344916727095,-0.380933056785973,-1.02709416216766,0.779312603361865,-1.03980822830768,-1.02002353550174,-0.203180422984606,-0.511328006318215,0.0611960436513516,-0.030833348238993,-0.718750402110868,-0.162974601349006
gene623,-0.268051483383909,-0.068579734275513,0.0590961558818791,-0.266783286819785,1.05117330693569,0.263978113192635,-1.04988684730134,-0.100127280975552,0.0390527916503237,-0.539637676387967,-0.285870277552739,-0.242175564629674,0.0234693109903045,-0.424293809208905,1.06854727415139,-1.11226055565952,-0.561830174281063,-0.0337799312756726
gene624,0.711190978749882,0.847933769567785,0.634784018844075,-0.669686370855717,0.350002866040532,0.271997132003691,-0.644109092892774,-0.0476446302439197,1.23267592666203,-0.394740312587138,1.76448530794139,0.491211305691765,0.439667071565734,0.457571948848246,-0.353901704559859,-1.11228787897979,0.127823346072466,0.101342240164247
gene625,-0.591722187989608,-0.777213180530853,0.18974347492852,0.232385730396653,-0.35970542620591,0.533119086840538,-0.557844247634464,0.439941266653259,-0.492061641025537,0.161060719682351,-0.389084521183356,-0.988296330322368,-1.07286679324755,0.505398958279155,-0.296167564759031,-0.183599364427397,0.860792824949708,-0.850474422701245
gene626,0.214617953324205,-2.28282480627636,-1.83148631205622,-0.387707619572462,0.415493718838877,0.371718927938193,0.712170281626485,-0.0849696094344856,-0.187804741112418,1.08483220594168,0.919544783507635,0.761900198768206,0.862725903022375,2.20622157108603,-0.305924551650863,-0.886771750184038,0.274399881136046,-0.791125018034005
gene627,1.24175551071041,-0.746380754745105,-0.842941044853647,-0.345264360594137,0.638743848868249,-0.245378613026454,0.543249752954108,-0.404229984301331,0.98527977743228,-1.28822533687841,-0.473147182065807,0.809367739984756,1.49440359437561,-0.234240134023214,-1.08961268326395,-0.12346042900414,1.50038374560568,-0.861189366467797
gene628,0.830516991079456,0.495992664522442,0.764849755643358,-1.14878874819566,0.398355572650704,0.294454169326474,-0.176856413990701,0.125581416705633,1.28197829088104,-1.02257865460711,-0.133362847277218,-0.76935676229943,0.540225099937811,-0.0456779457094703,0.357648471558898,0.176553819089162,-0.576377242311136,-0.18797053016127
gene629,1.57038491759057,0.312791394479096,0.106452112676626,-0.400063199507631,-0.711480403902661,-0.334605505467684,1.13921777155901,-0.213448752240772,0.455858408251276,1.72716103921345,0.300403854154271,-0.878694097096466,-1.04200728894908,0.0614534671647112,1.23144841359421,-0.589929719613068,0.314512408536872,-0.47335888394421
gene630,-0.481770573994027,2.07586415906491,-1.7707166107138,0.750761494437973,-1.75934360897065,-0.97464093955057,-0.0181893145902397,-0.457980412991618,-0.0326079234375918,-1.2078227641927,-0.0522835146187319,0.430930902827362,0.212571425750138,0.540756566214556,1.70092278640906,-0.862954158880411,-0.0712901673304431,0.278793712725833
gene631,-0.0691984791164444,1.18302730999215,0.394263183653835,0.0336626319265418,-0.108245837407058,-0.280274011644546,2.02720440833036,-0.657607798602846,0.472780011788043,-0.0529595661051348,0.314320992286647,-0.228043368709323,-0.031902543992642,0.809154199835479,-0.0790659521035558,0.168427698032781,0.120359074306924,-0.183721984560194
gene632,0.683734792747376,-0.44669017482392,-0.486608346271756,-0.945888959429828,1.10905947120731,0.0883266055728466,1.02010382184765,-0.077959858719725,-0.210530894263954,-0.463882336010134,0.49343965458867,1.89049805922701,0.008978948386288,-0.0976684166130482,0.0593647454907932,0.129753285912592,-0.088709919908678,-0.0381606950247602
gene633,1.0402008907166,1.63005457682992,0.924852622106647,-0.118499827190671,-0.72404469326037,-0.141712359980288,0.710270852831397,-0.0201130606033344,-0.0327962071833528,-1.32527167912093,-0.115846714568373,-0.605877912509858,0.32066748463339,0.96674981393561,-0.278288380537655,0.474674085184347,-0.377052720237612,-0.207400740450362
gene634,1.02933469855807,-1.24785404221253,-0.147363661657859,2.1716896890839,-0.669923592113134,-0.521698389233922,-0.395186683142776,-0.202111991728759,-0.455055803322371,-1.2047849151841,1.16512688526311,-0.332574248059136,-0.27923767725444,0.385280158016779,-0.618217765204826,0.914702108246415,-0.763248221086552,0.944400591944268
gene635,-0.0496123119122986,1.18660076625799,-1.52067057742316,-1.33445541685072,2.95873899711417,-0.235747117081155,1.23669731373351,-0.0164635069310683,-0.519889970785813,0.262046076902307,1.38905308741749,0.924461004789729,-0.408887287605516,-0.153114332956004,0.385057890347653,-0.0971165363994261,-0.248157502134061,-0.126097050261672
gene636,-0.228832372048923,-0.319277966276227,-0.283734218314196,-0.934784588463611,-0.440249833682743,0.583001038476383,0.940417505317062,0.151128913089095,-0.61109477151686,-1.18654233764752,-1.38364783908962,0.435540291946169,0.242907919184685,0.252889967130759,0.83265626557269,2.53981592585535,-0.0333042448983341,1.19484008711536
gene637,0.202506742657885,-0.486836116793108,0.424898483656866,0.523061146803506,-1.21456525840204,0.323617292672543,1.0323171929485,1.01354548976863,-0.999342704852037,-0.275229084855228,-1.04768023798935,0.332382647827506,1.42815389684793,-0.571491927473725,-0.0481695205999032,-0.0711218501014092,-0.0784736695486488,0.371612428872224
gene638,0.210774682998069,-0.681497791582766,-0.165065293433875,-0.36628604656729,-1.03225239772529,-0.149998221160041,0.0887213022135445,0.197932404141573,0.603402766905763,-0.648135938102463,0.467526631091982,-0.748776719092602,-0.176351365760686,0.362168608192975,0.285956999268076,0.480701489588358,-0.957783858775983,-0.128003577550941
gene639,0.819482313492373,-1.01451744629344,-0.987719128134658,-0.536992553104768,-0.293595906112698,0.0544574432104195,0.39034741332622,-0.198476306837845,0.111537625344745,0.327957217166258,-0.697158200315929,-0.594184597798722,0.716644911180563,0.157888721294303,-0.348962003733264,-1.45296914703999,0.131465895524056,0.297918237172808
gene640,-0.360093306414103,0.690320816487097,0.725350067410628,-0.497221023505227,-0.324092584486889,-0.396202427933132,-0.132339811355541,-0.20641834026629,1.16455906576368,-0.904462733173548,-0.616891998564233,0.571007124292808,-0.628661913246179,0.367532070894603,-0.515035217974602,-0.201241716572604,-0.844729385580885,0.976595454716569
gene641,0.539975344262265,0.130919329230022,0.181427219399835,0.411037482348284,-0.0947403820056842,0.28714068292346,0.176617552239244,0.442358638985409,1.02089228208019,1.07623313336576,0.242382994727997,-0.759967353825003,-0.539792653121794,0.474787434989409,-0.108072552868244,0.0973539796458958,0.666231446745487,0.315862129598343
gene642,0.402436621544888,-0.404700748957353,-0.0781473980532617,-0.445534461144782,0.631724782955514,-0.411100778183096,0.450176332886096,0.453103871995092,-0.186098729251722,-1.56944429497474,-0.130955814175812,0.040139917627524,0.122187530466736,-0.519610118873792,1.52430984046857,-0.393315742709781,0.227387595609623,0.394595354080347
gene643,-0.257745044733162,-0.83297241526922,0.336715577205326,0.257486086674204,0.545868824048382,-1.38705571064484,0.671581254087423,-0.903113948495237,0.0629762324968598,0.0097941422575878,-0.874426270395694,-0.428133329423394,0.795207849661197,0.565386302689125,-0.810405330548518,0.931133836972455,1.47677616608709,-0.494809316891523
gene644,-0.28072232416706,-1.51463143581101,0.228616425223593,0.335552731357445,0.494939648753155,-1.13999258633581,-1.0875184993127,0.713588063236211,-0.146342743648425,-1.20565661284065,1.88695720893104,0.210179848439358,-0.521942248419938,0.707272341015531,0.233682913438805,0.405137171331009,0.0890944731003903,0.0977941539968908
gene645,-0.4279171083692,0.385242055501321,0.406928349992929,-0.461650928995961,-0.515744823578471,-0.189560480927106,0.026090360771646,0.865896895303705,-0.293365713643619,1.0374470410973,0.918350966523,1.5270171324687,-0.639450572420424,-0.564881485873722,-0.794219515348686,1.08445726103562,-0.129117685415075,-0.474774759704943
gene646,0.675675446699729,0.664081464303862,-0.554735795828122,1.00337930240139,-0.362668434206509,0.0346545154987073,0.664949183006723,-1.17493573744173,0.449214959894576,-0.295860628489517,1.31770323596675,-0.434106488392046,0.719096575514853,0.394439245413099,-0.571098490501997,-0.458515967507751,-0.557439630935198,0.967539717461059
gene647,1.58782722824316,-1.48877287009263,0.0917144884613299,-0.23867262100793,0.0328492094767587,-0.665317691458491,0.468180568917223,0.519655713382199,-0.0284144708535405,0.883261712223214,-0.394088514140818,-1.09290784571155,0.706678027159567,-0.136292659730511,-1.61651091029502,0.0243004618600321,-1.61493103149626,0.742664455216576
gene648,0.715786152247048,-0.145247516508142,0.404946801763818,1.04210431493808,1.02263779669176,-0.840866721664502,0.435863394162269,0.698674826209885,0.260478577875677,-0.752604737589261,0.58334096058161,-1.1079629752018,1.00235996845206,-0.182859483872036,0.491735813228453,-1.31640257775518,0.119438613873926,-0.0726331553226485
gene649,-0.353662431112823,0.0196124304101058,-0.358174407959813,0.330214349523826,0.297537901578781,0.181487781774042,-0.102244042414348,-0.75297672492791,0.348472198241879,0.424752351754111,0.146159008015816,-0.0552625581658759,0.436093766390582,-0.500549575108614,1.03938451285814,0.215169668240409,0.299245919082508,-0.937346352914422
gene650,-0.893892484648519,-0.787704780221783,0.18820661402976,-0.488430337539369,-1.61588566901076,0.254245483243516,0.535347281946797,0.212980036635847,-0.709593035756924,-0.223739315735538,0.678791593697538,0.694591127489368,0.366348730784688,0.164195912716974,-0.807252186703794,-0.0497544453177861,0.713865393444437,-1.52374174329813
gene651,-2.0988437917841,-1.04677470772158,-1.21559815244892,-0.455712530387933,-0.91364310889035,0.410617678737897,1.40206902528664,-0.862591167899005,0.159187780984248,0.369384526770191,-0.771969103188861,1.11469474775562,-0.0173168627605295,-0.265514793443401,-0.913610455032514,-0.33549607964993,0.812866721041953,-0.848136279351568
gene652,0.294341340837234,-0.213328011400469,0.30316371507791,-0.355449778384347,0.714037677036122,0.519327585300959,0.995656531746596,-0.372017757863791,-0.189177094567957,-0.652068497143413,-0.518442586695294,-0.257900671279078,-1.19115046330035,-0.526520181629016,-0.567369139157205,-2.2554941768605,-1.552639814257,0.0750380720604237
gene653,-0.170303312776237,-0.416818680196211,0.471245311961899,-0.751934617334876,0.655037887090439,0.155068869440156,0.576172624545036,0.56813528077505,-0.765297344493642,0.258701750490079,-1.21628095891139,0.866717206421766,-0.0943962315539227,0.420710198554234,1.37348546489049,-0.117021611959951,-0.637987488543471,0.437638464966143
gene654,0.0382119094239888,0.0129546637527158,-0.85833996985133,0.861750096323123,0.262017555465262,0.0432956384458027,-0.111342409862299,-0.0016178961047983,-1.06641224874078,-0.118658892665783,-0.170756560152339,0.464225199802832,0.8683533823545,1.08732744649984,0.263857056925774,0.609441712905256,-0.552476372736421,-2.1361693566991
gene655,0.676779261993923,-0.171124540854097,0.108108329970018,-1.4728091544445,-0.561643325078743,-0.196487291262318,-0.832230052538804,0.673442604257535,0.726503373142475,-0.525858036721875,0.112039905777335,0.781841135921904,-0.166108265726722,-0.577719422925574,-0.440656067933121,-0.432201770204459,0.962506566413968,-1.47366013748502
gene656,0.711005325747186,-0.719126549008464,0.682489976311559,0.311384818277985,0.239257204278321,-0.596866330995924,0.401232600668079,0.149695906380221,-0.557833202749708,-0.171361337394492,0.504687583980577,-0.0967745465641921,-0.223428519422295,0.444170049968707,-0.227910590341087,1.03461290671271,1.31125934203736,0.7076593937329
gene657,0.459955284039434,-1.18874430076497,-0.587453724841194,-0.867199981762836,0.0285068345478834,-0.482294344548813,0.709373446874447,0.377085163533831,-0.2321163626958,-0.754096366155289,0.581919763000366,0.825024123439054,1.52535625241693,1.1992782754433,-1.95410035857182,-0.186385489778636,-0.736873751702779,-0.611039787590009
gene658,0.211102569353585,0.646382907558038,0.0695146874861422,0.0781684606768889,0.276183979983042,-1.06243305578273,0.421708384814546,-0.234383226768684,0.316823211557578,0.896908451193147,0.374710639373868,1.17082126924221,0.174497870007942,0.0681366548359223,-0.301694590355407,-1.22923245966391,-2.08392101396722,-0.329292870827838
gene659,0.620165496721677,0.579298245549019,0.0642966341163922,-0.599957782399211,0.134660418434755,-1.71585461595086,1.1864972520046,-0.629687487737714,-0.411443939997919,-0.120820769290161,1.48572426727156,1.73964966400618,0.75049795102461,0.666082067809467,0.04750210463019,-0.722264178502919,-0.237808587283019,0.229201341789152
gene660,-0.135354884652327,1.50887850999095,-0.362109599051835,-0.657351991361952,1.13285086917955,-0.435303384729201,-0.18707411285543,-1.14212762709544,0.347236387786391,-0.367243712933451,-0.136503872147825,-0.154124412696329,1.61213880727808,-1.48302710227746,0.221066953465618,1.42526578376465,-0.31303866195709,0.318240946980919
gene661,0.928642690393953,0.0937941156713041,0.478970252158895,-0.614852975827146,0.220522789974418,0.275577904091235,-0.446143512334069,-0.715096306620907,0.420881558715372,-0.815797056927803,0.86176740576835,1.40148974100039,-0.861754687310983,-0.837815134192419,-0.776663241532305,-0.63043549077768,0.453952413682374,-1.23313650185985
gene662,1.22975686651059,-0.0563214424429036,0.464538543418708,0.931942120648767,0.485388355419024,-0.0639435398739282,-0.202438130890674,-1.13135263229177,-0.269253692684253,-0.0962046584216756,1.65647898396259,-0.177295759546643,0.533129073378463,0.479183846852268,-0.0102036145797203,-1.12011388870167,-0.148645734356885,-2.29332737885583
gene663,-0.337971935232711,0.359651373677022,-0.899212201741518,0.39132813094786,-0.235194293293737,0.202271044533124,-0.17812625169275,-0.623403511938447,0.288996157023176,-0.901011516331093,0.908277986782267,-0.810932557515944,-0.29307258321617,-2.12580147341763,0.592091804413589,0.687449041710409,0.48614380506682,-1.1376219147686
gene664,0.468539433717624,0.258936186782717,0.039345797452648,0.289881591847606,0.552826960697818,0.962669051743576,-0.923427924469512,0.109057860362024,0.0970385848518311,-0.164399092551376,1.4025802568103,-0.0870964583538101,0.629319574102788,0.296366387739007,0.835090974452566,-1.56526286475651,0.256009995890422,-0.846995253309443
gene665,-0.427252803110541,-0.392279997126208,1.42252184810906,-0.751845859728188,0.679634591581382,-1.04770414372433,0.155119768354516,-1.4145345327474,0.0227093219055416,-1.25782395779519,0.0914360148271255,-0.620369100305167,0.285306132058465,0.0307529640678859,0.671224852578242,1.06808011240045,0.0431655581429025,1.72430838693139
gene666,1.28202767511398,-0.157056682611092,0.0515660282475183,-0.664959225367641,0.239851498571845,-0.201126145630613,0.561130174090292,-0.143620336752443,-0.203652801672995,0.203725872059829,0.384779492989218,-1.74381553335296,0.0941220943681999,-0.216631883987444,-0.245010448233969,-0.059652312117204,1.38868828557557,-0.118188733953914
gene667,-1.38209155146874,1.57148153529046,0.275148499716972,-0.999242680775599,0.0846149155017176,0.507789405994896,0.0903946020033797,-0.0543821893896592,0.0716293799342661,-0.6422063690514,0.796729133415467,0.204847268233371,0.828105035376755,1.22745819069841,-0.899853400642015,1.27684084253262,0.351162975509791,-0.408878464277159
gene668,1.81092029078049,1.53525556891666,-0.567819557847207,-0.406788272812811,-0.673601927979302,2.08325094676296,-0.433869540108527,-0.223769656693942,-0.453308716994781,-0.488689075046462,0.330406594333771,0.539460830475628,-0.294243072007505,-0.602203464037076,1.16231293384014,0.601672083941408,-1.40405224707433,-0.865189687978777
gene669,-0.240292969082978,-0.178026946747551,-1.47214550210096,0.592320935824065,0.650593133391785,-0.342942191813807,1.15278958142156,0.177520428664424,-0.163876168463895,0.819240897294189,0.654456622098945,-0.79933758420884,0.0233640588528599,-0.665358002779556,0.277306180329139,0.487600364697397,-0.67700364075642,0.757979616150518
gene670,-0.507219197210396,0.472520408838262,-0.0199196925902823,0.637461016975385,0.551397987699073,0.696516393277681,0.428641061754646,0.0330594296152238,-0.297219786283476,-0.844894988860153,-0.0081960466458099,-0.733781252266234,1.32496604551638,0.129075550807008,0.506303692410992,-1.0365509515201,1.11495996804812,-0.637255267270046
gene671,-0.270772781581218,-0.0985853032109616,-0.84256984478115,-1.43848275132816,0.306077454389524,0.224773024969274,0.66614642982534,1.0308102701433,-2.11226250804295,1.509103796767,-0.31254896287283,1.01169802519745,-0.183277566851194,-0.583401112136896,-0.957445017923392,-0.317296480658083,-0.949178803691165,-0.268173553027971
gene672,0.175782169692384,-0.53560018260358,0.245867280138433,0.967061561979815,-1.0064101273846,-1.19693471665539,0.295108474403404,-0.0075273835892203,0.454049894438828,0.594173019188653,1.82284521713871,0.873367139150955,-0.882664919147079,0.0787302523814695,-0.0834078366760898,0.851432845391672,1.29989930680553,-0.153555049491108
gene673,-0.152161005277052,0.499515914200743,1.09479140687425,0.0679798802795866,0.0224530423002388,0.556152348348186,0.0348246808042608,-0.339149063166134,-0.440383362834427,0.446074411467857,-1.6180090697853,-1.10910614031341,0.550212038392477,0.815743071628846,-0.224286974602737,-0.471751773373685,-0.407952248053279,1.14602085452984
gene674,0.858588582379269,-0.463953295345293,1.05361781174153,0.0867036572294375,-0.477796058081622,-0.0940680060198692,-0.997827617465566,0.434912449715402,0.763095134321923,-1.1846592053956,0.479499284909246,-0.699477392295748,0.461500686919423,0.805005222866642,0.178061887637483,-0.605374816635809,0.801020349391922,1.11765358337328
gene675,0.25420308124674,1.54913518533264,0.97899492574995,0.891437759546462,0.0791448689798361,-0.20249456809857,0.371478000940468,-1.31871102908926,0.0563366709204357,0.84619063630821,1.00930891273923,-0.4080934388556,0.0321403481289292,-0.716349077061504,1.07005916689562,0.332875228744725,0.214980856848792,0.0852133194971454
gene676,0.535775544352066,-0.0231348174394497,0.81182304911602,0.272457676066418,0.999882558182673,-0.497453610825648,0.0683660253462756,-0.011618765117432,0.537962855057979,-0.0474955875469228,0.504670792848229,1.16510993407775,-0.815507884882685,-0.679214881653613,-0.0399409793557222,0.907791502025565,-0.0918277400601497,-0.60493698161172
gene677,-0.253492207165184,0.477853335111768,0.855175124535378,-0.629606808235978,0.776885214812115,-0.359788175365831,-0.276824283355139,0.0517887035172092,0.0395792859578894,-0.0319123605131453,0.596440667737139,-0.301418711734103,0.184187216857661,1.5669696368719,0.131323447461127,-0.275785670664504,-0.235631695899777,-0.132917048084714
gene678,-0.333625530520936,0.934235339015773,-0.0017579418427402,0.0085663023412027,-0.187918942522493,0.293196171849715,2.05061518679838,0.0202677218477455,-0.0962849129939023,-0.553386733238406,-0.0026705774881244,-0.369729274474922,-0.0944345180717368,0.182492125543595,0.391646534516897,-0.550133482905416,-0.105740060798415,-0.636864446276529
gene679,-0.0228567420875339,-1.32175534119862,0.742498123655275,0.135942888145039,0.136541900271637,0.519964262365117,0.634192174837446,0.171711958087081,1.34375416590211,0.638946719395938,1.231821090101,-0.472473590941588,-0.286870410356802,0.0066401208538849,-0.112121120662484,-0.763040621721443,-1.63675395645824,0.619110640986863
gene680,0.0362818428298824,-1.15620752161027,-1.01141387145827,1.14408393599618,0.52897544037526,-0.441162482531332,-0.97250435212184,0.37265471443683,-0.0426775614045196,0.366026824302264,0.651315050979343,-0.112819969945929,-0.951330858402741,-0.0062989963442562,0.275911753190564,0.0220436849183723,-0.741706042983789,0.149079432907689
gene681,-0.151942312425049,-0.381221808442154,-0.425800551223538,-0.565352874721928,-1.40289704092949,1.51337303100922,0.0109628137887908,-0.431895581440923,-0.955279816604672,0.747713550977247,0.830634427466694,0.475046730540617,-0.356717592567228,0.0644561596367739,1.41146458315223,-0.0328324463299744,1.2296636745363,0.776430480752548
gene682,1.07594345913156,0.425311407186752,0.67043102036785,-0.312121610207502,1.14668916432698,-0.585082747225398,-0.757178963781493,0.851103003398803,-0.878980000973396,-0.421494969449955,-0.618274441997358,-1.55326338115903,1.19806343157032,-0.308192771066083,-0.637714935177454,1.01413275984627,0.0603175076779975,-1.27941587915197
gene683,-0.344521988255814,1.69528468562661,-0.204426005249304,-1.15879588288135,0.0647062416050409,-0.0863385252855141,-1.19949169512149,0.389808918955432,0.939825453401906,-0.360864635228999,-0.492714924388995,-0.266400345992825,0.20242336438031,-0.0747080130954226,0.327843276271634,-0.152469812193755,-0.865777230575598,0.514822627143677
gene684,1.40345374114192,-0.295498037941058,-0.683275834057378,0.409791372896186,-0.295511591879879,-0.813344464609059,-0.113630478681175,-0.412470985197531,0.552231416057101,0.831739938597545,-0.12433501079366,1.07132089085234,-0.382029590415184,-0.679454890286382,-0.362076207243337,0.533885213867672,-0.251286867388365,-1.76351724192657
gene685,1.72729367885938,1.08950735203171,0.579522206256959,0.0077251860289271,-0.376562616436173,-0.156119418363096,1.62699851900763,0.139278007290457,-0.270773997398521,-0.455756775544951,-0.589531397615072,0.365448701958634,-1.27170806323672,-0.101541062152864,-0.239106232537474,-0.295564139776107,0.100004918566671,0.858287130699697
gene686,0.425694826696304,2.19410519306749,1.68412095849994,1.0552136900088,1.42424806466386,-0.510958829312466,1.48423788940326,1.12983101870888,-0.0368526850889524,-0.468318065392632,0.0110345299963467,-0.0396883479920113,0.799244528138087,-0.52751014986212,0.0138244137120095,-0.163009528992237,-0.131245051696181,1.10692348332466
gene687,1.10224500849665,-0.273429999099074,0.270276454215199,-1.2303289318134,-0.904888154307603,-0.178753864245117,-0.297794768877078,-0.0194062942532412,0.0123410634939379,0.293987445651549,-0.168720362559153,-0.520195967675538,0.55268502698663,0.564245732664312,-0.467890608710832,0.841763132027073,0.121661803782436,0.554848664479313
gene688,0.717671592306248,-1.64680609033049,-0.772444655606571,1.14169691706821,0.539863133916956,-0.329684297598875,-0.83257629730675,-0.303445432727374,1.27728192930814,0.576556702076891,0.57324267538191,-0.606016211290635,1.06728684849269,0.249619003850326,0.778615295120874,0.980667087935913,0.722212734242325,0.819951274140935
gene689,0.84136393969004,-0.578555465908988,-0.818272833066388,0.595795634608601,0.679658217251281,0.488019054157611,-0.687704836526397,0.0797085060770752,-0.610265651873605,-1.34353797779986,1.15212558703474,-0.909037621475591,-1.34021816997106,0.293643564826649,1.72329296414929,-0.405316389217312,0.671580028175615,-0.14341020036894
gene690,-0.0441563898989979,0.0079650777646014,-1.09807713440558,0.307615100178118,-0.673191095465691,-0.884175166790584,-2.07858805849524,0.221787700448041,-0.418130347307953,0.235728423337469,0.0187366540733545,0.715645937676695,0.456604703833438,-0.329187091100413,0.493593017831775,0.525102489564248,0.562035957702491,1.29850886228094
gene691,0.335949058446944,0.098083492260001,0.446242288165562,-0.97250404737336,-1.61043907696471,-1.49115564443042,-0.231939528332884,0.431277300442892,0.965642507772952,0.265531139299028,0.140904691234965,-0.26807560942002,0.746551645059512,-0.519308264499705,-0.960143417186066,0.197561134623863,1.7072094447335,-0.296956778556861
gene692,0.220719585374827,-0.575280219720951,-0.622579971592164,0.143295931831702,1.09417389099225,0.0701751626347476,0.044623056110443,-0.292624629772952,0.0963481924643882,-0.112346243704917,-1.51731585160528,1.00635967921631,0.709994639771637,0.308633183603315,-0.0402343424326124,0.206973360054523,-0.484689170958501,-0.334591385306476
gene693,0.380436742664188,0.106004072046307,1.31245844596648,-0.423963048577649,-0.0658537766748911,0.365071014783518,1.07439337855104,0.0326093507520495,-0.213466311315287,-0.0766376083386371,0.0686677382512932,-0.801347694649908,0.105866473091948,0.0380452135889228,-0.662503580869646,-0.0701053918398076,1.15615626187185,0.622786293636465
gene694,1.33206192374958,0.236266884373047,-1.28113203297626,-1.88408711764114,0.0857309820105544,-0.553233516855,-0.432287279210193,0.0221395359224558,-0.870666808882202,1.46556831720357,0.474113809338574,0.173920786509567,-0.114636340457824,0.839641480003722,0.541520868229832,-1.37087673503551,-1.94645282511877,1.08160436959422
gene695,0.137499259065401,-0.861040918022152,-0.748982097336034,0.31606745787094,-0.442625198731567,-0.163829184566441,-0.125715501619954,-0.555756489316782,0.422766491462611,-0.556005086972936,-0.501979036576958,-0.729455971909852,-0.400503685960766,0.566395187942261,0.310801637146315,-0.454657253409394,0.716072320334783,1.30274513545516
gene696,0.808424090259833,-0.554678670507213,1.42523386355274,-0.523074749275818,0.196355019275632,-0.403161132338384,-1.23523660730405,0.456137657317447,0.541106409334434,-0.205902500608576,0.468064232538259,1.15081670767801,0.8167425362455,-0.480067923121095,0.817064037991785,-0.0621555216302948,-0.0630619278456729,0.744333108549377
gene697,0.100833718711926,0.364700627925489,0.632231216020663,1.2814320437432,-1.16595265901174,0.375356475806789,1.08735476152691,0.229783233918267,1.35440650224048,-0.0584742465596167,-1.20087864520958,1.29378086983245,1.33490182818974,-0.226044191362378,-1.33915387546506,0.592458935945681,-0.976341279473241,-1.45754245270625
gene698,-0.838064293191472,-0.330598354530497,0.911774745584518,0.0607747655291333,-0.337744099182024,-0.278000337705441,-0.502197224417626,-0.179389849927996,-1.34911302210055,0.124279531918732,0.227625455779607,0.759527300039782,-0.631318968115898,-0.314920641002145,0.288001425455977,0.0774516327911441,-0.728444666933515,-1.96180941048123
gene699,-0.735732771701285,0.252325848493708,0.210075402348042,0.636107818018146,1.63346681768233,-1.03295581576372,0.500280868589732,-0.433514155280824,-0.13215048596111,1.27863973668451,-0.121085732232322,-0.502865331175009,1.69865808721896,-0.967778469505409,-0.586205959022087,-0.40081351398798,-0.737164499513365,-0.724407383130521
gene700,0.117316983165814,0.326902171804588,-1.13274271138584,-0.837908044990648,0.0540351661540454,2.19676663216438,0.0116479506544376,-1.61698120994154,-0.0462808816004925,0.540977272882327,-0.998964108860581,-0.343530050299356,0.164313504649983,0.916396691511696,-0.256688927751307,-0.526301715228577,-0.339359624854113,0.492118381949655
gene701,-0.572676543917566,-0.571661574851314,0.136872667071749,-0.216037849470241,1.08981914467975,0.804516037934014,-0.855803545796157,-0.61011297375388,0.328434491920961,1.82295599881463,0.326168047925598,-1.19959359655176,-0.530552946663794,-2.2961455226581,-0.245448535361223,0.832090779589492,0.590973804036901,-0.185776395240802
gene702,0.0418020106600018,-0.0933441329647411,-0.713336260899325,2.78360521316933,-0.745070122231812,-1.26344525597562,0.678116065222955,0.472216384075445,-1.05516807132984,0.61758596726337,0.390693391450945,-0.276115487050015,1.94830625451593,-0.80887662981384,0.703018923576815,-0.745322725811752,0.940920204937123,0.621084106402054
gene703,-0.376118062034095,-0.115101023850381,0.150106177240786,-0.62040278264522,-1.56020464207786,-0.337105928662724,0.1250581484035,-0.0828580346776162,0.826668945122837,0.864281402085773,2.12467456913238,-0.0219598959945833,1.24231840242371,-1.51411906874517,0.393891242301868,-0.553757802739756,-0.89834993632478,0.297161963262403
gene704,-1.90950698894728,-0.164474323869964,-0.852798265181444,-0.416942291442732,0.630448669456532,-0.306951361403235,1.60137090892797,0.137142583271965,0.677917032601712,0.515505021885369,0.529255833345165,-0.919760271716427,1.53163564881053,-0.231488873851942,-1.40358146176467,0.607160905807438,0.565736827109862,0.242842673708655
gene705,0.603681155272746,0.503250169671743,-0.003385030841987,0.162813005007977,-0.284968352230286,-0.194464602297627,-0.0287027979332062,-0.341778613522083,0.386493355879057,-0.15573054020154,0.48920099569486,-0.549202784224158,-0.240237102785335,-0.625104434696806,-0.519246835518883,-1.14987187031098,0.0341632276380676,0.909042727768459
gene706,0.0021032220147741,1.51303574802109,-0.70954894579565,0.372380143602691,-0.348272285410022,0.379080476667296,-0.231972728012803,-0.938246629001557,0.283615476516787,-0.125567260907666,-0.0481326836505228,0.954259014915025,0.115195033634506,0.368557218869458,-0.233062811554288,1.44148705082661,0.445474266076795,-0.690917143026574
gene707,-0.869416156741004,0.637080000290515,-0.299552511215969,1.13897280117068,-0.890283940288555,1.57293805735681,-0.262512675987017,0.861831991076063,0.676030294600613,-0.70608308451452,-0.0151064779692374,0.759842230537171,0.107051961712865,-0.0206997903313413,0.396125016392448,-0.743929732989982,1.37336044172659,1.07726983308618
gene708,-0.306835779892368,-0.465015209335097,0.267810508000083,-0.807517977030898,0.319762821180592,-1.58690316149576,1.14146272214648,-0.0790307238783577,0.516331769495529,-0.471116703858051,-0.54963550433069,0.874273613859565,0.0415366800709308,0.0089277858189885,-0.997329705720517,0.516701248057915,0.242570824931975,-0.170676511185749
gene709,-2.10756492052558,-0.106635324302562,-0.894618489422704,-0.881764805905136,-0.673237495672291,-0.548426388261683,0.277529589846883,0.596977092026184,-0.323844396642119,0.944042836048105,0.930232006508954,-0.351810638621189,0.68599227703839,0.300643799526759,0.331925068699846,-0.374885270688957,-0.837025547093814,0.01581557469204
gene710,-1.71038881032536,-0.951717153977571,1.55681780184775,-0.245559595074911,-0.639071059288222,0.158671351931479,-0.0652963810045941,-0.519913810135261,0.414604138350297,0.473152555354467,0.0029560497820284,-0.117459582529138,-1.11168540417202,-0.753700258895851,-0.911186331357519,0.520684569147329,-0.0525069844400591,0.000394903945148
gene711,0.653926878559612,-0.282536113723145,0.207179986211649,0.0571443701624728,-0.279367412359064,-0.897323793469912,0.686389426377158,0.461235062771601,-0.0568367244224495,-1.09527571078174,-0.515316799849567,0.625907155365948,-0.41323152840063,-0.943489425137058,-1.17468338583965,-1.16320772799906,0.0206866113029526,-0.273198295421124
gene712,0.772037259283322,-0.320615418391559,0.323885055315581,0.50439735644769,0.0810707212767135,-0.577906021974332,0.779145968878981,-0.475730637786306,0.733629274236493,-0.95759790007189,0.127714978627482,-0.678781863328694,1.36678813035838,-0.0667776870579219,0.285095686502144,-0.947252815876997,0.487324116181802,0.187507796197113
gene713,0.342500757478151,-0.128366969823403,0.239340789402877,0.386007167873111,-0.334361248805473,0.0794680769715053,0.130115752897327,0.852912178227618,-0.680698161898627,1.48512280344816,-0.982958023275245,-0.102645297637202,-0.572409705923215,-0.105517801366178,-0.0659825942561219,-0.528451583177865,0.802306269601555,0.549865798289455
gene714,0.0225165447594164,0.691309626922162,1.4195221193021,0.853331464132139,0.787733203556099,-3.10317552021599,1.29117793056045,-1.45904214321739,0.298316049700813,-0.226530383094394,0.977228023915173,-0.524500153512431,-0.612152004158503,-0.552870901955969,-0.738456138874018,-0.586609371813812,-0.135644904467766,-0.0143683619055354
gene715,0.0959814767214241,-1.25187190898119,-0.33979573412069,0.106380167720144,0.227917532385601,0.140740208685728,0.490233626871967,-1.52390086165616,0.282122473361186,0.913477577014103,-0.940274764435686,-0.180609045232576,-0.730070931368445,0.783912733542236,0.244946148658216,-0.74500372880496,1.56816807329859,-0.894370850127169
gene716,0.0257654660762778,0.265580927313284,-0.489108932154264,0.0601622209172509,-0.439549954397954,-0.61091274903122,-0.261742049667626,0.954382117042425,0.0422759199585841,-0.278454315724869,-0.523048692410787,1.116215810713,0.319285298617202,0.386116251758809,0.0950006625802833,-0.990799007227573,0.642835628129084,-0.145418528051699
gene717,1.01306437310407,-0.699549465730226,-0.193287893592956,0.869552365927166,0.549748413867973,-0.92505194914055,-0.651101714682382,1.21259374466013,-0.0378324949594831,-1.16912469105472,-0.885769395570092,0.699831948884842,-0.58096970170982,-0.223849646068777,0.595535810305401,0.959435703048297,0.282067101060523,-1.46488542554708
gene718,0.676555817101245,-0.347929656330546,-0.44829338174372,1.57940056631457,-0.114059988890541,-0.329491816701151,-1.03641874398736,-0.193632523070025,-0.715020839910835,-0.201889914920315,-0.126612550512854,1.23810820194686,-0.181759964404266,0.455213388280443,-0.168484530656317,-0.0895906011141883,0.251573850479509,-1.04575835194955
gene719,1.71926964037657,2.06183336663539,0.795296102170528,0.721860345828078,-1.43177666096347,0.385707408143894,0.931170090719522,1.02627405517275,0.754497675677288,0.71925932865405,-0.192256190181179,-1.05737604880351,-0.371779632009778,-1.0223788460211,0.232311243326377,0.302106827387845,0.888000141997951,0.220743608317833
gene720,0.620385682884801,1.50406255864381,0.986178438204325,1.09454806725809,0.122710196666568,0.211229670246782,-2.28214735391376,1.08926142782425,-1.8945143602702,-0.744868968237336,1.2643594853992,-0.286070125534051,0.661500665080295,-2.2698630603244,1.05377196748714,1.87743278151457,-0.335490563465656,-0.389120546129195
gene721,0.682975368159206,-0.753003291042824,-0.758729905944835,-0.91138621815755,1.35713098366351,0.069295965501971,0.590553376811594,0.0255502257199476,-0.690937691580302,-0.691841871499543,-1.05098183349447,0.539804929236701,-0.703091686306057,-0.576375124675216,0.293436161720387,1.44582979290132,-0.22118105850641,0.479069252941885
gene722,-0.746756277171604,-0.906491744825513,0.0144010530296979,-0.0926140215270897,0.27871200056894,0.94695882392395,0.876499812260833,-0.444270931228188,-0.233012952908533,-0.365019270466344,-0.15449736392335,-0.408415737995324,-0.855874848217521,-0.406655561319011,0.0998893348541215,-1.01164492183364,0.512563709629465,-0.169817045872258
gene723,0.078208012981078,-0.276463405329539,0.930879564409525,-1.16363394114816,-0.0539075185587264,0.0647236077629203,-0.218522470265456,-0.318905520965247,1.50647477387638,1.48537287971463,-0.987847997951404,0.433507376664516,-0.448780612185931,0.0185412517680256,-0.184990953927286,0.224865837408454,-0.462142552637764,0.487763567603101
gene724,0.265599532353372,1.82572278949624,0.111247535449423,0.542907804975396,-1.03658556424008,-0.131565067058084,-0.743111282204696,0.533864383412292,-0.089365628135036,-0.46117933909155,-0.231059726819712,-0.820453824389608,-0.0106953151790106,-1.99409668731812,-1.78484643242979,-0.347448138701863,0.432714685188459,-0.920289262683669
gene725,-0.297457155201582,-0.0643150400609057,0.436009980065857,-1.54531644719789,1.48116759659143,0.212838831332746,-0.131053519878731,0.802201206394218,0.343961635574929,0.95054847752565,-1.1189891663091,-1.27003638467712,0.915168131357411,-0.17421790492857,0.158491129474069,0.165618859556176,-0.306842443841104,0.302721082847165
gene726,-0.670370476540506,0.0057499189641016,0.375799895494851,0.0928129257819755,0.236831596896836,-0.454526920907338,-0.467790053695508,-0.582609414536631,0.522720805227072,-0.484440020093449,-0.0663413621942907,0.145388800365806,-0.240433233431677,0.277613759586708,-0.283214732003377,-1.16948544162361,-0.743373198854724,0.187091581027266
gene727,0.584130468374622,-0.246090873415297,-0.860169687066387,0.149118612902349,1.15422255787196,0.310992574403977,-0.110452637236773,0.192292146002359,0.240217676496975,0.458908128700271,1.06404009035788,0.391967915400923,0.191653759278707,-0.806981254340991,-1.69004543023458,-0.733170226485089,-0.506741397169548,0.253409527237579
gene728,-0.0974005501685451,0.732618502557584,-0.0176375744261877,1.15718676471223,-0.116877705139741,-0.98164169723548,-0.0909988137226956,-0.186936763866317,0.690594359140848,-1.0205413759937,0.565761919896808,0.288546185822053,-0.127606799488585,-0.413669136089223,-1.40473749887642,0.200670477727009,-0.782572308633549,1.40639033872554
gene729,-1.23867533976508,1.30111567390943,-0.303884004442242,0.858499765949497,-0.141792467299315,-0.301150189853914,0.315469448096141,0.995215394914261,-0.324129824966967,0.451819851640491,-0.533145317507113,-0.44793544648776,0.0385931515227018,-2.27331122949357,-0.496015618471928,-0.770739494877775,0.492661669041425,0.378197809313979
gene730,-1.05888470092192,0.0053306711590521,-0.475485245198101,-0.456084000999669,-0.167522759972458,0.754923973368108,1.08729569282422,2.34118296574502,0.852996817918099,0.335490917427423,0.633940351853672,0.930165580748593,0.357911387836263,0.46738567798706,-0.301794974958914,-0.526545777579883,-0.108041005844556,-0.658173807788771
gene731,-0.611457844379096,-0.0940096174629139,0.702848402112422,1.08477741498248,-1.02550802344532,0.235920373320024,-0.542982127253699,-0.615816005274766,-0.836006945670103,-0.459676050099793,0.328999289683437,0.161878146034695,0.164718394197225,-0.81501566359433,0.829605384806919,0.894294639122556,-0.733484129157491,-1.91294023757422
gene732,0.206681745193603,1.48131256218586,-0.0827646058885381,0.162758010662977,-1.25042499063059,0.713641713937911,-0.692464234643606,-1.86891778909187,0.516533616293035,0.324800982488982,-0.0654437626951823,0.0275048504388348,0.105493076962643,-0.0577725028761695,0.0900297962084939,1.81073096848189,1.81736013553078,-0.964530379950995
gene733,0.167131275492868,0.79573759215219,0.319387089363746,-0.696612487858866,-0.919981296470343,1.11198144743362,0.96972398721543,-0.71839179546285,-0.154162098351891,1.25852258960056,0.319891711370323,-0.182913885242011,-0.782350843714062,-0.415094073377924,-0.200338512756577,2.06007605670397,-0.890552691386294,-0.332138103043784
gene734,0.33448622622758,0.0267402567208315,-1.18387449971287,0.539966716462405,1.05937287649714,-0.468257253492778,-0.611977329426369,-0.580663915896914,-0.22144018556464,0.345414927958098,-0.270042456283928,0.728192400720652,0.61963824580021,-0.433986533059744,0.0535467791327615,-0.254574984453193,-0.148180451996225,-0.673291708725823
gene735,0.286774022905535,1.06503791601393,0.148084069216222,-1.72773133312279,-0.746531735875634,-0.631313458502561,-0.584728846633243,-1.0608798823524,-0.118896844707316,0.226888287671805,1.06251232268356,-1.20074417581326,-0.444111805295046,-0.929400970328784,-0.407109969481806,0.522715255073413,-0.126891838524734,0.159411161150046
gene736,0.0594405933557876,0.287054849760801,-1.10222889951367,0.763162108008066,-0.972314961501684,0.96019791551082,-1.35854313373818,-0.128949733901954,-0.0989410721125469,-0.062779697559981,1.39514811721076,-1.2599002441066,0.606765136930124,0.355618147425956,1.59071901923171,0.848985987892888,-0.36858261967465,0.267978737526981
gene737,0.658816484073203,0.0261001751649437,0.12283714458121,-0.45106076312821,-1.10144028284001,0.969780181212374,-0.238256907663825,-0.69676755524995,-0.798809838717932,-0.280022827116676,-0.0932254262589882,-0.0399467548138101,0.4234590459919,1.50593146257108,1.42666708184422,-1.26022641167247,0.366664540205098,-0.330749927957567
gene738,1.06421501937134,0.0240850763733787,-0.946693983258569,0.0871003357317792,-0.0342797012317073,-0.4824307729706,-0.576763430805453,-1.02375155297825,-1.39232178718656,0.111605278348034,0.771133695699211,1.73991124757769,0.0245887420103082,-0.168278398398926,0.496484051587625,0.576293395681052,0.343507175854343,-1.62245151159788
gene739,0.0642031185408754,0.577141694458447,-0.687083114667543,0.648802959656748,1.56106837214168,-0.13440163079391,0.174289639369524,0.0216695450053503,-0.649915174098777,-0.102947704079578,-0.229479590930385,0.676405515219357,0.673033441042699,0.0266204009790745,-0.442703177488096,0.524133046125211,0.383976172215454,-0.146658616640136
gene740,-0.139154832540217,-0.566786211007811,-0.423119406411991,0.534890518418782,-1.00671533168872,0.0710888154346381,0.123728534734465,0.260367423768513,0.45560824723815,-1.6723324938912,0.359690766361787,-0.598882146744345,-1.08069397901207,-0.455086816318084,0.763602865038014,-0.421112841096582,0.707670020082612,0.38002954596094
gene741,1.04572253281878,0.238490408376954,-0.262161996875043,-0.15259865369716,0.975426295492383,2.43284936953308,-0.109572448939901,-0.445690265720582,0.995761185559102,0.372045180639174,-0.018144882315562,-0.0771531820078069,-0.793702370721459,-0.800792711540135,0.102372363671111,2.15305780589673,-0.557501985871039,0.0128165553092502
gene742,-0.109071990368303,0.0807480767610389,-0.113420350553097,0.293016983016139,-0.0901313652184918,1.25045425587223,-0.651724311344212,0.0502776557857316,1.40414452357413,-0.074074206168105,-0.0859187456068047,1.17036505636327,0.0543115089528499,1.48615708251272,0.155300727304287,-0.867105799581764,0.364548981849697,-0.752505798208372
gene743,0.0011732428626522,-0.295236482495931,-0.267064531482734,0.200123277335365,0.854506340252548,-0.473306003925619,0.172411898353107,0.022332985408286,-0.604442717450247,-1.61051238431492,0.555549677973232,0.228151853806222,-0.26382971084733,0.306322647606944,-0.17239142417754,-2.08281326300051,0.636377202539626,0.778045879940784
gene744,0.754660594400583,1.00929802254863,-0.989485016787208,-0.345147482391245,0.0480612938068549,0.827404207840502,-1.98158404834699,-1.06718756481666,0.193248630050726,0.294797964158045,-0.685645538902171,0.898199889226436,-0.206583204755459,-0.595542125133914,0.175903531654254,-0.25235760936604,0.583988335490991,0.348460102048506
gene745,0.660902501976642,0.859383076582261,0.0624986216885094,0.529632168693726,-0.100114389398953,0.639661926665487,-0.47479516804528,-0.134028084388681,0.954134624164144,-0.829761906878569,0.540372929559219,1.61462365499789,0.380685681863015,1.00696095174551,-0.1468624595928,-0.576711900043561,1.27612208698063,0.510034337897872
gene746,-0.479137573451458,0.595045883743687,0.454154105645288,-0.0748818247773802,-0.439417040103452,-0.352258737401717,-0.581966038839112,-0.215851822310996,0.557686965925911,-0.376046131366569,-0.456686027127747,-0.332668901406312,-0.859270000230234,-0.447095157094434,-0.767883670739827,-0.131210819617498,1.10909683913396,0.0694884902704182
gene747,-0.249278387062557,-1.28170833577928,-0.141257904062193,0.627953801626618,-1.19356848723906,0.0425622623178799,0.106848069344704,0.191224112203977,-0.331135067551241,-1.31049643810225,-0.524591194279662,-2.11192592989903,0.549923147430876,-0.498155002822846,-1.38809837392894,0.182353500399089,0.0525890239143633,0.752386589871444
gene748,-0.230519505651344,0.68864458616527,-0.73697057127366,0.538623914159432,0.503625484056428,-0.679595275126723,0.855827601798714,-1.04813402097433,-0.629800898752947,-1.57550967615993,-0.648943434041655,0.641707143597432,-0.401350816746723,1.29617985655231,-0.353905085079508,0.410071733816742,0.37395808438157,-0.634600065676999
gene749,0.0586107843144627,0.583326046537424,-0.059780081138408,0.798369166789294,0.514002029939102,0.588025510315328,0.773331254751934,-0.19026512809905,0.761222223675641,0.48124354087443,0.719967099986032,1.26489474514848,0.701942098190583,1.01212722551114,-0.318626907604976,-0.592996115128838,0.264995178666264,0.339454244770219
gene750,1.00700476997536,2.07270544909229,-0.478187398635026,-0.318913171507827,-2.06682734567499,-0.0602866570213255,-0.790644721759692,1.07241183444655,-0.0437958874247796,1.40838083780873,-0.848775509013758,0.849720254043998,-1.08420343710567,0.343592933844683,1.38239959692988,1.06315648432898,-1.12556251784214,-0.671460058620525
gene751,-1.35903484318103,-0.0162226407075716,-0.550827118284613,-0.427018721062345,0.474085468975507,-0.594085143039961,0.600455927148769,-2.03483279220411,0.122261937902679,-0.166477342675373,-1.15195446752719,-0.837381284204902,-0.575077984426863,0.371967391971565,-0.130432760560187,-1.00769319238004,-0.518347812776379,0.972481279205764
gene752,-0.813828737251743,-0.52259598958092,0.159029338956023,0.0822221235153236,0.886004168923607,-0.53065020741707,1.48242393967591,-0.247747334481042,0.101780465734285,-0.0900154006547378,0.973092320705204,-0.005473485049491,0.100136654956954,-0.0185549848765877,0.183645608890506,1.52185094347178,0.137227904487642,1.23844185402756
gene753,-0.657500749523865,-0.290664528184349,1.44297993028693,-0.813431834523914,0.284719335255159,-0.886895502446086,1.75261382979423,0.324766213088191,-0.501460875965841,-0.0104397367029891,0.570675906555838,0.214049159029807,-0.297847826712711,0.320507435947279,-1.54061812660952,-0.196564817710592,0.525842979635731,0.351364624841251
gene754,-0.289779374418995,0.0729114036560907,0.557244350652463,-0.301344769039831,-0.701272527629506,0.136308390345219,0.09287899020867,0.265965995662827,0.202029271282836,0.132253510394136,0.768707616400129,0.362398621837092,0.335077452420925,-0.311308324893338,-0.434409752607687,-0.104977199914425,0.320704767073094,0.148467654141672
gene755,-0.0369546524943811,-1.15454234843963,-0.880390683963534,0.332168650791998,0.855461903626352,0.192961858085096,0.412131254999727,0.0985498599056291,-0.0960606467513614,0.35423178493728,-1.18473803943853,-1.70428146941362,0.904122855209396,-2.28678891099143,0.316919741475825,0.96138051740823,-0.259150978693432,-0.662225349053231
gene756,0.693954294109279,-0.906348575020991,-1.33448469042898,0.0398139495616679,-0.732424894702424,0.181241557306252,0.57083222461677,0.354843495819499,-0.095571462187889,0.40995213059191,-1.06306562697296,0.126059543523312,0.356896826682615,-0.913461041074161,0.824691511685829,-0.245066334185485,-0.515061870105077,-1.4366082523286
gene757,-0.550254866620996,-0.347393986563777,-0.322675085622018,0.780549460176831,-0.134128291575195,-0.818303713652097,-0.329023771882144,0.650062598634692,-1.08001500427154,-0.828383923117869,1.28096069980617,-1.53449510530158,1.02771747963792,0.499058571528817,-0.747054945023235,0.898394943008039,-0.0955776578854847,-0.137760499705265
gene758,1.37164281041728,-0.360715028797698,0.417586419928,0.472808735152533,0.342356901913604,-0.550953325803768,-0.317984611584458,0.377842693298327,-0.476337696679299,0.385642740377879,0.528630296776859,0.690348027493592,-0.161338488689861,-0.487005717928847,-0.330506554393568,-0.625598999053353,0.51738803065891,0.453257346640675
gene759,0.0027709780916267,0.364691820895792,-0.865447447948468,0.408315141310317,-0.18512931032457,-0.594273832682109,0.893969216941379,0.355715339954533,0.0892050391871584,-0.813859842303649,-1.18264194942394,0.393254131854077,0.199634497022743,0.317749911684596,0.177664281856713,0.0272918766365935,0.146337555309206,0.878110246831481
gene760,0.514357389499264,0.289779311569765,1.73633469224377,0.044002242926351,-0.616874430287819,1.40067986226385,1.32564287397518,0.890124439840104,-0.164909282500258,0.748266429135522,-0.356456132335965,-1.27379191067162,0.65232523763577,-0.33266703223472,0.601250580660181,1.445674057468,0.374442054705678,-0.234688135438479
gene761,-0.353746410992949,0.863507966066288,1.58118051147668,-0.657063788704351,1.0758083388637,-1.71845994800932,1.95895553837775,-0.388865042783579,0.568194229338015,-1.09942685895254,-0.543857792094788,-0.652954344314112,-0.0171115767768028,-0.910831410322507,-0.445315315225494,-1.94435138168629,-0.833901336596355,-0.715725865045769
gene762,1.39145512312213,0.242811598332295,0.654881218747263,0.0366679272070268,0.225652397358105,0.618193085675345,-0.294868062810789,-0.226278180728853,1.54515968279643,0.33973889516571,-0.760237779396516,-0.429480049222839,0.686383223103467,-0.417897348799793,0.116064041367901,0.376513021857884,-0.881976141496401,-0.9559261536934
gene763,0.0738292925891088,-0.341600730986698,-1.17219031385951,1.00125350854556,0.500714525118776,0.178101860106229,-0.515812308554468,-0.320598679910206,-0.799093364388937,-0.0129673181451298,-0.0414991191681113,1.00904945662796,0.863546255174043,-1.04471800944341,-0.0499935507733111,-1.30387978259772,-0.974056387733342,-0.689246715310461
gene764,-0.587492436811295,0.223715281337531,-0.925461056952159,-0.0845010848222462,-0.388134953304595,-0.199366215097716,0.30135171788803,-1.09121728533877,1.04681457495086,-0.433272099065366,0.0975551639424787,0.357938302906534,-1.72203450832995,0.547966258619599,-0.897738849737762,-0.191347685031381,0.413900414532406,0.418628084673062
gene765,-0.955512407675109,-0.538278443099051,1.69693580625259,0.447558949807563,-0.297758232324568,-0.510258717268206,0.411851654883117,0.814763511284192,-1.93300419189706,0.869185002082774,0.752228108750312,1.09255922008705,-0.758517333365446,1.19934917524558,-1.70810286192979,0.729128280490445,0.0083973289109693,0.565407329290273
gene766,0.536990764787484,-1.85944917671785,0.802001271741002,-0.404472500223803,1.0000581949104,0.392813014237137,-0.626217223859762,-0.139745789383794,0.796285430780128,-0.366281815201067,-0.651598583956129,0.431174476988397,0.226828949184851,-0.441004238111581,0.613883684930691,0.672445672305646,0.314630475920825,1.27912898592679
gene767,-1.04640337612516,-0.0130239376719564,-2.11503457785537,-1.05504819255934,-0.120740060190644,-0.436697161390425,0.90744211657117,0.0312500430236565,0.766538242324728,-0.492034229471633,-1.38954969636671,-0.064356904129784,0.781339484151194,-0.701672646399555,0.0245289776452292,-1.69353129231276,0.0183627458851906,-0.980345858531661
gene768,0.895577957836449,-0.0992501018686134,-0.397262499612272,-0.233285029201405,-0.275524372877986,-1.65881145045347,0.436216687136901,-1.08206213821519,-1.50208053746973,0.156816499915636,-0.0134726755205299,0.312423282451743,-0.554784242245976,0.36116486607893,1.47808585339785,0.985126584451549,-0.219124050595958,-0.231753898870417
gene769,0.0047428204368174,0.74604221470364,-0.252522498796409,0.367951576243701,0.258299118718721,-0.284130259676522,0.49907384123452,-0.304431526539533,0.154039195131593,0.464229561979687,0.779898725204552,0.29297749765488,-0.424802787549905,1.04650936436558,1.34144777084152,-0.620689328945449,0.138169278785142,-1.4938688205988
gene770,0.294243277193551,-1.03303944426448,-1.87272161911356,-0.905329979212093,-1.22156505045211,0.405375009452386,-0.0733648686961158,-0.286669348581382,-0.764142573150316,-0.0855048300913076,-0.110493843291344,0.0434797277294279,-0.81941657065809,-0.11129322711653,-0.168256796367638,1.4571552377391,-0.615009394016294,-0.721452241663136
gene771,-0.764425481988537,-0.291772626770281,-0.255808037354734,-0.912993858845327,-0.796894800837504,0.538479178328682,0.444442039968106,0.0847177300296917,-0.0804213931938197,-1.12971467977633,-0.192856478943078,0.921991590093387,-0.200964083770222,-1.6147729158342,-0.055902082456242,-0.115732935227681,0.468266679318288,-0.358926605783293
gene772,-0.0340674898643924,-1.14896524450488,-1.22281583814456,0.425763635219942,-0.274584330314642,-0.422504377372751,-1.21640631694197,0.0607105355915636,-0.365541002857842,0.948227700316551,0.0411533918228459,-0.897797467323868,-0.218642665848674,0.553718055354353,0.687237277040027,0.128901168231784,-0.841509347039165,-0.276519279292923
gene773,0.306012500349103,-0.177843307192997,1.12093251807705,-1.12899930172738,0.947422813401272,0.989469064148439,1.08268357308901,1.04034767191713,-0.543198615971731,-0.870534121092177,-1.44331198477225,-1.24010679998578,0.125120549120981,-0.916396991469948,-0.481855998845515,-2.34752598022448,-0.0391373776688832,-0.156699772680593
gene774,0.565091755243119,-0.0126025240575921,0.396520680067918,-1.07645188355367,0.75227433906297,0.287202877187479,-0.215871576758333,-1.03068661373824,0.15276195874074,1.31791160552991,-0.0147772652243704,-0.281058739701173,1.11743642210527,1.06550370103509,-1.09800841841721,-0.308112864004476,0.71914690967571,0.0900103880535327
gene775,-0.215081887927531,-0.0682249767623548,0.282145820740146,-0.536238565562465,0.537112598075625,-0.0653850870964284,0.536369680147677,-0.408540466778815,0.688320534809432,-0.192844684126293,0.364028717321758,1.32390090462724,-0.261112945845895,0.31810240223687,-0.221404528824523,-0.247534580885453,0.0845326417978501,-0.264849653922347
gene776,0.357788359738393,-0.0613007040161058,-0.319418575652624,0.0535108721591834,0.798569352587117,1.87065127297069,0.208050986997185,0.0032682137085556,0.619355494782229,-0.973436995785945,0.998819759141029,0.863539856635719,1.46030426658666,0.901857901058891,0.424007357659948,-0.299005587331184,1.10751797870287,0.714071346471996
gene777,-1.02154096292669,-0.0106943347336587,0.647473637889744,0.41326561698875,1.25541390500844,0.771120869732953,-0.387113889733387,0.218938170543879,-0.0353738793217627,0.260000664896869,1.07737688617589,0.56560988966701,1.52534107734352,2.43405941796174,0.0062235158719044,-0.145140807642384,1.76249735957902,-0.585021284414145
gene778,-0.698297244875713,-0.279280556161125,-0.238779700481083,0.185411426726459,-0.124136371852164,-1.15040124816681,0.509283705015375,0.0678362321466729,-0.0832747957606703,0.03314599010126,-0.446365246882982,-0.283587140476285,-0.274563614103558,-0.680750109355312,-1.37660952069619,0.125935667431201,0.376756105685407,0.341963300751611
gene779,0.899506237023995,-0.362113431003213,1.21132197340315,-0.096124795565443,-0.580799008676654,0.103234659919796,0.323913453866436,0.169235970255874,-0.374876647433235,0.0354121692700527,0.0674127548782975,-0.435843237720294,-0.668488774073803,0.47428292549941,0.715234342232784,-0.572622899838474,0.582247370356699,-1.13090091291953
gene780,-0.88634888569244,2.11378039590384,-1.48994231738544,0.134499672032625,-0.562567419680577,-1.08860536778249,-0.228483794239642,-0.341644321428547,-0.472749302918131,-0.570730471452292,-0.020665910505965,1.39061747355027,0.843169804829499,0.225872994388707,0.456257533041654,-0.521437721021248,-0.493648036669925,-0.725219191007601
gene781,-0.769333229767766,-1.13943748426405,1.31681526717616,0.777993125964578,-1.13497894464089,0.199052996657233,0.180474029844758,-1.37264278816996,-0.779737280669426,0.943001177894444,-0.288407825487812,0.0835293295151376,1.1542390750815,0.515591119875431,0.180545170075893,-0.169236127983303,0.702537828678611,0.538535369303963
gene782,0.915176426269587,-0.831899460713133,-1.5433902203829,-0.489752069154384,0.225178558783467,0.729938086311783,-0.183512971791481,0.118518003182029,0.442916951613982,1.78621923982863,0.039076148504556,0.35415861762529,2.30428619655012,-0.829697543387977,0.0867653788707576,0.50051503759705,0.667615137189785,-0.254703985148903
gene783,0.0161089644602773,0.523015733497941,0.0492990628670786,0.349836848321108,0.459247461377361,0.523169870162099,-0.581925184949114,-0.4469353914297,-0.978432301603255,0.397251446077674,-0.532972372116259,0.282579583172795,-0.298922809681806,-0.188607510166487,-0.520014476440401,0.343771418192879,0.561178263078381,0.288795988175227
gene784,1.10524624058466,-0.147711305019418,-1.28622696310097,1.12764374429359,0.78329774653843,0.0003711158061967,-0.516814942216722,0.482020033987251,-0.270739886705334,-1.17993128338155,-0.341639001051055,-0.18814336227879,0.990491688302907,-1.7917280736352,-0.351234959473513,1.85509870801074,-0.285192810246999,-0.274385285900941
gene785,-0.151156155844767,0.337595401659055,-0.0151867474371633,-0.304069718162636,-0.508684137308917,-0.592258165927348,-0.922271354746609,-0.262191456918123,-0.0792680301615321,-0.488965543521716,-0.818702587329721,-0.222414018429146,-0.840802945822382,0.96780818607147,-0.19851156568222,0.488116537462508,-0.615978786050413,0.375673142684101
gene786,-0.474735475350076,-0.634571416879776,0.806109432425362,0.443869218685831,-0.324606030741493,0.428993232390529,-0.307675434453606,2.37366924143358,-0.421137819300003,-0.225555015622562,0.640236955036025,0.254341009614859,-0.290636775749652,-0.590690493422669,0.46861794257746,-0.217232138557158,-0.619696115493385,0.101091170663294
gene787,1.2488369000658,-1.3451324132737,0.616278899585377,0.357726964534954,0.0769180989745652,1.19083371813721,-0.0255273090027139,-0.920489045516804,0.652132253969569,0.109379892076546,0.14444567126722,-0.858243583592978,0.59256288925793,-0.642886733625833,-1.05019637594256,0.623753138137189,0.0256848618793004,-1.03124811934113
gene788,-0.122681022762876,0.757583427071909,1.46971655940357,0.507069852738806,-1.12964241846632,0.0715048039902075,-0.933430935664265,-0.48996190817315,1.15368738014514,1.16096757148187,0.358070467579645,-0.851015128018497,-0.142402800495735,-0.0925801631845061,-0.434039332397081,1.14130650151489,-0.338754758826902,0.462436742670641
gene789,-1.04555800609807,-1.49439144807986,-0.843229063914069,-0.853369672247414,-0.311845273065285,0.718368899797882,-0.304074540672621,0.703508680507805,-0.25248959380109,0.212932390050651,0.377640756426511,0.221645190178651,-0.523328180550603,0.29527055264422,0.83081658240162,-0.493567092738736,0.414715829652677,-0.33644895871816
gene790,-1.80356612188133,0.117374207997189,-0.150487092608627,0.247801687366869,0.500707477196462,0.781192101514601,0.181092332011956,0.333419952798937,0.0638450537199632,0.357668246138639,0.266725181033488,0.386713505293537,0.206877174065261,-0.0673210147060901,-0.408874353563288,-0.017318752747688,0.436693135023477,0.282851993552586
gene791,0.528549698056202,0.0494346564505968,0.675739688517778,1.22114669328825,0.867527489648027,0.256913047726239,0.614817950544357,0.201864295420644,-0.734595307887139,-1.13002809509043,0.0471508298277821,0.996153773172312,0.822494781917318,-0.927750576203297,-1.75247248696039,-0.783248596346593,0.015025188196848,-0.0215110464843336
gene792,-0.397526663939932,1.31018983739454,0.762445006649132,1.77365707756159,0.992298178954991,-0.615994535476345,0.815186235082727,-0.0303531360106802,-0.12479871467504,-0.350906472237742,0.703009241406258,0.465525939084679,-0.182795974128207,0.44575518006291,0.971736450795639,0.385475128867891,-0.179758119415028,-0.419683621016819
gene793,-0.0018592391988794,0.0690599669386776,-0.002250003017629,-0.444505511310203,0.40555006074715,-0.641725613263605,0.534587123688365,0.0691228105737761,-0.284421082050677,-0.956450333015224,-2.29619931808634,-0.883465311767569,-0.183541493104656,0.0403425827019307,-0.703196997946863,0.0034688796884364,-0.0799140375782411,-0.0550351690455773
gene794,0.848801414475269,1.14727366836492,0.286148283859853,-0.476758507708909,-0.158180395837133,-0.724122877578158,-0.106649877623398,-0.687704562526492,1.18975419320213,-0.488618290874423,-0.0600202978684315,-0.343391497938381,-0.619892594112946,-0.833383521223771,1.12160252560578,-0.301465280534889,0.426002379832391,-0.087130602493081
gene795,0.494183332270609,-0.664906946110359,-0.859390368534055,-0.692942772176824,0.844442310677284,-1.40492230186856,-0.711586178924182,-0.031435199964893,0.196919991459351,-0.193789790690738,0.340469668889044,-0.319342267458511,0.72486691007804,-0.377854782479099,0.220541471243801,-1.13152644637041,-1.35274221207144,-0.905792727621445
gene796,0.893841633253402,-1.33243700631756,0.0130649848617353,0.265136250702906,0.795282676525179,-0.647055434638151,0.985157724327769,0.426605814675795,-0.52133484995163,0.596774166120946,-1.76897097569577,-0.479783827565447,0.606873287997075,0.452731090236689,0.172837858535695,0.155020686208514,0.731535755191817,1.04251678389189
gene797,-0.245115190056393,1.0203035369584,0.516183656689768,-0.971319635024026,1.34104193290466,0.754333054576768,0.46754342247506,-0.531413289638456,2.91201927316249,-0.441305260445268,-0.449733806499252,-0.008008225609752,-1.04538505232261,0.666871106355121,-0.582258835375403,-0.225753087088684,0.130564192108284,1.29720064387591
gene798,0.609829666024921,-1.44757325801368,-0.755931100568835,0.892679406363676,1.17888680666985,-0.145163872955794,1.67258305776908,-0.299977366362074,0.434454517798797,0.356568117879255,-0.88609998227505,-0.0891184723266119,0.694165757654759,-1.12162877121216,-0.193060179216952,0.105089215541267,-0.196554161440647,-0.816107331334501
gene799,-0.136550180272748,-0.544052470615373,1.67976653089337,-0.269633105843554,0.837965076191878,-0.0899654744960685,-0.215211951494721,0.140464328568479,0.412906968287528,0.411249386815823,-1.59977973850632,-1.05649829384987,-1.66203443504439,-0.147447864382517,0.414235853982911,-0.776211866013878,0.13946665698025,0.529469705619947
gene800,0.126355364615469,0.166745885257026,0.0207105392094079,0.46750277357919,-0.411579120566312,-0.0954754669311068,-0.621549519440802,0.474755252807395,0.0220710155321241,1.58605880516385,-0.717393480982174,0.0043577995899538,-0.608544180086143,0.827203999989008,-0.613457579600005,0.927643209050873,1.2581240972045,0.567012975844933
gene801,0.60546662863007,-0.184312126933705,0.253794290824516,-0.247323769098312,0.140304978734136,0.534280396743855,-0.838454734582384,0.744812003769419,0.331075233392391,0.114931470562332,-1.60407773818037,1.9864852317716,0.430337732069035,-0.546284325567398,-0.458839787033121,0.436727786223186,-0.575867749272538,0.402381393105826
gene802,1.29516607389184,-0.211331318521777,0.718918423845676,-1.0099063624888,-0.0707449705901173,-0.539981929823572,0.393616659086235,-0.209488421449799,0.0291052754316533,0.506287638284926,0.63642004969177,-1.63655573175813,0.166730429357667,0.360830785370284,0.188685539388687,-0.526962152770683,-1.30238915140819,0.0197213526236748
gene803,-0.426146053841135,-0.589578663911799,1.19283547102833,-1.21426433742275,0.439017651689356,-0.164531891554068,0.227499187575086,-0.014567145990288,-0.170346408157779,-1.54959590298758,-1.11245915084403,0.384121402612802,0.284665152885098,1.23756867517832,-0.30736419852992,-0.0838106321081127,0.780473615211877,-0.382505567451762
gene804,-0.373674549548039,-0.769502007685667,-0.532583306991563,2.07358848050423,-1.02358039388489,-0.384738494255382,-0.845635785283603,1.74822159153515,-1.06473681509891,-0.521167297477964,-0.311725295888797,0.31388231822608,-0.868033112102086,-1.75404842797093,-0.0720376678125431,-0.852560074397209,-0.302034445066059,1.0370945225378
gene805,0.129357016114237,0.358979117067642,-0.472474724547765,-0.674534476906952,0.267505178992107,0.295112714778353,0.629274180062619,0.0509572172218316,2.35060969489765,0.481146293438671,0.498040767481102,0.186407832238933,-0.184916848374876,0.304301716951382,-1.13288087129117,-0.0619321817788096,-0.541176411606769,-0.476429743911475
gene806,0.58119442024592,0.164756666865593,-0.0840270828546903,1.66741408612488,-0.794087059252264,0.202740321962277,-0.573760414511006,-0.795238597679139,-0.930807185992429,-0.684402794048137,1.26014317942119,0.682680571802434,1.03713490578714,1.12607625335454,-0.833702674607726,-0.684877377057587,-0.333125235626127,-0.590965372202974
gene807,0.735213851709597,0.791111969224739,0.576427215307822,0.0819349810132962,1.76594283801336,0.0285643190418448,1.24974923691108,0.0663370044719491,0.471115293872765,0.430560376106491,-0.449515956743238,-0.635498974228053,-1.40872883819504,-0.375878572100418,-0.795309303061121,0.624000691452959,-0.587388232616489,0.418005731028498
gene808,-1.10946375600066,0.387931451471627,0.901038831475106,0.345785369138221,-0.0875426842321226,-0.222488108640889,-0.145729351127341,1.0084929800621,-0.158263980449498,-0.0067864237224116,1.32379558195856,-0.233081135470647,0.201323871411029,-0.0733693593198472,-0.57365954002179,-0.434831905236027,-0.492205239237058,-1.57297045364568
gene809,0.752226679927408,-0.542992688237381,-0.334450043236279,-0.980845552506666,0.752820798109528,0.375708492934501,-0.1778239618048,-0.247873596529939,-0.419716473438299,2.09333872930851,0.385404648530811,0.188991132656508,-1.35845762141685,-0.0338405720515634,0.30305022186517,-0.0466104326578156,0.411431881510088,1.83697448963202
gene810,0.589163497022398,-1.08062652172203,1.24063860589586,2.63373695377923,-0.97679849673929,0.343756425892654,-0.738354374782911,-0.790938202867412,-0.246047433616332,-0.497446454483921,0.502349978096829,0.0321614072142756,0.479438161072206,-0.624628509285624,0.269902575049019,-0.238486124707443,0.976286797991596,-1.54712454027174
gene811,-0.549397571969394,-0.190027821986968,0.220974818248295,1.61083699664544,1.97621431846988,-0.79712841725529,-0.0377302409124331,1.37788071583553,-1.5989583803918,0.483126456899035,0.213456121952095,-0.679297329931806,-0.163724737166534,-0.478541184579587,0.352605395437791,-0.973562909288273,-0.477349103249878,0.569310845440443
gene812,-0.900804605193144,-2.94364796804235,-0.705271384968487,-0.0047025709188252,-0.0318304849726167,0.191191524983548,0.632708822537182,0.431770735538122,0.621990132168338,0.480860591795612,0.0491089423213947,-1.32894503945968,0.731323792611002,0.0622907040335579,0.0436919162691871,-0.599578040696952,0.683467120389946,-0.701104282270797
gene813,-0.196566475316018,0.151902897631636,0.0751291455473259,-0.156903910988365,0.177712778800317,-1.1188823614862,1.09993316917459,-0.004402470913161,1.68319539508109,0.205095988466922,0.638651802123638,-1.17899706406062,-0.0173985186374586,0.167482598191228,0.101273233069266,0.28319702263793,1.55582164163559,1.0975682959855
gene814,-0.717636088988224,-1.02551702873352,-1.40549521132668,0.9129855322989,-1.64979210674687,0.731316040138316,0.221397852102382,0.248996284411882,0.176594600844113,-0.0205244049854354,-0.308535968869217,-0.188465271001742,-0.0874480215068853,-0.495691549751965,-0.0748631878171339,-0.20730825262204,-0.454798157333562,0.664575177363058
gene815,-0.274441228412343,0.457075282738148,-0.2650898064525,-0.776861518510004,-0.801217596926505,0.104441848156904,2.36997559449028,-0.391882766453024,0.758282623664769,0.404279919103465,0.137501644105129,0.320119643219278,0.0622245265944411,0.831962351557204,0.414011715989735,-1.93986235875127,-1.83786854694132,-0.368874419019376
gene816,-0.234808929849411,-0.706389072738034,-0.186794844041201,-0.618120342958138,0.891043162734476,0.0249352009167032,-0.689866629195515,-0.214115373984597,0.815312721912488,0.137508739253312,0.416701290832761,0.0295715356882729,-0.500767415483613,-0.0413629397632467,-0.440430598827573,1.02445844167118,-0.783454074002143,1.02075410157578
gene817,-0.516808924489527,0.993704271722913,-1.36102721119204,0.0071995020816445,0.291671290770882,-0.902808505349648,-1.31481072815357,0.304414432590969,0.538858337466776,0.240916167672202,1.12329931686125,-1.03435863467429,0.373925531895525,0.0151597441155396,1.19773980205164,-1.16076025434308,0.591719059134481,2.49963475171205
gene818,0.202616269302285,0.791315205889994,0.212810193296712,1.61987077532417,-0.303764390416063,-0.0221844267006311,-1.34663625155609,0.299299522085574,-0.397453504818168,-0.939992577185638,-0.163508889868172,0.0085128771641173,0.0858787670868885,0.158019308623885,-0.737458368834732,0.171286477505002,1.05958616694206,0.825727424285598
gene819,0.374616658309377,-1.21941701601725,-1.31900028081323,0.151115851918836,0.0584962879011059,-0.496989974773605,0.842541944373211,0.250329256636451,-1.60710631402788,-0.0374596766243763,0.514175862974331,-1.6403048305068,-0.257753557168771,-2.23284575200897,0.623269216295496,-1.54510970010204,-1.13379384774499,-1.49008083270795
gene820,0.823228886096629,0.206362141418809,-0.544174799181665,-0.178698542526632,0.28373242534859,-0.0736428482785204,-0.857754405983141,-0.612822857666259,-0.316966002368459,-1.68492213091334,0.0339760937012558,1.05825818298789,0.122268872926385,-0.0007431388906029,0.694266108399728,-0.0668164087092424,-1.13909655192455,-1.42259232945321
gene821,1.89893021572436,0.164919468266983,-0.935598054285095,0.461312644437077,-0.659476531609819,-0.126449694368906,-0.0597791837412639,-0.985792661897644,0.430788626580222,1.16035382289867,0.0822163128464373,0.350315891905881,0.291819856542249,0.13068713443567,-0.371651831241906,0.464369929645096,-0.203994349592389,0.621453499838369
gene822,-0.304680646335468,0.111380496232547,0.0129635883652569,-0.954958218982669,0.463852794483397,-0.598749290842094,-0.0559514474609885,0.486365420900058,-1.42872578733551,0.72089091266181,-0.144960166209392,-0.139141922164809,-2.29029486958576,0.209488631720296,-0.225016789927952,-0.228588908889463,-0.108658020540907,0.53452357574736
gene823,0.390179495715893,0.491723142278648,0.460379529296524,0.88914452501507,-0.349007521161334,-0.145267640159844,-0.0397570030889222,0.0368070344547904,0.136263564488845,0.641869518392619,-0.877665503708317,-0.952943369681093,0.50823840213788,0.913157224182234,0.211690801432745,0.698334770929163,0.765484809838571,-0.137342891895568
gene824,0.0359142108395998,-0.745514160848194,-2.54866117604768,0.847050294124251,-0.526333237599023,0.085913142769808,0.925355182292982,0.495805646586924,1.72668920860416,-0.887673867507873,-0.583383511323778,0.773697004488642,-0.485833331027416,0.395947826819553,0.386814650564198,-0.163647726880735,-0.299964954780463,-0.362811055719906
gene825,0.211034238204756,0.0770891992019765,-0.44792507837325,0.012103444514199,0.436042424872594,-0.555852713109823,0.0596321701551934,1.3205782203129,-0.585557353021178,-0.860085177276626,0.501281252783854,0.619258794259657,1.25393076710909,0.11584748525761,-0.353785082145689,-1.7071097799939,-0.15899620569477,0.133671186363278
gene826,0.0258137187635083,-1.82138612831612,1.07230217187126,0.43071212812894,0.155832607621541,-0.354136351295396,-0.192985661606692,0.724910584077518,0.552662312695098,-0.181041334525454,0.974197494311651,-0.229574469174141,0.0719954829439675,-0.0301998406992853,0.0806236785295616,-0.206568898719987,-0.142821338158485,-0.087242942925832
gene827,-0.619552464996371,1.25777027264122,0.309911821932628,-0.398641119597499,-0.370639364826309,-0.231720140351603,-0.124213951969982,-0.260991802885511,0.805471525359638,1.19167971554217,0.822496052820074,-0.281607803803063,0.634695596875588,-0.0511926344326512,0.220094698932185,-0.936131408649677,0.65512183226972,0.068266647412642
gene828,0.387600653774097,-1.17434708549188,-0.755637869702732,0.263660444270431,-1.05755169169507,1.03255998286978,0.287305212258879,0.429613032150157,0.753868770866367,-0.615746882552287,0.502816999256472,0.0112883996132452,-1.24778756078215,-0.186201057219528,-0.397253865427356,1.35125176490566,0.470508794047644,0.404398968282364
gene829,-0.737132600167282,-0.598384269582149,1.70774394790235,-0.282970094604224,-0.275320996830112,-0.222417121038612,-0.367841121231228,-0.412236653602432,1.20138058022614,0.140831077389761,-2.46200435003418,-1.03057977730663,0.0824802287513288,1.05854056954291,-0.394672622490917,-0.34334081378047,0.815351645485991,-0.357124495808313
gene830,-0.587874482183778,0.25281636933361,-0.520373378279485,1.18432315924579,1.23331689632732,0.726929147701589,1.51178632567037,-0.41022995836066,-0.37303553414619,-0.294722990867252,1.13174456676417,0.766547885221581,-1.46126128470159,-0.108518153980986,0.203687014913903,0.405363887042121,-1.50268939258361,-1.047118888823
gene831,1.29002462581197,-2.11717770908168,-0.119518496814811,-0.871262573190495,-1.2289159908159,0.524556439049465,0.589151268804734,0.105472994034864,1.16240230261164,-0.391302394069453,-0.453300655484614,0.361676850719846,-0.472981779044423,-0.652196376096804,-0.145015458820258,-0.481472813876089,-0.257572955626684,1.10498498524417
gene832,0.82118916787054,0.027335955486053,0.469161290776104,0.103066125774254,0.239027393818753,1.24498262076799,-0.262379758677774,-0.543165407738436,-0.77301210800602,0.0539747581095955,-0.242367048455079,0.142612929015065,0.0631495363679238,-0.827013382895809,0.347001201941013,-0.575854673177164,0.967701287207899,-1.06208062370129
gene833,0.491460044584684,-2.65596306346456,-0.519524753551204,0.0552536017851907,-0.179008292053308,0.830110831051246,0.219201156311255,1.01133654059353,0.0673387130495688,0.332498820756421,-0.0528730800900041,0.810836036970142,-1.60152618745407,-1.03165548638003,0.314598557737927,-0.548175562893302,1.06530440990206,0.274386501141564
gene834,-0.732161510415025,0.134695473852246,-0.802157834904512,-1.89937169823655,0.296083211636387,0.0646627612749863,0.449151094094896,0.976741298272752,-0.130480166026299,-0.548704631477568,-0.521274439805498,-0.125052120188545,-0.349794509621109,-0.704673055389763,-0.0210915056399323,-0.14065966136595,0.411649104274878,0.495421176937263
gene835,0.508373218585373,2.34717103056782,1.0144296515124,0.893572071884082,-0.210663771678798,0.741120945394695,-1.47730539043519,0.413629976284774,-0.59415407374142,-0.454671482813295,1.85079181821635,1.08246125568185,-1.03572562478633,0.613127109029744,0.684846842838376,0.0945673356208579,0.343816706721997,0.0277685723315956
gene836,-0.585294197613536,0.582270451070966,-0.367535262722849,-0.319238420911619,-2.52341719257769,-0.315778442623163,0.479028119434172,-0.407284671435488,1.18288682026624,0.167728678641894,-0.322669392576262,0.333235612769378,-1.23058753261029,0.742884819440404,-0.647971567731312,0.744670769988432,0.092231458704363,-0.537108819023543
gene837,-0.35766827925001,0.122313806641849,-0.857725214433582,0.899800879293068,0.222806036233326,-1.44449902464695,1.15371726118839,-0.973445946876422,-1.0033127264037,-0.87516616990665,1.24320851099164,-0.0488028232350912,0.282974864455939,0.609924854712389,0.256906458407122,-0.175685029456086,-0.560703204218982,-0.34581361327247
gene838,-0.904399386601818,-0.575231416061849,-0.338089457510832,-0.937564466965643,-1.32454795177456,-1.39009399393004,0.268738896133152,0.352738281254591,0.775313631621003,-0.090148154444892,0.314238749670507,0.0023879661900033,0.413162159935866,-0.0659874116016791,-0.310431856117814,0.155648338566247,1.09911444775347,0.410245153744374
gene839,-0.027712858086227,1.06685926919806,0.158162472021297,0.422777385002129,0.335299149423996,0.0485824361400412,0.0124796254504788,0.999346966097057,1.05858381763788,-0.536468203876726,0.283057369128153,-0.290124639172693,0.271579864032893,0.514317255718011,1.37433676201699,0.388285985953782,0.0348679864898487,-1.31564776606792
gene840,-0.654027029283228,1.04985055884007,-0.0123454663132,-0.1430603522895,0.417516609601495,0.646483657556539,-1.41552743181325,-0.131066029246013,-1.07616254695085,2.04297211086243,-1.05259590626384,-0.316897278450574,0.368429466853635,-1.06769261071412,0.012254281731585,-1.0444595773503,-0.582007332979294,0.428370924398027
gene841,0.835358848133939,0.268084714675909,0.29746038963917,0.251945641492192,-0.291465921800665,-0.42195023064787,-0.296787130439092,0.348465117420823,-0.658450435042571,0.24383313226918,-0.122243143703754,1.9521902082247,0.0975057361898022,-0.741722808893667,-0.141893559328698,1.29042823050586,1.19953882988946,-0.526810940828695
gene842,0.881718895132762,0.33176915532525,-0.139377969153729,-0.095433363184864,-0.345078089039655,0.589061814169911,0.106345647589141,1.36569119063035,0.451300813986458,-0.0417509857042993,1.66676856459176,0.602558385102361,-0.235973692297981,2.9310666366812,-0.635462706016621,1.42084890055785,0.550446702399977,-0.806472789985395
gene843,-0.214607864165718,-0.225525161933204,-0.142683687482261,0.456056439563646,0.0342423152984329,-0.629804417219073,0.744006623829499,2.01159575161542,0.242430193967047,-0.75356134133163,0.470506012686946,0.0730479542669224,0.816920102708709,-0.941995173962655,-0.0058505351361395,-0.191249464514298,0.369774820319845,-1.60241191399761
gene844,0.0969072079084845,0.699876360738231,0.865215729942891,1.13306145634233,-0.263100484017928,1.3397144029035,0.107207296050267,1.04326146903451,0.834121131193794,0.18843977951388,-0.37963861685361,-0.78708013750813,-1.19518792735989,-0.377938003894769,-0.945783020233243,0.160247152109344,-1.1134012025511,-1.45761868880561
gene845,0.558620344197126,-0.614249372003745,0.998992921934095,0.694735354915701,-0.42520986526219,0.605895057607005,0.532349679012296,-0.76245063785078,-0.0501298156354861,0.735321887062365,-0.0968173184639896,0.35217665112586,-0.156056612154416,0.546768967869657,0.975652878765417,-0.496160793213555,-2.51909779009432,-0.226308398903641
gene846,-0.208922536323186,-1.87377884081745,0.364729683095083,0.443686508803029,0.411635897834666,-0.0980272151730358,-0.219107791601102,-0.916086114259346,0.675551294927903,0.453473223111867,1.22375423411737,-0.850194796820711,-0.195966600297872,-1.1287701595322,-1.21134805015024,0.120729895317418,-0.0847374988873848,0.915816711080144
gene847,-0.297457119261481,0.563052137840091,0.405943406908376,-0.633068213105274,1.06967379721376,0.385828419130294,-1.05932394356787,1.07747506008996,0.16424001999646,-0.268474710006735,-1.20031690886515,-1.33048168021181,0.246963847377178,-1.13376364320349,0.137657034704856,0.606809979148548,-0.803620021868422,-0.166105005464891
gene848,-0.289068359027882,-0.166448405424975,0.128529397102041,0.848871564885711,-0.184084842033365,0.534220259078806,0.349806222482558,0.41494060987298,0.574766595447439,0.395095472953785,0.717032536283193,-0.424640292945104,-1.16484618859392,0.23876288962421,-0.552924311755547,-0.184725722995454,-0.0244846118543363,-0.302511310440427
gene849,0.214668972790129,-0.529448635086204,-0.482635964738274,-0.393416720566993,-1.07938606640318,0.520305754952053,0.660097935382251,-0.740503312616221,0.533532491336253,1.0687818281583,-0.0935445849163472,-0.15413104255935,-1.87107449053011,-0.36018987435316,0.509768302411068,-0.237380501710689,0.208402414988499,-1.19575459811789
gene850,0.365435308835646,1.03251025459908,-0.103743776544763,0.129281630520668,0.581474520232928,-0.371432615576616,-0.80491132003086,0.254360404131695,-0.461504955666601,-0.015835423168569,0.0034170013170437,-0.888281409881292,0.688501867518814,-0.0948741627819257,0.239855670369154,-0.788167306635852,-0.623841363848145,-0.50242795249284
gene851,-0.618027914657511,-0.0173484133771113,1.13918237177534,0.143907258918739,-0.934323698021116,0.930969059938908,1.137383982127,-0.0997273857646332,0.721330757873418,0.0523158315954955,0.864366589375514,-1.03201996277031,-0.369469051318248,-1.17417905188267,-0.481056375917627,-0.795870559431559,0.86011472948747,-0.228352007043414
gene852,0.233939810363948,1.24824295141431,-0.324852060867516,1.29891194145242,-0.46463226675169,-0.142457001820806,0.428308064061393,-1.49125653752589,-0.206996530065628,-0.492588890424211,0.34203584644578,-1.88904584979102,-1.63586612812392,0.560763776465868,-0.0463672545001291,-0.780463184954078,-1.07670696867182,0.650186688929847
gene853,0.493185597847433,0.549783362674045,-0.326269915276213,-1.21376602879418,-0.990681803676379,-0.0428028937245893,-0.116396725032433,-0.385781382115906,-0.319569809414182,0.0820825575834688,-0.227562799775071,-0.300890977808502,-0.71707998356401,-0.638749595356382,1.1539825463973,0.215952686178951,-0.74530885875525,0.349289832072535
gene854,-1.22459997667308,-0.102554924780406,0.0149760394808438,-0.75192488003546,2.31478060998784,0.524983483481211,0.55679706778772,-0.411620701168425,-0.646963291904059,0.479238221771911,-0.0524742795504889,0.301616040854327,1.85528330846631,-0.468563994610445,-0.161847991819828,-0.096888257863474,-0.880721284627436,0.55436687422574
gene855,-1.45119964056512,1.93581573342292,-0.669824886416008,-0.514870102868821,-1.9578572930219,-0.830188226889879,0.0693352591004931,-0.166822863209268,0.0992660459714812,0.687246113582758,0.643254848651358,-0.177940788790718,0.250654384757412,-0.160865033187762,-1.01321563442227,0.187911650948547,1.12507773261005,-1.19772257724166
gene856,0.265256862742284,-0.378143640889371,0.761377719653912,0.130250752523088,0.348814806110652,0.754748061348652,0.304202234460213,0.38702686426859,0.706818169568149,1.14071140958978,-0.511189055039791,-0.446388290329834,-0.33842040938002,-0.669079663431879,-0.336619629794375,0.160290087434674,0.61197779445823,-0.316005447670767
gene857,0.695433737381582,-0.204856285878899,0.875755522332357,-0.140104079565327,-0.315435999138557,-0.887802901157149,0.13408290773766,0.595605807148328,0.784007941627075,-0.937064443134046,-0.52589102593891,-0.569088472605311,-0.041207252715365,-0.0966969260163774,0.97269571238629,-0.236633769270086,0.0909015141563718,0.30148789698023
gene858,0.449414466923468,1.03277791382865,0.731388867034836,1.10619982362297,2.66007222148995,2.32189141471875,0.1261015102762,0.0653857163623496,1.08835945461206,0.0821496176135578,-1.38364744879874,0.112768058489617,-0.176262670650367,-0.689772913462602,-1.3761273789664,0.222612140980079,0.679474128112222,-0.778649859970254
gene859,-0.762046567626276,-0.460333176942044,1.87308564181504,0.577545668215916,0.804924487681234,0.538402930819618,1.92538448173536,-0.0224108496545669,0.314455889597381,0.170464410549668,1.56369204369034,0.406016364360129,0.731378915317064,-0.475051663881306,-0.771820406618632,-0.0263326773724654,-0.330008898866241,0.0151890015227968
gene860,-0.272899867450245,0.178623960756016,0.80997445771629,-0.76701089105475,0.461884962524832,0.615121580938595,-1.35798094660486,-0.417299157927038,0.169166110271985,1.61821302035786,-1.17006159170291,1.20844171277121,-0.671169786117379,-0.0853880416694218,0.0653006905940529,0.0564755663767597,-1.09840689266859,0.70175010398205
gene861,0.534002680758712,0.447537201205525,0.0668322128541212,0.796597363966499,0.497199930721531,0.042442025551233,-0.70925667587256,0.118362926481054,-0.973056725764489,-0.596337748939805,0.103909115777106,1.16376619027569,1.37789972569213,0.251827727058078,0.525056678612649,-0.123244774006507,0.535899389061497,0.226952131352477
gene862,1.1791445030694,0.859543528681249,-0.479773891930597,0.0818800474942634,-1.24084057439798,1.12323073733834,-0.500729446169072,0.308507485311229,0.571804916049351,0.398188682530174,0.784809321160125,0.729329067461197,-0.582282325175089,0.620225408977049,0.645854063008252,-0.246340700749802,0.829915896691934,-0.587829765615297
gene863,0.305913354035899,0.375295831008635,0.194286349695198,0.631850620475881,-0.468498560341947,0.957606080344232,-0.812762868647673,-0.268265758755548,1.20788600695548,0.477669617436921,0.199515947239363,0.515117099522622,0.139665637619566,0.26663109325468,0.379138370585859,0.774112441853765,-0.201902452278696,0.801356696708542
gene864,-0.0553752361161475,-0.548992491715053,-1.01567987298668,1.13737274849597,-1.87335003459559,0.817040199773718,1.16811102415635,1.29645669494471,0.431894322423195,1.3282345301421,0.889926035090692,-0.276438361246352,0.0169816393823451,-0.862361084825866,0.0817987605843086,0.477418428298116,0.57973521593115,0.128820040822791
gene865,-0.377145524764425,-0.0099498614426484,0.999098318781021,0.736638390136408,-0.34821173954516,0.928273868694977,-0.590409860263156,-0.781322871539812,1.33432763398946,-0.599885972924877,0.285793970423645,-0.161052368910749,1.25853899407236,-0.592713564508939,-0.200279569716219,0.277604557619434,0.659117556248405,0.261419299023035
gene866,0.48537545656167,0.911913429513324,0.0861992476260231,1.95517448803719,-0.549817390288147,0.423767717292818,-0.438675285840624,0.550528696661904,-0.785788830237262,0.580880868714498,-0.870875299009059,-0.103338789595077,-0.536312549388267,0.310973126898995,0.501732563896328,-0.378850069216292,-0.916817372647918,-0.321896733096517
gene867,0.31887353302885,-0.117318097336474,-0.231567094304773,0.425843857981887,-0.50807904319469,-0.674140400908205,-0.505784697685906,0.720237891016305,-1.42594921690912,-1.13403283031567,1.65630300254381,1.06343014691879,0.0835669128821093,-0.452467972619195,-1.02387380197544,-0.350114910572975,0.356863513006607,0.668952817073783
gene868,0.521269325860411,0.0307956799198775,-0.357647505313349,0.60040987727234,-1.51324589845072,0.386374502639845,0.422266738722982,0.306934939447167,0.718479647123048,0.421367248835531,-1.43361008938036,0.771986670114178,-0.0828053807227537,-0.643337641746538,0.0051254957685334,0.694554623662899,1.10761262137066,-0.833756007607154
gene869,1.65754497797071,0.286906181621514,1.85434138230385,-2.1396887996873,-0.896921537640826,0.794454311145621,-1.02762477325863,-2.06514023207164,-0.126844697477998,-0.608456855955801,0.491731253527767,-0.476154330109469,-0.441549394553804,-0.224849474846939,-0.0768171871238786,-0.507284217636513,-1.49893799682169,-0.220558001759008
gene870,0.599846565836821,0.698871328684263,-0.275273953771212,0.357809740332752,-0.424684836399217,-1.15845860054121,0.545747155199886,0.185902616924286,0.42688262141341,-1.69897458750391,0.629644517269633,0.123529242823801,1.38280824200414,-0.0102933340694706,0.300390812305179,0.162381879352354,2.20795283594252,-0.404815909170249
gene871,0.0588444050959367,-0.702226016303527,0.221506098190684,0.34636021335766,0.0338292422072142,0.203869126369178,-0.649342333736441,-0.534353463188869,0.361757171509197,-0.484301036609364,-1.22359497621677,-0.114388708103547,-0.112222192293514,-1.18844827223612,-1.2352017601869,-1.36343121052001,-0.105330664854676,0.412486119735149
gene872,0.358821525037068,1.10760410258942,-0.337418980890936,0.0506534955489847,0.14664580881583,-0.658661268237003,1.39455642001056,1.08039912575712,-1.00505030837358,0.0039579363545183,0.522804992324001,-0.19950763758766,-0.147259539693904,-1.38282891534641,0.225051246180843,-0.692447407268515,-0.116786926671703,-2.19064258416283
gene873,-0.318134765047155,0.0889028033969785,0.526615558638527,-0.852553050071227,0.452398719844044,-0.051563969574392,-0.349630269692465,-0.800903399051565,0.831351498614955,0.668899588492971,-0.987723507768947,-0.829793211328531,-0.770665788766269,0.215331905482788,0.382910223353485,-1.50993394456068,-0.455574588435522,-0.897917976276219
gene874,0.664410395211872,0.677102905833994,-0.185683066070587,0.983345520079704,-0.211312357475695,-1.26204625514031,-0.360576969806315,-1.14715909251094,-0.231622040780583,-0.0761933497816826,-0.0701759211879706,0.316405909395007,-0.248097448984615,-0.3955238976641,-0.457442777046409,-0.402760471067458,0.297549405961015,0.502749458259131
gene875,-1.29717799093735,-0.781686212972068,-1.02624093628286,-0.62332607542856,-0.842100408834442,0.574244245760423,0.226060758931991,-0.127115799308279,-0.303827132729983,1.18688907509832,0.601605418840494,1.16942115672033,-0.607800049460289,-0.338343726970896,-0.275229219336084,-0.791562815620904,-0.990672009830234,0.329586793017111
gene876,-0.373683637702021,0.14952953020299,-0.543615258343114,-0.39774716530965,-0.137137327353391,1.02939651051524,0.22919495358743,-0.898077307401536,-0.183955219548108,0.627227543900078,1.22077947624794,-0.113265479327923,1.1530978331999,-0.106930327650041,-0.352838541326783,0.731171362802221,0.0046104135010436,1.35064224124921
gene877,-2.28924816421907,-0.423208407269596,-0.365383728632119,0.831849146197256,0.974673345036388,-0.0206253702078758,-0.479413007969093,-0.13114156397311,0.0527104945263513,1.20537995158024,0.15322165567304,0.0877887749098233,0.130976970234065,-0.27526492492056,0.388872996701657,-0.549587085774963,-0.456907410304856,-0.0061871672687548
gene878,-0.42867190457607,0.353946782752391,-0.0820726523511664,0.82423016531447,2.34730676093422,0.0085364221947056,1.07462412223139,-1.69278483775889,1.92054575376014,-0.222955379767879,-0.819006750298231,-0.120425620032396,-0.53005991697282,-0.0575495353905948,-0.293212599897622,0.0441155178356339,1.31683450561693,-0.795525197726402
gene879,0.17849601289587,0.284979087658428,0.80671888966956,-1.23441561737192,0.327568401746925,-0.973996548557438,0.0152211938325773,-0.632043839092627,-0.0991803024812244,1.2391804246308,0.419865127951845,0.234004187579848,1.43155178857738,-0.551752860431114,1.15385106349537,1.01083164787763,-0.158508889610873,0.345934655214445
gene880,-0.67440691471902,-1.06474080209652,-0.336403647303025,-0.0977671079592695,0.449279559072016,-0.468892017257036,-0.585414583807406,0.293603289259617,1.20845359565481,-1.35073342638776,-2.35904297895583,-0.0500302430421975,-0.183090139113816,0.270956622130138,0.514482739451031,0.71099014242297,-1.88876098190439,0.617832510468724
gene881,-0.0232642048441035,-0.390968099703394,0.792823434442995,0.281420204674904,-0.164382043092748,0.0385300161780712,0.287302088613636,1.35227441456354,-0.315648011298772,-0.536339096908662,-1.1656199712897,-0.15481337832137,1.59335909832627,-2.0910451618704,-0.0364271079269762,0.38796475450501,0.470750692020119,0.674760148066468
gene882,-0.506270418220387,0.296029574813598,-0.573299278194598,-0.340003466114211,-1.20051579136614,0.0379529337405082,1.36784435616954,0.941089562072512,-0.604616917730205,-0.225851559330068,-0.352372561569288,0.11437805749339,0.289941071960146,-0.251691784688685,-0.153006043474408,1.38448943755334,-0.42060423563201,-0.111541999497292
gene883,0.647993870883135,0.810653584980795,0.017608574014765,0.0668553064727024,0.318470528391216,1.24638533929909,-0.467454271425549,0.735294911078199,-0.260154008767446,0.424198612568541,0.323725438185657,-0.439411495935837,0.0121965568304973,0.251212677996152,0.717094507430663,1.20884647567339,-1.35658814771754,0.453253579222753
gene884,-0.20712604150329,0.163163315453826,1.05837915353697,0.353218567798248,0.147709638571558,-0.634786025956641,0.0851526492650855,-0.418460907577467,0.521879927048906,-0.6344609362359,-1.01783926069879,-0.778847590964921,0.119862866420019,1.0364991024304,1.40182225386806,0.887023345129525,-0.377052679989731,1.45326001641057
gene885,0.578360991770363,-0.102594979671311,-0.114141905305897,0.557420147078327,0.0338063963084652,-0.329534674717194,-0.990624297317946,1.21175696453842,-1.08065270427348,-0.85508883736592,0.364004242686554,0.407473204185148,-0.563756088963658,0.689111642557353,0.141377872239942,-0.204287043642058,-0.323531367390429,0.483504595590106
gene886,-0.874070230189867,-0.419661954073789,0.339361810913669,0.184522127491928,-0.989036915982123,-0.532122285326068,-0.0945939955917657,0.637386832007924,0.792903033952682,-0.50312143956447,-0.0364739985914189,0.0489636846375786,-0.86682319491614,-0.500453261051865,0.506333796511748,-0.063401841608902,-1.23490395148594,0.17787674522091
gene887,0.131566676600112,0.0924716782406349,-0.594063225967907,-0.0827404984853211,-0.0392653838838,0.422044784044388,0.665863492528848,0.34724639105256,0.3300070076245,0.938206035176655,0.0244130638832188,-0.149487416614992,-1.27718198328343,-0.789896476949124,0.251926803810051,-0.725732897299274,1.09042876799688,-0.458594515393232
gene888,0.522731952522046,0.208261719310475,0.0338346020728892,0.24043622508083,0.170331614470835,0.31224579970247,0.313242880057873,-1.12392962115133,0.447500560212355,-0.219407620529221,0.12782087506856,0.345063720448536,0.0237592990130933,0.961128127782538,-0.475310316830146,0.346728867403041,1.27730371786707,-0.0904348637912596
gene889,-0.0355455811695848,1.09268117280388,0.302408805743933,0.313071385689595,-0.0198596137402968,0.938358453234196,-0.369641021853104,0.557691035837423,-0.481435499259221,-0.046377844666698,-2.0057597982951,-0.84676128849626,0.0694271234201228,-0.360223546351729,0.171076747986135,0.597104948454015,-0.222754681082712,-0.42530603068408
gene890,-1.27484028698903,1.39965120010053,-0.213867738053566,0.107610507940416,-2.00175473675345,-0.0295190677493461,0.683061732084438,-0.875123815577348,0.221924131290639,-0.26410912446315,0.24648176902811,-0.488221231547284,-0.713798697704832,1.28973755212569,-0.443301557846429,-1.27701679699472,1.01500989617785,0.468549597549284
gene891,0.243636424054355,-0.551436453255716,0.551218724248408,-0.16295210587398,-0.411187416859314,-0.313466928196052,0.0723777307113499,-0.409005087625224,0.217554885367053,-0.977921670734807,-0.223965651225064,-0.0304892101742413,0.133981824342611,0.284669051226307,0.390837225144109,-0.461077010687093,0.483478389537475,-0.690684438516751
gene892,0.875538320963391,0.421655349794738,0.873245961706244,0.172431583092291,0.0267135809469834,-0.77819275297418,0.637038260670293,1.30927111168209,-0.214091700121703,0.967819056305147,-0.252762681870983,-1.14884877835881,0.375469893947883,0.16714123265234,0.100535533287353,-0.0137591239619855,0.355797797965016,-0.226142063144992
gene893,-0.0111656356829014,0.290727125028024,0.755788587876846,-0.119523330442925,0.510632645686423,-0.571172367691614,-0.575166068266566,1.05058741407938,-0.304727510348549,0.164542756309989,-0.942463398003758,0.213698151237245,0.372511593345299,-0.0120828856490216,-0.435800234788416,-0.107770516304711,-0.844511065978003,1.03291604581617
gene894,-0.843950728920126,-0.0019655794491852,-0.680246014220675,-0.448306952281507,-0.278155725727452,-1.08119836341562,-0.232108433056681,-2.59891423595412,-0.51125469192545,-0.566943050381368,0.354228855884285,0.307725756103565,0.0256196552722542,0.801981654525438,-0.785239553519037,-1.16491163411209,-0.202071130028643,0.460421643837731
gene895,-0.344104605528012,0.709853319767066,1.0317832203964,0.294813214311735,-0.858315708215573,0.433735413917377,-1.09633537980046,0.346901821277604,0.577147314699004,0.841967614781064,0.284637987497276,0.0020749338956057,1.49100568441348,0.594782107054219,-0.333258545466297,-1.35345921481544,0.471703717260328,-0.386808341664717
gene896,0.30254402240216,-0.206876815046456,0.783977709074759,-0.129701098964459,-0.498707924707821,0.157202291455909,-1.35481398947267,0.134041442649066,1.20179675657747,0.991742012648944,-1.00577474950327,0.485437024288827,-0.465019913073414,1.70421733524891,0.252565531424272,0.785162344471371,-0.184812199433853,-0.731361529480335
gene897,0.648634535896998,-0.540335943824833,-0.931221040188767,0.0824683448290892,0.683643296223388,-0.91135386067287,0.166833790239924,-1.52697789255769,0.277025511391278,1.94731171564657,0.312269940113233,0.34941402986162,1.14871294468649,0.659897355348121,0.177330208912571,-0.670347874771447,2.0151040467463,-0.84704453779106
gene898,-0.469706829190552,-0.402198506750758,-0.887061361530929,-1.15357802531818,0.231887918922329,0.551106944384116,-1.21246347426754,-0.0831251720709493,-0.0296289978136709,-0.644881556637047,-0.148069914937179,-0.844246615016693,-0.405759818731887,-0.57816429819406,-0.0933361005353988,0.181793896572948,1.54174887261044,0.247510082917602
gene899,0.535880390524541,-0.339421310918722,-0.308067885781699,0.218283500970479,0.219842976092574,0.23026562543981,-1.15384508731209,0.563777033075687,1.05975265788018,-0.267121934003806,1.87835528799429,-1.63457752339756,-0.177228770229005,0.365144356615287,0.46228361448372,-0.308737685162123,0.7684515436162,0.140027564334641
gene900,0.545456371820017,-0.248183013123985,0.114192584964428,0.176312891110713,1.28801928470688,0.0527333043993644,-0.301427864215444,-0.159230096307818,0.625305776298761,-0.554468524133221,0.559325539915867,0.374174285889349,0.0812756509292232,-0.402005431527607,1.42427863985831,-0.572288665496081,-0.828774833311572,-0.272600988521531
gene901,0.252389530199571,0.688796216382351,0.0681026811960731,0.397641200155135,-1.17496289790189,0.100243670844401,-0.995595504658866,1.7751866984649,-0.296325325417828,-0.916608756784532,0.273956149757254,-0.151226333431507,-0.959915967908028,0.353140541268833,-2.00312979371797,-0.228764826626264,-0.244692439240571,0.0584411360977038
gene902,0.504527795411008,-1.51275232090924,-0.104072369764481,0.211728418791544,0.8209035475196,0.24613993896371,0.358183603744362,0.39219431238235,0.183349990271641,0.309924278624296,0.889250060185066,-0.548246674920092,-0.0635017740781231,-0.17448165235931,-0.626372648806797,1.08286877092228,0.107003453480808,-0.644822075237924
gene903,-0.185833538824084,0.127872710471577,0.214710205974923,-0.24644245164773,-0.256462044404156,0.060812102528981,-1.4514294894878,-0.126317245933431,-0.455412587292295,0.363740140965144,1.18279117547035,0.488456709471706,-0.296735786234564,0.554380833407825,0.25522435619932,0.35963308436125,0.0429322163314037,0.388662335638745
gene904,0.022325558202618,0.400510287547866,-1.36039217391384,-1.45765656725139,-0.0170795295245489,0.0152938722465517,0.359584292385182,-0.636519344695084,-1.2690081500948,-0.386004081630468,-0.0638011407499931,-0.054676497380391,-0.462593037001666,0.0815411379086856,-0.364273226817528,-0.289607495662162,0.784625966614783,-0.201857627619753
gene905,1.20492441952579,1.78554362124016,0.210754892355427,0.0187418384753594,0.0954739537665617,0.174358235190998,-0.27035470708906,1.69179430400001,-0.178256001742477,-0.900970167999108,0.270849930019385,-0.47230344801518,0.279818014961975,0.930303541259008,-0.490067620028277,0.107095809893255,0.538055176718396,-0.0871088931676244
gene906,0.56361830909238,1.56635427027893,-0.747251825841949,0.326028131060968,0.332844773168919,-0.477322776388619,-0.0399034922803917,-0.0197938368465702,0.309306815031961,0.0256368496962451,-0.349953139881701,0.428920948737174,-0.543311402247229,-0.346423108462962,-0.707522401975401,-1.11333098340444,-0.842547851529996,-0.0712534552171767
gene907,0.397512766862275,0.420801034254007,0.130772290211239,-1.0612943380622,-0.674893110151133,-0.919234452353541,0.558990681530081,0.188977799659046,1.87850993113284,0.0926734258924111,0.117953397119451,0.27936246208668,1.84674851770896,-0.31838339701486,0.753309671968932,0.14087021113805,-0.156066687864731,0.479236619547994
gene908,0.842126083352424,-0.275602781331531,0.0931243824352759,0.693617690530074,-0.561263729860099,0.171410419061165,0.0816539841016663,-0.904337528902462,-0.178930432937963,-0.878380075750431,0.0948661673506384,-1.36252921491743,-0.250143522290882,1.74767330732746,-0.0751545771774165,0.633270530009415,-0.713365308358037,-0.377736545932882
gene909,0.442195948569157,0.811855030988965,0.459345363212366,-0.144528973416519,-0.938083732640561,1.07266430929553,-1.92370407988492,-0.11580210766703,0.515633112873852,-1.6832670798238,-0.124633305071235,-0.226994457214231,1.82465388475672,-0.680040891823541,-0.146009760589129,-1.10434687253827,0.207792234135171,0.250574398599649
gene910,-0.779626470397929,0.130350370510308,1.4053952251593,0.748655502820612,0.0915784372073152,-1.09348440184236,0.731322569014035,0.270206597739509,0.652665505936862,-0.83952650513442,0.479044756133903,0.20512432030204,-0.35352984884747,-0.708378362017352,0.606770805525607,0.13741194180768,0.10883742681817,0.262920075775718
gene911,-0.0293989366701799,0.646167084254073,0.895444550296794,-1.19049666143447,0.320559654506084,-0.339642757175788,-0.646646275079311,-1.18893503126944,-0.226964363353547,0.0730535805347542,-0.846178729666195,0.263969425052211,0.0957042689270094,-0.0206232324075117,-0.814324321602706,0.208548578836313,0.50743979108972,1.35683274021967
gene912,-0.920029541203791,0.444815124100246,-0.543802290234341,-0.392008056063987,0.406266038658234,-1.1661337278588,-0.11580753412248,-0.0415859926452065,-0.355995417202002,-0.227726502195689,-0.625694987276788,1.8545193411396,0.744020961853126,0.155632520211287,0.13131377052691,0.181312298886835,-0.659854356206904,-0.843175192880424
gene913,-0.336747870718204,0.969371612122177,0.670661379690028,-0.406222116648,-1.13263327913332,0.0172949105124138,0.0560626969190031,-0.547161892516204,-1.06980916026915,0.492305871174142,-0.347390483098893,1.45754596044193,-0.0012137577062871,-0.3273736994235,0.265684767772633,-0.468587090952126,0.635252562267018,-0.531863788500644
gene914,-0.346547072476481,-0.125617738411523,-0.843685346359965,-0.855645324404324,-1.45674261876803,0.312435146696692,0.960902204114819,-1.62386339819784,-0.432226321038826,0.194360534889379,-0.0985929852970781,-0.461112807830103,-0.706407777284886,0.0398260761206682,0.0769341066992614,1.86447413194559,0.0067427709546376,-1.21932292181411
gene915,-0.313444545800196,0.412968584843218,-0.29078768340349,1.38364224917503,0.981237583768175,1.13737635948088,-0.105149129085017,0.379216983498527,-0.319874619412377,-0.595918673466994,-0.654350262235109,-1.31368148037862,0.722281998746707,0.498756393826305,1.12580739870188,0.300051900917524,-2.15299509266392,-0.164474650093403
gene916,0.455502573465358,-0.291183057672809,-0.0038782559110925,-0.777319700365463,1.48109189891139,-1.26736830500809,-0.25475278514616,-0.0786090082996921,0.953100702315323,0.484035160849916,-0.37477725383659,-0.0709051129316807,-0.327850263475982,0.0562937877711177,0.228801620430537,-0.554858731369971,-0.937133809695246,-0.591314388435143
gene917,0.114558028001965,0.200911354117415,0.66835734192745,-0.455558349178693,-0.190026015264228,0.457869130338436,0.348719404283087,0.846684734046013,-1.19778667078775,0.288409738310326,-0.272355664016131,-0.262690115315055,0.837679752451516,-0.235150912199417,0.925414889973591,-0.369179538575144,1.44982639455469,1.23162127612616
gene918,-0.659930031931863,1.44904872253252,0.147392076329699,-0.0753614319534169,0.166194822599705,-0.560148918674478,-0.175285782094106,0.368115679710778,-0.108320678835094,1.1083108243741,0.374599221576726,0.973711889695416,-0.202252687252879,0.58977555392362,0.190455079129327,-1.05877056795924,-1.27981125865215,0.732055628932835
gene919,-0.299464819269189,0.478669551799287,-1.05470814797187,-0.816413396521091,1.26321021169643,0.883367369803933,-1.08002830395653,0.149134746944566,-0.671861751641101,1.40982994177815,0.39238216166849,-0.658770684657961,-1.44931285901354,0.389659642226055,-0.834465517779364,-0.709081183798763,-0.146599716251017,0.56614565214258
gene920,-0.933466717529135,-0.0921671054759305,0.802117786104779,0.0440701532629679,-0.665756834298415,-0.980308438135735,1.1178726404804,0.46682316451085,-0.550337909454543,1.13352389479182,1.65497060792646,0.44113393134337,0.589628586629171,-1.48542468865104,-1.61621474214316,-0.478691675224056,-0.608965984847251,0.592549297079996
gene921,1.34579102015472,0.579296717290728,1.15577680790342,0.309180317081536,0.538986820583781,1.48800672255043,1.15886727951572,0.493043120459806,0.649496912625722,-1.35379246395295,0.265102437991428,0.12684335423722,0.881083574836434,-0.330550819353967,0.162326239416241,-0.849426361873734,-0.0065744194397571,-1.69248420229211
gene922,0.888520223645717,0.191360647514777,0.107453947182696,0.78937069649364,0.538929041675184,0.354084411707038,-0.07837166764025,1.06752741129606,0.949080003675616,-0.483420921797801,-0.484326070634224,0.555410139312395,0.652993967100765,-1.86948156849919,0.493655365864386,1.00216956638298,0.844201557333385,-0.206188688360823
gene923,-0.557724043523871,-1.20016785420912,-0.526533096255861,-1.12714076091298,-0.732055160918052,1.61444466391348,0.0785499297206559,0.229587239871357,0.168382575332105,0.228737768328489,0.0961486981967307,-0.318918947111151,1.48294969229258,-0.405541823681695,-0.436781138456824,1.31618523273642,0.151907640919633,-0.111053707152604
gene924,1.91488043105733,0.235739446323247,1.41452711844103,0.319657443768882,-0.415472547823443,1.02902110972163,-0.0722341539925987,1.00052808229093,0.989148560552386,-0.667189397658386,-0.022474931370761,0.174177654664494,0.0956751232236473,2.11672058839802,-0.442657841531833,-0.554387404347679,-0.835676615607732,0.592845822506654
gene925,0.83447620822603,0.0872155540055267,-0.573662433697684,-1.10233204762251,-0.0167133435042533,-1.04089112007374,-0.0800120191484169,0.304945915427437,-0.0796972454461283,-0.169537539819331,0.113115955506398,0.448323381814364,1.16275706868834,-0.450192841352533,0.523993490866606,-0.390908021635425,-0.374015666207824,0.0626216238853323
gene926,-0.565310541733637,-0.52435626903289,-0.282672879987852,0.606823099132155,0.365454080785882,-0.0403411525825239,0.112851690760324,-0.901383564239153,0.0438539998081572,-0.0472594562422884,-0.721538900033998,-0.304436324814973,0.312544498890788,-0.176302095562889,0.788258975032955,0.29804396596495,0.0789248617425958,0.434076410863811
gene927,0.467302183169432,0.195165885605448,-1.89719155857497,-0.660203310101952,0.980461366342471,-0.316846449756117,0.308570328694677,-0.845797130087698,-0.117836008065439,0.350056309949746,-0.320998485326247,-0.484966199874972,0.400911197388743,-0.0727505296723566,0.44154692995118,-0.180898708732798,-0.624793111021993,-1.24884122680074
gene928,-0.679037904225913,-1.09233578443028,-0.455549640160406,0.64317722585454,-0.96767391589123,-0.173762287194083,-0.378878293514041,0.296540239853667,0.176250956251559,0.0497637396334535,0.949146023763908,-0.109106051051932,1.38801629624789,0.436521720546772,0.417702584795277,-0.404428316070158,0.713599847692565,0.239370958215552
gene929,-0.909043349022825,-0.326577007518488,1.05517840878374,1.06848190670642,-0.0195365364677702,0.0153626343409545,0.148038653049042,0.136412074261283,-1.87549037967232,-0.0136926398173489,0.260678351484639,-0.228966333519674,0.401521723776774,-0.209713743580188,0.271505409185421,-0.700139937569824,-0.340092462065157,0.595756560702071
gene930,0.0097349954945037,-0.222873861660192,0.0419331404883055,0.155304069140122,-0.287952018919955,-0.321811028001991,0.6612767633387,-1.41709980633155,-0.0015824819101411,-0.0947420588083881,1.95061267068058,-0.323064414520873,-0.596526381985715,-0.906527313372639,-0.202273773833524,0.396279094440081,0.031622094863994,0.684365463578866
gene931,0.651014214352977,0.360099747776273,1.30605229208404,-0.227225315156431,-0.832029465315868,1.03030221858386,-0.630822058261068,-0.144510391255847,0.76246428480105,-0.686198269840935,-0.367736789982274,0.699607924089325,0.303334131265971,-0.671195834004664,-0.468692695132607,0.0264738945146562,0.779845922873475,-0.937816639957088
gene932,0.345500490363646,-0.0028499138064189,-1.00703383877768,-0.814730935971555,0.329741222979782,0.475682567139223,-0.126965075970976,-0.823436583758114,0.167135173530978,-0.715006068998191,0.195187451803916,1.36680907647226,-0.414911437502439,-1.64620587637433,0.172123812821286,-0.0679402089890041,0.369788530894966,0.676284331234273
gene933,1.25184679205724,-0.853467384987639,-0.0707086876567609,1.2914121822775,-1.14501777143309,0.570775472809289,-0.258820996661952,-0.0379051396944845,-0.924548167939584,0.197492925072798,-0.407342321611941,0.094101243476385,1.59436978462771,0.905607654896614,0.175046576278637,-0.805746823048628,0.296508435084647,-0.371109532601792
gene934,0.327696403810942,0.497673799697183,-0.0691624265855479,0.325399368990003,-0.688511512638561,1.22203747712298,-0.351131002960723,-0.238718676730088,-0.708109400974523,-0.169791288800758,-0.629094895601995,-0.363385580900502,0.0606611257118096,-0.113454572724152,-1.02668606410951,-1.09697135055484,0.0781123965361068,-0.001335984195858
gene935,1.66937737110252,0.677721367595792,0.0830571810482953,-1.23322697507107,-1.07864057439291,0.0758534038357308,-0.923191219890984,1.42033902048422,0.996092023058553,-0.125217910476995,-0.683588796797707,0.414081639287288,-0.4725490518769,-0.181920355257424,-0.881256206088305,0.143259893771044,-0.151665205429968,-0.206607072425515
gene936,-1.48629653573084,0.78259619054712,0.517679804890355,-0.193504274767256,-0.668644426328268,0.374240417157508,1.93844042490205,-1.5123604256239,0.690470948347862,0.210820309129644,0.959542980873734,0.548524465748096,0.820180206477185,0.440919505588392,1.72614621181475,0.509621478732023,1.42486288194571,-0.199823383120663
gene937,1.49172575786015,-0.115427693192098,0.140660950001682,-0.372276815985518,-0.589776152560555,-0.16444820999835,0.130933989059806,-0.693035521310152,-0.618683681154101,-0.121616646800763,-1.12081707310531,0.796938981284448,0.753888651410762,-1.56651622424288,-0.767415082967015,0.574460163951844,-0.445623129255954,-0.0488843968657756
gene938,-0.865436960317864,1.40634017750058,0.0792241579832363,0.395579080989105,-0.0135277507952729,-0.211648326354637,-0.321303023816169,-0.602584120184762,1.13268648428055,0.61389435838227,-0.954971688878959,1.09573320280698,0.530436303384314,-1.09832826895542,0.948079532895672,0.392310619493688,0.718597555306668,0.137948212310801
gene939,-0.168245713403005,1.02230698478621,0.0808913820253964,-0.369290768057092,-1.05917491404404,-0.550630694658053,-0.0316964890783575,-0.198474679696568,-0.536126178370152,0.162729553177208,-0.303054136181503,1.41794182328246,-1.05649748688932,0.112570636194702,-1.8071871390744,-0.231714319125268,1.15570553127551,-0.778092875827039
gene940,-0.0618009339219883,0.38965912896909,-0.469138758597116,-0.433397089746878,-1.21621740055297,0.316960743780419,-0.229561344846303,-0.64892468743817,0.341198735332334,0.448071263811431,-0.0339116797570726,-0.765281116202018,0.475269130787729,-0.110167753288896,-0.0113519313282429,-0.521144462446012,0.181637537879191,-0.348715084206516
gene941,0.0805318884527557,-0.550593886488593,1.88737809630832,-1.56637448042905,0.779806981321061,0.387630722718386,-0.49693378446632,-0.740812513987062,0.753341895822332,-0.129279935127582,-0.848831874166567,-1.1902580159116,0.238928210619823,0.239122947086488,-0.289868013997075,-0.807847218196563,1.21823871292156,-0.533099649390469
gene942,0.115795997935306,-0.233697385289672,-0.521220084389122,1.32137341230749,-0.307414186609599,-0.0112559068682805,0.200628552421486,0.889330831762986,0.624341363686035,0.499055968958361,-0.444310214785206,-0.293038304350875,-0.885570446126707,-0.2598068627412,-1.26119693990191,1.47555605457053,-1.80183167220768,-0.041953214153102
gene943,-0.717660582747269,-0.431930857071423,-0.19910441133911,0.107023294869164,-0.962209097168829,-0.183503004487088,0.186916325202639,-0.2059851108179,-0.463637879803666,0.262206093595181,0.0449437889349576,-0.0463732451702781,-0.313244868014101,-0.173737223856815,0.707673791282487,0.975015504970066,0.977660403513189,-0.887823890412414
gene944,-0.0013065202896646,-0.0685537619764792,-0.250688842781934,0.0443348649630424,-0.226981427327434,-0.425035913326978,1.79650304559931,-0.330245059624313,-1.60398967349099,-0.208070901231826,-0.315182362834844,1.98160879116128,-0.0448958779802419,-0.0641702355683158,-1.46996561609678,0.381467004584593,0.661433352727508,0.702951280820932
gene945,0.127309835142196,-0.867923014449413,0.0816683757809558,-0.670476712791049,0.0351090227816988,0.230273220335966,0.442819987658505,-0.484554002993381,0.269928563758558,-0.140604202575111,-0.0261760419797292,-1.13479632648408,-0.23024337123523,-0.426154037245833,1.29308935229444,0.644356575383104,-0.487209721013354,-0.0589888180532208
gene946,1.36068961722534,-1.53050934348805,2.63088312942262,0.621247259695076,1.279897901611,0.379416517194681,-0.731086381157826,0.215797453085752,-0.666799431275468,-0.419996697773419,0.765078353866553,-1.10771409176067,0.49832199294456,-1.18138348353166,-1.21161412344768,-0.516721503612432,-0.437677356751805,0.256738453764953
gene947,0.0260275045886843,-0.839654940287312,-0.746934831011453,1.24553214108984,0.403868263368713,0.184480324641215,-0.0619960046409172,0.353255825020464,-0.153467537993282,-0.183876932961478,0.510101004136198,-0.0431313445345435,0.403456028173982,-0.0883268344425748,-1.24684848061141,0.211142690387715,-0.110395377419753,-0.621164529932695
gene948,-0.563546198449196,-0.030072650141091,-0.599208927230308,1.04478414725734,-0.117488553813316,-1.19833887793366,0.476499255318544,0.387828075505244,-0.682929169247207,0.452266266754216,0.732076964090967,-0.501369385378779,-1.70137542604682,-0.0971588898494553,-0.269885131367802,0.175812643960396,0.67733616401756,0.673661820977921
gene949,-0.681762252771861,-0.293148285487385,0.53558241202076,0.665591685493876,0.644323839765384,0.757354745530964,-0.0986819663886553,0.370642638039684,1.20542525544092,0.990812945826381,-0.126852972129361,-0.745961712438205,1.45418461791507,-0.312245706394894,-0.204962830827081,0.223955732247743,0.871569615826838,-0.948826432208595
gene950,0.439719137436058,-1.94463304477795,0.379805987710475,-0.220900915980292,0.670841113882318,-1.37303195790252,0.456160500134274,0.449719213538468,-0.192186991813011,0.205053624596055,2.03444032499318,-0.685623528596219,0.0407145810669176,-0.47612575086472,0.0921964707742106,1.21615902316293,0.0724276071785122,2.72904548472933
gene951,0.575275514807298,-1.05868312507131,1.22178730238899,-0.11416311641626,-1.03397970930515,0.0847268481427754,-1.3916234313974,0.444565989998077,0.227620485874373,-0.151087206893102,0.65652225334132,0.144648461858105,-0.260338581441123,0.213186283273893,-0.110625994546255,0.364084819267539,1.18216129711186,0.201862191739654
gene952,0.324852744504123,-0.675319032435394,-1.13923877252063,0.782733507957814,-0.611257205267591,-0.34354023407526,0.0622647462684945,0.258022192202906,-0.0231084650815819,-0.516607495256278,0.588712185156672,-0.0662863799596218,1.04586799471543,0.646093341461664,-0.450581505815312,-0.791367989775668,1.46136382602239,0.0352791271402767
gene953,-0.577222713619245,-0.317352024711694,1.72424351241017,-0.0821363795207056,0.183733797415689,1.17570514270617,-0.185980592226467,0.884990487745863,1.43059262977635,-0.839356146877059,1.42910324794067,-0.280078721000772,-0.077869181763203,-0.220162761605509,0.293117422189473,0.089115274174606,-0.363813041717141,-0.68473708428393
gene954,0.385831435302515,-0.0199526726671834,-0.786164400642836,1.05606836968152,0.305777075529592,0.457387952806867,-0.428996366122985,-0.0861345156457375,0.84569124456859,-0.234776498245133,0.280850348924923,-0.173781608649564,-0.409117863803029,-0.377600941120459,1.02273155665423,-0.385739840702731,1.34952765387276,0.612144493977751
gene955,-0.192385175482416,0.348210193629366,-0.738597907828416,0.748226956211301,0.323939368350912,0.522492312902795,0.726028517818717,0.736955651955497,-1.01555855440755,-1.26870525978464,1.46522040733839,0.701637058242008,-0.410362840202907,0.109139992323222,-0.204601631003753,-0.539030785310795,0.0229645980942542,-0.496227735581383
gene956,-0.60611464115797,-0.712355904549728,-0.762261851957128,-0.697999178983195,-0.488729099882738,0.739324855532428,-0.0297812325780903,-1.61012832530559,-0.766647423118442,-0.130799022415024,0.0643215831066382,-0.546887225939172,-0.0322608605619914,0.0295344908923669,-1.32743240418181,-0.618116995111448,-0.209262829086573,-0.45726572931703
gene957,0.287176709786544,-0.0292662498748389,-0.644252799224719,-0.867603577184887,-1.44516227481572,-0.328332176536613,-0.667670893574771,0.403018137959174,0.458821479748543,1.82298438867645,-0.0861951974693202,-0.0982567300423012,-0.248464298405075,-0.0603311537883247,-0.60138277418085,0.967077519043976,0.318358192168357,-0.825565199238302
gene958,0.0407375081112187,-0.160248878787093,0.452446021924011,-0.551350235002978,0.605267858883153,-0.611265187206215,0.577665819368551,1.60912886823175,0.621154551952193,1.80741033603981,1.18791943295524,-0.89761457300118,0.240259150503695,0.630250012107505,-0.363069493362675,1.11867308947691,-0.58257119798605,0.101185579296654
gene959,0.585588481858529,0.718655423620168,-1.39243480258604,0.0264564609864652,0.265148707106828,-0.532051208875886,-0.366532216358693,-0.794991833465646,-0.104530639969605,0.388339428330357,1.7584401239975,-1.78950808448917,-0.905950211753763,-1.32176888247199,1.2657676793832,-0.955986148926492,0.890749219115469,0.053355095382379
gene960,-0.0996807602229212,0.169093550769141,0.612213104699735,0.0761934197258567,0.0431123501656137,-0.60065336452838,-1.45325014628682,0.852971815046692,-1.66648413437207,-2.35333342740598,-0.249894842605985,-1.442021239025,0.297706258260764,0.185823198481074,1.01485982944952,-0.171496666974461,0.17051111634502,1.20521076153083
gene961,2.04113848186119,-0.929538562725727,0.712848319912735,-0.0267786656671147,-0.0483678530471401,0.753154329240184,0.0607151572407395,-0.31959795188309,-0.132422807821506,-0.714534930872113,-0.0167120138031907,-0.634914613419289,0.0170908307371678,0.719090253186188,1.13800577903182,-0.257709520357437,-0.409658861494373,-0.834242503947625
gene962,0.176282310856309,-0.327334374424095,0.723675578113934,-0.298624797967541,-0.127021227820423,0.429590350600896,-0.0239517651671691,-0.181911965890311,-1.19387387110653,-1.29691130411588,0.0296154627247289,-0.316250751034968,-1.13395473441462,-0.197591839593634,-0.386204215468382,1.8545657251679,-0.821544305266455,1.27512710874328
gene963,0.579897699558822,2.23301909523758,-0.109923661769477,0.0143085819031345,0.183237332201332,-0.0023755503346331,-1.48037204001485,-0.29791555145269,-0.0591390993609665,-1.85047836572352,0.930387663481557,0.498757526411507,-0.279957507413935,0.0231594799886098,0.158914674307963,-0.486512336483161,0.246266252242357,0.664617600929419
gene964,-0.651016062055002,-0.117141306714796,-1.12251066626134,1.21214575241866,-0.30388530730414,0.297049878947462,-1.0311528216179,-0.47068617893902,-0.547211585245868,2.00661945928925,-0.85334772642909,-0.615702111184415,-0.326384074120084,0.0681644212738297,0.539853482170713,-0.559821488704088,-0.0049235943549288,0.212994806680393
gene965,-0.401504719171945,-0.0331250393847297,-1.39067263819651,-1.59972573051763,1.2855429112077,0.635524473736387,0.695469633326638,-0.5990268410845,-0.373950530287052,0.663661588401841,1.23772001124812,-1.56475617044943,0.699169752553295,1.19767391391302,-0.153046410426758,-0.8212797552217,0.0242083177645452,0.33735402014622
gene966,0.478380996106676,-0.100718781715412,0.251179010773284,-0.771540846544561,1.15044110396047,-1.40456327161424,0.507939613437291,0.714995493750074,-1.01475308882114,-0.525953369036802,-0.040220757483758,-1.42669460292383,0.392575949098294,0.903059715139911,1.0140906016355,-0.425245934397804,-0.459604630199708,0.183260907148287
gene967,0.740176093544742,0.0974308062992977,0.764778541895176,0.324002644887385,0.333663996366943,-0.827012354195885,0.0952749266504455,-0.129673174813995,-0.714481045489933,1.08010797772563,0.374552507493301,2.17751440165223,-1.17778753636813,-0.975322325855433,1.20678505975424,0.540539717347656,0.179900263945841,0.404034021684293
gene968,0.0382631273382573,0.740010361940211,-0.021359796562331,0.128753761942376,-0.648082136071525,0.0300715435132293,-0.933370903800539,0.0792167042766136,-0.269503665090553,-0.3687026411772,1.68924866651225,-0.114834877099416,-0.447798785760429,0.0006449605840362,0.55111114117756,-2.58066655193801,-0.884636080588775,1.65568236270185
gene969,-0.205658655951408,0.387342626094992,-0.742955514800258,-0.463993296874126,0.172008112850736,0.27006424971279,0.145844925039927,0.2289451034807,0.743349060487549,-2.30146447313325,0.564330411561818,-0.66080272429446,0.657552698293289,0.569859365380291,-0.18465432454827,0.0570760777858004,0.0542201355689998,-0.489651298352334
gene970,0.12730505175296,0.517666659479435,0.312494571270061,-1.94765643819243,-0.128692728847208,-0.545599231111361,0.689281491490943,-0.201812801960656,1.0576119852417,-0.114860338649031,-0.407854460910644,-0.586287357574073,0.152083888906647,-0.479415525868452,0.162815282941598,-0.467005844512632,0.0184745795688165,0.992741360933138
gene971,1.00071038127163,-0.119319525273525,0.324793204923092,1.4739084746519,0.164386573082705,-1.05772535874127,-2.62522216491462,-1.02465367590053,0.837858707067443,-0.279054589602588,1.01200314608508,-0.184550246439005,-0.61708783323936,0.390604998541771,0.214638729127001,-0.749947489125941,0.906687209782221,0.322094961135832
gene972,-0.654422328794432,-0.001063043087656,-0.928300394645435,0.404131702816592,-1.07954145727959,-0.478942479032748,-0.149527556374686,-0.40369883654218,-0.593779853257037,0.377123270165351,1.16239505168449,0.0455871840032106,-0.0526808646562567,1.02091974832496,0.232275888899585,0.0456941242958501,-0.229826075247224,-0.293958912177453
gene973,0.416923747990934,-0.55272680241222,-0.306129010950906,0.584973389192324,-0.722324631477658,-0.342731877453485,0.460232687908915,-0.0562586680891098,0.0657198794722325,-0.845063348266139,0.303580906870687,-2.08986561343545,-1.70676310139387,0.345220919419297,0.567899613818536,0.516363481418846,-0.475619710011514,-0.341898148570011
gene974,0.698699103204668,0.75841935288126,-1.07551600141925,0.51552986709064,-0.311450968465381,-0.64439670617528,-1.20819387703928,0.935490715033892,0.0153747468057348,1.00305779799074,-0.887615230351176,0.738299966221901,-0.759179696832092,-0.310093170382126,-0.712402077561894,-1.17159359563229,0.0853270585255994,0.284221336033517
gene975,-0.627965401933994,-0.26468897327737,-0.01815799328716,-2.83994437692131,0.441623800403271,0.301725081376009,-0.478220514578212,-0.0052610761408001,-0.281667768901511,-1.12105920885074,-0.0648929690403331,-1.714925846016,-0.326164317863457,-1.268468224983,0.764796255891447,-1.27357269567351,-0.64948342880955,-0.158711971769288
gene976,0.564392019411531,0.630844104111217,-0.98158471369178,-0.504318765410581,0.361430342246289,0.0153532390393497,0.359586154759657,1.3202342565165,-0.0951763261334793,-1.37191249828383,-0.708992193604236,1.54775724377987,-0.0308390200585307,0.928764457391325,0.600228163129216,0.797534341559848,0.0834603827753557,-0.368698213131105
gene977,-0.503413837026811,0.257870557235668,0.235284154169412,-0.226442279401761,-0.647870206377453,0.21450748971994,0.305331522458075,1.39622989404147,0.663411135952327,-1.23850515066221,-0.35872058850115,0.0412680326274969,0.353354037673205,-1.04424291667515,1.10779050175293,0.155652424662221,-0.933274342442529,-0.854346768440345
gene978,0.188983426912346,-1.04916422266951,0.609364041008069,-0.0503419637375077,0.590367078368921,0.70938349542612,-1.33753985150719,0.857667478949887,-0.93107426020111,0.0443851894344974,-1.03343539796416,0.208844412662717,0.310798747235426,1.6319707177385,-0.819806490049427,-0.920321574013922,-0.347464655394125,0.0946359150110185
gene979,-0.398400423965694,-1.39378565594548,1.07817869470872,0.21650606159866,-0.393749395874218,-1.18061367049808,0.425599578873603,-1.52771452599744,-0.125570149230649,-0.990144976368635,0.18088581076034,1.02801535704288,0.0340770085172553,-0.640154133992248,0.244111581218622,-0.596072134398197,-0.765720252827513,-0.739876319357235
gene980,0.189220846813773,-0.674258236484187,-0.676624744644396,0.488033544285349,0.0568821451418172,-0.820111786660085,0.0728343222396469,-0.324293191652965,-1.03310730062474,1.10489070454667,0.472139949917835,0.233247305021994,0.514268096275803,-0.177161792519156,-1.58610908191557,1.43965256601312,1.00246608572433,0.877825250343197
gene981,-0.792494667242978,-0.301203157919717,1.6311679746676,0.192723330864892,0.173854883972751,-0.823074905075347,0.270849073994986,-0.692119504749182,0.867347189970941,-0.0813866625648298,-0.510324793310465,1.86484521195498,-1.88175185308017,-0.677876262187149,-0.367991809401623,1.7061459443414,-0.516752021802831,-0.097563931334703
gene982,1.26360174046668,-0.027960537271421,-0.401565983240123,0.873370319478993,0.21954663383668,-1.00398098939262,-0.668707092520102,0.219506219671675,0.807439083689686,0.0737625894405317,0.163906744275774,0.211348898729788,0.875859418444226,0.553950091973402,-1.89990855204457,-0.114186924328619,1.80375661905811,0.541083935848126
gene983,0.0291407015815196,-0.524716213256298,-0.14827229302472,-0.031988357167299,-0.217509828585413,-0.26678090862695,-1.32279371366671,-0.647507508353218,0.579973830290147,-2.09468946384247,0.400451126914033,-0.123602707457258,-0.863158687100509,-0.0779291844587529,0.0935447809602511,-0.166504305548617,-1.53940808882206,0.513323874305253
gene984,-0.0248079808154076,0.65042564830737,2.06608739314339,0.151730896114653,-0.166464285950828,0.479289975976068,0.345214893971212,1.34522898631494,-0.57890671008699,2.00726230640756,-0.663061955807761,-0.534396354808797,0.455233533261357,1.16479953281192,-0.109662866028119,0.490772331876039,-0.123417110780621,-0.298537831986327
gene985,-0.465205009753163,0.440377033355381,1.12675239080313,0.252716325381899,0.756120121660721,-0.743851478906016,-0.0811532430473419,0.809196512380883,-0.31136570266942,0.188909092635019,-0.0704635733378795,-0.545347632142334,0.462147737902907,-0.835383562271718,0.658875653624165,1.11361149709341,-0.400263629997709,-0.518148168247252
gene986,0.0467505125191101,-0.56453637507715,0.647483854236051,-0.823579677423115,0.183631749611459,-0.246874727693243,0.652476156461208,1.32017903926654,0.595816524069194,-0.0235847690573996,-2.41275223745914,-0.054118775252906,0.553029158662932,-0.295997155160807,-0.771921999088965,0.369302045863846,0.425485026543765,-0.373373529296429
gene987,-0.467070523381722,-0.0444351438585374,-0.0749364844285965,0.931093809080438,-1.13228828247503,0.139734082931424,0.462345617163681,-0.76229298718979,0.582228499910924,0.181053049744113,-0.0958735647120946,0.0346669072353298,0.191144305211799,0.0591135844156408,0.10226695852838,-0.792535296190845,0.247550484779649,-0.199689894721561
gene988,-1.34171643116443,0.368591265239815,0.402540078385679,-0.436656117275637,-1.25671681781303,-0.228340163414895,0.293286392067495,0.91224737737806,1.00738055586388,0.156041637536997,-0.23513152025535,1.61869239329161,0.249117350018018,0.364640944457772,0.362355916920639,-0.411958221530374,0.66191207679461,-1.01345982197837
gene989,-1.01183998225333,1.19454280147539,0.546907315056028,-0.0966710416110166,-0.156455307956619,0.0162196001570844,0.42115742220215,0.0583551542555118,-0.708762214098612,-0.617391339759643,-0.610879154629562,-1.96443927321314,-2.14379688904298,-0.379709376214743,-0.390382850631124,0.182159263565219,-0.169377736714515,-0.0050464591529852
gene990,-1.13808037026375,0.242610919881959,0.521484372129733,-1.03737674005747,-0.773324466525727,1.08028651266246,-0.0441577940617825,1.4131950541105,-0.339178593729402,0.0907181231008934,0.112589309618281,-0.133538187120964,0.469935730810726,-0.459729679709938,1.72887972732383,0.426254775835299,0.397241167354481,-0.530161353979375
gene991,0.0141272273286668,-0.302650642561844,-0.774396750027677,-0.236022974232311,-0.143210694659541,0.686534618672207,-0.489653833070726,-0.491000486310389,0.0430469420447931,-0.0173283294366511,0.714849602940009,-0.647372986523922,-0.856664700624789,0.700700259682316,0.502785709480674,0.183168656214001,-0.131019769370151,0.539714286598711
gene992,0.0370882153848838,-1.29270800253269,-0.0015896339015627,0.230968903571407,-1.44740756496831,-0.428260034744006,-0.728034443754765,0.0140204494021074,-0.426675136431027,0.35734831318167,0.0411658728965858,-0.17894880244016,0.112380395578455,-1.80352831868578,1.41465137335221,-0.434575980117663,0.480622054189962,1.57099159630524
gene993,1.15515145474237,0.609241715644203,0.0110173493935205,-0.439447906977802,-1.1626998862928,0.271445519795712,0.522145899137238,1.91355906799652,-0.253045163482936,0.8252118048381,0.158152209902435,0.819923127385904,1.64784338111258,1.61109870315078,-1.1124637312994,0.586629271134916,-0.459565207078409,0.0749620830084087
gene994,-0.06699320280511,-0.12432340282678,-1.32289859244375,-1.42033184010145,-0.115687603081426,1.00197123756742,-0.0799794144018456,0.841332499595658,-1.31624743844239,-0.361749472077922,-0.452801961560725,-0.523735166953715,0.701813000365618,0.461595195424083,-1.3758137949985,-0.890669042871733,-0.416193203946576,0.365612884821165
gene995,0.409267618038702,-0.746054636606496,0.836328083769802,0.779869101288153,0.592255249828911,-0.884322450157026,-1.2924969066983,-0.167477340566934,-0.101462223535991,-0.10155617104713,1.44932397129068,0.569392013882813,0.157081036366178,-0.729261572222235,-0.194888547499378,-0.159917402575108,1.05625563649491,0.562589506470466
gene996,-0.28643799194693,-0.713678567123743,-0.927621002078165,0.0936210777632428,-0.120837517894623,1.03741983700993,-0.674892486184033,0.606815556228252,0.814337205626685,0.198207100390209,0.453246747805988,-0.480134706680077,0.490426547395982,0.785790747023101,1.6455267717277,-0.953152356537365,-0.810548598802073,-0.179815788536403
gene997,-1.20740945315063,-0.0420471008406203,-0.865535205331674,-0.76434031881829,-0.114474148488512,0.0970959759927756,-0.997281310129991,-0.465500285718887,-0.503266481203473,-1.2264116606083,0.71966930242825,0.223896702840848,1.39325122294538,-1.56835273906614,1.38017615525098,-1.32622537042958,-0.0673893209244963,-0.460994662996095
gene998,0.481352219111366,-0.481437605248387,-0.423005183230333,0.0877699396111832,0.0508850523606618,0.174803485422628,1.85404764602734,0.588610028176323,-0.625143365832177,-0.0179674577070942,-0.121280864779587,0.705409507669194,0.439933010606184,0.411093982904801,-0.151859548936344,0.906819614600799,-0.445316213107492,1.05660031283316
gene999,1.98468314533999,1.60243499681821,-0.643211357467309,0.700444403016419,-0.5276053800471,0.680626047122477,0.0055063202409516,-0.382384657563871,-0.236592548055577,0.247430191544927,0.437851241012937,0.417949989617597,-0.330554059180176,0.145867473101573,0.123705467470719,-0.884532799256398,1.2229907059972,0.222825266090359
