"symbol","R1_P1_T6","R1_P1_T8","R1_P1_T10","R1_P1_T12","R1_P1_T14","R1_P1_T16","R1_P1_T18","R1_P1_T20","R1_P1_T22","R2_P1_T6","R2_P1_T8","R2_P1_T10","R2_P1_T12","R2_P1_T14","R2_P1_T16","R2_P1_T18","R2_P1_T20","R2_P1_T22"
"gene0",-0.435597841255719,-0.240224584542535,-0.550631326599645,-1.25763673701681,-0.147417052129435,0.0186758220966028,0.609014415565003,0.543875843948102,0.792734779941168,-0.0582121925914373,-0.276988340324138,-0.721120475544622,-0.882854190640984,-0.0370698497379072,-0.528158443029903,-0.105453271184925,0.348382186018798,0.398159062784733
"gene1",0.518014330703879,0.608037290380607,0.0635922533326329,-0.0471950264117595,-0.132019563279663,-0.46976401925077,-0.433944150345042,-0.475104844229126,-0.0123556997452013,0.595670693381485,0.407032563199202,0.153293483361227,-0.390522151736881,-0.347862382802095,-0.476386805050698,-0.536875539863663,-0.432970680499182,-0.0991073212039387
"gene2",0.184741114604991,-0.588064479372541,-0.422865986888583,-0.64303226587642,-0.140917122911601,0.102950581081059,0.173553753622494,0.387460353312845,0.135135278886857,-0.58906918698468,-0.551199806608987,-0.531330472452086,-0.327827610255995,-0.283329820437956,0.0448178449019234,0.312196312313612,0.753702993594072,0.658282584022865
"gene3",0.447647701006621,0.321486834183621,-0.0110918191773314,-0.27051664803008,-0.575427731258802,-0.566166994026451,-0.616049445819673,-0.329499271659836,-0.212570224822247,0.62285057364992,0.67743672063515,-0.143440591801285,-0.348009992934197,-0.880466138066192,-0.635743025456389,-0.704255798161334,-0.811900285736001,-0.067560388310456
"gene4",-0.0538006268823621,0.113287152174202,-0.107944070947666,-1.01581241291735,-0.413723237564144,-0.476562224571618,-0.293640009161961,-0.226897812520484,-0.235720778680804,0.298301208501391,-0.0707240907674175,-0.0909249130490384,-0.233758240908949,-0.46213978813809,-0.399989436314789,0.0205857049844512,0.0885441688067506,0.366613254562526
"gene5",-0.516675468097897,-0.713400553084615,-0.568536396173992,-0.811556808257965,-0.315840388382537,0.313249729406118,0.623032941619106,0.715464919595046,1.09647588837885,-0.403332966854636,-0.546988366238673,-0.421733950620212,-0.480902627239116,-0.106316721815441,-0.153370208515613,0.713786828660775,0.766883666743162,0.933986364501897
"gene6",0.444553886012163,0.282672585239069,-0.0632830270927444,-0.215004903058928,-0.344501578013161,-0.478577738027826,-0.499319732738105,-0.272148846172315,-0.309791144476202,0.313986791186291,0.172565389327504,0.389997892823702,-0.225124159957659,-0.2915560526313,-0.506890875546144,-0.460747506691545,-0.351248765483011,-0.170958038517341
"gene7",0.120814695428168,-0.445893176823532,-0.809433805923464,-0.697148196840636,-0.684721354343316,-0.567361233843115,-0.253978060060399,-0.151205360719038,0.821522055668601,0.126120761644739,-0.397971148669386,-0.652493910787575,-0.78974131857291,-0.69619766619388,-0.416010486621895,0.331643059591655,0.475625077857591,0.798715413623841
"gene8",0.363681679193671,0.387916530072515,0.822528638588898,0.446749903297163,0.098285570064076,-0.0772110383176917,-0.378492440024778,-0.900829677254509,-0.449051706445251,0.409095908447896,0.695983108856951,0.629144387373016,0.27233265209454,0.172619726497648,-0.0637801504698294,-0.266764351887357,-0.310135748830258,-0.674926177509584
"gene9",-0.586849610128183,-0.11877389839965,0.570712465033345,0.407846526089444,0.739762388368822,0.626486648501049,0.427783911002866,-0.165894946520958,-0.610838421609771,-0.421726668875311,-0.192467725883379,0.699654006897643,0.564839853490433,0.547224504368602,0.255376003646119,-0.0668462591529257,0.016613798268029,0.151926390154566
"gene10",0.377514546557871,0.71086123186462,1.03836504919094,0.621824168942533,-0.132115348872994,-0.337516972976262,-0.897037226384242,-0.84274693888206,-0.76660243029435,0.813202753532225,0.627443019899009,1.1936717783036,1.07849867473385,0.508702774614559,-0.636853173587824,-0.506891012088183,-0.798239682491959,-1.21364919717502
"gene11",0.227853580471842,0.574781489161903,0.678446631250625,0.28568136248521,-0.137761900059061,0.0145937094464035,-0.556817915222107,-0.822442080471829,-0.232186588220441,0.61378576161811,-0.000970003112290452,0.180239086822136,0.374894609326043,-0.101660440919793,-0.660830209358907,-0.597569860311847,-0.60716559756537,-0.012276277474001
"gene12",0.314879852283284,0.439181420152016,0.0878995258321789,-0.0155131212417221,-0.198855308607418,-0.472522355708203,-0.528034836469822,-0.457201318612454,-0.280957508393164,0.581328420009009,0.333095223658431,0.225131281337818,0.0815351721377114,-0.122268125161731,-0.324486961355886,-0.558368134248265,-0.646049610950315,-0.185638496138492
"gene13",-0.994595845543256,-0.718373183700966,-0.0338760157734751,0.499778804224971,0.165770652866294,1.10045957848444,1.02600477448979,0.261643725193392,0.0682169721076824,-0.643176590918598,0.0991840983260434,-0.480095224234975,0.91646343216212,-0.280413393112613,0.851546313994737,1.04919506038345,0.742590109437419,0.463058578491836
"gene14",0.0769826567985314,-0.363994941886793,-0.302857457384806,-0.948482779065717,-0.879162507341315,-0.657177439618315,-0.0356121747249876,0.230538902422697,0.418623231833708,0.348676835956138,-0.266956138088511,-0.722385138643231,-0.874968738539139,-0.702294765781078,-0.499067799234582,0.114293187675672,0.437882992262945,0.978256812777518
"gene15",-0.638455997412639,-0.623560222045948,-0.877960456007812,-0.353715775658714,0.0511130745757087,-0.207120575887909,0.279134088707122,0.599390913877795,0.665889957754126,-0.643355198741288,-0.631427836452021,-0.354776935218695,-0.572441767213486,0.0632541325354779,0.398890397252155,0.428920151719082,0.73490342427485,0.586983335163176
"gene16",0.0161835399095121,-0.134978199568676,-0.418111209696709,-0.652614987003809,-0.448794937200449,-0.468230705697887,-0.158005046645071,0.273513372998577,0.390095993454659,0.314639710520794,-0.158643794588405,-0.433714548743313,-0.6825037291521,-0.451253697629916,-0.439697359636542,-0.0922094614019449,0.0245559614278693,0.335251901648428
"gene17",0.00110565618814021,0.596399864948606,0.736565438320604,0.464918970275414,0.523742697209513,0.0828499001375165,0.0238916776191948,-0.28593190786362,-0.863626262243372,0.17449149497297,0.412992599960041,0.707232006343919,0.549111473185066,0.659685388587781,0.318434052121152,-0.111016291264162,-0.691456398558673,-0.693769067320944
"gene18",-0.710187210794879,-0.861093946304139,-1.0850506867998,-1.01148807080344,-0.408906295878473,0.146447659093181,0.334075134182304,0.455207739490538,1.12382795098195,-0.274133508444861,-1.07727302169259,-1.22314448320697,-0.911732375727442,-0.566042138262498,-0.242951454999384,0.73988499646004,0.93024668696466,0.765600949687547
"gene19",-0.348368605632593,0.884436803175151,1.73466752031876,0.354898091906853,0.365858278688412,-0.615720468164904,-0.649105174881175,-0.917605455877239,-1.5958565974206,0.408814523208467,1.68044803749153,1.07764444185744,0.451773704541253,0.76711210301089,-0.595739820278898,-0.638567810744403,-1.96315073812844,-1.08234834772217
"gene20",-0.524423901843119,-0.373618304079485,-0.234307956181391,0.477716879611607,0.745053395138002,1.41027883564894,0.575488694485041,0.503038980725278,-0.232679615942637,-0.653952144362743,-0.304963136337656,0.206928027370291,-0.484656191688058,-0.140031904810517,0.722932147227424,0.576918987277754,0.148620132182071,-0.632475287519196
"gene21",-0.80672387359648,-0.89322863629902,-0.637970941647575,-0.148705637724304,0.265463918213507,0.79462636316454,1.29939483806863,1.05050843584502,0.304224717689523,-0.967127638557797,-0.478985327166132,-0.941977107612031,-0.706766976218259,0.205562119591178,0.402841944941692,0.592404417202027,0.892125929602754,0.683827505665111
"gene22",-0.295353584955707,-0.207670184815713,-0.603671151292164,-0.815495602091207,-0.128680567583544,-0.289552533527366,0.141389900357893,0.32054427526929,0.623016666394162,-0.210165961726044,-0.829496301338023,-0.280317166841427,-0.45406164100958,0.19112881753142,0.256904949223845,0.604680569624666,0.487761516241196,0.620002521793546
"gene23",0.636554622593921,0.81088117681063,0.248002026601694,0.212424524621832,0.0660289090762707,-0.77127915345199,-0.729676323969402,-0.330507421692585,-0.280445442938874,0.415037339616283,0.763783952072614,0.544815525077477,0.302050281110424,-0.438209281501787,-0.587160640607039,-0.561379101988427,-0.374795174113806,-0.532025958552308
"gene24",1.18544759586633,1.03365015255317,0.380887621273273,0.0954247662359532,-0.509270655208983,-1.23074908714593,-0.968886302874995,-0.0753696635314156,-0.450034179361395,0.728353954853584,0.820154983271865,0.542247119564705,-0.0612337246030236,-0.212756992878829,-0.952995335283997,-1.49558406151725,-1.47767623518632,-0.474678429950784
"gene25",-0.902293015989806,-0.556379598215892,-0.615793920449096,-0.568007562845827,-0.232011594825751,0.388729218150587,0.403410826875414,1.15421781821723,0.874098230310783,-0.564531038834476,-0.835669463355729,-0.74208357679955,-0.782948936061511,-0.550684298444621,0.248750732601002,0.416045536149603,0.942369644021532,0.755153512893536
"gene26",0.50885449007033,0.811350507319277,1.17843179584479,0.311388914145016,-0.124849138844886,-0.614252409255638,-0.825304971230573,-0.631280923752984,-0.7008958536235,0.391007326102457,1.48210391516391,0.569395281291157,0.277863210145184,0.281102988267476,-0.692669733300239,-0.533727131045356,-1.00623473749127,-0.945689197737815
"gene27",-0.611147908644171,-0.36831932712866,-0.628333995303923,0.0760025893293918,0.494455752813686,0.175887213098052,0.508331377381165,0.728547673864936,0.36331280331543,-0.628713258403664,-0.34214345068227,-0.500923717782186,0.160113596181249,0.949059364430159,0.00469598111469816,0.785779351862429,0.573890869385369,0.904855937251712
"gene28",0.31804327888562,0.469873335335017,0.41393147421467,0.558094256929641,0.520151750684609,0.00879687325797179,-0.161903429201774,-0.0925935315680349,-0.383042105012332,0.0338685549273275,0.436767179338692,0.570601390030146,0.321959955027307,0.082191398465406,0.396396187278939,-0.037673400769459,-0.257247923709925,-0.355052411803829
"gene29",0.661039627188896,0.961863711667588,0.928353992235265,-0.105795295024405,0.348213916302598,-0.0870750438518277,-0.76069763174905,-0.850030938891948,-0.665995479504878,0.262456180530239,0.754796823851819,0.630330309236619,0.525265750080456,0.51514485347307,-0.0416976784484492,-0.292292302615888,-0.608123769636202,-0.750408141825215
"gene30",0.491114040375711,0.246422034923071,-0.0207424707952971,-0.892337988612417,-0.562136939063895,-0.440276013995134,-1.12348929701849,-0.586214841334885,-0.22297140936795,-0.0430200914257578,0.0014456097570883,0.510050172345325,-0.524170119674734,-0.482713732184342,-0.517427834521736,-0.851485919031473,-0.602404530516035,0.0325103110488622
"gene31",0.519019362805384,0.313795218014352,-0.210999251428107,-0.405710472191941,-0.410142207497528,-0.941232908079452,-0.574921506648847,-0.353064447660614,0.0058106435878497,0.106208675606343,0.527988476231738,-0.00823126293928327,-0.157815803306417,-0.435213320599071,-0.504534064699231,-0.497066363598051,-0.283137649472333,-0.244888048255239
"gene32",-0.569976064892895,0.0988104951158518,-0.671500432795285,-0.996170485279584,-0.537941152552991,0.0377739945702931,0.687734869437267,1.19571666960588,1.10670582733155,-0.360504841978262,-0.274762149036912,-1.05122598976719,-0.356738890730589,-0.0569308635079098,-0.171631840286043,0.78283311290838,1.10163334013728,0.96191106590063
"gene33",1.14850413613447,0.361632153007744,0.952663879934133,0.452308236110697,-0.616144728503151,-0.157985813784469,-0.125472716842137,-0.673220646149508,-0.791362183713595,0.959785752230675,1.18765775938192,1.18178831706448,0.294407353704279,0.563860380703126,-0.314211414557488,0.443084639425624,-0.612229784586307,-0.618563918576483
"gene34",-0.705503048225282,-0.413546729277271,-0.757047564216567,-0.726838445267979,-0.521415345676928,0.454250196845094,0.53497274526296,0.537905304032184,0.324575428052659,-0.903626200296905,-0.70508837763033,-0.694254252163533,-0.25039701723151,0.50748853669188,0.613709837087072,1.07473375869296,0.972494376054905,1.05199579081632
"gene35",-0.525908996361395,-0.555374952956141,-0.135456501107354,0.0368291220556397,0.235967959279254,0.468960173002556,0.551231280007038,0.591060805852781,0.327991363513928,-0.516746416326384,-0.268923103608542,-0.143753928983069,0.116961461708954,0.247287150560133,0.435502165234681,0.5712643133282,0.348797203487115,0.136601441227684
"gene36",-0.154435754346543,-0.714862168553957,-0.654007497228732,-0.456368840381786,-0.631798760058866,-0.702120900435771,0.265563738210577,0.369994108200847,0.348257117672236,-0.0781303988943988,-0.66724260989349,-0.677153690434606,-1.13913722730066,-0.751843218346645,-0.399025778113061,0.272173010251728,0.814258270136852,1.10661810468269
"gene37",0.34555151329549,-0.0777742024331822,0.0763261714624477,-0.0631939290515066,-0.744627291327528,-0.753476558246206,-0.668430878709396,-0.165562875024279,0.405574618234421,1.30584720598836,0.145286121386055,0.0122243078333467,-0.354155626788977,-1.01509962440274,-1.13511729603017,-0.994084911156141,-0.143276683388084,0.635872349181465
"gene38",-0.824744575327664,-1.15761988880463,-0.985949005486046,-1.2072238640809,-0.76632337010631,-0.463419100732562,-0.00967170955979396,0.750485257014724,0.913729109394595,-0.683076954927754,-0.912539039005162,-1.10392160843004,-0.901200100352,-0.4381669422957,-0.637760468695789,0.452482717385754,0.999970820298206,0.808869955258184
"gene39",-0.166525253752959,-0.482480957689141,-0.6330070352364,-0.638740013371922,-1.21610638962177,-0.128494520670214,-0.134116318762365,0.205888371130572,1.36285735592896,0.353643439192146,-1.2340457228575,-0.476608255879077,-0.793505891254014,-0.278630617719325,-0.287870138657497,0.360230700347939,1.15483044142181,1.09848357117793
"gene40",-0.490604491950066,-0.611753931721274,-0.998549551155117,-0.143263015137392,-0.219808992605569,0.162951182972334,0.621193747459223,0.891555368581166,1.1397014082106,-0.3471960099029,-1.02343034202688,-0.861636633315275,-0.241161042887714,-0.682900130652476,0.584938357995944,0.569238270342844,0.850778894933883,1.00544047364434
"gene41",-0.28904675098051,-0.667109821307178,-0.534328871544019,-0.642813637233682,-0.586576286641,0.353939393681378,0.498635286316402,0.748788168708566,0.666739182285519,-0.164035754648981,-0.722091938134504,-0.78391207898289,-0.499590286413995,-0.587693310281645,-0.204188337759399,0.316564774817239,0.742377456319659,0.536325397379193
"gene42",0.9406381113903,0.267569563672743,0.00123073113512095,-0.154732954120102,-0.440127469652819,-0.701774351001523,-1.05494000814179,-0.870916912235667,0.306885850780159,0.996887513443166,0.123765868487075,0.129241804986659,-0.154135281692183,-1.06974007986324,-1.10652873643275,-0.806690439660487,-0.843632730495643,-0.117172736952781
"gene43",-0.401235854473454,-0.6821810721192,-0.837698539297129,-0.960272276113327,-0.739071328968644,-0.17510035559148,0.345964319791862,0.322059339336256,0.759328073784262,-0.107999483794543,-0.626641323367222,-0.923208443470084,-0.905007049962398,-0.568223568614598,-0.107025805320042,0.790258930629194,1.30833435641445,0.69941085980482
"gene44",-0.401789507632332,-0.467109486396664,-0.47176895853966,-0.827810910056617,-0.25672931043151,0.0327807979938681,0.222931148476331,0.722376405763357,0.621473437328401,-0.12815088324756,-0.678580086446922,-1.12945453924294,-0.766449286132623,-0.319411607385169,-0.216582920532808,0.275341742744449,0.721489152464285,0.75612756769396
"gene45",0.666266510155423,0.375325965453041,0.949685364024664,0.477324392687159,0.121428644351735,-0.0909665291215059,-0.188926936769713,-0.509022583937318,-0.87874572738741,0.812429131079413,1.11186015648388,0.575139987361573,0.556080613597429,0.372200623072313,-0.259162930076845,-0.151200459464963,-0.91785398970145,-0.66791158610723
"gene46",0.603926300377433,0.622091622625683,0.37282749368563,0.0190816053659882,-0.342484203442888,-0.469295074401422,-0.99249947166856,-0.620202381003655,-0.364189013639595,0.631768998532055,0.552550364611836,0.422274671604761,0.195511569878409,-0.160610064612383,-0.660624765183509,-0.398508898143307,-0.459375649882111,-0.264168186466154
"gene47",-0.543632013243056,-0.35391528382464,0.0777288162855559,0.500002702424224,0.863731559084294,0.608569708891829,0.736814885122354,0.427689852389584,-0.140302263996147,-0.954225312476183,-0.827060371642272,-0.0191983695475315,0.397826141744477,0.976580592799036,1.04067202901845,1.10502092572989,0.385092096328887,-0.00461818446102782
"gene48",0.815519157069934,0.407562808932344,0.0718806633838448,-0.324119986322641,-0.675742118546746,-0.752135138028653,-0.754202447186292,-0.688156740742615,-0.0255570456148405,0.846006751466487,0.584157891138332,0.015637178658193,-0.257709008560641,-0.709310119144472,-1.06959267808476,-0.628522406514559,-0.00709070485339225,0.117974407518532
"gene49",1.24910112273475,0.261832837291136,-0.0868718088545853,-0.757131870554597,-0.652167878980593,-1.43252428017546,-0.666746643689504,-0.330617671429878,0.762329294724807,0.849469529287645,-0.050401061579312,-0.621392073635283,-0.567932855568333,-0.614066212377971,-1.12966261407725,-1.03477122760611,-0.0802656585131846,-0.211182014168889
"gene50",-0.495589146611571,-0.254878288085587,-0.0490143927658052,0.42242904899013,1.15237395081022,0.965142009348214,0.809565640160128,0.494192259580566,0.205253165498066,-0.304425029675544,0.117899818333142,0.302997114854847,0.922263413663641,1.03658110052344,0.737031905015987,0.849175197397736,0.342967943703537,-0.398246480604877
"gene51",0.451056824239436,0.639275712029465,0.477923773418012,0.982365385082038,0.282289041599691,-0.129059698759247,-0.247973067785312,-0.588953932072034,-0.747181289263012,0.500873117318145,0.719301525886437,1.17237894710036,0.630145700997603,0.527136438276655,-0.0872193447987547,-0.464360754886699,-0.724426305405021,-0.875874356767636
"gene52",-0.342424912488459,0.533597846852656,0.439776377430271,0.630350160945107,0.483221817588871,0.446324680430127,0.244854942289187,0.224046003047626,-0.0111891856694766,-0.212665754953741,0.0642815598716589,0.243291049677683,0.85830472978125,0.72815878317838,0.320315185722349,0.21649056325095,-0.322109563718541,0.147443827081668
"gene53",-0.164655770273114,-0.529885126926941,-1.00142497220286,-0.910046484268414,-0.660172890679747,-0.289290136376641,0.443689727938157,0.769072566162647,0.822264544643247,-0.351607507986524,-0.319723050524242,-1.06926173711857,-0.523535157325544,-0.239850771993977,-0.00353990095625759,0.414894622248699,0.641745986046177,0.622602850939914
"gene54",-0.466159938829926,-0.662805926320928,-0.0950015126348472,0.0491912404242599,0.694172188578308,1.13108474640636,0.712853422869102,0.634727833990091,0.0195909487928959,-0.836180538794904,-0.559272143335352,0.00926203406095533,0.362360028223824,0.874512794918879,1.02775737371524,0.795922098409048,0.42749241158438,-0.0940495259662826
"gene55",-1.37600496923704,-0.539492489191904,-1.16217364054478,-0.777296894106862,-0.392036121101984,0.683180329928659,0.834787216681679,1.02762335701584,0.882496954330088,-0.765823516234516,-0.880081568998169,-0.859137254533684,-0.764428225119655,-0.23520794759725,-0.141232808491914,0.60057573191894,1.49558006580344,1.0487706343088
"gene56",-0.86020784003791,-0.844248985277921,0.185305685538335,0.121018347787083,0.542471812417084,0.333418830735616,0.723450987371729,0.500614825126821,-0.0811013993053001,-0.656050740308308,-0.822430718625172,-0.333172144103552,0.0228654172793874,0.955413792645527,1.09180992243702,1.12050928330284,0.479218092706643,1.01890490926598
"gene57",-0.0287805168811147,0.22419791862066,0.773397748744866,0.742857305982637,0.474674108047482,0.0938936232311677,-0.272112490743192,-0.425831639312017,-0.573718785406761,0.153294641879398,0.708052287282408,0.367184185324837,0.448988318549155,0.186072741007474,0.27303100093709,0.12671580135065,-0.447437441663673,-0.518740595605466
"gene58",-0.535305764009038,-0.520935664361891,-0.328067698368794,0.055967500502612,0.243734450530591,0.271102350623951,0.506333444041418,0.538042943112316,0.363964258822305,-0.500814181479331,-0.392293779462517,-0.492368015531031,0.0450242156245963,0.149300439967314,0.439577262930987,0.591038632710092,0.411772582762809,0.0825189488921501
"gene59",-0.74186181647287,-0.317031420041617,-0.0759806744081199,0.614335987755522,0.741305507916631,0.524500531464968,0.896029938111714,0.184815149359857,-0.327359245881881,-0.852923925794645,-0.710643929059377,0.000261001512526123,0.656992316911968,0.82985010557414,0.927745257864696,0.830104161630685,0.418722564334909,0.357651121181331
"gene60",0.230399300964425,-0.591857610515997,-0.807248711881615,-1.05727521342692,-0.638763103249994,-0.702981475845892,-0.156140534371377,0.771045311951882,0.708161185470217,-0.12607221607904,-0.333160731519461,-1.09445866329423,-0.614953591628161,-0.776080449747411,-0.955600764299744,0.157449752345046,0.695110459843388,0.733306897445214
"gene61",0.719319394888131,0.508228769918509,0.211609385492052,-0.0271729555143339,-0.253814976917438,-0.341523311713085,-0.519872294493416,-0.542641633282106,0.0790795592601984,0.55792533804447,0.304401157988163,-0.0791488683081512,-0.0534281893420775,-0.66654301537813,-0.43391620329596,-0.582575473447721,-0.365581936649281,-0.252443612873469
"gene62",-0.46180906172341,-0.561573248351726,-0.545315170435999,-0.969703639399701,-0.250216598877431,0.201991920544995,0.353158513965489,0.574061664406788,0.698157018325546,-0.719764155037182,-0.779050004369033,-0.932457094177286,-0.793349400116816,-0.250504003080997,0.099987987835721,0.876737147655398,0.606185048287763,0.960030387066902
"gene63",-0.588904357673382,-0.295902650951615,0.974871586947903,0.857755086343845,1.36718562283862,0.859648156997983,1.32484924938386,-0.113763836782888,0.0790562132418519,-0.613349921596101,0.561432917349977,0.154156234606016,1.01674131405523,0.514772472408164,1.24173589034057,1.08449830655642,1.06904066577621,0.61675030987814
"gene64",-0.0439122897669226,-0.284796343964928,-0.54468497581093,-1.0913420382366,-0.708874083849535,-0.851183930234413,0.0777653057413994,0.0961968462468096,0.407435455447417,0.448788937054995,-0.164046049655972,-0.494993711468897,-0.779853011099152,-1.07716962708353,-0.401505525963988,-0.336485261244744,-0.202669062682545,0.350537555065218
"gene65",-0.974573194923686,-0.303353793603925,-0.46205727466537,0.465356980192518,0.925947876429531,1.0213154174093,0.484188545809755,0.365205915062057,-0.0279656267633204,-0.857935201857246,-0.199139522281159,0.00896652900119352,0.0105560208557408,0.804703617088565,0.836344047115663,0.929116937941849,0.625520053487086,-0.0494402695992444
"gene66",0.760973942537038,0.708989382478208,0.385510979609469,-0.0966529939820309,-0.133421141279037,-0.260504175377576,-0.357577669266727,-0.510203259517029,-0.483580765068473,0.699444065910794,0.506160023530465,0.339927836672022,0.601431048634054,-0.0546069986206351,-0.520789490044876,-0.557876768584209,-0.817058739613019,-0.529236560748794
"gene67",-0.613817283771447,-0.426681079236584,-0.0882528068579498,0.502411404565282,0.486527439597583,0.700737347679568,0.708996167125329,0.351478557813816,0.208650143788304,-0.849773894913961,-0.572080200349503,-0.249172372564204,0.307110162195723,0.824660660932893,1.15343943437999,0.723544897624609,0.561378332573391,-0.038787274385516
"gene68",0.648518188623248,0.729247910896835,1.17784303957512,0.505565541578888,0.0291980901325097,-0.216375935663898,-0.709344175145062,-0.67122290602548,-0.824561002688052,1.18975483774001,1.06186772057208,0.922936452863703,1.02438647115069,0.139527358825422,-0.274167151293489,-0.886928727481567,-1.24893255121744,-1.09664709020643
"gene69",-0.357890331652241,-0.297573841703657,-0.543518659752265,-0.839866134819354,-0.739425504103906,-0.452619715948855,-0.11306536324661,0.563177814225266,0.755577469848767,-0.141444113756868,-0.628117419998514,-1.07506457481343,-0.759656054153094,-0.608221350683163,-0.268917189923286,-0.178265190269631,0.462746200589614,0.589884547319765
"gene70",-0.611478266294932,-0.111954796408657,0.418523599940141,0.0689683248590289,-0.121968399056901,0.963318891887541,0.431248537692101,0.250200438149633,-0.219984486026848,-0.287434770507763,-0.159545270378064,-0.547271462664883,0.29268299584034,0.706577565984344,0.569386589314134,0.805979614827071,0.157603240984167,0.0316063746353686
"gene71",-0.00402305994674192,-0.574843683754788,-0.374653847988064,-0.609891220027254,-0.472528718452102,-0.248745100738592,0.138347799867368,0.3943096967124,0.5758147792829,-0.105934216035437,-0.450023634166986,-0.533630083905739,-0.599001818591394,-0.490645963886887,-0.137177023312205,0.193544339125248,0.336055400243256,0.753039660559158
"gene72",-0.0452504317179227,-0.0163180379023959,-0.492655905001639,-0.408385832063567,-0.749062810969585,-0.627129746986704,-0.222672582133451,0.327115595792393,0.619691997704568,0.383996130148032,0.110619299689649,-0.369613391265852,-0.777951945704735,-0.644170425508652,-0.587047952101854,-0.233396267654883,0.24588778987229,0.797652964849819
"gene73",-0.788611902316118,-0.660194844778968,-0.270917891018803,0.327831104758345,0.22373030960324,0.482888602809588,0.73173979094018,0.715595280904119,0.253497408210409,-0.43655369276007,-0.334562275639086,-0.193026508747929,-0.301193606585577,0.157594047889365,0.663154114781231,0.551423623702959,0.619390668561065,0.105523909753312
"gene74",0.753834051551133,0.46812388107316,0.159339315713507,-0.868530325784353,-0.811876746168197,-0.928970857051545,-0.554517987401858,-0.5820591419597,-0.0686293744719539,0.845496250074306,0.509177081281809,-0.0531873853926433,-0.612355737340303,-0.922726764825333,-0.836961830668717,-0.740122710076768,-0.328925597787548,0.146266098808905
"gene75",-0.469131500705863,-0.676757989565388,-0.251662175905679,-0.262189126928566,-0.243821137056582,-0.0743261347337507,0.316673080436965,0.670982360219927,0.527641190887199,-0.0587126274403212,-0.566236302311674,-0.549452564207324,-0.0471132053289036,-0.561453381145034,-0.0370571052305606,0.450221027914249,0.308824971480122,0.803745331147542
"gene76",-0.570316239389744,-0.822505428206449,-0.699296711565058,-0.3120152361148,-0.351527761869982,0.177639841667806,0.0261322545633398,0.808075711452452,0.626440221294126,-0.78800603957353,-1.02093896674244,-0.586258399383376,-0.317633140744776,0.145740845464586,-0.225250952313213,0.510298176013944,0.711196973823563,0.62275909564892
"gene77",-0.491464542715441,0.0797017252982576,-0.0448652577375319,0.0854356579522134,0.435436366161508,0.392547376616421,0.792893931313508,0.551895254740365,0.184229518992164,-0.631621581797202,-0.431954582035262,-0.190009954529196,-0.199428016096218,-0.11702400251464,0.730962881952497,0.634534818976213,0.258472702141513,0.101742087323839
"gene78",-0.726007686906885,-0.450475096417108,-0.500882173530561,-0.204586678072059,0.285354608362347,0.539790965495371,0.564183918314353,0.492810865603545,0.482489247428927,-0.572968576567515,-0.555350208967174,-0.194400531700941,0.0748735357991242,0.578353121579267,0.260932183455825,0.654335080572011,0.47559882021438,0.336954016601717
"gene79",0.732501848651154,0.209614426107794,0.0639038154604169,-0.423765603224383,-0.521653007887871,-0.754123902839516,-0.52432279267325,-0.204899866500116,0.0774947690346792,0.206738854462447,0.0634102473181592,0.0036776916615117,-0.124057333663618,-0.544168547043368,-0.742794123108386,-0.51844431359333,-0.500154579815485,0.219866677853632
"gene80",-0.32030374325316,-0.409579716770997,-0.822082722096334,-0.702294060144065,-0.710087127094212,-0.57254522780224,-0.0715617663034579,0.597678137326474,0.839598965410744,-0.399694688309373,-0.383729516082138,-0.739693876726932,-0.515486294252366,-0.931066881329436,-0.503637050711724,-0.112014743879446,0.765118714866238,0.879771399040061
"gene81",-0.194772121808441,-0.61424254110697,-0.569173557589483,-0.617479616321519,-0.754227835487122,-0.385971894852295,0.0838429576237255,0.479613944256616,0.61189262536206,0.13559214863338,-0.493062140545276,-0.572422178901781,-0.843870608072497,-0.708126260876524,-0.632366130585934,0.168396302250272,0.548077147778461,0.436461699429357
"gene82",-0.205006757413357,-0.425403976805757,-0.517938517295558,-0.677553706893008,-0.356538244291372,-0.0448712387095031,0.185982953940363,0.204880785942508,0.701588800050367,-0.216454861095763,-0.343730054916125,-0.90217410616445,-0.739988310237238,-0.538048892981862,0.0240464156208593,0.204626088428315,0.449786303468848,0.776125346710281
"gene83",-0.837207858014132,-0.727762654717665,-0.811626241887389,-0.942110589166712,0.185012734021571,0.133789216364954,0.379068810543925,0.818401171513243,1.28240157656065,-0.727126721491323,-1.06506883184137,-0.684832075212883,-0.777307904075498,0.101227508056813,-0.146149564432659,0.728672682241268,0.615316711869385,0.973975373373538
"gene84",0.2664066323712,-0.0787934771595298,-0.114024098361075,-0.368037367722638,-0.778063587246831,-0.550334251320141,-0.104588961031084,-0.0299005565415749,-0.111316929956901,0.659303846707102,0.165922989312262,-0.475658656447348,-0.748110746203146,-1.11060450608755,-0.430395456783303,-0.276665638542962,-0.0562678231587302,0.266218625947118
"gene85",0.823594960192827,0.605215791483014,0.798418557588093,0.476537265787157,0.193284494559927,-0.4029989310653,-0.205632939199637,-0.602597624450411,-0.66496627883728,0.74552221652535,0.932348558948695,0.5585851131684,0.70527630213998,0.349678320838754,-0.3755675378129,-0.492273587584714,-0.980529132160295,0.0786592826321205
"gene86",-0.0823693748595341,0.679794408394524,0.970034272826572,0.936392310346516,0.604795603422127,0.285254244173142,-0.349194265177491,-0.506516644219062,-0.731793386116714,0.71870266812209,0.619242402767604,1.18094190616799,0.349584410109574,0.418744963042986,0.29153917541287,-0.225881266036361,-0.0825164307039653,-1.04106806408694
"gene87",-0.108040014576421,-0.324619612170642,-0.692351134980691,-0.333242351574197,-0.540528707929626,-0.065916263119991,0.282779899199832,0.240077833089306,0.826289470937034,-0.22967884404544,-0.275839387525686,-0.744391531706093,-0.39062277283857,-0.285399733262628,-0.250738232094434,-0.0997289732170233,0.52402077554453,0.925173753938848
"gene88",-0.218380428841996,-0.521167133494143,-0.745515931294063,-0.651572843092818,-0.0683969068495863,0.0675063193386858,0.313546564989739,0.319755809239202,0.69240919515147,-0.210316611429707,-0.480595842623825,-0.647137608904801,-0.618838362528785,-0.125821845871645,0.135914800167373,-0.149064774725914,0.827529869760448,0.623690110037047
"gene89",-0.584370827655712,-0.643862298389756,-0.372391006819216,0.0131565134975217,0.321137367693909,0.487775920835038,0.753110151921343,0.274905510674604,0.233902502214849,-0.544483710843422,-0.354754236888859,-0.278274365555421,0.0676712413623141,0.403428407493352,0.490622567707577,0.76266049204369,0.319311517298402,0.223646158862454
"gene90",0.609720965460849,0.631805468723588,0.346709040571496,-0.480672427295687,-1.02953011554142,-1.02615341764103,-1.00755891609426,-0.46822633428693,-0.412222324961899,0.932848924134821,0.116145346335771,0.0599831175100501,-0.513979277763927,-1.1457363353975,-0.773581751271539,-0.891358249161383,-0.577800479458806,0.146719982781194
"gene91",0.519091880642506,0.00251974349990289,0.0832157493110952,-0.341727623055785,-0.695869709124529,0.0559948754263121,-0.468982501985411,0.0563196694681967,0.0735990581338268,0.52736350565304,0.302604429433449,-0.721025928643346,-0.140563995568914,-0.818317584170519,-0.255600129441979,-0.519527200047762,-0.217854362433371,-0.0940033987182076
"gene92",0.603389519296096,-0.0158404286828959,-0.223140085929567,-0.167977813096956,-0.23588129039965,-0.557666826186259,-0.601987091858789,-0.0419651771574715,-0.0335249426919152,0.339869974223659,0.233109028962756,-0.0711899534344807,0.180098074827126,-0.32803680021969,-0.358053797202282,0.0498547517577775,0.250934787329363,0.572767626363082
"gene93",-0.517081606484832,-0.568351643220735,-0.505873457910579,-0.301556562662475,0.0783651429497726,0.597465795487225,0.612426044423375,0.473967481362108,0.219386378185857,-1.05312756590192,-0.741299674330386,-0.504546155152564,-0.324797395422093,0.133318667780952,0.316381125834865,0.373538130895232,0.937844739657257,0.868718683316229
"gene94",0.706613882374707,0.328816424122274,0.00113878610850601,-0.798662986751253,-0.890977795556848,-0.782118910539662,-0.986734329283551,-0.32424007572884,0.279511639661033,0.96986798035092,0.285968071779301,-0.490429255771598,-0.44946473260719,-0.983326641563614,-0.914877760582313,-1.04776972035685,0.228894217420394,-0.230368958728025
"gene95",-0.0669472024654098,-0.378774746344005,-0.929342306948175,-0.717995736600575,-0.236177156976871,-0.291172275100193,0.415336676261913,1.15941643148731,1.26732251987377,-0.190332138034372,-0.857787054863406,-1.37881193934165,-1.11557035335379,-0.764859329095143,-0.492168761438364,-0.218390799815988,1.42891853115839,1.0920036471262
"gene96",0.824194097685226,0.278544775742421,0.371975214219461,-0.0463004033871776,-0.488283199959146,-0.343588513103753,-0.720140709014771,-0.630878804509206,0.0870703498025533,0.573005175291289,0.942922012465374,0.00625792721852575,0.0455910410418815,-0.137464877291377,-0.784622534162904,-0.648952725890317,-0.373486979870812,-0.384594464906213
"gene97",0.0715559444365614,-0.575374442072958,-0.492571995952657,-0.910662368450157,-0.506294871736336,-0.477147384612337,0.374525747260398,0.608291962457837,0.445324010229495,-0.44313649154544,-0.422599445480841,-0.935911490783539,-0.715346411625563,-0.382728255422655,0.136121018895242,0.118745927570334,0.496898400785641,0.689053056275844
"gene98",-0.334578006954411,-0.675957332738943,-0.0367382508525032,0.736586163116457,1.33458826855064,1.30403857430632,0.44211277586062,0.131761899506553,-0.0978607557274833,-0.709955201951639,-0.428152960155624,0.171287669202813,0.445361514395605,1.05815574005163,0.976636706388764,1.0745590445612,0.528273709560993,-0.00257406222795775
"gene99",0.580944492372532,1.10672462051129,1.02233162082471,0.871021190255043,0.105339600261845,-0.350705452966157,-0.626014414758718,-0.661651863924946,-1.08296646113966,0.863640585845176,1.15976376689935,0.962162258675082,0.379310976516027,-0.118034376132078,-0.342456271189162,-0.348326904964202,-1.04267573991341,-0.727832049621775
"gene100",-0.327622792862867,-0.464117190343185,0.0417119793214531,0.240945805193965,0.171450399120281,0.428329161779303,0.299553655119623,0.11471252875871,0.104195085867425,-0.639566933569963,-0.396854028525188,0.228377232229612,0.265799946252935,0.252709696651638,0.378729146640946,0.410698044842884,0.191052427156693,-0.179829363204272
"gene101",0.421847279956552,0.685952278901969,0.825308512594821,0.602819629877045,0.018068448474493,-0.0612443542815492,-0.588597970857657,-0.652635162928083,-0.569073188385859,0.79124360903285,0.546216878201575,0.355481215283385,0.289699395862162,0.318099373363808,-0.120869019248889,-0.432836482679063,-0.947041381845519,-0.489487494747237
"gene102",-0.356983888466659,0.440283204120477,0.827924340487792,0.664005595084277,0.375242042937739,0.316221169847861,0.05127686144766,-0.543472763099448,-0.771992424551853,0.179164539649985,0.326116229465616,0.515737018063087,0.642578830005235,0.654243252949148,0.487926686374479,0.00467143958972735,-0.300592745218445,-0.673278549970738
"gene103",-0.530288245825669,-0.768736508445426,-0.439892994224106,-0.363253973371542,0.392999852463818,0.473359765328602,0.681001530890721,1.27188182603343,0.683322805354713,-0.775993757150556,-0.741058407089376,-0.735947263061026,-0.125091240968051,0.37077662918134,0.257836629284248,0.84730043662675,0.950940562613082,0.586547257949739
"gene104",0.0185781379366043,-0.667416634506876,-0.964373737829808,-0.723240677420495,-0.921075530803098,-0.522683856847652,-0.323077466959496,0.363459181535751,0.694638036633024,0.166752803088587,-0.32234185626108,-0.693032784187114,-0.500030014914385,-0.649059481728012,-0.257035436833949,-0.371021149640412,0.758203203659705,1.003791883693
"gene105",-0.235344067824312,-0.688674054898543,-0.0474204401691632,-0.133050609813645,-0.238901302347647,0.0551372204585571,0.128034196156722,0.45316316143134,0.903391814669211,-0.301309655181251,-0.0999436837829969,-0.764598696346344,-0.915514135507714,-0.373832224924196,0.244015541915082,0.434594233685984,0.388939943694419,0.800824072845294
"gene106",0.0720893030512941,-0.299598328653805,-0.55183716543902,-0.599085136331331,-0.521040618766105,-0.245379104760289,0.138057058301003,0.312764134338117,0.674440056201606,-0.208299580384109,-0.636079951105513,-0.552746258635549,-0.60621611705706,-0.516090619131061,-0.278556669229623,-0.0887668374436082,0.420689313939876,0.580376405660088
"gene107",-0.0902428403565969,0.211520611812569,0.594321798695924,0.573916761191908,0.590868665765165,0.0819402146893488,0.148456606921497,-0.213373257163638,-0.545675942234551,-0.147639055426019,0.456768079304189,0.333644940958666,0.703335643021579,0.602439943702127,0.398409147338359,-0.0439406815987913,0.0406044374843215,-0.457793653230213
"gene108",0.0166655076335815,-0.523194202397016,-0.507111514840585,-0.774674488347593,-0.705866837544155,-0.882480601533679,0.334820644673812,-0.0359328150098966,0.29749609602316,-0.124603276646265,-0.652334905703026,-0.683505061050231,-0.42366053780643,-0.827975412913458,-0.305739995074536,-0.254655819391812,0.0339451304800675,0.617359068510348
"gene109",0.146105332915902,-0.480611720920844,-0.995813322695766,-1.05444002214316,-0.640203148454662,0.288548516904019,0.49650409586355,0.85248845788293,1.07031814017741,-0.321419347993842,-0.390300286737974,-1.08643598231841,-0.918194907822376,-0.506539856923387,-0.495161021038947,0.354177668914611,0.687789631553495,0.604883042904306
"gene110",0.745080927528299,0.566287639301308,0.968415332445746,0.628985937561707,0.180330652607949,0.0522066697472959,-0.387194105785692,-1.06576154244061,-0.752027941530937,0.108439448626327,0.641616517721272,0.594244411903487,0.64645838099334,0.65437577041445,0.014475174463013,-0.465137999636522,-0.61585933482685,-0.893262927363703
"gene111",-0.112398284071426,-0.337294893075715,-0.493512298781083,-0.533056057382354,-0.366150862223259,-0.20196715764706,0.124823544463962,0.195391589637017,0.619629027934644,0.0131457256240697,-0.268665456344005,-0.702768230237467,-0.63499618701434,-0.724531729691289,-0.0580734246875085,0.084553809200875,0.488768919749349,0.670904497607772
"gene112",-0.947081644581832,-0.371888507979065,0.272533930594612,0.43672163664556,0.715270422580064,0.99542240713874,0.430911308356137,-0.451731175273552,0.428417833043218,-0.59242646511408,-0.767029845503858,-0.0152459589745278,-0.0446772811049257,1.13986381202838,0.961859989947136,0.711890030956326,0.775949407193044,0.113463941395717
"gene113",-0.792082911879667,-0.453378473832998,-0.347214325002212,-0.417057042094441,-0.0992967067272733,0.404013371265297,0.392412850482284,0.560546265589433,0.475462259521964,-0.614065086784774,-1.06204591636185,-0.569956151743522,-0.0462487099510772,0.0781934171641449,0.374238335325672,0.823490977174282,0.52711660542574,0.475672878161381
"gene114",-0.450497361596675,-0.403607934970096,-0.710354636488143,-0.34524276030864,-0.334500555399198,0.40669305166331,-0.0294845718452443,0.64286867189869,0.641911034925118,-0.447088736713553,-0.362708931170874,-0.858557823135509,-0.596677818470985,-0.284061016113219,-0.171922168161552,0.342732241733797,0.668031074208554,0.561098772019478
"gene115",-0.561341614784989,-0.408788275498767,-0.468609328080674,-0.53394803124251,-0.155685366845947,-0.021775435260329,0.4356203270589,0.572141632158755,0.455417662226474,-0.497616412534446,-0.516533695603383,-0.833760438625208,-0.358523933867121,-0.169677772620758,0.0313487604933518,-0.00533995167213264,0.339326601843664,0.358891989632506
"gene116",-0.0611450978433542,-0.441816888509603,-0.47169581927759,-0.843812368809466,-0.555363848769231,-0.214306440361395,-0.0735568716429707,0.701168481935912,0.6504948322959,-0.278250182170769,-0.779139773449812,-0.765348368292692,-0.830422808631995,-0.504939776162993,0.155761012209113,0.0794562945528593,0.612882189954533,0.627875028358475
"gene117",-0.721127539084989,-0.587777905667864,-0.212479889772919,-0.140176602440422,0.785867279100221,0.817214148772285,0.686883325001192,1.0411441170703,0.442125973438157,-0.511824253359197,-0.220716189592944,-0.552680907015977,0.17168911685346,0.394974544973242,0.534354528394448,0.858032558856581,0.260325616346775,0.561443133931617
"gene118",0.112955590322249,1.47704297720028,0.779808367726296,0.235908725749387,0.655151471344867,-0.062239852196372,0.227475469047392,-0.786307510765752,-1.21316221383895,0.0165073832991126,0.698885621093792,0.949970544291714,1.03476720501531,0.625307217589334,0.390771235016342,-0.717668232535508,-0.244199392871053,-1.1675418690476
"gene119",-0.646973670547262,-0.169170995112005,-0.10304611041178,1.03529623454926,1.01453706511195,0.795238046605053,0.718727271804406,0.227187019463759,-0.558558777973285,-0.796384196856841,0.274288106156772,0.564137540491627,0.316954639703738,1.10556997977874,0.723829245226816,0.524718842372405,-0.0463013458545566,-0.0996630412267732
"gene120",0.325272506014385,0.205498388709999,0.887783890259314,0.263038922489539,-0.230347492603138,-0.736129757482753,-0.561034450005803,-0.681426435121943,-0.86343752444543,0.583734018851545,0.991868130941968,0.540989361396498,0.426540386792351,0.206089443352265,-0.669065937187745,-0.132805295789103,-0.518952833996942,-0.719622007959563
"gene121",-0.120428066337961,-0.0763126090431255,-0.491074137671232,-0.914046904209538,0.0291547408832683,-0.223604439659412,0.283553956743892,0.294484719956459,0.408692633101035,0.18933937119422,-0.400623323370723,-0.513048742923614,-0.873516332791592,-0.758072878558277,-0.579771056829815,0.138011375346403,0.776293664511149,0.328433786745259
"gene122",0.566924671284467,0.832177353399494,-0.158748202866499,-0.203522879017371,-0.344154591899963,-1.09415362374642,-0.81697809413981,-0.367499532257626,0.121979283971748,0.2997228526129,0.242327302208024,0.426621071269591,-0.15019128696937,-0.469355258787888,-0.324975541162344,-0.686575927641372,-0.391470980622306,-0.109870030524175
"gene123",0.103567413711407,-0.477482108210857,-0.808803424799771,-0.761345227616694,-0.704801578716162,-0.538380536838157,-0.08846971349351,0.430187244534991,0.472477377833101,-0.0869101707683254,-0.307041839829502,-0.932701722532499,-1.02521548227462,-0.817755868111805,-0.677016235865753,0.29651821451634,0.928277363637409,0.731246513506243
"gene124",-0.174262578247507,-0.481448450560885,-0.628507784577533,-0.536593455737812,-0.316096677033323,0.0371104447652166,0.534958253457638,0.550463181202792,0.624654918168943,-0.0986822203807955,-0.47730326816517,-0.573427799254465,-0.477015580061639,-0.0345393457642667,0.307658451684894,0.481487387145483,0.739179776181395,0.548734702701029
"gene125",-0.298712149040698,-0.924829250776412,-0.749406460125432,-0.54749522520338,-0.329036852914812,0.0935482867352232,0.589895786596288,0.6801160584206,0.414939345643758,-0.62710760634631,-0.383029435163797,-0.906810106710067,-0.91001078093475,-0.345770027694279,-0.219334323815265,0.459343997119017,0.991953808054579,0.511254672297146
"gene126",0.863579296610906,1.07132980156,-0.192959752747211,-0.106069946230131,-0.601378361334246,-1.02431960214982,-1.22459668518284,-0.248610548175444,-0.275878523243659,0.546595397002356,0.229150646365659,0.393593878400869,0.139237036027043,-0.494902757499433,-0.449667403498257,-0.862990231149202,-0.0306319166752778,0.164571174312903
"gene127",0.460003770035186,0.395161364385348,0.524842747425372,0.84652128213434,0.273175820797306,0.201338526030412,-0.333384509486643,-0.662035075036399,-0.544921712185508,0.341317638723762,0.371351258953498,0.874699960995699,0.31563256586233,0.0694067807056004,0.0709975743811019,-0.088934200679222,-0.563064916821682,-0.349887465321211
"gene128",-0.671816574240734,-0.714061623990058,-0.315327791656198,-0.358610276448523,-0.249162721741559,0.128257994696496,0.568823471014795,0.441287635701353,0.489435384816506,-0.47200121852097,-0.495295541477717,-0.535647297608548,-0.499836379213536,-0.0468314396340956,0.257000129455506,0.476989198499537,0.529428682931545,0.557826968670068
"gene129",0.371185547889827,0.635142692788387,0.771089088310215,0.577263129874932,0.20205482819707,-0.0220004227818751,-0.0816258591953687,-0.787234598808062,-0.752848636731187,0.136081434577396,0.645262685001136,0.620341275084987,0.709359852208568,0.200435422283849,-0.116554148521541,-0.200676681519888,-0.444143624837461,-0.538726212552434
"gene130",-1.05465731698635,-0.644029537217484,-0.390978130913384,0.332832945748775,0.504918413291901,0.976454406093178,0.709118482097984,0.823864864589115,0.622688481164458,-0.718710366708951,-0.850238577029383,-0.0690109244532156,0.138741702543398,0.909984210422659,0.763177390721543,0.805293088238412,0.398546936190606,-0.0470571544175643
"gene131",0.66474148445451,0.952475595544358,0.490909269166577,-0.32568625432794,-0.461952176828185,-0.954732430337415,-0.674516517324087,-1.08838696760363,-0.615563560257789,1.32436596246143,0.93563890241757,0.307296693025214,0.0326449745767351,-0.532600465749128,-0.755807577619621,-0.671881936133777,-0.368105731359783,-0.151224424143096
"gene132",-0.530307902205363,-1.02406968497063,-1.11385730434465,-0.510040844384038,-0.162030619415435,0.527748976536623,1.1192658387799,0.800218840364472,0.607827843012997,-0.738644390601797,-1.13935394799348,-1.11305890223419,-0.417637808988136,-0.229513098912829,0.520035353345142,0.785789105825614,0.751132964748113,0.828061749319227
"gene133",0.915237605626437,-0.427200359042011,0.0604354615548629,-0.512235572655507,-1.49753341932531,-0.179426156541597,-0.629131203716772,-0.268320815261131,0.217304723269496,0.448466493205527,-0.278643124237379,-0.651459084564778,-0.185309011222129,-0.98137779038118,-0.779092546553766,-0.36763403230913,0.176467122387985,0.403586717928943
"gene134",0.630252068348338,0.436050022946494,0.508152876594381,0.345035493331907,0.205537453014199,-0.207434726303583,-0.316051091436395,-0.497342492783785,-0.487710178675571,0.484356313387585,0.397289460004208,0.311491146770733,0.120352292331641,0.0671294441403049,-0.0933658711467423,-0.56196475037967,-0.633584373822259,-0.65210555885486
"gene135",0.758005693396439,0.9891569676086,0.892528714428252,0.878086760650985,0.261119255222642,-0.43572292519827,-0.914792834917656,-1.08592587775946,-0.931991010562949,0.606442401255919,0.610714507362702,0.795138417024732,0.955258118703887,0.287301267233581,-0.101913100208297,-0.812218080168814,-0.786422870723127,-0.929583795713265
"gene136",0.500468482835597,0.225364861870762,-0.338405581073333,-0.552038712476516,-0.693646517111942,-0.846743289337826,-1.13166638873844,-0.483790441603428,0.0959637431859882,0.740443626971496,0.258148100484231,-0.0865692754069314,0.00539351937508498,-0.891677313366089,-0.892586959183837,-0.705486238415207,-0.176834392732358,-0.25084595364424
"gene137",-0.999474459574886,-0.869255117435112,-0.789464123790586,-0.53694410274391,0.124264626857746,0.427598116987679,0.823442785008896,0.774325764682255,0.717854167063502,-0.491082854349119,-1.02096424166819,-0.901930916320173,-0.298701609548196,-0.142577994418561,0.176666535885699,0.897250495481623,0.880806898639913,0.619791284736195
"gene138",-0.256255865578375,-0.469718960842333,0.242384476471282,0.565814027237134,0.605199656708768,0.842192858273084,0.275082508247642,-0.0316681258797299,-0.0483183025196525,-0.979727031392023,0.04046015895578,0.530680148079059,0.619000850591387,0.561831553677555,0.352666054165403,0.271159680176189,0.230007778215759,-0.533004307286273
"gene139",-0.763465243162479,-1.2869944292256,-1.24026650126104,-0.864537376147093,0.0894824694983991,-0.150366191497522,0.676071071166804,0.606523671820568,0.916381605908114,-0.983898752229992,-1.13662443514766,-1.32372779244434,-0.636109944088147,0.476419919431066,0.731413102018197,0.454083890375293,1.22407621932861,0.866022905556956
"gene140",0.0313071199497191,-0.490765405761114,-0.58579983786717,-0.663695609956521,-0.777434193639675,-0.636989743916609,-0.0805459513108187,0.0829944860445777,0.746044583346331,0.122674254381201,-0.295302600467153,-0.468433793466423,-0.923741329986056,-0.681472362981093,-0.785585806525088,0.024051828777691,0.260736599020138,0.732153656273725
"gene141",-0.200919171429298,-0.264635193760517,0.5241331201244,0.458435211135187,0.962762619837217,0.227108907853434,-0.198063233822542,-0.245962583931081,-0.819596770448789,-0.0653742446039053,-0.0321436354070376,0.305830309474341,0.0437083345635784,0.137978735355223,0.43631466543634,0.285655922632754,0.272221367971112,-0.33344527412087
"gene142",-0.75875706606386,-0.732018189513562,-0.746485531689097,-0.235145750736693,0.302398813307654,0.308903297328999,1.44924469361645,0.952875618149625,0.453268272824092,-0.909024900402293,-0.988878174354601,-0.66828962594224,-0.180897278412447,0.189969326020835,0.710221959444146,0.751551555829252,0.824939765368129,0.86790462530439
"gene143",-0.452225134332601,-0.753726952480142,-0.397323443022082,-0.380917545999923,-0.214325530876887,0.316173239736758,0.783232163231931,1.05726552240105,0.600597709985535,-0.348362608188572,-0.764620377348157,-0.629007037382545,-0.477887825081439,0.3697682135345,0.403006253420486,-0.00284183809479821,0.373937947258448,0.826671337047805
"gene144",0.951140249959454,1.12303379608055,0.430401624062821,0.27622081433348,-0.338064401345728,-0.641740178301878,-0.986855647167809,-1.0851210545537,-0.501290479748489,0.765806764873905,0.654529999044305,0.603903965603877,0.0544990448559986,-0.306829422495974,-0.768297742288398,-0.714681520516297,-0.511336380522957,-0.66791584365735
"gene145",0.282226148214027,0.26778368869134,0.144608062906963,0.0089237002145367,-0.636345875350157,-1.19512044931883,-1.10014181853782,-0.676782246558497,0.307154138817772,0.968814662515455,0.790967042373525,-0.300957470354445,-0.588824758777918,-0.506719835432063,-1.28909319290013,-1.45385767352431,-0.306456015373834,-0.212463021572713
"gene146",-0.598130693431426,-1.02884148889538,-0.843571070290067,-0.673142702549463,-0.0785679045160591,0.04393596596426,0.450738953459893,0.301570348834908,0.992385233388545,-0.558969899160907,-0.635140656072702,-1.18556892459816,-0.785661410300107,-0.457424278810619,0.0293222545776673,0.195775907676532,0.518654640391524,1.00036700563675
"gene147",0.889523997766414,1.61458480416817,0.450608337419792,0.55279455042289,-0.280891139703095,-0.422594857919238,-0.784543079751389,-0.623463319431045,-0.961954409644174,0.302925113576935,0.878812156723451,0.244727183995067,0.657809962255564,0.351188883989782,-0.524607354045032,-0.822274073480967,-0.782101524243144,-0.643660887404391
"gene148",-0.70570793146188,-0.801791421717476,-1.02228341825974,-0.881068854664485,-0.210804364155974,-0.188421252087073,0.211703854829043,1.13650468954933,1.01970507650451,-0.754824735541085,-0.339010820169314,-1.02758065186688,-0.961024866988693,-0.746434751682495,-0.1631209492903,0.739458478101407,0.832516075058355,0.67927092692206
"gene149",-0.65699865106979,-0.86604061951131,-0.787147872644031,-0.889156702687705,-0.339714917314559,-0.00811473613924715,0.368744430712281,0.777474678951207,0.746581551033254,-0.560549513659791,-0.813197752814993,-0.531619828459083,-0.699112144178361,-0.0436086102385658,0.275098429285418,0.894036068840036,0.896943104137609,0.806521111152745
"gene150",0.990233706818024,0.557399943557002,-0.440396628282209,-1.11565368032544,-0.603719194938001,-1.01337234294209,-0.493103516074576,0.693427126941619,0.262904239308499,0.603696815587644,0.115566070729208,-0.532134142330296,-0.829932482373711,-0.716560790790629,-1.00382511954722,-0.471920357689469,-0.29722251442978,-0.121499987349503
"gene151",0.95439811442707,0.288311713037104,0.371917047791477,0.261614086902042,-0.414721647480278,-0.506032743254093,-0.761495824194679,-0.739200240136749,-0.746959955364913,0.810515966909798,0.584259198209401,0.164222251990542,0.278878638929922,-0.795723969015228,-1.02331381825602,-0.972095393676746,-0.31349511041265,-0.244406227876485
"gene152",-0.773236198902121,-0.577746387021959,-0.554744296081193,-0.148488677935376,0.03010302476402,0.478125412218249,0.381359119166122,0.406521046841708,0.361085514612751,-0.734324992927791,-0.617261708182568,-0.371897771389696,-0.0260677848686125,0.29770684987849,0.461208494378799,0.853518655709506,0.550375755047757,0.623884105651534
"gene153",0.265062009149336,-0.149619903320317,0.208451015694387,-0.287818900873141,-0.725107814881776,-0.713229024757536,-0.363290779898559,-0.189793803304259,0.504921407081231,0.56189038050294,0.134767642955144,0.140261818652871,-0.23120330461105,-0.733653576731053,-0.947128521168858,-0.234408326154227,-0.00658902897013197,0.182849073853904
"gene154",-0.471554364796352,-0.550916827893349,0.0539412092856317,0.300148147240591,0.250887232931425,0.374831740638329,0.42768965362525,0.332225770314573,-0.0820665750726072,-0.643916310670718,-0.513179716530072,0.0520636293525982,-0.0941958466138063,0.465278667575507,0.541378321714609,0.587427880313048,0.269867595235485,-0.0508485854570803
"gene155",0.304868729427535,0.425985676859668,0.758672561188827,1.12027063949484,0.952743624599993,0.495946977195012,-0.287685734085259,-0.673241453080027,-0.80707494748827,0.211210016664526,-0.00460706035070957,0.72375980870356,0.722537949052338,0.937013118091181,0.33618134035831,-0.228656018165345,-0.627508563758061,-1.07512261687641
"gene156",-0.527050847505441,-0.446463985815353,-0.384422957860248,0.353750850767478,0.611637462786827,0.380369747944186,0.430250944595183,0.910473376751724,0.425267218090644,-0.709820099873221,-0.172104141190034,-0.313139141956272,0.0740430934964039,0.327607161132199,0.832539507507476,0.547125437499917,0.508430164171882,0.572547421041226
"gene157",-0.107784287005499,-0.249012132794362,-0.935735750212427,-0.822528046187675,-0.77944411525335,0.464109188950755,1.04072191355959,0.496301659927595,1.01037157247419,-0.144904367235917,-0.669326110783725,-0.669504153859638,-0.677868291696329,-0.23439424529774,0.159673722884556,0.752084082933775,0.805402235000757,0.530906485781333
"gene158",-0.220060009559587,-1.18388176558617,-1.11941442333174,-0.614055402552395,-0.108586996605918,-0.0221079462358493,0.114391443272493,0.612844637310236,1.09028148824787,-0.64468455303478,-0.758505032408802,-0.996652067056633,-0.586048241136856,-0.501212105249059,0.354395954654654,0.162186592076129,0.555525109735385,0.832503845353555
"gene159",0.00162824071438861,-0.201894756639267,0.244324703030785,1.33110335776954,0.786702014173176,1.00195396988788,0.416482559313721,0.139431802358475,-0.447175610113333,-1.10710008052588,-0.102124883624663,-0.999107311733205,0.0863273217197351,1.18421526618658,1.23661647416605,1.06433027308146,1.34085249089075,-0.24479697925835
"gene160",-0.64800145131772,-0.241326702506984,-0.416265937790111,-0.439238262849626,0.113851047361679,0.25529775467316,0.726423883326195,0.697425184882201,0.347018095722317,-0.783204068654651,-0.705882801233167,-0.724744173983552,-0.244360964946919,0.386818532142097,0.183089765166366,0.31450058973799,0.817852840048497,0.233903394971606
"gene161",0.651575002173457,0.322371278213222,0.506271129617485,0.151344331410779,-0.0890740387427537,-0.153738765415378,-0.433088329590153,-0.63793840750002,-0.359158684542042,0.791254881690298,0.455755842949127,0.3949549152271,0.212970978189087,-0.334481170679965,-0.433599826992075,-0.981079968768856,-0.6981840646122,-0.191766240499802
"gene162",-0.199441967641445,-0.314666768693425,-0.477704298067478,-0.220412918929574,-0.126171088732467,0.0157090872527077,0.684470232177113,0.760442145004353,0.538993304737688,-0.00215823448362068,-0.44189506650728,-0.367937540416088,-0.110299468509542,-0.544097830525556,-0.0599651529535111,0.860570790641163,0.434056423964717,0.582787366711441
"gene163",0.107496388374686,-1.02126442874373,-0.678037329883373,-1.97431077251226,-0.759385772793103,-0.778459275718248,-0.472420108080765,1.68224337951914,1.67909343669602,0.0512852394050039,-0.946083262413848,-0.640108226349883,-0.696202223412674,-1.14358063256353,-0.0480791107078927,0.57316187599065,-0.0548396696964696,0.239127254933752
"gene164",0.913717310981028,0.812322592058892,0.64527494791629,0.350134576507288,0.389074256572175,-0.223469052852117,-0.786616228590446,-0.60014013042379,-0.780845649211567,0.843972969238621,0.517751795501162,0.992400239863049,0.53367115228433,0.447047475209548,-0.376795341902567,-0.661985047792014,-0.977458566898397,-1.02179024149988
"gene165",0.105409245415945,0.342356230650913,0.642820646700047,0.524654723060579,0.580354198738662,0.183354465492065,-0.304737328600698,-0.377055096793697,-0.361122419824059,0.0731411009368859,0.510442154117666,0.740316412142045,0.880395799021202,0.383069648970331,0.0983969349440555,-0.134502067083323,-0.452303018615481,-0.481401531339022
"gene166",0.285612090850546,0.720593961530186,0.397059657183385,0.507239553254027,1.1595805543073,0.318892249671614,-0.0183713734656137,-0.366205999715934,-0.0195365453389381,0.27895801631503,0.264163238899109,0.817310176485638,0.577439894990997,0.260459334671356,0.68300217507161,0.183096434072812,0.012676118920578,-0.394772901976991
"gene167",0.659655019656209,0.56318384442053,0.107015701715306,-0.097426565228293,0.0933705212858096,-0.904459570696368,-0.857028685788476,-1.27606626684423,-0.404218687007136,0.649511829860424,1.0627541914129,0.726960173550172,-0.0604677077407376,-0.879284002377456,-0.434765107167244,-0.88583246870697,-1.04277989422077,-0.160609004383766
"gene168",0.694572603294534,0.287449290380916,0.0440284752746009,-0.532702743020005,-1.09761683522395,-0.879610737011096,-0.533788198620727,-0.525345623599997,-0.164182351052886,0.590150240784988,0.49946646147246,0.649984299853964,-0.402723928251242,-0.237056427726765,-0.399738800137898,-1.30377534407092,-0.434934155185989,-0.496113225999728
"gene169",-0.206885028549032,-0.858851119980647,-0.481614784683497,-0.74673517093236,-0.437233109186359,0.228286054762798,0.227817507830247,0.430085650908597,0.960041652028065,-0.68997267524648,-0.707936125301046,-0.868317346226877,-0.387998443150009,-0.336848406188766,0.131502756072651,0.641258515300945,0.723192349427954,0.766951807826753
"gene170",-0.842065967966605,-0.945909101529552,-0.10713325716467,0.198398542260089,0.611495537781774,0.842806886934995,1.18217434411841,0.917048781461906,1.06627714488005,-0.797997426888366,-0.754780199153471,-0.278725871354608,-0.0748511719641533,0.21347499168172,0.836958065656753,1.4223137414975,0.660486279664647,0.275124066691986
"gene171",-0.423388639257562,-0.69899104454007,-0.951246745182528,-0.536748747023143,-0.575191329596216,0.825611181519209,0.393390241910503,1.07008683655605,1.02583813697199,-1.11574387892158,-0.451362979498696,-1.38524882928537,-0.642872562249023,-0.829278851208443,0.0217130487108214,0.666950243176036,0.732246566051843,0.777539781299699
"gene172",-0.423015993230572,-1.1877193999187,-0.893139657453156,-0.519923271822853,-0.477167110617447,0.369965555276677,0.614916845665794,1.02564431134553,0.952699082354915,-0.6302887443507,-1.16270027847346,-0.952217605201994,-1.09201678726636,-0.519758098481476,-0.130317087670338,1.39948682967593,0.801354944406551,1.06409147629948
"gene173",-0.498137386857336,-0.859622187174736,-0.701670195461039,-0.322993033515049,0.024329625665316,0.246305239361311,0.766341585214907,0.391607185619576,0.346143141401241,-0.142988458805954,-0.484742623172028,-0.575641845477777,-0.184250961182496,0.0953888702020761,0.510464736668663,0.16700149270762,0.510059086274151,0.792876005289079
"gene174",1.28792583627769,1.00672093443951,1.86244992797279,0.401916640915996,0.586334766481231,0.231897543956343,-0.425768841264393,-0.625040886375412,-1.39104663830456,0.430027804344945,1.00890902632241,1.06976406459284,0.512270052300557,0.950818044833288,-0.377036462278658,-0.648400634142104,-1.40666069758916,-0.576536247775911
"gene175",-0.386512944182388,-0.434688045434668,-0.365072795615612,-0.393039914636058,-0.310476000846157,-0.0283408560860443,0.465634447648182,0.475257258712375,0.653894162959538,-0.652766106701074,-0.669524264635337,-0.553934819080544,-0.636380496661962,-0.253763881284761,0.209433892879029,0.616969564013189,0.566248367419345,0.600201163005686
"gene176",0.931919126343945,0.385421450890496,0.294819940789739,-0.105628616602853,0.362085939263586,0.0193153475710812,-0.552562596136705,-0.555295249730976,-0.746042085259788,0.293964168535678,0.586570645827707,0.659959517902527,0.762128356212031,-0.0887521136578663,-0.26140207286309,-0.551943279832757,-0.392777488113758,-0.726804953893857
"gene177",-0.48228021420973,-0.685076622186939,-0.341394321650527,0.0808211934865393,0.196195784359303,0.452698694375885,0.492206459668068,0.533413358308482,0.336963785682346,-0.667818983960478,-0.294633840259131,-0.179734586756475,0.00823493528452331,0.321791942534135,0.71510480593807,0.384548650115457,0.390811686676032,0.309338674082508
"gene178",-0.399808206347153,0.187594989657748,0.0508715389834329,0.396109180765919,0.464167387155038,0.440583619532429,0.203879633370533,-0.220735384886799,-0.459181092732245,-0.0479760592535504,0.178886056326178,0.29021397384391,0.724052488984267,0.569135844685123,0.521524561689321,0.00181436900750626,-0.0874373669719015,-0.380764210797154
"gene179",0.581555648782739,0.459284671893762,0.44178398931643,0.347109719359057,-0.689946784118735,-0.750707083827449,-0.697272280779045,-0.803237461295912,-0.219469329936945,1.13561967294787,0.714538837285027,-0.120690189115036,-0.551217424409867,-0.681103965152489,-0.776130941588896,-0.830925315715813,-0.73156329718375,-0.00276745532800654
"gene180",0.834656930380379,0.713848974332699,-0.180312637359922,-0.459800191156218,-0.829001784856115,-0.776929727308764,-0.231153728324699,-0.490477694162999,0.116426412534874,1.311955960208,0.862135618388682,-0.314313873756318,-0.518082810766227,-0.554678459189192,-0.747658327844597,-1.41528214912905,-0.448087807403696,-0.235794580393241
"gene181",-0.0893402459502453,-0.166476166123114,-0.509298099214317,-0.668523851635804,-0.523253162852542,-0.281174748769713,-0.0450764316952344,0.309613735861701,0.359719657313607,0.083782366724482,-0.156064092904634,-0.621885274320956,-0.782659687336442,-0.700912293649489,-0.270976688661886,-0.0942444184713478,0.123884272041472,0.4923836017532
"gene182",1.22711744478163,0.796297292128131,0.606818946426924,0.303064974481763,-0.510680892701285,-0.841677513974144,-1.10750893707028,-0.527348680095267,-0.908190304640341,1.61117938664241,0.725790874361451,0.0933285080210267,-0.23972348099237,-0.190134184466001,-0.533333182284898,-0.630884237367958,-1.05963194228822,-0.576697871398126
"gene183",0.306114516729047,0.49084457482909,0.470809663859932,0.598458187139506,0.233712894847091,0.187122187052284,-0.177710646402449,-0.456952435184189,-0.541394184938695,0.275305849036848,0.35105991967494,0.589686254129276,0.371827982272419,0.184754465256361,0.00695209556066343,-0.303036106932971,-0.55645247059632,-0.436663727743814
"gene184",0.200846196068166,0.287692804042281,-0.17975381854147,-0.208071811001833,-0.358863846501832,-0.630563879715693,-0.495093926569518,-0.275917139545139,0.341145206552096,0.669902843721287,0.164069746309993,-0.0530867906980589,-0.565103955195014,-0.417932924997791,-0.570531332664344,-0.0952595779464189,-0.264659168907929,0.230433713382698
"gene185",0.248614618231017,0.433287934787023,0.644240069021047,0.759592548294442,0.224909579846735,0.10092816424147,-0.342924517976414,-0.455679143049829,-0.694161821977964,0.234130957046858,0.670461644494718,0.587640571575479,0.241927033143384,0.714882338753522,0.00904379161457716,-0.315742571979851,-0.564593619640477,-0.569297692445019
"gene186",-0.148067097869027,-0.237352510479645,0.443380074662705,0.47952914528996,0.52408292770988,0.580640096421945,0.336675076980546,0.33917084676762,0.0445402161616477,-0.288514920257095,-0.117125676211917,0.0370905647503562,0.142473065204721,0.614364086192333,0.4411729055346,0.451964009885004,0.262179449326231,-0.179411200456176
"gene187",0.717106952911849,0.622141229991573,0.142633537626579,-0.031512815246878,-0.104035502308465,-0.473935708052631,-0.514381443375311,-0.657417640378815,-0.891826831992367,0.250362834513407,0.61562875397238,0.580891182525583,0.0822209696476432,-0.0727878415691991,-0.0454745469734718,-0.634571051063692,-0.867238334685689,-1.19235429980983
"gene188",0.0073340910142949,0.175517851164329,1.02327555418198,0.95539060483079,0.463438192600486,0.0963207020348601,-0.211642179947876,-0.648245046353914,-0.389282401968069,-0.49120826991247,0.60612865078066,0.552252085387499,0.938185165696529,0.348366738589601,-0.00384403765747615,0.172080649847643,-0.272078254265083,-1.14969464413247
"gene189",-0.533945358987084,-0.227856176699592,0.132963112299983,0.365709606505615,0.555223248961731,0.669941677048711,0.288328068869156,0.220843215458418,-0.212698152619989,-0.425786469889402,-0.286128841982788,-0.145455183467673,0.405172681924417,0.559372344116055,0.239943301120062,0.381102762428557,0.0361767230276262,-0.239764972283034
"gene190",0.754777313529762,0.876556191022311,0.821160281271242,0.6470192281815,0.11848852150736,-0.351561392928522,-0.757853012513055,-1.01828922968794,-0.969987148914764,0.627146035647111,0.968289916081499,0.470643015775332,0.421130479822626,0.0788445016143282,0.050802221617942,-0.658406434164622,-0.627286636741316,-0.466980357157353
"gene191",1.07694141083802,0.340778202424076,0.295993061746497,-0.452433250774125,-0.496829262895207,-0.812822018276839,-0.929829286469046,-0.529960274622077,-0.260087862417341,0.858189061430804,0.526798221109263,0.392870531805425,-0.453151397476359,-1.03475058061715,-1.04893486277494,-0.473008335195523,-0.397548743189654,-0.419622858037245
"gene192",0.899103471675959,0.750816283385549,0.568003261066979,-0.747849790486987,-0.605765996521428,-0.807541162956149,-0.675221202858776,-0.757514290086517,-0.378286158111966,0.994774052689252,0.509555271898996,0.457199931930383,-0.100243819304462,-0.879636781647115,-0.60918846205775,-0.950467327850525,-0.736367212640333,0.0247932797121752
"gene193",0.517985178596653,-0.555408289909079,-0.844968913994394,-0.742293851145871,-0.28807886600168,-0.67462584684121,0.257216220355125,0.95341229732251,0.847725710788006,-0.224475679577708,-0.415563463610163,-0.846662705998068,-0.139560919691602,-0.206994302270072,-0.446612569088567,0.733780574829741,0.444089944266444,0.673611624936657
"gene194",0.524375468176758,0.528562885285309,1.08123784430658,0.463983598449511,0.304932912872638,-0.141040584962427,-0.63073278987976,-0.354681103182327,-0.782539282610422,0.175836940936948,0.855935052681491,0.588694925232788,0.600302698275952,0.634111279827599,-0.0486197148055454,-0.474824472768369,-0.473605142395462,-0.7757258308004
"gene195",-0.992365655002845,-0.651391158114376,0.378697953978018,0.845472729067774,1.31182476476686,1.47605111952936,1.46296401979925,0.463555028012729,0.738596820509158,0.0796101646387741,-0.373183897633916,-0.397534311796214,0.400168907945071,0.760213936515263,0.934369057529348,0.799588276928335,1.03127572993742,0.0749402326974968
"gene196",0.554795658490978,0.727448860895985,0.267801463399157,0.112823400911758,-0.173308613923731,-0.99516502252477,-0.559294900494635,-0.912340964707369,-0.515675572991275,0.794889442637976,1.00428477604106,0.656032629495242,0.568780291609881,0.169359150657184,-0.255834115163103,-1.00918067384446,-0.866650418761135,-0.865363908870848
"gene197",0.218730263267519,-0.400402459573254,-0.149434155812613,-0.608062654455388,-0.717734597843317,-0.729030183814222,-0.443389669006445,0.358510741834671,1.04754632831949,0.532701117060039,-0.171070230888658,-0.803234144255546,-0.519484428123658,-0.871182579332125,-0.645164826787748,-0.0416375386026603,-0.27006119533036,0.386856694604997
"gene198",1.14895340695097,0.347552733279212,0.398548517509816,0.026715933102856,-0.870522874137758,-0.480331454566884,-0.976518948424386,-0.699628474548436,-0.325406322628296,0.916607003340926,0.807243820885725,0.268355579668724,-0.167804878867054,-0.368711430433412,-0.511641257807346,-0.788130140702345,-0.807946022388328,-0.206636502581505
"gene199",0.219080384479273,0.844032319946591,0.677487702292143,0.58601163120513,0.681975570454431,0.00448130187856002,-0.643183319360871,-0.929150146393136,-0.638654991284749,0.953660487201318,1.06439279760073,1.04908129871048,0.861963815676082,0.0794589014785628,-0.124847828635171,-0.352426712186087,-0.3145230248878,-0.340400891103171
"gene200",-0.170260556961034,0.705232995881958,-1.46604926002877,0.768581881451518,-0.601066686705335,0.242477004213976,-0.796698045357111,-0.673176252592219,1.13909570198155,0.222617250493304,0.0476183796120153,1.21405146156703,0.383909792490238,0.116376502896268,-0.859310956331048,-1.49168638050089,-0.561261774364377,-0.0835599092944637
"gene201",0.0930631205629329,0.35690376141207,0.0785782277234876,1.60648224448363,0.0100849490860563,-1.61942831414409,0.149895113807593,-0.333237564109271,0.279307485628158,0.0810109220379247,0.0718544256940662,-0.791498193541901,0.021829179417123,-1.12544959094074,1.04551455210906,-0.0543628127643445,0.958007601592047,-0.148761861826138
"gene202",0.476261185430549,0.225369452360764,-0.829449539689079,-0.587711005565727,-0.966234573934766,1.16180180324422,0.799521982237549,-0.504315341490122,0.126379891290937,-0.651323292838409,-0.587311882936986,-0.352042738174481,-0.744053801083534,0.265346603628604,0.286636527520428,1.08115458117329,0.0892073867404676,1.24028648279231
"gene203",0.243350864827334,0.545257234682525,1.61560661600711,1.42026102399908,-0.133321280945741,-0.9499159771677,-0.430866759190865,0.262588825416746,0.702864375098272,0.642411597434338,-1.3821021474939,1.23725701807664,0.9492098984414,0.610713414983524,0.434987610651897,0.39416200554877,-0.319766238288212,0.689774793660215
"gene204",-0.596458278470476,0.0889609488289669,0.854634224156722,-0.1614979035187,-0.0983449667488707,0.107928939526049,-0.93659371275788,-0.978502754400246,-0.160350999126293,0.537793663330083,-0.400544169937043,0.991530907122633,0.47944436077875,1.06918465788123,-0.0257103019834753,-0.357474410155069,-1.34441949251219,-0.1622802960693
"gene205",-1.58355876458038,0.25872730905068,0.307243604621773,-0.528049207760077,0.224782738048978,1.14806571651741,0.425853763520437,0.889904537886726,-0.258810712368756,1.06647822842341,1.65247369405249,0.411583589023113,0.412111679077022,0.228975272408938,-0.709697796002351,-0.0838944371186585,0.789107613038183,0.604815364681143
"gene206",1.39517467484156,-0.377437552130286,-0.213683308806239,0.525142617537028,0.553634096002852,0.321522288366258,-0.332842192948816,0.924444095752635,0.658153494722005,0.91857805779132,0.218598970170861,-0.17582960151282,0.223524960727643,0.771201048994414,-0.172333296621096,0.14411473706287,-0.114923993362517,1.24571694420658
"gene207",-0.295487741778437,0.279730268129367,1.11612540836292,-1.33719876400476,0.888370942175116,0.205428397821132,0.926201995158088,-0.157857239969105,0.448238668028162,-0.277182859091301,-0.477621425388894,0.284716368012629,0.165533347209365,-1.71254163827254,0.314267744554208,-0.501203257776899,-0.775992933150933,0.0887384146206253
"gene208",-1.52925303379918,-0.672991017487179,-0.89083977026221,-0.389782046202847,-0.683894421044385,-0.0425182016481397,0.757494953158693,-1.36784652968481,-0.257140296196066,-0.721597899368826,1.06473386659948,-0.405384668225058,0.168985887246524,-0.279366420771261,-0.0160777275534778,-0.545825677112795,0.474604668442663,0.823877130383582
"gene209",-0.246949170326362,-0.482109568111824,0.473140370812867,-0.329268104195165,0.232261789373743,-0.495463988849017,-0.343014992313195,0.301160755375215,0.398885934024323,0.656461533303806,0.629127198561384,-1.2515417910179,0.0455798992043068,-0.392916334368471,0.834274994542049,0.627689514289533,0.316889169276035,0.0364467370277361
"gene210",0.92489798646484,0.145821454172744,-1.45527802483569,0.0678093588590123,0.554652763904191,1.17311572486371,-1.03817261032721,-0.731784038802242,-1.12167147857115,0.125117093868616,-0.194228010329828,-0.113127619881256,-0.0925555431236897,0.416155874645744,-0.12344280761538,-0.798979567057679,0.361968873767427,-0.511241889850279
"gene211",-0.520834091468512,-0.313934281818765,1.40899476912799,0.0380292062547695,0.279359933625723,-0.247677003741148,0.566457610446985,0.266830054413528,0.2508063357939,-0.28051553446393,-1.04802049141569,-0.0311939029817678,-0.481373004017475,-0.10018652298829,-1.40755055580193,0.117181217496044,0.244441349110171,-0.0697992277633518
"gene212",-0.127107213648504,0.0838120023541704,-0.391923506352284,0.73847382800207,0.423418551151331,-0.689046431454325,-1.51629903199394,0.668848347607717,-0.0840218299314865,0.807371460134848,-0.502576432563193,1.33512032734878,-0.789409165048197,0.861485261739424,-1.30402598877618,0.811879245170342,0.975866813752129,-0.278457555324532
"gene213",-0.0867572354394265,0.112007152685872,0.310218649189676,-0.836556224946315,-1.65857926283128,-0.995329600867597,-0.341495492284956,-0.633055853130811,0.625921065549943,0.00373763777896383,-0.626094309726785,-0.655864454603604,-0.417468441355621,-0.305279201168641,0.00869587363401915,-0.822864750325036,-0.420133905092697,0.351443189908869
"gene214",0.385569474210499,0.138088636629273,0.214450471831668,-0.504680130747133,-0.742727183433143,0.405345634602075,-0.304670988619032,-0.0818201547516725,0.946542980293178,-0.298702254588741,0.496362418561976,-0.051008001584098,1.43365582050795,-0.125685666784559,-0.575688695255141,0.160108497907463,0.375556157693082,-0.440217502472264
"gene215",-0.695986280578944,0.867706355762385,-1.3121254778211,0.67673778025799,0.0972202194728587,-0.247749487748512,0.774262532769678,0.568992094000669,0.391927644104262,0.324913518178346,-0.233840012164846,0.0881056379450708,-1.44827958338253,-0.483424648493636,-1.24235794808443,-0.627379551007234,0.945449912948338,-0.00146046422042725
"gene216",0.195915166736315,0.426794053762393,2.02110266061908,0.222838841947501,0.0227191142872229,0.355468732860846,-0.0978256976873296,0.921614314418224,-1.66669025373907,-1.48455561019965,1.28962368462852,0.903282853791169,-1.04471148821893,-0.869345619863164,0.602388708910325,-1.44142008717975,-0.514740791359566,0.646832282888896
"gene217",0.468468662355166,-0.186808848256418,-0.74718904635553,0.602220163127292,0.699836855167107,1.20848218957675,-0.857007163622567,-0.111666861054932,-0.389839106072593,0.143985014537822,-0.173680302158775,0.111265641620296,1.52631778328405,-1.73395587948276,0.303260763584478,-0.480348810694365,0.227114082804324,0.026031342144275
"gene218",-0.752903674613623,0.518228551936696,1.50283565998296,-0.0306008660318168,0.856439327713302,-0.725762089551265,0.950739977492949,0.891501604325608,1.10153497074924,-0.0669851492261779,0.893263881026434,0.50681184235709,-0.0671328636097511,0.966429572238897,-0.792156834505386,-0.981736768187013,-0.299182729709342,1.13848667870887
"gene219",0.551343077909854,0.748209265177111,-1.70944417187052,2.22778575148851,0.74207110156285,-0.383887403316934,0.626788132289295,-0.513867835613252,-1.15534870799651,-1.19210393693879,0.215518303284306,0.0998131299620473,1.3962164855712,0.214858070773365,0.479054497583882,-0.469869951934089,-1.37212814692391,-1.10174102551875
"gene220",-1.04305860752765,-0.181397578898974,-0.516616918820379,-1.75970007686829,-0.0069788648925941,1.47765787094001,0.0798834711105826,-0.229909464207439,-0.45450202407852,-1.08408805820453,0.0204470132388703,-0.343966041609554,0.359872104546314,-1.70652698360166,0.220394299989653,0.0312843387951269,-1.20430915632392,-0.296251124071504
"gene221",1.02626449888129,-0.509011832484072,0.221484555479748,0.901731902063945,0.954147251981795,-0.381714670116053,0.149345104384294,0.350688706812583,0.825221594106114,0.070446086809258,-0.201557981114641,-1.84947326010357,-0.676267283921413,-0.839920671262936,-0.363841443080709,-0.968701878980676,0.778131183005621,-1.17806549789179
"gene222",-0.0427542017233398,-2.46677360117297,0.676928323611649,-0.317877269307196,-0.755315960223559,0.492944968115603,0.51817287746304,-0.858654139072568,-0.721202484483334,-0.118040472164253,0.0303085349672142,-0.633164320531787,1.9247086707057,-0.338974623388736,-2.43040817365152,-0.621345352569854,-0.942241058678647,-1.09139685015402
"gene223",0.326920896741285,-0.126328300785631,-1.095956955788,0.10503796148023,-0.318980689292637,-1.67638278859226,0.67034411747966,-0.449670931183981,-0.153993772437353,-0.323003987649829,1.29518202397482,0.841251705068292,-0.377923734541172,-1.28450709490495,-1.41059048909178,-0.97072978890636,-0.582843997370292,0.42136230147037
"gene224",-1.2386011468577,0.659087959235657,0.0842492122367909,1.62616996824615,0.488551946409187,0.636916186193229,-0.301086819330832,-0.0278538211284505,-0.873825987893593,0.162228584292475,-0.0367972714937408,-1.22451923872551,0.894874390322312,0.94966487061429,0.0411128399401105,-1.4499595175071,1.0649270141077,0.880347308711649
"gene225",-0.499465289354053,0.742535061575905,-0.0286107795164963,-0.0330332339050697,0.829383266193437,1.07902407130023,0.0821048098390417,0.647500195844293,0.333418510810576,-0.00563156807594552,0.471855334730647,0.211237382554774,1.3496534307493,0.455314510474402,-0.709571597620293,0.491176330884025,-0.232443576193626,0.885186542061045
"gene226",0.252369473091613,0.417666356109205,0.488380774441924,-0.427051837936576,-0.455019956830913,-0.00228922102407849,-0.415668331103945,0.032351172504293,-0.457363098224175,-0.706428088757773,0.154212128917221,0.28745678228498,-0.366465615245116,-0.770188650612502,-0.0700962985906505,-0.0894198224995623,-0.119226997440587,0.390752535948912
"gene227",-0.663732690512948,0.0754030620633737,0.145052014035298,0.955182322934982,-0.927784581199779,0.299154338898891,0.725585294974972,-0.810460001452074,-0.845424702162179,1.11186311979314,0.315020600163629,-0.211782640076542,0.612582013199473,-0.801975282790366,0.446389101290258,0.833767073370179,1.56658618462456,0.871253543235888
"gene228",-0.798520187909001,0.0420671938984203,-0.781486182300306,-0.489474493260415,-0.440295982028473,0.59918446217531,-0.825870851737576,-0.043995533574048,-1.00229451854548,-0.509298250804844,-0.538627589587416,-0.598987546831213,-0.345403538900697,-0.0631693363759202,0.319204436833065,-0.183040435402703,1.07103319830412,0.559008945890221
"gene229",0.0207427492535261,0.81993038514741,0.327526492794997,-0.339784573692015,1.05975160347456,0.677058791559824,1.03443249709261,0.223545195145459,-0.450407774585373,1.10011727647655,0.18777001186719,0.311020076604885,0.551854579797898,0.692533011316352,0.650701052502659,0.00191486998450476,-0.727866572029689,0.455319562800207
"gene230",-0.934341204551966,0.376053743365492,0.837040391925102,-0.584539223849533,-2.13373478647728,0.0962130459678908,0.934912831187296,-0.479564518250034,1.4735520090466,0.275312131710015,-0.0843180813006563,0.373908355021549,1.27526292778192,-0.297909138492448,-0.152415743736191,-0.0923120450415313,-0.24745186658999,-2.18982177981051
"gene231",-0.271171814821306,0.35771186913061,-0.320224215368556,-0.731250535381893,0.614190606534571,0.218781344034707,0.513592324073908,-1.53914712978046,-0.558470252079149,-0.65137524753532,-0.00771039936165898,0.899549908885739,-1.80072152017283,-0.121965592080176,0.490252320459009,0.182689529300356,0.0516906078650086,0.190047587880296
"gene232",-0.41793574225172,0.257405102070356,-0.543824979312208,-0.214413671048023,-0.0605045045599317,-0.089104759546903,-0.361817627556785,0.383919642884471,0.852711539937674,-0.114214140932426,0.023282327971287,0.00624721401393763,0.169029080210414,-0.00740979457990306,-0.46801248446746,-0.443026740907199,0.0045652677200824,-0.153583709526667
"gene233",0.555663495165139,0.571664043603625,0.741114092848045,0.282860612126534,-1.16440298819122,0.243906774059759,-0.188777922879487,0.0131007829996797,1.63140025191699,1.2560709412347,0.134359170260399,-0.0434406198165718,-0.881070487809844,-0.834135810468284,-0.0619407433858397,0.467029710347188,0.0745677763229029,0.224411883288947
"gene234",0.630196445581815,-0.114921185143299,1.40989337155592,0.226734331555355,-0.270456051676942,-0.811390360277298,-0.838645885190927,-1.07052190276144,-0.706724074468623,-1.16373362712538,-0.0698559200330785,-0.0760077619229089,-0.147795508286238,-0.184265535296186,-1.24720596100872,-0.480756398585806,0.559928658239685,0.784370095946501
"gene235",-1.4152674129647,-0.037381133044067,-0.269941467491013,-0.116767907467234,0.869302007486959,-1.5800189231705,2.59347572336075,-0.178557039813838,-0.538393026490248,-0.164467826353554,0.228068133628676,0.610933088781901,-0.431195778562135,0.354642787759147,0.201070530326976,-0.674426408962061,-0.744201108580644,-0.644055363310785
"gene236",1.9088927431308,-0.21505831369066,0.0207332232112161,-0.125047656069262,0.463556892083754,-0.464214366768271,0.185068572897097,0.235692334523178,0.124611565532226,1.69454379248708,-1.5580289210251,-0.567497658025969,-0.0503129151251671,0.0740569470437822,0.334328264748399,0.537247898517034,0.00148816510464868,-0.441245110369096
"gene237",0.121056284851981,-0.392818354038416,-0.13633287950215,-0.81024672604496,-1.18806179300879,-0.406550755161693,0.291624407162358,0.59750949841065,0.949647189971573,-0.0545539184536526,0.391661887594865,0.0618967631028436,-0.517440023221312,-0.76175262613106,0.571109096643921,-0.927448181385078,0.605280963108387,-0.623825803299908
"gene238",1.19435654560905,-0.0062778708759477,0.0165974448771062,0.85464146439215,0.188288961173226,-0.368186701141893,0.186582284224824,-0.492589128888557,-1.09879689526041,-0.584016163477073,-0.0912948756683083,-0.818266462116707,-1.3657638445478,-0.24330762086362,0.23001829603025,-0.595865886562684,0.498081095724192,0.293975111668577
"gene239",0.515617581964755,1.3806220698062,-0.50960163797206,-0.239174251222794,-1.03532267356605,-0.300191310616592,-0.380180547693602,-0.432575253239881,0.0752695337426532,2.52005886068007,1.36226375451628,-0.10801511211619,-0.205552601762955,-0.0315515866545121,-0.344728401568881,-0.0907879947886813,1.80221106694355,0.00918067521341285
"gene240",-0.0310466389391901,0.0468167015057721,-0.519648282958339,0.147340203999802,-0.331796504086778,0.876835083242814,0.609921277004247,0.84271527033115,0.0786674070853019,-1.07284140921413,-1.05257700284001,1.00575486342401,-1.22454302124164,-0.705096138153808,0.0883834129447793,-0.827495055512404,-0.565739026687063,0.379238661855538
"gene241",1.17284824342804,-0.344518556471198,-1.03893868607091,-0.0402849461055759,-0.773032590756702,0.669112782430207,-0.392694228256032,-0.416187666521299,-0.457085952235529,-1.50791412759603,0.152828445765006,0.00935079967448788,-0.516951895319677,-0.696115340393462,0.679508544020671,0.621521931473474,-0.0333551293545108,-0.00856554712498028
"gene242",-1.24315159243741,-0.419664933334939,0.326768193689485,0.516690771210551,-1.09176545454427,1.28563326298061,0.156282519544784,1.07371701659996,-0.223163503308334,-0.254822417939667,0.141882620570002,1.1727071320903,0.294644227327988,0.195445824744057,0.0604111602950592,0.0429202899847365,-0.0807555152286796,-0.607685562832705
"gene243",-0.788717043008089,-0.184142420304647,-0.432364200115313,-1.13961470951128,-0.42265762656293,-0.978197498279281,-0.707946205479766,-0.273658442996852,0.0531371252001413,0.351668897095787,-0.765710378070563,1.44046486242404,0.12460746216825,0.0857071164823556,0.291746940228149,0.691483849659734,0.237594375712844,-0.713376894656933
"gene244",0.0712681244518646,0.832222491022774,-0.564601311312751,0.492903324361773,-0.308274145810291,-1.30310605686973,-0.439999629966132,0.343323345568451,-0.117928247986518,-0.493459913135459,1.35492445463508,0.334030234644215,-1.03908570578465,0.0538788422556987,-0.259646623855152,-0.447724688267208,0.348085080868406,0.140306532679526
"gene245",1.14906404013119,-0.471993571914612,-0.881545568219357,0.628550527077138,1.0685904725204,0.778187908414347,-1.27042292973071,-0.826104947421257,-0.557268096858521,-2.52280187979486,0.959342815632507,-0.323924066882494,0.63228695337195,-0.578887804249517,-0.981222454030791,0.452628819961904,-1.15456497382614,0.475622705684165
"gene246",-0.147450693218444,0.399528354065225,1.50528840831716,-0.75686267783943,0.291540226116819,0.401041635406745,-1.29522795566,-0.231165235541369,-0.419019478829577,0.447635564269547,0.012211556035014,-0.541973723145716,0.583798543751939,-1.03109212813949,1.44330207603077,-0.671444124385342,0.246905775021006,-0.677333965580612
"gene247",1.1371344472055,-0.779687957785498,-0.0768220867856774,-0.881408343244125,-0.64319808107767,-0.383682022271144,-0.444698530762421,-0.0830181484746132,-0.404357703096696,-0.0280491019066262,0.137114133369997,0.373906989261827,0.76810351071695,-0.0263225135137178,0.106166245236699,-0.602528902169774,-0.299084853457708,-0.906351074206535
"gene248",0.253430791136739,0.928197736951551,-0.795497194836909,0.46012349982648,-0.221406202594753,0.547118298285497,-0.707047530837325,-0.579187000160918,-0.101129021973471,-0.368414909651925,-0.0846026740215761,-0.202121540457941,-0.23865231779928,0.507192415437728,0.405502302242838,0.275622706782393,0.698003425122047,0.442185952170524
"gene249",-0.500593859054926,-0.851371936174849,-0.0747133912580655,-0.030605484969036,-0.0436479360383975,1.05017347513235,0.390700732854682,1.64522689342248,-1.92468576372968,-0.978040880137484,-0.648924834333054,0.602731747119591,0.989105180136783,0.0294040966065939,-1.35528593946562,0.43446659505184,-0.404231457204682,-0.337481544715744
"gene250",0.358578076407246,-0.82333459443835,-0.617474874099352,0.050109808691737,-1.27465120885915,0.0631191445008887,-0.582148198533323,-0.160307516400177,0.601439244540768,0.58023909640465,0.779630795277551,-0.881722592361009,-0.449616384607677,-1.32400192152439,0.54001795885948,0.10563716286555,-0.748412389670721,0.261789263175902
"gene251",-0.0549831027454581,-0.892130652659131,-1.89409610686622,-1.16655103314434,0.511838445818884,-0.1523609300014,0.622692975879643,0.571800328889725,0.710826790974767,-0.560565257979999,1.11501383585728,0.999633454142448,0.561085020780526,0.937241082740357,0.142918437210022,1.30059186150765,0.306531083719357,-1.18893992558165
"gene252",-0.0922345078250636,-0.345633145999565,-0.222476325916766,0.443721074768081,-2.4091879232502,-0.658492259913765,-0.366194098316482,0.0962256002897574,-1.49252145980585,-1.12046830608129,-0.497082238163344,0.16084570617591,2.02293779966527,-0.604140261310659,-0.163421330647595,-0.0422158434249285,0.431643305332078,-0.365129342577139
"gene253",0.385146907749468,-0.039065855163217,-0.407240976970143,0.360748383468355,-2.1696721715378,0.0614243931236661,-0.290036997558001,0.435622678858395,0.63360503264427,-0.252896233774008,-0.18052665037028,1.75013291622089,-0.139859680358032,-0.0294712522886684,-0.712690492024897,-0.842436848265294,-0.17487294455826,0.745466619026689
"gene254",-0.630035191772981,-1.05031509537751,0.259098721202264,0.146885398347014,0.233936688787342,-2.61749820375581,-0.166764090202679,-0.32011856733798,-0.487071609261765,-0.308228056701403,-0.736901054804555,0.453089259677764,-0.221642489774626,0.816771987269234,0.434725681137978,0.127084662507124,0.002877068964997,0.843606516338209
"gene255",0.183748419222945,-0.0880560501711688,0.666839186247509,0.653247755786062,-1.0957456389202,1.01899203306864,0.504481860633709,-0.329528068401753,-0.485094589993584,1.11973278242458,-0.439333834921037,-1.24946674763767,0.528161719197734,0.0421382226274741,-2.05369052310762,0.191756266616382,-0.618457884351909,-1.12177925947583
"gene256",0.933311560354724,-2.37569878195929,-0.060453641506198,-0.151245344095149,-0.515540419021835,-0.348413526612698,-0.138850651345069,0.131854420714922,0.404219127640644,1.00738940515633,0.787293340462186,0.431306126774374,1.58839664389648,-1.9082004215328,-0.935685892115775,-1.04707131050148,-0.21351872546107,-0.87479845955537
"gene257",-0.760053551515489,-0.409098946225191,-0.238101278488735,0.012414265724807,-0.603776869380708,0.326250184492442,-1.31854922219025,0.492916748149068,-0.812656074503061,1.196937725986,-0.55726201901792,0.752113438193368,0.827692490843553,0.0768500389812918,-0.652098052972447,0.650399553976485,0.555782077161429,0.197587447104382
"gene258",0.97760979087755,-1.83060672694462,-0.406334807766478,0.506331648698381,-1.97901898891729,-0.442478378954433,-1.33848336143079,-0.746048868227919,-0.438585115744447,0.157730666154154,0.865666509232739,-0.619197047076241,0.51520895436047,0.12621082727734,-0.6298511647953,-0.552792648659234,1.59449866548908,1.45996257750726
"gene259",-0.333827244774606,-0.155019878931798,0.671076984775808,-0.060630094112165,-1.22584372762065,0.0507108532326853,-0.556032744473278,0.51805544711214,0.297049705221196,0.521853316042003,0.975416096086414,-1.2105545245744,0.23209700241213,-2.26774901364273,0.0967562352613354,-0.140839037312063,0.295825038532521,0.975973868031369
"gene260",0.0296891094490894,-0.21024821752178,-0.919230194629225,-0.716104782299864,1.66943730119235,0.623039226565408,-0.25506033456196,0.595897467950372,-0.0464697960077085,0.140227503862411,0.178614789461252,0.672087799314268,-1.08076794106452,0.639880248835819,-1.64784471177109,-0.0375573820767538,-1.09401464387181,-0.375274980470537
"gene261",0.166501601433133,-0.139062024619747,2.94621586039875,0.571109491496452,-0.243781541286244,-0.249312270515173,0.0265586793208235,-0.34373110932849,0.406271462408547,-0.372050840078173,0.309993040401964,-0.927657977918714,-0.389719459299409,-0.527344460229393,1.5823766339744,-0.35497217173078,0.163194518172832,-0.427711995726762
"gene262",-0.260693686224286,-0.560080629782672,0.299904838000918,0.400391103067101,0.874075821892344,-0.264028904695163,0.121340968412589,0.496694707175242,-1.62677485608666,1.44477392907416,1.16365972914243,-0.2019156270875,0.379827687957784,2.03337726268139,0.260623118247025,0.291244706572219,-0.64951440815312,1.38778087999165
"gene263",0.869359904019891,0.664538195960604,0.267398325643722,0.00501687658215777,0.331446396801079,0.305137383362617,-0.0334637220465814,-1.04663900465383,0.150674543962911,-0.489667898682783,-0.434337377203436,-0.623985143243041,-0.344792879368972,0.46707078447245,0.669174842472413,-0.0172731002872496,-0.613804841880802,0.36930165559035
"gene264",-1.00290791333913,0.0089366714264637,-1.22171442171166,0.699057534273415,0.330581808180207,0.133767219824867,-0.176555024926995,0.737096371687433,-0.545739294454665,-0.410918040578378,-0.27110986995027,-0.956336564462809,0.263017433141192,0.848318978321579,1.16791523653149,1.08034496563277,0.612319795492839,-0.27762325312143
"gene265",-0.724366971277996,1.40362186287592,-0.93571833469585,0.0269178410003334,-0.211189603594062,-0.432964418624681,1.36204567229834,-1.65121290543346,0.0208102319064679,1.43238189759529,-0.477336842411875,-1.54779562435824,-0.258299615745242,0.240917853840022,-0.684260910802451,-1.0816710659561,0.645546263880307,0.829710049190062
"gene266",0.66435785609265,-0.408343455078575,0.927637502145145,1.2710247704997,0.454487024622879,0.341543781437316,1.20836115637919,0.445988772394327,0.0582930923650963,0.378269690584148,-0.479433043439979,-0.841235109705635,-0.470365354059367,0.0254033772371402,-0.708816202640393,-1.22455300392462,-0.259132559509321,0.869189242213667
"gene267",0.575550513003054,0.533149108939504,0.373286930109396,-0.510654697748019,-0.116409441338224,-0.276073314097981,0.72267532413873,-1.24309375402981,-0.670481054845558,0.521224410819244,0.386343304237166,-0.113926319840335,-0.544043326520954,-1.68413202265312,0.0919595206572949,0.983648062910186,-0.563756859533932,-1.33986435991215
"gene268",0.485975139246811,-0.557601988633456,0.835894387787625,0.483310161666646,0.0603307589402358,0.636839145549254,0.589051570779846,0.524325519693886,-0.713336896718451,0.757412106659386,-0.98394661389398,0.530579554444178,0.654340219776142,0.62440340824052,-0.0487294953803683,0.770606353548123,0.688110852687349,-0.856068562008727
"gene269",-0.334178747220277,-0.540139264768095,-1.44872434573567,0.247352069873144,-0.984888831607263,0.0224035372172848,-1.15784004358647,-0.146600909398981,-0.987411878770889,0.877384543936606,-0.314539213633683,-0.14158354617986,-0.890924959684593,-0.0997959309126828,0.072184276321523,-0.0796911520416625,-0.715470591532565,-0.768297199209815
"gene270",-0.347927622958134,0.922646872895699,-1.23078474655206,1.0063001362648,0.494587422427486,-0.646561296550225,-0.0426615386762514,-0.459597000726727,1.90959877379099,-0.226951438516606,-1.43282561267687,0.133749844179519,1.36623857024668,-0.335281741829436,-1.48439316486449,-0.427787194575892,-0.107412172371957,0.354340908093737
"gene271",-0.353074135208043,0.641942362794667,0.534599752270318,-0.298059784540043,-1.8975422656593,-0.196794752106832,-0.65256087989238,-0.547616429253872,0.110943477787183,-0.284227450674875,-0.659802068592115,0.418789235074675,0.398027249836776,0.36278099744406,0.590021119604659,0.026560852956663,0.604771506671223,-0.20373905139612
"gene272",1.18197414138495,-0.772991684380628,0.365468699967037,0.762727663326913,-0.11234547728388,-0.919674710187683,-0.614446496963605,1.16272302959544,-1.37525536625271,-0.145248350065998,1.441475571753,0.792052669467961,-1.10077661328622,-0.273550691432086,-1.55638842849511,-0.835035728480138,-0.22622036483379,-0.765742996217496
"gene273",-0.559734563182027,-0.382503251569145,1.57943009859881,0.861526421583356,-0.773763700201876,-0.61048765186664,-0.169447785345113,0.783077046009128,-0.150439345328966,1.03790195556043,-0.123335913497518,0.739552910558212,0.517791593560686,-0.819898740220581,1.70191498769985,-0.255499345660446,0.0799501854698579,-0.130719354889178
"gene274",0.049880072896436,2.37197548508526,-0.330223342220222,0.592955853899468,0.629566233847177,0.552153453823281,-0.31123065542251,0.172623072394221,-0.981770628761679,-0.234089504111282,0.826128680870472,0.314777811501336,0.990803922818839,0.118184026578029,-0.0875445868618436,0.379065154835305,0.0267902058091197,0.148107283488495
"gene275",-0.290032911802737,-0.199839780404282,0.281058652451283,-1.39374457414168,0.762962837590415,-0.776016278757968,-0.519823453660378,0.00426337697045763,0.776081468470099,-1.26320530127814,1.21402423274369,-0.202225230619286,0.806881145525709,0.563840363633197,1.12902515474456,-0.00150739607027127,-0.480530421943229,0.441268641737781
"gene276",0.325674164757242,-0.0592068089375164,0.221304623312901,-0.682813126202525,-1.2458070879189,0.800981329928803,0.0424322321445833,1.30734306838168,0.589700668330514,-0.504236358977629,-0.612626459951944,0.012863900044248,-0.762047926595649,0.205184004411664,-0.597230384284011,0.029900251315713,-0.320744621983065,0.744495243099146
"gene277",-0.63706539181885,-1.12242027435195,-0.173680666356871,0.213984762411046,-1.0596128865366,0.772897337886101,-1.18222456995184,-0.290621775271713,0.973009815001188,-0.149503998140896,0.543739042473123,0.14705751314415,0.65503694486471,0.827406083464946,1.42005509171041,0.293986988370486,-0.186325239151395,0.361566434506958
"gene278",0.827540890001579,0.225440612723343,-0.288304328440081,-1.39692623730208,-0.280240646342292,0.730458996145526,0.0389629051454933,-2.24458061695792,-0.615028374235959,0.352489785533104,0.0158206339084545,0.265180940838761,0.509726247932567,1.17454180613146,-0.344280237231416,-0.160362894865984,0.64697867363471,-0.737769658661494
"gene279",-0.134824257674495,-0.29172039159857,-0.384239543742134,0.633948738725442,1.56421700104169,-0.363250846957697,0.312757152593877,-0.478876223447869,-1.33485458492088,-0.412079340496158,0.37305286181753,-0.0956277443427446,-0.968260673711272,-0.0875838078539047,-1.35075320648734,0.100740324040508,-0.365515525642639,0.367720996832063
"gene280",1.41304019150768,1.28847115354928,0.0215903623475957,-0.30598190634114,-0.589481264620801,0.635576287930604,-0.119807439996192,0.886426559676231,-0.738402122801866,-0.597227736240863,0.352882055257678,0.737474581971426,-0.352785322264634,0.578531958521884,-0.684662870204633,0.00120962337339163,0.251889736047222,1.04717542069784
"gene281",-0.0327140203623798,-0.150832781957203,0.270854639850646,0.10459540228234,0.33203442960225,-0.280128967654216,0.581274865533794,0.323269738277563,0.760110006060744,0.946497786393441,-0.498007981349967,-0.458997055398034,-0.12795750281426,0.0293930792427052,-0.0921959908966626,-0.0198322995754374,0.520675130587042,1.66956422865055
"gene282",-0.455074717077549,1.50033510777848,-0.924371559525026,-0.796748808680935,1.09042841445264,1.5874667804422,0.460459256542311,-0.921296025669661,0.730464801169472,-1.12452341216389,0.248730668508217,-0.561015329210072,0.48029616937871,0.143820952345536,0.903203442658304,1.74293432871208,0.0690152491985521,0.785566813246732
"gene283",0.329411490606834,0.477959168183253,-0.18210977204995,1.50159153432196,0.673678962369639,1.82176096550032,1.77922078431188,0.0735018068709086,0.0748033343177944,-0.406124233379764,0.235038114562868,0.58587381138436,0.217230712711467,0.828541736756984,-0.635863192542589,-0.443662179350624,-2.40435925206251,-1.15315619756498
"gene284",0.23257813940826,0.251335400577136,0.209691160152837,-1.06432606225828,0.720902991890376,0.79943102106167,1.13704501855081,0.757666771215376,0.666823122717795,0.277907544338564,1.3910630099156,-0.558156789164099,0.639343404454104,-0.0944815766989121,-0.0949402531500165,-0.492192094781904,-0.00769787511397604,-0.318351707333635
"gene285",0.168641277321531,0.291064100350617,-0.39059326208152,-0.194916411902709,0.972579759637375,-0.96325125050522,0.44926642765569,0.302075522780361,-1.57354100221782,0.99746480906902,0.0425766020913506,-0.710579729508932,0.653554913898473,-0.537946679390799,-1.26788084086293,-0.416386295406467,-0.389243025452572,-0.371714387740689
"gene286",0.0314196586141103,-0.529896150100628,0.713472338017692,-0.253835794912009,-0.127528457134069,0.11401765058857,0.981631650094272,1.32365268938202,0.296567596329145,0.237935739254436,-0.282207390311316,-0.702460616854971,0.524440773992898,0.879690233906007,0.0391287476668957,-0.651665176283577,-0.535576574186788,-0.0340291863008822
"gene287",-1.011551937001,0.0365840362063481,0.855291185031245,-1.65476215823531,0.173428358546468,1.34008989704217,-0.113558627304393,-0.272910552409029,0.0166761205063988,0.552836376022234,1.22697135386464,0.658791746330587,0.641808504398596,-0.470049762211401,1.07025083335917,0.775041697923711,-0.506134307036605,0.00685642970344582
"gene288",-0.607400631470889,1.12771998760839,0.510072967929232,-0.547609244020154,-0.475342220479323,-0.470886527243109,-0.990697924469449,0.451687285961555,0.895255627771526,0.217882588339081,-0.0995804225258262,-0.61021272034082,-0.877372313512131,-1.02493718434072,-0.458694616982596,0.0519863513484376,0.125797758820822,-0.25888944657438
"gene289",-1.21038056625452,-0.792431739373067,-0.262150730763175,0.425998027581635,-1.07899624724467,-0.390074518721278,-0.246283850497555,0.990207670883026,0.323473777764958,0.338030204960247,-1.36811736015108,-0.895114312070898,-1.33019623826769,0.174745799075491,0.0729655711580106,-1.69911592983637,0.430176278012953,0.805086546576756
"gene290",-0.70565416767051,0.963544293799516,0.718557744840922,-0.541476617961628,-0.434023702539826,0.0435672094325921,-0.253604222807134,0.0440641615794956,0.25284521559543,-0.204013064686236,-0.19018901256586,-0.162139037278207,-0.343130673929489,-0.261063215325304,0.132228301662219,0.145916091465029,1.3997817057091,0.0201585913132098
"gene291",0.0469392383792614,0.290085439382126,-0.648634289072873,0.70170380884021,0.2163022199663,-0.403675482979867,-1.3364078841447,0.42061441418191,0.419742685849258,-0.426056483685783,-0.807168703933125,-1.42725467600003,0.11088951729384,-1.66519827779085,0.916661477773656,0.663269966685195,-0.567613255543873,0.632250975813798
"gene292",0.764495896879282,0.205809215349552,-0.0166644430695728,-0.152832048357172,-0.609465092094756,-1.06723419318755,-0.200421654619418,-0.893283513309438,0.466509725204015,0.0223695406883779,0.253960024878223,0.697374103838421,0.550520127717902,0.75094178866155,1.28758260949718,0.890987759441651,-0.474313163485144,-1.07758627589798
"gene293",-0.0438102566026309,-0.129669324794878,-0.0635668913726923,0.308738821949455,0.2776250620562,-1.76261905672857,0.256860437830081,-1.52391505439303,-0.459190421203026,-0.278971332858783,-0.125156429570781,-0.0065783531980445,-0.0803968399225204,0.132717165663572,-0.823493419659376,-0.305928877932782,0.596311912328847,0.997412227372657
"gene294",0.0949199546986592,-0.00135305708183532,-0.372692354589811,-0.818249283145759,-0.455728345604306,-0.738265077994302,0.0739441280972872,0.793888715467654,-1.2921487426326,1.6561009695634,-1.04118766926712,0.154518670977844,2.28509701047009,0.331018662980745,0.0109161484770131,0.28022037119774,0.681309669087004,-0.743603866467021
"gene295",2.01115365707614,-1.07169841699303,0.160942285819828,0.297089453219153,0.740895709501408,1.62326852022641,0.360819191902177,-1.24605641939679,0.413114011959617,-0.917212599193264,0.85358479252762,-1.08798686989595,1.48577965330715,0.0884905307854236,0.000229898944248667,0.705408922237738,-2.17510284358458,0.183104283513787
"gene296",0.51820616113311,-0.98228194321202,0.534200708121276,2.18967842947706,-0.12355089722462,0.0834965945022024,-1.62505028799126,-0.436500867336701,0.0945931623079858,-0.254215242662296,0.444325373597859,-0.202325086279413,0.775720829424027,0.566849477793297,-0.975092618218057,2.02563673508935,-1.52308037987153,1.60774330561655
"gene297",-2.36014723822459,0.206125177166353,0.0311319287091668,0.102440193413789,0.0928436996189898,-0.547648902897287,-0.184511178277971,0.542975601848079,1.19900841645631,0.711455410527281,0.960896724662422,1.02638645912134,0.271279686133466,-0.210861818773134,-0.163902524330222,0.983413619808551,0.802976018447824,0.161809363146069
"gene298",0.719202933397132,-0.521911837360694,-0.314663922201172,0.732330843239412,-1.18939725038074,0.0506906933346304,-0.0455845398943473,0.0360005617365073,-1.84197940512752,-0.243700288444347,-1.1453310770772,0.423902629110075,-0.725641447943785,0.098094280754722,0.373865623297239,-0.293748021026921,0.0877306061035378,-0.184420975913864
"gene299",-0.584036427524571,-0.105215561828854,-0.226553786161298,-0.0442326954428189,-1.15686073378415,1.16740213533708,0.525558571394739,-0.587124143642696,0.470299149112445,0.101937320262946,-0.940878853092334,0.484427884686266,-1.10969836243608,2.26960165449718,0.776988342882089,-0.651426519540075,-0.342324551118049,-0.512993722422702
"gene300",-0.667587887176868,0.0403844890809675,-0.848843375343804,0.567539560192322,0.0559094707780694,-0.623100445574011,-0.571915488673311,0.749918079808954,0.483344408753,1.16412904725727,0.264469436105758,0.293350892631877,0.494033098367937,-0.914524481516624,0.203648415013776,1.19808904160192,-0.171848253923149,-0.0576625959203913
"gene301",0.0466007899448726,0.335248293217657,-0.418343907372418,-1.4370895438189,-0.235803109221483,-0.284301768988396,-0.0852633768944066,-0.99431925471289,-0.529725461993789,1.67877368094437,0.447604962751455,1.73057620060508,0.700446040062657,0.126896548264468,-0.273524023055742,0.358265580179989,1.19400220119812,1.34261517999939
"gene302",0.551881479401911,0.0748803039085561,0.752383897896008,-0.498313969540087,-0.486485340382668,0.0476059245562649,-0.621733649886766,0.566876996169889,0.746359506418192,0.919452142417533,-0.649158513091875,-0.548703802047721,-0.531124593192605,-0.470853483630442,0.16358169639467,0.223044901324833,-0.34565808105767,-1.0809573360609
"gene303",-0.692532691687383,-0.692858971751725,0.587827956299642,-0.00089151523852658,-0.785708831114377,-0.8741728200769,0.328454725638987,0.123256182244694,0.555417303020174,0.156979271504729,0.106096168528989,1.26704709911573,-0.430123161270225,0.187442823096418,1.14905531665638,-1.33650936625925,0.384052383307145,0.295041002137535
"gene304",0.504739691142942,0.721756902387609,-0.159064003925852,-2.66079358331044,-0.0879973050904078,-0.239554338594245,-0.160970137476817,-0.918562729407013,-0.757074640916174,0.799014549034434,0.454024021798553,1.07043922270791,0.0214033648264886,-0.059905378129163,0.0418754469425346,-0.0457041527133168,-1.56452912075539,-0.583228128053275
"gene305",0.36386387875707,0.354462310806292,0.754674792968325,0.454273568753133,-0.255822361668254,0.147157137421331,0.959927022454533,0.658727441676655,-0.739743979602453,-0.723706149654938,-0.127836561647651,0.293292327134575,1.42084874172789,-0.329881859739902,0.501267077206622,0.144271264650071,-0.281124006558237,-0.555877191654693
"gene306",0.927346816078111,-0.0688078208900521,-0.21932415603326,-0.833401656562644,0.633100678649591,-1.47265142679098,0.343060003404857,0.595312273951654,-0.280812397082347,-0.56836289014211,-0.0904207785327271,-0.500460367875043,1.45179562120065,1.09278868134897,-0.84024570153644,-0.144276620170963,0.158421580696372,0.149375565006282
"gene307",0.20796466619322,-0.475192285503565,-0.15398994353939,-0.744561622427507,1.22865804283971,-0.538889435911284,1.54138991529318,-0.135406054998168,-0.241569037052749,0.366363654601418,1.67507626373961,-0.624198714850043,-0.599647626608353,-0.928087168783424,0.783377671943186,0.261606985490941,-0.0644836391595159,-0.0825781108103442
"gene308",0.166076163897302,-0.673770702881434,0.195773605317312,0.168692262350874,0.0831873410883306,-0.169038604604206,-0.514767294552251,1.64934441682343,-0.00340629055300047,0.710342334489904,0.0163510268403631,-0.790326413157216,0.23937632294292,-0.756319764258228,0.373643877762662,-0.475307459701992,0.606097525364177,0.413784380484072
"gene309",1.14418085872231,-0.667518835129764,-1.2933699471071,0.0195535298519035,-0.479021004400495,0.680615293503352,0.25592380769641,-0.19180109636251,1.02619028362975,-0.131110635968408,-0.296555472168904,-0.714153000491261,-0.522905620971081,0.83543416663784,-0.86883920477462,1.2349477046038,0.347906168274737,-0.0475877548147941
"gene310",-0.547176229126587,0.198051911315092,0.32407158067172,0.54965701426004,-0.445125274911182,-0.142153659511046,-0.571587840289578,0.162159237191732,-0.524329493134724,-0.0652194364934241,0.106228550937033,-0.680450584379773,-0.649974245739332,0.739766954114591,-0.109242202234741,0.380572125379887,-2.44312562344189,-0.862979922646117
"gene311",1.37555037894766,-1.25677645430486,-0.118310663402053,-1.12047603836572,0.594885240435542,0.55413707763522,-0.506187692840601,-0.140047010464508,0.0891042262424353,-0.124475334278381,-0.458202186017899,-1.37284439544355,0.657182928645145,0.191229514396889,0.92268260355617,0.918831047188594,-1.31735971315891,0.772799367092764
"gene312",1.0268569037681,0.548797001505122,-0.90438330211344,-0.372204884917124,-0.733370156801162,-0.0362159502990261,1.20931295926851,0.768838414756733,0.132977500912748,0.498868143682519,0.546584621375833,-0.622240685952927,0.519727427845958,0.854340344765116,-1.31941076198642,0.462328370036958,-0.327795162945548,-0.206737427532584
"gene313",0.837579340150779,-0.962095500751256,1.38390952541984,0.0600776708979432,-0.530965058327624,-0.791699018520016,-0.906599218746438,0.324234058910185,0.0246645499921696,0.669776274295319,-0.438323886131535,1.25238159441625,0.005576343010498,-0.395167566779076,-0.0118859234524319,-1.26378312216011,0.577868976972345,-0.012722350953103
"gene314",0.291431762296984,0.413857778653555,0.0441809728806946,-1.25864463712146,-0.167872998724266,-0.719024788426342,-0.434159659838297,-0.673928192380847,-0.0109958010847625,-0.0649765532806069,-0.698810505811877,0.106534372700449,-0.314919440003224,0.208621653749873,0.170749752959052,0.301039962222638,0.270114532260342,-0.49227158064926
"gene315",0.0503865500061319,-0.0012636206701256,0.0139896962780378,-0.87204044191729,-0.0799356334155647,-2.1968060857129,-1.75866681771338,-0.485371182235255,-0.0948834724983381,-0.0940967033352775,-0.293877208205333,-0.577108317975339,-0.317190115987023,-0.368182083791552,-0.523582512348067,0.136239859707166,-1.89491513198424,-0.395007945296445
"gene316",0.00843930960639204,-0.593723057526428,0.956837617541485,-0.193615971896342,0.0741865714495975,-0.263714149574007,-0.725291403950064,0.279761438819771,0.261058022978332,1.105233711087,0.591349534843885,0.175429677662282,1.61820874257048,-0.264401475264653,-0.162741446915282,0.60672180706988,0.663032165080175,-0.0485791446232476
"gene317",0.455204951815184,-0.567193955913658,-0.649601551099753,-0.52198342218251,-0.667752995630062,-0.305820333895514,-0.17983521198247,-0.435805824459359,0.736547530333728,-0.666774137520909,0.856174230306012,0.134114381844304,0.367316635377506,0.118773892281728,-1.07246469602352,-0.720619852224024,-0.502919919223901,0.136198115367433
"gene318",-0.447843088348676,0.205034230553436,-0.442483518957585,1.51766333684451,-0.32547566334479,-1.43424110970256,0.291735327647778,-0.410696680700985,0.518449642738955,0.546840023648462,-1.67326516793173,-0.161588162926885,0.276389090514295,0.394507994089656,-0.783080679324241,-1.46453331284037,0.473390665051854,0.979469660221349
"gene319",0.727126639513298,0.174248565781905,-0.0257435201512505,-1.66786444836391,0.173880150367886,0.434096644723382,-0.242368579252932,-0.0529232266296786,-1.20932001796053,-0.420559323293058,-0.473347488949901,-0.156086648925861,0.13033938536374,-0.474133749409465,-0.450957503625202,0.708479358029692,-0.147410998326238,0.773185686644851
"gene320",-0.722650378943885,0.116685071679167,-1.01467073357389,0.0746566009002413,1.20658721314444,-1.06376394134783,-0.549776229535684,-0.39032479664369,0.212641474021623,-0.159026814618844,-1.71349961049951,-0.228624913428108,0.911403408280973,-0.291127103847506,1.3213160508901,0.629146263589598,1.55532270535688,0.66238270739864
"gene321",-0.4400350926676,0.479069955929615,1.06820048250927,-0.278173558655709,-0.19657864785361,0.46076574905221,-0.935079090112282,0.4104252466037,-0.391031745921305,-0.760657027834676,0.650851975480445,1.0235204870786,1.47466661970945,0.541552846857695,1.00670968804198,0.217102690293321,-0.268683425283348,0.223719449965287
"gene322",0.107582784137665,0.462095997104632,-0.536794037041394,-1.4586331374555,-1.39115707862527,-0.12921338506345,-0.999135294558793,-0.944783415133218,0.709646742408701,0.120732676642503,-0.227333979608713,-0.2915618666834,-0.0743353795975137,-0.268630304580598,-0.916780744872653,-0.00793553656998074,-0.592544694475483,2.0453795676243
"gene323",0.0296699724678648,1.04831024690419,1.02761487670751,-0.557736561902618,-0.92898363149447,1.41417701500542,-0.439062910449235,-0.408282452055105,0.342862236702183,-0.0221869634969463,0.544450792246673,-0.00375899181000858,-0.322937010355251,0.0369202149786104,-0.706679703267662,0.415864641305874,0.24218961478777,0.048315663140818
"gene324",-0.667499029256261,0.110628807391734,0.918564481821031,-0.607712135082741,0.606720099599569,-0.305248697420125,-0.13430433278978,-0.715586070073597,-0.28936325238866,0.973541840032447,-0.115869949010956,0.0632393102344235,-0.830498470365165,0.0694057353362833,-0.575811188882016,-0.03668195942189,1.28538774940843,1.78612280269712
"gene325",-0.750325201593299,0.124735108158428,-0.456770741710969,-0.643425861974809,-1.73576488093802,0.812011095848449,0.695196747650261,-0.241939069299844,0.711840904796307,0.569559872118079,-0.0208600752447284,-0.551233147543984,-1.11178849135901,0.804780084903394,-0.183377398406637,0.169184773935804,0.328422824923594,-0.294041259315757
"gene326",0.111989026775448,0.228741914269348,0.955357632463593,0.431867681244518,1.14046773689533,-0.857636284341505,-0.22117599913989,-1.0448565771441,-0.24753657342586,-1.70092911905209,-1.05375274063212,1.11552436963996,0.0303482678405296,-0.0485792438507818,0.30377003699782,0.531379414031032,-1.70999986967394,-0.183861236255717
"gene327",-0.124761574625016,-0.633877790494659,-0.0758039650473319,-0.713488264409766,0.572893871493952,-0.730991224252786,-0.418432076473032,0.3534024530127,-0.784279296748733,0.479720824947597,0.885082396566027,-1.29312714136218,-0.805004152359308,-0.815589393309267,0.0157456161496505,0.0332617536538596,1.71097280624417,-1.17940847178129
"gene328",0.880743858158908,-0.49899379114895,-0.800135340888402,1.01879892228589,1.54336297000585,0.711456943651811,-0.125969000912016,0.615099532154489,0.495172375354109,0.223604798988436,-1.74139600339764,-0.428232245404237,0.0341392796222882,-0.318948498065565,-0.830238548985733,-0.362340073715252,-0.420721501677408,0.838946396011336
"gene329",0.314155312637134,0.286771903129663,-0.94172251185079,1.20721097590505,-1.0788865826046,-0.640503681815305,0.175495461136288,-0.648468884985845,0.302041707049342,0.236177547771453,0.0760977686197536,0.0449128894380007,-0.675697335683048,0.864698625333416,-0.286805579710639,-0.796176558122062,0.678909448375343,-0.884078312613845
"gene330",-0.577257580452152,1.99015932627854,0.992086987620089,-0.579365763152061,0.478635149563092,0.318061590076552,-1.04559185103983,-2.02106975660861,-0.657451170295549,-0.129600400830073,-0.0352519820362125,-0.454777494684288,0.149952506873815,0.55212055278023,0.88183538871587,-1.77153912474718,0.625912827693036,-1.74160193867359
"gene331",-0.935495141034258,-0.316531109876783,0.79278751345707,-0.550418471208311,-0.137612334222433,-0.412764947493122,-0.518180180544393,0.339441544912616,-1.12724562819203,0.129407361327037,0.349359978171222,-0.483248298684832,-0.336743662475994,-0.256268445069339,0.000659234854870935,0.265745939481376,-0.779721487989304,0.848433920159887
"gene332",0.279926485875414,1.23380915465036,-0.103262911407846,-0.626428615676358,-0.294430442390843,0.224744265817186,-0.658542520904314,-0.978025435069505,0.14479038914306,-0.866596454882587,0.416250728930826,-0.506027016792269,1.26403173193005,-0.0111819794999942,-0.622405403892136,-0.57375475596286,-0.127270306202422,-1.12111206928113
"gene333",-0.131324112242619,-0.750426923883568,-0.142351430109244,0.668513847180938,0.816751392016022,0.566189030196475,2.03896711248393,-0.965706561808918,0.32407570398746,0.231226079220425,0.0378606909439964,-0.600325518545384,0.526914656180847,0.887312047850772,-0.190766200544808,0.28674155021712,1.34632610927149,-0.744840901829544
"gene334",0.0292983288012688,0.143281570786109,0.707379360423183,-0.607456818123797,-0.297888668663292,0.0571824387367327,-1.07574431995496,0.155820204888543,0.352014205946373,0.269494495132231,1.17933004652747,1.2134125922652,0.180379520423158,-0.27700540111963,-0.400533083972373,0.848974825894028,0.416960098457367,0.275443029101943
"gene335",-1.88179587287817,0.705492256370608,1.54876123968799,0.247463880561983,0.498350353915274,-0.479361036025015,-0.534284669753861,-0.564705793676087,-0.750849084529287,0.702316245571232,-0.63649790182278,-0.699075556994994,-0.252404587924589,-0.100708543932097,0.774770428210177,0.132333906407959,-0.33305989203631,-1.53231549306884
"gene336",0.446203161642442,-0.124885449001246,0.209126920696252,-0.0791966013426788,0.123546643719173,-1.23239673051969,0.000992368783590005,-0.124030424213304,0.846641015798179,-0.800536217174048,-0.452715424461331,0.662512882986172,-0.611961620384442,1.73280294942682,0.117432502398583,0.445835154897666,-1.04687242280223,1.21133975585938
"gene337",-0.625908532973607,0.422703710599639,0.0395775912282274,0.394999072236686,0.229293634157083,0.552809169860333,1.598826281105,-0.380569169666338,1.0061298991912,-0.326225513713955,-0.596433603960047,-0.246770091438916,-0.968693581046085,-0.303466352462062,1.30717132527535,0.572695215669115,-0.177245260550638,-0.856236571298632
"gene338",-0.147186915956826,1.85977365055632,1.19789122518436,-0.298574384247062,-0.0159319312323629,0.238222454967466,0.123736921564145,2.20964595581012,0.557239330596068,-0.459503312384017,-0.385936224003997,-0.356640978397889,0.302526437319693,1.6773985260486,-0.780046226941357,-0.587646076354159,-0.0990385399149076,-0.214025860380733
"gene339",-0.317289323809818,-0.936679379047359,1.48265502147363,0.788538190442363,1.63573087248204,-0.354137644532851,-0.223206517802322,-0.405596575076367,0.883686481854014,-1.33245195906912,-0.144735241930303,0.578140525184874,0.691923899207525,0.298430897980173,-0.80894438961798,-0.0149004614671081,1.44723853276013,-0.0511205461615886
"gene340",-1.34744410696071,-1.31406081945452,0.0422790105707054,0.204302193504013,-1.29603912347266,-0.475727668074302,1.07553585030861,0.309743592756579,0.330607827898692,0.425233724521509,1.14033721844532,-0.248318579833268,0.399447614404821,1.35164163511612,-0.548064821120354,-0.598235940493644,-0.851847111652612,0.370296225870749
"gene341",-0.499892094063394,-0.762634698278911,-1.24199353076584,-0.106505157065673,-0.779058986872587,0.598480323402499,0.355025594992655,0.551326284211509,0.532954718725649,-0.687733854437774,-0.698081239886628,0.205597816581241,0.306076770442634,0.707213701155129,0.155616272039451,1.79434703145253,-0.262708868313761,-0.230649167658522
"gene342",-0.747815604099177,0.375192334993268,-0.00905531214450391,-0.11553725995131,0.512350606576391,-0.664461512531351,0.989995301338251,-0.649849038198004,-0.641987675574493,-0.29347950849871,0.081569091830569,0.866724669585618,-0.407556516598532,0.780513050041337,-0.620646638044285,-0.162492414214773,-0.0332147026887161,-0.21836296658659
"gene343",0.467900738570002,-0.517971610916212,0.539124384587773,-0.284684086261606,-0.0175175194792376,0.311623408889034,0.93105461173703,0.377826998704433,0.669909082058804,-0.871086342060568,0.245125126951485,0.225408864289787,-0.0241760725475202,1.04566303754929,-0.174462397564597,0.108112168720735,-0.271808713747477,0.371758762605335
"gene344",1.03708818268785,-0.516338654049879,-0.80189416171827,0.185294885980366,-0.12555410093212,0.0577559890115233,-0.00598344216891775,-1.05859814152395,0.703202916956607,-0.0437258717674233,-0.504002073946196,0.997610591192162,0.124819233563056,0.835464424456728,0.409753683430405,1.32311765170113,0.160065788370063,-0.354721805296099
"gene345",0.255225284368814,-0.329857386103196,0.265638004215968,0.648606359662403,2.26114995377419,-0.233427345995054,-0.985205874179838,-0.0329378683919776,-0.535741469247432,-0.323628072612526,0.775547156061286,0.0609168233982196,-1.43269930537516,0.399100226254184,-0.973246167506325,0.184882154282769,0.502199270468897,0.901515696546309
"gene346",-0.803469519577386,-0.887975413044877,-0.0802415920063684,-0.44932812310601,-1.09722984302795,-0.193845457236233,-1.22492454965588,-0.110753746962729,-0.479980111959728,0.954595290607534,-0.330441553026818,-0.209899666139474,0.840517515399027,-0.404871901665315,-1.00305486795416,0.40964571079408,1.27458109866569,-0.209907346509176
"gene347",-0.00687645518809068,0.572029261862227,-0.0966012660917421,-0.529720239186637,-0.246484633628387,-0.0267743020228423,-0.242161107720385,-1.21614413779278,0.22200273339284,-0.446449183112615,-0.440393625985258,-0.0235624397970579,-1.36276733705061,0.295467889009041,-0.167756748793439,-0.5708579552186,0.813175798042976,-2.24983927538302
"gene348",0.188566004581639,0.571759760612756,-0.803108497429788,-0.0310704083210869,1.31259225256345,-1.94815900717115,-0.527897476334016,0.69926499064772,-0.167458543977159,0.612421574612928,0.787013259951113,0.128733886687852,-0.0986179756404215,-0.0833842064999625,1.45732352595062,-0.157414241160454,-0.600290929183654,0.16876799836565
"gene349",-0.665648491554017,-0.242509465277859,0.169155301767847,-0.129524259897214,-0.60080217002826,-1.56056484392768,-1.1185944292299,-0.421960405572673,0.105147197850547,0.302549884292703,-0.978207277223998,0.804281786511582,2.26825541210223,-0.766857791559998,-0.983456031210669,0.928330805871925,0.695084219627553,-1.1462351481391
"gene350",0.940610611118511,0.536075013366115,0.485186694831703,-1.36724954218143,-0.150207989335444,-0.464025921129334,-0.512422085787992,-0.0141394308359286,1.13842078584674,0.535008896869066,0.422604912540091,-0.0782659997899851,0.358257558281327,0.345246221029888,0.799169508321704,-0.468752139186056,0.427121386611464,-1.7166488275053
"gene351",0.486532711498471,0.259714142265285,-0.226121419084841,-1.10629488742856,-0.309353560709467,-0.689101013241309,1.01077235671051,0.143639029728396,0.375068914440037,0.302412800127362,-0.770141297965452,-0.833328833921826,0.720686171298149,-0.21430486503528,-0.123004633168422,-0.162246824785561,0.634770169724346,-0.128900128482043
"gene352",0.107610588802179,1.2926871898693,0.260889318494379,-0.869768884812578,-0.0703453489972696,0.322929159039601,0.137066055416191,-0.728345722317584,0.0308693664808723,-0.00114830949308517,0.657329122332499,-0.792240033147303,0.507646016942054,1.26712085523162,-0.079911852467114,-1.59705248630995,-0.80960164857219,0.0102682801519594
"gene353",0.159410244655782,-0.0142421235866264,-0.0367532117557753,0.0917999119933145,0.0311630200142374,0.833480631890999,0.741587981377683,0.170339254759754,-0.245085069496435,-0.00953095617333429,-0.0826778472992434,-0.835447865787996,0.993028728120462,-0.206647636823474,-1.03755804277163,1.07127247180456,0.388168478362694,1.69983332565618
"gene354",0.00818548561700278,0.798254365789722,0.17531956682042,-0.635020076700473,0.229526103042241,0.953119042192927,-1.24943532104219,-0.432594625640643,-0.0888919394794123,-1.5571421100009,-0.606811851408462,-0.370747303448954,-0.895913636214437,-0.365591360395275,-1.32639486969705,1.34321427584224,-0.446882307304316,0.916175350162188
"gene355",-1.80608661993579,1.59168960975898,-0.317611791144804,0.28774048967058,0.563253480248909,-0.86372547833426,0.820927454920439,-0.230905767409519,0.425975869844212,1.20029656328156,0.143040047539032,0.274965789673065,1.17388587449605,0.129708951096375,0.660559768768327,-0.783035675723709,-0.635341009752815,-0.857073165764823
"gene356",0.180446866022364,0.0745262893149681,-0.875275253817058,-0.391393340127538,0.967502085670492,-1.06337371077103,-0.490413470196037,-0.453452085630977,0.045914160351456,-0.814404970014238,-0.456906997908787,-0.315178204749799,1.72607857059226,0.71327340650968,1.06699220376157,0.382358689554408,0.195800322502502,-1.10080982554897
"gene357",0.563595373441672,-0.546991726868485,1.39202584100982,0.650312407743561,-0.288310705526964,0.144819685938978,-0.843167397025487,0.368786512820805,0.56175328173911,-0.822307068647257,-0.112473753023675,0.669345118575198,0.359209812706983,0.235560910895837,-0.0609475663216365,-0.487719953257111,-0.532676946178854,0.484491715939314
"gene358",0.524343383061523,0.60211737544838,-0.156965460640813,-0.121172839820859,0.133946010752134,-0.0814253102377495,0.606526624142332,0.311046942539351,-1.52440022005901,-0.494183512649812,-0.89414547017391,-0.575739816091044,1.05339291395406,-0.904034184453703,-0.417070473319545,0.0224112771457272,-0.619428380650749,-0.317311753083975
"gene359",-1.40948759856648,-1.15762806144899,-0.229246735823077,-1.17535819387481,1.33999372715523,-0.0340322549967216,-1.50223039777108,0.134936269972728,-0.193743567055094,0.418909218339208,-0.424453978374457,1.73364693550933,0.232737697829738,-0.180304820520066,0.203411612692888,-0.100745829452209,-0.480582901610492,-2.26948348090661
"gene360",-0.024295549230616,-0.364636068914466,-0.500686756572586,0.00558410670507632,-0.55017326416094,-0.117950123120183,-0.714615010085481,-0.108236137306404,1.25115198400362,1.7085426152365,-0.177841761735069,1.10773445748017,-0.81166308756042,-0.0318544862880653,-1.3807955702402,-0.755495645474427,-0.673463168637599,0.0998246204787549
"gene361",-0.385609871738968,-0.109554870311199,-0.452416485203726,0.357855035853773,0.158534246310357,0.305064727965975,-0.281600218720929,-0.16525806895811,-0.256089904995268,1.13024871117464,-0.549810913047233,0.249493505838955,0.905071191798526,-0.206188116893575,0.413606486611095,1.14271960600701,-0.328252917494921,0.422674813451852
"gene362",0.262673459453022,-0.815065029890362,0.312473432172396,-0.519660832803336,0.564949835420286,-1.14770737250842,0.329350389505684,-0.0147565666556867,-0.337644688793889,-0.84496596645432,-0.122504867446006,0.487871052489884,-0.662497601914375,0.300222691524378,1.24571784018266,-0.47620700615476,1.51762268726935,0.991196679002891
"gene363",0.450337879486619,-1.41455541429865,-0.106660773128304,-0.701587841475532,0.530944781583169,-1.24747703790273,0.621962917681605,0.414537513197206,-0.457413809727898,-0.714082567657128,0.0908254366389523,0.822450038997951,-0.394274387797004,-0.791752415694613,0.827990164887097,-0.734923406633577,0.423109957722184,-0.0488110611851911
"gene364",-0.119514238208088,-0.301317973356998,-0.871310479848947,-0.175365524718426,0.640904509435071,1.18654837490901,0.520907930894403,-0.933029595314833,0.0808586201556287,0.800797524355594,0.731041698475748,0.309125927789908,0.920233197879531,-0.489214495709979,0.918758958855399,1.05570545868082,-0.0632611774901435,-0.0365860684129086
"gene365",0.41054355853597,-0.373192642795414,-0.175349881753931,0.617607161018865,0.0982998795375346,-0.673767826444154,0.740692242206367,0.328700487417734,0.511425815199586,0.255451506642078,1.98488858015803,-0.303992142454961,-0.928687336207258,0.210093962486898,1.07407935771182,-0.0607782393137752,0.366819005386225,1.41642628364309
"gene366",-0.132889133312898,-0.0265524614442722,0.55919294355289,-0.147262897106597,-1.40786217667958,-0.828960082458805,0.417997816820147,0.511363316226166,-0.742136826058106,0.766301182931527,-0.41380152220232,0.358821531290917,-0.807636218128274,-0.289043989406981,-0.210020622147304,0.0810087309042947,-0.422329106734129,0.194979910174636
"gene367",0.229071658084178,0.451523487740525,0.548242215815256,0.430686925673937,0.625162866939529,-0.423180968037373,0.547621079631091,-0.0888820755171158,-0.209210085158141,0.40522626469061,0.454431148486418,0.187014052525046,-1.66753903578547,-0.577592149244725,0.397249541924874,0.460285048312756,0.0659201449548698,-1.5039773696598
"gene368",-0.512820188333073,0.392151534520227,-0.793225291645363,-0.178183716868216,0.188428941759046,0.429437152822109,0.334758158940519,0.522857407863534,0.103185465523147,-0.333702470339221,0.732857973833825,-0.563726723954789,-0.135400905329459,-0.344273616190657,0.0142643182455056,0.0538272899569027,0.368367958929553,0.440137813462082
"gene369",0.750591743237039,-0.315733277739483,-0.06532148863252,1.05618381138397,0.315299522387829,-0.291849781732035,-1.22965910229778,0.153509701966191,1.20568068996533,0.788012956739215,-0.483722199422435,1.03582359367313,-0.391137697430786,1.16208559058345,-1.25769302867962,-0.403585563133054,0.393946862471261,0.727584601898956
"gene370",-0.658865340540268,-0.43948074369746,-0.137457412692605,-1.0737339165315,0.190041229130971,-0.776726846840803,-0.0857783851381944,-0.957600416266494,0.492382314089902,0.45250355879985,0.544679297035637,-1.63417615308432,0.225224389999009,-0.536439155321967,0.0695842263392792,-1.17226443150684,1.34979956393934,-1.12730134706641
"gene371",-1.17022202256193,0.83043794405894,-0.283766528514019,0.0518181830639117,-0.236075353826344,0.208203053165386,-0.36346008082245,-0.233495885855441,0.434762707651515,-0.283005135844404,0.438996483561883,-1.0371819466745,-0.747008670144483,0.239111114740127,-0.43446039390066,-1.11360992008749,0.995844132853149,1.41686637962795
"gene372",-0.438812651459535,1.33643591867904,0.537832659733252,0.371554929350125,0.959554720291062,1.15382383444897,0.10458484871702,0.190757556146176,0.0809919464984178,0.615316747858594,-0.18321369557322,-0.797493557620275,0.772864593094986,1.39131112059665,2.07796779197805,0.0233958530970178,-0.141909672002089,1.03746235131128
"gene373",-0.694468409572773,-0.323514067433111,1.3939229960252,1.54105128214484,1.19985779199819,-0.326485750213019,0.786292473232399,-0.0822222106236,1.33625161675928,-0.425984617042184,0.553537074944824,-0.72402099450713,-0.276463259017493,-0.963509653923875,0.394762066134695,0.316570463708354,0.613114402384639,-0.523521322010287
"gene374",-0.32437993375321,-0.292442109438911,-0.0192867014292631,-0.338721638162391,-0.124138741540739,0.196857716068008,-0.40882884065972,-0.0121723224375777,-0.706188314951923,-1.37821130657794,0.849722285932656,1.25651872595683,0.148552482317225,-1.3969132345946,1.01933608996059,-0.131710459860494,-0.860966790099354,-0.616916433475208
"gene375",1.6400306169614,-1.22835125244403,-0.384488091339993,-0.0176270013539173,-1.42310734279457,-0.224428855898525,0.567146843828493,0.600782270615356,0.707146167426443,1.85830885094414,1.28138786746868,0.930698737310827,2.22926177512748,-0.584426715395058,-0.0455999724553664,0.192801224718828,0.0649377165271007,-0.649777538634423
"gene376",0.417219243480968,-0.107090880074169,-2.52387352800887,-0.329848601695022,0.443026466730904,1.37585685502904,-0.213944794500021,-0.614670725927758,-1.16521374269957,1.21669734953818,0.567223652486141,-0.335891502344223,0.0738080812130686,-0.560045898447695,-0.271280848763648,0.731835270475858,-0.203034228227714,-0.912099308626622
"gene377",-0.396553215226245,-0.123731767259483,-1.49038332001783,0.372245015919189,-0.409058342515622,0.755738007176331,1.13014450108927,-1.36812995992596,1.05217846886409,0.38643090819472,-0.781087210773763,0.0409440459727477,1.12954308798153,-0.0236702999024586,-0.0875052973991348,0.702840851782739,-0.935418597917901,-0.462063468256596
"gene378",1.04849971765601,0.413908116774904,0.0106863374506518,0.938458386215339,0.572869895340159,-0.936946068984462,1.73781963775809,0.264491346960047,-0.607206277703378,0.688651125290166,1.04690272199235,0.883057379082515,-0.796221812329394,0.378472661759209,0.344311556214634,-1.15613807542057,-0.848480946654967,-0.38351481111706
"gene379",0.430277069047643,0.331653438988085,-1.33270746054741,-0.460136172047175,0.186045267486225,0.266919932072598,0.561997197350883,0.667478331010458,0.140230620921206,-0.0673426913561788,-0.562921395911247,0.125968572693886,0.77626416630349,-0.494258085508987,0.939956952224152,-0.481680607266089,0.0629840598079752,-0.0641797387849815
"gene380",-0.704891399374931,-0.356021739013974,0.874003476622778,1.36030431225616,-1.01637900726721,-0.0842338616610528,0.310770553778264,-0.678631150507305,-0.764877248675631,0.601774430536609,1.62762805929588,0.677062886828086,0.510200871169696,-0.307165555179493,0.076772482246489,-2.00729987673774,-0.0121604846980331,-0.305899339590599
"gene381",-0.178809799075074,-0.498907833657241,2.14027560673481,-0.31445267419633,-0.889908664719337,0.419325540355337,0.245005198464246,0.0328558300518386,0.480535939268146,0.252769026491132,-0.425177991010205,0.920359907176524,0.0186525314336467,-2.09575040089412,0.49900967904866,-1.03183525389173,-0.997842811904864,-0.156240659505649
"gene382",0.693204991574179,-0.459381760427396,1.50610860221981,0.0110171367045315,-0.585480194911297,1.02177930198812,0.106435400061337,0.138080783246238,0.127357935108203,1.14744976222435,-2.10696485706871,-0.0223246634558192,-0.462106556274272,0.012704441314573,-1.16598765145421,1.50337994168061,-0.438581849545805,0.0214134896688114
"gene383",1.17955584309749,-0.193442456685241,0.0276993844313591,0.349206028303085,-0.178373927203748,0.346574828155816,0.904931772068207,-0.321893673506476,0.704811245712069,-0.144348733215978,0.183289653750932,-0.308933240485481,-0.429350422396598,0.0960318660476564,-0.232717394563381,-0.618050175030958,0.306118131396176,0.742325432002316
"gene384",0.381107713291114,1.1687972038421,1.89720453464779,-0.812987470475758,-0.395512380867659,1.10316279044134,0.533458869298678,-0.0663289295279393,-0.33312181574868,-0.51859739215997,0.783360878615188,0.457938678101325,0.771480364018478,-0.068090072234494,1.05429368221857,0.278478699171605,-0.0448651620884853,0.96942185151295
"gene385",-0.777891740929249,-0.843180252390859,0.400817475198265,-0.374219062757661,0.205734751333633,-0.263561190986074,-0.80787372035023,1.43801144091897,0.648282738639486,0.475136542850508,-0.077202408241442,0.199057567919612,-0.0706619377304036,-2.56734632545823,-0.242430769036566,-0.121464239400776,0.142624222346632,1.04396377027854
"gene386",0.435319302655812,-0.581204816648755,-0.40248407640142,0.131960445006727,-1.40690043611637,-0.247656126621378,-0.184077937175523,0.381044430470714,0.282169052072398,-0.640107300443581,-0.739941797268027,-0.34559059793185,-0.574525104988794,0.644460495881335,0.0865499847297189,0.223288766506651,-0.885588814549754,0.350397245316514
"gene387",0.745928128976343,0.108642042699894,-0.63950351367552,0.453212310926199,0.214100237485155,0.0134430782167456,-0.279954514301214,-0.808314567163392,1.2738929338972,-0.0741107256280148,-1.39000248918375,-1.47880781803264,1.1600280235551,1.51777300025959,-0.104213492865593,-1.17046139072064,0.0771026874585222,-0.694459687478314
"gene388",0.606460077933522,-0.645537321586199,-0.0550997186733296,0.325432626011705,0.226689763800829,-0.326670498596376,1.09511585895368,0.622232039188136,0.477878273466818,0.476275391560568,0.174835650335082,-0.642364254703424,0.245207116661134,-0.0304804651333243,0.757898574584904,0.00890976224886004,0.228305953544031,0.0578185795240708
"gene389",0.0425165047257867,0.686201988221701,-0.558407387496382,0.265915359414198,0.0361757895376596,0.0386803817379311,-0.345431650812558,1.21027272003193,0.332766187560737,0.0186121288382233,1.08102571279274,-0.807135234004493,1.23837167256134,-0.35247442786713,0.521355885671518,-0.0481438353739145,-0.345789938431612,-0.686500409861735
"gene390",0.341813815793454,-0.0650726271568908,-0.0742463585918365,-0.406132847871537,0.417524532192165,-0.617969535978202,-0.113441246515807,-1.29487073711447,-0.22455110189434,-0.692339673553124,0.459334773033241,0.928338590054021,0.148280503318663,-0.479512548061721,-0.553319810432253,-0.947692332348197,-0.980278333913478,-1.02922708351764
"gene391",0.514298498514489,-0.423331196555127,0.00111512755284027,1.0760901588018,-0.213635027121348,0.32746805659802,-0.317870852809056,-0.067522396339654,-0.445302391483821,1.19666573773688,-1.22553615302521,-0.03985503104841,0.434682559783161,0.438067269572432,-0.498194436275643,-0.473301603969656,0.0790135307459182,0.592863259816231
"gene392",0.15479140072217,0.389479201609118,0.160565256161755,0.206650538933032,-0.56671866938522,-0.48843126235216,-0.710027757121402,-0.49151772004321,0.51416455514977,0.957149806405351,0.533512792367459,-0.631932492793431,0.114207990996819,0.217551664768887,1.41926500135677,0.629631591507218,-1.07210589289758,0.0569092087748054
"gene393",-0.280046276527316,0.454989329927155,0.101271164393612,0.516109072472611,0.631087225443816,0.544270169035998,-0.158827975771415,-0.334674628078011,-0.0829630176395018,-0.906265211031248,-1.04906618843392,0.898399085693773,0.0457632808644082,-1.13949537847391,-1.83714159208894,-0.0270950506438911,-0.679776643670704,0.389201027468968
"gene394",0.350118227664691,0.820704828422531,-0.343905448172686,-0.139533951154898,0.260436103169646,-0.350594387390681,0.0194128721709016,0.74725857013116,0.959673749480054,-1.28234803729951,0.361367442271779,0.834326072631811,0.059261245754178,0.281499049963771,-0.0705475410729038,-0.0491409526735478,-0.000709547720697684,0.19945004285094
"gene395",1.3661422996449,0.0746155834106371,1.50150077673895,-0.185314487891317,-1.68357626476422,0.413115696161769,0.13572078097674,-1.32454536030723,1.41220766783794,1.02648438658763,0.911250863842343,-0.424028449350338,-0.277491043850389,-0.437228629840936,-0.0465335417823573,-0.239182967056476,-0.0558487252636749,-0.928068359662376
"gene396",0.705333793786738,0.553939492610395,0.405979485700515,0.360694018632915,1.04503150792863,0.140411250909355,-0.159756888641392,0.376810937324851,1.0865771537106,-0.786599808286431,-0.137499546908571,-0.196584513478681,0.538744969579181,0.0999431389596751,0.8621453398401,-0.763897755795038,0.420464446615218,0.180057467158868
"gene397",-0.804947369776694,-0.185190072808955,-0.541368704194216,-0.772216734450901,2.29443945960903,0.393395487763238,-0.650214375021463,0.609058946261502,0.847912110712296,0.747321401640998,0.519650161876864,-0.247584585465384,-0.464510160201586,-0.159003114507678,-0.351166123828693,-0.502962867651033,0.547044545441535,0.998032868506252
"gene398",0.142930294192004,0.252192844263152,0.163226078357914,1.02186101940272,0.374814150125312,0.424821519076697,-0.834489212757833,1.37328691011287,0.285100192165146,0.300115157020355,-0.314390021379125,-0.444895282078336,0.168871455754159,-0.577466730897063,-0.0437340974521855,1.9146778483592,-1.95187720522192,0.342260853933565
"gene399",0.982909481228348,1.12125534394515,0.730136497078877,-0.613647981854961,-0.330217150664808,-0.794207489443473,1.57830901751735,-0.553337571299612,-1.88757738895751,-0.773000051522369,-0.169779325964957,0.28179630476819,0.609508121522444,0.0300735103460222,1.66955901222862,0.823273656525321,0.736582062235536,-0.164691962488686
"gene400",0.914305610994837,-0.715285184794073,0.391807444977466,0.892512170191924,-0.464055948865962,-0.199177205453539,0.170173644167828,-0.197854188060366,0.161131065796503,1.64809738128331,0.424536536485943,-0.406649764474829,0.155718642066846,-0.747731521334116,0.4510721996866,1.29777023398031,1.21195411441898,-0.1647375156217
"gene401",0.16990047024018,0.580405445149093,0.54746258617007,-0.848007687623962,-0.76706574910773,0.969577250479218,-0.270532234819855,-2.03618073428891,-0.0790492847539349,-0.226092907687059,0.369358497687048,0.357082376988562,0.34035133354789,0.271435447437986,0.385967872419725,0.338597001229291,-0.133849374722531,-0.39530090051346
"gene402",-0.520845063531376,-0.642733018142925,-0.34444424052614,-1.30754895275051,-0.065804962273074,-0.316050610936833,0.201831689394976,0.0473595431579266,-0.0324519049812714,1.55476126230811,-0.449066883479321,1.00692646861539,0.705467540274515,-1.04879665508609,0.726891074412879,-0.547749175572285,-1.20512224009777,-0.829491317519258
"gene403",0.987885205218969,-1.15548790713522,0.903119734507178,-0.177904470925525,-0.0542815049522922,-0.0529364711583517,-0.061432071690906,-1.1286015614611,-0.240575893224268,1.31451832630307,-1.13199669623229,-0.347249147598839,0.162616960512916,-0.23002114234444,1.2121860910979,0.427016396266576,-0.0682495121169154,0.572886615152279
"gene404",-0.636262163653521,-0.228700972770713,-0.323019216925743,-0.392903797280495,-0.299689171862549,0.222726163372748,0.963363265460602,0.363172803526037,-0.51715569607721,-0.493749404099594,-0.630768578308793,1.07759132052501,-0.458653346898444,-0.173587272161118,-0.763926742664869,-0.938323404722472,0.465749784064566,-0.552695182399783
"gene405",0.380170798300209,0.296001399656801,-0.153484938029493,-0.549595169800126,-0.413678565116299,0.156665747845393,-0.0748544422549672,-0.96153992911932,0.355595623239229,-0.410167416922651,1.08117755147883,0.481094507532321,-0.324052236508663,-0.200330408472115,-0.10104116922776,0.793584857138467,0.582094821971787,-0.661922492319398
"gene406",0.0880872486194988,0.663694739153798,-0.939105744319006,-1.35602858822595,0.865828518066653,0.0093631884905342,-0.945745624025415,-0.380300446286189,-1.15598859257721,0.380585372788773,-0.292423171445567,-0.80195003148519,0.441963801281803,0.202508548010199,0.468427447850336,-0.439557058268868,-1.33689517122386,-0.461288111417927
"gene407",-0.272967008839697,0.333264783109289,-0.410267383623196,0.670256131230357,-0.244331214261513,-0.412520211401167,-0.526829553206504,0.55138435163235,0.322022318628999,-0.320385024239092,0.332451453214502,0.334220003418768,1.12611510730253,0.858166628339414,0.324414855473148,0.89952438493162,-0.6186145657679,1.18985197521746
"gene408",0.107531407443405,-1.17736001512444,-0.281067190499594,-0.304171683478654,0.26278934003809,-0.0820846339942901,-0.699546198613878,-0.758530273455707,0.171969334772283,-1.56325000970086,0.450594538611722,1.29638604713258,0.0680017706287095,0.971201347098632,0.994935608035713,-0.760547503894466,0.704453259120618,-0.545854477062381
"gene409",-1.00039388671522,-0.471706215525575,-0.217147714086972,-0.273381448956042,0.544245869684306,-1.32838277148864,0.445512970644835,0.573426733232987,0.381898992250098,-0.175005536664886,0.303784788415643,0.262433127883133,0.284030739339374,-0.270142745175922,0.412142246104084,-0.132132411871964,0.869812606318005,-0.0870893681606915
"gene410",-0.678859972384523,-1.19996010003473,-0.125616507050172,1.06490088556559,0.669092018490374,-0.0819349997670442,-0.499866161873946,-0.0420932140651861,0.103275766434398,0.201267048107177,-0.980855425988466,1.5386339104285,0.0289486481244918,-1.0920981971673,0.106623218628529,0.102896571654117,-0.69370866344232,1.09572170213128
"gene411",-0.595770150544352,0.654032230595256,-1.24233667762476,-0.215442257742017,0.204225038876105,0.41253075444901,-0.761959447625695,-0.0634958010458065,0.526824019772559,-0.314694126245955,0.322288318943083,-1.12629857834409,-0.00776414649132047,-0.752880219024371,-0.573244709678894,1.90652377737583,1.1985229954873,-1.02691975624244
"gene412",0.462549622022188,0.484853458868413,-0.079906928622055,-0.774979771609575,0.725493480328093,2.1629610202695,0.388374099042828,-0.0348966661094871,-0.267180288572125,1.50668610449272,-0.548046546225092,0.612557256718635,1.02351010812457,-0.817254929707842,0.676743737695408,-0.34905861871284,-0.468313152422897,-1.0786898147871
"gene413",0.182417381843375,1.81727731902031,-0.235749650408177,1.20319664964877,0.110991208097328,0.14442177317369,0.588816180778032,0.548889363054559,0.47174371815249,0.674817257614282,-1.03057845093085,-1.08367004599063,-1.07473652095582,0.0894125747031948,0.634772231088297,0.433214618024196,0.925829377147816,0.473194792237647
"gene414",0.0146841843681116,0.138450372636075,-0.409718902282684,0.294363529959305,0.562393708102429,-0.19668740495743,-0.477580272996619,-0.667713299582493,0.953901693619293,-1.32904678002487,-0.792430566772966,-1.12104111357699,-0.022433307086005,1.04113889384494,-0.0191217503089985,-2.06209417830132,0.326047952706543,-1.16424642638399
"gene415",0.0336055641426631,-0.117377452621047,-0.104146878473535,-0.153523461465436,0.221671658732732,0.547195300552076,-1.42152299518069,-1.36817229545441,-1.12284880665544,-0.4517036310442,-0.952831970668088,-0.255456010932497,0.924016952037428,0.562934479800043,-0.291465806102361,0.853155368751142,1.32183978256547,0.204532631915149
"gene416",0.626647780709666,-0.455709754333931,-0.523224516296508,-0.627949326915095,-0.491508038358408,-0.855848230436454,-0.777398448006321,-0.103990855602624,0.551457677097798,0.531907625299981,0.710051391150983,0.809520627105952,-0.616578152708441,0.367406538622795,-0.660529311838926,0.74727552545431,-1.23066081252909,0.166474174726183
"gene417",1.43211478233416,0.533280626015945,1.18864323536786,0.103163315493399,-0.122117855530249,0.27423299272805,0.180264738686903,0.9372104711606,0.0720452179046978,-0.310491743862092,-2.30819737696689,-1.16781588918678,1.38112049899714,0.996918286918358,0.0121202579875117,-0.874430517005011,1.70355304857676,0.0923624784520237
"gene418",-0.229145691130421,0.762386267131721,0.290785596433102,-1.2460700363078,-0.414396929661801,1.00623313763108,0.00109998871402682,0.197317120522129,-1.11966670599914,-0.132108268358406,0.224627949389646,1.09491193793741,0.267969415203447,0.763040591822378,0.492944795152942,-0.11263884555029,-0.285357752152718,-0.293908368593588
"gene419",-1.09271412112922,-1.56568552560048,0.62797004995051,0.231004934925973,-1.08247684409666,-0.289496230035997,0.216660366525803,1.05511872049664,0.518308949654671,0.639693286356676,-0.594359803850609,-0.815664670752512,1.31976104403462,0.161966793244722,-0.16481943259224,-0.534757564185315,0.522487560684119,-0.474137964269679
"gene420",-0.0309194665082416,-0.235277587750142,0.874318743308838,-0.835678871160815,-0.40357779105556,0.278283390834032,0.26954488761079,0.913229831961249,-0.818421285924989,-0.284722691246157,0.753152640900585,0.231163554732576,-0.0277170623281281,-1.32788423468869,0.867278383414581,-0.235637671903562,-0.820182613175358,0.672119791486975
"gene421",0.266422550231696,0.0150326003389182,0.134162824838992,-0.634374339282633,1.63221745588789,-0.740962854141392,-0.449207288958665,0.337851123149377,0.0991034704026401,1.0519781981546,-0.231600884652597,-0.737763864500768,0.0314398455810246,-0.0637245552909777,0.0889648434887569,-0.286352461034225,0.449232112397655,0.459657031696959
"gene422",-0.319579719896684,0.298294314785383,0.392238483948665,0.390961596592801,-0.405586619792758,0.875571932538755,0.955415210435693,-0.570504294842503,-0.65112953596883,0.227784754365521,0.0831267752395971,-0.827849987437595,-0.125796596523513,-0.0467405381263058,0.128456906165253,-0.780066825393433,-0.128835237157457,-1.40404092629574
"gene423",-0.951154691098561,1.67895753199397,-0.333083389180641,-1.61702802694567,-0.507990165172598,0.675964715756814,0.143748322187191,-0.241810944999907,-0.0602817525136573,-0.284399177297183,-0.266865389247982,-1.67021783488742,-0.168580464350024,0.0413372635975455,0.452498631309763,0.783554750574962,1.49657452098396,-0.756386639531448
"gene424",-1.17224194080044,0.689627127865618,1.59520674224972,0.282911978426718,-0.539825847301756,-0.0998170620047412,-0.198172261673533,-0.699389810204925,-0.438601447662757,0.779164560001888,0.458409696396802,-1.13920748206753,-0.438913563439087,-0.184788023348673,-0.437580703515908,-0.0639466848609137,0.0365574468150047,-1.23563723294524
"gene425",0.150559640964745,1.19650802044497,0.444954242354035,0.0342908473996671,-0.0359131229074782,-0.782176020241975,2.05860878735248,-0.0534578090395272,0.0610053557060652,0.431194603530108,-0.460126580382658,0.468371843931785,-0.212348422473557,-0.424675750000322,1.21823418839087,-0.395900216276127,-0.954755743692522,-1.70336559630272
"gene426",0.19489391679793,-1.57956454184727,0.119548210174681,-0.170491208391941,-0.876064047287782,-0.0554988116091483,-0.73333187829051,1.46997348163489,-0.660174453667867,0.331201706293465,0.186304185572911,1.02654721824873,0.0764976287985772,-0.104611989324263,-0.347547935219285,0.233173800265037,-0.593197970390988,-0.500851559365258
"gene427",0.0804396164476426,0.892994029872345,0.214958887710918,0.87059493286305,0.586405185690778,0.504180500052996,0.56387252137122,0.0870431953882154,0.249268440607389,1.54085577434207,-0.450506985910482,0.229784227544355,-0.614885819327945,-0.888368236528238,0.600389919231904,0.305663469983102,-0.836393804461139,1.09198890080025
"gene428",0.552504304336283,-0.219097969676131,0.864509034349018,0.193558883481645,1.88946842482765,-0.0813736513186069,0.582456598923013,0.679395145095465,0.486291811797732,1.52213183910821,-0.366166241185604,-0.0660491671285274,0.167946760058766,-1.15859450089426,0.0711985641225039,0.195277536415248,-1.25165349521131,-0.548914325301251
"gene429",0.167639023904952,1.18329706270294,0.30391947893391,0.00880798276660872,0.0165107800545244,-0.560274597726252,-0.25047844673771,-0.0525883016477991,0.528100360965835,-0.229067382431812,0.382616845794908,-0.109519816895187,0.121762839696347,-0.263435688442971,-0.967457183317567,0.743299493868671,-0.608523548345084,0.802498706044375
"gene430",0.17904533166533,0.214580384964692,0.476189313105559,0.626509535091491,0.79775346626362,0.104838832733401,-0.22189264305663,-0.46798444874061,1.01285699276879,-0.249099489015909,0.313325905503409,0.121329967174083,0.887710421684644,0.180351982728798,-0.66250892391754,-0.28581842573596,-0.813940959860806,-0.563665248105347
"gene431",0.0884801873257176,0.366592146061241,0.499111761773987,0.835790463278291,-0.739511284885633,-0.169287064479778,0.336425680688497,1.79300103182587,1.06605938101258,1.21081554050183,-0.656707935412812,-0.310647393757388,0.15942233677778,0.772282803356965,0.609785684221919,-0.248023873342835,0.541264769881649,0.846259405741287
"gene432",0.892075893144317,0.193632833293649,-0.943582494833461,0.484983503020427,-0.157438584306846,0.746140000044819,0.375984271696011,-0.475225783933893,0.115081713943625,0.607595597062116,0.154298626782737,0.972510903748348,0.335166458679359,0.894871907276666,-0.0390816999106274,-0.782698512303878,-0.341510663675762,-0.165380738358556
"gene433",-0.682686693613027,1.36674779401056,-0.341624996328956,-0.322880739383911,-0.300575151029023,1.5198791815889,-0.939147266539527,-0.364425076393745,-0.691821074097576,-0.414005570104781,0.925209936872253,0.463475950151937,-0.168746326515773,0.653909205253134,-0.275294761259231,0.39338617249326,-0.268986969504722,-1.21829184002417
"gene434",-1.09918638001169,-1.1348806481653,-0.37503421495205,-0.496045935163087,0.4568460522428,-0.118986207699129,-0.948199189410271,0.13998371388911,0.199845985336977,0.458248057191292,0.385469661711239,-0.0332734410738973,0.39026930243726,-0.112024305892563,0.652746331889968,0.971360320756929,0.0263107799944432,-1.11209685793776
"gene435",-0.208311414086046,-0.887730213574451,0.676942413175037,-0.119487060864722,0.279010067076178,0.631196903931424,0.794822127160081,0.193649107812025,-0.184027404200865,-0.182768626906114,0.702127168355229,-0.309066816051332,-0.00165302961541533,-0.0271021275464514,0.3068401745369,-0.169853881794403,-0.0428695975692311,0.0531649993519476
"gene436",0.0888901127302662,-0.458092176570258,-0.799735805752827,-0.514096942905146,-0.137944392534153,-1.2536097614031,1.65722931452239,0.934378346910768,-0.883018845949237,-0.157287103657251,-0.368623181968844,0.16395297952121,-0.359738130874436,0.117394109736203,-0.696077698180424,-0.202870985041155,-1.02089088019873,0.0799285542524674
"gene437",-0.251730390268375,-0.0259005835931308,0.00681029930485027,0.812730788056456,1.40146180171509,0.553124744198603,-0.519734275771828,0.0817267247892536,0.0720496586301219,-0.554051446842742,0.998748111421327,-1.3270136663533,-0.294763444781072,0.506264116482993,0.434437406535076,0.25655551619764,-0.415052973386072,0.595863373657392
"gene438",-0.273470649293633,0.528412148510377,-0.617523800243017,-0.223119185938978,-1.4119956360949,-0.479109298758641,1.59151280378789,-0.0942409172899893,0.378102901847147,-0.90049421575852,-0.0805611847195854,0.848277148404199,-1.28217708665841,-0.100712133949097,0.53765481909273,-0.462921089177171,0.42373725862502,-1.23052934958886
"gene439",0.18364277499289,1.00438919426988,0.11343933240564,0.872953236071903,-0.540772148959097,0.985856412858717,0.00364142332823368,0.495288594786661,-1.46804649893749,-0.310541417324566,0.165784129686959,0.585716322802897,0.979642944578859,-0.426276933605767,0.341493315832719,0.704559825953611,-1.42477277588536,-1.12271410651157
"gene440",1.07229951043732,-0.206119670526561,-0.380277452943415,0.129888387435334,0.144665483947947,0.445544010700406,1.6095290793708,1.95855516809752,-0.88404707241803,-0.769268580540395,-0.161913089856077,-1.61063637045078,1.0502644043908,0.25962847955365,-0.12356404358905,-1.06596228216901,0.476232166523638,-1.10184142808794
"gene441",1.14305350004983,1.99692604421313,1.36844525970592,0.145867249846104,-0.487383730163317,0.115444970333373,-1.08120034711978,1.31101913783525,-0.114203996872068,0.181618327876114,1.81966335733609,1.40654004758675,0.123849095228324,-0.117132871018972,-1.11824021180852,1.39251614344151,-0.0198290911223602,1.42103691698267
"gene442",0.731641720035333,0.202751909041943,0.0880348474889344,-1.07421036592963,0.26508599719444,0.302333194277375,-0.274872842479853,-0.0176277291644896,0.0155373329056644,-0.466285490786269,-0.316085181430298,0.16923050507445,0.377094855376263,0.307387450426551,-1.00064010541286,0.54559406673073,1.3283821946587,0.905995768849095
"gene443",0.108847345235366,-0.203704690862908,-0.211310633097123,-0.337618887130899,-0.0069801128363453,0.422175132238701,0.695264026502206,0.130881370876496,0.424952442809924,-0.163630302795926,0.0903843346022683,-0.36581579780555,-0.0926618627085272,0.56920375509068,0.939022854954741,-0.619326003579731,-0.170091680240862,-1.33878426479697
"gene444",0.0734239579723378,0.92999516065673,0.556880238684748,0.688444011725361,-0.410323227707839,-1.49096539909361,0.2241761908125,0.936039331289093,-0.752765767157579,-0.315979871398281,-0.437738950712009,-0.0362076490001727,-0.686909021438451,0.170345714445899,-0.141888922900489,-0.109944224412311,-0.66659466927793,0.950948462828541
"gene445",-1.09121238120942,1.21778403413401,0.360876270853057,0.0860248992261363,0.897940789765527,-0.451820350719449,-0.783181649903529,-0.497811534559768,-1.17986267118419,-0.381211795145869,-0.725783026249203,-0.171598709009458,-0.793319489112659,-0.825026313767257,0.50508310126607,-0.422589935608189,-0.351260398678849,-0.332182200362911
"gene446",-1.34167928361846,0.646080991767298,-1.32604995681071,-0.418748772851328,0.333202647159964,0.677676866377513,1.64614245802841,-1.45342257547579,0.504009889754104,0.132473758293841,-1.56735269815387,1.29873008107453,-1.22089868033591,-0.210065567688321,0.245894951311089,-0.424764851387114,0.626692022694484,-0.979523598769183
"gene447",-0.600855303552675,0.781023997514941,-0.281113297552715,0.189533954661079,-0.511605268224244,-1.32799376138155,0.335040498399336,0.831105288196277,-0.76216123773044,-0.411512465901354,-0.352536619292205,-0.459804223731273,-0.258143366912131,-0.573004050367062,0.853171033497356,0.27371287899,-0.118068338229496,0.383298683727335
"gene448",-1.85322885104531,-0.69577852268961,-0.201770188383091,-0.602545194268695,-0.627883163742241,0.328396995537336,-0.454657426710472,-0.706004272654062,-0.085354974459443,-0.814696989812869,-0.757735891182452,0.441322264430746,-0.672352143330981,-0.689430295615912,-0.550643729268603,-1.26636509992471,1.04664666052304,0.504731889992205
"gene449",0.534127847319583,-0.731322777459902,-1.55738365348866,1.26617555475688,-0.115748051365021,-0.329202059606936,0.178285289934732,0.264675266205644,-0.566736129098755,-0.721170404499485,-0.247419330062898,0.271357032023049,0.00214230847878027,-0.604536705884597,-0.670729181800838,0.578430394446184,0.0796215697434921,0.474566325402533
"gene450",0.452893377302719,-1.48973378586273,-0.687402965625813,-0.680452783612603,-1.61930287376986,0.0472076101154863,-0.652410331209788,0.150306480738201,-0.0465244735330555,0.0180792203997922,0.747821400832378,-1.49051881557078,0.102101062460949,-0.211165023674658,0.69030286261528,-0.402509779690757,-0.703907181180844,-0.367063751617503
"gene451",0.330864600819954,0.610920939102469,-0.129512978972483,1.63229283993543,-0.504031249798115,0.0948287333141022,0.164979590793353,0.0661410147928376,-0.468013283308258,-1.09200279310091,2.35074048217085,-0.512679486033519,0.871126926211529,0.157804868257657,0.797625509190386,1.22201929409202,-0.879154661829421,0.0964730685973065
"gene452",0.0203653796710163,0.311020432456028,-0.688871202157343,-1.37907999146032,-0.825299034899694,-0.985474894838978,0.544548897167464,-0.0517337055661491,0.507336920799142,1.55695854409216,0.417010364868132,0.35622353218955,0.18435472843009,-0.430525753469411,-0.994192709204535,-0.391620135758862,-0.136383619887363,-0.42326859993203
"gene453",-0.641525607700725,0.319875121139855,0.802896542875589,-0.939064776502496,-1.04725131077984,-0.531972075773343,-0.0219490939317337,-0.883991427077829,0.0157837269882166,0.491088915200672,-0.333113023826453,-0.309461849534757,0.795245643758534,-0.626655433116005,-0.47316783449161,0.355039068679355,-0.868060661614788,-0.806606965964841
"gene454",-0.0326217318093139,-0.71454311594563,-0.190396297290632,0.226768450648326,1.49987064673716,1.32487574520799,-1.13193396376263,-0.0829293114252472,-0.63553784368273,0.895246405088417,-0.0541091628194817,1.14980490727164,1.55565328738194,1.32704916870605,0.921209435997952,0.0133495372183923,0.321552064637546,1.1876443184218
"gene455",1.40729569846928,0.0519130124949729,0.323048168135646,-0.582897797317742,-0.517493521089129,-0.11139668569995,1.4502986124092,0.655733168206124,0.745332418755413,0.07004196571056,-1.46142526854076,-0.371589180168987,1.81142210311898,1.15250681528267,0.854575896951229,1.51806327609654,0.31981271482074,-0.862467980507213
"gene456",0.0339982953479126,-0.0438125762066,0.842429773340529,0.430904647951418,-0.983765590433638,-0.868389112507916,0.584313874025153,-0.376583551318367,0.209979225035861,0.114847384306211,-0.611472029777475,1.03988933838455,-0.45821621007001,-1.70476396702838,-0.58961931460761,-1.16167218117852,0.102976031826967,0.130610741014423
"gene457",-0.324109635622424,1.44271090401392,0.137480696982579,0.288116552306266,0.855176172001885,1.38747546483298,-1.84200126029831,-0.212617356947719,0.336502709793724,0.413718453623399,0.575370354121025,0.209618446361579,0.373890095167138,-0.267021489069196,0.754978779614803,0.63111581534179,0.67070393908524,1.17766914079979
"gene458",0.0442729443840467,-0.260869884318279,0.81744658396885,0.0744633956373091,-0.264149715593308,-1.16860637342033,0.128726410683047,0.164207371113187,-0.128753759612644,0.378363103971288,-0.235791363837201,0.717947082053517,-0.247706999059588,-1.8287470208306,-0.242946195424056,-0.578068345301699,1.3152426664371,-0.590166428745276
"gene459",-0.809808370753631,-1.48594353436338,0.646115474507278,-0.386727153134462,0.998357394465578,0.811731200204845,-0.774885069495463,-1.83982175199829,0.343156155748278,2.01526055689382,-0.785207508128857,-0.484411454182739,1.38783001733348,-0.106397394815331,0.367308595939238,0.0866198179578201,0.245011285026068,1.01831324870471
"gene460",-0.895795871306514,0.266772724023724,-0.307088919720017,0.59231658342127,2.32035132441419,0.253201738034667,-0.000274935263102449,-0.423387646036438,-0.769474134456162,0.767818139758264,0.325481853619157,-1.10322072020638,-0.779222862912925,0.214751294495142,-0.469559894390883,0.897900363295303,0.0173050281706525,0.478266276969717
"gene461",-0.322536282497933,0.410031789175204,-0.697180378482868,0.430565892348218,0.260803242403194,-1.69056835827815,-0.531029499621989,-0.0223807719739971,-1.01860372767943,0.594897175796403,0.718852272045526,1.06045150473871,0.0610544670226747,0.701934130638436,-0.495332768680251,-1.31063281294417,-0.895033059892421,0.607264225392678
"gene462",0.0304062549013414,0.798608679660363,-0.0655557060390795,0.565124154039313,0.448012821318063,-0.22724142628787,1.26324355579733,0.95895999297486,-0.34755593842846,0.920168301652566,0.0544371741067019,-0.50650754311107,0.62326005387006,-0.898782824657715,0.057700205672451,0.261142483236964,1.054047367385,1.59255371236246
"gene463",-0.203840217535432,-0.298425148341134,0.0164104809037477,0.50490455123889,-0.46484681790761,1.3809426833782,-1.0310812336062,-0.208394096244775,0.97758110170057,-0.62929757679264,0.0242598337856222,-0.186987604329988,-0.558382144049394,0.453841518434013,-1.43266576275551,-0.840225936813601,-0.643296236291381,1.05048312815703
"gene464",-0.553557793407859,0.0816807972228491,-0.270305728743436,1.01438733670198,-0.85037579340249,1.18554554976452,-0.279649943969586,0.646512976291608,0.812002851657606,0.539587929293542,-0.70938934726997,0.376593153629854,-0.640044838239682,0.678687319623755,0.701547480492719,-0.215392223935365,-0.216076948277706,-1.52251252100121
"gene465",0.241821731132475,-0.519828475442759,0.721307411809091,0.869511308992,-1.22799578141499,-0.439435160935874,-0.387469725431843,0.114689853022421,0.667525429291969,-1.58192418001699,-1.41969224719558,-0.230861512701051,-0.453344573589646,0.277506413037734,0.510862645367197,-0.0286977599697068,-0.150853423510908,1.06713903293577
"gene466",-0.660002065163429,-0.423240594749495,0.873967522639909,-0.984587512032306,-0.178643191009802,-0.677211980855153,-0.946777572715582,-0.925846490723516,-0.435410572870273,0.391591351662625,-1.24557302590287,0.456171654715378,0.161451605909709,0.0414955497899131,0.730545973920105,0.327648648937514,0.470449467893723,-0.150263273455159
"gene467",-0.900253954282713,0.185672782864759,0.0458068276022408,0.550486540620279,0.719544532121399,0.554368044049592,-0.0411733200019564,-1.51177448831089,-1.33764765901516,0.214247540475672,-0.141194827809408,0.655802954936097,-0.637422060611054,-0.392661541997453,-0.869250740830191,0.296300660084589,0.167005088588707,0.605698365677769
"gene468",0.722550360851618,-1.56750060487233,-0.442173926031354,1.0102102028864,-0.391662294828073,0.480396880491771,1.94491876979708,2.43040727385814,-0.112693453997305,0.191071909159664,0.447700956562086,-0.122483095612519,0.138252391044612,-0.682082973696324,0.195268955247121,-2.20904915203498,-1.1872520430312,-1.30942124913929
"gene469",0.0484095580918184,-0.160123039105503,-0.0418581533384123,2.23664932361862,0.293744515738129,0.068847771749899,-0.202737368156145,-0.576733533564308,-0.6872599306609,1.2216709580511,0.85390538009625,0.247738939741463,-0.340782123101551,0.283897946001377,0.0178426026955499,-0.747005595303317,0.481110053038956,-0.222212410152603
"gene470",-1.45275907418143,-0.780610489427206,-0.718130788313692,-0.781157538179449,-0.104030304282797,0.844803220030864,-0.018641190155481,-0.0761181306355768,0.589941992568585,0.868281815271044,2.01839719464356,-0.0856901318511203,0.4531655898208,0.151916436436928,0.658303092865359,1.36720595296036,0.462966609468202,-0.82733140503608
"gene471",0.523232643238734,0.442184480530234,1.65406697101116,-0.821954633751037,-0.0556982152675501,-0.26264761193884,0.578075275161452,-0.90371261342844,1.00536845169551,-0.198800942278676,0.594894371671545,0.267948663060894,-0.97152933587192,0.263886313632164,-0.962593940667739,-0.905789254322346,-0.508453275619418,0.211329554949026
"gene472",0.195229500311476,0.943900319759134,-0.35568267293991,0.682516415519118,-0.31086911013504,0.0252295027677482,0.735986510933487,0.136111233996608,1.56471392233184,-0.167453819612138,0.0300431464775523,0.874779619945586,-0.695097521446605,-0.144746872232769,-0.298207720432211,0.297337150746511,0.289978779435072,-0.597738777694353
"gene473",0.350146384523354,0.716139483548743,0.19483883679761,-0.701473020207763,0.380860306530256,-1.26952166957998,1.13598424590352,0.782429093346711,1.1133224438333,-0.315727596893679,-0.384605680612133,0.682348511601731,0.14855990446608,0.0897718380988609,0.269469036633982,0.785082752706294,0.642038387120948,0.298457329211105
"gene474",-0.109105562040812,0.221277918659659,-0.511467575514745,0.40811133283728,0.420263474202033,0.925153589863245,0.379778636444191,1.72048996081556,0.066447037056179,0.580285535365741,-0.00896134144506409,0.37621568539027,-0.800026313182089,0.212369741833252,0.0324015097227004,-0.805538971107743,0.013150488835119,-0.567176368044899
"gene475",0.296625316635115,-0.972672533459256,0.538799096028451,-0.126914104961968,-0.297807794206484,-0.2791243188032,-0.0419875335640797,-1.03548894737977,-0.260641120906181,-1.47125420518947,0.551787445238978,0.429333683661743,0.708839492184446,1.7097999435234,-0.718843243232668,1.4782679225698,-0.725942439601696,0.0337617373191493
"gene476",0.361599036659999,-0.0133379336103155,0.109448399670273,-0.720490202650734,-0.00357981803068108,0.490328515257871,0.275632593189334,-0.862424867595203,0.695774885664568,0.309472684178194,-0.581043616573854,-0.252875774809564,1.21618215624517,-0.38628632137857,0.09892084172845,-0.360399661044269,-0.443379651733424,-0.211795780390303
"gene477",-1.06180867219713,0.194397935860228,0.0892216054129393,-0.475699660175642,-0.848587565154297,-0.977381341011371,0.0781555994941158,-1.32639716752519,0.478903633181139,0.415693974112715,-0.187841136776501,-1.2205216939263,0.685124794681723,1.62290248500617,-0.474101210279727,0.0394898348776683,-1.12412475335787,0.475769018707783
"gene478",-0.375927620315869,-1.00197510036662,0.102365571364093,-0.258117779072697,-0.0984295303735705,-0.946849923485734,-0.130362322712458,-0.111805163667566,-0.207279420682729,1.65356491042465,0.768018818329679,0.690312757062601,0.10157709197697,-0.906653924041242,-0.797719860117966,0.452890353275391,-0.238609816783576,-0.691262522833998
"gene479",1.11783660102457,0.0412792158991614,0.654139143055963,0.0259953599755651,-0.610142529990465,-0.182924075906887,0.200618805854741,-0.418707389709839,0.290471923191434,-0.146218099550596,-0.176804715417937,-0.662132504783475,-0.575373443800571,0.000472335873168792,-0.269313321990924,0.813712076164493,0.10632439060183,1.53539443438757
"gene480",0.714944219396492,-0.560052563269882,0.660344041114175,-0.335534384638926,0.478644638540082,-0.35697924500134,1.05367949062677,-0.997397157881238,0.246533986363386,-1.26722204990543,-1.11380642600554,0.0284620887952347,0.185720386825924,-0.494026465560556,-1.00087824370955,0.61593063287849,-2.76492032747201,-0.364427287176285
"gene481",0.348167024521339,0.0590693372187723,-0.133485648567303,-0.113153115408062,1.122419024928,-0.490401652517469,-1.28917458804894,0.330378541508901,-0.0390987060466742,-0.259775800748744,0.333448220492714,-0.240141539745496,-1.52744152508284,0.239781402278033,0.884950907637732,-0.687626604912208,0.733678294938764,-0.305507110932234
"gene482",-0.331082852173866,-0.484753775980855,-0.0847285725329946,-0.193765504551454,0.846953554813761,0.0200557520121176,-0.996293033146778,0.21352806069582,-0.324617705034021,-0.396939529126184,-0.690655687457266,0.12829069465354,0.271066942371306,0.00315604533243308,-0.549181888765357,-0.265516393975868,-1.1378052687913,-0.846859502505925
"gene483",0.713490093929944,0.0882483065160288,-0.676432651164743,-0.45433671444623,0.254140629425059,0.0763031710046131,0.151447648549818,0.280606428427901,-0.378282805880405,0.135887318851874,-0.112613169893898,0.746762969315688,-0.471461957290403,-0.83652766143899,0.453930107263073,-0.17127565856582,0.23305578072157,-1.06269720346473
"gene484",-0.699126718637092,-0.787113241039408,-0.653540280567241,1.11036358582374,0.274087914614038,-0.0914701799887581,0.337899358874947,0.471202846721236,0.496867962943466,0.0350875466942674,0.0151209684353877,0.959053621857821,-0.256105990822957,-0.155708564279652,0.387889680596876,-0.332703734182945,-0.244252836983518,-0.625138909546037
"gene485",-0.745924453554649,0.534857464003641,0.237903165051183,0.231003318370757,0.106865191413812,0.495296403265571,0.492287982139197,-0.112845478879969,-0.807014941422348,0.574670625264347,0.419874492013545,-0.0839899457739531,0.293541263812046,-0.914329815073812,0.833931128569874,-0.106446641290139,-0.349583143912973,-0.380428478289997
"gene486",0.459222110566069,0.0993522354623506,0.295987620283455,-0.464520117422745,1.37965859227803,-0.825724827103115,-0.705484387943845,0.087720868014454,0.844452577749966,1.01273313575229,0.715871618556564,0.703525023819347,1.38263250110555,0.225855416730975,-0.180497391602671,1.09107035305369,0.846248738532979,0.364812334075293
"gene487",0.706176240833312,-0.0589148588014106,0.32072561704467,-1.09189527402303,-0.80877191801942,0.323218237907236,0.107412216383687,-0.288015408806428,-0.0640819935726857,0.0186659245632539,-0.598282192558229,-1.02739068622257,-0.733753095929425,-0.884055896138207,0.0542827613846911,-0.0424239843875907,0.226497033174443,1.05064674209562
"gene488",-0.464395332133815,-0.237600314631331,0.750575569547132,0.284472076077471,-0.351695921250421,0.338167558575501,-0.154812005973418,-0.946475885118386,0.422005458504354,-1.70861201592086,0.482754924461097,0.0201708586685573,0.736098442029071,0.301632534662358,0.427770430006135,-0.653927075961542,0.0589639308630681,0.248481484075607
"gene489",-0.599352831750084,-0.352492537855061,0.829488564378244,-0.466890619277263,-0.644881731462329,0.246807591280211,-0.853824824048732,0.15594713913142,0.145598264043007,-0.481874271998357,-1.12617358743407,0.971692080528767,-0.530500487733082,-0.739567902740592,0.0800390237904195,1.28666893855353,-0.555899948109302,1.32928646141463
"gene490",1.13468568356938,-1.19402436234613,0.045466239906374,0.106626792274672,0.306454371000362,-0.111378274734265,0.593309284930765,-0.145641908547798,0.666305411684539,0.973312229173178,0.689047240247574,-0.318453646247428,0.626945840010176,1.46892859305119,0.434177484357418,-0.263148490123468,-0.00553984184710147,-1.53701398899142
"gene491",-0.796433978073992,0.61594151653563,1.10762962457616,-0.0864645799090036,0.429996826300599,0.137564066252018,0.156987357666431,0.23568379537837,-1.28203289489581,-0.428760952314383,-0.626927100703091,-0.782892030067733,0.452128154550142,0.369498386804213,-0.105016237459617,1.16758915890226,0.231852923286543,0.0218119492286557
"gene492",1.5703796685725,-0.448833251269915,-0.0383057763443286,-0.844542382419526,-1.52249986815696,-0.123707444212313,-0.290141204533128,-0.477070266038649,-0.750776271933028,0.356057024667933,0.000708425902759658,0.479429970298596,0.673554601612566,1.56657197272489,0.321984416051183,-1.06953855447793,1.35966301373827,-0.456180300102836
"gene493",0.376490605658069,-0.000142890287234868,0.729027953261998,-2.07784113837603,1.75570810676418,1.16296446987807,0.103658980242761,1.52679441384501,-0.115481471528039,0.247323299656851,-0.331231196786246,-0.303733999277887,0.483040093839281,0.382742327144882,0.223744564571918,-0.285144699304288,0.0024966986181851,0.245880501938186
"gene494",1.1193975568391,0.846947517730271,-0.693242155195878,0.627612538096265,-0.14454559385835,0.540775163416465,1.37598988124742,-0.404498536157423,0.837862290893653,-0.0427752813314176,0.742310876174186,-1.33253155703826,0.240706560508178,-0.981538460219973,0.112668774546451,-0.62923170036088,-0.154577722649526,-0.874141456340577
"gene495",1.22100185450338,0.411170911408098,-1.26532376339834,-0.508426930241854,-1.02443841528281,0.148903726149481,0.422018141736501,-1.25186499248949,-0.166398518796907,0.617314699758246,-0.417688508036162,-0.650349037707932,-0.937221506597922,-1.07342214021855,0.641348831639998,-0.22155075617337,-1.22590570738765,-0.138217772030301
"gene496",-0.880251264796373,1.03664905276139,0.327201276261452,-0.825013522698272,-0.107533583623843,0.923210551704284,-0.744414677530079,-0.154521995823794,1.57962718306547,0.732273791808819,-0.0642220944159129,-0.071986589834112,-1.97458921920388,0.668065839968745,-0.752267131577039,0.145661988728766,-0.0730578103864451,0.0895632583558147
"gene497",1.20082596968235,-0.535918576095156,0.617285841114839,-1.04101027220777,-0.666063313397859,-0.950359924138021,0.785849954755316,0.249842731325508,0.281160252840958,-0.51864468114358,0.240779196588868,-0.430673957993282,0.320618861064481,-0.553252362550024,0.161375756982081,-0.150455742813254,-1.4596664284249,0.82213924201823
"gene498",0.387480652452792,-0.251516080675778,-0.9205584464855,0.157180059805646,0.227414588485058,-0.516069486279562,0.445115942037041,0.183394757892568,-0.720242777572001,-0.740407464570872,-0.810997423916865,-1.2801562432551,-1.04400996901705,-1.58804512756314,0.517903524736217,-0.102435596272026,0.771579802208783,0.490492047690811
"gene499",0.384845168134955,-0.239962968222889,-0.344269788254935,1.41218598133313,1.00621646106512,0.112874173482058,-1.30196190722268,1.0844246563282,1.40251805624374,0.778068159069555,0.153403681451648,0.452869141936319,2.90152480097075,0.298397373099665,-1.73318773820359,-1.21525785839482,1.24220128839991,-2.33460738934525
"gene500",-1.06820033595476,-1.25643072445489,-0.475796900284098,-0.492421111927749,0.114276483112877,0.0162590134875441,0.144573913961848,1.48071200913077,0.60423403758415,1.17718540304093,-0.307875768634977,-0.841886722611386,0.0243924916740691,0.399391742240678,0.932635295570043,-1.36001493843495,0.994162604869258,0.296679269890917
"gene501",-0.184724946095925,0.397406467895045,-0.341359267875046,0.268999085566555,-2.54720505677307,-0.143351986154477,-1.44968038820614,-0.41482095508622,-0.897068087066756,-1.20127155860769,0.709713416197733,1.79938552535914,-0.358869355217771,0.569372393161598,-0.267091221693515,-0.910248684915081,-1.25890998711454,0.227549118734382
"gene502",-0.204728049393786,0.125529620905103,-1.24252275420136,-0.661163078900159,0.194397632423161,1.76467245660848,-0.575492607322754,-0.0123680361089887,1.51902422545341,0.0917662787414588,0.166302202935447,0.524027512521865,-0.654203108785461,1.78102084525636,0.530480079792098,-0.0198923200430987,-0.519754089901068,-0.0896752022156383
"gene503",-0.823820453325985,0.0768322232045733,-0.696973575294188,0.146381830202575,0.784284576327228,-1.15858824447278,0.117521400258845,0.0399725022880805,0.640428659848862,-1.47858890530927,1.36573364851904,-0.182969897104536,-0.991960272009562,0.278955338080911,-0.0864625063036115,-0.118580296298597,0.692876290720892,-0.260448842322324
"gene504",-0.827551289512168,0.688880231996202,0.494817667037978,0.586877721414999,-1.45789585281434,1.26265769515293,-0.267271465834266,-0.238839811303937,-0.530089345182813,-1.9246935466966,-0.421715746775539,-0.259566857651324,-0.229742752156443,0.50031387710622,-0.0405573367148897,0.752699960771932,-1.34009819228238,-0.379516294306741
"gene505",0.511544023703579,0.125855090512838,2.28018213441134,-0.0739527955635312,-0.627410582564811,-0.529522176398405,0.628367741376594,-0.323614565005747,-0.031467390583213,-0.149732685931725,1.5312606676636,-0.481584919361327,-0.127400237967834,-0.4134421638781,-0.70916907927985,0.204531866168619,-0.121600020591192,-0.0477203213294771
"gene506",-0.821489943339072,0.0482382497471277,1.17938059924997,-0.566025443994965,0.435170056715127,-0.0360419757345425,-0.856486515032594,0.330062964208569,-0.121427398426576,-1.82445710241009,0.810197199982381,-0.183350247108375,-0.22340716822766,0.0405818468086377,1.12761275894418,1.3507094460041,0.00787354431159527,-1.35832417951884
"gene507",1.15587106684638,0.369118182768871,-0.563732868398184,0.0268345871891583,-0.396891167089887,-0.480124058393841,-0.87184950322607,0.0346050329596556,0.112579037141739,-0.436449418758747,-0.128977312776462,1.09925793233598,1.99833417472709,0.505509628709863,0.455036019652109,0.971314827439024,0.655762240293977,2.60021044732982
"gene508",0.668599139844061,0.121054827378614,1.64196809957596,-0.0335751499588418,-0.309248855475154,0.393023879106714,0.177875339522652,-0.877198579240518,-0.34323312377013,1.01520103949651,-1.39553055264928,0.381655939799462,-0.052280976843477,0.857433122840585,1.11590098990805,0.706032402278068,-0.888492241762805,-0.744890188841683
"gene509",0.565853238487658,-0.269153997973405,-0.903565220721889,-0.581636172789606,0.219621001581795,-0.27670973934281,-0.0820948901562561,-0.904607429709469,-0.785200183141253,-0.344409312617191,0.379413321661492,1.68017059221903,-0.401865933331216,0.986783515339747,1.06695103600662,0.849530153303243,-0.317609078089144,1.94597557209102
"gene510",0.835209383859446,-0.249337739635664,-0.135767597687508,0.772429105672541,0.551574947194494,-1.16464035811239,-0.0382966608754771,-0.0813257882000025,-0.0214949676988102,-0.958536585018404,0.0492614889323568,0.078516624208984,0.0607426079906671,-1.08203682316617,0.410411374289571,0.223386833239027,-0.957637007565079,-0.203513514309745
"gene511",-0.0454237412066184,0.713388555672223,0.726661348756541,0.0870344371196892,0.251288321840229,-0.592570027739239,0.659694216421349,-0.560262309987682,-0.371813111587539,0.341001508241069,-0.354185667324044,-1.03549899068509,-0.500709377846357,1.08232401470592,0.202655540053314,-0.896133704122329,-0.00548623296686026,0.41798444428965
"gene512",-0.0863258036129478,-1.7365106326526,-0.398463132009771,1.56394928033977,1.16113377224841,1.34107750651845,0.198160788742695,-1.36821652943194,0.309506084131814,-0.145420111964786,0.751150503532883,1.06833973560445,-0.348911710452955,1.56564665327863,0.256494205772923,-1.30978630998744,-0.530334643761964,-1.35804835474488
"gene513",0.791810608242843,-0.522141821262571,-0.202486249416976,-1.12139371932222,-0.614585859217432,0.068840503886732,-1.11820475810602,0.206131147727615,-0.513566579451948,-0.234445726943624,-2.02276641950568,-1.22397120934484,-0.000764169899222185,1.19455819486805,-0.368546664269097,0.729652394942557,-0.540342411615041,-0.0256643292439268
"gene514",0.696703045476718,0.68383932819957,-0.0444599152562451,0.0439695574902839,-0.119102357993169,0.365815328949448,-0.511420053709483,0.327945069827926,0.654406333091887,0.483931902145187,-0.0711211837451065,0.590324998176093,0.489895210860965,-0.01686428348636,-0.233380493065695,-1.03295850448674,0.434834855672032,-0.900550156988172
"gene515",1.02610487409861,-0.383752515685552,0.779058369963069,-0.322381308336567,-0.553859387006479,0.582539973426228,-0.639526832977052,-1.37049361465636,-0.24864473506013,-0.29863947794085,0.0524746708967735,-1.06678930258841,1.12273538604689,0.394060160248908,0.779510323237837,0.22537618294824,-0.7232390311012,-0.608114674936472
"gene516",0.368913273283553,-0.525871992503544,0.884234681101606,0.0713165521466467,0.347976940124886,0.124847731357633,0.471825747364556,0.503345724982248,0.40808848932003,-0.0432809668762465,-0.768658520191225,-0.167110756937049,0.793641128904548,0.663500866145836,-0.127813344408814,-0.63436467655021,-0.944840564607409,0.655622385180961
"gene517",-0.98602282513293,0.212878892669628,0.363577913404854,0.51070700812482,0.0506882522735453,-0.305806318998762,-1.08325600009522,-1.14128452676337,-0.931637985173076,1.16667631762001,-1.00131436632401,1.7944440765606,-0.935411790502015,0.279990870197551,0.674771398406712,-0.630860633436233,-1.54927778886549,-0.802315103535028
"gene518",0.562101681323605,0.515950249592269,0.541848522297991,-0.0622767756077842,0.894942390467069,0.540918866347317,0.267395992991743,0.218947097924784,0.181033801184017,1.17337430514265,-0.130227951131356,0.103651643899875,0.0737921975023331,0.0309226869714379,0.258817653262924,0.375049033977763,-0.536977055874809,0.357275556042643
"gene519",0.482396427110634,0.860654653256405,0.587624843080674,-0.149166052815833,0.538150090483595,1.76645078049021,-0.0549213930872422,-0.166400463917113,0.498768602459088,0.106972293547489,-0.014930009610373,-0.381882103894259,-0.912645131875027,-1.14316528991054,-0.544433998441277,0.203034363009647,0.664744833032531,0.422322018604567
"gene520",0.729677126245158,0.049641407852962,0.237159844970533,-0.212079070278347,-1.25687558283896,1.06309646710717,-1.26576515134193,-0.224829606813416,0.18933742791342,1.03532977296258,1.87915382892072,-0.0303921442781111,0.503471632871148,0.258590579416931,0.738157466011991,0.0996331494564052,-0.530829345601984,0.611876160060789
"gene521",-0.248085964403305,-0.689390292903985,-0.573334915761982,0.447836376321255,-1.26713923095531,0.868261782983007,0.55666658149639,-1.2845289713256,0.177024560975284,1.0405855958497,0.626839521243089,0.307035527292044,-0.145908723361323,-0.42458378536299,0.143941200987128,-0.14788398713131,-0.36063861225644,0.488011684291797
"gene522",0.30721543898215,-0.780190393230929,-0.0418908487501592,-0.672106190020427,0.475248444426432,0.462170379064494,0.168754140984572,0.921464096631456,0.804414107422467,0.200175564732268,-1.9123820060827,1.34360828869637,1.03229735952104,1.35443762424995,-0.542572502412275,0.105957764304607,-0.662963662627327,-0.388098303464382
"gene523",0.96702129194175,-0.0644318142184163,0.00215073119742355,0.16450864321221,-1.44701875122853,-0.255368535956867,0.689362150147607,0.633308901968403,0.103309157906365,1.10935865279468,0.286182854003853,0.920660996290153,0.0814651326219651,0.256078454793431,0.912088394156548,0.439997639359109,-0.0989974441701421,-1.01953874613518
"gene524",0.404777212063777,-0.420754956694011,-0.232673725599581,-1.26371336484312,0.791961430197026,0.780095913786268,-0.845647414294834,0.318909239107593,-2.35093126322121,0.69996686655292,-0.226845133265792,-0.304807652369107,-0.0309101572227214,-0.983416355432057,0.482128867427881,-0.316924861692673,1.08678578099778,-0.518144416375629
"gene525",0.396930796097909,0.73694999070519,0.368187455344066,-1.86289581638621,-0.860601158719568,0.347812536762662,0.295988307941106,-0.413566991835268,0.270945540252753,-1.31434340668654,-0.675061552422429,0.000746799677112506,-0.533217109892032,0.72716879796017,-0.0821646807281535,-0.0972716670443124,-0.729483084529226,0.724834382136408
"gene526",1.67829935469807,-0.498489980425898,-0.238597628632534,-0.482530245504971,-1.11635029915448,-1.69978213819753,0.093572653094319,0.318700415760812,-0.333981668733039,-0.765745506681724,0.0204942406721212,1.81920298468389,-0.333582381617708,0.77191861398696,-0.0525696626246849,0.305042886620567,-1.17723230289692,0.510226633784352
"gene527",-0.209349521139989,-0.00278010681991858,0.696993935128766,0.490234135882388,-1.22243435440531,-1.06370871877641,1.18411745267711,1.13517718796099,-0.814414857093587,-0.202646631227179,0.0872655560501852,-0.910007120413539,-0.37914725372676,-0.0454564736688133,-0.0883206153959789,0.56505127326434,1.28545967156795,0.477165818131991
"gene528",0.0325150198648334,0.316340008166363,-0.517359535781103,-2.04481191854288,1.28513299346272,-1.85310899925087,-0.557830452481409,-1.6649937598282,-0.701999595732778,0.0250975909454403,-1.43406317869806,-0.264165717997498,0.199793506210134,-0.489738775127039,0.0962445248662048,-0.359464710429479,1.23661511354864,-0.0383582612871106
"gene529",0.248055030437787,0.703124191611491,-1.00771265936053,-0.0697563824648646,0.028169246390389,-0.202200867071884,-0.510056607885571,-0.368034373534469,-0.0911357276180817,-0.927561593166469,-0.864158221758838,0.0312785189904673,-0.180098268197458,0.487798253341104,-0.096162064687731,0.712732130372577,-0.46460315842361,-1.19051621917229
"gene530",-0.169694702948392,0.498740119930016,0.96047626372355,-0.468037545080284,-0.347787697383634,0.447291877883444,0.578830667316097,-0.0559044161698248,0.293852327393108,-0.0835316097530479,0.713686420902964,0.457594190342658,-1.59765694324535,1.19261316715839,-0.39508927200186,0.82239895033138,-0.386088454144688,-0.620369891294007
"gene531",-0.601109689592115,-0.573338051392005,0.113183669127,0.519326846093235,-0.410242994899602,0.727354152839908,-1.16123992765829,-0.674587360054822,-0.90545861581567,-0.74409775463886,0.044587503178004,0.866675050520143,0.164015696694431,-0.0173012764688888,-0.365496893120031,0.364528178905498,-0.317925511810374,-0.48748102495687
"gene532",1.8144097516,0.710457431480196,0.432747393260381,0.871447220151016,0.881773835059244,0.193347837954076,-0.453923856922828,-0.183854024004608,0.043582068791554,0.22108015159311,-0.372805203841825,0.250001403276758,0.93367734642271,0.215381762333433,1.33235430438557,0.398981171264849,0.247937517604032,0.495691183768287
"gene533",0.491859795582909,0.658237460193748,0.695860019165124,0.402360875095926,-0.974805468021965,-0.606464865018009,0.183520041331427,0.842170070347328,0.759664142169849,0.176316503345962,-0.109228102773778,0.712577236237552,-1.3325457248729,0.0304041635668046,0.580618152663708,-0.704276209267177,-0.318529276792646,0.178383300160645
"gene534",-1.03552231024448,0.217552219170312,2.22252982682082,0.883859306896579,-0.99314741357219,-0.240238434358567,-0.12106489950346,-1.00688596180155,0.523738628912265,-0.531064654821564,-0.816654592950793,-0.0951263506335526,1.12893453804029,-0.768551883521208,0.501981559922867,0.226014138131657,0.795996465730447,0.809541600557
"gene535",0.300573986459788,0.597475322575778,-0.521192197312059,0.0529222984776688,1.24305649894488,-0.0332323427859446,-1.0213041767345,0.211193102038279,1.64382382737261,0.962948154376557,0.567805086874806,1.0318446034346,0.108473732754072,0.869013179801748,-0.168776246416133,-0.124224681342902,-1.39304302187665,0.634967305776574
"gene536",0.426312501281678,0.40062230549468,-0.345440524396997,1.43254981991874,0.718181837985073,-1.17485621132265,-0.302885762098402,-0.191418910102736,-0.12440079722533,0.495302465155514,-0.0413175535160086,0.75283668536157,-0.414333799100792,-0.326146272059589,-0.0662869048809372,0.620372539174736,0.412929908247566,1.39709510305066
"gene537",-0.823806276442613,-0.231117909070038,-0.18663958786778,-0.22963552584228,0.392568062504528,-0.0265372138464004,2.05075421490903,-1.31884818961876,0.0120553122602345,1.84693930500449,-1.0003984018101,0.579762698865038,-0.778579173933374,0.385749457686304,-0.499088293809176,0.2108808586585,0.0402349256480128,-0.343848957664504
"gene538",-0.119332813224489,-0.336425455834255,-1.1737313245722,-0.603941834644101,-0.481802339358753,-0.283974070338501,-0.518679381338768,-0.43223838094733,-0.286714281139111,-1.15107414783549,-0.0356485815574613,-0.80815030845826,-0.969746338212817,-0.148087231256101,0.155158120346239,0.259282555824065,-0.202495386492691,-0.551153688788762
"gene539",0.954472421267105,-0.446122112533583,0.354462965169082,1.21006379911594,-0.625134501051651,-0.274473711134105,1.26970935674675,1.0544098696567,-0.373072412562656,0.761771329086707,0.052673937574908,-0.667939622724624,-0.835113771869141,0.296316665062924,-0.25592260547478,-0.975365489806585,0.0695322233063989,-0.513946620179087
"gene540",0.481980157997212,1.11312803647999,-0.136882696781061,0.629454521249478,0.983487604339593,1.92889449156219,-0.432559237107481,-0.539338079576107,-0.330194019900465,0.402820147350888,0.668678916249084,-0.313783286917132,-0.851658157920603,-0.162588657225796,0.944837510183133,-0.614996264512975,-0.487362754470196,-1.39123293166627
"gene541",1.27840170497444,0.0860681007436921,0.609857489236703,-0.172377968359863,-0.237767164998871,-0.566495158022886,-0.185408599401111,-0.989721542936395,0.193083775303164,1.19179178809623,-0.141682931566234,1.03089499985714,0.194749836806114,0.591973450850764,1.55465798425857,1.19326921651668,0.348215982845425,0.0884761085041766
"gene542",-0.0616500142738557,-0.800471086743425,1.1854869529377,-0.456902182795223,0.428661573831592,-0.567812062565143,-0.891257959637602,-0.0751329983364968,0.0403300453578719,1.03441689313709,-1.79957217916885,-0.190849825374682,1.05982562385808,-1.09102650768678,1.29499894312093,1.00464564041828,-0.132564066237259,0.884071455204118
"gene543",-0.410372283385881,1.069195229381,-0.810935917553442,0.0479379217018049,0.344517879367407,0.349680626715426,0.307212214978247,1.00673728184016,0.270063913742025,-0.41271045105485,0.508579115864677,0.973529115085361,-0.998525459364946,-1.29528728397869,0.131696659874561,0.175351387667154,0.851071044581309,0.0429015312659772
"gene544",-0.639457725271004,0.468461893515686,-0.410715289817246,-0.686699714505271,-0.488889658957328,-1.53054276174362,-0.742126521873525,1.08747079005725,0.0214375091345026,0.200339825127533,-0.0679091563917234,-0.327548715123735,-1.75137728276462,0.491147943332268,-0.840508709884459,-0.428392729004339,0.502038154184998,-1.00138514847152
"gene545",-0.361346380059151,0.248871491769578,-1.14222449781098,-0.670494060145272,-0.127810848006351,0.391726063905896,-0.574062673743588,-0.352872063062706,0.350076675111319,-0.276892358467554,0.57898957403748,-0.275837125855513,-0.176704434370053,0.875239158553791,-0.450818647520247,-0.156816723281906,1.04160236154135,-0.0222968781457112
"gene546",-0.497512728147732,-0.256308570637881,-0.872087655254673,-0.30262805189346,0.592295775471112,-0.16277094330276,-0.309651486191645,-0.686224457129098,-0.557789517578019,-1.28404947214306,-0.683876412824159,0.203094652047434,0.807260576180704,-0.523036940979685,-1.09295747330839,1.02636193388867,0.0034780119969335,0.360293073826529
"gene547",0.263223858655219,0.193138688512378,-0.829803207187293,0.0162035902325051,0.312893661971255,0.656894929988698,2.66543587553391,-0.712045810236969,-1.78276341083587,-0.73572028090613,1.68151155174871,-0.165227636743426,0.00360096365779326,-0.7564342421743,0.27325348192413,-1.12563077988321,0.984766744043655,-0.734260491560338
"gene548",0.625517028067243,-0.0869004771283051,0.141652870410765,2.36580857028037,-0.250958032729188,-0.112794328308451,1.1307607758216,0.150519909623982,-0.439278327384294,-0.279008542774086,1.3362631167141,-0.0675419008005763,0.188489383993495,0.543593092212127,0.350351905095165,1.09296534883828,-1.28098835434706,0.928233578795029
"gene549",-0.209718710644056,1.8787912804254,0.607341961293334,0.0514912970099725,-0.767561566598633,0.07582614882359,0.0971194107371322,-0.917103197408319,0.247943290478198,1.32682353597981,-0.813012233314804,0.134337727725669,0.714553897770518,-0.853101412994525,-0.161757216891208,0.109351652466481,0.823173450127021,0.149892169891274
"gene550",-0.0744690672054425,-0.763853963807719,-1.17281867586488,-0.403488675470206,-0.741537670314555,0.753988962088109,0.612443736029365,0.974262547476805,0.0352257015126392,-0.293721531437957,-2.53838852602553,-0.112573472305547,0.0443695570866791,0.840899457028195,0.55899370900456,-0.748808783589737,-0.0627939300022677,0.800891000843873
"gene551",1.08262892971617,-0.155273465438298,-0.511618327396409,-0.572376956973228,0.120285640843344,-0.838454303282829,-0.0195288292104818,-0.694010918430184,-1.64102506925747,1.2535963765893,0.269216526576167,-1.33120904593634,0.0258683283132552,0.313481806728027,-0.237452472142436,0.124053219196642,1.29082957428119,-0.003770804300161
"gene552",1.22209527544604,-0.342414721552754,-0.639872579096002,-0.445433896344774,-1.55329731399691,-1.43083225372084,0.663557049823439,-0.704644069821904,0.653893685935001,0.0146001111491598,0.658776004010736,-0.00402088426697639,1.19738754500032,0.155288162754848,-1.3419529283124,0.274002978797575,-0.48768531719677,-0.811876932441388
"gene553",0.339748083444509,0.703426771393104,-0.850483765208744,-0.509770400526459,0.151957144008481,-1.00206153398043,-1.56539042907782,-1.44505425998971,-1.50676498267324,-1.39495623909564,-0.685056781049296,0.545449230857709,-0.0721868435576594,0.190606905271625,-1.29613947639053,-0.146191283624924,1.51569218553388,0.126830665686719
"gene554",-0.296841764794479,-0.986158931350189,-0.491623332509107,-0.142200083979705,-0.309462765063,-0.056445801979951,-0.409878467683052,0.445412174161498,-0.0212952106256462,0.218896931011209,-0.02508323438957,-0.960098617042895,-0.0336828771664459,-0.156260059094517,2.59112873884862,-0.369730824504471,-1.13224737598876,0.552714002556729
"gene555",1.55150140848117,-1.55949328727616,0.442683150223677,-0.902493668098689,0.471652427879361,0.351516640230908,-0.572847866219536,-1.57332220356073,-1.5063316059118,0.018252315398777,-0.412956967555063,0.248297994706333,-0.661034319438343,-0.618987899422219,-0.605004752845693,0.371034792148754,-0.382715982399871,-0.112615079992401
"gene556",0.0999157422685993,1.05956271961246,-0.675241438601356,-0.584911929198715,-0.107540352920023,-2.29127016019109,-0.163656174629449,-0.281096610158344,0.844988045110306,-0.680684783859133,0.398109319059811,-0.908860280858528,-0.264168250735782,-0.618472493805952,0.271684605205161,1.94183721635149,-0.336862946463311,-0.190124765222289
"gene557",-0.545124617116698,-0.407654293706671,-0.352536547430415,0.0165819671256864,0.722585566667711,0.235770186206862,0.119039356716438,-1.01312194589757,-0.0315793707423967,-0.252659349931143,0.118200298235535,-1.63557131855264,0.385225487484608,-0.220290740703613,1.49366824577383,0.515401777339973,-0.0112049758172574,-0.657631240244045
"gene558",0.00144087138279165,0.164326880502778,-0.780776966049272,-0.788622183418213,-0.42973134637321,1.04655043528644,0.700454176011921,1.53757711431459,0.266656970817772,-0.00906896253258193,-0.465113290405135,0.00937447970931305,-0.882363343808659,-0.318335490262019,0.487897489003189,0.858584366256417,0.434216189891504,-1.27338535252302
"gene559",0.0165705577724022,-0.42841433326113,1.12315145175111,-0.414967397360035,0.191560486540477,0.489027684466653,0.187070121001287,-0.749240598215505,0.548643423048696,-0.0951775264358996,0.131864820109312,-0.64521938121671,0.0742039223370176,-0.0741505505660797,-0.668652122205269,0.732399342829833,-0.111015723491628,-0.202183260242076
"gene560",0.610114255874949,1.21233443588032,-0.223856055701154,0.05137016833355,0.224320721311595,0.707061334060359,0.638718084061331,-0.669228380011991,0.282399161810748,0.720872778669769,0.649085787555425,-0.168464701375093,-0.258979724490407,0.1497622015929,-1.5535110222514,-0.410067431615877,-0.798586398703907,-0.407898052961799
"gene561",-1.12257048513582,0.268300034189644,1.3348183089452,1.10986120704806,-0.741162083527147,0.372355400837365,-1.2398754561102,-0.539033703668532,-0.14409037522643,-0.428335177966351,-0.875839149489642,0.234311523786396,-0.480742346036053,1.29225470365575,1.10041401041229,-0.768670671914758,-0.587982042070259,0.0143011917812115
"gene562",-0.416879796539775,0.293224666218904,0.400730775019556,-0.83253015705803,-0.271280446381208,0.848767711967351,-0.43132394624847,0.0710309883139177,-1.79592138556559,-0.275027523691961,-0.825090696110166,0.174665302005665,0.662175950239744,-0.184277086632817,0.5537652974345,-0.893376660409284,-0.692350696449571,-0.813682043718299
"gene563",0.864180557503526,0.554041493089895,-1.90624873619296,0.0577835559676514,-2.14380513908387,-0.517489618501048,-0.93175660178252,0.337318200883599,0.0468079302373665,0.176853970021033,-0.0982477519727016,-0.0889670333750235,0.254090637726543,-1.5337072167775,0.659992838344841,-0.120974163017965,-0.237820040138264,-1.42436753398836
"gene564",-0.249105871551537,-1.08846933015038,-0.0997339751567322,-0.63489066224312,-0.0310917527693441,-0.0407902152022045,0.607729435893675,0.233815010089323,-0.627402036830492,-1.04770559050777,1.35818876820134,1.39078870894152,0.103573322983687,-0.114052671962289,0.736324163782641,-0.803140926329569,1.12547445444374,-0.276823275746461
"gene565",0.779813541462792,-1.45791086145889,-0.465758489188956,1.43644760543658,-1.24652547371149,0.783603967060559,0.898171657699596,-0.283158346956152,1.36724017706278,0.489437667204259,1.18701299154256,0.740230868086033,0.968114511944273,-0.161375074548241,-1.20586530276271,-0.771912630461301,-0.94162590874619,-1.33144153358991
"gene566",-0.195697263439742,0.298517835897735,1.39915266889185,-0.884070276128761,-0.479817898560529,-0.225839119503984,0.0549813536838637,-0.771028860968692,1.05398240887307,0.953228211664209,-0.591852971474252,0.330591353355146,-1.71270804565051,1.20172339960573,-1.79053443962824,0.318264216053571,0.239884283352226,-2.27790400681464
"gene567",0.0674414455833627,-1.3786548058474,-1.03152997621932,0.418977886579483,-0.479420117191771,-1.4715227995065,-0.351798795854062,0.501070754083835,0.792004945037911,0.823602785274465,-1.04677319749261,0.0761779682589904,0.79278926898433,-0.465051123092343,-0.482954162991714,-0.69309190906378,-0.177267263462661,-0.377436283530806
"gene568",-1.79984820396193,0.417816854806274,-2.09021795496246,0.602208651337833,-0.158787090418371,-0.383466918506424,-0.858084501033576,-1.04832260634634,-0.741368801976917,-0.337481201840851,1.21934807977289,-0.729134990820013,0.603562103211,-0.708442688770181,0.578520579522718,0.350638947106054,0.144937000009483,0.661502643563822
"gene569",0.203473409416233,0.0961527585276214,0.0553340885124037,-0.618921564889576,-0.416744703680956,0.97770350841613,-0.618584993589099,-0.89006998319249,0.874605021746239,0.311147103445534,0.742219899035857,0.29702617872062,-0.413497289510161,-0.607368985427483,-0.518112075000952,-0.02651428681078,0.318425710018233,1.23315707268149
"gene570",0.209654541769425,1.24529454713948,0.473688347476842,-0.939229697353736,0.507370927213227,-1.78836115595507,0.704881179679471,0.443513914338472,0.689475501205841,0.166528443139551,-0.920562043374278,0.58141969863064,-0.387423466871792,1.29556032403559,-0.668627171360685,0.581559774989399,-0.536706564500603,1.01062724475838
"gene571",0.369104463972387,1.06367233282746,0.500123057104836,1.32880209398464,-0.138027494378021,0.0483208517599667,1.52270711446537,-1.07337290148456,-1.00930467996192,-0.230350125500383,-0.19627774399396,0.328649380182307,-0.206122608616101,0.757227940973306,-0.147005865467207,-0.464834840155371,0.140550268935281,0.138281417175535
"gene572",0.0265909665144645,0.513745056605191,0.566833660132952,-0.352840103832274,0.420288504399678,-0.256340777445803,0.878646301945797,-0.0920411242389134,-0.0417994603299702,0.513840395939052,-0.351081779694316,-0.280446050038007,-0.223058745100069,-0.729786120084905,-0.633121856117816,-0.254282382676372,2.17084537529009,0.957364982535749
"gene573",-0.424872395613664,-2.0990757758044,0.576801244806474,-1.11491647959782,0.68991470310191,0.656334732135331,-0.00778931740242274,0.347219580814586,-1.5768058122388,1.02381858855515,-0.196632242969559,-0.0667895718819071,-1.74594793809138,-0.947428281668911,0.232798976441414,-1.65863841576505,1.79687378018551,1.17372732228254
"gene574",1.39644023680958,0.0522303119854989,1.0295967481463,0.223061857010899,0.247084226477932,0.570622350248488,-1.0114213328489,0.311522029001039,1.58928887172123,0.488877949456973,-0.728490829765276,-0.154584025990511,-0.360332709944388,-1.69783525180944,0.19898230213425,-0.454634053294353,-1.56378580247358,0.498547808802433
"gene575",1.19607871099909,-0.389698382413338,0.155763252775344,0.605188037313316,0.325560704817679,-0.802724770839346,-0.0109741829875141,0.21840493002098,1.30207569788043,1.21797108887372,-1.06567314103696,-1.0369650460927,0.131111081569015,0.0427781317835687,0.246431802412646,0.00877770428096021,0.520526746227443,-0.377318266423452
"gene576",-0.317086853079565,0.638005378015242,-0.10147744920681,-0.0862763517272227,-0.594595709431461,0.809517233945736,0.858409457823467,-0.627891897673098,-0.360406881307503,-0.928509557006533,-0.221077048975797,-1.7104955759854,0.0798876724984155,0.828973890655716,-0.220126914442683,-0.014254641571838,-0.488743465916963,-0.767916128175003
"gene577",0.623181865129894,-0.273137746711569,-1.00084080083525,0.15625370064456,-0.482300081582618,0.804464741435507,0.998540360414625,0.251917142425002,0.958997638825331,-0.926806820460873,0.152816482507592,0.76558666196379,0.257617862727186,0.150578852081409,-0.131147723266263,-0.571700663541836,-0.719726786691061,1.6132558830108
"gene578",-0.0135958965968053,0.966271142433694,1.57996741356191,0.178869580869943,-0.276431663767499,0.897197657837375,-1.40651093579522,-0.0160974861603203,-0.857681386943126,-0.610533028597851,-2.29682738317328,0.854719330105706,0.403418715446524,-1.18218812995369,-0.0401917483496628,0.26329709327587,-0.383101909575462,-1.09991123169014
"gene579",-0.253895798530226,1.39152885800837,-0.645869852781986,1.69773050078432,-1.32354665641973,1.31557719966592,-0.484981193655733,0.365059128749884,0.680244551580551,-0.419238257131713,0.507555001494747,0.793686006024033,-0.256540638708397,0.20161778348202,0.988924150889284,0.15653643434395,0.226045178472157,1.10896736429133
"gene580",0.476235284946578,0.71860279255748,0.135494844744376,-0.915129346535464,-0.0844918238357657,-0.566418766136206,0.866095589571666,1.92208719872567,-1.41319488099614,-0.228859901403492,1.02402883895947,-0.268970318508634,1.1517700663388,-0.548278316012795,-0.21284461173166,1.00964967226059,-0.546079996751398,0.0364168130638266
"gene581",0.0881079203086933,-0.637714129460205,-0.8264597651703,0.027543157715631,0.30977227775483,0.236461729388073,-0.208725504290411,-0.47822314426177,1.49722004829963,1.53121481390995,-0.29874770324557,0.83983450419413,-0.11933744341843,-0.405233541636099,-0.775492074777857,2.00324365260159,0.736919925425433,0.151403389839228
"gene582",0.0422018797127962,-0.948915404713048,0.368342829702483,0.980045625939697,0.207238639663235,0.0997966330129708,-0.438924743244434,-0.581649536164902,-0.266978425589407,-0.951600661530817,-0.17346058598941,0.0684410971811186,-0.230078592465832,1.1593825731708,0.0226227633280936,0.279620327094861,-0.41770252836018,-0.766943299379105
"gene583",0.721318887906638,0.899271104023408,1.87849299850156,0.694151480500734,-0.371773758355415,0.59023101496331,-0.417040515262474,0.99701447394296,0.086547604847495,0.943274998202041,-0.950501393029037,0.911453210962273,-0.26378620442431,0.477832872693993,0.134683058053407,-1.13004826919283,-1.19331270368655,-0.63594177864432
"gene584",0.684925513908082,2.85912556823907,-0.00416872606512155,-0.26715480460517,0.368398804225313,-0.690239982153741,1.1459055630173,0.422054661148383,1.5210578195642,0.571131321251052,-0.556928681734097,-0.843282528239888,0.540195416918566,0.20392572005149,0.5763943767301,-1.11952390279778,0.331667244327942,-0.0544074780117973
"gene585",-1.02781495615127,0.0413773869315918,-0.534169138995137,-0.969511208238856,-0.18744058344965,-0.581437109779987,0.0461819762385757,0.976453579152365,-0.882340754843173,-0.147909407082377,1.5113273074156,1.97702479460237,0.303314589164194,-0.660741625294162,-0.333475013350298,1.37309282496194,-0.915825450102056,0.278521656875509
"gene586",-0.0782841249199969,0.0524385927049406,-0.505041995990657,-0.093684955311379,2.2984003834469,-0.0715579521727637,0.511463387363053,-2.80696125973108,0.735893778573442,-0.854535436789484,-0.729257973462412,1.23313446995878,-0.583802697846332,0.15349123077552,0.997804815873038,-0.610785077991946,0.00201546725729181,0.806996864948005
"gene587",1.09996350527254,-0.207281239197665,0.70237723291388,0.940612267950338,0.0411029449176295,0.48183676592202,1.10175764791642,0.152789456199869,0.493397917733836,0.262719499516482,1.49015823012596,0.0792599029352322,-0.444803580059957,-0.393026321877227,-0.552996761094446,-0.427386102163926,-0.101763852990745,0.00465127889759992
"gene588",0.79515243647991,0.417534704250833,0.514417885897097,1.10244049574962,-0.159442409415385,-0.439435634163784,0.101537242525395,-0.0675355746155269,-0.29144182415256,0.318628792321051,0.211617058997372,-0.785984623189451,-0.572619408649719,1.07983328625375,-0.610967210838216,0.444535053347398,0.769431676096169,-0.336997663160544
"gene589",-0.581605879307722,-0.207377197115499,-0.16157247076069,0.116726216142439,-0.690422704474769,1.76858013753698,0.546756383644643,-1.10085916512337,-0.311446063098657,0.232705838605388,0.495508163440985,0.287169269343583,-1.58507231175811,0.1655303350025,-0.00518674696110001,0.909054393623569,0.566610020740125,0.455565675459895
"gene590",1.16923139735187,0.628256726499841,-0.231674299044256,-0.524554416565642,-0.951984081115814,0.589632327936662,-0.602262530678477,-1.3850193024027,2.4696098255078e-05,-1.8681824533513,0.173347898632883,-0.356710917887984,-0.777224889885956,0.408906576887499,0.213497335832902,-0.533284672829793,0.479491222564875,-0.199009052798724
"gene591",0.767513703517347,0.486522832490965,-0.432482618098747,0.497620014298469,0.318187166009275,0.646250399638081,-1.01706867039479,0.013552200140133,-0.266190005048584,0.965736060059534,-0.234115811055949,0.585464179503758,0.998018331492828,-0.484956958965282,0.30325803809747,0.37289557805564,-1.26780261254798,0.147110677018768
"gene592",1.3268341965482,-0.362839706152921,1.36954302752341,0.0517257785879201,-1.11423468811967,0.163839325430558,0.961022838447508,0.50961390496723,1.23244300912846,1.07972290543596,-0.546975155122337,0.620585602204154,0.00301227712306106,-0.477213476759531,-0.380739461097655,0.758707871607078,-0.814750432119045,1.48270585250092
"gene593",0.0176970768433999,-0.45909350205101,0.783893208225954,-0.899023292659124,-0.310924508378237,-0.226562043985892,-0.358288688630382,1.33054744601072,-0.938677267372193,-1.11350908261517,0.754213957398515,0.364375134122247,0.104887495531341,0.319920579951451,0.59599763784379,1.13532230731504,-0.920407697135916,-1.3015000835643
"gene594",-1.40035890392242,-1.05821827369331,0.431687657939801,0.490368972557291,0.200257600393306,-0.968485634538112,1.06991474153913,0.500476998559915,0.487967560678381,0.595403183702696,-0.0731377637731249,0.619486931015355,0.0852176024638907,0.180282234431144,0.754953024935744,0.144454287290393,-0.0789619645939972,0.821320254824825
"gene595",-0.124774342649206,0.466540737452623,0.407581232384915,0.00856100707943019,-0.290407041526707,-0.502093308618253,-0.338000226424755,0.765240110460708,0.344781778426271,-0.0970577385498495,-0.808668491507801,-0.577613073000495,-0.299348380825021,-1.0374730012944,0.0749942076827661,0.397190229082212,-0.838636331490348,-0.454276371048626
"gene596",0.904138611288799,0.777031010281294,0.653331156036887,-0.549293043241981,0.173218123667991,1.18296507247612,0.113274528375037,-0.368492490689196,1.1622493624492,0.799391232291287,-0.308258934919958,-0.00869932403352657,1.13395961341341,-1.28879171627714,-0.84925661172954,-0.0923791131268097,-0.938079469973486,0.158621836303844
"gene597",1.43356978371149,-0.0340581653649176,-1.18625276955744,0.52183175219505,0.150914417769657,-0.905752327605231,0.116376964259831,0.408383024113887,-1.569420546907,-0.602625062498834,-1.8321458634506,0.454346982113637,-0.169125518944482,-0.169908031327242,-0.880677517752232,1.43885805772676,0.578791091284664,-0.57011885379171
"gene598",0.988664133127131,1.42274163657886,0.930660428884124,-1.37757096398439,-0.736394231965796,-0.663956682854385,0.282452590654669,0.143504118749685,-0.563668046111966,-0.474074420263469,0.970306544125223,0.438423766193965,-0.666778245488644,1.89980585145779,1.39065457639111,-0.846653999223535,0.57994363659171,-1.69466149419669
"gene599",0.76916481679973,0.500753685761596,0.47118800714222,-0.550372737658858,-0.895053210862871,0.188013107496987,-0.0493885308942443,0.481278720622233,0.505200116838675,1.20130499846023,-0.35822664754455,-0.745509141676232,0.987882927691822,1.19405825811235,-0.330679465229545,0.379808680665761,-0.627421745720403,-0.326723808735806
"gene600",0.216191278477305,1.42073619908828,0.921781158629423,0.683953857529677,-0.400886608542237,0.387235310141174,1.72742221414979,-0.175907247209887,-2.01264870550727,1.62667755217219,2.04025816378969,-0.204561234351989,0.470790084082714,1.54586867878364,0.879867320030137,-0.912858851154241,0.999414767357457,0.855538411485579
"gene601",0.166582085862255,0.668273748351087,-0.083223939246187,0.254082135723141,0.589228688646589,-1.90081472671937,0.248840860036138,0.182186377114161,0.395296365922939,-0.593233309051105,0.691910415725995,0.376437790714844,-0.813948599294798,0.0827045985372564,-0.967790175621374,-0.104111129546594,-0.188140697493959,0.264928767661512
"gene602",-0.692031621115292,0.245040561585488,0.700956004026405,-0.606401482293118,-1.55644259914388,-0.428932308770988,0.386849003647648,0.889566212000564,-0.23539664190487,-0.821444504228305,-0.849975966889337,-0.342797678249324,0.767551176215998,0.465283224936202,0.16151003372422,1.01435921858469,0.239292484306615,1.22028079988437
"gene603",0.557763635218819,-0.523174172868222,0.320849479953751,0.190395995953618,-0.796811477514842,0.56270320566815,0.490477470852367,0.0205146420804581,0.105549344739944,0.0423908555736094,-0.441113351695132,-1.15532750131771,-0.704607101659195,1.40749763176372,0.516880244836952,0.209895350787982,-0.0923249535804593,0.40166351625086
"gene604",-0.0548428407638364,-0.246497674928499,0.0987092361561236,-2.00691439647885,1.29897531495282,0.229189783525922,1.03215616612774,0.885467627752739,0.123900858599503,-1.64315726713783,-0.0757348356913378,-0.33333704600802,0.380770276434109,0.993427586871324,-0.328009090524299,-0.59670740502646,0.74746644197194,-0.596628931294434
"gene605",-0.28321720817111,1.39658563282932,-1.02839737653767,0.340909646924462,-0.385336930678724,0.23110155687361,-0.703358012570321,-1.63207214032266,-0.155799591374511,-0.55948161495507,0.184610188069227,1.11996990640556,-0.0700391076537656,-0.0533490261968645,-0.482339564985751,-0.819360332173901,-1.28639716485589,0.32314886023996
"gene606",0.274423534223933,0.586775676632165,0.201630533259504,0.404205487120161,0.624627801336527,-0.526719878881003,-0.139726716558498,-0.0218431076629629,0.097289294820199,0.874930097048324,0.014304949505012,1.48344100609362,0.647077725231129,-0.590928573573824,0.998340694167414,-1.22993909576801,0.82234004323237,-0.607856004027438
"gene607",0.14665679356673,1.38247560635402,0.210718354280617,-0.584187882296778,0.0795708540653961,-0.153623230710872,-0.352513804089004,-0.39220948479905,0.110032052215832,-0.528640228179965,0.774901091457265,-0.085292924455706,-0.812670032185222,1.32508521292722,-0.225702498463636,-0.873765753168801,0.117729703801668,-0.293306526680964
"gene608",-0.496463867195723,-0.150369120975103,-1.23564435007899,0.0531842789217613,-0.896008209237502,0.294715000850522,0.457020330441684,-0.744868156504172,0.0599824760330435,0.385986471836842,-1.05638040425484,0.860498800192981,0.521031677151044,-1.26274947342682,-0.0277938032166554,1.78075452928111,0.662969320001561,-0.135961840035863
"gene609",1.16839976524114,-0.548890550078222,-0.515017289308402,0.488692350018735,0.888431645666398,0.374634067051327,0.862898382594909,-0.264284073860152,-0.476374367159498,0.300297109449882,0.124160034347871,0.735912975662773,0.670641552948553,-0.063912171471462,0.115921505696931,0.720396865361354,-0.076656508358327,0.0588842426766396
"gene610",-0.637707795254626,-0.306769426742889,1.46725879742179,0.546825252472255,0.595435453352049,0.225034666928343,-0.555885659657959,1.15535390438666,-0.402480035353501,-1.27597639076609,0.518747725649752,0.0198642316762445,-0.950392088289476,0.882244174560664,-1.55066669204575,0.46333936661495,-0.161492983421994,0.145770090814504
"gene611",-2.32538146689843,-0.795168422921888,0.0837914820503228,-1.34922858305826,0.0452681296949391,-0.96476729741569,-0.561600313552084,-0.486136561133552,1.19609239950134,0.825679501665282,0.228193881455563,0.675265197363767,-0.664347475276651,0.0688779812821943,0.770424966656382,-0.543674708678868,-0.0381617134402797,-0.221872852717798
"gene612",-0.33350616719051,-0.053566142631661,-1.05004500915888,-1.16288866745331,-0.57477138516001,-0.258878934479542,0.237418266613233,0.254897594491046,0.0887322370037342,-0.694997994199159,0.443028818689987,0.427317292445814,0.103172927279528,-0.511911378681393,0.388691001034833,0.87392976730743,-0.110543367357782,0.632755405229017
"gene613",1.15384249066334,0.755446062124973,-0.222978733019671,-0.433931332576353,-0.322881848026633,0.549647266470244,0.80105447847854,0.295456454159172,1.44505462843359,-0.524379880682909,0.976452805115152,-1.42608916039037,0.699413161265736,0.0678126773332677,-0.188826336617956,1.45626593809835,0.0160780304705231,1.63566080536603
"gene614",-0.417341231322951,0.706922286916072,0.0884119243834467,-1.64399732433947,-0.527370544437905,0.878875059343753,-0.811592138766846,-0.335706196557832,0.91866597851294,1.10891081053818,-0.133157837273177,-0.0954647673041852,0.722975071827912,-0.402795060598824,0.819385239987125,-0.907225040071661,0.748943416282208,-0.349985511949878
"gene615",0.147275396249004,-0.281968697616535,0.311470912980024,-0.261443517438281,-0.657792853308011,0.153775356873777,-0.82218988064462,1.69480435946127,-0.282087788245303,0.281065537667214,0.612467951491969,-0.344122255151189,0.759054159461972,1.33794007172412,-0.281707430547242,0.214085389569583,-0.303256284508937,0.113881627699087
"gene616",0.144472126034426,0.291523928071852,-0.0457634158402427,-0.10417358890228,1.09384327643614,-0.0380027976852839,0.157292355055037,-0.0016676165653677,0.108246975506807,1.004943984041,-0.28502224428658,0.138411400263221,1.30626995874095,2.32758678192016,-0.974923413621877,-0.789705335067552,-0.527058810169442,-0.033255837974977
"gene617",-0.9447434745859,-0.565000167652805,0.037049561849869,0.388174442121331,1.81400369224492,0.0099728374982687,0.550367964003598,-0.330691529343345,-0.548687604777381,-0.159411783333002,-0.0185088432043647,0.0575681029010458,-0.704463161071879,1.50405987596248,0.796463581011244,-1.0992400962015,-0.860377983525821,-0.0157724394793108
"gene618",0.994399687667528,1.12861529214467,-0.00734327025017538,0.210930596470156,-0.281249703195618,-0.033936680064282,-0.564688763733406,0.118524143760973,-0.673539502493018,0.206518990394151,0.566737930625956,-2.74736206005563,-0.144461070802552,0.474009281282902,1.34979178169609,0.254638895457942,0.428080063644079,-0.540315109189097
"gene619",0.584249207261342,0.396905897216718,-0.562260400463307,0.262547920158691,0.778880370340353,-0.386820625000592,-0.142789124329975,-0.665915486786011,-0.791220311479199,1.28280349096326,-0.489650937912839,0.698072239485383,-0.0998567286060725,-0.934096931214692,-1.29010499118509,-1.08090713235733,-0.00776899271041713,-0.763091682209713
"gene620",-0.629992157489632,-0.0451680898961099,-0.0455079855067094,0.455687747215728,0.291529428103004,0.328477000392461,0.456516201311002,0.270422187508653,-0.785705320986401,0.474710212677512,0.303650169505341,-0.966230954965838,-0.653675168762165,1.57165753096419,-0.349428923761644,-2.22179628599739,-0.293598452757417,0.126816123615455
"gene621",-0.362695968455081,-0.528474970272832,1.06201342113183,-1.24496069162147,0.022025929384796,0.740898443857816,-0.101309696530729,-0.793475586204505,-0.134692688165219,-0.475927013153182,-0.322443233615875,-0.816369195180051,-0.925638643671575,0.814275757110735,0.525760972440262,0.405758108256268,0.644050942368446,-0.455399666271572
"gene622",-1.34850943167147,-0.19779028745069,-1.00620018747234,0.0788573988529248,0.645041793030799,-0.1056683479728,-1.43550795492336,1.12791122744435,-1.08818536022505,1.03381862870003,-0.303942070430815,-0.0943171181121876,0.130358439137367,-0.0144314237428699,0.0500354317327036,0.342718426636627,-0.288561714744133,0.68586692014674
"gene623",0.746412168442255,-0.204189080643607,-0.183143831962408,0.0238456040996243,0.473520414317174,-0.049539409930477,0.896689021681714,1.4254631960604,0.87157500040461,0.768985216510966,0.233108024890101,0.260022162225909,-1.51826365769275,-1.32512045845976,0.937328953210768,0.668854469382595,0.0073164589348574,0.0334213893811478
"gene624",-0.368778917479037,0.367538170979056,0.679230694901057,-0.467334181300723,-0.892472980717868,0.863440386380743,-0.485343049557592,0.706564118240277,0.0715755340286128,0.056676810129054,0.465537163329916,-0.249637412746396,0.5187443133753,1.35927767351936,-0.498044692712428,-1.21836542400254,1.18795307581747,1.32881909172996
"gene625",0.186588944726,0.406371624154873,0.228309112525389,1.1226656378748,-2.11732387454083,-0.181375111078939,0.574495925311104,-0.328268966711211,0.782055454697701,-0.630827480298937,0.124400482959377,-1.70969610620647,0.79400615077652,0.0661346553920129,-0.369887852666115,0.16995689555422,1.14773839005239,1.56356974040592
"gene626",0.174992758114503,0.1422847458181,0.101139877562789,0.67721549231031,0.369906408447204,0.866515548147909,-0.288720907074167,-0.579535486495729,0.28518350968807,0.114749030494317,1.14198247618858,-0.242369797294175,0.318191828084802,0.857714529482349,0.0403024136631559,0.432169350969886,0.428366120611214,0.648342637448886
"gene627",0.2799585821565,0.443003880859855,0.197310489366313,0.337258047593036,-1.38286323614347,-0.0154666218684714,-0.875732261234104,1.09768340497064,-1.00569955726008,0.115395851475512,-0.385851518687237,1.32363397400536,0.456395129248114,0.225795432912555,1.40939402210057,-0.201914224924295,0.0431088467365537,-0.250552874121194
"gene628",0.1135828440724,-0.680339555687398,0.506037670969608,-0.76850450774905,0.192328310625022,-0.710985572487907,0.484430958702884,0.212237756523093,0.117375250207539,-0.382918836877213,-0.184796822489133,-0.659523513571693,-0.942995852521707,2.41442217901343,0.0883455674356429,0.461957626320038,0.429187157484298,0.645213911028506
"gene629",-0.443540102589337,0.920994306679904,0.303100453911672,-0.0162028859278837,0.550097366028292,0.552982991041717,-2.24160002082016,0.832686458394153,0.153943768885068,-0.543104686202152,0.769443277882165,0.343373896858446,-0.309691217643887,0.390426535543475,-0.60441873902054,1.02813758407506,0.328536568876791,-0.074605010418003
"gene630",-0.222602786124874,-0.716198136658599,0.984187911649148,-0.277852254538417,0.0581054378639982,0.484453058606253,-1.05600712590262,0.323606547074079,0.196502077583053,0.0933867217592033,-0.357721604403284,-0.830192023948183,1.18575470886943,0.632441056314044,0.710786886759483,0.706204512064738,0.527175190266398,0.38707615608515
"gene631",0.467083081646547,1.32481837199326,0.322634445565056,-0.161049000291471,0.757998470274485,-0.622204233265587,1.28923328104775,1.68917906198362,1.00899317662938,0.212510868091839,2.02067454792492,0.305805980238942,1.03887972705577,-0.236195731705599,-0.345708658011924,-1.51097884262836,0.729217456666652,0.586254381178384
"gene632",-0.0629285273386184,0.245810368876906,-1.80565151230872,0.484885040106136,-0.526691560692186,-0.0662171635830448,-0.256993927074554,-0.15684196488445,1.02119357294669,-0.179905409541244,1.32407934735901,-0.304713850321466,0.588410698782276,0.200353931385951,-1.27620807575601,-0.228150189342009,0.863422858796289,0.988121756602539
"gene633",-0.340852159776642,-1.95174061117055,0.300796670004223,0.170654043508284,-0.351654616781329,1.0398730350453,0.623014193617584,0.534505662056513,-1.00753176601545,0.774811775126414,0.40544378127938,0.108455940330265,-0.0562657355136624,-0.143645817446576,0.0368029332957086,-0.494832075771595,-1.08807736160634,0.571639121703922
"gene634",0.854711112492941,-0.387265777862531,0.899898810538306,-0.825068183949277,-0.221600116944612,2.66501729528436,-0.406249738169849,0.0547117068778095,-0.841655283304013,-1.02974031522067,-0.299771987978833,-0.275194350941034,1.15719783629812,1.28303173358499,0.134134889746388,0.666544761566933,-0.536967673449993,0.918019227028043
"gene635",-1.04909564214496,0.895393393633483,-0.0341901716624408,0.885656716168025,0.592740839795461,-0.411241921290827,0.223241300541922,1.3186927492358,-1.4021359660398,-0.909127405513306,-1.45030895571078,0.0671100065411808,0.21206454302838,1.73203198711253,0.132137667473449,0.768112113308628,-0.037627258835585,1.42973532824039
"gene636",-0.802437433851458,0.0533397303304465,0.36989600176885,0.21228374691411,-0.906595036514797,0.265329325157682,0.320206628268396,-1.25464687793247,0.0867909986859897,0.910457065916951,0.393537124972993,-0.392035589915373,0.506308115455523,-0.803240861560819,-0.378451229303359,0.964321098706292,0.759384391783697,-0.148744360154063
"gene637",-0.182543463552169,-0.60666813114362,0.963409942427939,-0.0563534187940552,-0.898364076697936,0.00721055098261926,0.989486610211027,0.777670821662574,0.0960091678965232,0.606529872091404,0.203175700749451,-0.823356353661816,-0.345850220907646,-0.321915904169747,0.351526214870602,0.138497586730365,-0.0235053557972282,0.233351689141211
"gene638",-0.562765360129986,1.20316952686975,0.120371349121613,0.643092056632523,1.13078706848278,0.260473727273325,0.228132552900462,0.0208019407127166,-0.166082312246621,0.297407864039144,-0.233089775966039,0.168517642102602,-0.431161929244379,-0.348253304589528,-0.795078308853492,0.401570454452719,-0.334456624626746,-1.11567936351248
"gene639",0.727831232596514,-0.174635574411331,0.560065953166217,0.249674359619899,-0.261053859988147,-0.449650480076327,0.346608048311519,0.544619031202896,1.48967793783946,-0.565151696443193,0.870942449157486,0.543854852040776,0.0682220851638368,-0.245862000431101,-0.308177260397339,0.0296074947249996,-0.721382928650621,-0.468968812715633
"gene640",0.780696583083824,-2.50749440064266,-1.15273809535256,3.01956500242473,-0.43946669697924,0.572232918023547,0.886940382800219,0.487689034778506,-0.501721905567321,-0.26355837039787,0.605064862717022,0.432056768822424,-0.0798762458119896,-1.44867786099116,0.0476677790592882,-0.0821562446785977,-0.187040865035986,0.190871964666275
"gene641",0.593886230676475,0.297588720766039,-0.350880987106339,0.731274259476963,0.748637719518941,0.78910253413306,0.0132542320795413,-0.445892593946647,0.303787480233933,0.379007299255304,-0.181624258605477,0.333707675155001,-0.510886364856341,-0.284507478880131,-0.69044811464031,-0.15277911564774,-0.686053698514351,-0.813390979840694
"gene642",0.809168250778212,0.173028961737941,-0.644259327965379,-1.34946214901561,-0.0956529892971549,-0.624094219573976,-0.453311272047295,-0.379378594260773,0.446815219677666,0.316797945219497,-0.0485687952612809,0.516525276129926,0.755800507908641,-0.45255053909242,-0.601536131857235,-0.688540348274348,-0.84688165077872,0.450000557395367
"gene643",-0.838852029083982,0.030742956287076,0.172514557929264,-0.468462141989536,0.730515867977828,1.25713939007565,-0.0417951304059355,1.2507398776347,0.858877770883972,-0.182801354000091,0.371071407202371,-0.71340748542019,-0.681645304011223,-0.152276628712521,-0.892390607155286,-1.34354827537938,1.64917568253815,0.0309939886978533
"gene644",0.435396090799931,-0.598792887958014,-0.448548352680251,-0.732520954663944,1.10423279677384,0.773560485844916,0.337021380692653,-1.20134362667256,-0.554957898365169,-0.564259227570165,1.38514040182777,-0.4151934611289,0.0190702512246906,0.956947857799967,-0.316421067562757,0.561874346064613,-0.263509388243292,0.180049696551154
"gene645",0.164327612113875,0.274773049551202,-0.403409070390116,0.506299566431281,0.89629335497361,-0.625434685322768,0.89801247415905,0.264520244986702,-0.656246358062442,-0.274897389146151,0.272685960885992,-0.745357773541774,-0.0454086170474281,-0.986557914438129,1.89156540098262,0.0775085311376295,0.429954293531683,-0.649042059118033
"gene646",-0.237100544814584,0.300586948845816,1.2376077990551,-0.00229032749340879,-0.320099836835598,-0.209751336616547,-0.0987480741574147,-0.106374618863764,-1.38329522397048,-0.37556664898863,-0.29840979352398,-0.052472428619719,0.00153611404711954,-1.03115986341086,0.064137044789194,-1.30561782480234,0.350620918379504,0.736570580494099
"gene647",0.417332536246225,-0.271240813430355,-0.346478797611954,-0.658359524306043,-0.752051023917477,-0.00287012108284985,0.0442340496805247,-0.814248406548496,0.274843375586241,-1.11043363500983,0.284256667805892,-1.14569087136537,1.45588575647865,0.651038223147841,0.292065972952311,0.882223685558393,-0.0464387704872322,-0.254746820988572
"gene648",-0.0803734846613264,-0.299931276939308,0.59080596923814,0.777642055154501,0.0773519483743391,0.384415602796416,-0.224197290890446,0.309449924038323,0.976061801318383,-0.709960191857823,-0.103145694230995,-0.179707847974576,-0.127062643216355,0.04370766236674,-0.0229694540513262,0.143835161053417,0.245176795090452,0.580321027175241
"gene649",0.893442586917713,0.579249780391174,0.0625636403371694,-0.46773392755249,0.581371337632232,0.130652005238691,0.640187559894837,0.998255885468563,0.839387789969755,0.700980316029198,1.75870518680879,-1.0532664537058,-1.65771732691933,-0.0239578070415707,-1.0933803648824,0.931775414102469,-0.189363995729863,0.673954716285769
"gene650",0.625221249123205,0.599464793974006,0.206395257916399,-0.87957107440325,0.229606336852769,0.81962312850563,0.613496681285893,0.861415384397327,-1.74891784364145,0.0380048828336859,0.0362474083486852,0.335248980198853,-0.0877829742285193,1.80399916118042,-0.988726724582574,-0.56529070245966,-0.802876846016227,1.77021342970634
"gene651",1.0659154661607,0.238032465042005,-0.358062498682632,0.0786667962178211,-0.854198209731225,0.214585849836101,0.0525775052306077,-0.240607162989956,-0.0232241058531245,0.164032907189017,0.161768549178894,1.16670711074628,1.76472162690293,-0.715709664906045,-0.129876074551553,0.701777841072408,0.505164080831175,-0.856546675103401
"gene652",-0.646135936553763,-0.371378757427221,0.469370984554489,0.457628595686501,-0.668364246787932,-0.440421414882217,0.467920242201393,0.919081723999686,0.00542381661820425,-0.677681352611929,-0.0430985362931365,0.383818101760088,0.215278582439814,-0.17077725333731,1.05350213638533,-0.065970593775972,-0.532106475136373,0.217032948019172
"gene653",1.34736260905166,0.0973616581751015,-0.00963491308734316,-0.266638852092501,-0.444810231282464,1.06688890941282,-0.00229165249669618,1.46803811746052,-0.660841919017748,-0.473399873303159,-0.492006405641276,-0.387290249031995,0.848342718397207,-0.487803270121565,0.606828735724203,0.757442603237338,-0.667504927913354,-0.0810418804617114
"gene654",0.858341458140836,0.193801829228045,0.436780731775535,-0.389589451302899,1.44096230876513,-0.474976789042936,-0.954083561425082,0.516745360098445,-0.285887469125974,0.221734352388321,0.546273028070037,-0.210701337441086,-0.52797014622497,-1.05723105861416,-0.612752907897181,1.22176050398794,1.71393730824015,-0.00771206470266558
"gene655",0.460366948182073,0.0305925708305268,-0.5351824212443,-1.37851441426395,-0.00576726665149016,0.378471443962442,1.131958668386,-0.940087250605671,-0.237944168409576,0.526540341650968,-0.914226830042846,-0.547100529280369,-1.33646535499257,-1.7128022663546,0.287838639606624,-0.170719616217691,-0.610718552587274,-0.433241461123509
"gene656",0.0302175250267326,-0.49179200691772,0.0451342159764265,-0.579235275189184,0.674487962939911,1.06982666502357,-0.474375680142878,-0.482011190875246,1.11218668296626,-0.287506062980104,-0.305020808006898,-0.0141646591716949,0.030395833439298,0.288925039357564,0.572580192996338,-0.0900176414730214,0.0314480302101996,0.199213129973469
"gene657",-0.372461315420887,1.45602271573753,-0.620824324560594,1.53626634350257,-0.348793473907261,0.133460203650885,-0.360810978752096,1.07110728515596,-0.10747492498519,-0.644382732678764,0.566919019765109,-0.701685151391728,-0.799254505943186,-0.232628584608369,-0.606475341410085,0.628830997528703,-0.436522234760717,0.810228036487213
"gene658",-1.05260305609524,-1.38935276808946,-2.46677029978652,-2.04312698016206,-0.597193042581092,0.0306111160946867,0.0939510738575461,-0.806956475158282,-0.197525322609828,-0.6884919636932,-1.05838785497652,1.02550919179522,0.651828455161993,0.719094742626518,-0.0833008010897307,-0.412071272923558,-0.604794752007765,-0.174064193583978
"gene659",-1.15058605623425,-0.0772560590314267,-1.20187922180834,0.732874311087614,0.0941339832416843,0.0710496266876059,-1.36629130021956,0.258949008642703,0.621330572361376,0.052524764646286,0.207800986688714,0.146522338843186,-0.167232476369079,0.726045034793687,0.097588909642026,0.325814738792768,-0.650891101407051,0.322467888306781
"gene660",1.39698767586823,-0.181878365149961,0.724200113951875,0.562969046649148,0.803312906690042,-0.658731622479548,-0.238730617033517,0.692800818799309,0.282000995051655,1.06055246581402,-0.153814165332035,1.01039087815084,-0.201844710443849,1.23110900665903,0.40495463802335,0.3653331524827,-0.735942818739854,0.726284539142797
"gene661",-0.458886051764621,0.00849057124654905,0.350633817996223,1.52474368981464,-0.0048084801912031,0.199604170305952,0.40485583813377,0.411650813124994,-0.517211791317936,-0.112309494493618,-0.361434135763263,-2.14101689839532,0.718366470681545,-0.35338003912845,0.348631091316815,-0.294781031071764,0.630354012614611,0.601392175103123
"gene662",-0.107102386548002,1.20594216427824,-1.04171899764373,0.116344222893112,-0.180432639083053,0.520410977278418,0.133475815899884,-0.525475128001657,0.625434279849556,0.489024475055063,1.17315803997454,1.56024385410897,0.621452558930931,0.216966814084701,0.402535246052808,0.124282453696863,0.404157680010987,0.967223320416612
"gene663",-2.14697341564292,0.542267608871857,-2.53794086493121,0.312760706620756,0.939972877718904,0.367917158650508,-0.151996326452702,0.213201627885011,0.541248646447875,0.807480606076047,0.162399140472091,-1.9159525593088,0.985738039599006,1.03747435293996,-0.176742839880434,0.837024168924614,-0.0645044136456764,-0.251676666319651
"gene664",0.975224905091832,0.25655313355467,-0.876668297595868,0.40850883854255,0.717056820023328,-0.0161883795765506,-0.364549589457913,0.367408949733693,1.4394792217618,0.445615599216849,0.447191579830829,0.162184408284478,0.862406610981854,0.00720020840747675,-0.927047304524661,-0.376806181798199,0.639578121105977,0.997346394447354
"gene665",-0.0662989242352559,-0.169117903016524,0.397232646176869,0.664737093252991,0.0251939868823155,-0.478989334024641,0.467336698136263,-0.736246233764871,-0.335465465925803,0.261132015254097,0.216353179529695,0.440547985629985,0.0525126844378592,-1.03323778260077,0.00510536298871989,-0.927762632728868,-1.76161117970095,0.555847869700154
"gene666",0.874893082739656,0.688001918588726,-0.609628936965652,-0.309619206046184,-0.697281908868781,-0.797194923257558,0.654381164522199,-0.955919367441056,0.105205663376361,0.431746422045669,0.550030256756508,0.40433737847494,0.687277794879534,-0.378417776991926,1.32712447223784,-0.809979936032183,-0.0264725185716159,-0.456633484113575
"gene667",-0.240736088764655,0.486486332340727,0.227598960104987,-0.436063947236824,-0.215001813528386,1.56651609885432,-0.255109091765604,0.195865350540247,-0.0715898640241388,-0.0414186574495309,-0.0904419142193467,-0.00701834419512065,-0.468760852997306,0.442677217273378,0.506263743423481,-0.106674610795417,-0.829396528691323,0.308927568993393
"gene668",0.665414200588738,0.764653831183939,0.899383057510796,-0.947946996075677,-0.300641574382795,-0.37192205459128,-0.995688187583008,-0.2271693660522,-0.391941362810631,0.294624705215994,-0.615989646040802,0.734458932449374,0.0560357405193829,0.562031912575571,-0.0517234816396158,-0.643678154859281,-1.19884735264761,0.670721957201998
"gene669",0.0216856772092119,0.814573098416289,0.90356987235836,-0.964752996704614,0.727799768272502,-0.961872648148006,0.865269452702605,0.672956029221338,-0.232715977315502,-0.45822541637804,-1.48988159457362,0.182015137598683,0.953384607755628,1.30439286469127,0.274091913905643,-0.483197921516532,0.315584815825337,-0.658423995693935
"gene670",0.959185015411302,1.12034551795261,-0.43318719911618,0.98956666640542,0.612235547330998,-1.42873338928667,-0.390899037685676,0.677711602878879,-0.388616629538012,-1.16441300548281,-0.456220042945398,-0.489686561156853,-0.807841688259422,-0.928226213850539,-1.79695437748298,-0.139444569751936,-0.274525949460352,-0.803816498661122
"gene671",1.08360402962942,0.218822073578942,0.588598609074368,-0.0260636901799659,-0.392479706600939,-1.92863079739064,0.516966931317648,0.564991359426536,0.645701435247379,2.07407763509529,-0.491101799682322,0.945697224862683,1.06950488141512,0.971952829402002,0.315958864031682,0.968422398821116,0.132974015603777,-0.399165493053777
"gene672",-0.552198541889453,-1.55233737322989,-1.17340072221783,0.71224970901573,0.961977473149437,-0.205210810150258,1.21409991261894,0.135034252518922,1.25582092595896,0.792811278049134,-0.747450654535552,-0.247356952605679,0.894953678169315,-0.305223676817819,-1.05671192025555,-0.363755766247388,0.265749247028443,-0.602836749559936
"gene673",0.92870600734102,-0.442611825009221,-0.107309086087576,0.644246590387201,-0.663583661284568,-2.03876521002023,0.641980566912844,-1.39190604295151,0.0981373398603426,0.745955307438264,2.02685732795016,0.393716648519422,-0.125271834853275,-0.593985608698873,-0.702032379993475,0.284171882821225,-0.233843470159231,-0.842377755076201
"gene674",-0.68674052208039,-0.65828984944212,0.159003670855289,-1.49610792334775,0.687775721742744,0.402520107678569,-0.937298154613089,-1.0621395198199,0.103936559984406,-0.749126238770198,0.119970311073055,-0.85085517647291,-0.324119277728479,-0.368010330481462,-0.921036974538395,0.211186117207665,0.670369108030217,-0.207129865985786
"gene675",-0.112643706687966,2.29702886594045,-0.537116764831059,-1.21640601667516,-0.824925876683517,-0.218049232183722,0.35134209588158,0.315480691316874,0.206635857678496,-1.63389931272804,-0.820707431681267,0.0276322685747327,-1.95338957562616,-0.176287990536285,-1.12641072763483,1.42669744418161,0.326891923426938,1.27422287568341
"gene676",-0.132981737801423,0.403164769588172,0.431687310724912,-0.031003172072707,0.543436189404692,0.313302300649332,0.363589932079884,1.02164239142185,-0.442649464952746,0.459171921155154,-0.996988837511764,0.657331575367487,-0.198601246152078,-0.441316435687345,-1.3095039960209,0.739049375368328,0.716066580464402,1.03575276321915
"gene677",0.184575913702574,-0.391082098002024,-0.381948005115108,-0.330926647307631,0.443581387410248,1.50689101446209,1.27442323867769,-0.104263234591715,-1.62496572241469,-0.187971243759188,0.818870832747435,-0.0767297420260149,-0.190712050190267,0.321791506497816,0.336049485576104,0.709687484992138,-0.367847809599299,0.669181048189818
"gene678",-0.73896691230698,-0.238696480098752,-0.181968814846612,0.150615040735063,0.202817341131078,-0.119447726641786,-0.0422776318107123,-0.526865047130598,0.740238244379959,0.37976069436478,0.127064098902425,-0.174486711521285,-0.231056230001654,-0.0316357954671617,0.346894950048171,1.12019959991244,-1.52553640968159,0.714103670302891
"gene679",-1.48604287341981,-0.790154568876015,-0.703414140439894,1.66885640319519,0.63732285574533,-0.961285204100188,0.290610494189948,-0.657533146162552,-0.192370343484713,1.47068469799325,1.1474940436854,0.755126466402157,-0.173451796322263,1.49922130584682,-0.918183068571188,-0.296772235496651,-0.992791705857424,-1.69621519416586
"gene680",0.852464885214937,0.855096624998617,-0.103553485024757,-0.845806163455232,0.750724420142491,0.0857275197319028,0.26030084675906,0.48069230522717,0.528839134878516,-0.571801225013326,1.39387314483493,-0.616710317872268,-1.20126399692746,-1.18661330775347,-0.102546469783655,-0.195154412033783,-0.44785559371169,-0.903832415640055
"gene681",1.35251091512103,1.10742491584185,0.0814448630528107,0.707184966226183,0.035914007434471,0.142456854860464,0.20649654748203,-1.45142339092174,0.578220138832151,0.123210153549787,0.154814640119963,0.0358740505885585,-0.175459131207179,-0.0919256273564288,-0.09630685694491,-0.833851402064151,-1.26146021642884,-0.853443927125849
"gene682",0.0456457821540362,0.251185306084168,0.334256618021662,-0.542052103023838,-0.483430726671731,-0.207675643563904,-0.329836038049282,1.28640855882518,0.84107559425539,0.687995347864024,1.23300455516567,-0.786832278643277,1.24568845432203,0.0177164546010404,1.10484276332124,-0.574326666464999,1.37435338273707,-0.721018651588647
"gene683",-0.134166237902421,1.42712523891375,0.665671144986331,0.148235912076666,-2.05395932089901,0.624369817509883,0.0391943018200161,0.76817501051082,-0.184849215568157,-0.329539533737858,-0.690547674646607,-0.267229738310084,-1.43330563229863,1.02387944817297,0.134677225029966,1.02979186526244,2.03364115788495,-1.09562305823465
"gene684",-0.546577357901894,0.610751779667163,-0.0173134918350468,0.660379035958231,0.095533707181045,0.0502054409227594,0.426044600243561,0.860689780951948,0.110420739922642,0.319830838267518,0.372368782426518,0.924252698924864,0.95911970378776,0.810138312793857,-0.333709560749606,0.477032885387911,0.645686873629491,-1.11099743391412
"gene685",0.36906307389096,-0.573717222082943,-0.488267340532899,-0.385074953801778,-0.0634585491072218,-0.176549390256332,0.579485104099382,0.0330378037872113,1.32114444686401,0.802605971854177,-0.241022023988009,1.2823450114921,0.264051970353895,-0.0384404206437411,-0.581863554437932,-0.969018454323817,-0.940743371558657,0.145889111182129
"gene686",-0.323377776081783,-0.545137971323221,-0.464499823317137,0.404548725984635,0.0107805022854623,1.94278258722756,-1.00623710064911,0.266237106647323,0.449181908700449,0.287936941769641,0.203094508708453,0.362969205236991,0.833549525758053,0.638877576571067,0.592816944142427,0.138633514235111,-0.0177209861270023,-0.786839964159641
"gene687",0.495098193868579,-0.32927154170402,-0.603316401681496,0.0337929699512008,-0.474155799659068,-0.409856554183431,-0.734597612990369,-0.0508078433765402,0.290647201629255,-0.23265007542912,-0.820869750547531,1.4135351099353,0.111448762691873,0.542656654775638,1.13717140876609,0.774605984325471,0.0602190547406562,1.08234292318262
"gene688",0.465021388811246,-0.951062968436119,-0.118287563380901,0.421679633578946,-0.277028427318363,-0.0788461806246699,0.15592425890762,-0.895502254489717,1.10969239409822,-1.38395320274046,0.469143539119851,-0.0836472815668112,-0.189098892979934,-0.438456165776535,0.290652442747618,-1.3042973741419,0.067962061220676,-0.310684751814942
"gene689",1.0191144263948,0.30738794737849,0.193971261279723,-0.796412420524322,-0.0992296945941518,-0.950988557640071,-0.575382827931321,-0.335926714858138,1.22638063234592,0.731175391871354,1.51753768752108,1.19462615742887,-0.548795756933873,-1.33487214657786,-0.67177164941723,-0.748861738735982,-0.57491679558973,-1.27565767778202
"gene690",-0.209161836390214,0.394489150213944,-0.283744125955026,-0.276623064003325,0.180464630213404,-0.156686883185289,-0.312268835950918,0.326379039478116,-0.547073574173985,0.653896060380438,-0.490986549927566,-0.378834650405668,0.372793084535319,-0.157346364809505,-1.14480513734093,-0.982598558880183,1.39054123500676,-0.366992132463497
"gene691",0.537305355772555,0.577564224503711,-0.0322735746543764,1.23363162873239,-0.872975832932913,0.571595474639963,-0.45710276077869,0.226113138741004,-0.33008687867685,0.0485970870178539,-0.45569112429601,-0.653389092450568,-0.135003035393991,1.78946314376842,-1.70934663368107,-0.24293007165481,0.052030688462181,0.354983141043361
"gene692",-0.837862268716901,0.450926230777034,-0.224570302925631,1.22205481852549,0.00174568191084622,-0.574907847391869,-0.427848598802564,-0.695669828010846,1.0152492484149,-0.523450416434853,-0.187990610047984,-0.858745633273622,0.777948183197082,-0.175821947423091,-0.755909664186664,1.11812473414304,-1.14740947406359,0.293470986465838
"gene693",-0.478489441353932,-0.919281877638948,-0.485164421713355,-0.026802062966686,0.539317371974947,1.15993086761944,-0.828198557729747,0.125626420573531,0.25814401169241,-0.442709849988794,0.0688380337368722,0.00981044229038318,0.119691154502465,-0.130440524443806,0.139374390279266,-0.0163626745851354,0.504415899399258,-0.0974238070564004
"gene694",-0.192289497837936,0.470278285087824,-0.296364176346221,0.0087810545469706,-0.0196102441298134,-0.112101489868916,-0.996330947438815,-0.998786053816691,-0.254156595381604,-0.767466017855356,-0.106541539346848,-0.0670203202060836,-0.13205772484227,-0.136657748649607,0.0854695113698622,-0.411379596549142,-1.18330788048748,1.20779316352298
"gene695",-0.0663964493867788,-0.254846120441441,0.830455040229196,-0.606150487986829,0.755790498283328,0.370205588910763,0.564604826242139,-1.14159207997608,-1.15554809183682,-0.281850754329351,0.387342019882931,0.274358211818591,-2.40373081092803,0.387471626233742,-0.421011622210641,-0.339445771430139,0.176151780592811,0.280388164760514
"gene696",0.920386449420513,0.860820252266867,0.589509195528511,1.25033710393577,-0.600364434194198,2.11785314754312,-0.759708363370725,-0.0025315329755789,0.865578211736273,-0.0620696076681057,0.353019298304017,0.455586176703623,-0.0267223573326762,1.44520700487147,-0.163627969612391,0.00942493194717696,0.173574003477572,0.726003747598406
"gene697",0.0614048059404691,0.152559682921103,0.0649324274516568,1.56144150153697,0.0764770001689341,-0.124651844426309,1.23873586780289,0.311660888092508,-1.5701751141759,1.2178850375408,-0.5197351492175,0.532302060247694,0.953813814439809,-0.675144120033463,0.38422967902375,1.33656886514154,0.233713027183662,-1.0370486188355
"gene698",0.929413000792038,-0.397333181216403,-1.1571282962078,0.923438068996555,-0.265417925043639,-0.371131837212122,-0.521329575222045,0.388431288559512,-0.421838333812527,-1.36179036591712,0.492882193719275,0.0979171602756183,-1.11919753983401,-0.0819140787329393,0.0798696498316311,-1.00132683788083,0.262310523961219,-0.791690478937346
"gene699",-0.267350985409074,-0.643456175314948,-0.543995698621962,0.208826564187257,-0.411992187802149,0.805818937969126,-0.105676723895027,-0.152320128760705,-0.812817749633608,-0.201354759190498,-0.00411037762878913,-0.536181675424945,0.424459618348554,-0.0506562545853122,-0.444810967584603,-0.132450073428489,-0.0499184531649962,0.844287222793189
"gene700",-0.177129720671479,0.0613120055325862,0.239228098904852,0.943661763238414,-0.871389009800372,1.7953801560933,-0.713876340167531,-0.747036563553363,-1.66231908927118,0.255258838917717,-1.10482342390865,0.198684898852977,-0.410006204128555,0.0126140660757348,-0.303361522736952,-0.585245831022219,0.70901362215189,-0.922373365105782
"gene701",0.426485112567593,0.844775675626045,-0.677218481404724,-1.37003009677108,0.0551009685754495,-0.775275023986141,-0.631431905544805,0.192860409848296,0.0895479888558589,0.337308956314225,-0.894483745609286,0.170044146072545,-0.49993906293968,0.355728047116769,-0.38808477005913,-1.11017161411915,0.639711923437491,-0.555715538344938
"gene702",0.588494474455889,0.199506602734131,0.387477428190262,-1.20693977889609,-1.48464735161196,-0.398727663115864,0.909898926228952,0.43258501054105,-0.45002950505783,-1.34276524735908,-1.26989260421743,0.701244303879484,0.668699502422339,0.182330355471811,-0.286659665402288,-0.510420208665993,-0.511273334362674,-1.09843082233949
"gene703",0.434096201437496,-0.903136081682731,1.17139114573253,-0.722095230227514,0.755111871325816,-0.442131339062036,0.311447676242338,-0.283399520711366,-0.0524166454959577,0.322799941513062,0.0791012115922348,1.33568671271752,0.751794529767116,0.31395695537568,-0.0925506716909749,-0.483907926366449,-0.408108943154656,-0.215459612367194
"gene704",0.72673523306077,-0.636889834523295,0.458669829093539,1.0904211473181,-0.480983367533165,0.736777175979431,-0.253672847449318,0.637897708840111,-0.749984562695277,0.375138251414434,-0.148656801287667,1.01374468466823,-1.19513568773533,-0.326147171941748,-1.32902787693182,-0.475721170224169,0.152573074751181,-0.238806545122316
"gene705",-0.166424453848107,1.08338600748283,-1.26623368587392,-0.185122683914015,-1.04262078341823,2.06988875739609,0.645042593769196,-0.284557835177576,-0.0585400928465659,-1.83896676367073,-0.716020621918242,-0.268725463227127,-1.23750887992547,0.190008913965199,-0.462769662895805,0.135465195099088,0.793397377063546,0.191214963686208
"gene706",-0.429855032911717,0.619782427110012,0.365125440712881,0.0662215453090648,-0.279571847036078,0.224242404230654,-1.14139303179175,0.298360237678236,0.439666956076305,-0.0923756232584326,-0.242653478462532,0.0915531766264767,-0.502769197354042,0.422964570347812,0.185898808361065,-0.498081711016656,0.112430792606168,-0.363223320926939
"gene707",-1.69394222477252,0.985789599016817,-0.656759851639813,0.229762238411848,0.529313268413694,1.4428737654617,0.867250046960783,0.702800538400465,-2.2265011495384,0.451977664691291,0.561174552734359,-0.537168963316725,0.4703254292772,0.24531450231323,1.82785483084389,0.305365167199921,-1.17224935139532,0.172204553009399
"gene708",-0.0802641788538203,-0.235492914948749,0.601216965270511,-0.0430905717892997,0.157289330679815,-0.426930010409126,1.33111611499839,-0.627802808961715,-0.159387668408764,-0.158249902056591,-0.993552769416199,1.21032317087963,-0.434233068266821,-2.28444360171076,-0.441212372310314,-0.31072790771237,0.657591244829921,0.0646890973010891
"gene709",-0.862148712309607,-0.167338764530453,1.4369984357015,-1.82811474599897,-0.0885310888990357,-0.600588762917432,0.606984938794085,0.551210937611238,-1.05131243503254,0.239775823012412,1.63813252496771,-0.0589125390538194,0.687848305108096,0.104719445596823,-0.177543489428852,-0.788169205466105,0.0134837278747783,-0.473039674504409
"gene710",0.542503722773141,-0.0874563220725244,-0.103170050426535,-0.266960152886715,0.30333925494988,-0.141448731064703,0.67857621443414,0.291324527895807,0.233543459225505,1.8894128272271,-0.932568056112773,0.632749089712246,1.14778064142459,0.992698441909025,0.116726721382805,0.264640242369413,0.66463101791878,0.265821976769915
"gene711",0.110460316819571,0.966189695146495,0.215328387385656,0.565748457553812,0.113839382524731,-0.524060619230265,0.842689783880452,0.150754953868204,-0.0447615647850079,-0.446163901108621,0.616297650530857,-1.16270602245247,-0.0828612916432977,-0.530710191387838,0.348000897323421,-0.200577867146313,-0.0140167339333006,0.167904288614704
"gene712",0.860064530219027,-0.120607997633954,-0.675190096132392,-0.807852821078872,0.684031959762773,0.684159918488893,-2.18445089141301,-0.436644225651248,0.231922503433546,0.185577227630921,-0.921331512171751,0.8514681182726,0.358025355142636,-0.57209482856446,0.675161743512039,0.142445831079591,-1.86932898872236,0.478622131104819
"gene713",-0.147422253495883,-1.35727655938434,0.816970678819907,-1.72585330395038,-0.456815919126977,0.720306542527101,-0.431214729442132,0.90197429845794,-0.047643994761015,0.547816718245331,-0.361472626476987,0.135533969975604,0.854939304906907,0.954455052936469,0.245194953525597,-0.121175422131086,1.42770457477614,0.963682010732113
"gene714",-1.13619961512148,-0.0496312999257856,-0.592738353954866,0.0544996206670376,0.0767571154683584,0.429904723784558,0.166567808610625,2.10270336222186,-1.07344861738587,0.746952478619924,1.90998903777474,-0.376360268079283,-1.23189580435102,-0.743755260821549,-0.387119414991675,-0.101953938648366,-0.735655247546855,1.11484217656909
"gene715",-0.96543532358339,0.671128483709774,-0.276929544853458,0.265349233339251,0.9628265149751,-1.09836264640353,-0.598892605861183,1.34755769441855,-0.633244414540314,-0.339269637641143,0.400043039951745,0.692747523089103,0.651366842938564,0.741729118029599,-0.425777726060478,-0.271675804813634,-0.686242968171457,-0.687909415054445
"gene716",-0.735564410925241,1.1559380460669,0.0817359196384247,-1.01551033282626,0.302121849306334,-1.14377623795362,-0.896032552766524,0.4833533040005,-0.273652687706105,0.110194333820661,-0.462849252846072,1.31738999428099,-0.128754794693002,-1.12793983076352,0.535898005571019,-0.468884468047912,0.377911301191904,0.0699754301163114
"gene717",0.851704655907709,-0.912826555390137,0.607667676308894,0.98875974828621,-0.768845442334954,0.360401531280781,-0.528486560996092,1.00734590218643,-0.509370879335032,0.597470570399042,-1.09335255475933,0.840730308074808,-1.06360137323865,0.757367926268314,-0.683567471767199,0.113814746017983,0.838524223184847,0.0840725425391058
"gene718",0.239045408958499,-0.046192651764959,-0.830357609241924,-0.120319398994054,-0.649766494879058,1.24006331074821,-0.306606659971995,0.140058364510837,1.38914288779739,-1.17035627697115,-0.527863876863649,-0.428133783479301,-0.738004071180085,-0.516095973635166,-0.448056340732598,0.108304625119488,0.967064898691996,-0.0951721113959187
"gene719",0.790318928325906,0.536261562445491,-0.80029166431894,0.648333607877344,-0.523236627041431,0.441214620232977,0.182962233627818,-0.911497221281391,-0.0623167619099995,0.502734206822505,0.226970122171202,0.0515859813374268,-0.261877902603065,-0.401096918052521,0.196022595071086,-0.041218245105761,0.712898398335203,1.38347104592741
"gene720",-0.171099661123567,-0.0476819344849978,0.0393985209314835,-1.37536994901114,0.445737695434327,-0.492255663199489,0.40763897944968,-0.0181253368854538,-0.0219743488204288,1.49738773853913,0.00413803804965815,0.516627743683729,0.595505690751765,0.212222483786986,0.99846111135113,0.606555463643552,0.21998636471074,0.785338348928768
"gene721",0.414909657454155,1.13310289808226,0.769339924465267,0.386028442413756,0.655559749258546,0.844592345355447,-0.216184035323929,-0.0145283626061926,-0.463264235761687,-0.676305600505612,-0.193813066126537,-0.736144586634911,0.486580821468826,0.208171413536523,0.19383880657485,1.12996547816795,-0.923578043109157,-0.544432765216193
"gene722",0.318100123987946,0.428756664499259,-0.401429810735619,-0.631650435354277,0.743180163990462,0.659723187351526,0.487484671692236,-1.34269748509757,-0.133075432468286,-1.84816901456677,-0.208926738659285,-0.496646663906408,0.0414514516844999,1.44264125770892,1.51120581505852,-0.270562910297278,1.02251297222434,0.291391152237602
"gene723",-0.61662451410155,-0.0135881639697607,-0.194557291555317,-0.113220318300567,1.85382731491907,-0.704630703543252,0.989469707548965,0.0601869803706679,1.44487835090132,1.05988674791363,0.910046627216334,-0.124031164994372,1.2743457754868,-0.242717033057343,-0.878757796246341,-0.0992195753579405,-0.290164775033388,0.0862775363238634
"gene724",-0.642124377826199,-0.522551013383188,0.327540644232944,0.688948221011968,-1.34554309192935,-0.975515782713068,-0.287328577492149,0.0480263012904063,-1.20077392719753,-0.243493976017291,-1.16240648157526,1.12528434315618,0.0605935022724838,-0.0493879340985295,0.792940286713795,0.133136809249901,-0.289248182233213,0.149181046517713
"gene725",-0.463810374289061,-0.819359850959161,0.268877937009756,-0.10568802480379,0.59043901183978,1.18422472917023,0.509353618314309,-0.774405685071653,0.343750853880519,-0.0983746743583198,0.31893543064168,0.598953578052229,-0.196923907528299,-0.733253584616995,-1.02134280315664,0.200886177991672,-0.330970992947866,-0.523157828044856
"gene726",-0.161055247193783,0.0927680556494664,-0.000817159172999328,0.459326344063322,0.479559461281572,0.909570328943321,1.27403626310984,-1.36152295135603,-0.647926033289277,-1.17690950610455,-0.898126645690666,1.52522820329788,1.3323855279558,0.809103196015611,-0.575170089106702,-0.130473239863359,-0.231654239766263,0.497135184479992
"gene727",0.372113998854865,-0.903762452279987,-1.04201157155054,-0.732442294394848,-0.370172549684859,-0.439394335946647,-0.758707457502829,-0.0582826447355118,-1.10313576212473,-0.507904969703225,-0.0350666889103423,0.045805102012368,-0.795263628555676,0.838806815272873,-1.26158854548566,-0.947213972378545,0.818527430805808,-0.541329618744863
"gene728",-0.716948392514712,-0.00617436613227814,1.740023720493,-1.09830234260176,-1.06645313698541,0.0984926317659964,-0.43493553488294,-0.458497415112741,-0.0213148029679688,0.138630760797962,1.53512398974468,0.0740492135626096,0.564800485029219,0.147081838130303,0.628643500837184,0.81655185771965,0.225801138091135,-1.38731734560973
"gene729",0.834891219456354,1.17596576971494,0.470138117480701,-0.0244312207864059,-0.686935048246447,-1.2307859485085,1.42758426880265,-0.426733390764884,0.152876951163845,0.0403692532009663,-1.08748870918924,0.0509632463432432,-0.624689450869796,1.03700009034759,0.735881371783159,0.616865199068135,-1.39485033363657,0.310490132377316
"gene730",1.36082639988145,-0.390313992999683,0.107227486968083,0.0720897683377422,-0.595759747375852,-1.69595515389607,0.445048419831586,1.07070720733889,0.0806695989994099,-0.106491410096282,-0.77560837498504,0.49526407094876,-0.0818962395110199,0.545757823345444,2.74191058836253,-0.214755520545155,0.600368536790214,-0.892352259212882
"gene731",0.413302954156422,-0.282297596614302,0.155564320307832,0.265076671440925,-0.355573621370194,1.34736513861122,-0.905930695001718,0.830490065217644,-0.0557598843982958,-0.509101662390354,0.546158439363047,-0.0722979540271465,-1.18808001522997,-0.0675060412088352,-1.22859484339556,1.04303387959859,-1.35150241237981,0.185982458982631
"gene732",0.385743016400331,-0.437299144863207,-0.630364868303516,0.296868312097347,0.221458047450246,0.841005083808299,-1.27799028512674,0.0645493845628989,0.165851170402978,-0.885748329929718,-0.268520468185531,-0.0219708976373962,-0.595197753364266,0.283920222369015,-0.0627587071861128,-1.10910968249319,0.222007135822655,0.112257562388752
"gene733",-0.858316183890321,0.0756865243723796,-0.127743087418608,-0.330841141719189,-0.24564038027698,-0.743416477922009,-0.863507821015463,0.276487667315253,-0.660034324273915,0.595958258202689,0.275698683392152,-0.17694100948878,0.45769913843612,0.125602661839146,-0.513963901579542,-0.3587826624736,-0.792689461526268,0.0457844113812206
"gene734",-0.282639491972879,1.98717334365105,1.84077861608821,-0.596157053524779,0.767232405015501,0.326980389320988,0.453212111719015,-0.420898595492658,0.993021406703258,-0.15576749047889,-1.12098959917108,-0.200704392171807,0.240795667116725,-0.116808337553367,-0.483765699702662,0.310817291926319,0.638743604393704,0.0830393137318843
"gene735",0.53953266493804,-0.295148851206843,0.776698536901989,0.312803642455574,0.00826030567071603,0.174181993508986,0.350096819386123,0.441866890455939,-0.14201255595256,-0.737767366558938,1.05241877767232,-0.151423420806754,-0.748379239166813,2.13135032009478,0.507881732413427,-0.118391645774752,1.05914464569538,0.388588107593383
"gene736",0.380857452887362,0.391049247589048,0.00611109287808439,0.311539224411248,-0.281507097265733,-0.264646093663501,0.637220911327247,-0.0977785708308308,-0.325896787968648,-0.782600514339812,-0.169995810600775,-3.1676688120225,1.31534462535037,0.0626592955435429,-0.390322283035833,-0.410875223602177,-0.0579279936194028,0.0971171658944224
"gene737",-0.362409019015359,0.318428902758656,-0.373330898437722,0.233830264592986,-0.51532618143821,0.442605213190924,1.88813070952051,0.10486393630174,0.53862752260748,0.340106945049676,0.161414520142226,0.376628504586341,-0.217509992266595,-0.0345321964684902,-0.592070989760766,-0.383917441625048,0.51183726967346,0.867934174671661
"gene738",-0.868779560777821,-0.766081012829639,0.652837667684467,1.12862172340519,-0.826881212316925,-1.44433898268706,-0.107314095110809,-0.535905930727106,-0.32784740214417,-0.0564478180633539,0.876824205820702,-0.372967018970352,0.666277206737924,0.246102413611648,1.39601961524598,0.571117954014179,-0.377819704225992,-0.214123951414921
"gene739",1.2594261127378,-0.270914072911578,0.37475459345653,0.942914223844964,-0.776949138241324,0.601988594054571,-0.589045449427874,-0.217412652426633,-0.968573445595085,0.15588274684518,1.25440421308263,-0.142588263788649,-0.453802664600908,0.632377489136893,-1.32763252454223,-0.010270480480587,-0.38614286131883,-0.274185181909394
"gene740",-0.220460472892832,-1.12750201414599,-0.693311828336784,-0.332825790825887,0.241542657124132,0.530656445187535,-0.126532567239948,2.07266709695841,0.219817537143001,1.68259797598418,-1.61560850928381,-0.820781954347588,-0.906208484090202,0.394726006846547,0.998652322718815,0.638131264592477,-1.37636043890408,1.11899902830023
"gene741",0.775306025948438,0.356297563324477,0.386841956392118,-0.000321134384023722,-0.259889029269725,-0.912047146001261,0.986777698621989,1.6593862680479,0.3921792035178,-0.512953086759174,0.605671157322816,0.31924185004091,0.84802824804359,-0.0127465915827467,-0.205095735176237,1.15845790914018,0.544182166217565,-1.13103413316918
"gene742",-0.599380020833557,0.770622274649822,1.06277653649437,-1.68116149691573,0.401033972723373,0.575186428632919,1.09675699303358,-0.0353412411375521,0.0453496681229005,-2.00765619816816,0.164363245275301,0.221476959072315,0.779719810448146,-1.22844539235697,-0.526582201468662,0.565933653370582,-0.207580430328696,0.867471487039997
"gene743",-0.7909930231961,0.383256404935193,0.207082171617889,-0.0759373075399522,-0.0156311124357489,-1.33649330899653,1.00959851087208,-0.135687178967227,-0.729180853853687,0.283848611118594,-0.337861972691317,-0.141819844181624,-0.0590367730690839,-0.847814431343938,1.21299652612973,0.333307055826429,-0.660060717401195,-0.283589591798991
"gene744",-0.459441041905083,0.446764443762382,-0.216934216968901,-0.986715467330456,-0.251250380757962,-0.415242897004404,-0.216997886312157,-1.03577176422103,-0.397930137484868,0.464936186828622,0.01172525286523,-0.396012842658237,-1.89158362868342,1.68531838039255,-1.23212884005505,-0.628814354443341,0.346902405330728,-0.444716998199265
"gene745",0.146074660463882,0.378464498924276,0.256044997432858,-0.786548450570567,-0.720025361442166,-1.09725245278695,-0.133511293837844,0.833889493765782,-1.25907644741603,-0.240368812129257,0.557321363180549,-0.377526673799317,0.0921925572288896,-0.604102389539519,-1.1818675114218,0.119850646845527,0.197490513889621,0.833124604100866
"gene746",0.904881851151329,-0.710059351415578,-0.391167029739062,-1.34711130585958,0.126747471481301,-1.48006654464639,-0.214411628916368,0.799204502028133,-0.552096024724636,0.657343593435912,1.19770880852859,-0.247833993260423,0.553644927694251,-0.154164805961774,-0.715827662586784,-0.139177848646746,1.03384134336743,-0.461553338202829
"gene747",1.42377215733305,-0.621074500325657,-1.20055669509188,-0.0171667421357204,0.24864392367869,0.364542022371174,-0.131796772632042,1.15189854411051,0.101675628210449,0.243394870641187,-0.15891243037883,-0.063788600518448,1.22780260904033,-0.335973512039183,0.111317111028599,-0.146752743062174,-0.384847003447994,0.148285933780761
"gene748",-2.04155563146812,0.561553041950526,0.739658962697213,0.0785578591801416,-0.996170357391008,-0.0700397281755144,-1.36493336646172,-0.678870260658373,-0.013627882234992,0.0235170758847264,1.15935347431449,0.0152783486955718,0.068119769078751,1.36259581926368,0.0947379459850143,-0.301728405717133,0.0925747262314833,-1.06359151465808
"gene749",-1.61115424857002,0.586953994936531,0.0520749998013791,-0.902592042881107,0.842076361042239,-0.224024962257829,-1.18610721429956,0.586215958060774,-0.210462802375187,-1.06215080475609,0.717040499961401,-0.572871003006874,0.519101209091813,0.668477729491116,1.24674744201315,0.266685571593759,0.836171713442657,-0.167372907884271
"gene750",-0.68430434555086,-0.595638414193979,-0.600301042992115,-0.581383446941235,-0.358770756827117,-0.947683194572091,-0.212974165658245,-0.681134082830745,1.27052489025915,0.474265089723331,-0.14112576601271,0.568865894574914,1.90444264849361,0.447781732255266,0.854308176125032,1.22903003736219,-0.46223408870285,-0.0415991116565225
"gene751",1.04161728917704,-0.443914881642499,0.207123860651554,-0.0524440284849102,0.189080588286301,-0.392306648421611,-0.430510590655823,0.122144102722465,0.620335360887126,-0.824522612997779,-0.0726670692771462,-0.00721317276142494,0.144766980324551,-0.064856716172323,0.117495691767234,-0.152303350310678,-0.0667589918025554,1.37028579236539
"gene752",-0.520891899000595,0.512252396364727,0.195140017118282,-0.280660936858274,0.0358393107743443,0.271475406577945,0.497875282962527,-0.782923465610063,1.47543496485668,0.137393649726502,0.479516347401795,-0.203578276962061,-0.460818307515356,0.684122806663606,-0.33130098714896,-0.0927207444290579,-0.524932850622342,-0.828837985052704
"gene753",0.991947635818222,0.068020254044371,-0.347530538924053,0.200103248264621,0.895708023113131,-0.585373918727646,0.0997313451153491,0.347782155138785,-0.705208627470378,0.805086219629557,0.490286950803601,0.896244718218576,-0.307675170740609,-0.17485763329152,0.961692645724151,-0.262610449897022,0.403354639627658,-0.435170599521892
"gene754",0.103617179141405,-0.13086019907729,0.0834755444501322,0.635359528012583,0.330224436669403,0.16554780881194,-1.05207247347513,-0.529602215836639,0.098810121109947,0.648964758504099,-1.87421977881722,-0.485345842362954,-0.316279533396127,1.29818461883522,0.351863451301787,-0.356969892365302,-0.0729647864736601,-0.263305428445882
"gene755",0.785256826918737,-1.17930155018609,-0.238193851881344,0.166944696564756,0.914028139516517,0.56813796082595,0.574945307018981,-0.154495122588194,0.651953550201903,2.49288409858553,0.488637481121703,0.453336098629764,-0.910295663268582,0.114782368799607,-0.101434012651294,-1.21275598871473,-0.151535535786913,-0.430882200587913
"gene756",-0.464072289699055,-0.958457891409818,0.00474511513131598,-0.394402943067561,-0.484003615034563,0.627860829274408,-0.196586594348774,-0.667271659164357,0.599913756710546,0.85337225000472,-0.473678853706189,0.84218250265225,0.162082670411863,-0.383104241783191,-0.706517554922325,0.0429962598006667,0.762598822643503,-0.677938169304328
"gene757",1.0768353861728,-0.0487709226958433,0.720752231109782,-1.15929041221158,-0.520704112904685,0.552137691334214,0.332955819580139,0.0102659564817489,-1.72075478267409,0.776708653838255,-0.480526222668292,1.53674912449801,0.696165963158439,0.35405290686389,0.458454837706853,-2.28688005278886,0.588987419207729,0.0405039090587047
"gene758",-0.727616351250643,0.136773673949984,0.314028331578818,-0.0401146841113202,-0.161443596572137,1.27598854199512,0.477592478289211,-1.31253944091629,1.18010035310398,-1.26428907735981,0.735824317645545,-0.67251029595257,-1.03805087821851,1.07607726397648,-0.210026882933286,-0.450448347090152,-0.185964976612084,-0.590928309367586
"gene759",-0.750506459800111,0.357941510509679,-1.14690336740032,-1.88908758010292,0.891709473437615,-0.601037351136955,0.0879842264468499,-0.982330249843973,0.922477654422401,0.732891053934907,1.86433382976454,-0.0954164557687568,0.29257933605082,1.14535837108669,-0.482233912394015,0.184337930516718,-0.436443593065422,-0.0165333637173545
"gene760",1.38104256469208,1.33183979296647,0.257761223361052,1.50109196403227,-0.629231775359958,-1.12411239037852,0.226550704726632,-1.02568541566795,-0.974344389865972,-0.372632892947789,-0.0852119357021327,0.330313986999219,0.705413745022926,1.1463717609868,0.381509819205434,-0.0505198380702232,0.264184001283813,1.05884114908382
"gene761",0.343755436678562,0.610539106293253,1.42649482500165,-0.0292837010358119,0.101329239616037,0.283050787671317,0.533333176486852,0.163730956591898,-1.22017531850696,0.647959508651325,2.02203589991461,1.21871923761367,0.454811767852244,1.43558083716038,0.480487797999505,-1.71987093942249,0.178347440346897,0.0395966178572356
"gene762",-0.562086644078613,1.54741708857144,0.242436742231867,-1.29339725983184,0.156628775973127,0.326815159699607,0.253567337578335,0.7194805355116,0.344924414547093,-0.702272756577277,-0.446620299919404,-0.436560684649786,0.243662227308146,0.265464859072691,0.655456854753117,0.798603757686528,-0.1182630650105,0.480477796397097
"gene763",-0.516449653716114,-0.107826974629739,0.517653680829033,0.61949651575157,0.568865295436809,0.450551435628519,1.58082098007523,-0.771434244381763,-0.215432333670408,-0.268009238225219,1.66291466175311,-0.35995360477855,0.187156629410401,-0.623579022428666,0.228173616059441,0.826409846851804,0.118395595107036,-1.10228405247883
"gene764",-0.379991317927902,0.248951728198466,-0.119356269167939,-0.433230052841515,0.343201732910537,-0.364634441576795,-1.94467594690669,-1.30185045357593,-0.463045776726253,0.176150773881492,-0.461388206019894,-0.0228069847930215,-0.996231964747357,-0.660856020755447,-0.343383308138353,-0.808057697181814,-0.587910934033522,0.118795944104947
"gene765",-0.205263335501799,-0.784951775716134,0.489183276830398,0.109986590109105,-0.679510816023625,0.917183397449834,1.37054041363702,-0.363717055939206,-1.68639700930516,-0.232811821859905,-0.57279575873127,0.544097552302187,0.109707471063132,0.37407443757508,0.710543466284485,0.0708493827152286,0.0517420610181735,-1.809289035639
"gene766",0.271827476049601,0.249419683757858,0.743993088329725,-0.827526192679258,-0.137894454639809,-0.786349389958486,0.809453280473782,-0.0137725814720551,-0.124430115381805,-0.74073222384834,-0.471290551445923,1.24208341419677,0.000970535617031882,0.0965757535947116,-1.44484410534071,0.342560604821238,-0.369733218199983,0.207615909258879
"gene767",0.0430819889663736,-0.347287265544879,1.13388032177085,-1.87341376553,1.18248545166391,0.179426735145384,0.322527405719255,-0.0964226207663533,0.905500485354058,0.598276817799147,-0.192511870493092,-0.19473918303408,0.984294132573505,-1.48296345120165,-0.0838297690790192,1.3158987469445,-0.0532383829096605,0.32806285469461
"gene768",1.26588834655648,-1.13295486870001,-0.602339887806321,-0.571087866691091,-0.315111162061317,1.08891667380644,-0.282772199688823,-0.226477726221375,2.19340251769199,0.380178581538151,-0.255368350262235,-0.191549616703308,-0.6907722890149,0.782976315712353,0.291727715036736,0.967755493614341,-1.05320775702918,-0.0212397243552354
"gene769",0.368168369956449,-0.215660649607385,-0.12739327377976,-0.33711653045088,-0.16680463921409,1.47720457651393,-0.336373239090763,-0.332090834448556,0.922456926555161,0.218655332214215,-0.105104525280869,-0.348249481098807,1.95307562750905,0.993916109970661,0.135599453197622,0.286399913097072,0.472886922492244,-0.699366349457748
"gene770",-1.24906099747637,-1.34642229178944,-0.46531159126043,0.370944577161667,1.25772583840453,0.337556901413294,0.988777069205792,-0.178394476985746,-0.362979922845959,0.610391145853088,-0.64460452510025,0.807382416179163,-0.188625680698694,0.308380669010252,0.366800641935777,0.783903502679963,-0.121891724629069,-1.49538808176291
"gene771",0.78514254066995,0.727924343778222,-1.09951893439107,-0.507700090465643,0.495620615985953,-0.617985171206274,-1.35656002565171,1.3797329973805,-1.01941379023146,0.0337785418804324,-0.594802111400416,0.586527670155358,-0.736969306661511,0.529604984045994,0.439082315079474,0.354746343354145,0.182223939619617,0.549155817136904
"gene772",0.514413715616612,-0.994396846126899,-1.28261024728519,-1.23953375603773,1.04032843656155,1.46873142606387,-0.152274369356503,0.580513034811443,-0.185179237098476,1.27937839099482,0.569513023772784,-0.595205264130785,1.22283617440478,-0.681810591022798,0.501178800325612,0.358605490671672,-0.196015310121615,1.30211132029097
"gene773",-0.897996592594547,-0.71681414284574,0.076095065821147,-0.0233477415891701,0.756370731622928,-0.433750141491905,0.583979610915424,-0.219782674892152,0.325276902971778,0.504108344079971,-0.100752937041872,0.433355002970526,-0.246348965066739,0.474192230938252,-0.801126874110811,1.3423576437866,-0.470565117690092,0.214371853650747
"gene774",-0.0230294744879518,-0.640889321229644,0.36349320172928,-0.367468443667934,1.009316772553,0.499872717811984,0.324588352436252,0.282621361051168,-0.294584857882163,-0.0442126375515628,-0.0740597758739861,0.229972119336731,0.0924900224819263,0.542897434307184,-0.708590273348278,-0.845308560656955,0.173999593679171,-0.582986138259461
"gene775",0.264447543178209,0.87130668395951,0.631889801836218,0.016968271439835,0.554156185446863,0.248131424988433,-1.0755734559465,-0.803039709438417,-1.37158472856707,0.296787351121501,1.7480270172091,-0.426474308581946,0.331018966612384,0.166031106321056,0.618736317707346,-0.521506229367348,-0.660462642532945,-0.157180367611823
"gene776",1.40558488627424,-0.658871948291565,0.574847698419906,0.298166436379309,-0.882493835913683,-0.800716585992245,-0.136963134294765,-0.154394920329679,0.565870643865433,0.186629823257398,-0.131730001473071,0.510305187812824,-0.886331842088508,-0.796285411386042,1.79362117689601,-0.564854018490481,0.993519628314638,-0.561772158559791
"gene777",-0.124605687144826,-0.00739635901740465,0.299893094511601,-0.174057197004569,-2.00206571056303,0.286856887990204,-1.3495606144157,-0.867208381610508,1.85252290632361,-0.259760834549955,-0.334372193138026,0.0261985326646749,0.293560221685886,-1.46557761728812,-0.521187362903869,-0.0462480429637718,0.859524130234839,-0.560801090153971
"gene778",-0.25607521706065,2.77223906575223,0.788612540234864,-0.456645820115517,-0.300436029231382,-0.200915479818784,1.29391204053008,-0.4463884252538,-0.702728474468869,-0.221429873603132,0.283207188282817,0.688328006426848,-0.76351049629946,-0.040601212519265,0.926043581156886,0.564624112434889,-1.3417493655531,0.35971632902283
"gene779",-0.73459043992434,-0.301283659302638,-1.27689488749867,1.24792407197852,0.622906392778606,-1.30101906953989,-1.01761413847603,0.345172036606463,-1.15528347465871,0.549337877227205,-0.0741441685935169,1.10617487492165,-0.422371017608473,0.0239712789155129,-0.885679595165338,-0.820151391721462,-0.521286568379793,0.082348414126413
"gene780",0.626931849247834,-1.74066442085947,0.229077337595685,-0.0582525571571525,0.491408010206953,0.613104933335784,-0.535065264677294,-1.36389710799102,-0.369791895344424,-0.653689295361088,0.415594041624169,-1.17514632502451,1.12016871536754,-0.793258156323778,-1.16549120027109,-0.514147360126768,-0.841788299657158,-0.132666366152456
"gene781",0.234563025360738,0.890560712712752,0.424715034681942,0.0553988610239848,-0.361192287165566,0.0588783746931514,-0.582830902673316,0.6137814738873,-0.315980500824297,-0.922414274453544,-0.524717048918807,0.176083552022617,-0.772388197099338,-0.596374195522123,0.373499204396751,-0.804416090615087,-0.214432688493582,-1.03834334256047
"gene782",0.404164303053106,-0.124679320289017,1.65415352693923,0.978824183165054,0.582892587193635,-2.18625180094075,-0.572208794404272,-1.03918945539725,0.0587411554967594,-0.882023206869011,0.286738521658283,-0.017556848068079,-0.977298387830851,-0.00395996907434193,0.15343433801693,0.456022238684877,-1.33877137868334,0.118031988185212
"gene783",1.88278484196854,0.0228843455095946,-0.581485348501291,-0.903847664907731,0.0641127850456689,1.15016375629893,0.439511862613648,-0.474337205485611,-0.429376479621023,0.79677446385672,0.866226346325439,-1.10520467570443,0.552580070753126,0.472693780508776,-0.923268200501958,-0.279934993247309,-0.702042298489241,1.36792859682511
"gene784",-0.223036137815849,0.15412645825886,-0.599845983037442,-0.402773732876186,0.40449559643067,0.509670965425231,0.152264828237094,-0.427775201132499,-0.573498698225014,0.253487419407332,-1.19308799514756,-0.204149659255747,-0.159081962118791,0.417572987058726,0.720616098954523,-0.680585009913585,0.272136722869161,0.635196090787279
"gene785",-0.0295689690742681,-0.546140496579567,-0.294426436972314,-0.333463351448152,0.300086214929789,0.333391523659633,0.809383780544497,0.0345890660269592,-0.608767749850537,0.987518322586493,-0.566686113368092,0.777636762903768,0.234052992982455,-1.45548009715586,0.272174974180338,1.35190922463146,-1.12963598945735,0.497333099520739
"gene786",-1.00746511330992,0.436794288458314,0.71764659169827,-0.162675246768256,-1.84148593952733,-0.585969425383275,-0.923257710185905,0.144402274952728,-0.515067241998321,0.360923850983213,-0.575635521177046,-0.209927548661148,0.273827638079323,1.39015105647939,0.748506534649074,0.049397554270478,-1.75372768441656,0.925432328351199
"gene787",-0.408734348017679,0.815403274971525,-0.336109164507965,-1.29725912856659,-0.206703573580375,0.490455683632747,0.51858023255691,0.405641461399259,0.0200453159808224,-0.965121347077543,-1.42297732317622,0.6371318218261,1.8242853946163,-1.14611415002631,0.0192389866359995,0.69467069426322,0.622129604350296,-0.285869121558073
"gene788",0.83598318317488,-0.18573344754489,-0.0905541844490489,-0.0463600502122149,0.772368990867454,1.02415388478139,-1.05225615596694,-0.0399193601889863,1.21592340461231,0.363046539134618,-0.124381344639783,0.152496658494633,0.646699204779739,-1.08588715928547,0.00869838253896339,-0.139790609620821,-1.69748767972229,-0.432607199982009
"gene789",0.422240253091247,0.803679576728328,0.10919073574516,0.33692637668541,-0.163904927725541,-0.543942524737099,-0.18576586070062,0.0462962410026021,0.467528326573339,0.503560758946854,0.0339087106713883,0.606246620307142,-0.904324192367214,-0.0718100866621472,-0.517978630874105,0.287419013930532,1.89056851834463,-0.678793686547426
"gene790",-0.147860144509215,0.787923624526833,-0.873471053269483,-0.576070876810058,-1.54610921787726,0.592886272495116,-1.71547926741982,-0.159925796555166,-1.37087513286567,-0.910378784469254,0.043125198040911,-0.113373793170406,1.61251945422428,1.01593144171672,-1.62534705891679,2.46475828366819,-0.307956930699056,-0.804302190990631
"gene791",-0.538535147347903,-1.06232894140485,0.661813190856506,-0.1921922176575,1.15083501608021,-0.753839758935988,-0.55713515653768,-1.64897016447053,0.0770651519069572,-0.0891524961158143,0.442950706456175,-0.630667038211612,-0.501389445093072,-0.496637458992723,-0.737342737461309,-0.577913796412457,0.480919088554469,-0.303620225488166
"gene792",-0.528949567457119,-0.134713946698705,1.3203979647566,-0.706091364212311,0.265166985472117,-0.20724076647054,0.564478716432061,-0.361920869213417,-0.281195265747973,0.129893976192743,-0.96686057586845,1.133686830431,0.0598065839025379,0.0336828490486859,-0.32238931795551,-0.985049568225842,0.368520344120228,-0.00733239831280058
"gene793",-1.48029216462489,0.588370815644362,0.848110867531044,0.252161042950455,-0.701634331759337,0.303134395223124,-1.25938078347797,-0.51480053155684,0.356928653335195,0.630585617352106,-0.889815145779916,-0.341696247079297,-0.303482672936457,-0.377300293268321,0.779175220750387,0.968771988933095,0.807253643232713,0.14001636871377
"gene794",0.161481796768619,-0.787973261340277,0.0527978083198622,-0.971217842338759,1.16688762967576,-0.576408137394381,-1.28230331626188,0.12147930336491,0.691440616199178,-0.602752201404794,-0.0767265213389145,-0.175001251825603,0.0495957741058903,0.87850235642379,-0.671793529308329,0.165712114803747,-0.660397582286458,-0.318346652028105
"gene795",-0.332728834264735,-0.0643705503363963,1.32537714895298,-0.0353504053904937,1.11812363153704,-0.23832049024917,-0.0962101972305098,0.0332282503010837,-2.41416660424604,-0.260281053902099,0.46327570234834,-0.15180426848425,-0.417225108592947,1.04474392766802,-0.389344233794784,-0.709474150797135,0.0557861456590853,0.177626104789476
"gene796",0.714963328708888,-0.0654530323531032,0.552461330869144,0.0799017696157198,-0.874586977886754,1.20323913175972,-0.0678773560244083,0.789819092210648,-0.737879601716058,-1.29927210679383,-0.869171093431844,1.43246076727606,-0.891233781349888,0.609232210343493,-0.689435185056779,0.145928366810243,-0.503811040866702,-0.0323838945956515
"gene797",0.378217103725842,0.653481215451965,-1.8101687226802,-0.00497615896230436,0.181043077128755,-1.21911730405132,-0.725440272146529,-0.469105570738289,-1.0923991345761,-0.615117357572188,-0.457529226912171,0.00681782647195578,-1.31454031525458,0.0512758697798392,0.431110753484581,0.0983657930658823,0.590055837945117,-0.516254465219486
"gene798",0.775484288765513,0.707749234848673,-0.4202978028061,-0.189707349084898,-0.619421817547047,-1.64982852256886,0.378173266965907,0.304818273864355,0.159252962275165,-0.136948127131218,-1.65047314093735,-0.859699983094973,-0.409880903482131,1.18956731520497,-0.800899501002887,0.245025098032005,0.185879915414491,0.3903464502174
"gene799",0.217749275762334,-0.50352536772477,1.42537142007131,-0.606201762525357,-0.312051096042207,-0.0281665042251761,-0.421119701010453,0.198391499119334,-0.849156651676385,-0.913298704361709,-0.407930019014374,-1.50412662126819,0.145717828459492,-0.305345235996465,1.29991221717789,-0.841930518259688,0.259945269154086,0.160640975237158
"gene800",0.611817148008463,-1.76781475672364,0.838848470706581,0.566726715924184,-1.31200263558604,0.626767135117891,-0.881941890479959,1.0143091855101,-1.12293622022811,0.394595670529878,-0.894275623685573,0.597294450073066,0.954993844332243,-0.0134050698847429,-0.730169765703061,0.416525169373568,-1.77153989399239,0.637780899712081
"gene801",0.659488575833035,-0.46232190246835,-0.189885931194322,0.582932435319255,0.0740959185549925,-0.316960199003993,-1.29743310577321,-0.899190581669576,-1.07459086776322,-1.01792200909406,-0.0665847561570077,0.351637757263813,1.2094484274253,-0.530288698139789,-0.272738191291876,-0.0426394645481769,0.831007977647633,0.591449500454427
"gene802",-0.821346028210229,0.0648525490375513,-1.58225180667288,-0.401320678218184,0.812959981548733,-0.405000958153467,-0.362601975074468,-0.0678530302308799,-0.349645545991638,-0.182184075712436,0.38217550859343,0.509223804404141,-1.33603465566914,0.647917502088092,1.39793163998235,-0.170951618334679,0.53897581463641,0.518645451585555
"gene803",1.04374409002127,-1.20472160336868,-0.463829814251722,-0.864195469379379,-0.363357246733124,2.49327620084554,0.981705918704216,1.18824865337009,1.66550916153704,0.735743252312561,-0.325872976097602,-0.219852363523362,0.594364501484186,0.687413658237729,-0.951424377022658,-0.723519083947145,-0.834093595986884,0.638474311415301
"gene804",-0.914797642178803,0.290189805308154,-0.898840589559346,1.31775381137441,0.65056613235051,0.445923728976146,0.49801423605764,0.263536736442331,0.469894231662496,0.626739750197342,-0.654642198649291,-0.833093574624376,-0.00163647160639837,1.22639302186003,1.40139135879885,-0.303599604085376,0.342399635707019,-0.207671989398062
"gene805",0.706854062735074,-0.365664658163823,0.0637540753182672,0.183278177708244,0.863426884728783,-0.490552923498958,-0.0990046802038596,-0.248330607280748,1.04483598531947,0.114006031370564,0.486980667668761,-0.101803008715449,0.193962915986962,0.868965708523661,0.27889583430695,-1.37161060817761,-1.82720293879806,-0.106034091335386
"gene806",-0.039140060496219,-1.4083815033118,-0.002762467367761,0.790333923394726,0.702175799164787,-0.176281131273813,0.493026054111208,-0.428688509676916,-0.166786726717498,-0.231643414185288,0.0844226402201933,0.416674084440757,0.133378955349323,0.441599539807352,-1.29958266067537,-1.05601717901289,1.24840263513955,-0.0781352349855634
"gene807",0.740624294640743,0.626372428632254,-1.04312739571721,-0.0675030192688892,-1.11234589613978,2.11869788110138,0.352303849155938,0.486753724950105,0.0379101172397505,0.616714839260243,0.59197261834236,0.570803729051876,0.473944216591775,0.185130661646533,-0.684703617392135,0.216605806984148,1.797398764203,-0.526266209664224
"gene808",0.327010575560995,-1.05416715726382,-0.301064133933641,-0.606785799185239,-0.728651695414474,-1.24422291636714,-0.613743290702561,-0.152968610714091,-0.592672332275733,-0.962143492996244,-1.07911156090961,0.643467781983273,-0.120975227876142,-0.501563529767365,0.797173834981734,-0.332710733606435,0.107469451896477,0.0507400124772121
"gene809",-0.491070792212842,-1.19104516941521,0.307876915024746,0.522941707434919,0.692327625247757,0.390661151206651,0.693672748890742,0.92004216079282,1.0840312014073,-1.4641338256267,0.611286090295184,-0.915886997634569,0.232509212170615,-0.580394254147088,1.02353063124496,-1.46115443866371,-0.332894014365772,-0.947287809514559
"gene810",-0.424723436851637,-0.734089211189901,-0.809005124684348,0.436935920734271,-0.494855836166284,0.286631487158053,0.122496871423387,-0.0661116290079875,0.19134155221815,-0.870392894823959,0.78228031644164,0.501346773358515,0.833585985761732,-0.80967351332031,0.00114685624950054,1.05970108760613,1.2371456658805,-1.26590973854215
"gene811",-0.0925811476422082,0.600874635119626,-0.0367049086082087,0.610546216239221,-0.174146567194002,-0.670377906190099,-0.24151494020765,0.0339975980880111,0.62241886426585,-0.310185885107671,0.0961578801229174,0.0292588731866817,-0.854051752174116,0.00329878127626398,-0.731171975788433,1.34432567617404,1.45152386621943,-0.37636923546937
"gene812",0.190364242169067,-1.90423149602335,0.214990808835397,0.160486517405784,0.407869539645968,0.447410424838843,-0.239289411215429,-0.70855017002252,-0.688846571804024,-1.23311471089141,-0.43006482025034,0.577928289125134,-1.15337807142236,0.9404649977194,-0.767595858650385,-0.464132354426677,-1.20525289187438,0.328853059318347
"gene813",-0.410874551302331,-0.014435020935143,0.224834935123618,-0.216289605637894,-0.204509013796625,0.734359269280314,-0.697706228831642,-1.72957095261563,-0.23278682250178,1.42171940177797,-0.53738037375815,-0.587400996024508,0.0141434004395839,0.530536974403716,-0.399585441412397,-0.628590195620637,0.677942517037947,-0.352359575882186
"gene814",1.11334285723809,0.594317252409958,-1.12372697895952,-0.340814519433101,0.605342397096278,-1.16970232056339,-0.707386290793314,2.13633519793732,0.336469220769353,0.689375211083159,0.315832514759161,0.299990307017423,-0.364568833629147,-1.01404792502903,0.589432509718954,0.911470055195175,0.245590884957861,-0.288603907646781
"gene815",0.848023547137205,-1.64281217651858,0.212389546856645,-0.132674881350349,1.03339472394803,0.510424141521582,1.18913447966334,0.866945428883529,0.0645728081178701,-2.10895323741598,-2.08111185661337,1.30171325885507,-0.0881161729705427,-0.613225568752479,0.749416444814281,0.390052539995253,0.667219147656237,-1.05585394661692
"gene816",0.430555672224221,0.0746356441094505,-0.069800366783573,-0.0720543458258867,0.511628665112945,-0.304950057102972,0.960602523074793,0.0783918875840985,-0.42584630101532,-0.36202797340187,-0.269743860258382,0.0666018876302012,-0.281336385250959,0.314957759045871,-0.380339922120117,1.94679464233523,-1.39365495897658,0.151464105476554
"gene817",-0.591379286964625,-0.298156280398176,-1.06418927578155,-1.01739435963455,-0.0358142742807646,-0.228442203489389,1.55776882433542,0.803522257640441,0.400687043169025,-0.382490885043423,-0.572716825755969,-0.876290104205179,0.206558653518767,1.71156822333368,0.538268057096063,1.5805863747459,-1.07298796736288,-0.204751554828546
"gene818",0.994537183028951,0.99383933741939,0.777044001661521,0.352750247636014,0.374428330049297,0.24547745189208,-1.03056242544529,-0.330603740349469,0.811644474720494,0.234232646876019,-0.255205632234648,0.191875550484192,0.536895510896509,-0.164817350162456,-0.766722005769551,0.768502078018127,0.836784014410884,-0.846356904351628
"gene819",0.721341974946389,-0.813620019359325,0.693355539013445,0.8950842792721,0.384703994016837,0.554971297303515,-0.650591360176814,-0.345689971465313,-0.307953480839458,-2.08600815024149,-1.12986113092037,1.554994843016,-1.70043711636505,0.498676313138206,0.00175686053476561,0.815462899328414,1.35484098417093,0.761150551588402
"gene820",0.0392516333550657,-0.619708662419869,-1.3789579976679,0.0696796975579372,0.238891992424593,0.353015306600957,1.20687577262531,1.52556945268437,0.807667337495341,0.686385835067323,0.0526257712874948,0.170863979022677,-0.347400080262531,0.784401233516799,-0.0777019208858112,-0.443612721567847,-0.199891545858704,0.186797859771219
"gene821",1.13941001752653,0.172229897578049,0.78997973517499,-0.409596141721983,-0.660171367324913,0.593671375582086,-0.287976886912,0.222831294427293,0.436416572208193,0.261006635196894,-1.11761137303513,0.940987111209436,0.443907617403763,0.186480305609307,-0.359274108674182,0.834939787104845,-1.39318009020746,-0.213379840575704
"gene822",0.871982940094811,-0.151378656219701,-0.340771897213332,-1.06284867260247,-0.642911454039027,-0.0174942018805255,-0.603997745415221,-1.14879300111184,-0.0665256540716062,1.28783503776135,-0.218139959388689,0.210475756820866,-0.380958562457208,0.246916741970572,0.354632018818478,-0.0975358867922881,-0.562869076637763,-0.872185323329992
"gene823",0.390132045430088,0.464295808338349,-0.555190570447353,-0.265096501173752,0.625078108867573,-0.100209679996218,-1.222041570268,-0.847430579090569,0.791935706952375,0.28525229299903,-0.611551786201124,0.457454087504197,-0.0884251779761174,-1.86349068074624,0.238236987958115,-1.14096194594913,0.810328513677681,1.02648585040721
"gene824",0.12536126889255,0.84154818251858,0.0776732713229343,-1.11039527084983,-0.191049455325035,-0.514532395590529,-0.0286817934336558,-0.177097981480028,0.851080530954435,-0.710156889084518,-0.669534860992324,-1.1652082612614,0.0984829614896558,-0.25076189737338,1.96646209570058,-0.977572421361022,0.0507834112530646,-0.295672503382413
"gene825",0.318790255983062,-0.209759210745286,0.32812066259176,0.508962267684037,0.305931891770626,-1.22649646577506,0.753480247129322,0.51968760338668,-0.852630519327845,0.567338120782363,-0.979398568216522,-0.146600749750791,0.0326154859771579,0.0193336875194703,-0.490058288089428,0.0629174667760686,0.432003850814658,-1.41541564712226
"gene826",1.04573041140234,-0.36622552924284,1.40765457385958,0.500329422075583,-1.11051580509975,-0.563959119565375,-0.257451744269428,1.46060159662684,-0.634297131161532,1.35605784503482,-0.0639226320368031,-1.22329966727432,0.855386777731985,0.86060563495186,-0.21205391850723,-0.253337982939764,0.0461590209630361,-0.599251903326428
"gene827",-0.656840751856138,0.086096339727858,-0.0194393027042087,-0.118748574965116,-1.39107302487239,0.695866635104209,-0.821655040660504,-0.914197171028466,0.843936064745606,0.190399023793376,0.163140495605404,0.802130710225932,0.183245589800843,-0.144377031991358,-0.589316529848748,-1.14679199579971,0.318543214007311,-0.873925453277433
"gene828",-0.0387640670931231,-0.728821869515923,-0.0888514121116989,-1.13396645788616,0.176181605640805,0.200183659453419,0.487755982852808,2.48662980961448,1.25513317364664,0.370740201738059,0.759449053346874,0.0994983633516531,-0.425701832772918,0.580886714073072,0.903110861174924,2.77690623184085,0.141786908790726,-0.205653896391496
"gene829",1.09868783921331,-0.144555040814027,1.02776176436355,1.52845508410406,0.92705962783833,0.486685999873035,-0.089600310381642,2.03033858059753,-0.95833643439916,0.0822297625515631,0.472558279292608,-0.729827555250508,0.410570118827224,0.352359527646682,-0.464649422643217,0.0541917093023053,-0.866888210309796,0.49259272391487
"gene830",0.816794327259509,0.113692952868062,0.0814580829439358,-0.210674332015359,-0.546256997218945,0.131642603001564,-0.80723162240854,-0.239952995323554,-1.56505133030784,-0.636719734666862,0.970847304060264,-0.78544150269564,-0.53602438280458,-1.12439418185936,0.47085272682509,-0.14877604047897,0.948137024187234,-0.836509117431622
"gene831",-0.221502221391644,1.41756803400506,-0.445091096829483,-0.0150822014490761,-0.956555389160731,-0.426433489041332,-0.645736087278197,0.52331821836786,0.67610634442432,1.08973825881387,-0.300385874325941,0.754530236740952,0.236547566518805,0.375857971532344,-0.757747113293349,-0.847619363885416,0.51901980052541,0.206072202689382
"gene832",0.616474875803705,-0.329609777584076,-1.50366662615585,-0.352130969253382,-0.128059366051936,0.858549884015618,1.38241654291761,-0.185185840033735,-0.598377227575749,0.627330141636348,0.0424423345711218,1.23034141268558,1.33111329715013,0.398344543434611,-0.177173403914815,-0.665690385824821,-1.23069573562465,-0.715583782636001
"gene833",-1.82584938327648,0.16483889966827,0.622273889101254,-0.145099229205817,0.418169697602861,0.318965065046677,0.0589940781385709,1.50035782456781,0.147602033010064,0.616104098916929,0.704489247408185,-1.5940570042939,0.23365012560283,-0.602139397781983,0.0471095412948822,-0.745945791027576,-0.448793494799663,0.243242357308169
"gene834",-0.0694744091098548,0.741831846394802,-0.314541029562685,-1.30272584184868,0.453846836083564,-0.485342090813808,0.630497156768387,0.672404930557447,-0.752693959737962,0.531785493874319,0.453592087222116,0.272412613724134,1.15305155631115,-0.596842286117926,0.774216640459471,-0.0279597685129538,0.451373580638245,-0.295364486159801
"gene835",-0.132963844700536,0.554870907140939,-0.132701012790217,-0.609459463653124,-0.14799701195059,-1.20030973293047,0.486074462747951,0.404701559294825,-0.0342765347414796,-1.00980393899481,-0.77382492923749,-0.247781197514842,1.4899608069042,-0.426907503416199,-0.35410979118128,-1.5960178265961,1.2975165977154,-0.362390535058544
"gene836",-1.387993455878,-0.824071922665441,-0.0859405223242012,0.19743555071917,0.42520632754619,-0.116726916269301,0.570532776902599,0.248615868494166,-0.579462448097834,0.105980000600929,0.646217584404027,0.637637287920701,0.32377860032992,-0.856165399077553,0.426648034722668,0.141333521310217,-0.255089690680552,1.8052394385479
"gene837",0.0759028774558988,-0.479341816749647,0.355067806300157,-0.360309950338425,-0.234580099812291,-0.426898530297028,1.31359318281236,0.674339160190228,-1.12906375406321,0.0656456108972957,-0.537298628051084,0.543968833485869,-0.437827681738385,-0.813824711225122,-0.479915206111854,-0.282540333834391,-0.519083737046682,0.289549832203861
"gene838",0.323035381641439,0.533435774550282,1.62587064883126,0.0468942915094296,-1.78353318887531,-0.502044338191055,0.859552779429452,-0.533335831757876,0.26405654384817,-0.15175263273603,0.509296752505242,0.339054410490675,-0.530451293321167,-0.322357082221085,-0.156329627716025,0.172179606904815,-0.271552227417513,-0.718805370449485
"gene839",1.33287916266175,-0.818336996166423,-1.3887286991529,0.82385250646754,-0.181391541005514,0.400000954507598,0.306815531457025,0.301877978290448,-0.173646544600141,0.893166650329825,0.342969659555867,0.74932032566342,0.114062817204679,-0.420051721137584,0.00875225266017573,-1.32998657522029,-0.830141817092442,0.164379039176896
"gene840",-0.491691424503711,-0.432171887865966,0.810591890896253,-1.02398280040106,0.415306442244904,-0.208867124264488,0.481666525490629,-1.88185005237481,-0.209927541268179,-0.219359556418081,-0.263325534022521,0.352526664828669,-0.224450830157528,0.393037405058286,-0.635317158974668,-1.41495119082051,-0.511371849655769,-1.18181006765846
"gene841",0.0278757608783138,1.71684179999537,-1.07380319358789,0.107384493591912,-0.182759100494621,0.272494343843163,0.68777083130766,-0.649077207277527,0.000662625694540485,-0.0027144651393931,0.434131873297704,0.178701368267915,-0.275449859093903,0.339564332198125,0.00916789114573179,0.435061345228752,0.0235484243353955,0.0899887551805609
"gene842",-1.73298444212364,-0.231969099661161,0.638053169816835,-0.0748207789578509,0.108159385472924,-0.174518427728172,-0.339743037675068,0.0801885202657017,0.151534690353435,0.427110702260643,0.818839550468616,-0.701263615850888,0.112989980355927,-0.163684853846632,-0.494083594697057,-2.0624185853774,1.65509707986724,-2.25597252182115
"gene843",-1.03633867101838,-0.804197330025871,-0.740553641662122,-0.818770589212714,-0.0380588137751502,0.805516097870176,1.04469242483458,-1.38584486639692,-0.573681549779241,0.451314778938462,-1.03368371834713,-0.291123173926947,0.174268353527223,0.115418349880198,-0.123468019315602,0.714263702948059,-0.851294693064255,-0.498134227895747
"gene844",-1.41448122341279,0.278255036678172,-0.168414061917296,-0.186929741768051,-0.0308352191667526,-1.14012493189436,0.179252103865467,0.0757514409292699,0.188125056402402,0.188354630771838,0.069481203690206,0.31383372098876,-1.17754459795861,0.73392908363077,0.286194950777111,-1.49243218509649,0.223059817234326,-0.480553883250441
"gene845",0.0875612554394201,-0.596912440635761,-0.148032432525141,-0.0998471032875194,0.774496937759099,0.0708615774740212,2.97675034218868,-0.401914566165742,-0.435044929365225,-0.929314770593946,-0.662556536267429,0.0291058973349828,0.0772859278148932,0.0857389239879617,0.0448243745963761,0.758751933355529,-1.8996094751465,-0.103499428798182
"gene846",-0.595921346389303,1.01974057506357,-0.119985437678514,-0.0183283469592324,-1.14798493648353,0.199867122010156,-0.246968465875243,-0.643634331877457,-1.04948672122622,-1.26303351925,0.0728527824382768,0.115753979989031,-1.01986817275083,0.0568425248434875,0.474159228527364,0.169918512223161,0.511892702990011,-0.885561169298947
"gene847",1.11796491448866,-0.311241375157807,0.335872007965309,1.32323369371954,-0.41852546858246,-0.284060538057429,1.19936955987897,0.713650460817076,-0.286556426579315,0.1800937682312,-0.462863273570723,0.12061008421159,0.119434672215757,0.958410080950487,-0.328040929760726,-0.244914256137555,2.26612198741414,-0.461274776212476
"gene848",0.418343216907405,-1.13048958770909,-1.08113740275809,-1.98896420335699,0.750914793207004,0.463059732666368,1.00232861296941,0.375743813430332,-0.936115570618167,-0.0970136288796117,0.670812083505956,1.06587369812052,0.137916714584846,-0.35687838428282,-0.0619881315916791,0.232535955135986,1.5484178504661,-0.00735609036704845
"gene849",0.166301318675837,-0.947061788675239,-0.376234083327413,-0.0505522795437231,0.15909347148052,0.596137896325106,-0.498548494689896,0.341285949807366,-0.46255277774635,-0.377525584135222,0.659662818992634,0.925729752650119,0.283088601253235,0.830326274055087,1.52369294693487,-0.864009362951879,0.689499678838371,0.990436656341403
"gene850",0.265291188185731,-0.117813683825759,-0.51578076557618,0.16946411923202,0.98681308433891,-0.0394359861801253,-0.834260994175232,-1.31940291647915,1.58745954601612,-0.748645436892632,1.60206984733048,-0.596794519046327,0.883552062071192,-0.0831663439583655,0.317427501480002,-0.0372647548435847,-1.11669036481612,-1.26283623974908
"gene851",-0.644379967748786,2.11185032950683,1.10028508601895,-0.374903976288113,-0.147628901175427,0.0560038275604712,-0.160551615438034,-1.97057028556841,0.408474989156709,0.167284096154568,-0.583614176047532,-0.395632930686738,0.208383437627868,-1.31708956044023,-0.240758565788113,0.0287067788013067,-0.497575304269375,-0.276226905027482
"gene852",0.676830132533456,0.094378914607558,-0.912205445683782,0.810003757517991,0.51288872847471,-0.607911699321804,0.152662191697742,-0.368906428967497,-0.482992947720435,-0.32142581080384,0.284047035976325,-0.0508599711929466,0.0710755105990379,0.0218565559450698,0.418761992034147,-0.0807137729619236,0.42042747659002,0.748147906410025
"gene853",-0.645530412068714,1.20556670094549,0.848294507858925,-1.17535241770288,0.963329347033554,-0.867620202673616,0.842236046184685,0.0813055102132849,-0.828557727499015,0.198307231671128,-0.787830708053537,-0.248970100413899,0.378849164482743,-0.0732500110801006,0.374696732084876,-0.774363814989491,0.0384887427025724,-0.813665485629233
"gene854",0.304507898014343,1.63813473374666,0.107246911468992,-0.18149701800091,-0.876050030594981,-0.591354119655514,0.302052814741703,0.0628635396375604,0.508933118769565,-0.283710782239996,0.262702656899398,-0.653088377851395,2.06778885201576,-1.08856687192355,-0.612195972263091,1.17182229388947,1.15148387356996,0.446743625072746
"gene855",0.600763626270294,0.153549939317559,-0.60071509210405,-0.532720705346624,-0.618378774572393,0.165763703841338,-0.47973787778001,-0.279413612381153,0.250496872260952,-1.36526389940289,-0.562155233428642,0.47134696575056,0.816022064793617,-0.465601140909503,0.521138111676198,0.991099245520395,-0.976209867639681,-0.111577481587299
"gene856",0.737122891333989,0.296912936655486,-0.160002229029363,-0.382974664934742,-0.645633770593369,0.770883002690799,0.633553740732347,0.590396099826601,-1.34347474241972,-0.146783096761127,-0.797363241822832,0.619386756299279,-0.0931987866005696,0.184753082139224,0.423972913551124,0.076781561805907,0.825269867653516,1.8698601285224
"gene857",-0.75724146947018,0.550440099474383,-0.360212943593283,0.0824923841547341,0.493092014161446,1.20904367489616,0.837465800269888,1.47097647583644,-1.57724922723941,-0.529561654288372,-1.34299727217219,-0.458834311671253,0.564169537538056,0.0358543409407218,-0.360600523011579,-0.356545512645427,0.125701147301017,-0.192833259585593
"gene858",0.441114159344687,-0.962169712871185,0.706269138575605,1.81071106504863,0.354956705842167,0.53031412073861,0.52586611026698,-0.67305041197094,-0.118135906996635,1.80340678973049,0.691779073774364,-1.20694836921753,1.02296528746688,-0.652796482070626,-0.160740698970861,1.30013813705278,-0.909505639555399,-0.251362756576447
"gene859",-0.58923156333911,0.159914342104517,-1.15393115657294,1.75081779380888,-0.162369978347919,0.0379955311344064,1.79749260321579,-0.171094760143812,-0.74942398783881,-0.969069708004049,-0.0360937699124227,0.324334747499043,2.01101506335306,0.00349561221019425,0.351523849439531,0.424868616495308,0.889967686795666,-1.88750233329491
"gene860",-0.953645465435609,-1.06761343145255,1.0383171878069,0.400061249208112,0.124376907099579,-1.03630691220589,0.52675870401963,1.31541329961054,-0.314544480979577,-1.26470044175918,0.0270841706565658,-0.120848475610316,0.840808776827028,-0.803218420603529,-0.76138262299487,2.02387679318535,0.162190577016046,-0.239994062919542
"gene861",0.226691953014877,0.778217514369285,1.2522006295423,1.0290262333582,-1.82811880959651,0.84037515980433,0.690371855583489,-0.220753607049537,0.0622648776378102,-0.908023064938854,-1.32073045727362,-0.377315209339133,0.988374886761233,-0.0904689687333305,-1.22432831037282,-0.408851964149451,-0.815989512427468,0.657856394583591
"gene862",0.380962930807178,-0.586042305160542,-0.626137993608468,-0.183784778942275,0.414636711429906,0.658896898030331,0.20400257250716,0.290401090550099,-0.11110466388867,1.07439817333963,-1.68318898698347,0.0648182640049705,-0.862201173523235,0.0117215077865653,0.541341017330387,1.28032417432292,0.759517557020417,0.292343470396062
"gene863",0.3745787939449,0.0329684298901719,1.14086838371956,0.166807031269474,-0.264228916323959,-0.529119668054462,-0.33652680039837,-0.789858265516256,0.0362810290076886,-0.498969775969307,-0.288594160364249,0.147098378540273,-0.520109321593585,-0.0166118980192677,0.587724268042863,1.23366934423336,-0.159873045400456,0.0314731258652981
"gene864",0.365926993901112,0.217409384750311,-0.188988535406295,0.522693912224684,-1.38751280482482,-1.13898831912578,-0.743529901296624,0.446561166263292,0.694198155666239,-0.903729295710991,-0.919104611443208,-1.58090468319551,0.502523299181279,-0.808835299794696,-0.335741801896225,1.17849334601155,-0.487964220989591,0.223612258696681
"gene865",0.115284234595864,-0.948873081200632,1.1576498734752,-0.969906921329147,-0.482000152975634,-0.782257813087903,0.299027208356133,0.115880085187117,1.4715785155868,-0.0369483311661477,0.337804700749735,-1.15282055662265,1.44031833865369,0.898318215978462,0.234167230543399,-0.259118067419641,-1.61485601007724,0.190530417726372
"gene866",-0.588314450609666,-1.26066318211743,0.577924782388408,-0.324019221069242,-0.280949243929129,0.32282690879589,-0.439169122700988,-0.680181152532454,-0.549674082058098,-0.291637827490489,0.856987533037945,-0.92019519637663,0.377829730503748,0.326064804072695,-1.96808234615428,-0.467540803091312,0.475995573544103,-0.756440896526963
"gene867",0.148193399313902,-0.901069326676117,0.396078723480653,-0.605382454933994,-0.238475298567808,1.04896356392329,-0.681285857479977,-0.353501400264505,-0.275521165570249,-0.214422543229497,0.467726091479867,0.301863454046247,-0.870018433703105,1.04461482653574,-0.415633161422596,-0.42842945339958,-0.624430381647682,-1.10775058150797
"gene868",0.878426074342154,0.472616900042474,0.321193695227221,-0.267356618081695,0.415920808345276,-0.327234394691337,-0.448667832376353,-0.219482764103964,0.487794776593479,-0.813931327404623,-1.57472697178387,1.04134586582527,-0.182790163452822,0.151306282723403,-0.264859338835989,-0.106721673178414,-0.183923981843148,1.00865358371167
"gene869",0.228470656882963,-0.457381132621376,0.719112762516265,0.353317867173318,-1.85860700897766,0.491227770224243,-0.0714658029803139,1.54145913845187,1.11542611080549,-0.90063677888334,-0.446156662208038,0.821007288562786,-0.374462135007476,1.27097157800363,0.8143365191402,1.33680924539126,-0.885606579474883,0.110631561616988
"gene870",-1.2546324888436,0.825263272382367,-0.357108803050424,-0.0144110155315634,-0.121194721025317,-0.12044675589479,0.0203000218798614,1.75011131846516,-0.0439286650788978,0.142718012325584,0.661013928526386,-0.425765636755018,-0.451372933634684,1.0302166489996,-0.611014023624184,1.79032059289172,0.452930275929665,-0.434183021625876
"gene871",0.723200920538131,-1.08191091958594,0.517425373361644,0.142481522634425,-0.327049217086662,-0.269845993167737,0.345336227705613,0.585381289813225,0.501612873281151,0.123063704429868,-0.247580305433094,-0.458079335139638,-0.751642448261685,0.13278536220951,-0.285860081117426,-0.835393831579928,0.199646246868149,-1.0087024277684
"gene872",0.0316280919860138,-0.788001238670573,0.569475830927634,1.22729643301571,-0.48158430419948,0.403761077997666,0.00849481750264126,3.69543905022853,0.77605887058803,-0.0862601103086047,0.605884172947289,-0.294040914110899,0.0742242313942956,0.75652179072085,1.9028896701572,0.687444992296075,-0.12837998088318,0.182776203271148
"gene873",0.235907917009629,-0.175940794138673,-0.281320887004221,-0.367511591339199,0.900301217029807,-0.119504327585278,-0.0167500431938727,-0.354915965133192,0.366728725950089,1.19759616049349,-0.549013587390217,-0.343344591715848,-0.523485016340517,-0.409841449142358,0.535978069008618,-0.270387820736391,0.112138546788944,0.268186666517446
"gene874",0.732982470992091,0.656229774170707,-0.337605751852431,1.23702825501276,0.0476259862210518,-2.49685600559331,-0.857642967017016,0.551791359953888,0.920433276211379,1.46471842860096,0.091582058691217,0.689362855185776,0.825228163549841,0.0638171702037559,-0.831092690960502,-0.437371796473597,-0.425327696545721,0.244434471750164
"gene875",0.72468877640476,-0.348114656418911,-0.550088420968143,1.11889994596481,0.410782455446783,0.169507278697376,1.05493461040061,0.00848863565288071,-0.437159530456632,-0.0969863199178028,0.0798022279298179,-1.2144313497069,0.404225056902181,0.940785015530608,0.779931886383827,0.495609091698833,0.565391612740322,1.92785775426195
"gene876",-1.02980236759197,-0.712871413325432,0.796278552518274,0.660944610537764,0.339192403061889,0.000359910923198975,0.941316918321694,0.746134513848676,0.389403919357733,0.150169361811387,-0.796577938238321,0.299398485477395,-1.71978345486026,-0.462992089473045,0.409070405789822,0.376314093488844,-0.430710207219926,-0.863854271072578
"gene877",-1.15986301638273,-0.58372320765821,-1.50136275781517,-0.364804860459959,-0.847008660084842,0.811592859966038,-0.529860339895047,0.286065967648706,0.751222658797503,-0.216640012295945,-0.276190409578304,-0.881369876203515,-1.94131800791327,0.0184048470549527,0.11712900847261,-0.19832375824239,-0.487275830095725,0.271593171973227
"gene878",-0.685220524446041,-0.563661495178479,0.266783664537345,0.288623586045533,0.586842942053023,-0.753889195981598,0.318471571182058,0.371614794981486,-1.04897113096847,-0.505749146952607,0.832718718377122,-0.102566315354383,-0.035280120415876,0.506125054581026,0.743377647119387,0.370934142567078,0.507959945428755,-0.593701841343577
"gene879",-0.733978030064782,0.601774298709266,-1.18184003762831,0.407816906612847,0.618575974590512,0.318397098781734,-1.09062317528911,1.01710892352537,0.226473065364001,-0.466215458775252,0.110653949708461,-0.481392415984461,0.0652332327635418,-0.764011282291928,0.818990478865706,1.07947427431815,-0.118650426490666,0.464406871824352
"gene880",0.0596209163633092,-0.764910488647257,-0.603656908003702,0.0278167495012726,1.2261327190851,-1.13400701485216,-0.112267679913586,0.436712446035708,0.0537075997450509,-0.786445987811619,0.363984199304667,-0.259087174252041,1.87920880639472,1.43289228556099,0.410911777098844,0.15790861201245,0.674026652132509,-0.412166984990295
"gene881",0.338084508676514,0.101357762195834,0.107498036670085,0.862882014613968,0.456451616447437,-2.22462313500382,-0.65999102248827,1.4916224080939,-0.0434803865335034,-0.546931356812824,0.605781712949283,0.477633647646666,1.00939308988063,1.62196452850037,-0.791305003095116,0.0709269370048787,0.221109155552175,-0.0973599873260251
"gene882",0.173791196172074,-0.0441755884445236,0.58327613144774,1.03774774576852,-0.345472255571226,0.522840960664786,-0.312991595837263,-0.782113828395153,-0.0688600327199091,0.13817413958442,0.182287908329648,0.551978172749979,-0.951352791228472,0.742046711217082,-1.58662268930227,0.173728633091997,-0.768793704942448,-0.6164223977724
"gene883",0.0585708965153321,-1.37521158034964,0.761079244921829,-2.4687407929176,-1.01772518148864,-0.453278113253253,0.669883819695709,0.346886988595221,-0.911345326425739,-0.193309560823963,-0.758340167435008,-0.688009485340342,0.64217360525785,0.0855758888447254,-0.0330387895500231,0.901303157103494,1.02190699838605,1.44077377795665
"gene884",0.384906564042158,-0.380222188113956,-0.202122574950428,-0.692800790256494,0.501317819236512,0.441375216341004,-0.0794775690977163,-0.768552972226706,-1.36343739618096,0.900624359581537,-0.175326473204379,0.726305531965327,0.358889586855033,0.705758831264767,-0.414835657991083,0.41460946841936,0.0841170393391276,0.534430479019148
"gene885",0.676709283529084,0.344710277690261,-0.382294004733303,-0.775815766255084,0.466745365271053,-0.395221558352519,0.199801208678385,0.0893756142850409,0.528167081043708,0.00145776499719594,-0.241696266751904,1.79022448862407,1.13406353759031,0.535126211164673,0.607335362745964,0.348899124563881,0.19199136327041,0.369492650275582
"gene886",-0.349922489257386,-0.675439094498478,-0.270089516081579,-0.519860397097159,-0.741894505382438,-0.764279529161148,1.81202787778114,0.661537589035363,-1.00107573898337,-0.203065136027923,1.16946289271062,-0.943628023581158,-0.34400770365437,-1.00925983430569,-0.346130369477622,-0.588753029767119,-0.286953246985784,0.0887234793124127
"gene887",0.212459298874518,-0.296385851140017,-0.612984356020791,1.71176370538342,-0.172287165349021,-0.220462604121555,-0.12688262160202,0.493206956167602,-0.586813449319437,0.64105901055702,0.389547494601995,0.136420499043379,0.233705275383899,-0.412130206825098,0.547921533786388,1.47633953991781,0.481579420618736,0.360632585637897
"gene888",-0.666005298536198,-0.857494857542441,1.1704727299567,-0.235519477261228,-1.77633658128826,-0.369932352950193,-2.33449526898138,-1.08061698067183,0.136019772215251,0.707143393108076,-0.736752862068674,-1.18001988765651,0.897757793393794,-0.596969270571432,-0.160637621254141,-0.602367694547213,-0.127872377485421,0.649975381910703
"gene889",-1.80362351323241,0.28019162509082,0.143483431599636,-2.27203920663589,0.355719320756245,-0.669837960883818,0.0274954249749568,0.12691744527833,-0.344124616146269,-1.11580742471918,-0.273882759501597,-0.105755282500676,0.560042026707863,-1.18777616223013,-0.177061463424375,-0.840342388299073,0.213593528683493,-1.03559871922456
"gene890",0.761047627457529,-0.797522663666999,0.000645420300294005,-0.479008930011066,0.97401850634055,-0.532497837409208,-0.290153790305884,-1.09259697291767,-0.311363924295073,0.843196866080103,0.408333830190839,-0.69270769163593,0.133915843066202,0.765291394798253,-1.78781586721888,-0.615319142611802,-0.129182504175311,0.132125824765537
"gene891",1.43424206296632,-0.300460568972368,0.252170942120573,0.0679324598118778,1.13286589121606,0.352145698416732,0.766667290153836,0.529289637498239,0.425111182031574,-0.519359535562364,-0.355707921544168,-1.07585470825999,-0.274853396254971,-0.783159321222473,-0.18070590149259,0.132723094521857,-1.46506037405398,-0.507037229549382
"gene892",0.0100645717405022,0.118584796423635,0.175498592808962,0.620800911687614,-0.737009883542529,0.256714742174858,0.20959617482025,1.79093348245802,-0.325201489477983,2.06932160223449,-0.508163354221868,0.336971690307825,0.168766850522724,1.27333733369782,1.04183125167067,-1.09289815256979,-0.123040156262831,-0.294565430800121
"gene893",0.208345644220438,-0.913992045778252,0.882735026402926,0.860055947433513,-1.00981599177462,0.0945511494961282,0.822904344455342,0.965432701460931,-0.206603059014957,-0.632564332231698,0.477245634882361,-0.243569016759435,0.640914168702642,0.281891109639099,0.196580878922657,-1.35810945395881,0.626294018712667,0.203505702310843
"gene894",-0.196701126040165,0.317893374495519,1.48382026472795,-0.0734175197480241,-0.420908002647472,-0.518147198188511,-0.106517019400391,0.556451848901069,-0.0854859857760546,-1.23975963849137,0.0619128134713668,-0.126407893534222,-0.0860403437351825,-0.0824942629190042,-0.391888462140553,1.63649338663495,0.967028582757881,-0.123219212674104
"gene895",-0.978190752815835,0.937709209720484,0.894057309506498,-0.91933313329163,0.0524394938565594,-1.84242949158149,0.516525559037247,0.0323202272757182,0.512567837898613,-0.255809003719313,0.249192641494698,-0.270251104525467,0.527307062453183,0.430800560732611,0.452384827934792,0.524970118176284,0.581004513079614,0.0652266237739779
"gene896",0.00394218689057655,-1.37666965063854,0.612721414941266,0.770064602662611,0.746950412669697,0.890985497192642,-0.112439779465381,-0.324099509535008,0.468911275328895,0.213461713801982,-0.0131086157310899,-0.482125005299947,-1.94247401174571,0.139525252165433,0.473731673621311,-0.651283804539948,0.133939360589154,-0.444003981254925
"gene897",-0.244785203424311,0.0903292794751598,0.00057132309843342,-0.0490339494617581,0.194995504892412,0.293639226898082,-0.439974417883221,-0.778557635212384,-0.136121475498916,0.638338519064401,0.910828432296803,0.998663530996636,-0.245160201027623,-0.832848694795695,0.353228752863102,0.771949108351833,-0.668454175115906,0.986542559517941
"gene898",-0.0916343013065129,0.233807861907097,0.590024348671831,-0.431712984151567,0.410214066996419,0.0853805137989895,0.469062490396824,0.0427574788775791,1.10487378508672,-0.785683397789523,-0.484855618414729,-1.17986858855476,0.852304877311318,0.353904160982319,0.264796488591191,0.883015181762852,0.454837652874157,-0.113514757757301
"gene899",1.49804789230679,0.205568893057291,0.680022695097558,0.746167385941351,-0.20663227480949,-0.790594799843741,1.63300691115792,-0.313338625486511,-0.357879163680074,0.435472858453751,-1.15750098160338,-0.967055667250796,0.0769686732689525,-1.51266702566244,-0.292950756868466,-0.803683473724305,-0.126368965047834,0.0203740074573764
"gene900",0.2577528862252,1.04461683324914,0.337409606496931,1.00460657214832,-0.439268452547429,-1.59673154342363,1.55862581816483,-0.493915516971363,0.44551425121044,0.280960545067092,0.501334497039087,-0.19677757450115,-0.159030631082151,-0.144288294886484,0.171239614869349,0.393742760731416,-0.473747070759563,0.897444587870533
"gene901",0.756708451425132,-0.584748070198574,0.0117130714039377,-1.23953155349227,0.558225497219204,-1.6993538913573,-1.0507297800423,-2.37264073373911,1.57544797091743,-0.151064280592689,0.0990661703442701,1.00260633126853,-1.16430644241361,-0.490315156419324,-1.82668221585506,0.535439566721807,0.417440396850279,0.388698109611916
"gene902",0.258187324818501,0.0398357850113132,0.252362171022204,-0.0358031572535474,1.04605162207359,0.875746046839876,0.0613701816043345,0.227547135952713,-2.36946322903389,-0.159048342611487,1.2024655642502,-0.555006338836791,-0.51576404236568,0.852756268988328,0.642231055828718,-0.395500092885668,0.164101587093584,0.780207025888461
"gene903",-0.277712092014246,0.849673769554988,-0.515114189432631,0.779195189524053,-0.709387496560127,-0.0673381163450202,0.680823013424546,-1.24718476625575,-0.450175062605,-0.656831449731631,-2.20072284702007,-0.278154367876231,0.230454611058066,0.909610002234692,0.297884542312809,0.342091898372464,-0.714827845826656,-0.16703132529232
"gene904",0.678002438231577,-0.570444674794945,-0.111910146082077,0.960479112874576,0.452322722019586,-0.417060044935832,0.760386715530187,0.216118242176891,-2.49554180640891,-0.364566983988011,0.25505141977607,-0.801878155771352,0.913020149498268,0.80194711671132,0.939856844370026,-1.13209457115057,1.31674075684687,-0.0638110818447761
"gene905",0.266323070542298,0.475924376315254,-0.472068188370826,-0.0764702292826766,-0.325266039651808,1.85251973465131,0.342225826031959,0.709716056110669,-0.135067526300877,-0.404575731556786,0.85654735280032,-0.195482794616106,1.10788210236405,-0.789965939398511,0.727216521985786,0.772795847007708,-1.27681932054162,-0.545662022122586
"gene906",-1.45420837526035,-0.220541834802672,0.197354586413058,-0.386170864884883,0.396760300648729,0.0277330627945004,-0.499436495556177,1.04382537100154,1.40152845967905,1.23639353818236,-0.432049763643131,-0.638954238147115,0.157263128778246,-0.267982785288474,0.0734071097665123,-0.189888904016834,0.115877243106524,0.171118476286744
"gene907",-0.151366827709974,0.522412512365282,-0.642031656771494,-0.26015413989167,0.346668320414874,-0.823540798074896,1.20669433343983,-0.78554796792143,-0.199926588328188,1.14950156941242,0.972521272460644,-0.334853992476451,0.930842966754868,-0.123280693867534,-0.957221541693161,0.62309842281039,0.0586640216296139,0.764622715600909
"gene908",-0.472152685389483,-1.13434295127967,0.115614758329083,-0.0755568779872236,-0.115882922232433,0.441468514840405,0.865805781765804,1.01875623559113,0.401776090317186,0.450412788305902,-2.1653890314156,-0.443454533267257,1.0513893258797,0.154264973640627,0.875879775018032,-0.876973139403371,0.733310728803792,-0.217405589731828
"gene909",-0.380212839563705,0.228439720804684,1.40686275805023,-0.209563903253227,0.263799683790993,0.287479793311992,-0.910976369520419,0.252666257077416,1.22606486608937,-0.0862190940094097,0.0810577217028657,0.553591796472964,0.205229915173179,-0.173648999740636,-0.594330312160653,-0.00508699851963019,-0.632662644881018,0.645217171798624
"gene910",0.790650601120463,0.564154775569346,-1.3902026942912,0.0318210803219619,-0.311769181564466,0.0334747627641494,0.258878626608801,-0.86572895283712,0.545528031316032,-1.57920394308389,-0.0792288332440736,0.358738425689931,-0.053157780541051,-0.979325043350867,-1.26253036027738,0.358707989484744,-0.860700467786435,-0.564781756150309
"gene911",0.174731993777625,0.0880470045954699,0.119133719780805,0.568554543056825,0.253260461738864,-0.847196548565816,0.788518775338638,0.919494623061717,-0.342420536263626,-0.168522851246512,0.105368887300428,0.0474840027988639,0.31144162126819,0.52830257606338,0.356810189259653,0.291775061882409,-1.14275616874318,-0.829969703754573
"gene912",-0.0045537570738507,0.448529841102338,0.170613041777734,-0.0982360062528335,0.269912851492617,-1.82276881215954,-0.0540299419432217,-0.725384529377368,-0.228024387676457,1.06810000082017,1.12627322183967,-1.32624819231964,-0.443605600609276,1.27518127598092,-0.700741400029844,1.63043143058881,-0.844543572878298,-0.223676324503543
"gene913",0.413842327573945,1.84004348199743,0.340478823111047,0.0305248506190047,0.526949693413987,-0.100261971108694,-0.11458089878887,0.242498410201004,0.822462999677012,0.530087079064321,-0.202355114830358,-1.96036849313165,0.192474872431873,0.467197244235322,-1.4639183814442,-0.759718698567141,-0.932611573446234,0.177128539902137
"gene914",-0.00200640135859781,-0.0464801079708535,-1.61856605093355,-0.415226851154432,0.219314563985348,-1.24963109230921,-1.06446042018572,1.56253012282288,-0.60355280988685,-0.317830552316269,-1.1003762552275,0.389291930545655,-0.132684395463555,0.0831685711607412,-1.20134665216008,-0.685769110558031,-0.972624582458582,0.950075324701575
"gene915",-0.189301699077124,-0.773785559134538,-0.139008421404163,-1.35570835435174,0.169341384522251,-0.409164486190127,0.443336722844435,0.0373336570301222,0.284207286585362,-0.399119700746207,0.774241281771935,0.215509366845823,-1.00766500007815,0.418335295065877,-0.271282644530852,0.939298133745916,-0.404139083769914,-1.17934562980854
"gene916",0.777690143094729,0.156335205959824,-0.362214653151874,-1.26377545769809,-0.442513527343161,-0.471981294086954,-0.301025599842321,-1.74467965104385,0.467485382744453,0.304052362538034,-0.138123441398731,-0.104170965544664,-1.15724021773053,0.213663878171049,-1.10550028157425,-1.90704165338224,-0.547136910897751,0.9433499983163
"gene917",-0.0967180167805201,1.17952723570273,0.605551306922059,0.186904248786021,-0.11456146114457,0.582918831085473,-0.192086750584803,-0.373187310727897,-0.849605836216051,0.322286838587024,1.50904552439794,-1.039833635765,0.295588910242706,0.656564832566954,0.397642295037195,0.345303447996755,-0.833762390405166,0.971938728017258
"gene918",0.91079011708401,-0.572889723762832,-0.311910235158516,-0.552107119874113,0.518785814492308,0.766004744947403,-0.422539136965969,0.164978991996578,0.542453121923439,-1.56482847208568,-0.113676649506058,0.34529329593697,1.78484489770654,0.193717280417184,-0.470641719197493,0.0404607548885314,0.225477775639838,-0.631365660815434
"gene919",-0.593865472518252,0.493140818697963,-0.0233054087423545,-1.20704650221585,-0.468068316813296,0.408271660487441,-0.0192133013186888,0.0188520623222808,-0.720366430786204,0.0389270935861814,-0.0154320953848541,0.196030472107461,0.812605228907729,-0.258971545091442,-0.584854775935317,-1.16917499878861,0.333374613973623,-0.658608784198454
"gene920",0.507306849243197,-0.0814517771787719,0.453140812380293,0.987086431713446,-0.131705907960854,0.337212247869783,0.417649782743181,0.0754651445340633,0.169313219789035,-0.628912289346354,1.65072093993747,0.513377763510662,-0.447996493428598,-0.0261021665135203,0.841425511991453,0.594639115670766,0.476986071561916,0.606270935609846
"gene921",1.10172283679734,1.04433958391993,-0.256266846559267,0.290415388586327,0.00928908777481288,1.10164462579158,0.690238776013601,0.816234286996372,0.559237089797961,-0.468488981797538,1.57182223861061,-1.25672609416967,-0.332500204228024,0.381151599113366,0.489670340766681,-0.182951057627616,-0.558013577967723,0.131845268188356
"gene922",-0.0182899247301162,0.113882060924705,1.24688739318364,-0.631535367285101,-0.0320882331360519,-0.112298996449199,1.03559874309912,0.728275396972601,-0.95731887423278,0.679797739278318,1.07213875527964,2.69987543823995,-0.660583478389364,-0.00522020159708066,-0.407064143619714,0.162217076978298,0.311778097921037,0.811058804221858
"gene923",-1.13290632085267,-0.695589896583678,1.00801900371624,1.166558663647,0.268326748807839,0.755198831328578,0.612309130022485,1.16522452807932,-0.243499570781012,-0.704765156068282,0.374951780255045,0.512047391667107,-1.36683993878111,-0.436143299956691,0.328431854226795,-0.309852478331744,0.0342842222078147,1.72351278763318
"gene924",-0.200712041574683,0.779318219737899,0.224682025277628,1.77410532680854,-0.931352695230485,0.770725432529466,-0.684279458941696,-0.951201139401368,-0.458000030650231,1.34534939326609,-0.330266407278919,0.297911859842312,-0.988706779341872,-0.0230416578476325,0.213111662376568,0.935046953530729,0.092124681142166,-1.61592197029151
"gene925",1.21722528393475,-0.853918943883153,0.0210281039761635,-0.466917559524391,-0.535804545556139,-0.991601639025365,-0.548180527674864,1.16849362129043,-0.992080205692501,1.23156939534484,-0.503846244145944,-1.20226259050511,-0.736150384483872,0.30728083020488,-0.0523351001201968,0.394030246436473,-0.0287563970095116,0.298315031340416
"gene926",1.03897774947496,-0.565220972773418,-0.0056917463528259,-0.733442615067815,-0.450103453572322,-0.149358446304714,-0.417179141459564,-0.0137493424347036,-0.435974786423854,-0.259462476075606,1.60566513218372,0.334938567728162,-1.57543924854974,0.878501647293489,-1.70275609170376,2.05836539199401,0.371417918055837,0.464263191394146
"gene927",0.104800396373611,0.0424682862216754,-0.647002836139467,-0.180813315673461,1.07348404050682,1.17912783625007,0.373309055560864,-1.67382232015581,0.236714430188076,0.210400638083024,0.0337178473691017,0.521563129745617,-0.533496860679837,-0.418233719427461,1.32958517133431,-1.20174711195136,1.12831953421484,-0.305807086796022
"gene928",-1.95618413468465,-0.116871857550051,0.193661162702822,-0.077446473145865,0.632356196572275,-0.120003906691499,-0.196785414188819,0.149926364853683,-0.0601047311914389,-0.455072410168231,-0.495149361236636,0.41534125898945,-0.405337368243965,-1.63463831978067,0.182896159451445,-1.52611926775436,-0.650751318495081,-0.575256198902686
"gene929",0.258560082270541,0.0171942563883145,1.65787133764157,0.28692270020979,0.630836281852485,-0.199734956393852,-0.628593564715672,0.592059361082042,1.70388503766548,-0.376355882361837,0.285780205700787,0.459923424637242,0.86365787367588,-0.888132887423255,-0.24367515506283,0.129065217683558,0.0963349592799845,-0.150934975974875
"gene930",1.0146401860266,-0.164442813399462,0.170416078475407,0.330787319566667,0.532545454054723,0.964596607858098,0.279603749911806,-0.198987264675691,-0.31845307710918,0.871465787859866,0.834293682225686,0.328598951033759,-1.2499866787417,-0.776406960824249,-0.180896040307741,0.636481783157926,0.0309920341761992,1.13356882876217
"gene931",1.02367566836301,-0.651764910223873,-0.0733572406970096,0.596675389235011,1.62031692208207,2.01946881931194,-0.203930177465581,-0.432944960129797,2.22203523733508,-0.15530824481175,-0.956856437003941,0.370867623021497,-1.04595256784901,-1.59866543604439,0.963861036145228,-0.33355276461173,-0.799829222409471,-0.00658133908151173
"gene932",-0.185983632617549,0.60569780921314,0.399630931303122,-1.61018921188879,0.412159864201787,-1.35296095323929,1.07382063954271,0.491998159804867,0.13966994716211,-0.410932396317444,0.609444308996495,-0.233196872877199,0.657792767995491,-0.185641831801167,1.4492177552912,-0.627991040796796,0.35687422050476,0.344153870152209
"gene933",-0.66581613198658,0.200699476027235,0.258819381399818,1.10968973373634,0.51772415322211,0.598294224087967,-0.885323722795926,-0.835000518379769,-1.54731055514615,0.120591775993381,-0.135668853580139,-0.474223598719596,-0.0737934327336274,0.955949791447181,-0.025151496436333,0.529937803463032,-0.413300218912197,-0.178410139457908
"gene934",0.00234595667134395,1.59083362972702,1.08520875892518,-0.231595371419612,-1.07816660404243,-0.587689383513003,0.434143460884248,-0.6311109588332,0.67471720247839,-0.525998641081214,0.0673334739603465,0.451471313345014,-0.558366387191434,-1.00384370535245,0.209758423154331,-0.127533511881533,-0.941207643503454,-0.723551051564565
"gene935",-0.820764826160949,0.175442227568309,-2.02200207679328,-0.78758334180618,-0.616588439394094,-1.25838555678958,0.91421884901462,0.956769752381563,0.246931187769322,-0.264402639901807,-0.442625261510816,-1.41255373183127,-0.340785619486267,-0.0524567858719005,-0.785299681424213,0.555092297930775,-1.02752475036013,0.362534086975675
"gene936",-0.552737818720205,0.781640037504565,0.332776292895806,1.38180882021833,-0.90925056411839,-0.87536762275616,0.00537898387879113,-0.466585539975415,0.166214768496447,-0.79273650751867,-0.5114448135388,-0.419436760104909,0.250264664456917,-0.212096405118615,-0.796205203949843,0.0812613927061763,1.09058603388795,0.265845530402808
"gene937",0.392415132629592,0.94382498559772,0.42211012455689,-0.120349423475304,-0.886066147427155,-0.615685665101834,-0.36676452146605,1.08756215403208,-0.0602569907908462,0.257730576510035,-0.572884786027943,0.702742846071029,0.325487239570308,1.13153702749719,0.503740549053864,0.202285415245081,-0.100615291534232,0.729187249566411
"gene938",0.757239669823994,-0.545290720123976,-1.96285094583673,0.936266403256485,0.348443524563185,0.121573582070833,-0.879933054145698,0.753803123698258,0.463721063222537,0.658987659530179,-0.109977808577137,0.0461648652540109,0.621262984521422,-0.614673915253458,-1.03905283526867,0.174375977311675,0.802020814541974,0.666137791138957
"gene939",-1.28864727718035,0.092810384515321,1.20739189020825,1.07479844256334,0.396541788737919,-0.764538373196858,0.333513268847875,-0.460104600498348,1.1526999503252,0.247144547520031,-0.0492933617578721,0.434918877692401,-0.930165015529543,0.575076289994287,-0.792789620119478,-0.207393055259866,-0.0615274745132075,-0.507087117806638
"gene940",0.526989249218446,-0.419211535698104,-0.0294620083717374,0.263157057199805,0.270784482150984,0.257056686451225,-1.37289353321991,-0.0966995824182999,0.69636895897895,0.34671258182538,0.37449303345748,-0.179652544236457,-1.32230795852648,0.550202054980181,-0.410502993541276,0.520978970762683,0.311298552365466,0.615068974425935
"gene941",0.300352060272454,-0.871795863169432,0.187600550201394,-0.56919563449695,0.669070068633572,-0.411312134732363,0.541390123690828,0.453311773533377,-0.333337386093769,-0.0530228839887344,-0.350512820674894,0.197958982333898,0.0026249216340962,-0.516864540364042,0.165343619406763,0.0700941779552702,0.754254828991064,1.19431035546092
"gene942",-0.800778345138486,0.462767135297834,0.162060614459615,-0.308499901972093,0.14412297111807,1.39345738375648,1.52826898188508,0.50592634331933,-0.600717894837257,0.557173802488533,-0.33200820015282,-1.01058267952161,-0.335687221725575,0.363095720507456,0.560382311041236,0.0532172357429352,-0.404735881196925,1.73641450888045
"gene943",0.69814421552367,0.984124539926147,1.08496702763382,-0.602380704249193,-1.58476524991774,0.0759633302763349,0.343909355741309,-0.704387870816854,-0.486590822526588,-0.401843453168904,1.40006466265685,0.00577953786836531,-0.141180151291137,2.35384327704779,0.697002474543124,-1.01767129459074,-1.54783048190839,0.562618693545658
"gene944",-0.121467689926235,-0.506839265978346,-0.354282208251273,0.308052279758335,1.1535719423099,-0.073782884169709,-0.0891587108585298,0.655334465648977,-0.126890522811865,0.933341592817058,1.17110715820712,0.00806114161879241,0.407460129122669,0.252056911956093,0.291759527705259,0.309077362204538,-0.364189950519645,-0.281538542777826
"gene945",0.444856695685361,-0.782517462013514,-0.16125378899539,0.598927393193746,-0.209867452733245,-1.97261358956501,-0.51079433095933,1.67506946213839,-0.0790568610682594,0.373931428302007,-0.234098735098617,-0.904126999112933,-0.514380685652596,1.75997714720384,0.745798244419683,-0.351106870975505,-0.718518828249718,0.992409973532741
"gene946",1.25939629200541,0.363403386155203,0.831685578808844,0.0434267266235202,0.23355153347366,0.0341023406997236,1.061681009228,0.527930699995914,0.4024437164671,-1.15004710712358,0.330309919336049,-0.280052753496118,0.420843645845867,-0.968881093011604,-1.70238148918545,-0.962468184981396,-1.24961003572383,-0.0334056849631812
"gene947",-0.230273726967265,-1.80627892998748,-0.619798325644696,0.622844956379325,0.871252036173579,-1.26083999044274,0.477405476531782,-1.73040988682149,0.91451170791352,-0.293404391813013,0.5476042263964,-1.34580536804867,-0.00828439965762461,0.0708936372341452,1.04541518434891,0.497506192614472,-1.06231571650003,-0.152365537178839
"gene948",-0.147581206224907,1.15474616708229,1.13330135152013,-1.25207531538877,-0.995550034342919,0.47433929820431,-0.274013618769261,-0.792339906026968,0.462336887882964,-0.173868354014292,0.504800088338948,-0.310518172209632,-0.25140651745154,-0.180778213496296,-1.41401739714663,0.419445106320836,-0.31770946733737,0.361486012662023
"gene949",-0.318139063203091,0.276974109889968,2.23320855095731,2.7864588046182,0.123916619085338,0.828946885587149,0.601471219531503,-0.231667201707505,-0.644315508210801,-0.28009282491125,-0.542349420210116,0.280529253428875,-1.97991965557159,0.369422815958225,-0.468889814852178,0.910265229130006,1.68093769873015,0.282479368442386
"gene950",0.519529653222078,0.927961888775112,-0.403629872318793,-0.35565404689913,0.616275959144266,1.34451418471857,0.724080514763157,-0.34996304678539,-0.71330774621932,-0.426492864330253,-0.638850052096086,0.936938813495113,0.023915198729067,0.952884116099085,-0.0445052645713185,0.0659112467949187,-0.315665866111098,-0.875663294646217
"gene951",-0.431161253373816,0.359995520903119,-0.0446808266701068,-0.570538273269795,-0.66976910268268,-1.04806293356256,0.648356786301717,1.13396267194208,1.50688234860069,0.018488570531059,0.214781579772538,0.279651363992072,0.580661005016884,0.994830311589942,-0.0493501492498527,-0.648590961173065,-0.149832512626621,-0.449988270841578
"gene952",0.551661568313954,-0.320936729067423,0.573125861532671,0.230684397981275,-1.76095716616878,-0.262060831718007,-0.217814229806347,-0.980675933291289,-0.494932288830945,-0.171062813149349,-0.183899940393552,-0.394164879842585,-1.04742971241488,-0.31658838134089,0.241508992572236,1.1359835480766,0.0737643425961749,0.139249494178953
"gene953",-0.977037205271918,0.984737472522265,0.367465949305251,0.487992970948394,-0.0088820134552058,0.832597557434102,0.697269924162234,-0.276366912733671,-0.818095959950624,-0.0030792008218067,-0.897562899200361,0.505488821354453,0.194471206136476,2.2582910014569,-0.417644008227858,-1.06187319967386,-0.520060962242278,0.0849064629456935
"gene954",0.145883907903377,-0.303315787022872,-0.593631011107972,0.197148397693147,-0.105209415648948,0.389418635673116,-1.2554235655429,-0.158264897016302,0.386543528657744,0.171223802552092,-0.0835582642371757,1.70129649100842,0.464935502822416,1.12665538937885,-1.00109018678224,2.08038951888534,0.778626586534128,0.176064408533046
"gene955",-0.23449123990193,0.0457931070595399,-0.721059394844506,-0.168053343055375,-0.503487548113085,0.248660062068698,0.109988497907282,2.44906733964028,-0.849636686487971,-0.263644274631533,1.85113769110597,0.235238665526628,0.925168244922403,-0.416467875957364,-0.551339637502392,-1.30917009573357,0.688925125084453,-2.06081085084004
"gene956",-0.659137774819158,0.689836168943006,0.309692807184488,0.192522953477028,0.101142404321778,0.0461916336293512,0.512396458131616,0.752437353660615,0.679731383957574,-0.68589936624214,-0.298365391155035,0.114742278471866,0.223472964309797,1.33803118340261,0.503564907438587,-0.745991762463679,1.46561529766952,0.623502881876203
"gene957",0.124646609086283,0.490059602393816,-1.0978271141699,-0.783826416792297,-0.609316949764088,-0.363464832074551,1.42357748475506,-1.1292915263337,0.0242246815666488,-2.14971381006031,0.646038807316628,0.435373064469777,1.19129147447994,-0.559450629344631,-1.12161868559883,-0.232471852215053,-0.382589040126455,0.715011691011586
"gene958",-0.429455060630881,0.79700725545405,0.579687048394482,0.0199105859998184,1.17820312430986,-1.22126606065071,-0.836101566519606,0.16646691324275,-0.073982601607511,1.20476882055396,-0.430431179367829,0.455981775744212,1.21666986635434,0.875197187513048,-0.0768829446340667,0.808725226181336,-0.191128082951958,-0.0210433483533741
"gene959",0.432097773565723,0.127996822312251,0.442817497566387,0.448289478656408,0.161579781654606,-1.4178994210696,0.333137181830019,-0.00176405591359985,0.67749569612489,-0.653069679908071,-0.267445017270726,0.657273387866048,0.147178349858754,-0.517646268933385,-0.721251033633773,-0.713931845575509,0.449145420065616,-0.392913275213574
"gene960",-0.246273664832447,0.794552080801419,0.77875000095047,-0.816874675650007,0.241973505781739,-2.01721135147955,-0.10669733578377,-0.335388436450567,-0.700769755103609,-2.19272426406804,-1.02729741209314,0.698281487542229,-0.546030081173833,-0.689374407871767,0.592033908169914,0.0369709903826438,-1.32456016138968,-0.23147341189283
"gene961",0.569887301779742,1.33260544941443,-0.51835343532833,0.561006614688489,0.279246027338659,0.570705702647886,-0.420196154682826,-0.972095800516357,-0.565903062705639,0.419894590824412,0.772848895746764,-1.07193441880707,1.62444862246685,-0.909167948490412,-0.696959201017772,-0.874861076922029,0.702037153982804,-0.540156498617404
"gene962",-0.123153928943889,1.80870542955279,-0.163494489909441,0.623822918889937,0.75158242865021,1.14553960367807,-0.0460810700465657,-0.346245978737985,0.00440665920385504,1.32119692684228,0.27315662006354,-1.01576204913884,-0.476019631979548,1.08069200894629,1.25686352084563,-0.463148360842583,1.06952177328314,-0.500703143705297
"gene963",-0.267448507857468,0.873514266609549,-1.21219662541299,1.04780239258574,0.226506136616518,-0.35567920351219,0.662380646109458,-0.00809575842804766,0.743609652290413,-0.30285709741895,0.71835054339417,-0.010110831081771,0.36212276920264,0.238709385484789,0.954212604545957,0.459878949047118,0.00597246038024396,0.771766423794013
"gene964",-0.239681915335065,-1.02790156029063,-1.56544848258795,0.517137443482214,0.880385543597166,0.151012977435228,0.30341097143391,-0.223367154556298,0.114924976831652,0.353674220756095,0.594017333184508,0.451558055980571,0.0261317359196943,0.22359523757171,-0.772270908321032,-0.182592290222909,1.37433637246106,-0.260641711065801
"gene965",-0.226535949391546,0.886592409626509,-1.13182940385364,0.925300530556205,-0.435430000043166,0.367441023816208,0.742615754830681,-0.160881005214728,0.215547373923156,0.285409664164469,0.241342098186287,0.127826477117056,1.01984487121123,0.116801677905691,0.466610416198916,0.11241295014373,1.15251057808436,0.271175634170096
"gene966",-0.56863345093631,-1.12784873247779,-0.676951186254791,0.530993163442663,-1.28835825537497,-0.652449740295593,-0.559043372475642,-0.443590457390654,-0.0148156473053793,-0.809394489864803,0.334722936258745,-1.9982691706222,0.32737489014951,0.115501342363264,0.510945677407156,1.09606937054857,-0.515652834235099,-2.09922226582681
"gene967",-0.240723944373554,-1.29627332996273,-1.09554629565794,-0.727301087510546,0.181435503072429,-0.498984213442008,0.836955153150222,-0.43378544584581,-0.222333884965406,-0.263264020644175,-0.165988783784265,-0.0395384512895769,0.222461959291849,0.296599512222936,0.176938513575103,0.215201748048315,0.460137186242937,-0.944956319553756
"gene968",0.0356290457655585,-0.424420226724332,1.56996419293808,0.491845673920068,-0.780016938023588,-0.490685889896815,-0.287587468527951,-1.27326577658218,-2.09681454736054,0.538115769193374,-0.0514645187201683,0.181519148267631,0.463361879532814,0.068960172353052,-2.04796363174779,-0.877643110155043,0.0476336751329969,1.20118442888947
"gene969",-0.0824975195566682,0.334453465287583,-0.421126367148321,0.261096172559131,-0.0924482916958048,1.52508627684197,-1.62364840561108,-0.158156784632201,0.160174410905965,-0.125473315593625,-0.0843741737247184,0.66325395167213,-0.104480203401273,0.671014419397595,-0.452053517200395,0.554678907577297,-0.582990319343929,0.195101189094914
"gene970",1.51140957185117,0.899432686496333,-2.080341746134,0.188953184753358,-0.767663848541345,0.906495894305324,-0.264936422457579,-0.134820358150949,0.253853686776429,0.398283007239923,-0.336961284237312,-0.459430764738387,0.193617697756551,0.841017344706226,1.29458956973379,-0.482987439542958,-0.494840619423239,-0.577547549992674
"gene971",-0.0739196824352931,0.449671788895203,-1.07557476712458,0.773502002906111,-0.838373878572794,-0.678818630240451,1.49499284145142,0.257372908699471,0.182633687911584,0.782375848802564,-0.920640927797312,1.6537328425519,0.448776052607564,-0.333215675889569,0.835159124147816,0.0563682206031532,1.22346934418168,0.356823302884924
"gene972",0.308671426647394,0.0251910048497005,-0.769685256153062,0.16821041841784,0.345156381193889,0.854645250122961,0.00257088208344475,1.05706488035666,1.06876638742803,-0.710945653143558,-0.309168703635733,0.64577515974275,0.433400426978622,0.386928700644168,0.472506291270484,0.408664756069482,0.25884805827985,-0.138342982594714
"gene973",-1.41931210074954,0.38228889047277,-0.516099926638813,-0.697710245485898,0.430296541767182,1.32175799612115,-1.77640408259256,-0.248442651648574,0.216917894178774,0.0132789098233109,-1.33972766772041,0.514967635738592,-0.0452652901590227,0.112636310838555,0.829116563358268,-0.640276489166917,-0.732228356248769,-0.437386652783074
"gene974",0.216473669927487,0.626317772969497,0.0455781323961732,-0.0515687809497561,-0.989704181500356,-0.26679330004428,-0.464722381429047,0.267058121704981,0.720682179849486,0.749251780788314,-0.421722303757518,-0.063016787819022,0.347239962344361,-0.842046246671148,0.456775078525574,-0.524539223069395,0.341165150233676,1.29195707206535
"gene975",-0.947396632443991,-0.122534169802977,0.221894367901414,-1.38670899578051,0.51378050598925,0.628816958273483,0.659817849517497,-2.2551797579497,0.884218701050704,-0.846238706074179,-1.22645206137911,0.381021723701751,-1.0668919114586,-0.606339030152683,-0.553014222044115,0.700445152309563,-0.113268878483685,1.33975830087357
"gene976",-0.826825469594345,-1.44554413136381,-0.289101356255441,0.423321937357908,0.0315850277335351,0.999336831576668,0.084309474666474,-0.201720701661926,0.704725415630259,-0.713452400816337,0.461312868802811,-1.05897974036193,0.373693566177136,0.0111029166648204,-1.09750430306995,0.0933525989465618,0.0131740416592501,-0.195225966149731
"gene977",-0.857590306107414,0.482913775650171,-0.960935324852377,-0.348784028559525,0.0419218659079673,0.252831091180981,-1.22751724608668,0.362355603320368,-0.97634370867096,0.0420333791887042,-0.123229271931405,0.322965185544596,-1.17087113718965,-0.424479965449472,1.36518481259656,-1.05000516249198,0.527930568904706,0.0101116281679921
"gene978",-0.308843365766079,0.141664040654546,0.827601421909453,-0.401638398142166,-1.38695895272514,-0.306845656204553,-0.358987137138173,-0.144914074348279,-1.04064083430236,0.624617210608574,0.857949101179085,0.207166653012624,0.464587662888766,0.682110608196668,0.0842244468459712,0.276881693916222,0.263168049483199,-0.409983364232741
"gene979",-0.0464697229191806,0.167455348592423,-1.09165136528075,-0.39703354677047,0.837465910575077,0.617601602731817,0.00947404512423912,-0.373641708446814,0.337929322367984,0.114117991068374,1.3818942901066,-0.537937844013191,1.15462428706009,0.255422738702744,0.373732168908878,-0.410991250579512,0.0287643495345392,-0.214919481797061
"gene980",-0.913789554362897,-1.32637086127774,-0.028409673094037,-0.953268598323178,0.0267488414310948,0.390593961026513,-0.609209209831519,0.493361098992832,-0.197080529095592,0.646624918251163,0.165982659030436,1.04978930172359,1.27609531778837,1.24332142337911,-0.164358232454159,-0.36781209619372,-0.107368284654691,-0.84014820003195
"gene981",0.0235331526830706,-0.694883513400628,0.512980497736269,0.518243783224067,0.456023488177766,1.17829376219532,0.00759568982051126,0.00376064630995884,-0.20868761653735,0.273868755129382,-0.883267664990237,-0.15486443069553,0.548835964066642,0.450154018546758,-0.88453359124808,-0.342520323565455,-0.723203689100739,0.558694541435631
"gene982",-0.233387971518018,-1.02026281133701,0.705890769144909,0.854194039403544,0.614953202202064,-0.0682716795944636,0.844464226242847,0.569679484257316,0.149068547776469,1.19422672127624,0.622197753947544,0.508766323803967,-2.47806977873178,-0.820380365729806,-0.490743814127311,0.648623289901168,0.0723811477765692,-1.01221354338046
"gene983",1.56971969719356,0.355401886143379,-0.224978040373226,0.0271076481893745,0.925715562167471,-0.000368597732791175,-0.245136743825275,0.299743065175256,-0.00196273571062022,-0.886349077706057,-0.661372062670916,0.930518784739539,0.0585486050486943,0.106262067102991,0.0398600171814055,-0.875826169362257,0.605019223577345,-0.76267733302001
"gene984",-0.466823548345409,0.907711129324481,-0.437764715652981,-0.0529273421974075,-0.719789711934867,-0.523637699499495,-0.946080752628614,-0.826573719662269,-0.671752631891427,0.780687381066938,0.414695011721129,-1.40211518816467,-0.171314969055862,0.554206070668487,0.0404420601949269,0.57930490979792,1.85039674993642,0.544358656579735
"gene985",0.279721973537345,0.102292722530172,-1.61118710851949,-1.03659422460791,-0.471605082680836,-1.28682056865146,-0.432369341915233,0.269677125213942,0.344768939912067,-0.259690048842928,-0.0765351553873662,0.261100061908535,-0.863668217396864,0.162845341294535,-0.124150595439938,-0.354061438067379,-0.534599991270429,-0.204296284192974
"gene986",-0.433650308171942,0.879637204117972,-0.284606294767817,-0.305141869758323,-0.757011046274567,0.348904712616344,-1.37389211632068,-0.00481155864509661,-1.10576829618436,-1.05458189522651,0.265718259790623,0.326970726163669,0.381170121264243,0.455953198066096,-0.122429082045809,-1.47933677015091,-0.194203775057482,-0.227491432599268
"gene987",1.97131704471601,0.686486108014796,0.410966876492089,0.423189583803558,-0.0610711545880787,-0.214596583862928,0.964811936020688,0.168389874078266,0.933652384136056,1.60644086801589,0.272273162744778,0.880073076084002,-0.355406906323012,0.253420814882349,-0.311705457961345,-0.508022255215656,-0.039623759535208,-0.233069843506493
"gene988",0.0513463522357165,-0.237861121158592,-0.719169412456275,0.476885259708069,0.332227591207198,0.0136013223308389,0.321261454972521,-0.963799642518575,-0.050814910613534,-0.910179569910562,1.19839789036795,0.0194862051495469,0.0468884846550906,-0.900793654683673,-1.23529054700777,0.471375122832367,0.531109910075739,0.279141307858953
"gene989",-0.0621753349289608,0.533230216652936,-0.342827264007327,-0.820173717524126,0.445965847246937,-0.521865497237141,-0.168326230775229,0.590060239203737,-1.2568921203552,0.509727615346461,0.928814810404087,-0.781765439510162,-0.510624556700504,1.40799423533228,0.681470215339887,-0.125424132228793,0.228632991857611,-1.10593322790106
"gene990",-0.321255962578281,-0.0156342184243016,-0.531825946294468,-1.17131297233784,-0.418971403634317,0.196457549732327,-0.605954189838201,0.418247453829664,-0.898498185631492,0.428456369989489,0.218729571328288,0.421529616239547,0.722969907620876,1.46145530130836,-0.485240704537622,0.831719665018919,-0.225687098383612,0.776690701997344
"gene991",0.275182434835097,-0.321865020213004,1.14537644337586,0.906636001346137,-0.776957303800283,-0.0296314584479958,-1.36691881689512,-0.592115044019961,0.313978253505315,-0.706203015073767,-0.559079908989493,0.913888195593915,-0.00120919829456445,-0.813298030875731,1.09567859477032,0.769191960229346,0.492429672882939,-0.578957814652776
"gene992",-0.522751384373926,0.30897155951172,-0.703006017803912,0.308390572611567,-0.0850669673015391,-1.45442233678849,-0.430257408433724,1.09027745322739,0.215487526244568,-0.499027184581218,0.283011795838797,0.741348456548568,-0.00159014369815777,0.940552373252424,0.664117469815969,0.45827503968534,1.0328534584839,0.850386374001173
"gene993",0.234580662991195,-1.17033003345119,-0.408209116504403,0.0410667802480497,-0.587655753275425,-0.987800636348621,0.900648959127481,0.711960820809054,-0.799179538269332,0.589120403158894,-0.372560993521874,-0.343458756757088,0.222186118919681,-1.60724729999876,-0.833666278650383,0.816207869812861,0.582607924161525,1.95087090087125
"gene994",-0.923111935428886,1.66032861891209,0.0859901962169137,0.134717978627205,-0.405247568861422,-1.19048494268089,-0.316238330669744,0.440851844633089,-0.622038494742918,-0.249194527418123,-0.210707878988875,-0.433765181700723,1.26821108523408,-0.743396405351622,-0.456436952687952,0.120348844970703,0.0356368753500471,-1.20137067519272
"gene995",0.485913375562049,1.23181474439141,-0.0337974343851297,-0.400547518966492,0.27111112103291,-0.458222950504151,-0.219622391040476,0.254290157800087,-1.15672603486894,1.14878774775689,-0.715549856563735,0.112898345345349,-1.28043910688434,0.794672405308592,-0.452772611717353,-0.0624439810868443,0.566259883640826,-0.847419312567661
"gene996",-0.798730872016561,0.0837945570170022,0.096810804177707,0.828978090610456,-0.748683948778428,0.0994704796397555,0.661169362684114,-0.135563561364405,0.233588202346514,-0.234276084514372,-0.707963760569609,-0.724804224286007,-0.953611946230477,-1.30039052205701,2.83571992298993,-1.12024895355841,-0.084491701212775,0.62013402416645
"gene997",1.51653868402926,-0.437239924623695,0.923479810265596,0.430005060409323,0.743597083737128,0.932914549118915,-0.886549211344588,0.632027062538637,0.912288001327255,-0.552330977232163,-0.162798307092096,-0.570086625237847,-0.0653312833410717,-1.42878388612312,-0.550949685558778,2.10424923091757,0.362383130269967,-1.27887720690616
"gene998",0.18940251939157,0.227451216882933,-1.43653670476312,-1.9513891294202,-0.651018132978081,0.318173595060192,-2.04441407115983,0.960549486088252,0.484481692887386,-0.421154784746858,-0.602772485568754,0.135906729945479,0.733172789944777,1.71988673421236,-0.196604457194524,-0.245235653580634,0.897068750397618,0.249185709074578
"gene999",0.278435052419341,-0.293340891539047,0.370916596370197,1.08606078346089,-1.37496897958448,-0.38818534778949,-0.254496684280552,-0.707545284043034,0.53564719712433,-0.509713697522142,-0.193786937852506,0.080419895690173,0.443123129430934,0.743852941701812,1.53047692738307,0.774323316601591,0.986366624295323,-1.13092024027562
