symbol,R1_P1_T02,R2_P1_T20,R2_P1_T10,R2_P1_T12,R2_P1_T02,R2_P1_T14,R1_P1_T00,R2_P1_T18,R1_P1_T14,R1_P1_T04,R2_P1_T06,R2_P1_T16,R1_P1_T10,R1_P1_T06,R1_P1_T16,R2_P1_T08,R1_P1_T08,R1_P1_T18,R2_P1_T22,R1_P1_T20
gene0,-0.392544427140372,0.866469062682682,-0.378530619864987,-0.0488126518143267,-0.491993655290919,0.290139454911132,0.153224890353296,0.570058156216347,0.356985060586861,-0.617463544017715,-0.698639194370146,0.743424748691762,-0.220480738802316,-0.882774256049614,0.723038100719219,-0.668570104405922,-0.585041846453006,0.986836490396974,0.0388674063449233,0.539021557597093
gene1,0.421691144175769,-0.422812954132664,-0.0886053622041322,-0.0440880549384661,0.754670283047546,-0.368519632224062,0.707007923361809,-1.17640735051901,-1.5546735067647,1.24767913749529,0.510057960859712,-0.80133246506453,-0.754608194983707,0.289801793750993,-1.47678025464019,0.0384965515378811,1.24480245747349,-0.388863952172893,0.946477986909682,0.60106669599516
gene2,-0.514858586645548,0.608397748535269,-0.472638914490031,-0.604961580355197,-0.890485857724932,0.204690907442596,0.222875095197294,0.608721925726587,0.780779997654527,-0.250057202289929,-0.648816951912255,0.763732336224199,-0.042737115500564,-0.463779827538396,0.9573598851558,-0.52529649879252,-1.38358486948736,0.724219026879162,0.446503707960133,0.197003405224935
gene3,0.127969143439043,0.529970725176758,-0.0646033480680552,-0.225553317135793,0.0365225233366352,0.282689211249423,0.386336815959655,0.672599263268139,0.0621261657120805,-0.403293310608127,-0.840936731850893,0.140756893634694,-0.608466236202843,-0.76943077771449,0.458987992574956,-0.675499699629935,-0.528773108351617,0.784605939455338,0.485742294377552,0.914149525571333
gene4,0.166962286276621,0.496537683728327,-0.554834179953193,-0.53972749496728,0.351073322733571,-0.128316729023321,0.631858308940199,0.572087495008301,-0.182955087275889,-0.0142959298651419,-0.657721096853048,-0.0184884889503521,-0.52462397644455,-0.248240403739554,0.036467518510728,-0.443182477778603,-0.508712954426131,0.364119079436502,0.537862268569427,0.513798804211958
gene5,0.179544346790773,0.0007228448869455,-0.280177236085012,-0.402357841632236,0.772786178675055,-0.417866335370789,0.411078774701535,-0.788234342892704,-0.809957096929824,0.491865092373393,0.27218284259347,-0.650901405230935,-0.38550794513633,0.323536355506528,-0.570583441467332,0.504206991371898,0.576469627204036,-0.727583676922772,-0.164470114659352,-0.251547311185916
gene6,0.607091965622285,1.28552147986099,-0.446899889673887,0.103587813191734,0.770160530187836,0.0205843380364027,0.583658388132532,0.24562678865537,0.525096175373696,-0.603277466203942,-1.18315007397634,-0.253026811432708,-1.16385801688583,-0.57955977412457,0.590552749374224,-1.06773002058837,-0.942732357665821,0.365449567227914,0.640883856457427,0.220051773322268
gene7,-0.104865914171982,-0.571910626077173,0.849393196797637,0.397531486246492,-0.699019480281019,0.561479768376009,-0.299288938885375,-0.409163491941116,0.447094317808018,0.228422823049584,0.308301813806191,-0.318056515625673,1.06060559789842,0.443744784297867,-0.272539598929717,0.918226290278597,0.928970410278584,-0.715027387141378,-0.876833339589517,-1.23836362427102
gene8,-0.610703197137151,-0.0084133968487276,0.420567578697299,0.871716952239904,-0.548130039010825,0.718100060451173,-0.299525003821602,0.859957139668878,0.731299257221597,-0.850295486331162,-0.344018352254986,0.208703380218844,0.176529042464969,-0.23964011231187,0.163405991455449,-0.367045292242684,0.0573181226925964,0.130531906180808,0.0036245300933739,0.180876068014056
gene9,-0.0648559259877878,-1.41339903437831,0.749202870147295,0.695019811316588,-0.320509745965547,0.344776838009862,-0.349489438556447,-0.93226516262732,0.0057753027970726,0.111734994179191,0.895236855932086,0.229264456745061,1.14549717366894,0.745595684434509,-0.491235112560681,0.429103764687708,1.36752250759273,-0.330973736866028,-1.49841204502233,-1.42132647462286
gene10,0.66729414308715,0.618432952990254,-1.60814233731794,-0.58156894716973,0.400285052341924,-0.432733793716409,0.972560734907896,0.575243061759648,0.02001464738398,0.246771896427717,-0.89153362322582,0.474896687975566,-1.01476586393606,-0.68539232026792,0.115930546632642,-1.00687292120782,-1.01695305784035,0.652582420810169,0.905466013050214,0.911043111674322
gene11,-0.518500699475014,-0.0489118901261003,0.338883406822879,0.680823803472699,-0.651361251353073,0.479630910775369,-0.431086757472173,0.382512184802892,0.472536130910723,-0.562195379233539,-0.347993318749171,0.660748279392276,0.302834411189599,-0.238495314451895,0.394351483093444,0.029333859357431,0.130681585484295,0.387277375202408,-0.0648481872027896,0.299644535571466
gene12,-0.772509247151044,0.334447582723635,-0.0331840661565885,0.376875456624605,-0.194716980273792,0.210862156351129,-0.233669459578398,0.837865741047753,0.399445764941643,-1.04364850620263,0.289356504297119,0.130776574743334,0.21842920640224,-0.488486198981961,0.762740728075501,-0.669785871613316,-0.181608168633797,0.658245253436086,0.302931748491298,0.627959435746637
gene13,-0.449251733632676,0.545265239078146,0.03634236715939,-0.0188615281371819,-0.419780456681038,0.960687239832126,-0.0571692427350485,0.846735832883126,0.494506300674252,-0.737958704979131,-0.517548068283437,0.416758357830191,-0.144746211925925,-0.543372073308774,0.230300066102294,-0.611006104147985,-0.163739187128758,0.670108632886535,0.459883561361198,0.438247069828892
gene14,-0.868632851106471,0.0260488971247992,0.39050906347602,0.429360833851415,-1.01927690913274,0.661101879163844,-0.6425832984902,0.602022626235534,1.04306307714887,-0.896204975869916,-0.965898572006062,0.858689328845242,0.0117910806161429,-0.709880024133184,1.06036821288127,-0.20108676965974,0.0666144468080454,0.5607832920437,-0.302020739778456,0.186823279923323
gene15,-0.298808177925851,-0.448357186696929,0.448993656417847,0.53604171667221,0.157889047342443,0.229806453146252,-0.465999416887205,-0.417331040359179,0.190665431601709,0.260828250452732,0.470158111070166,-0.547175459726641,0.88564165767581,0.354732191845357,-0.222172247803736,0.707538287694985,0.503730063820207,-0.468397573117254,-0.476677082596965,-0.66544481763706
gene16,-0.198255613455374,-0.686856011638062,0.832910371122574,0.29656194295711,-0.0926134678530233,-0.0147331758726662,-0.648379581325034,-0.0569312231672955,0.0730663684950405,-0.137079115438272,0.444314552763767,-0.434914682536239,0.603353627031922,0.719601753053738,-0.184265137962462,0.731849386335584,0.483544844383365,-0.570493040538442,-0.611798573028834,-0.629356299324393
gene17,0.201817754562271,-1.02497777141975,1.15409114739648,0.952732757506822,-0.482833398389198,0.161711540540318,-0.622437393343365,-1.06416900840057,-0.0149670984386656,0.230548256752916,0.489484002285107,0.0217587331435367,1.16939533367037,0.813795553799126,-0.258192144303926,0.814217196156002,1.31577520677291,-1.10765869587972,-1.32924001089511,-0.961809497926902
gene18,-0.153664290753347,-0.868416106337939,0.423302042555332,0.312967889586054,-0.223373950539745,0.256091113890133,-0.182260869789775,-0.215076301353492,-0.0142630625834254,0.294122977298717,0.704503885320568,0.0772708045532097,0.689237364398041,0.520048264354105,-0.234647363523214,0.287683496359883,0.27659259906865,-0.446364553279982,-0.627928331277695,-0.669020362383654
gene19,-0.456549168064178,-0.695155581673629,0.916740817707343,0.717389815462263,-0.195982374061273,0.743680813990072,-0.586819406954402,-0.523717185123397,0.441765613888706,0.129816210346162,0.67999939241292,-0.0895673838090959,1.03750171894221,0.34720632860252,0.0589479538821306,0.826277297639328,0.848136010253296,-0.53730989008827,-0.819048941651836,-0.771654325989526
gene20,-0.327321547179432,0.0937106554773384,-0.602930817572003,-0.114506856126692,0.683533788957102,-0.21178214439606,0.458119026945391,0.733086703675238,-0.272907264585861,-0.318976464992005,-0.398306483571336,0.497498753827197,-0.747989493576002,-0.928027272828156,0.449893098346907,-0.519866043907259,-0.360896388882975,0.867154399960976,0.406154644155072,-0.137305494835297
gene21,-0.212474905992097,0.572324443854367,-0.290036274303751,-0.239006039514659,-0.0417133202972131,0.109063267828195,-0.0025449180834177,0.623319283091596,0.191885088482469,-0.284675741669972,-0.50952565702853,0.283227316314579,-0.419772099605318,-0.232073051950409,0.228311862178452,-0.68170283488589,-0.634485633440335,0.79284700795432,0.628961954641155,0.60489776480633
gene22,-0.202389435411661,-0.199997515555018,0.732745642724229,0.358160348485253,-0.0167356212784716,0.288315104485711,-0.589902442419703,-0.725562838520182,0.16600442116096,0.249807094066361,0.637594389958443,-0.0371956136728565,0.45758763363128,0.348512354905785,-0.0434386670709128,0.793109095207732,0.505036102093284,-0.782634546180298,-0.548734495015744,-0.81297359218051
gene23,0.419389120448168,-0.667008209342865,0.262820810739721,-0.186845302972331,1.04022748141917,-0.63503212860678,0.825114757625492,-1.04783288491186,-0.931056515427507,1.23983078001423,1.19680874818656,-0.510428462736111,-0.176963496438817,0.777570945177154,-0.830436318324825,0.484483025376533,0.877934566530188,-0.575859201793899,-0.582210349876263,-0.340629501847509
gene24,-0.512668752277563,-0.38214378728141,0.477572339791661,0.369046854967977,-0.140262428373507,0.226204946234671,-0.3436195672188,0.0195550793902753,0.301023645412973,0.175390079468051,-0.100743931987525,0.278779171043436,0.535381015958336,0.0471984330153554,0.226898661596842,0.563366292159255,0.368945613108072,-0.108855355640828,-0.411215754379139,-0.528491699785229
gene25,-0.400009966579392,0.0303954595009492,0.540173379056471,0.490120109690265,-0.3724857437113,0.460630256890223,-0.585509602163963,-0.0317258869990495,0.676801335647185,-0.347608409736843,-0.328217275503137,0.330702657266531,0.323799165880399,0.141970299784975,0.519161588827071,0.110415061614694,0.115558701080559,0.0995374386512881,-0.394811593440841,-0.0437734837549708
gene26,0.520710663165143,0.231838329548993,-0.114324632158476,-0.746494758939777,0.755818940166257,-0.39320465050304,0.432458345297867,0.002576048260106,-0.565268640821993,0.315819359723279,0.322429213290348,-0.535276137243523,-0.610386209919029,0.218282411747366,-0.397149699139485,-0.320897667396747,-0.176654085104744,-0.0855987627973044,0.220121286909052,-0.145408035526816
gene27,0.893035851611561,0.176024271636878,-0.34217381475316,-0.908512946515764,1.35817777311928,-0.935190553199586,0.825775355874036,-0.227607332274039,-1.36705360869549,0.578351093365539,0.420316725618248,-0.623851845393564,-0.599672426803301,0.366125432739274,-0.917138949705334,0.6602548151914,0.378292436578986,-0.497948415315484,0.720111321806666,0.290759825465246
gene28,0.0624417186279793,0.593022274621919,-0.574681370911775,-0.794374970432112,0.0719899928365152,-0.666106942553515,0.293890729221169,0.876104442303156,-0.0970318412894131,-0.157795500764452,0.0017788225145606,-0.0902289902128897,-0.9762653295751,-0.320942087815438,0.0582740189461428,-0.417015476262567,-0.317060060613636,0.0901617526954199,0.84838762107241,0.447072530264876
gene29,-0.452494180295344,-0.398564883010967,0.410001184166332,0.511492575145393,-0.43579424433183,0.32571234264578,-0.686711977329724,-0.374090023220872,0.474534824989577,-0.003391485401585,0.138760620294584,0.224324066646708,0.84802616021574,0.217769038369961,0.0507210764135741,0.467332433101101,0.497979164460441,0.0622703459898541,-0.659512135382614,-0.512627297133946
gene30,0.596140365634367,-0.0415564615519229,-0.109420491206645,-0.403605654433053,0.47012420730341,-0.602695919536708,0.436859120470846,-0.10838382709436,-0.210117134840508,0.467021540801507,0.119587764881275,-0.165928384736599,-0.381162372494844,0.506592497695961,0.0443525065059772,0.368953434589128,-0.205443038979662,-0.149634870792185,0.151224335075243,0.629173660053919
gene31,-0.0306761864301497,-0.732889431031573,0.60272112377895,0.454411414365215,-0.12353648554444,0.0785974990470669,-0.34564027892855,-0.381447804421728,0.240394066747489,0.203141519980359,0.436302208858121,-0.259624615244915,0.367383250869456,0.527207630470078,-0.0098328374371998,0.686492388388562,0.545719979668517,-0.637573684282441,-0.488632124445285,-0.616747105195457
gene32,-0.0946091678884429,0.841588330716096,-0.572157626009196,-0.0538264114803987,-0.0242268299262168,-0.0946852296129667,0.549410152258203,0.760478421028923,-0.0551517260333027,-0.587614165792663,-0.637458388509998,0.183546289444462,-0.916654052156381,-0.596971466037409,0.333972946052087,-0.591062632419909,-0.811755285480266,0.833603232251019,0.411755969898363,1.28563415219165
gene33,0.897447560998404,-0.169938568295751,0.161503523167702,-0.504647357832971,0.491569929758076,-0.604216844909275,0.566492763109774,-0.433530339097242,-0.530313795592752,0.565778671636265,0.346172485467789,-0.764252539274045,0.0421319796160029,0.611910246306594,-0.451000442157013,0.310063909213373,0.19956061762153,-0.664317367482492,0.0852446591931558,-0.16500199356265
gene34,-1.0814593502473,-0.0747613155121963,1.10628230139258,0.993962792763565,-1.27993386111146,0.97530979781353,-1.43402721446001,0.423301545367116,0.573323228843722,-0.572875443288432,-0.076558665571911,0.331448341337545,0.835766727573971,0.0129780734164124,0.743266593897315,-0.387022108266903,0.606445672881493,0.322819161500538,-0.757253630467939,-0.684843957907055
gene35,-0.205673480531357,0.748466420350267,-0.897567308984795,-0.0480316563739487,-0.112792093851976,0.192834076480574,0.263273687952585,0.685582991778729,0.0961069402440834,-0.566427076674338,-0.805938754859313,0.435335711160293,-0.723725332923567,-0.592700483470094,0.347799888997494,-0.900899187521793,-0.765328254566834,0.785725223569726,0.436250702795124,0.795689165694481
gene36,0.42259879616836,0.0697954795488346,-1.28753561769873,-0.97491353391292,0.352379695992774,-1.12572738663972,0.66145528387215,0.699920665547707,-0.441957868040946,-0.115129574233023,0.113923973196757,-0.255915791730215,-0.665509696024137,-0.726591915616761,-0.00092097257367,-0.518218254114847,-0.947947994226449,0.0163604606682902,0.642928509315248,0.817841861646465
gene37,-0.392822380059547,-0.49561762135542,0.810564715234742,0.920144772783382,-0.41563511631503,0.493727552395739,-0.581575789251339,-0.258367217031938,0.451140104630389,0.0428456714116391,0.506432596977514,0.188157239162069,0.960913154114471,0.271744937986173,0.312229546207631,0.793769204527603,0.951079500490313,-0.401612668049669,-0.847615566696134,-0.874476634245098
gene38,-0.211455927031036,0.438896320548866,-0.380461024184189,0.0221148669031281,-0.0730569468915505,0.0892508015352846,0.139394632701691,0.428063026955073,0.320554964125696,-0.635225903326373,-0.829932514546697,0.499761993832119,-0.547616044807068,-0.587522854336156,0.210268360519429,-0.749085592965425,-0.406986303194147,0.602446559695377,0.451881892916828,0.477440469724885
gene39,-0.247842178761855,0.0254246947816412,-0.237171219348792,0.341230049795536,-0.587320614122341,0.615015206071075,-0.294074332812643,0.268715443540647,0.498691847906157,-0.310836967889792,-0.201170565972982,0.450314729108664,0.0703462731811141,-0.349110065935621,0.400652119191874,0.161540794809408,-0.216082134177958,0.393508324873517,-0.253802324966806,0.028376452854645
gene40,-1.02369675667486,-0.535758022258582,0.762180085676307,0.824834312491635,-0.788589860333757,0.765955222465764,-0.953785103278023,-0.110384353775522,0.686702392838788,-0.231326161441461,0.124150516560441,0.277248213200627,0.632822581743135,0.302793619534162,0.498951806950236,0.524212017669499,0.842270486267388,-0.196446210971729,-0.639468565546227,-0.56491881663561
gene41,-0.488553515691469,0.105624618249586,0.528265784781807,1.47318900912228,-1.32332592884012,0.722412105363501,-0.948001400614866,0.712853593376974,1.28522559036392,-1.03966530380888,-0.423518845339496,0.964372508139643,0.679635268216786,0.328746355457121,0.812527046475761,0.450857517151471,0.304733102799554,-0.272176509716986,-0.717592885320254,0.364640664356797
gene42,-0.5992104831989,0.360647069731247,-0.935241298116811,0.265582764451282,-0.33132979790905,1.12867241733039,-0.396524571636117,1.287701225131,1.25481365629309,-0.571873515731269,-1.41968771848801,1.2960333882406,-0.41637195280575,-0.730344860539788,0.922896023537346,-0.583294557570982,-0.88674587660921,1.11059615850856,0.532836707715545,0.251905120505349
gene43,0.129904694848192,-0.628276880589671,0.0120539486280884,-0.101836692275459,0.4085121895134,-0.603839648015807,0.397605443317606,-0.582712087186272,-0.544787426229255,0.490820583264423,0.732715557870474,-0.447717682373362,0.144563759201529,0.522238551602186,-0.842960972677731,0.32278781983004,0.621442924050865,-0.638473192105358,-0.0630776336459576,-0.215451857733067
gene44,-0.674582666433678,-1.39228256167862,0.764076877904816,1.06384533110243,-0.476553509931791,0.690981016619104,-0.723959116386495,-0.101315012921535,0.278609660461741,-4.87538178983171e-05,0.36374801367181,-0.0248546193867998,1.10944061163808,0.609012907963751,-0.0529664274757182,1.13458554411138,0.915468439350658,-0.764529021659431,-1.20203950224366,-1.10647186007094
gene45,0.152967392661811,-0.253814271247334,0.751625827650548,0.123266221522045,0.342511442937855,0.0293029343061896,0.0038057298785651,-1.04787277327321,-0.442455865007564,0.368830767307192,0.783758238076477,-0.437089937293098,0.389445706128899,0.762146695935127,-0.774469609651921,0.713319536142878,0.764265891260382,-0.91670396267428,-0.470435717021438,-0.632703477661697
gene46,-0.817440639572717,0.0883491984303201,0.078145023900822,0.579125622883057,-0.665692290980338,0.671707395307637,-0.478309165530284,0.185032834362063,0.986691100150598,-1.04798205686182,-0.519382954870544,0.525682329798035,0.510200804250172,-0.459642081098335,0.981493815717591,0.238646582900578,-0.228028466447859,0.0196854526168374,-0.280619040293614,-0.0082768336272698
gene47,1.16796160573581,0.367768354230792,-0.426814335671588,-1.52899248703642,1.20123425507929,-0.380760450712962,1.10618284557252,0.47552946897028,-1.00867424192806,0.470108668903768,0.0541424026347464,-0.391256950916834,-0.106199450871016,0.351097441710458,-0.459128045721882,-0.873142834052728,-0.38224104604274,0.125550216358649,0.620705231009716,0.201961796853559
gene48,0.353981482808633,0.0175887138772739,-0.476524104279718,-0.779210182938954,0.783758878622774,-0.394442693053825,0.54188402528769,-0.443211612208501,-0.635480839229135,0.553205152066504,-0.0174541482324151,-0.211964790332403,-0.616629755933054,0.401499905010068,-0.828182052293134,-0.256735758749282,-0.189579325905209,-0.191950604335442,0.320736507299899,0.0930059716916036
gene49,-0.714776935245945,0.73667092577409,-0.472080347023908,0.747817901453392,-0.372168114631199,0.46219806288776,-0.524911442160233,0.526518780129259,0.957152824685623,-0.527685805777133,-0.66894864394314,0.686458366030416,-0.0427264487886777,-0.419964295874234,1.06398726276595,-0.09717984756238,-0.422811373730461,0.730253553589334,0.315174803149938,0.566761041130562
gene50,0.5035761631846,0.151478674166376,-0.691296975598033,-0.858600052095196,0.626664419754621,-0.819370192521206,1.11896951234478,-0.0079155466979354,-0.619994809390793,0.715318813872958,0.047826533088963,-0.260312525172004,-0.774995315828518,-0.0043010437458311,-0.550888186237941,-0.36449757496029,-0.432610895127015,-0.206621944543494,0.611979898908517,0.304662416024618
gene51,-0.0351913795286338,0.746729593262739,0.0365346046653903,-0.168063499963879,-0.443175352434902,0.404183619634663,-0.0022507666112952,0.113249545366607,0.499351866158171,-0.429331092346901,-0.736040709740934,0.550992530386211,-0.625380688689897,-0.750884832060439,0.414647033063638,0.0488103458856318,-0.673687096593499,0.655597344823273,0.421504115324006,0.241364817030979
gene52,0.46905443232282,0.305529810462313,-0.57485874644006,-0.599906744514936,0.438635307286946,-0.329127011575267,0.348475580115895,0.109389398984992,-0.304274491906329,-0.161064690729107,-0.029817990212377,-0.188880823869231,-0.445780800398235,-0.203447168384714,-0.232517219153082,-0.357920231406703,-0.342705124651852,0.396139154257455,0.549600902356292,0.377060958598523
gene53,-0.314722817109781,0.153480392329903,0.17261055444224,0.329993529315296,-0.517454178479631,0.439231229846314,-0.131368936566156,0.610074181084602,0.332337603616183,-0.646232209512834,-0.600508856639793,0.529083034854733,0.315799630466742,-0.29053251878884,0.64274122665002,-0.231359202324832,-0.215878123665248,0.509587373999676,-0.0186002726376757,0.0673852216719932
gene54,-0.220052573543543,-1.32720392145291,0.673720577086205,0.859698422704,-0.400519110059204,0.782854187979839,-0.708070403235031,-0.630879915384349,-0.0051318279119101,0.571619282283371,0.417886771289539,0.350413871985536,1.34088695119457,0.49768134064397,-0.499285806951527,0.780611675176818,0.55106632482913,-0.574473917472039,-0.987449363430173,-0.781661347190792
gene55,-0.094131096607455,-0.712106645926158,0.770054619350946,0.762386321929736,-0.259405041353073,0.563728518260234,-0.486623420453027,-0.434620700453726,0.329675185865525,0.0477477082023492,0.565175984933376,-0.100624245197701,0.837960941514543,0.254273208081207,0.211136627368898,0.756932504160702,0.958486864647188,-0.418915058145968,-1.12769657068695,-0.558434610512034
gene56,0.794128788507496,-0.59128532037544,-0.26857089579193,-1.1422705271476,0.124420470467531,-0.194174982198097,0.268908709878161,-0.696587483884492,-0.442799436138337,0.532538167237437,0.661252887708415,-0.719052921711491,0.227963339535367,0.620718792122342,-0.963524192243513,1.17829646643844,0.490345742365583,-0.939807778892984,-0.0226055289571475,-0.445102060560665
gene57,-0.0651116146316154,0.585092071823103,-0.469285713071593,-0.62456035985925,-0.0540678604333948,0.0381114254886484,0.380949755555893,0.355921659399832,0.121623111952651,-0.476930851593037,-0.493406179676035,0.39137472243732,-0.466549348228211,-0.645702679740213,0.560873591315525,-0.773854780585572,-0.819716107959217,1.13019214611707,0.588501390695627,0.999839306981352
gene58,-0.350012176980419,-0.496831811577488,0.274704733302367,0.2510930139727,-0.312460613506845,0.449134478728455,-0.649517314371376,-0.37729535517642,0.581238444835933,0.0389440001541789,0.135061106869641,0.216100271427525,0.388467370453422,-0.182066497672638,0.126550410806868,0.709148227971978,0.49087196615444,-0.595585172268919,-0.695413794943089,-0.353266239484543
gene59,0.237376266500719,-0.529245646597256,0.585797294954238,-0.0093365610221521,-0.271373687171703,-0.0982315615637882,-0.51932289395717,-0.857535628106653,-0.157736434314819,0.0205646060641716,0.709750068584512,-0.0672263768304437,0.594072619639303,0.544066967682974,0.0051982227494247,0.497655056782869,0.637996493891758,-0.101973769786092,-0.397595472700822,-0.865870640059676
gene60,-0.417405843817578,0.178315405473201,0.0241788337243375,0.637853662033812,-0.642700106911658,0.829034465930944,-0.803384025716445,0.919278184324235,0.988654426172246,-1.03760436457457,-0.387693649109129,1.02113467448179,0.139140961663835,-0.371334754081144,0.604318731003026,-0.302846990403709,-0.180882891125456,0.552543612546465,-0.15060089745992,0.0037979235991562
gene61,-0.42161427384352,1.30198599358679,-1.82327907109071,-0.249651531894206,-0.572740244855716,0.0465945422078457,0.286233192478093,1.13496999720455,0.41042858233051,-0.0086783245497045,-0.424248680733365,0.0594480996907394,-1.00349447723488,-0.610657237618448,1.23038434458989,-0.464905001000855,-1.13909377757364,0.410822065382221,0.489181339135266,1.60620870892645
gene62,0.391553131030629,-0.465171835703749,0.288617079593796,-0.0341037510769575,0.659419840728994,-0.221242995848434,0.403664729764323,-0.403912470518509,-0.0876453136724014,0.576461499878861,0.304964169557721,-0.557051804675092,-0.0581929414677078,0.715498302097196,-0.606355256774976,0.456441190741359,0.282843075831356,-0.643175028303988,-0.18933511323633,-0.296680356508821
gene63,-0.774710241010458,-0.259621761235181,0.364442104055647,0.516163317355795,-0.531461687456855,0.382278988387039,-0.58506353563957,0.245135489898094,0.574862760132077,-0.320956030483645,-0.127511627868214,0.369899734635083,0.246953194795732,-0.090538061043095,0.254913245700976,0.0375197120042988,0.153041494674432,0.22450456570141,-0.399665410326921,-0.24662525823859
gene64,-0.588112014036478,0.655227227419395,-0.318821644381283,0.584754523130406,-0.856389384668727,0.779022476886911,0.0943931699588252,0.836089237509489,0.527613101515994,-0.753108905834379,-0.669614870599471,0.513861495861903,-0.241413888363273,-0.537622382184619,1.05877128578305,-0.849253233817044,-0.546150374035135,0.758245620010415,-0.0765468672824683,0.499916136818418
gene65,0.0192647080345164,-0.277147559913774,0.353070619964316,0.211465831475299,1.00917215301792,-0.307346781145134,-0.688662833905627,-0.6965844803446,-0.136878491910769,0.181979016324254,1.07372598604993,-0.872836352387763,0.581718711688775,1.0833829916413,-0.59138433305779,0.560298971842452,0.620386210858889,-0.50165845044604,-0.332626754451209,-1.21003319243096
gene66,-0.0923960425244437,0.877751670482144,-0.616189143859591,-0.161012567007865,-0.145638339442133,-0.0363446646314136,0.0780170465769862,0.296484998057948,-0.415262057752194,-0.421908655571318,-0.671135882691596,0.070537908431237,-0.425237123570082,-0.776115970186378,0.455850164647586,-0.524756023645794,-0.674111485865073,0.541410988378447,0.617170517870822,0.568494354258913
gene67,-0.738991713243896,-1.24703078696212,0.880801500933883,1.48279991443676,-0.283104790724378,0.973418969328277,-0.758271159047132,-0.662292725142859,0.648322072337506,-0.719407410729056,0.207781619444787,0.18628466636584,1.03391486036062,0.205661921809199,0.382034870290938,0.312950162501456,0.646988993029042,-0.51451268590637,-0.458525595525854,-1.08965268737317
gene68,-0.820332139077459,0.0738110500797371,0.170002087138828,0.625794804772327,-0.614332849406938,1.17655683950801,-0.25534411880148,1.3080148368865,1.03298457472754,-0.914185975412432,-0.928533154183198,0.540348741681196,0.130971096319322,-0.180758913007254,0.956582490121048,-0.159142884077445,-0.450778560253919,0.794812219040041,-0.606353281637331,0.233804479597087
gene69,0.0155247286023329,-0.824584344376811,0.628369330412791,0.0585795616797511,0.115734035693992,0.0249598868203287,-0.684829927602729,-0.893731333378602,-0.356291313143486,0.0991312202601495,1.42167628466171,-0.548246771372281,0.442033203538315,1.16263180675072,-0.734284299636391,1.56235339575255,0.828082153202168,-1.05167874786144,-1.38576351918835,-0.803203595684664
gene70,0.305363694151613,-0.725318186050413,0.123469249907817,-0.0906179971399393,0.669375066030343,-0.432437177492388,0.362947879669503,-0.669432193019932,-0.327823180254872,0.7213659511781,0.556163666636269,-0.681742167241977,0.103610225565251,0.723343092088329,-0.707228268518202,0.701555734630923,0.483606918381459,-0.902055478129029,-0.275358446607436,-0.333301740690381
gene71,-0.28347885184648,-0.382837396082023,0.128080593205395,0.628884894259706,-0.225224077373139,0.66870015548489,-0.367344828580861,-0.451721594877814,0.722431012548329,-0.0275686739373771,0.568560187483728,-0.161656251911656,0.189725348583104,0.147237554010284,0.222489535758734,0.27747989400874,0.423609423167015,0.396492401074985,-0.25707862316872,-0.27168045274938
gene72,-0.732717505671266,-0.16826389762991,0.334040162850269,0.599596233552049,-0.288186006585879,0.589688427518657,-0.603469608500713,0.0427095989574889,0.50906744995855,-0.868089907865826,-0.513844142941633,0.466871590911066,0.506865006646965,-0.345830162787496,0.537396092260318,-0.118081294925414,-0.0090386926929531,0.465244908662291,-0.453912505353981,-0.557877502545401
gene73,-0.0439268089240546,-0.384611364196202,0.871792796411552,0.0963332634348683,0.135401585504149,0.0139674838249359,-0.245871596794145,-0.455908231814565,-0.165009331839711,0.449395939577649,0.892562744285099,-0.359884693754006,0.507509530863194,0.513133832087332,-0.331629840831782,0.452306058654065,0.338627064438438,-0.478708507965964,-0.579371671300529,-0.456962778719034
gene74,0.23765815729641,-0.561395347221941,0.0508980518252103,-0.125031934764014,0.17571180342989,-0.388499705055991,0.240518427471213,-0.435032345267849,-0.401452870342206,0.463005375532571,0.635381448143076,-0.480234621432134,0.150289916571223,0.769846661300658,-0.698070501495574,0.289248343054259,0.580214693888669,-0.413170666143906,-0.245993279572267,-0.265154421578368
gene75,0.940142222414769,-0.24410724460837,0.159979114215969,-0.460972153508452,1.1089210583755,-0.514570371755559,0.30088405296226,-0.629268320272989,-1.10445107434013,0.672310529011916,0.30095729253965,-0.546243752186675,-0.394781169481792,0.201189856139628,-0.638433293943727,-0.360885567054687,0.304210975683353,-0.733552900233965,0.294927440831853,-0.0966972215681117
gene76,-0.322530141965852,-0.58965594896319,0.388476420694117,0.502992762377042,-0.809414842546868,0.21006780522577,-0.842122441104342,-0.295845304464924,0.409175521196291,-0.249009453092031,0.310579695090948,0.0340925389866681,0.364410180035145,0.290376270415407,0.0774353087678962,0.436442850941811,0.717743928352214,-0.343375495570783,-0.555775920190925,-0.294821394999466
gene77,-0.476226803063354,1.13387062923341,-0.904256888975033,0.145567235668329,0.176237922348877,-0.0048210191896394,0.484380550721105,0.598462237507601,0.163328612920906,-0.423434594200291,-0.497988162030762,0.766043598987906,0.168677807363131,-0.499500497235846,0.93457622193117,-0.965252821573429,-0.467329623332321,0.894060655758151,0.4314005727768,0.22426057455291
gene78,0.795711103332285,0.748203909297671,-0.91523804673419,-0.994970829296896,0.578644077837061,-1.1672578622984,0.505243581502227,0.79341656421024,-0.606571391061498,-0.0320252926503223,-0.371119584916453,-0.671916804237839,-0.889272444821334,-0.895446437502024,-0.348205235359807,-0.661715740155999,-0.58740922464938,0.379166907194588,0.535970369241553,0.165621637058012
gene79,-0.315203386297977,-0.695061842382737,0.508267932465219,0.468544028519397,-0.196381177675487,0.247281313654444,-0.395489829005854,-0.429286727140666,0.276871503404462,0.242016907076251,0.360114439880904,-0.129315170880014,0.548876669861813,0.444541062780869,-0.061012525858716,0.591070877684434,0.512445446278553,-0.277908803172366,-0.489750301164424,-0.62811788153328
gene80,-0.398049810671071,-0.470846893252814,0.791629579646096,0.419926122645946,-0.614833035638088,0.502991063163787,-0.423554896883717,-0.474129907469906,0.602767658932821,0.364520943247392,0.676504879204892,-0.0205974579682282,0.722306623622406,0.204241225905711,0.277060164741836,0.733583811905241,0.438849501684046,-0.368254688590665,-0.430419777553044,-0.20327068302841
gene81,0.589966882626944,-0.313889711407915,0.104634783037518,-0.252572984664677,0.740117498772294,-0.559283531713163,0.425648700656376,-0.475163432859271,-0.583270653155582,0.875039328700802,0.540245000206763,-0.720975973547952,0.0306574634296624,0.476540321252572,-0.763466055081836,0.29438802242625,0.221897213511543,-0.529338232326921,0.0259473045197925,-0.324795169676048
gene82,0.0340725391100731,-0.429242294527174,0.859322065087792,0.128421641186017,-0.0658155615577372,0.141736982836734,-0.352547306406804,-0.727021380956507,-0.0214547809226982,0.558013630246703,0.609720093014342,-0.255691800253848,0.219662066123541,0.499241453551125,-0.49377680673581,0.236190924851109,0.893378040380742,-0.251825796608626,-0.369948486647275,-0.616047724911922
gene83,-0.131334636111769,-0.895378546840612,0.331899535318167,0.786520341906957,-0.440375735597765,0.162404192449166,-0.640128851901649,-0.546139066382855,0.0240801336224476,-0.212955361646091,0.322604023625363,-0.0438673625787881,0.986510545828806,0.218780617826887,-0.200093197802007,0.276492259298185,0.779450065420974,-0.427812348888907,-0.258415239636029,-0.424579899331709
gene84,-0.473929863094796,-0.117830102811577,1.02387505539189,0.222406801366114,0.251479891752406,-0.387088981222371,-0.523969412901064,-0.815817470932041,0.172118985512409,0.665494630240039,0.676267437292207,-0.245048566343505,0.838292152347595,0.826156496916776,-0.406678395996102,0.536653678176473,0.832860202803471,-0.119730311559141,-0.901062496630691,-0.470026025291052
gene85,0.496249174003344,-1.49294498574041,0.623406449666964,0.232806562007054,0.483418852654346,-0.659965663012096,0.13085392003457,-0.924291125760651,-0.42287080253195,0.911644926519818,0.66739639230886,-0.934232009724587,0.555827043951862,0.459819380495746,-0.320066770890494,0.698476543015293,0.615491156297173,-1.13648226840234,-0.573661645456413,-0.596337855587974
gene86,-0.0811493009221778,0.312768930678219,-0.428483911783201,-0.0262297003011499,-0.262376358467335,0.188950452768862,0.156649357377156,0.534631555194686,0.0573499087844692,-0.463041924486839,-0.456725997754508,0.330971000383949,-0.386170517663659,-0.661206822122245,0.328275457944474,-0.382185215652793,-0.463395903809165,0.476985381697623,0.507592350869289,0.56489759984865
gene87,-0.605680241598012,-0.812636156949552,0.809709230169951,0.997241377274136,-0.2731253566369,0.306218879325715,-0.88695578048841,-0.295760524561584,0.345525698099641,0.802728076577684,0.550426191437929,-0.170496642997561,1.21305370811277,0.286553440591446,0.240552399012767,0.721320877436705,0.561666971115633,-0.737743210530291,-0.720664997184095,-0.508142756438604
gene88,-0.0940116063995156,0.488697067261216,-0.35112647614171,-0.0814905568144209,-0.59933407278944,0.364534470629567,-0.0236826629276719,1.15607929677179,0.436137484695815,-0.957145899323619,-0.858670961002808,0.300844794357068,-0.400162993206747,-0.902236800571807,0.62986821570661,-0.812454449289383,-0.567724340160939,0.64603283117878,0.751289179235751,0.784673587858417
gene89,-0.643623269052065,-0.0153704387751427,0.222010361344828,0.394620214757142,-0.604415258761613,1.44978097881673,-0.413754259629087,0.210102144069205,1.20054157873407,-0.525835147141359,-0.302498145035984,0.90932881059602,-0.0107901059450476,-0.329766881217214,0.450447881651382,-0.537952393350558,-0.175052802579175,0.873224315898992,-0.615094956803369,-0.0234972925122738
gene90,-0.267064602968411,-0.869232887551221,0.87906422501892,0.315940065520402,-0.0356153609954384,0.557610116996538,-0.405936817635372,-0.152027060367705,0.47452946505914,-0.161231154026288,0.0454094515970675,0.337706995490319,0.976984250501378,-0.0882834062502177,-0.0729428700263206,0.546666398779071,0.100632448339351,-0.283308384797141,-0.623484525089119,-0.614479430479748
gene91,-0.280052538486432,0.561426802277737,-0.478771186621235,0.224192223231022,-0.156984540030087,0.693739382029585,-0.269018525013603,0.900823954549192,0.675469026375216,-1.09220069513944,-1.25349079138696,1.16975107876655,-0.587983161984893,-1.05304067336608,1.05154998310831,-0.824421861754172,-0.862871238112094,0.468187921840286,0.176082937310047,0.779911579064818
gene92,-0.0933422906497724,-0.0384950003514022,0.950674801020944,0.212081662528574,-0.399286894137253,0.215874003367245,-0.461184022628477,-0.129999493584573,0.36855729257179,0.579613056832317,0.417783842882743,-0.0493299269699268,1.05374136895248,0.561436975831552,0.0573819276127893,0.525689479453623,1.09423034800514,-1.18998944903463,-0.430528450874182,-0.746911377147003
gene93,-0.352212786161901,-0.862017870386935,0.803398290345663,0.502785158416988,-0.390252745914123,0.229015379686396,-0.425458046430557,-0.20253786830576,0.565394910757632,-0.198264385732766,0.0800823357518453,0.0572273517461106,0.700803276271056,0.508738114009646,0.217798536775511,0.376012414009533,0.691283927395598,0.0563052937750909,-1.02167036103155,-0.403989991583499
gene94,-1.11132031973792,-0.0730425941661128,0.0730494241245218,1.05364584086201,-0.855981325424499,1.33836441169992,-0.763261190989842,0.478691538832079,1.1391503743467,-1.06816363231976,-0.524636570609278,0.614807463975031,0.781780231071723,-0.726813273827802,0.495471531640942,0.414490125238936,-0.28729400378444,0.162428323616394,-0.779654500402123,-0.745741985776796
gene95,-0.0999824424970731,0.960583874377435,-0.565886730461056,-0.49640213937318,-0.515750140266209,0.314809123176589,0.205013301474321,1.15327988833176,0.0416167994627556,-0.800578959967121,-0.755988185343872,0.763172927288636,-0.661313287069383,-0.561075115114336,0.614496453844562,-0.943970737548332,-0.763058166593162,0.815185946408806,0.102556981878141,0.917181881776162
gene96,1.21004723610239,-0.337893990299751,-0.86779680567306,-0.50724685030614,0.992718566615165,-0.0868067729389531,0.523965003449194,-0.295705903129231,-0.830063945203076,0.524921379489355,0.52602510292361,-0.485765568385732,-0.429068695544306,0.757912050705463,-0.620432065869908,-0.0898251255235972,-0.213121630308139,-0.0499254459404376,0.583607320813723,0.205676724086046
gene97,-0.0259944357806891,-0.496774167772238,0.347157128793056,0.307656516170903,-0.0078974244179393,0.233496081890324,-0.262555146723142,-0.432531267818398,-0.0940499292641161,0.0325201408158597,0.48614850885312,-0.0852194628518537,0.256140262737641,0.475671382189175,-0.194517836742931,0.558385595200328,0.453361338673851,-0.516270322551355,-0.217555303575811,-0.575745369247506
gene98,-0.540596797769697,-0.138621996388604,0.360212999413275,0.584523664502979,-0.684477973256832,0.551079724281038,-0.343488092267836,0.38158496250388,0.740822868760037,-0.497265727255885,-0.364290109063444,0.401611773637698,0.382143054061471,-0.238243733809345,0.408614268407851,-0.137665170567167,0.0616850327527519,0.242012917995883,-0.128536095470921,-0.0988655997076641
gene99,0.196935056313707,-0.624454265491051,0.12157452057478,0.406240805283313,-0.182748740800528,-0.0481586412844662,-0.431173567184439,-0.486191861376502,-0.321952634012777,0.131725674272962,0.389234221178551,-0.320926772482547,0.599144309741588,0.776209832288679,-0.232419062510488,0.508622486432639,0.470978324000375,-0.651467221176532,-0.117246922956666,-0.603873952894413
gene100,0.710546958595147,-0.4268539282456,-0.663421766939233,-1.58643423989338,0.271436413412361,-0.778799342243233,1.10197578544743,0.423731179850303,-0.275456097077675,0.613088097864645,0.21308465755344,-0.0413218891300133,-0.503811931304917,-1.03241826130203,-0.37962119178554,-0.0147585075371723,-1.11703530128793,0.181572962034238,0.758924441324655,-0.155937191933753
gene101,-0.57777990582219,-0.0738925658922225,-0.14793230683435,0.260045049698735,-0.134822363500242,0.236014827446583,-0.586648748209507,0.843039659014889,0.320357900937743,-0.602071050302747,-0.410700539720077,0.320931478014436,0.433419103045489,-0.62426039895442,0.423974040207832,-0.163438706041994,-0.407981481011297,0.555576948230558,0.049840486185298,-0.18037974738767
gene102,0.0993503026125177,-0.755846147591291,0.568080752194241,0.02499764698636,0.163969435775347,-0.611252095066245,-0.362276620402385,-0.852295019830168,-0.127767095369357,1.00334554542389,0.525149469441696,-0.925373569815969,0.491352514747027,0.804527565547127,-0.312567444089752,0.68954810859964,0.844451181834617,-0.826489136885409,-0.837775661883559,-0.794386288794047
gene103,0.372961506034877,-0.102441018319004,0.639696168839308,-0.977579009462771,0.475761663229246,0.0236598625972547,0.760664189165713,-0.99504153173554,-0.919232951564456,0.58421265141063,0.675889354932835,-0.397965206082943,0.286030142677569,0.117729856853538,-0.864868157691532,0.762452705580385,0.536096382201288,-0.225306984885301,0.662131641091507,-0.247626921609965
gene104,0.957392912936221,-0.636177753480077,0.0720860687151102,-0.0029030504740371,0.730441820225484,-0.542704466717807,0.397055369004075,-0.484019071053433,-0.994342901214195,1.23874493601531,0.729178407617699,-0.909321285718375,0.0787981023879553,0.952338444550271,-0.684040880085128,0.225118035013251,0.607965365430074,-1.1815771102786,-0.189677501003426,-0.553235349532044
gene105,-0.246134558747528,0.352826293218569,-0.520913186602453,-0.3298792586823,-0.291953902719527,0.0445832952412614,0.202191066539094,0.375465839401182,0.236514905760117,-0.399371478177119,-0.696764425329326,0.588590139316383,-0.501824108645804,-0.513572802293247,0.426806620836889,-0.637878337605204,-0.539602450530811,0.362031450745731,0.381086489503848,0.489730514173156
gene106,-0.554502254106008,0.629600981731109,-0.227451550289041,0.210844080275191,-0.490149815044121,0.380529091396692,-0.312989581024455,0.396560738173072,0.590560029085151,-0.734574070311646,-0.808941369183051,0.606313348641946,-0.309040727834612,-0.677458917625126,0.875568710362658,-0.780196492743535,-0.420819934314913,0.473621478605866,0.296481003436228,0.532370337379948
gene107,-0.95186605327499,-0.48298649023179,0.791517945279813,0.72585106085665,-0.412229005562491,0.881841471403634,-1.25064659320645,0.344515754826605,0.573772103662187,-0.274046772794802,0.393669036785354,0.398969449861757,0.808073376149037,-0.16633492132555,0.421881871964459,0.19070811986719,0.206655477354278,-0.0562899411310475,-0.735893972379724,-0.676556250163022
gene108,0.354680940720974,1.49473509529878,-1.04282342680771,-0.618061152833963,0.624527510493806,-0.469771627068112,1.17886167385803,0.5960912770239,0.0062055250929655,-0.160544915525813,-0.705769676846969,-0.108117325071207,-0.928474508305397,-1.09835980913207,0.290398303051748,-0.956807087510908,-1.40500285823655,0.586129122561168,0.819647850209049,0.691246523641484
gene109,0.197988344377578,0.819469879126055,-0.690923901978877,-0.566993132835368,0.265078913221014,-0.378433010618915,0.799591856743398,0.444348960464836,-0.0505367598139343,-0.209635777186278,-0.546757997652061,0.0763638024752882,-0.44019314563567,-0.413004482517925,-0.0066816175915788,-0.926047123118359,-0.655592836504259,0.300872990814451,0.382556528343786,0.524395433485192
gene110,-0.134386832222485,0.695509356870687,-0.472805529310878,-0.108320345929753,-0.301874541356361,0.400371647525919,0.226600492732478,0.735251381802795,0.293362702565064,-0.296193316100596,-0.673426467745016,0.611014348574179,-0.212665901225405,-0.417867411493872,0.428537423966619,-0.602895200339719,-0.545885620541629,0.522776920768393,0.311094885319615,0.743948719692436
gene111,-0.83590178027695,-0.368369508776565,0.0521640792991864,0.976373000618544,-0.893716314800538,0.350708898803039,-0.418712180550351,0.305416811800805,0.501608642940471,0.136292682079997,0.417667055666552,0.216796695929798,0.73603999033631,0.279351792343257,0.369716952900437,0.805173430012248,0.779663229963472,0.0254954546763842,-0.740482454240381,-0.666621153173479
gene112,0.791645597120149,-0.938565542306274,0.176471386195755,-0.315841766986992,0.515596229114328,-0.766000272452562,0.439498517814161,-0.88451295721756,-0.891968542644861,0.739419472098297,1.05656494283515,-0.592736906046837,0.237952874873341,0.794508822818064,-0.887147019266521,0.352707738428601,0.758589776280635,-0.930809577370348,-0.389620478135333,-0.605212939994922
gene113,0.16251938289083,0.674114106639838,-0.589708371997653,-0.125713113647304,-0.173824385269412,0.153360868497085,0.151290335052859,0.732335107947401,-0.166160031178022,-0.523213666461806,-1.05748807799287,0.321280877931992,-0.566774522077491,-0.762137339483586,0.569051957377923,-0.626681809467696,-0.622649395482646,0.865368396284284,0.739823276081715,0.286898022568933
gene114,-0.233569023951815,-0.460113624022585,0.665865882409461,0.938453264250058,-0.405285757546159,0.182718308249104,-0.376318492366254,-0.409821733540288,0.541773587418756,-0.374002988555912,0.449148325584053,0.153553024966161,0.634986358225484,0.241037909770559,0.220114244906678,0.423122871792794,0.685347085690762,-0.316449866189337,-0.7683946913163,-0.772761337136322
gene115,0.132281154147525,-0.455344205619665,0.565856979436469,0.117787176102976,0.675661335980394,-0.432105905146279,-0.12237075630297,-0.746149465975653,-0.0877018389756014,0.396931900782312,0.710752360908574,-0.834536691044407,0.368102042781716,0.296902498991633,-0.675869673849118,0.471313728397002,0.944058016468851,-0.680483504585568,-0.298010399069633,-0.365812431308975
gene116,-0.400576754709736,0.0659124959249923,0.435504141076411,0.500559726217064,-0.689924861639691,0.591857502311289,-0.849308523461319,0.503382195780376,0.796305909551365,-0.426123521632956,-0.232012383094095,0.212747561913958,0.503969836798291,-0.389409591743305,0.265816440485859,0.11785654059749,0.274483579231628,0.27725087025299,-0.42991758396482,-0.196158284865025
gene117,0.66207433994368,0.938608673008356,-0.66584130815843,-0.161157637122274,0.424906683273406,0.164311337659851,0.432206156143002,0.819436252372494,-0.108900186247985,-0.128822322525985,-1.03860296923395,0.515807948563129,-1.06075419799944,-1.00558350154565,0.370654284728732,-1.03005406393824,-0.926090810334863,0.295673298875739,0.84383061085896,1.02482681184294
gene118,-0.58348930679756,-0.468206530155066,0.473394582021866,-0.070891971073784,-0.378541868723418,0.822040506041273,-0.896779348980859,0.154039373838748,1.31328293419667,-0.0628968310018029,-0.397798517894723,0.416234950471456,1.67743830109451,-1.05376978078868,0.903551145188475,0.49261425035855,0.254249751592392,0.305893677741435,-1.36336547740573,0.036477423835735
gene119,0.518546221166389,0.726974824724995,-1.12100972789932,-0.62307667310117,0.401196392305649,-0.662759611111843,1.07056119706494,0.385171408060278,-0.680624730575567,0.0904338361654462,-0.227443506550812,0.158460851197546,-0.816547057453592,-0.361624839341831,-0.402213305252269,-0.785164416788117,-0.638115541150759,0.427368540377681,0.690734723682875,0.645250425037671
gene120,-0.588957798075892,0.331950413440652,0.228330526151996,0.421341783252643,-0.625966144498639,0.824211674823059,-0.646053830070544,1.15299693926895,0.716761530875485,-1.21638399349193,-0.610149477024647,0.968947879297279,0.352154088473458,-0.731058635931791,0.815358593378853,-0.419388705737473,-0.12662564641042,0.651593658071681,-0.0396226290782251,0.248167009254057
gene121,0.133037544964229,-0.580750794954691,0.912961315091672,-0.160614661100405,0.621453680854064,-0.261419383097752,-0.0446873284960554,-0.930108665950711,-0.30175814737333,0.542210084195245,0.723345346165317,-0.817789523226387,0.520398834487823,0.816580308232177,-0.704153087797398,0.491299294656689,0.628984514342113,-0.916055606393647,-0.230501647359733,-0.777811796390772
gene122,-0.34276707402556,0.651911522765966,-0.678722910122797,-0.462727728119277,0.254919987554711,0.340035333178205,0.263403727387184,0.252806363688318,-0.274245173529731,-0.172373392739195,-0.244451659453832,0.240930409318155,-0.576957452780822,-0.493347845289287,-0.0205041797677635,-0.558865780093473,-0.620522385533308,0.483352604218346,0.869487520469093,0.436518924776817
gene123,0.316343473245746,1.00139156249598,-0.797620041667136,-0.687964850162224,0.167427328897649,-0.385223624643914,0.881920983877178,0.577723327402479,-0.243671088767672,-0.244879913959618,-0.390817338963173,0.827136151925589,-0.730621697302146,-0.290914561351214,0.457109000409976,-0.956681725203143,-0.905393071399354,0.487574890514285,0.772869535693125,0.890895614016104
gene124,0.721580655599534,-0.270716567277348,-0.0602343442746922,-0.095356047092769,0.513534706289647,-0.337742463701086,0.516145585131779,-0.678291661426813,-0.135531953938893,0.476966748155588,0.345066904662335,-0.542246434669188,0.179193952318247,0.409530327819179,-0.745086317140883,0.217966283736243,0.393779383375507,-0.572375391436133,-0.224301391925599,-0.0663066007566786
gene125,1.00375972320655,0.291839501354526,-0.737713898519209,-0.763606850228394,0.799520661237413,-1.07258503002336,1.17525177033698,-0.249773734283575,-1.17301717587985,0.654154897794239,0.37372975370716,-0.36079570683352,-0.512023584320323,0.595173891724018,-0.549390504955301,-0.591228438548798,-0.264734025739141,-0.0483807273457754,0.982342359683928,0.444302840693811
gene126,0.80367907590421,0.53678494375921,-1.04663608094605,-0.998907021309893,0.77594765891685,-0.675002110414993,0.589733946685287,0.0170325307342855,-0.311155679109697,0.255050210509683,-0.439244945489613,-0.0017680035499445,-0.817696123895569,0.0055188734333681,-0.247970931224581,-0.601533291717794,-1.00800402116106,0.0122546287338975,0.959637342609158,0.399658424598355
gene127,0.397620187209602,0.282119267435385,-0.892519706652612,-0.973667323902911,0.596073722072212,-0.581649776169883,0.950587211247556,0.137623686057331,-0.677011249243672,0.133415943851748,0.156687351276168,-0.194313658779264,-0.959267256673985,-0.185390673199847,-0.220180508087287,-0.330388830402127,-0.436712487898502,0.194554065738202,0.849378229008945,0.686652706204335
gene128,0.681699733366291,-0.515788517631121,-0.0458681401300841,-0.316316805290564,0.705809943577653,-0.686818294799971,0.254321682394878,-0.489259005331202,-0.454158771877772,0.483448293783885,0.668636785296799,-0.661038362425338,-0.261376772718387,0.465473753893904,-0.41976810564641,0.0410036458942454,-0.0855841503781196,-0.537219285425852,0.509793020132421,-0.532185312004189
gene129,-0.0234983525694996,-0.332015854841678,0.175916697042488,-0.338532636455605,0.731749191932754,-0.789011407875502,0.282777165958111,-0.0641398430195657,-0.829197963727627,1.00266939732438,0.386025698863764,-0.411196163804012,0.35661718183385,0.78821242916631,-0.094046860308628,0.391160255645103,-0.0810189446740185,0.0037977431587796,0.0671186637576442,-0.761811092766227
gene130,-0.0919991452506264,-0.741936365258326,0.652685141881722,0.476634270479189,-0.499074736231842,0.146496414372225,-0.676252396259053,-0.3487137572796,-0.117533079405474,0.263673499305834,0.175836483589729,0.208964995052809,0.518632368795539,0.0312728522352143,-0.156606228022985,1.04767698418635,0.532102190008586,-0.435340552234986,-0.802203147350436,-0.691813820276822
gene131,0.973454666709925,0.641030620717369,-1.10118456602209,-0.909817328797351,0.349831808489211,-0.53471827304488,0.5939426206133,0.254106925685696,-0.864762453393254,0.516658487498931,-0.196110527615626,-0.286722120649203,-0.370506616149728,-0.360458041653057,-0.675828910521722,-0.476253884519665,-0.970749233526422,0.31518894664443,0.675635582713315,0.401748757031069
gene132,0.998102511679999,-1.07660417863583,0.289027218632867,-0.786686054177808,1.01618841461941,-1.03114873622872,0.830115063032488,-0.0811054180795874,-0.68859278054236,1.3648861451165,1.09074435493596,-1.44787418482738,-0.436064328930276,0.855753974548693,-0.327810352557892,0.0532512935510214,0.602380197781119,-1.37215119279344,0.108155569440229,-0.275268198639926
gene133,0.259352541248441,-0.967430390052437,0.483270226380545,-0.119932039261719,0.474830405227421,-0.292402667528237,-0.0321085870920284,-1.19695509508633,-0.610648479137099,0.922413079583261,1.10460166912009,-0.748520636254694,0.607885886371527,1.33176029107799,-0.7815352346805,0.745322477538276,0.99498610554551,-0.670811634232704,0.0440970468245248,-1.20122948595353
gene134,-0.118021556465914,-0.589610223378439,0.814786763565033,0.597322720234895,0.0948004466569231,-0.110323822478079,-0.340139351402797,-0.516005636723434,0.24529298268742,0.0761649731042717,0.178584451898218,0.0277420952728935,0.55999094904206,0.499102056496808,-0.0246434986594648,0.869555353742215,0.533349308405796,-0.579780950243726,-0.518264077088394,-0.785150179337938
gene135,-0.337167115288071,-0.581553954248074,0.867793607235289,0.470911012813559,-0.259265148890892,0.190030241314969,-0.856164713265319,-0.409832593312509,-0.328657435042069,0.229439285114049,0.612532621382763,0.152665267437392,0.518021020179973,0.770989882408673,0.397850051156686,0.664561940724323,0.680797600050486,-1.06734030596066,-0.320883097713256,-0.534684151472134
gene136,-0.465694339893053,0.445343014426292,-0.0343109151416812,0.244137129397758,-0.484043006314096,0.56983523889574,-0.0597408692921566,0.473640377312846,0.376503355639237,-0.7183695117016,-0.574132982183233,0.511058153247061,-0.101718532524936,-0.705292254387522,0.782051112630468,-0.431754605990128,-0.23598692278966,0.643737069030771,0.111259418729313,0.535032874004876
gene137,0.502406766903329,-0.751874376862898,0.532638467023509,-0.218767249660217,0.635927967941393,-0.992164227531719,-0.131405647386495,-1.14007586317722,-0.543586560999501,1.28846662674216,0.890436675364186,-0.974250338770823,0.369037764766137,0.595273523407568,-0.29623734749,0.333427475920697,0.692686644948001,-0.792655452172967,0.0564375783352746,-0.376246615999658
gene138,0.265646780512235,0.779568646165539,-0.790177503272935,-0.397170168824984,0.680030310366458,-0.172468720854074,0.298816966157316,0.998137947891327,0.358985503897073,-0.127777432674447,-1.04445646331762,0.780723345451161,-0.843076728197311,-0.798134281277364,0.618970041876927,-0.51848215400905,-0.74031580195857,0.944966806223631,0.707568369079506,1.80295940731595
gene139,0.354107391523521,-0.823948035082368,0.427382821407004,0.566918222543196,-0.721174537695301,-0.156338618487852,-0.573353500044742,-0.694595264468003,-0.329570199322765,-0.357890058726863,0.253206092622663,-0.276820058556553,0.360265300328509,1.03664429653987,-0.280234440621606,0.939243047948857,0.525486911792071,-0.25890584000079,-0.796319876301261,-1.11242891441309
gene140,0.284881183830384,-0.894304032886615,0.447199774340888,0.347277484296258,-0.230333981773253,0.24013464214978,-0.468787173905237,-1.19275981336269,-0.390887091521693,0.649538610671226,1.08233619360202,-0.827006418617198,0.675974010343282,0.503463565207156,-0.765690080612367,0.908221873578277,1.05225476403902,-0.623490115063056,-0.363898790229477,-0.922970258181319
gene141,-0.0866049524851783,-0.612284020434006,0.324304437846425,0.169784564397397,0.111511030921293,0.107220895169024,-0.326194427297182,-0.427980466063846,-0.13502407602246,0.396411801584113,0.372617823815455,-0.183921315756219,0.300006928711114,0.640194253571542,-0.453444816549718,0.370639090360217,0.558633563607456,-0.486812418561284,-0.572389031467963,-0.659834738047222
gene142,-0.561327751944363,0.173870809356386,0.248355260602737,0.725875579231044,-1.00676469525516,0.893158988743014,-0.505437603416272,0.675233290187267,0.529376409740245,-1.08992902177072,-0.321134781681065,0.647815765942847,0.230293716424324,-0.26479978532065,0.977348924836989,-0.0784136321561044,-0.213201712907549,0.854954086677921,-0.317919366796181,0.137464125439354
gene143,-0.21997330190422,0.971493617776614,-0.649967988287077,0.067357185594581,0.210899529602233,0.245465086731857,0.247516017600519,0.880369795652777,0.400481485990234,-0.357447974839188,-0.815609820996831,0.388851629258834,-0.989978923920996,-0.556647823607122,0.810494328398691,-0.662290808541225,-0.536974943012967,1.02669080745995,0.840503619625889,1.13457125975609
gene144,0.544631268798386,0.434879297384019,-0.682364422796675,-0.591767603218775,-0.226597028683754,-0.210579143562497,0.800799768230349,0.618044191677993,-0.0284874227062728,-0.231558708737058,-0.712924920518617,0.316978873699527,-0.674096072617543,-0.478036647614728,0.0748748283423777,-0.864114239815152,-0.64317395743419,0.34025821891999,0.781059166480061,0.69290786059246
gene145,0.717006254689138,0.83121105731954,-0.893718607171137,-1.18523975440223,0.838164957195285,-0.301861539565322,1.47073670237372,0.358695926681681,-0.746727422441144,0.484299400255602,-0.468985669644799,-0.265398042812352,-0.55946175698414,-0.238641085157437,-0.166244223149509,-1.15298619945101,-0.814234045074195,0.382566200296818,1.19163069142752,0.943009332484201
gene146,-0.269119248153877,-0.230250421285441,0.119240403119965,0.409148321732395,-0.379186773096368,1.06499016426604,-0.30082152914223,0.150111222578526,0.599871945489347,-0.537224650508609,-0.169995790836573,0.434928975645675,-0.109526672232763,-0.209010402120525,0.745615768441102,0.252789897082622,-0.409296487842672,0.18283411672349,-0.604623007360929,-0.213035809225958
gene147,-0.0174451242791921,-0.514742894370825,0.389240642251164,0.419152599925508,-0.0412984898835591,-0.0489528369822132,-0.406902980357225,-0.30094792156731,0.0539749162241707,0.198359149338008,0.208506386540967,-0.237648227962571,0.29343157385379,0.520707808925992,-0.281531934347552,0.759949090579568,0.392665650055447,-0.647978407288184,-0.689337893239431,-0.635027591103574
gene148,-0.463977813499725,-1.39717755156997,0.530749429541599,0.146716270414258,-0.0927406779484466,0.276601248699386,-0.376730892791478,-0.475172206848632,-0.355527450837722,0.0418381962427643,0.295557974444179,-0.16832551954293,0.499537984888388,0.675112692270531,-0.505909858437971,0.851479142091414,0.589282939027873,-1.05516120478627,-0.744500861475838,-0.699802353130127
gene149,0.415616625826132,-0.213997957982417,-0.266319766744315,-0.644207933921728,0.906189112127676,-0.241337937493282,1.14955271661995,-0.146145926018315,-1.21554359538439,0.901811025397817,0.743689111189069,-1.28995475639113,0.348111357315045,0.764952140742097,-0.829464451359663,0.0076324130987909,0.240469277443034,-0.299572249029522,0.0429507740205343,0.0895414475677986
gene150,-1.03519930287398,-0.513543351651433,0.440527875751936,0.536397097835272,-1.01570508139927,0.810638142389642,-0.698353929947643,-0.112203569179595,0.313477985040251,-0.376796184215472,-0.241860782047382,0.901369214694481,0.662635866845196,0.200654018754079,0.395207140342188,0.113886033532865,-0.0431326442560136,0.521630071818218,-0.586659756673294,-0.638880339184704
gene151,-0.315009395946906,-0.250886269226545,0.0558229864345017,0.509803185389405,-0.797353914636239,0.87332885127388,-0.509442161860113,0.553177596325744,0.659522703804145,-0.776259573945864,-0.410115909776908,0.55761369295587,0.146331066456349,-0.263709727018444,0.88495627333091,-0.137299666738809,-0.296014416988714,0.232918810570561,-0.264476788054447,0.181386572659591
gene152,0.881592031297583,-0.107590347725664,-0.105307207736876,-0.173184821663853,0.874858852536457,-0.787497354101767,0.773505997915189,-0.886488242733777,-0.850738984171082,0.454810371560654,0.511937273178031,-0.52296636992991,-0.199126647215257,0.633427473352926,-0.827445972197592,0.101658148112303,0.412267540662735,-0.518601468803619,0.129741466178351,0.0581898681501548
gene153,0.0050144570407501,-0.723933581991508,0.647424213798621,0.573661961058468,-0.35111509421917,0.0443835039238822,-0.280754837858328,-0.33364142908558,0.52798873377053,0.454324068162358,0.472535837985175,0.304116256612106,0.685133276140195,0.632018342262154,-0.451412340771602,0.715306624647294,0.484998644279336,-0.618752324164074,-0.746884268712117,-1.1239432585304
gene154,-0.668978352695943,-0.0683402661971351,0.0764680277484518,0.773808212940675,-0.62311068499066,0.673416841348502,-0.665331977923826,0.517393254982981,0.782066291850967,-0.497100734583401,-0.627155360842437,0.972333564221401,-0.147741359758138,-0.378468373789752,0.805868889775033,0.0930990363446246,0.045475222510435,0.75890985243221,-0.0688974562837533,0.161166767811922
gene155,0.349185021594066,-0.448073542691902,-0.691723256127302,-0.719411345898087,0.336625575866785,-0.544697714100423,1.0285880090004,-0.616701747905459,-1.12597418275649,0.881716466353487,0.103649455332066,-1.07114382988987,-0.189524009822077,-0.486321696413888,-0.443854611930488,0.0168818302308132,-0.14058849660454,-0.0622285658053299,0.873330163245327,-0.458770721293801
gene156,-0.225088594644044,-0.495564236989804,0.572839197054586,0.693089426361959,-0.0776808434190581,0.409948307608057,-0.14694123697806,-0.165693779223308,0.318862769948416,0.235022312512105,0.467104846486172,-0.416685747311398,0.38758120107084,0.527180120543703,-0.0345353619400162,0.645652277785934,0.7020132131625,-0.407695316028524,-0.766716192019358,-0.826070020198137
gene157,0.605197010709104,0.513771746334127,-0.469386133094011,-0.328394266005981,0.395018428369293,-1.19178210364694,0.872872205628179,-0.284775610964987,-0.0509294220221138,0.657229835984627,0.101989093553079,-0.003367075641348,-0.72910534378257,0.231353552412029,-0.0860537739603091,-0.258540002849923,-0.397589522355289,-0.228971735637915,0.509855807202477,0.477668316783003
gene158,1.01301881704509,-0.23744531048047,-0.356202447092254,-0.59660677588337,0.713891559608273,-1.08467226017657,0.940591549927188,-0.290110920021281,-0.992625920467601,0.428872018970909,0.136452412774583,-0.624315789034783,-0.411946565187269,0.315721414772415,-0.570551453438048,-0.337757878692071,0.123819458822518,-0.168260944494733,0.530045236839002,-0.231673014953101
gene159,-0.720940853266603,0.225099870883106,0.0912548270043718,0.462762542688295,-0.604146339003491,0.568077657693659,-0.499836358216098,0.493306782442057,0.640125761677423,-0.359502900296479,-0.433281980459358,0.602381671318531,0.399765690029104,-0.443672278430319,0.619944740118622,-0.149605880589164,-0.139476515856634,0.496428537255363,-0.429881079892081,-0.133979017325015
gene160,-0.386947494613234,-0.490382196023932,0.777597317827921,0.746248987035844,0.10375819304526,0.724939452911352,-0.904282543279081,0.244413738243684,0.564365586785232,-0.131540315390467,0.0413328424625246,0.685920599056229,0.548498305910573,-0.0065557934602613,0.258198223026782,-0.0483041068189,0.4839022854587,0.149528922691193,-0.659706037871161,-0.546654092102183
gene161,-1.02388409050949,-1.19624955292477,1.09497204544704,1.65185919350972,-0.0191079641734411,0.428785625101719,-0.950442194051437,-1.46224842225371,0.50303424599163,0.608464415192992,1.55488005262885,-0.806487247250257,0.816104633839746,0.692362954646294,-0.698237353061852,0.660429369347089,1.46133676907129,-0.852227134519562,-0.189640502089914,-1.1175556774116
gene162,-0.153359065822839,-0.566358261449726,1.02778083188484,1.08665644309647,-0.459428767657448,0.288003493848276,-0.437688361752242,-0.754328823054938,0.357517275558883,-0.482311670622029,0.648056814124686,-0.282562010310664,1.08554401315768,0.683911327422924,-0.200981341520508,1.03376615017597,1.25552105923303,-0.833023615368182,-0.509770111143232,-0.514490262200405
gene163,-0.407155065127599,-0.676700626613409,1.04377653987275,0.718903367506211,-0.266732951532126,-0.132319194792607,-0.219569337536222,-0.419405075204031,0.194142407560498,0.290098034439602,0.444690840328377,0.346362716717769,0.651864102924037,0.538945736359092,0.293516367102818,0.90906595512964,0.675121308411947,-0.890013959949314,-1.25435852435235,-0.340253670861435
gene164,0.706073152660082,-0.136770077989794,0.450638321231353,-0.0195461489370689,0.719203737494813,-0.595900013868269,0.779417880127004,-0.303973308494376,-0.548827022046289,0.753448067944982,0.390399342337091,-0.626145016616854,0.326391187291556,0.623653888235707,-0.539405963729495,0.528594727257042,0.798392583346098,-0.830794749324187,-0.46828832393356,-0.0723895943903571
gene165,-0.2551325809834,-0.211720216151171,0.609220310778418,0.484380643046569,-0.304127610417323,0.544925892205484,-0.600678984318021,0.0121608921308872,0.165689486967804,-0.205287159882666,0.230256610825758,0.0030159927198369,0.410483828598001,0.231853471472361,0.118312895435202,0.331767945904269,0.468166561010947,-0.147001666115996,-0.534587939827601,-0.376965981147186
gene166,-0.281387351765962,0.318535197893588,0.109772659009469,0.384135340696848,-1.18877841392393,0.260756940994297,-0.0647597750408672,0.784249775311214,0.773506283920593,-0.724095671477114,-0.624612920707316,0.52219687950441,0.207016594491508,-0.538481173595113,0.653395911085867,-0.357884912883859,-0.762377634151744,0.351990504064767,0.976221289583718,0.655324310578729
gene167,-0.967168213102006,0.0773196313526073,0.346396023623174,0.769054684726346,-0.944556323739556,1.02602881270211,-1.11319236828182,0.916556580661355,0.611857864250445,-0.769717549508115,-0.921034942131711,0.417077521048358,0.308827138828826,-0.611079918583355,0.590092975806171,-0.276660489314486,-0.420454859187725,0.556836765005798,-0.326279459942478,0.333602815629711
gene168,0.711919685600975,0.636743782977462,-0.524124708554037,-0.860250303070151,0.764897998715652,-0.562769462326593,0.675046737532538,-0.200536198548231,-0.88312398418247,0.344353288997936,0.189728427258522,-0.187162237677671,-0.762088032748457,-0.122237661577758,-0.499840864846225,-0.44224072024455,-0.204129165281943,0.0465745483346417,0.733283047076296,0.325608897318607
gene169,0.939258755707858,-0.256845038999088,-0.684440991413968,-0.455518181604008,0.963312020417912,-0.888649880647982,0.809330452400891,-0.589357116846918,-0.891273657654341,1.06253917685456,0.455522891253799,-1.04370211425673,-0.118634308724134,0.927700966003719,-0.944478563473266,-0.125949460264482,-0.344178055325498,-0.245677412933505,0.431079547673423,0.183251708517403
gene170,0.609350986930757,0.192924512991241,-0.544961561883729,-0.869848760311016,1.06673626405938,-0.756702074315312,0.38008178573328,-0.536672680631496,-0.618244087689582,0.786543757693357,0.439831686096268,-0.729397225395625,-0.453401171541562,0.490952456312813,-0.766909776052375,0.181849523712785,0.0536546263993744,-0.454504632267625,0.376773438954992,-0.0112067542120705
gene171,0.708282623180169,-0.0375230361497221,-0.164159991449141,-0.750968084272032,0.714444178309148,-0.263946460100448,0.288934964392057,-0.446025888502959,-0.553585500331947,0.688990363433648,0.509558856466095,-0.542288384190588,-0.317656698770401,0.690908721917499,-0.920782168731888,0.308096142784998,0.241824806565704,-0.351877522503473,0.0270805956961342,-0.215146943451827
gene172,0.183485636489744,-0.27604252800222,-0.0700107256275034,-0.180102567037269,0.495043166021042,-0.406708534414531,0.213785259912258,0.0764823381533548,-0.162145643875271,0.299551074081794,0.428139671384036,-0.638188438988837,0.358637717875498,0.459900735306466,-0.904299203743761,0.619188670855403,0.356265910261418,-0.431025342344557,-0.345033968562103,-0.537893319167347
gene173,0.580211006395421,0.496795915484984,-0.644374524927735,-0.448252294201859,0.119474877097342,-0.693323258769708,0.676745492207916,0.412169990912812,-0.529232597944553,-0.10117605007449,-0.472150011709818,0.275653985018745,-0.576260320038965,-0.540257340587057,0.0827376959827693,-0.828876986969812,-0.560776353524977,0.312706274105489,0.981638559054065,0.594995479896972
gene174,0.573969001075154,-0.369529262194715,0.289115807033971,-0.311024532808297,0.0881590473256603,-0.4778639252547,0.258399716859359,-0.38780756252589,-0.342526582778237,0.621842411761417,0.782598971925653,-0.692481787683747,-0.039535081669521,0.870190015090514,-0.87952887939404,0.347177103255579,0.600579284650994,-0.880353331520455,-0.0041242571305349,-0.472835532333503
gene175,-0.0727376551316125,0.867328351243588,-0.678594633086137,-0.65587581199037,0.230959350628269,-0.0596151196040733,0.763090817375425,0.432428443813585,-0.409872749720631,0.207999049682895,-0.58206862909386,0.156864267250685,-0.979624725037632,-0.184906224183417,0.0549526729322775,-0.379076204384512,-0.496314892792719,-0.0791384582287216,0.859843058913728,0.351460219533464
gene176,0.528111109201477,-0.502925927313671,0.322995293264998,-0.143653637426238,0.226670747813841,-0.0888195303307077,-0.251011325018326,-0.693186729971428,-0.602942074239098,0.836096824411334,0.726469804762223,-0.537177559582043,0.370306418439803,0.486558970393898,-0.673902314127167,1.07404684134328,0.616376365608387,-0.810919883369507,-0.332580499310441,-0.663223266727191
gene177,-1.18512283759302,-0.110958961569617,0.640640213411058,0.96790712252644,-0.180060834404164,0.909539170424036,-0.153814139282419,0.65594866307811,0.852639270244022,-0.707670689611279,-0.31715889648896,0.901845586973922,0.817621997381715,-0.725134481018459,0.458021888446712,-0.0948839682987349,0.253875402000498,0.93867558320762,-0.441224930954512,-0.319876032005277
gene178,-0.693292352548409,-0.0957681031986163,-0.147967260405651,-0.0849560482026671,-0.280621966637407,0.66419762178261,-0.814627772792664,0.648393577861537,0.779262746927828,-0.151263688530587,-0.163710619202511,0.730047906483562,0.219787810256519,-0.469365661265045,0.713211212217579,0.141921162270692,-0.222793057260431,0.276129132007024,0.130889737816303,0.380639596538508
gene179,0.410265618084543,-0.368559985179131,-0.0462507519072834,-0.403516800198943,0.510993128267592,-0.552820371131632,0.226878280712194,-0.290819604092056,-0.499818215894392,0.46425241881391,0.303061042569516,-0.433635209862839,0.255065393164875,0.564534356394967,-0.377418590263595,-0.0298169357830825,0.201025863234856,-0.392709970685352,-0.0224337329942564,-0.47613811367658
gene180,-0.691219287790519,-0.214547292626393,0.259211432415,0.66313843580454,-0.701666304848574,0.611243608104348,-0.934305598444048,0.0936326531965184,0.868576881174765,-0.630669989051266,-0.318875570132849,0.982918705253069,0.308979482262647,-0.257775280435676,0.729349143365328,0.0497601248525091,-0.209662053954829,0.610012972392486,-0.502295572374985,-0.0638291741439405
gene181,-0.127958674686234,0.815178485048238,-0.728563193805999,-0.344978120126063,-0.323740776408665,-0.0206528476016739,0.41015398069652,1.00449540047781,0.230205922981594,-0.273794298034372,-0.960937273496585,0.633572628088391,-0.683538680465837,-0.892246597994356,0.51804799025531,-0.653450901054929,-0.882025218776327,0.535234973464184,0.596552389222323,0.841380715183706
gene182,0.387260830529091,-0.498613592135079,0.115617597916635,0.213934527998847,0.053330299415143,-0.0396757387284775,-0.454996628758753,-0.53460447072789,-0.0991409525227778,0.0889852895797052,1.05819351414597,-0.41591075320333,0.749724471307669,0.41445955410247,-0.80811142028126,0.355972300191372,0.569087185051943,-0.599784015989148,-0.591535843851083,-0.899325625501424
gene183,-1.13698632736153,0.0030848576557182,0.681850201878623,0.894150052990943,-0.824598388097228,0.949571941927472,-0.349054368115428,0.664068579171392,0.753058716581372,-0.4128036401812,-0.603581623480518,0.887132759571993,0.379055334263042,-0.376548794713143,0.59843561500726,0.033850013222938,0.425057088078015,-0.109991562081617,-0.221740505430525,-0.0670254655258661
gene184,-0.189542865516823,0.67066413172256,-0.947727161218438,0.0682513957870906,-0.138067584806831,0.591348274845149,0.417948519375075,0.884194683539944,0.0653224008799572,-0.918955942007779,-1.17840214004361,0.742656703475179,-0.381168707492364,-1.02115428519062,0.542931069719835,-0.495641523595695,-1.20669375633316,0.750672071990611,0.539872620257169,1.26105791329139
gene185,-0.514257373386531,-0.216308367559915,0.486616326055343,0.356159161536244,-0.669171042885554,0.603515571508062,-0.589086850303579,-0.102405032656938,0.141524117383397,-0.0024441471869743,0.0901513108297133,-0.157979956954865,0.794974900527628,0.201435121644781,0.555222824803485,0.64495203001535,0.501685251252521,-0.24838245449044,-0.596351903410449,-0.245967119937512
gene186,0.464589578870065,0.278524547730096,-0.668508678653893,-0.775753122445719,0.609811947509432,-0.662139289641474,0.979407172919406,0.0115604553395047,-0.641688049526849,0.237938941145793,-0.31375478808452,-0.878380471442733,-0.709489378084305,-0.411936883654154,-0.382669747639078,-1.14417784219397,-0.900176054565163,-0.0060359607691561,0.524293845685037,0.803158665661168
gene187,-0.0820892006802436,-0.0682621156757645,0.676487609451286,1.04783789209722,-0.0270150419045752,0.0936384902148243,-0.670473682111337,-0.365122511118287,-0.0978686762132974,0.0472316537590813,0.293903437043844,-0.281458830539546,1.25241178429972,0.356897201764242,0.0576590573264413,0.356852336240224,0.618476044030279,-0.13489017289197,-0.513811198597601,-0.192376714476576
gene188,1.02005550412356,-1.01157166032358,0.303807538291817,-0.140684574856066,0.567339078463897,-0.413012635746529,-0.626178079165806,-0.926183537281525,-0.597810710883292,1.2050561959192,0.990630229653528,-0.81926995501091,0.195646785076446,0.981684269004931,-0.768954728028975,1.09140705706132,0.256817538503711,-1.22194997470316,-0.0086647949325733,-0.556741860515652
gene189,0.674368366241155,-0.61449560564494,0.636478887492851,-0.354104725319675,0.438168712193411,-0.411198875015514,0.553830918817056,-0.663857436121295,-0.823149698591132,0.863288324069051,0.317918026788548,-1.25528727972855,0.765482082960077,0.80777147468548,-1.10290788980393,0.535826256508861,0.123623341175827,-0.615432282256283,0.275943074108263,-0.095985021839895
gene190,-0.608345707147568,0.610582579214077,0.307754502428959,0.857840387580333,-0.942683834317568,0.738327267343225,-0.452696896472196,0.256735001588013,1.51640707362264,-0.571251252473268,0.217817588871476,0.964948218658729,0.526604996345239,-0.146602079553199,0.976741163400225,-0.482428535174446,0.673816133459256,0.294640609990748,-0.748652776821221,-0.0301475512330417
gene191,-0.453531516625402,-0.118099244285182,0.141940476380875,0.507918904943809,-0.447703401847382,0.479814098644289,-0.448949880938434,0.161528267333922,0.527526450457652,-0.708156555381179,-0.233640521075298,0.357162615060349,0.131440214957523,-0.261449575567675,0.395044097428948,0.118960950127587,0.0079777197339517,0.463595928444648,-0.286291044243728,-0.0154220557065262
gene192,-0.0963676920686508,-0.497446519455158,0.636807943821073,0.399804344390905,-0.147734811592116,0.169459742042956,-0.444594696372743,0.102630538412443,0.228027615980047,-0.0182819290470135,0.2107960830613,-0.332865551087278,0.0906034949408202,-0.0437534387164926,0.0480411704088256,0.693716320917743,0.275995930049561,0.112612493263838,-0.532408917482028,-0.311109026836145
gene193,0.170860219308967,0.620699543433862,-0.444979573507682,-0.725811792835685,0.452007661414728,-0.663116651316922,0.532015084871455,0.289942452056509,-0.474157622831756,0.108048959394445,0.205050692242537,-0.293546978221355,-0.627804173420924,-0.306934558006052,-0.543452775788596,-0.288006423442461,-0.146373721515958,-0.354507827286801,0.833984425485373,0.574044222749634
gene194,-0.619632676514879,0.373688401554754,0.40466745707946,0.648086242400225,-1.39410918453708,0.906265095321652,-0.501001390424497,0.716993903662476,0.966540580414188,-1.02067545366733,-0.761106081486588,1.27954285689318,0.223857670638093,-1.05195356431786,0.571732101651659,-0.535335177121654,-0.447798931510796,0.503305586067348,-0.327034628604333,0.21858982436656
gene195,-0.474517688267699,-0.941756088237373,0.66615064826764,0.473738872354215,-0.25175367752805,0.376192792267915,-0.77532620276234,-0.318959938930978,-0.0620988830638708,-0.164685449318925,0.131063994690091,-0.0706519512781634,0.39770642849578,0.460407178882705,-0.0435076982426336,0.738727186200914,0.733161435263914,-0.21282863516877,-0.768716795286272,-0.657722166571051
gene196,0.764530861900559,-0.0570202726790301,-0.026975113663597,-0.320605375093459,0.497755971569691,-0.79798262517639,0.762364009230473,-1.04443410662161,-1.16152937113375,0.951959482568382,0.743559458246523,-0.508469601556149,-0.026456628853208,0.617111857927351,-0.76862252556944,0.25624251998505,0.0126836331636627,-0.355324402191657,0.414440912777872,-0.612326358989016
gene197,0.418541766690766,-0.0965533063869387,0.0079197933262949,-0.0596635002750755,0.321867878918813,-0.272108649529284,0.0307253042205717,-0.630995872998182,-0.750821492899385,0.626042927055472,0.365221018227884,-0.552252679184871,0.0092439830887175,0.55710844603709,-0.509366697761164,0.305241180130365,-0.0407771101043352,-0.540001713430827,0.169402676598555,-0.162617208907847
gene198,0.434235533330199,-0.379891872106435,0.0361451502596077,-0.33976649595513,0.592903813394214,-0.48535597541159,0.0997552349297989,-0.529178115316131,-0.250370999917859,0.508990826424127,0.602037109174791,-0.232194787961691,0.0834179161289589,0.706844127977364,-0.850863763214312,0.45638868823447,0.322994011175419,-0.727365975423108,0.226735768357467,-0.417166294750627
gene199,0.514008327469435,0.741680692610899,-0.764833231536498,-0.812732205045259,0.531254307261991,-0.7338599344076,0.927049324204969,-0.161285462464099,-0.549478385153978,0.352779390525982,-0.309826139709335,-0.305797986497396,-0.927654161267239,0.120857352697234,-0.48634756139248,-0.54489896273581,-0.568902696742442,0.027652705296271,0.783102129062185,0.196567814291674
gene200,0.207888448782437,-0.104403317511153,0.734278595513383,-0.17851197962397,0.122504394927384,-0.837404853078854,0.369067110427059,-0.857665864638928,0.196334686947042,-0.501842341556711,-0.0803174046241384,-0.11103399215461,0.143188854093352,0.765422957197108,1.03584872253712,-0.0408627261804034,0.382367105917499,-0.0090781873143776,0.025346367687539,0.966362478479485
gene201,0.803393700119584,0.749688850295018,-0.0725289019310056,0.19161393806793,0.659050091246223,-1.68533353579778,0.0720815120496911,0.182431659090313,0.431941572849287,0.84796506709321,-0.0682762147441537,0.0052899174403642,-0.206493782316451,0.703905963749286,-0.145852433896656,-0.679599956680378,0.630632931776587,1.41964969910935,-0.311384852546506,-0.70528651053204
gene202,-0.140966210027222,0.197902898554478,-0.890513446563337,-0.54330963086895,0.594725403461507,1.09969661964932,-0.139886693211722,0.717401201490033,-0.94941224603046,-0.729695815078823,-1.26544089742651,-0.830980148862938,1.46599787893586,0.181560245540651,0.790252900156065,1.93018869429214,0.529156702459641,-0.64007267136748,0.0964860525509747,0.206157088234245
gene203,0.516853799351406,-2.07278724582938,-1.0447710538598,-0.671926901790839,0.376975823217362,-0.270639006267606,0.600714817787489,-0.581472507438065,0.160680463313455,0.430922776321337,-0.368432702969469,0.859319018376688,-0.626280055421214,0.794913286811918,1.58834029295642,-0.970485658480259,-0.898901440264051,1.12810056419333,-0.0351117309340244,0.430961970935846
gene204,0.41568417314956,0.0982738406910086,0.638238198251572,-0.438360926439055,-1.25781398393502,-0.307775217221947,-0.674631573866561,-0.291708001250959,0.458792793423112,0.754716059577604,-0.0360643954741393,-0.600137936792818,0.225597266613262,0.302191253909107,-0.207480052636638,0.260287825074725,-0.295382750307932,-0.233353932404229,-0.818449601265315,0.272487060291553
gene205,-0.832868428264218,-1.31687235182545,-0.208096103257093,0.18561959711679,0.311179498916288,-0.850143184749247,-0.582579301734006,-0.603117484350606,-0.661904815866442,0.03271189124555,-1.11170344694985,0.313080360580841,-0.473397689221725,0.464199649273596,1.80946735652319,-0.422042738945717,-0.586087472430789,0.233115699261596,0.257694599961612,-0.21377161383565
gene206,0.0620985173017706,0.543614585772149,-0.455327361199182,0.438842763746976,0.37786603616911,-0.748315202455948,0.46830564223264,0.393223797197507,-0.0015071580458765,0.0863092371943262,0.168145965829494,0.347004545998331,-0.419384891353429,0.181745902787162,0.667161029922689,-0.439788063258348,-0.376877985540576,1.12410995562681,-0.99742700275645,-0.483786201546769
gene207,-0.456497594291868,-1.17957269423823,-0.755057406984604,0.0335302366141682,-0.143177324058759,-0.895073735201486,0.314058154761314,-0.486656972902437,0.626716220019141,-1.14867304438606,-1.32341803479615,-0.610386359827347,-0.523528144078546,-0.231656902668075,0.023076342108254,0.373009514563656,-0.606908426436048,1.03070645650087,-0.563625271977494,1.19828656623865
gene208,0.748560887777428,0.509597465397842,-1.46559666243446,-0.778605438635149,1.40510101361263,0.0578026128545468,-0.222691678215692,-0.302102148950932,-2.15759843755944,-0.0074811568999865,-0.8190065292208,-0.417074699055062,-0.0265116046601956,-0.153995383708097,-0.392303243179542,-0.341910787235515,-0.586214408745715,0.448219540068203,0.832784719870992,-0.147975804107163
gene209,-0.638226569792252,-0.4089539682005,0.723212704961745,-0.619783914782404,0.221414717195315,0.944878759863665,-0.226302962736054,-0.170027470529878,-0.440514141640682,0.333116019957064,-0.25413673945271,0.0402108288314854,0.0853743102052856,-1.5280343170017,0.743476019501517,-0.799698262629015,-0.297936444616853,-1.7435415767371,0.209732672093448,0.413280556029134
gene210,0.0576565561951722,0.667311772251911,0.160684199114997,-0.312036697794443,-0.516610668264166,-0.164593026852515,-0.78029147228017,-0.0179980988792341,-0.237433921572497,1.51950204880996,-0.169068025756712,-0.432359612105851,0.38404845382899,0.73689591720095,-1.55332650509759,-0.327522326666036,0.435485899118398,-0.434026765183901,0.691576206811917,0.538707867746905
gene211,0.856627694617269,-0.56867545503392,0.0230500285182972,0.981632224978903,-0.241596059216945,0.655439509702729,-0.381680128856484,-0.990185807982657,0.352929072811847,0.361727934526237,1.10487601178209,0.413533815505913,1.34441237843651,0.269673892653888,-0.853308938772111,-0.719681871107693,-0.0014853793158961,-0.299672535931559,0.456629464289812,-0.865834618715514
gene212,-0.333282214318204,-0.498088637223849,-0.771261476323505,0.525818719543876,0.678778190778342,-0.558132339198904,-1.16474096717228,-0.118794211875618,-0.158635897993253,0.0628285659784588,-1.01719417044711,0.127595207149678,-0.070892178174401,0.986454011186552,-0.758451882245826,1.74321952876634,0.254604057861335,-0.562858167598017,-0.105087962485335,-0.432633151914978
gene213,-0.865470749815281,-1.30865615324434,1.02869606435913,-0.223482449572617,0.199888936856513,-0.0052209421946407,-0.413701008475402,0.461408432765642,-0.491193768743907,0.223193838260643,-0.420398768920247,0.708471442246426,-0.123757309551338,-0.0584300053325916,0.76638697416795,-0.769975946662368,-0.439926525510776,0.0277975856138645,-0.699849295803075,-0.667283301747888
gene214,0.379250278416975,0.266030516272525,1.01767460745633,-0.392045811062207,-0.359336245323208,-0.855079022082481,-0.0095948860276589,-0.234264667193552,0.895514153846612,0.58179628187725,-0.262653906441407,0.513489827158743,-0.182209637254675,-0.194524363685535,-0.674740333586474,0.0710416433870614,-0.074016060389452,-0.580668556640497,0.553782767515083,0.804305523404308
gene215,0.873934078097322,0.238599993310715,-0.936637632875197,-0.749000787247761,-0.0135453429535559,0.983316420371647,0.985919855139254,0.511495540149885,0.117348009925443,0.271707833872593,-0.71836619599527,-0.76378044969241,0.414389794575354,-0.259869891252758,0.604009509885905,0.0343733585103953,-0.934852141047047,-0.986831500304228,-0.558766888813188,-0.0582794314127291
gene216,0.343303176349195,-0.177685056152206,-0.654572149994652,0.814577713120411,0.976787107476695,0.621401761549078,0.638305546627371,-0.0415087733924501,-0.313219491358669,-0.421885029510732,0.074978879962692,0.0714014707854852,0.768529400619411,-0.426474745263057,0.791678713538662,0.594411384020871,0.405983814113009,0.971764989428358,-1.35637463763886,0.0709490926346618
gene217,0.863618448787074,-0.339213704543023,0.823062768751912,-0.19962816197669,0.461723131999699,-0.62000473234877,0.8914410066909,0.254624187723024,-0.434966220057271,0.108871685174766,-0.645505526420233,-0.38136409517261,0.332378514451698,0.103991576958127,-0.507855947041807,-0.367555846047395,0.319214587722293,-1.31879471143184,1.45413610775483,-0.0657737962686801
gene218,0.446467553647168,-0.262590306266104,0.611435780134442,-1.11545138833552,-0.687532702161411,1.49529990822707,1.07928679830662,-0.807164982114938,0.117883695773493,-0.280177588661638,1.11621179159109,0.0048773233784719,0.912014183795955,-0.508424700379791,1.60628444515551,1.04955500340666,0.268503130798331,-0.459466451623262,-0.971267609468961,0.915736068893411
gene219,0.0504159458301971,0.847591846047009,-0.69261866071108,0.211678652734857,-0.13652005910631,-0.0526270712248981,0.903404191339902,-0.904114254655713,-0.447935010118451,0.442926292685021,-0.189395998941611,0.406388069156537,0.233734458537096,-1.21532508050563,-1.82150842342348,-0.329925753636746,0.539103785826823,0.0907093078992209,0.0867490350384978,-0.851136891448215
gene220,1.61586030860274,-0.203968141089464,-0.278334384485632,-0.037318244363022,-0.210519892082446,-0.13657489974594,-0.248801331424873,0.0186468530464016,-0.0348540556422803,-1.53708790255606,-1.1906216430557,-0.0687412338588402,0.35607838774165,-1.66121347332809,-1.81716238371079,-0.0691328958236217,1.43877216683994,-1.08301964604025,-0.773716707546748,0.828501645885817
gene221,-1.22140247884351,0.145421376284944,0.431138846940317,-0.879739309389007,1.3666203030797,1.1523179705474,-0.485618727655397,-0.113227048124407,-0.48135689861301,-1.2811330346477,0.867412427140797,-1.0523098777245,0.281214778588803,-1.61434624442667,-0.32534713890942,0.256376382247431,-0.486107529390835,0.222800472572483,-0.628796985972123,1.00927751159757
gene222,0.739090539128986,-0.0430716336652894,0.976968155657976,-2.26819523371044,-0.419582205771662,-0.375150760278508,0.278054297322598,-0.137541364324804,-0.167082983704747,-0.447318238586306,0.209115587028174,0.482415363832295,-0.29003338900472,-0.58321379011578,0.225941536675415,-0.0539597274589834,0.0526619131772938,0.529050980001514,1.23566387584755,-1.75288782646501
gene223,0.715222655891654,-0.278550223359622,-0.440862065641303,-0.707558393496728,-1.327622401011,-0.985545822958135,0.16562671433092,-0.848781178305546,0.385987651165626,-0.517992250642529,1.07287085426547,-0.485359037481469,0.802177116534791,1.47932210788735,0.114499712617792,0.0643213723931421,-1.12870423366758,-1.84646218038931,0.723814930333364,0.411915825222077
gene224,1.75354097196784,0.237741285515548,0.181026733816061,0.648043829483629,-0.352461863495408,0.359585233085874,0.257153564021135,-0.0536857999409917,-0.132851548992597,1.38482254029905,1.15192351026299,-0.873003618501019,0.558681439214956,0.871479388265991,1.01380716808925,0.720699047408452,-0.369614272765502,0.411932406722699,0.407895467261881,-1.49095955127775
gene225,-0.491319092915841,2.04514058580132,-1.44528924838159,0.101442520983491,-0.765344038759764,-0.233173544823274,-0.68538932544779,0.335623697353713,-1.04953397944179,0.223595788426543,-0.223983817857616,-0.715443335713512,0.0927577126413007,0.821889438457082,-0.200369958061719,-0.509862016538509,0.165374080248088,-0.199271897610136,-1.36202244470398,-0.625143894421588
gene226,-0.754028969941777,1.33008186518605,-1.04628497987187,-0.0858763898634287,0.242402750837421,-0.554588874251565,1.1116019547619,0.885593077757208,0.810225308194811,1.00351316379952,-0.349861306034282,-0.192994171603002,0.316861588784356,0.95645230410422,-0.793004490007534,0.75076310293744,-0.346027723766906,-0.431469583226783,0.788705366355479,-0.906430741470807
gene227,0.677665065136462,0.541037913600691,1.61710795911901,-0.0470187003158895,-1.43844683252948,1.83259448369512,-1.03913875173771,-0.668533939221108,0.450306481199469,-0.55719951284266,-1.08800278640727,0.0565819535894388,0.0566518285562049,0.599810758673529,0.225415723933205,-0.935334302547715,0.775945668152464,-1.16672850730849,1.29142883690521,2.0273126284865
gene228,0.882646160086544,-0.0308325891667271,-0.644935650432278,0.15233955012601,1.26235814457228,0.254011634847189,-0.700793432053366,0.0468008946794349,-0.161294644776678,0.306453334270312,0.424860779438651,0.7387082527649,-0.551673372242704,0.242876597422326,0.143890366740877,-0.0606015586517027,0.0961282880358623,-0.106484005303555,0.73956828023768,0.205266666052797
gene229,0.664677288410857,-0.620599394447548,1.10469170660035,-1.79602560114472,0.466707005657492,-0.560372890358998,0.80208943572708,-0.432674126794239,0.333979950972187,-0.69900177549496,1.09269647929795,-0.06608294633344,0.0863526168765849,0.382163091560202,0.359204004769747,-1.07481533695769,-0.541892258223413,-1.1430795663552,-1.33022451780136,0.967713487507411
gene230,0.373519660855644,0.750352734016537,0.0548487110531696,-1.06569138893438,0.629998817106465,-1.29096121539216,-0.286381124626632,1.7299681574346,0.0230316761118776,0.902519207943995,1.10116996734213,0.125035655590972,0.160860650576121,-0.106397978438592,0.0136855318274118,-0.141361442229837,-0.312741523479879,-1.20306488790109,-0.251806787571737,0.190444720799457
gene231,0.311634034776017,0.105797669957556,1.58238315558017,-0.729257631785529,0.572717106772077,1.53224531834883,1.07014365494002,0.780888892780471,0.340405448938168,-0.0547259605728196,-0.345221510303848,-0.497325414868729,0.786197160866038,0.369797186453803,0.413482588817243,-0.133198601775611,-0.840531736002998,-0.0693921176324978,0.422451568256311,-0.0511934186545058
gene232,-2.21324899226552,0.455017267511411,0.874262875661609,-1.65593720622369,0.592621795727096,-1.33402225495576,-0.505540461144918,0.421237708719363,0.406410926532258,-0.384627927162038,0.738693202359054,-0.902402319221461,0.742175581123333,0.142059019899018,0.822413500687757,0.467952782412027,0.174114210894603,-1.15971380319663,0.462305182164664,-0.21675307925723
gene233,0.800124377649512,0.0726495844038711,-1.20421458269608,-1.12382787893101,0.481666718864266,0.711742903813148,0.129837040608803,-0.137189642371906,0.0894408699469345,-1.14995570341936,-0.748318492452617,-0.984095372205565,1.12790834682363,-0.434945775330493,0.465095810201661,0.492767898013047,1.35761884886287,1.91247573687494,-0.498739497378747,-0.229287779896115
gene234,-1.40927316166642,0.557581078652433,1.31712281729019,0.920797418688324,-0.323268814466421,0.833729580363873,0.649287129149208,0.989483203922036,1.27492345931965,1.5050097001686,-0.580505219641801,1.35521708050902,-0.3073552051008,2.04610986789944,1.74175718904988,-2.09214550266556,1.07524929219421,0.602755317961492,-0.96779743379697,-1.09193743892581
gene235,0.615483223374912,0.0630758041125778,0.85737364873052,1.6071146315607,-0.733388385636101,0.527247609058163,-1.24511358707858,1.02834913990197,-0.749955375733538,-1.82152857776933,0.0556940869676119,-0.694367366142962,-0.121595134000821,-0.892142188468343,-0.166880908026066,-0.0164813364422476,0.493691812237764,0.598964770265004,0.161012731968885,-2.16947040239733
gene236,-0.421669464810152,0.627954698575071,-1.38351437751999,0.254256803630541,0.430947112362938,0.794961069983416,-0.0093359755826676,-0.992080481376732,-1.56220356092003,-0.755843813678462,-0.108995136652944,-0.101722793614386,1.13656314262937,0.697577170042866,0.587402101090241,-3.09466873953364,-0.333662478457514,-0.437374161603955,-0.263081911911084,-0.425670539365764
gene237,0.563161012605816,-2.47366956949148,0.620301134282068,-0.436565707611761,-0.656562397396017,-0.778152700327664,0.68832586826981,0.2318778018543,0.825722044130684,0.377278366792818,0.180436994024292,-0.503245828241483,0.255003018798612,-0.464454548043493,-0.511824412401992,0.715989209875454,-0.596520918792479,-0.626677389734246,-0.24622789950524,-1.00873217896003
gene238,0.77494748306926,-0.089478315014353,-0.051464628642841,1.18337078715927,0.965798283422295,0.170945626630264,-0.46102394718019,-0.247626260883932,0.379965736741349,0.0767717158369542,-0.932838492104846,0.0304288593602255,-0.23294860642719,-0.479640879946686,0.366642582953437,0.466450244510662,-0.0351899341124528,-0.279046037167951,0.195575703938245,0.418836219179152
gene239,-0.89266392246498,-0.104906304726899,1.05227889284387,-0.223528957060859,0.613860154598031,-0.0436303622411902,1.13750269193377,0.132227428665995,0.290891150822619,0.105922450559756,-0.777517021922777,0.615794163859992,-0.415094463453165,0.370562609530603,1.21445826370296,0.77090067405379,-0.440668148633925,-0.4963174570626,0.601757275438727,0.200493607437494
gene240,-0.41798674326259,0.954812356964065,0.83191894899226,-0.586681318476725,0.308503425927429,-0.171612658952352,0.47133244667484,-0.215106398662138,-0.0756283139322263,0.424283545073119,-0.454271946533439,0.350259212649655,-0.673480845843787,-0.155036626659011,0.731826773595258,-1.17552804265813,0.225579225880251,-0.651868235631985,-0.325724581579623,-0.0187780609133227
gene241,0.243533712769544,0.12566616915441,1.00225714129238,1.09355641455344,0.104547810755963,0.101740171841633,-0.810920742570446,0.858067673899567,0.825965274365656,-1.00831460509702,1.34731946714866,-1.74378481147649,-1.58144519238292,-1.15883922137089,-0.625546743045896,-0.259271954362782,-0.465653969618213,0.32843157202573,0.909526767291226,-0.595533070680073
gene242,0.114671277981824,0.794335763123731,-1.57431321887199,-0.381855997297603,1.02369385523905,0.479703019433664,-0.176496692947267,0.237009829028301,0.0313793965196267,0.17188490737006,-1.00836347656906,1.10003483621131,1.1074346417383,-1.11361639893761,0.447161125910631,0.312300028017742,0.186879031962225,-0.575164257751811,0.703826614633158,-0.450541976147965
gene243,-0.184486064280084,0.795144874157841,0.217697833516674,-0.101784970166289,-0.695426434278372,-0.465250820325193,0.567440034497301,-1.89313497521189,0.608799393851038,0.44915596676775,0.206860238822291,0.818784525847715,-0.762674192281365,-0.0057554802097621,-0.184410630820007,-1.0208922399525,0.106239171858279,0.328867573405409,0.603841669649558,0.275054534064024
gene244,1.52954834691159,-1.08145067949893,-0.692344352130361,0.0397903085294263,-0.393867136086209,-0.0659992832847014,0.259594447135215,-0.454037305363793,-0.196589711108206,0.853131690932091,-0.321271633590688,-0.312840679707399,-0.108090686475459,-0.677771608028517,0.516348453086949,-0.755233900033404,-0.372030750613728,-0.121920376422451,1.38197578353589,-0.335076103709296
gene245,-0.143027137438594,-0.315803423364901,-1.05703416496367,-0.254215095432844,-0.117797234845282,0.995999053324291,0.380643830588654,1.67156345129858,0.566023626882237,0.600760922972966,-0.407726527776906,0.207379082966645,0.371034335881757,0.792269058543757,0.176866446346291,-0.959713930966343,-1.45659316885098,0.0602267477136374,0.547259378823975,-0.424039577350135
gene246,0.113181053392351,0.59405589276362,-1.23006652476541,-0.114845103399073,0.667006202221641,0.54757213709044,-0.759444307501586,-0.167621134164688,-0.616816708252006,0.464078480945241,-0.898543995029904,0.423809761579898,-0.407732888129061,-2.49047754787045,-0.285724505987256,-0.295904070005769,-0.924294135027358,0.335823789481599,-0.806875606342344,0.729624512415276
gene247,0.59796548444182,-0.695268030869895,-1.04201071680346,-0.427765569087455,-0.252495769404598,-0.126895472830379,0.674769721397387,-0.767815574698995,-0.832921765557584,0.305533687433607,1.4329177792751,-0.0610920734619882,-0.015060551686649,-0.10183696094255,0.0500053386957968,1.26426391216647,-1.0520484054603,-0.0087271587922928,-0.596501365108803,0.117034869476061
gene248,-0.149552770330723,-0.179556308646973,0.217879233810824,0.0468864180104521,-0.258605490846347,-0.215801049804151,-0.898135686891436,0.125874194390757,-0.551260401667213,-0.0140095447615661,-0.412059259091464,-0.0974717862178341,1.82662614094574,-0.603369096817157,-1.73754091630668,0.240720836440631,-0.530860370012102,0.32701898918319,0.356264753167783,-0.594991814478039
gene249,1.09346156075741,0.514758364668026,-0.118485456507267,1.75226337142643,0.932891891704643,-0.0731819044285985,-1.18598132687736,-0.254989995871158,0.175185337690267,0.42360713230784,0.492386193440183,-0.0257079603959486,-0.554496293211411,0.331579647423712,-0.60539686570007,1.43153812160707,0.576324556094968,-0.0294089288695509,0.0421212113269656,0.966486352272118
gene250,-1.06886803226323,0.0927260491549074,-0.983756416148011,0.23960004073793,-0.0203962507259835,-0.607998940442313,-0.21803545480845,-0.877454187969129,-0.451926939790149,-0.503950640567887,0.416365200706741,-0.687207397550913,-1.32372273810435,-1.66117415134573,0.436634011518356,0.376214201767661,0.634794975713329,0.388737408452972,-0.626696483581303,0.37701090511946
gene251,-0.782058065249607,-0.91697994303374,0.866367390912108,-0.0782944929842465,-0.0156549138174801,0.101905564074771,-0.922680404163022,-0.262132106069728,-0.6344220259039,0.12374991716897,-0.791831820550455,-1.01680012256032,0.0096980687052908,-0.449961564009953,-0.382093707972915,0.0470777468859772,-0.774413151877857,-0.0771430995380779,-0.291493144457337,1.02766399991415
gene252,-0.856342652793495,0.726100049496687,-0.564438996541129,-1.04550114650419,0.045036161156136,-2.0109876467594,-0.717160153917714,-0.0858608383654342,-1.20140772585843,0.710463364224497,-1.06883867444823,-0.0824272108324338,-1.39506785448315,0.346503859204868,-0.660468631783998,0.293215940095192,0.230884207165506,0.736971310253195,1.23126280811748,-1.47944202123525
gene253,0.435546409159392,0.517382984864336,-1.55441512398613,2.00602244644139,0.99664909613308,2.2062333918936,0.768902988168041,-0.0574520650726163,-0.302703814498411,0.876975550769475,0.893021489625654,-0.154419895811373,-0.75821427053418,-0.0865592632066264,-1.6576455884593,-0.193456956392073,-1.12973109687134,0.104684434163211,0.493552560766792,1.28689584122286
gene254,0.114108427335497,1.19825261527637,-0.51055707459248,2.13406714917621,-0.171551166960024,-0.423460357372583,-0.996627418245478,-1.18469184486697,0.0578184023185598,-0.449683062581057,0.231436834609345,0.395122366207402,0.253525409531292,-0.705032970162483,-0.376485098606438,1.50007704001273,1.10203278933521,-1.53250752251643,-0.952313776808397,0.170487411495291
gene255,-0.46766450733847,0.520953559761567,-0.295557340620771,0.440186582792547,-0.87769031954596,0.958974822079526,-0.698396731451765,1.34784574278623,-0.44408916344314,-0.108344651889304,0.423311177549272,0.259740405489532,-0.396253456308494,-1.2207859258153,-0.242696643232959,0.751789552875601,-0.238688263501486,-1.01083888601447,-0.919183575015915,-0.990269564816643
gene256,0.405676890310543,-0.350376645027364,0.984714776032554,0.174992915285073,0.60182121074365,0.344745952120711,-0.200849625586307,-0.0384500069610552,-1.09340889573363,0.238550224162177,-0.475026370669063,1.15426011826323,-0.68232241793949,0.159505752811482,-0.646118888558273,-0.048468578775816,0.384144923851809,-0.726239794207167,0.292687032131914,0.464487855183951
gene257,0.38407766432207,-0.98856497863685,-0.319102185161405,0.920391618736944,0.915280973502386,-1.00291965190576,0.0368315900306291,-0.0832137328758778,0.504415746373626,0.829948157777952,0.474012625710622,-0.696070403013382,0.461736509235823,-0.497626604289551,-0.318599868528284,-0.0508567972897148,1.48651062528907,1.68679086901864,0.356164027094531,-0.954165275676288
gene258,-1.06740110335028,0.100281248167691,-0.633157504027823,0.039412482448403,-0.371828480990455,-0.0768152541678083,-0.13742684646044,0.773276046813574,-0.350336440493436,-0.566488497393003,0.517953646430562,1.34861561973103,0.344028021793364,1.20810480941071,0.452020570842037,-0.802023157127207,0.801538556704926,-0.121786627905317,-0.176719490020902,-0.205894887157804
gene259,-0.483973463135922,-0.260457559683512,-0.240336923841319,0.122623940637044,-1.37257820730996,0.762418245067224,-0.193814174397221,0.233596216647133,0.990799203313797,0.863679881544962,1.44947152632179,-0.126307952537567,0.090681764421676,0.103034966516191,0.692170452464889,-0.737971834134981,1.21576205121439,-0.28207313730906,1.04254066211524,0.701032885847864
gene260,0.0150442238011711,-0.143001834102862,0.340143135643545,0.469338928153201,-1.15965221266517,-0.415245208220673,0.918085092135022,1.17728023553401,0.603122245429459,-0.130576141834406,1.02141377332909,-0.831190865146976,-1.27703854100078,-1.06850075021027,0.119618628626084,-0.712388603843962,1.34522125707542,-1.62913357752421,0.745809065049015,0.594966483096141
gene261,-0.244974135019207,0.135925351530011,0.0629527639685975,0.332223163612671,-0.890228232635672,-0.193063945331368,-0.35936350979471,-0.743216007802955,1.48986045754651,-0.52092315643868,0.0675370127808641,0.189249391714702,-0.704282248135074,1.62054109764062,-1.21267081101933,0.677049425722242,0.678438911487789,-1.06363804190467,-0.961282115141995,-0.666093157608499
gene262,-0.0411333319939505,0.84838149939621,0.362404370085004,0.295617781347429,0.50786163712563,0.190560859728102,0.121573044040695,-0.440070591141657,-0.220266375822392,1.63924215015891,0.223440636015035,-0.457602053412352,-0.507141734140902,-0.382864033958585,0.399588465656932,-0.169646344700765,2.0443737726144,-0.633319188510994,0.387637348759316,0.0136675507496348
gene263,0.166008679379665,0.406410130677208,-0.275053420827025,-0.0247745809623344,0.930697466079249,-0.931584439322309,-2.47774639225133,0.583860384838617,0.107531030553105,-0.933696824748723,-0.872146567896853,0.335595445276581,-0.727197987857113,-0.352666350767572,-0.386021045311455,-1.30483656465093,0.397796478039893,0.204072920057863,0.38844845532546,-0.421596933190982
gene264,-0.254158221711161,-0.47885590256148,1.37120326060389,0.241973404152823,-0.433904738068551,-0.11505772785505,0.311960031117428,0.687066392757009,-0.6595072570305,-0.905769097964787,1.8362352607841,-0.403644215693766,-0.610121494869882,-0.117693978327223,2.50642375693577,0.279108314555803,-0.162668413510564,1.79696672645258,-1.72562974777954,1.94976465970283
gene265,-0.028379918973208,0.152703556772676,0.778825786008015,0.45293675722869,0.849095257750445,0.124483571776,-0.511598122416371,0.446852524287864,1.2783134540251,0.165610152559641,0.548775405485204,0.111093449292988,-0.51158106861316,-0.883652547677438,-1.12633207330504,0.588582074155265,-0.781208518556361,-0.644999155689534,0.213791263359259,0.0356053744073285
gene266,-0.323710199623748,0.88656362998212,0.298605035437326,0.256099436675574,1.10151423276953,1.26505344892554,0.364584887286435,1.28656904287882,-0.112749610810941,-0.910981166845837,-1.02169229886834,-0.403256660426373,-0.320018458762709,0.0685223136508409,0.0962172304534645,-0.359163565717486,-0.575131736423487,-0.202196532355441,-0.727696810545718,-0.570421610994442
gene267,-0.207941068892323,0.659004759070602,0.674420875528404,0.437676477502875,0.0987882975709978,-0.175166096372639,0.0360932218046634,-0.139061673409486,-1.45729641922861,-0.176726797232373,-0.0261440197419172,0.669854495813816,0.764948511473757,-0.624348846519991,-0.495540333794823,-2.11790824129405,-0.293442591012999,0.423547309018858,-0.29282897464039,1.14502086830315
gene268,-0.49985826612133,0.327489483245061,1.54250114205552,0.205848706356831,1.01429985996125,0.0415083234737107,-1.25988303540084,0.476887566037142,0.371852063089629,-0.760006683504354,-1.40259563144,-0.720149399127608,0.189244258481874,0.400968776672581,0.154186326163774,-0.379743608069269,-0.364149387144601,0.988677766377527,-0.138056258283892,-0.848404192496535
gene269,0.536512593884351,-1.6396476786716,0.683643927497021,-0.230704312980351,-0.834040655869206,-0.88311082756188,0.914921434582945,0.8458636886366,0.907129510503822,0.549033603459921,1.22404516711788,-0.530368393229376,0.395834069322193,-0.0630898281143603,0.292188408072147,-0.392455497259896,-0.136406293620524,0.166652480809674,0.573923497910297,-0.466200932012564
gene270,1.27882303273447,-0.282461080438917,0.852775040490229,-0.0209160020698893,0.321399001303064,0.444623372880888,-1.02196176605601,0.822426923691643,-0.685942734770689,-0.0695606423587235,-0.0477375441853719,0.839943128484993,-0.633283640471193,1.28885357362837,-0.32012270135035,-0.520351827669331,1.60281364652894,1.56576643709595e-05,0.326979312079538,-0.418823535408378
gene271,0.530843839009756,-0.240488653264422,-0.304581426880971,-0.798898772148587,1.10235031096468,-0.258797339396737,0.973347500856464,0.239735035914906,0.424736086261697,0.0946684028083897,0.94545149799378,0.429649328976722,0.037161957225808,0.538092445552615,-0.176160637665206,0.872149605413306,0.233298042759558,1.78884391043123,0.0210536161872545,-0.518659840237746
gene272,1.03168884512499,0.94976504334502,-0.53280558300302,0.74539094038346,-0.109908624155275,-0.859949988363622,1.36522921615509,-0.052534474899197,-0.0898057698363135,-0.704203146446882,1.83575238800481,-0.653231691431972,-0.199020141354128,-0.389787322406411,1.45377536365292,-0.260728007255862,-0.0938595863595223,0.222353313176218,1.2819128803005,0.810489214442442
gene273,-0.581481049922371,-1.46193500917509,-1.21722059730985,-0.111884235310021,-0.661170929704639,-0.816274958137328,-0.25417240257307,0.557144545769792,-0.547654596729762,0.146682185550603,0.585218091018325,-0.184653844009276,-0.961398463477627,-0.187620216187049,0.237715239404991,-0.466363524032591,1.27086002546942,-0.0892861232282123,-0.105796103113361,0.31706697149944
gene274,0.190040841050798,0.0222022403929614,0.188135911525043,-0.0413537095392554,0.465198456016357,-0.153909562797065,-0.467861930305433,0.776935291997157,0.537520287379327,-0.3595733515386,0.522845793408915,-0.588236332115202,-0.14169158803583,-0.812439641541537,0.376546385351135,-0.359386078102677,-0.3753993132872,0.507655082923402,-0.70043366383668,-0.883276618724563
gene275,0.737813702638007,0.565904352714692,-1.4593287841446,0.272126046681232,0.380376167766144,0.050120141996271,0.268234625078232,0.432961280937691,-0.216066554731072,0.858924908168328,-1.82228706551041,0.241210932369855,0.239761859123142,-0.735978662215865,0.355604671474447,-0.458108913666966,-1.89280995544169,-1.01759253469517,0.544369845234068,-1.51815608416618
gene276,0.889297263031829,0.457235593562893,-0.209309889792597,-0.100609369865333,-0.791936942218313,0.732973629335071,-1.19424003391348,1.12396801969983,-0.393642657992063,0.352124644337086,-0.657926910527453,-0.437643104671963,0.94839147025753,-1.03121046343597,-0.108475970438042,0.290801136292109,0.200524096301509,-0.276417288190454,0.077418828646317,-0.0715586358560034
gene277,0.301427574916023,0.258258000691649,-0.0677012806102007,-0.301937758065401,-0.258720354405137,0.541955604037263,-1.25192600406094,0.0652527735221462,1.46139917050534,0.672122344848301,0.724661942454308,-1.99966035613746,0.534138779519168,0.466943422998549,0.725375770025966,0.358187047105579,0.205152642705058,1.01749938766799,0.163348430893186,0.234701209253276
gene278,0.572964328123944,1.29479257990656,0.326189447919413,0.177516760603182,-1.200270995838,1.45870228472529,0.501612572222225,-0.392686520449081,0.192641107250776,-0.60432457187016,1.496950208627,-0.0111869346708413,-0.593643497124156,0.316322954421606,-0.967769150956905,0.568326014273722,-0.796185468755288,-0.69892446781931,0.0450135288756343,1.19903434342373
gene279,-0.13445110839302,-0.399509168155679,-1.69115669280508,-1.16103180200881,0.045007591919156,0.149609149120191,0.579809925749702,-0.944907940291815,-1.03827354972352,0.631361050960447,-1.58785645314861,0.750930774887543,-0.328381744431552,-1.17361984220766,0.150108634212318,-0.940968170545032,-0.183160006098225,-0.579510167033501,-0.505466886789945,-0.382566757155886
gene280,-0.0069928234444605,-0.29922148502906,-1.17189819428477,-0.143243476845818,-0.727908581595523,-0.248847601952316,0.78092556136477,-0.469931172875776,1.29545137093049,0.831064380061825,0.494199956052762,0.462687556568838,0.117404776661251,-0.226662008589799,0.0415320116941542,0.130353698542997,-0.544897767215014,-0.290766551476039,0.434413568194397,-0.113770010095292
gene281,0.0673320568007371,0.259366609558322,1.05759838164458,0.580796055727514,-0.373777989618092,0.0720778305136114,0.0085032433333838,0.605990369271322,-0.371650212268289,-0.0293906184286242,-1.05097151156645,1.13852573756954,-0.115555658052643,-0.496437241607005,0.236282984566906,-0.223605930076325,1.63088434662295,0.413176622516756,0.872005169460161,0.167557776304447
gene282,-0.009585985602018,0.115416069793416,0.28791268935024,0.803468995130026,0.155370764977789,-0.0663595298007653,-0.150501572521552,-0.450677502981787,0.20358214149488,0.368471803589507,-0.167688008312736,0.191046953093806,-0.963455955536726,-0.826895006466704,0.362204049156722,-1.3904921079695,0.301051185002331,-0.110432812716643,0.349978034433315,-0.0347306665152471
gene283,0.0966066114448454,-0.663693973735331,-1.07659804027199,-1.50765908156699,-0.727925866736351,-0.561045863224937,-0.584021951441802,-1.07949174549929,0.132826103536602,0.296954151768175,-0.452284779344059,-1.7070060057758,1.30538311181261,0.231823532911634,-0.339097918578762,-0.971045703917215,0.0753313573225505,0.256716977751972,0.226079875276448,0.0525128982442438
gene284,1.33847513662012,0.681593529531181,1.6187718401278,0.281065453952553,-1.17101054681763,-0.048258268472722,0.740434210165046,2.32479927187774,0.0144059224930061,0.327179188266243,-1.53781769852098,1.09167207823164,-0.56215207415099,0.757352338826425,-0.176118875072469,0.353157835753534,-0.0379774324389703,0.892597844320768,1.19955293049348,0.127052328737906
gene285,1.69041488712145,-0.46301201246846,0.577217657832647,1.79649315140384,0.468420066970821,0.464586208821887,0.770170022151398,1.14007821442635,0.622477054517565,0.610491611282704,-0.665269779004577,-0.0313965189028957,0.918208688002325,0.564691007561163,0.38758965184153,0.332506066215617,-0.183006119497377,0.595967992256492,-0.0419436015928048,-0.763069504166888
gene286,0.859517578165494,-1.47004936312283,-0.274932372556058,0.450617798478814,-0.852993845582004,-0.341400279783054,1.6857391213164,0.215999146146816,-1.35967952300251,-0.391605628555202,-0.466671100872408,0.571345269902857,-0.821705152801298,-1.90387638426866,0.728746136542676,-1.19003088272189,0.214791462375946,-0.943243636686333,-0.567564283828008,0.223989484327432
gene287,-0.856766620472879,-0.285481142844759,0.604153644094447,-0.615196935397845,-0.720600469561271,-0.841777157737807,-0.585037624549421,-0.0021153972708331,-1.57609648270927,-0.466566152209152,0.161871454196509,-0.232155697504193,-0.437997516028543,-0.488531530929666,0.833632311568377,-1.17724767329373,-0.732827980214953,-0.86260951619986,1.7685456923343,-0.33252068261443
gene288,-1.46984682690542,-1.40359120268646,0.449715150340596,0.193928705624294,0.0575005503912411,-1.0398743710504,0.589458780895081,-1.24461546090909,0.619504659159929,-0.447097515902182,-0.169329740565044,-1.38079256375277,0.159495224924165,0.751976599890818,-0.852123057842748,-0.0325495116607853,0.0128208595790983,-0.926265993954131,-1.03388176727635,0.748437703454743
gene289,-0.781154174462458,-0.628876417879756,0.910759178568281,1.17735177736209,0.0717284647206007,0.126183681143114,-0.0147125206173291,0.408263539406837,-0.541149252754175,-0.712212580126856,1.54579275541538,1.17586821818185,0.244639005669866,-0.232416582867359,0.31566346334622,-0.137715107674973,0.19240226090429,0.245345997625255,-1.59083320990536,-0.105304820283471
gene290,0.377616372953827,-0.394167151659169,0.518115120673844,0.295381391838487,-0.160073466742664,0.21768144105421,1.50616768051694,0.601145057696036,0.522373466034798,0.101513379507195,-0.65286447878084,-0.686627764620696,-0.10120821491678,-0.740477331355364,0.075579277323409,0.0601064038874499,0.356627889386842,0.049264486953245,0.582428449509302,0.557895642094996
gene291,0.675971080062959,1.29221588111017,-0.14852484135681,0.216139754774147,0.605073484203647,-0.938966354280277,0.121820483900723,-0.131381948157522,1.41485949436971,-0.47769545598368,-0.7676401818952,-0.330651225771319,0.10840055882104,-1.08402176413224,1.48913926670705,1.67450943270686,-0.722570794820304,-0.484748414134177,0.390465867893039,0.549154470222054
gene292,0.462128464535116,-1.72106015551578,-0.117722985351397,-1.29542054252,-0.210587765588852,-0.227294771467164,0.649501181402942,-0.0501196456530255,-0.290683599955178,-0.311050545860488,1.08538535404826,-0.672088144305226,-0.184032566171545,-0.315481004712898,-0.954803332067909,0.316749913090045,-0.549194097326634,-0.343913704824994,0.410703221943581,-0.236529791837817
gene293,-0.269032813242252,0.679166371509395,0.0195432176186433,0.54682373633409,0.152566958547909,0.484643441141861,-0.588231387082882,-0.20723812392717,0.812149420057487,0.727657072711182,0.182193261494949,0.934743708834699,0.914973732688908,-0.411892447441762,1.95893775329283,0.219273716309056,-0.925469051997191,0.154411947542146,0.958642860921315,-0.286441608541429
gene294,0.542438060770925,-0.853179018989428,-2.05896939531234,0.552358562963704,0.308687333683282,-1.46433551464951,-0.664200779385174,0.241896919216096,0.503472749747849,0.012126501075603,0.745074975466249,0.0386099664616914,-0.637555205712,-0.142381324109521,0.232767096289678,-0.782151574368809,-0.590776573920169,-0.140607883610312,0.812104472882475,0.751959809813271
gene295,0.679227416400508,-0.175517859175494,-1.17700516626596,-0.12037823981777,-0.385168736777931,-1.34581441552857,0.458155967715441,0.83141120411428,-0.0938348489282195,0.86103518370673,-0.621196429141849,-0.321204889381448,1.0403875631344,-0.30890789357478,0.299584228856299,0.190592906224934,0.161839946957434,-1.19228793550055,0.618047126367059,-0.670845928430057
gene296,1.04652724320195,0.118847488566629,-0.624460498786,-0.613615586275142,-0.290567152824334,-0.26138105437607,1.86590433392421,-0.220041387970251,-0.345790754494791,0.682872592215639,0.225162382298005,-0.504332913274683,0.139737528413119,0.360623188491674,-0.413922968332731,0.389989086374027,0.463873332383975,0.922262543716358,-0.461684563871012,-0.130942232513494
gene297,-1.70446502408546,-0.757099951895081,-1.29944137648171,0.63919745212776,1.24765997104629,0.121283156833805,1.18491227286359,-1.3673370744331,-0.310292142579279,0.528570655959387,-0.217756769094051,-0.855144394066616,0.124385160302454,-0.999310675370755,-0.227092094624935,0.553160952167462,0.0540302901081218,0.357053213480452,-0.495483293171908,0.140876977663597
gene298,-1.31754766856658,-1.20099263282004,-0.524570288229246,-0.931105103215121,-0.384947020564571,-1.37947131045734,-0.354861591895638,0.467660511400664,0.809885637189925,-0.614810715471569,-0.149332654798425,2.52519948582417,-1.01544131369074,1.33661259443725,-0.0670295845471661,-1.06127468668061,-1.27757684497304,-0.216713785289264,0.148527091502465,-0.224125520374533
gene299,-0.443164836242857,0.150067075532227,-0.4970278191632,-0.490048915225976,1.62258907878466,-0.591248669547735,-0.336309691701954,-0.345265719068934,-1.23044189191717,0.513280403875181,-0.812564929259052,-1.40786765763781,-0.894474734998379,-0.708696241729678,0.0797481363947676,-0.482843085924992,0.470163608071865,0.161186812751977,0.10047568168997,-0.106108762786811
gene300,0.848825445525834,0.721729716865191,-0.885888442778168,-1.34590551779378,0.976085749445497,0.0444821116207129,-1.03120824615818,-0.147893964563791,-0.187132344921019,0.350912671228705,0.582617468105539,0.295503889230845,-1.3027749900034,-0.0685606482938441,-0.645767069798162,0.144678570318386,-0.311844453746491,-0.271475593029831,0.786276769980248,0.168536179791019
gene301,-0.363211229886623,0.39371526417033,0.3377839145034,-0.0193722505468442,-0.983150292027145,-0.897020143919131,0.812613371412487,-0.936808271304296,-1.6903071632236,-0.0196674568931602,-0.869813992952232,-0.592363394310729,-0.64611731259572,-0.0698997759956785,-0.258397653698394,-0.26389328596412,-0.978356620515521,-0.805531572270282,-0.77646986119593,0.241597255804888
gene302,0.624633940494124,0.444736069128263,-0.181013934426119,-0.128439133746537,-0.345526026080286,-0.17367827127063,-0.440423742621732,-0.228415716413538,0.523851845485676,0.741215917057029,-0.321626628532954,0.751199488064525,1.32904966419346,0.561826820914028,-0.435744223650325,0.864180892134855,-0.548938299805341,-0.386274950120967,0.167643720834134,-0.132530562378786
gene303,0.161429526841631,0.0186911077598879,-1.2568135538263,0.190259632451533,0.171275541844881,0.0838261776821397,0.684110095455511,0.275323998193305,-0.839686391601435,0.284493994942592,-0.244660814166981,0.244218400604715,0.378158074624509,0.180024628994299,0.80366252167867,-0.715613719523348,-0.156890923250417,0.96245814370177,0.149234559815782,0.72573869873761
gene304,-0.534641803836443,-0.878393136649421,0.0621332076266425,0.316292443220038,-0.594582932205965,0.550726401149537,-0.139388871519622,0.270862679296551,0.226042728708552,-1.04252655059674,-0.111845389974647,-0.48938544659446,0.113513442548056,-0.326406377427281,0.0901381067405923,-0.697281012061762,-0.571735130405789,0.0918541014018605,1.35582481898284,0.229197543479998
gene305,-0.726063388907641,0.291557054560511,-0.150742122777683,-0.059979513746064,-0.0963090562429909,-0.304242371503185,-0.371508414729028,-0.65350991821213,-0.0726912316367959,0.0001670982767652,0.481908931158845,-0.180479506953632,0.547215860910846,0.383336491021475,0.35043681419105,-0.232973464949486,1.05471591296355,1.01244857623316,-0.787902878385829,-0.594679991596357
gene306,-1.94200563863024,0.591761292864379,-1.11910015337252,0.71822776014648,0.660881938798555,-1.54389631208948,1.42114658808474,-0.274472741805304,1.13932945566406,0.0765716845110995,0.0247024119967679,2.01603952120723,-0.732445569764487,0.388232594947287,0.323012507527032,0.236034030170724,0.216479597142748,0.0119871142764693,-0.209914126711642,0.807361417204485
gene307,-0.043381202969089,-1.21439264150189,-0.621353812760662,0.483515119123196,0.357355434039011,0.429820295631807,0.389569000166113,-0.404768999125005,-0.268831486959745,-0.167503974925555,0.444850568232466,-0.795117374955468,0.625222188132711,-0.066274003705415,-0.230348308305279,1.10298518438908,-0.72793778413642,-0.444779061528742,0.0118906974187234,0.559603831208097
gene308,-0.231262329129405,0.497300315416345,0.507062911914717,0.679746540146308,0.717131585502513,0.390152751402403,0.517316158371,-0.292416816583361,0.337775998782718,-0.0433667880957569,0.34685146329634,-0.255479625862267,0.677207212926518,1.46607088579765,-0.166540744983533,-0.688957999183,-0.403983228797135,1.66750415744195,1.06842568190061,-0.644311825897656
gene309,-0.412930752202475,0.363350558426161,-1.26522244758438,0.541150861090742,-0.194330263894463,-0.0113509097493391,0.176907461229506,-0.798040576270224,-0.852961664539614,0.934629428507952,0.244370576729933,0.310479429139216,-0.671661022038881,0.462826992915823,-0.871602405491218,0.826363848244025,-0.968309758052345,-0.862628563397987,0.294744676941206,-0.169079180873233
gene310,1.11759262739312,-0.937963995235135,0.177311419414007,1.16358715277336,-0.61946700918,0.793352143054519,0.336692405311113,0.303548832634571,1.29919712991049,-0.100385788285474,-0.532822287534742,-0.328057142981989,-0.176764995147497,-0.050947169514537,0.434555903009774,-0.122896637416568,-0.190225902571115,0.416989209472932,0.219496745320175,1.12376262369025
gene311,-0.315508006320534,0.58974652677279,0.0431559820984799,0.0597905645043677,0.052749107731955,-0.794226717689029,-0.153592782397483,0.677838594984155,0.0990481777202703,0.482380619652736,-0.281225336462527,0.532590161171025,0.178402636097741,-0.375095997146698,-0.0611125107669169,-1.10549540187026,-0.0472089663850156,-0.648982674070772,-0.590963873108593,0.30355286662448
gene312,1.03272197950001,0.540863892550085,0.264690802748399,0.675910167545268,-0.132444268862788,0.164878326928544,0.718641904360792,0.0380462659474688,-1.28056821477836,-0.128257290920794,0.706294517327238,-1.03763727702497,0.807964149189803,0.482564266948801,-0.946988646918003,0.224291203315705,0.296037349778873,-0.975398537062716,-0.167136888860166,0.162014683689112
gene313,-0.0287103589187543,-0.0966430429412555,0.117169620891803,2.03556596493428,0.893690137970197,-1.21163018440154,1.31384900950509,0.92818443448529,-0.554149977252007,0.023011454285354,0.0741275347185933,-0.410698159005413,-0.720465906841498,0.596439824292156,0.585759790677807,0.965355450077654,0.0941979464645542,1.19701945722681,-0.660248988997175,0.562421569120018
gene314,0.0419172126846486,0.446238745555924,0.809755802067172,0.335539297516321,-1.21056325648471,0.437324976534042,1.26318048506925,0.18138466895686,0.239231169538457,0.271519999341135,0.391766762536062,0.586202673566739,1.0417194866696,-0.411736067589001,0.684894100316102,0.0769234966242448,1.06399078768237,1.17677219114268,-1.21358583668366,-1.56573609424513
gene315,0.0189043645871513,0.213697593825307,-0.150180084978988,1.30430063511156,-0.0181983214012715,-0.15592682503937,-0.976456912788847,-0.222831738227831,0.13787399333496,0.508040411549898,0.771273158512719,-0.793456463565522,-0.690212154348406,0.691422637057294,0.548637547267555,0.0185558427419053,0.630278979490178,-0.643047491629946,1.20571620338844,0.295222810944362
gene316,-1.32840520764443,0.0767535352330116,-1.87071555619771,-1.41899568835239,-0.60185408506259,0.0414432495125725,0.0020646552769851,0.625322122719474,-1.37680068175614,-1.16663333121346,0.166898919688644,-0.189203138768907,1.43065752459497,0.62487346120134,-1.3357954801646,-0.454514207698917,-0.261573235754452,1.07413433498185,-1.20521516595206,-0.749917217699066
gene317,0.51689679825065,-0.742231146793812,0.0089607079836754,0.111424918250277,0.839592369081868,-0.934366325665613,-0.180741079111244,-0.25513513481514,-0.676991547422428,0.984291995759682,-0.310376726814735,0.617571979485893,0.916964610055756,0.105625387362384,0.707415180280922,-1.65139022891753,-0.459346141553611,0.726957336401093,0.480455226865803,-1.26529425844399
gene318,1.24158144359925,0.588629352435774,-0.408104514607626,0.217843243368782,-0.0508166685500821,-1.53274447078591,1.96644826709886,0.577723962265538,0.0604767616268,-0.309490768765487,-0.801040581661532,-0.0921565859920332,2.31931178784066,0.666483878992123,0.587579015005766,-0.368234634136178,0.278444216791214,-0.726215683541247,-0.847106783657338,-2.05770051446374
gene319,1.50798287677633,0.166142661420559,-0.240520894575308,-0.548314164955069,0.880579493883165,0.470717054903394,-0.552331504936002,-1.22815885472781,0.908290398901276,0.532038715142004,0.993582823250043,-0.681868221221321,1.2022107399981,-0.169457101252701,0.17909881815762,-0.0659753617730208,0.0352964117002538,1.32891631516104,-0.108877771802172,-0.0736609539194518
gene320,-0.760508285559693,-0.321981794624644,-0.887274603665058,0.328841078398462,1.11870319782312,0.627259622352597,-0.66984582927665,-0.401018554456569,-1.13366727897574,-0.055509899322642,-0.424770152570035,0.352373581980477,0.4700432904425,-0.644143096077162,0.259475864565011,0.0933232338256322,-0.203457479366888,0.336248639612597,-0.173870427293256,-0.275207050831787
gene321,0.191492672146353,-0.167843561609869,1.30522243891014,0.397720914889638,0.120103827724469,-0.519578248061794,0.292298073247806,-0.331634861139667,0.904168228108466,0.235289730608915,-0.412718821430477,0.191056042530725,0.0299802176851556,0.104093620316008,0.193459028865895,0.203927325308599,-0.279847022787594,0.600457982937886,0.438959831625306,-1.22620365291715
gene322,-0.46842032706596,0.49003862671922,-0.443095115110607,-1.03920375376726,-0.796996678793338,-0.286905410460919,-0.224744009807227,1.31708113550011,0.086489231321678,-0.0635246513941267,-0.373925012482445,-0.967549125935284,0.048181410441747,0.963133482827624,-0.35127968377408,0.576946478877887,-0.788238661455062,-0.692205874340512,-1.21411555015072,-0.271836052027275
gene323,0.653127308186174,-0.174225734979889,-0.612554087611511,1.61462904289913,-0.100217563613275,-0.181265368414514,-0.872301770461199,0.329300870587809,1.05671309382653,0.990138791554911,-0.681289901516936,-0.305388339831869,-0.210655470226543,0.254496894958068,0.8621296071894,1.75285324464388,1.91322409331857,0.387936438729853,0.192502722267757,0.322266243127487
gene324,0.229252526636482,0.17930862592988,0.641182173969881,-0.02960556277581,-1.26446331552606,0.328644421094198,-1.65235500139501,2.00746898094383,-1.52575211960821,0.87990457761337,0.823998839329863,1.19658658257525,-0.379821828259506,-0.433501063313458,-0.311849952852068,-0.150879177835773,-0.272952045571613,0.240867402827222,0.755414633482752,0.490490258467272
gene325,1.02934279400636,1.04799637052053,0.41124343520324,0.49241748728595,-0.396064660141898,-0.257931895978953,0.226873542522118,0.085479621769449,0.236492417904465,-0.390961164374381,-0.346371923906236,-0.414539823651903,-0.257039525913901,1.72861093937089,-0.111762837682994,-0.127908396317303,0.0461187321817023,1.45442954366206,0.813169985849165,-0.214785981540086
gene326,0.0759433907529532,0.733036824548454,-0.226380144128822,-0.366516226561499,-2.50141171775387,0.912438749097179,0.198311781025183,-0.081152638275976,-0.899901875384055,0.366864326931112,-0.630764517161623,0.551908722543807,0.272527041303409,0.188924475498488,-0.0493315049881032,0.582953570636301,1.07606560144029,-0.263515336611464,-0.925010952689353,0.459741747508699
gene327,-0.672583842625949,0.147473281805932,-0.955239778372195,0.095894950176818,-0.74188058520879,1.12322876340312,0.499256345066114,0.922220346491106,0.0655729812348214,0.877834591048749,-1.64098277517724,-1.15508193604647,-0.0747598594722486,-0.485724361616881,0.322440546265321,-0.181702447270894,-0.349871349874757,-0.632305258523247,0.406576584960159,0.0035824331167095
gene328,-0.575281233455151,-0.535859494664588,-0.108531792369453,0.559808092538694,0.459717811873164,0.313165083448715,-0.555506422653447,-1.7290294654867,0.275748759803642,-0.190236927385643,0.484885685636508,-2.00386295777059,-0.126934697761678,1.48009292974165,-0.0698806154927362,-0.818794912778875,0.549305838982409,0.608672916945214,-0.0840317678542487,1.74086344786999
gene329,1.0242226727315,-0.549738302817612,0.0108568001856476,0.370077394732198,-0.1034926228143,-0.383941300024634,-0.123410616229989,-0.598056074872946,-0.551039811283033,-0.2290979803583,-0.628765836020454,-0.0298758865005535,0.215886069872221,0.335398989667096,0.882550290726672,-0.664030812028509,-0.0204375755772227,-0.62316222710634,0.296622172292365,-0.403913977173366
gene330,-1.4138735071793,-0.216532640558474,-0.695588492702495,-0.03725451782836,0.423368906965471,0.603901201028124,-1.53450870864771,-0.675961359888413,-1.28208789277506,-1.37038395608013,0.358902129416452,-0.152770325013579,-1.42869977289252,-0.0319117117029865,-0.703192819452537,-1.74328552365753,-2.317507356183,-0.300061596643165,-0.38940641803493,-0.20438218143218
gene331,-0.0177586280881916,-1.24657769028399,0.755064132386464,-1.24770571537241,0.979266078724574,0.486301892276235,-1.1272247984564,0.482201361411164,0.841043528003291,-0.37708609677534,0.130476031898175,0.17955751611057,-0.449174588140846,-0.531040400196101,-0.0608365708657306,0.150313916748409,0.465720072382368,0.598632599921913,-0.202994203410896,-0.0206347292575803
gene332,-0.796555148379096,-0.805057939784764,-1.12207951945747,-0.0314407937403759,0.599587965839117,-1.02488703792035,-0.129473265310846,0.143808573493554,-1.170066046432,-0.568056478414065,0.846763270444185,0.351253452275849,0.261337838879341,0.682967119441172,0.217341932008784,0.0799493429378019,0.561868921189874,-0.575592620778806,-0.215065234763979,0.310443946460366
gene333,1.07426930789126,-0.724498726650133,0.673677112385368,0.625176183112049,-0.528908164605765,-0.982608588166824,-0.449141390491992,0.330992105149646,-0.697112450075331,0.269201192793822,-0.308926754999499,0.0904304620241058,0.453722946267253,-0.398062867767288,1.15287245953763,0.968997140943569,-0.084531796226358,-0.721592700450251,0.200757025445592,0.108676485821227
gene334,-0.116135950482661,0.116080462770764,0.45622497304271,-0.13616029980805,-0.318463452256467,-0.155525589800461,-0.134353441144234,-0.371955272963854,0.957002837646625,-0.312997320747093,-0.473919981079913,-0.540538476409804,0.396366191281597,0.987653028913399,0.472566608535339,0.267052869761739,1.23171071693448,-0.288309390227034,-1.33826109861862,-0.0425956323314921
gene335,0.0734733356170539,1.86616871903329,1.27721733232612,0.544201766787817,0.984242968550497,-0.833032745445709,0.780880201407936,0.371984652775341,-0.138063133095163,0.602605574984112,-0.214524675845696,0.349102369137973,-0.131769531703878,-0.0424583169526224,1.5173555041455,-0.485609094317514,0.6059135800219,0.852035107340565,-0.465307013849766,0.581562821943168
gene336,-0.0666593062305968,0.0972029499953149,0.818451337682242,-0.516774899960442,-0.491184487324701,0.494556629356573,-1.22062280293312,-0.340056569386308,-0.0768152642228903,-0.473326946951869,-1.25653387928567,0.296777980202909,0.673467759405434,-0.86394703536589,0.74369398329527,1.24013650207747,-0.225463232905373,0.360057467977896,-0.135286408533041,0.829376480908335
gene337,-0.714655090960925,0.307337371132038,-0.127670700399429,-0.0663253259546439,-0.229857645125251,1.05473939393368,0.880535921848948,0.0706150811744305,-0.435223306980826,-0.736618885019813,-1.12459301532497,1.56805959893886,-0.318103050651578,0.806923188864823,-0.586120979319227,0.232569342999658,-0.959874340361002,0.198800816769309,0.839693481555622,0.347092617746257
gene338,0.828851556256205,0.878400806124483,-0.30694183168828,-0.74468902476165,0.205552817813188,-0.17980951882757,0.911196988900465,-0.188033045190356,0.695004580826429,0.245507572307276,0.930519246293814,-0.399730875301748,0.454811896094751,-0.299300735585717,0.0516858243719513,1.74154486348079,0.103619046375544,-0.679724013494371,-0.467616573313462,-0.51498808330617
gene339,-1.08566773078086,0.686632841931293,1.23174546345538,0.0314366170210076,-0.288774002609194,-0.261755702917328,0.0766809044661363,1.41047706722422,1.13746859311144,-0.0291352108396515,-1.64308739590803,0.569427508319953,0.0004955036909088,1.31121891474234,0.496494579034921,-0.0086209700291225,-0.152265369635476,0.194615514009343,-1.11771168697604,0.627191637968884
gene340,1.53079964276112,0.676574364527892,0.685668776391296,0.054629745785431,1.11362007323662,0.0683314385692576,-0.558932948212695,0.20915844224564,-0.463876945965442,-0.687818042389598,-1.36863742481187,0.127956670469008,-0.849668510433686,0.304550677008937,0.562671019069196,-0.195772677951014,-0.385000290320952,0.644004435625551,0.413242648807467,0.12721038611104
gene341,-0.616817452761892,0.282892772925246,-0.845100873665479,0.782235102324908,0.826723264801272,1.54531838396399,0.897817577800982,0.806385980319291,-0.356775775557522,-0.393404134062391,0.13294177929648,2.24559837997181,0.176012562121104,0.779252085810754,0.49600168476268,0.282237592859188,-0.506502825391876,0.446971200195265,-0.32804240797853,0.435881040674874
gene342,0.266213176276431,0.649620004686629,-0.742487335312783,-1.60154151039014,-0.287235385115173,-0.91292168608313,-0.691855673369407,0.136150344876355,1.21980922684802,-0.30294099810008,-0.142583987271757,-0.30712079760093,0.863522531040776,-0.746022169293956,1.03199124910268,0.778476415473401,0.189836137739374,-0.215543401678023,-0.164739115894708,-1.09618013776584
gene343,-0.862849165753564,0.59694457036034,-0.384058575118655,-1.47635926149485,-0.543442483979218,-0.680849408187006,-0.896151412786528,0.49068147629508,-0.583445368825585,-0.467530002884194,-0.379198173735011,-0.941754116438559,0.555850188103431,-0.722699373782,2.12662555327982,-1.80068912487725,-1.23083626647466,-0.631160782569431,1.2589269419495,-0.0480780381272579
gene344,0.241449505682257,-0.0494766001196042,-0.0755620925956085,1.06808385649864,0.655699369477212,1.23195685727297,0.113633645390077,-0.238008515025996,-0.501577215138724,-0.920888148602762,0.914277577225111,-0.551223435264356,-0.746508852743841,-0.323602215850052,1.2469097529201,-0.492334053451224,-0.323563473387874,-0.90773579040758,0.84649659225395,0.627267082796417
gene345,0.0691551890092533,-0.105036663328308,-0.36948771031403,0.495670213777334,0.039598629762191,0.140527740437313,0.710527200074267,0.127007452993127,-0.719047800583964,2.10799480768403,0.77055540576076,0.920117693032668,0.109301128764832,0.202706284768701,1.58925315153635,-1.34708794824732,0.670938109893893,-0.452026568750581,-0.959066441546621,0.0844171160675228
gene346,-0.453357083142278,-0.204209072968267,1.18067454926211,-0.986146366029875,-0.780086892007227,0.576203367161332,0.224144020438709,-0.254943106014209,-0.215732426412443,-0.0079666697129601,1.36749629920582,0.513257889010084,-0.77668450751438,-0.967438527388574,1.36394064580895,1.81712844553384,0.508064902654814,-0.252098003983238,-0.371525495675497,0.552548189193928
gene347,1.02888120789281,-1.66879510258281,0.347702054478043,-0.166882526308636,2.09075671202578,0.733148606584615,-0.741578140735341,-1.39062694218442,0.309209258965023,-0.269919112143131,-0.854084556805743,0.976545628983062,-0.509001281218577,1.83770755227319,-0.951274365103804,-0.412441660719644,0.0843297703183744,-0.23908539884673,0.106521231462483,-0.620649341665394
gene348,-0.13852070528327,-1.51556914987082,-0.20507175130998,0.774388928569816,-0.184903551348979,0.291243590684468,0.336909970376176,0.979237243358275,-0.291937864925744,0.278760301429291,-0.242500964339886,1.41663647214062,-0.361719574485608,0.843647020055256,0.639236765414761,-0.748791493333921,-0.432166301738275,0.616310887481684,-0.0973107564122128,-0.211777789766727
gene349,-0.177844124845298,0.180309706727079,-0.443553638813652,-1.61574586880135,-0.208907546045172,-0.140263189643906,0.763679081514449,-1.27404680456383,-0.0519837681644844,0.58578425009145,0.436303625309837,-0.0706008493763572,-0.0219962922266569,-0.585375202896572,-1.03604597794692,-0.175355798889628,0.47494478556763,0.321955856176509,0.0687396120046766,0.259775925619842
gene350,0.725673062955161,0.368236954909088,-0.971228379017509,0.9446451803964,-0.223767296200929,-1.02254844169339,0.353077183938216,0.263269907900268,0.865010130548052,-0.311797832139359,-0.228884817641906,0.137596510206655,0.22492845757428,-1.9438725851923,-0.409550883448104,0.727460743569444,-0.336544624432428,1.85908519040071,-0.463193763913419,-0.352991247411683
gene351,-0.504083751592586,-0.378551935356984,-0.10466602074024,0.645111385175975,0.778059872594514,0.488840475325594,1.26897976897297,-0.741225534615894,-0.16232325702755,-2.42239789073951,-0.622203789839261,0.194666849027439,-0.459952200390772,1.52954052787362,0.446608801915353,1.25370527717521,-0.202947829126722,1.16743593243443,0.0050901128369565,1.99626984194948
gene352,1.0010222587678,0.363834310134414,0.601974436839077,0.537522202276978,0.377202168666787,0.2606145095881,1.03520929407666,0.382048241996938,-1.22565330691731,0.88839898181944,-0.0904955630783796,0.16227270086696,0.654438625991333,0.0724482067919125,-0.741400091515496,1.00136048280123,0.706204902499928,0.0569638187242995,-0.0477821349458743,-1.32950542391792
gene353,-0.492446223638742,1.47585820015024,-0.590161544137797,0.386157207063907,0.497841136911191,0.461618325412884,-0.302657321133316,0.194062936178599,0.608082067122585,-0.349845611989265,-0.224753366616538,0.224205979720433,0.0537675344583339,-0.787030332687583,0.290322211283506,0.0196797673690346,-0.163302231033059,0.857356861038286,-0.854756986894827,0.184792029697998
gene354,-0.0756852972403572,0.305637142841641,-0.370692968629458,0.526421304949149,0.688401269941248,0.385275774379879,1.03006707566162,-2.05259361522164,1.32269253785012,-0.203196150762024,-0.165629734195551,0.718173212448008,-1.57875331669289,0.290631646498153,1.51370364214595,-0.0264366262142725,0.297063873490952,0.507146220747765,-0.576100156670698,-0.559480803956352
gene355,1.42382585460922,0.371143220951314,-0.630186971896041,-1.58101813960872,-0.616677798470089,1.22969670601804,-0.650162789603359,-0.409959598082061,0.110780480668042,0.735976778676229,-0.0299430773517606,0.339295529427334,-0.175738938755755,0.0339970966697469,0.317461436765108,0.35539839716631,-1.1486934083676,-0.470668121135734,-0.932964824097203,0.579064647720447
gene356,-0.550203763118933,1.95530020247274,-0.601647693534864,-0.680284509802439,-0.813075701322771,-0.411967377996851,0.264913498907735,-0.782967148280577,-0.842785163091827,-0.808576869396861,-0.703228019111457,-0.213205113755686,-0.983490182381082,0.522413832438817,-1.33671062061442,0.525974853562289,0.0998830272688653,1.76014529759724,0.650942723870201,-0.36013167547355
gene357,-0.391764545100821,-0.833002900007819,-0.581855082341189,0.183698401430829,-0.437079215932857,-1.09759449323111,0.389942013773947,-0.418278585464199,0.20385526551881,-0.103147182392284,0.382636528001513,-0.686315452659775,-0.0391180460887399,0.737122333016864,0.391408126298901,1.00715856476785,-0.570669561100985,0.0591921107767989,-0.283429062419321,0.274994914216572
gene358,0.162050871632746,-0.775381788597705,-0.188200048602023,1.43493470854678,0.44873459674179,2.83221253017954,0.758254824415058,-0.360724859301301,-1.04672069180837,0.834584888227831,-0.346661324763905,0.490662259503731,-0.49219107305936,-0.747459660469898,-0.38449933806649,0.0568816530183871,0.0251280978292858,-1.20802434031785,0.0498275507872825,-0.609519544204548
gene359,-0.0988668817454516,1.15808827391268,-0.0016136179557152,-0.108535419889835,2.51607005382025,-1.2117248328021,-0.105994895436025,0.0160139612844649,1.25465177301527,-0.206320529139696,-0.839718470935793,0.146099363805125,1.4240198095679,-0.619568643961586,-2.15299504591482,0.0706540261721933,-1.13234648645379,0.161843358650581,-0.556103596026632,0.0938193126146477
gene360,0.488692311270176,-0.235190445976595,-0.951782684876814,0.171166424174175,0.211528973655664,-0.249835011107426,-0.410894771901635,-0.419905983888102,-1.29696875361282,0.894514124133728,0.001110434540747,1.80533605252586,-0.493584593806094,-1.02323144418374,0.510781205845906,1.20393200224889,-1.21277994865682,-0.482318153694058,0.645924830369023,-1.13740624508906
gene361,0.0084611422934345,-0.630060104993934,0.24183844200707,0.301306632583123,-0.0722748724064785,0.211714162900193,0.206743118061344,-1.05447401131525,-0.168972355993605,0.0349676487850824,-0.819645248171535,0.938362877180414,-0.516184838517846,-1.44590261737058,0.257903503965043,1.78301604243149,1.00953268299382,0.569705682782096,-0.493906570620335,1.64422037149974
gene362,1.57472112579325,0.0253239476242994,-1.24200368786512,1.27762281964354,0.357277503744566,-1.09952985300313,-1.46877044683725,0.060445787931817,-0.809758757557649,0.516254468713033,-0.807704060947989,0.243558304534165,0.196242076355068,-1.1570923035461,-1.44511912549481,0.167161520489875,-0.824207881983822,-0.695950127723633,-0.243796975564386,0.569291226516452
gene363,0.795794994273781,0.777726191932591,-0.491449597332145,-0.278681071289847,0.43836234548489,-0.433182352409137,0.219157782403057,-0.146846642381779,-0.108072673425749,-1.04849189847151,1.15798560657044,-0.537966868960668,0.333548732058648,0.340942668621823,0.818975652716531,0.553528042375238,-0.0099784442802888,-0.137060965639318,0.10548345612923,0.310827868785129
gene364,-0.591697219824947,0.0616058424923444,0.241675738604553,-0.194690282978673,0.178909401927369,1.4399596378401,-0.49136427741156,0.348162884691616,-1.18385699873246,0.178029381660661,-0.11800650932561,0.780232467900403,-0.456788858608939,-0.331697209022588,1.32887284315429,-0.222679290437261,-1.61733133053574,0.755373698090206,0.758990734399858,-0.294061642093011
gene365,-0.821475922545647,-0.716651908200278,-0.175581909752063,-0.483620632926458,-0.337799861567513,1.46320640401386,-0.232851291172563,0.259468281008549,0.37422460434215,-0.792955062445124,0.11890939217177,-0.0028749040808017,1.41743490558195,2.01845151512957,-0.307036822303273,-0.3007852603719,0.267554625967113,0.962624109452216,0.302589543591183,-0.838316691012219
gene366,0.893328688843788,-0.137754930180624,-0.503772972847883,-0.619428616486996,-0.1868268689386,0.593755872388469,-1.10994187772327,0.324297359375221,0.639756486059965,-1.50732398180049,0.246805016957963,1.13786775586617,0.354295592248166,-0.71412557646812,0.784987740323787,-0.108481559290699,-0.0248236674525129,0.581567061415415,0.907137101126589,0.11055511398532
gene367,-0.458970521739185,1.51352626290277,-0.888554072027658,0.317043842343062,-0.467176373589814,2.1364923919758,-1.7769396966262,-0.142433059345175,-0.697579229193398,-0.613000651434872,-0.35937025456383,-0.969848140550438,0.4135624409836,-0.578306679008661,0.16936189107307,-0.010999131113616,0.24521388655406,0.962401144590121,-0.171947916654917,-0.258451567826026
gene368,-0.290282330004347,0.0649681145722511,0.282121987719433,0.427604277516216,-0.179353581177539,-1.12794557591358,1.97573503466023,-0.81095761540973,0.197496432766479,0.501561102158489,0.447746103178988,-0.333618043616708,0.685873227717862,-0.972075309017157,-0.150570657924657,1.62127423320521,-0.515431976617339,0.472996301152819,-0.159744574770444,-0.750510188584187
gene369,0.599227507107708,-0.837025788818332,-1.11617013112585,0.264363614020393,-1.12992246887748,0.437666893544521,-1.61576168192682,0.755591284253225,0.553547191565787,0.763579806824481,-0.109623428939476,0.0600966140245252,0.886754556252611,-0.997805926040055,0.483420835470604,-0.65331745189443,0.123024189717441,-0.0508809296446037,0.958484485341486,-0.580332477225815
gene370,-0.306646772111097,0.207991511318543,0.674396363142854,0.247078241376483,0.278876391185479,-0.0231899461391447,0.0245428245558509,-0.335677513913987,-0.110449985670636,1.23530329556612,0.0883438059395332,1.57771286953826,-1.03586781684001,-1.06914009535671,-1.39602438792648,0.749579996992617,0.341282106928412,-0.808143052709607,0.204321366981989,0.133117563804788
gene371,-1.13510594840324,0.378626797162379,-1.08905381242819,-0.000561762425723,0.611209727946448,0.721452418506923,0.770018757153916,-0.547214250514287,0.646822017758136,-0.740649701047127,-0.103973097635413,-0.349060259368896,-0.767236779901852,0.658504416457511,0.130016372941748,0.781000415664837,-0.633749027254457,0.65018113485988,-0.661523957798865,-0.571977132407459
gene372,0.443285479150614,0.345936165485553,0.558738199328866,0.14452021424385,0.430452806475502,0.743044905082137,-1.17163441575599,-0.0479590952470794,-1.68232378464423,-0.179004628593656,-0.92481535528583,-0.243667081407383,0.0928889635981172,-0.0189839156577096,0.545004334517603,0.221226844843578,-0.343431736526257,0.704854791706835,-0.577664353967827,0.0263136340700767
gene373,-0.324372134509433,0.0699027348660133,-0.569842144848907,-0.562483810974758,-0.694898480196921,-0.356947979523196,-0.720285760531321,0.163305771634591,-0.0572342532533023,-0.634329857182778,0.417510612116568,0.0990322678501758,0.717471980365068,-0.563685146269874,0.148795272031775,-0.998145145579117,0.630830979960467,-0.0114325945614862,0.706564489116227,0.528583118397874
gene374,0.0550318426424329,0.0660267671903291,0.470294633141652,-0.680990509325135,-0.0019319382939941,0.573241721981635,-0.574117828224526,-1.0247616053741,-0.497654703113497,0.65694485176165,-1.14636212047456,0.469939669645655,-0.535719204402367,0.371981580297236,0.432779422814833,0.136457988235186,-0.600086262346606,-0.587714687333754,0.0380289213952175,-0.283569456488025
gene375,-0.98853722056444,0.765270316302197,-0.495114389113139,0.397529317811363,-1.7337176505476,0.635877377461698,0.123665001254782,-2.07875708430897,-0.293068720389454,-0.587610020755779,-0.557976868490473,-0.705199928037121,0.382148889642067,-0.222479263510766,1.38883931528639,0.207457397614782,0.226274804067864,-0.793794299388074,0.664016177626048,0.766479880306098
gene376,0.0565560078984445,-0.225163003222067,-0.65617648001398,-0.672364630493246,0.36196265814493,-0.0350733295395317,-2.1747669327685,-0.346055184695226,0.89242128436232,0.59131978200427,-0.126547041290569,1.16418581884468,-0.370769554226919,-1.30101178836717,0.688192417187293,-0.44628415097365,-0.407597696605466,0.320468547868301,-0.0310989842298723,-0.303767897299201
gene377,-0.222659960907448,-0.0808653797288077,-0.294018094360805,0.667300771815364,-0.126421993860979,-0.418526939531456,-0.537875329359741,-0.0111095387029998,0.118043166200092,1.13707168334025,0.463150587413359,1.20756728759919,0.766610875128549,0.543635977821752,-0.947463788056742,-0.319215250622202,-2.20342940358723,-0.33579687502135,0.284418481784574,0.189944771673599
gene378,0.286577745627574,1.01354567142798,-0.420841683518705,0.342522875898298,-1.26043764302861,-0.708787122732923,0.301308915758458,0.507918746511085,0.586431193052979,0.910400517785322,-0.166703069078638,-0.7127217517655,-0.138264655844743,-0.032031978767216,-0.713543643454752,0.794654598117236,-1.87708213326535,-2.33314646484895,-0.749786556123539,0.973097270321744
gene379,-0.117791523172677,-0.990803283021617,-0.123536142844771,0.0347140523778298,0.234300126649238,-0.203442729133278,0.0846402200092253,0.0934144985447956,-0.500232040886225,0.118497497416802,-0.376916326369505,-0.192806219809871,-1.20935335105317,1.31373991017182,0.871293224787033,0.0717266996574398,1.33519811676137,-0.66263828194062,0.845500037498033,0.378217578747021
gene380,-0.134347225799603,0.224208564551784,0.476282795274812,0.538934066425008,0.750177472831484,-1.40493022998559,0.485517146780944,-0.287608084015681,0.0737331547970058,0.110090864340543,-0.274828150359228,0.251045845101689,-0.535355272895809,-0.227169233380483,2.29355577572587,-0.10261723502552,0.0478322547393166,-0.69874011291591,-0.260468755525903,-0.0724389096605793
gene381,0.214700994605476,0.047054513021705,-0.783600648947819,-1.05977041865825,-0.0124663059046053,0.430534609023898,0.151113550834932,0.522449059550982,0.143091836473687,0.165055736564935,-0.349572677690106,-0.924739437267475,0.320014284530533,-0.914368679503759,-0.211011022529578,-0.154258489775021,0.726804754837661,0.189115070198144,-0.456919421763135,-0.194655246607499
gene382,0.908541967921958,-0.108892268082695,-0.297089898753633,0.804484367447603,-0.504996624787179,0.98727030777832,-0.556800757041253,-0.600041049189881,0.426318652210306,-0.970328560132106,0.0580124948935786,-0.360810890298388,0.777163206842429,0.0237878007467918,0.460829607381463,-1.00197650890797,1.4116493398783,-0.705183406490836,-0.439850462819789,1.57083246753545
gene383,0.346237211625891,-0.101683005376046,-0.492821247420652,0.248388940663135,2.23769421169008,-0.233252178473475,-0.0883817531610741,0.621238821149067,0.398862014440097,-0.618222646217273,-0.566358171254955,-0.305513021082467,-0.157221673042092,0.057929237453247,0.356211978303553,-1.66723074574477,0.952929453892455,0.441036501851252,1.46749951650519,-0.396071360824234
gene384,0.247226374881814,-0.0650199496723059,-0.768309986920788,0.255629714018927,0.340293017521189,0.0081892699488626,-0.131275111758606,-1.19880369493093,-0.0805221094205508,-1.12950137753931,-0.593093518038346,1.2834208668653,0.536800131783873,-0.697000262550645,-0.500059038664814,-1.7506276444643,0.731741742177096,0.754411202771247,0.787386554408148,-0.266085803618526
gene385,-0.664901227502907,-0.922631054710051,0.147896489677584,-1.18249959544891,-0.595477287127671,-0.246314351499258,0.11696722275913,0.75809705819579,0.568132482970835,-0.761473636045295,-2.1138272622295,-0.385856450421661,1.63473809595765,0.600167501365985,0.944980846066047,0.0811533761085749,-1.5879713926758,-1.02083657143983,-1.41499397127261,-0.110096762098847
gene386,-0.595002024028837,-0.790061839018299,-0.180120195038081,0.353819243952066,-0.309772517296846,0.47213497289013,-0.192408194090963,-0.896530209496663,0.485476638325153,-0.3551079582915,-0.0073071670804026,0.58516042093451,-0.619386802518376,-0.553520800414652,-0.359727091918025,-0.720783424069296,1.00955490842843,0.108937545929565,0.442413176411432,0.406005748457914
gene387,-0.294391074197717,-0.406799130253839,0.0702218469624091,-0.387005970316711,0.239239532464713,-0.0672679667596502,-0.0408844571626895,0.493372939173129,1.191675904603,-0.564201001990019,0.858804963648802,0.356052150435688,-2.1269465195833,0.268298028035212,0.770301253587508,-0.319540592915518,1.00311247898149,-0.37056563803528,-0.556981049379952,0.793538859180211
gene388,1.04928385696475,-0.977216965007816,0.484401128119378,-0.286357859808189,-0.269720904152449,0.546113030279804,-1.21876569298529,1.31595464982093,-0.0069854792697895,0.563280349240157,-0.815113453321359,0.787342677670062,-1.40829847603823,-0.834222244893855,-0.13412189748818,-0.0707271543564646,-0.027305921494678,-0.800973173718298,0.40878482812736,-0.604098766108659
gene389,0.240593037024862,-0.896177827588299,1.13816468024281,-0.274547178097253,-0.513675335920274,1.5387076204888,0.540476518372321,-1.01967980772771,0.478711893289699,0.502746183825347,-0.66083950544891,1.00886395253102,1.16284056577073,-0.405314310863965,-0.862047091474863,-0.250733891527824,-0.657775639867511,-0.0802721185433711,-0.420163794688449,-1.10682990277455
gene390,-0.897632431265573,0.522184860463386,-0.457655376059598,1.29440562615201,0.820636563978363,0.0411503736328468,0.347028898394506,0.223191065163776,-1.01384146589733,0.0266759257956831,-0.430052263900641,1.4399811600606,-0.8456269023717,-0.47999564402231,0.372745670280254,-0.664881573170261,0.743779692364211,0.0993536625185788,1.15626864122996,-0.0334717529465021
gene391,-0.96935851722431,-0.31853719226041,-0.160669468807421,0.606756592473774,0.58761840569181,0.185851532735731,-0.303545969622002,-1.56021460029501,-0.211600363945583,-0.180245154781305,-0.044804488619373,-0.152437855025314,-0.965932031642807,0.0918903411983365,-0.0943220298563674,0.149396963049742,1.08849664905931,-0.124571173213095,-0.612777445313349,-0.859113681345355
gene392,-0.111980471125931,0.465062479188864,1.35790178399717,0.222746895890366,-0.082676130839671,0.611483691682781,-0.296124071778438,0.780966530995575,0.856526617727303,0.615895566704549,0.112613195442377,-0.903095418930733,-0.262986239068405,1.2035281111369,0.456393237501743,0.397916064285546,1.1661988213711,-0.131808074293801,-0.609520665263208,0.339551847378926
gene393,1.26941552298882,-0.8942689532791,-0.610194328556689,0.0743281124697201,-0.115871788201261,-0.871921387878502,0.858700514471081,-1.07915181367579,-1.19398200386109,-0.560918274055932,-0.634320171545073,0.214453442680437,-0.33639838065409,-0.498070854215128,0.115424934096144,0.615152088788451,2.36054087759979,-0.769673023870008,0.290877851400802,0.342298873436584
gene394,1.32741574488444,0.293387180818295,-0.52917204143711,-0.866901746552797,0.338511081973645,-0.550444197423792,0.212838969786803,0.307094809500395,0.262091032371758,-1.04151069043156,0.588765832144957,0.201767956849952,-0.478869566777452,-0.011513616923891,0.695732282001751,0.441387183864921,0.328888066134285,0.0795545830470642,-1.11848269602164,0.167885402648174
gene395,0.571855994711384,0.203594011084889,0.450026253929002,0.931363696924942,0.303213358756982,-0.330327593253262,-0.110346143401001,-0.941196293292271,-0.0215444291380056,-0.182914382855425,-0.289307384996612,-0.885360887848576,0.595362857722245,-0.182693976929253,-0.380483076574375,-0.107298921205157,-1.03312912085691,0.675307054419213,-0.415361286069654,-1.03454414745281
gene396,0.354737869865283,1.28861744847664,-0.676147206457999,-1.06385401865623,0.747704735485693,0.130662060648704,0.289024642688622,0.105475250374623,0.35560728208357,0.98780887512483,0.577724475159108,1.40743361155144,-0.27626747931744,2.12307731220272,-1.39884128993487,-0.029369380799026,0.439053846216577,-0.912631262117611,0.077108700647284,-1.33258799763435
gene397,-0.110907683803838,-0.35874507278982,-0.0786941509331421,0.082165245787489,-0.315483979640981,-1.15105099412118,0.0793845093836715,0.0071738854126254,-0.307089351880987,-0.317661591126807,0.0009629072077359,-0.694126701947727,0.639882763718045,-0.407214747089514,0.125201301222951,-0.887357808941724,0.241394493213259,-0.669787013572341,0.686718271100955,-0.562199112846429
gene398,0.4209807064677,0.795385722352743,0.0188943382267687,0.253948201704466,-0.296656704250599,0.31397987729083,-0.476508969506585,-0.739717658649571,-0.237960495012825,-0.501244330734439,-0.251779162357373,-0.102865745901413,0.745295018566292,-1.2895037596241,-0.472370401516706,-0.470740487257247,-0.308124309026352,1.39477505332769,-1.28765728758657,0.052335898188218
gene399,-1.12687456426964,-0.794835961741418,1.25823664749388,-0.581179756765321,-0.0370275225280324,0.79725950577715,0.0605982337517904,-0.361827700957292,0.0855004236888482,0.736189040423617,0.015865381914305,-0.119237531713855,0.134891380648457,-0.587604312122414,-0.285034323042413,-1.045263558866,-0.530197071886537,0.316026309425814,0.211435363252187,0.144837376710402
gene400,1.43062295069059,-0.335635927155703,2.30479976050059,0.180399621771697,-0.176409523551075,0.301783784235445,2.6375172847829,-0.717011580384008,1.0702094911159,-0.526600539859078,0.89490306387544,1.43786744904648,0.652729815643716,0.39884907769529,0.134428336655427,-1.14104275164416,0.0835194627560591,0.229852743909416,0.48915653698323,0.844237392555129
gene401,0.0403002442146311,-0.309012285148414,-0.351350494701937,0.798493715711855,0.0452882763394411,-0.263372549743371,0.272898447101402,-0.0968964970410708,-1.51483275856699,-0.568971960617927,0.0609814000858495,-0.61262989941165,0.151876491437121,-0.166898676290582,-0.261020767391084,-0.506965690500634,-1.25915223064411,-0.794742237202959,-1.3331722043462,0.989243577761497
gene402,-0.15027122208664,0.476924760395927,-1.00827368391875,-0.50790180295255,-0.345228041759607,0.0997753990457435,0.422435116621881,-0.429222976394439,0.0995188476496856,-0.782516474163102,-1.00441739883379,0.452231646382775,0.0579953933715184,-0.605645765168522,-0.360582439888415,-0.324491405925019,0.757741914212376,-1.17441139120384,-0.723710456611328,0.598233232033691
gene403,0.551010816207078,0.688442048683427,0.501578470961729,-0.778727485436458,0.541383124353916,0.831357192020022,-0.258111605682827,0.730336241514138,0.63368779486914,1.70164078312053,-1.08759493996871,0.431484274302097,-0.275154771861005,-0.277383490488051,1.6497651037207,-0.909710825433332,-0.0995889254700685,-0.360423243564973,-0.2495044501646,-0.0714543189573515
gene404,0.219198481006304,-2.31203325378203,0.634208591825936,-0.067886940803217,1.22287127053178,0.109959808802717,0.515859738922669,-0.0295245046091977,-1.03844257408838,0.640671254095392,0.168246686524216,0.606116600769282,1.28829203979871,0.262191017650479,0.0995942171257265,-0.801592745444054,1.1180265198248,-0.108266499732751,-0.0462689534885421,-0.22699454256867
gene405,1.42799644514061,-2.14962129303129,0.285409531389593,-0.401385920685788,-0.703122553027466,-0.553638609107988,0.537895691801316,-0.408761647169411,1.02717442405471,-0.184906151975223,-0.703053204387714,-0.490188786236626,-0.796160654978689,1.78824859428952,-0.351436951812488,-0.482472331907353,0.325912041638366,0.584284578599673,-0.202808422287068,-0.197873471638173
gene406,-0.621554159626001,0.275281312180052,-0.249080087987165,-0.688485389650989,-0.694041206114206,-0.220866900266331,1.63775869200601,-0.510027155809357,0.200707628526367,0.779713797442162,-1.06362049265185,0.158893696504287,1.03320020355947,-0.366911093878703,-0.463750962480339,0.514665037615172,0.576783303158779,0.730059875611527,-1.33145548133091,-0.951693503115738
gene407,-0.586930572666226,-1.75338338988807,0.634875020588182,-0.14059416445926,-0.490112558801375,0.957911091749331,0.728052347691909,1.21407017002939,0.35506297595019,-0.485720826493588,-0.574740305485589,0.425838044033086,-0.70179112453708,-0.347532885375402,-0.783254940650287,-0.0435789171774938,1.1357487784215,-0.374099887151835,0.500887685398807,0.570523564694331
gene408,-0.267973358820407,-0.579159903857328,0.0856836216202616,-0.981760504526254,1.57885174896629,-0.513329234981713,0.973180291580272,0.555091651057685,-0.568812546408674,1.09150447509732,0.934755104602649,1.15051752865754,-0.519513862196602,-0.750388718026128,0.759635299751103,-0.892756178719439,-1.09426387443778,-1.32805028629888,0.712773519233908,0.701364943794794
gene409,0.631747677479948,0.27252335303393,0.0306030412185481,-0.888489967308267,-0.357288905205794,1.12286072010871,-1.35762677359201,-1.12382242615748,-0.995514723516073,1.14910007895323,0.210715101012659,-0.0960679279963894,0.671214506698899,-0.976288635748473,0.670470698253496,-0.0739550820475804,-0.0568013741837395,0.847541720918179,0.339803168364815,-0.161240156402299
gene410,-0.791133707402828,0.872678863373324,0.398810144139698,0.644695149583384,-0.179667724697461,0.30615817958477,0.291310050199425,-0.231750938538698,-0.236989513576315,-0.875993234017365,-0.302385831927777,1.90747577385337,0.0319162343498336,-0.0982943519779266,0.739031845100027,0.123374974831728,0.215187777859809,1.03045627730704,-0.441359673455301,0.227471262026252
gene411,-0.290971085322804,-1.14228314248723,0.64115457273057,0.742762809935198,0.620432176359551,0.317453430866836,-0.498554221154009,-0.852514555447899,-0.0442713338011606,-0.612268663012424,-0.158242694712849,-0.713849678591574,-0.472826648090682,-0.639969518918507,-0.110116374645118,-0.357648798336258,-0.928274808160056,-0.268247090671198,-0.586438120066129,0.71493334874788
gene412,-0.829634466246273,-0.328270153845313,-1.38306542516937,-0.615514280678914,0.141918200215037,-0.275268141009882,-0.01200043634411,-0.114671093104534,1.4326396087907,0.208049899007689,0.173900955847734,0.818760251465053,0.629014092185594,0.0706921843784071,0.817131045035578,0.952721001621599,0.818689267799788,-0.193724836577968,0.754907342350906,0.0084042213088962
gene413,-0.61556247472573,-1.15769440383042,0.666743528555483,-1.10295288556039,-0.465388990927923,-1.04600871322343,-0.0288130267909554,0.422073641283359,1.13803514691876,-0.307418189626169,-0.203878896443013,-0.383946868119673,-0.0923107371193491,0.343536103617539,0.322012559869105,-0.306798995229892,-0.288663708825795,-0.603705550261477,-1.32900019548426,0.0697966694287635
gene414,1.03676278684053,-0.595012990202009,-0.0550838979175673,0.369036078455479,-0.011255523666386,-0.0654371336366135,-0.84608370095826,0.0610847441925726,0.458348747219156,0.959639382869277,-0.214012523739771,0.425885723182431,-1.06326198213629,-0.290112768308165,-0.155523821255904,0.27806796273004,-0.486314489088689,-0.782698890790011,0.598160371366743,0.0172996810018267
gene415,-0.984466141557346,-1.07828158232269,1.32527489937406,-0.507261872171875,0.332252780271772,1.06054748863799,-0.107701136839142,0.563838351110671,1.50870067384939,-0.399277838589903,-0.316553876738968,-1.07214132374562,0.95195657935951,0.631636602039761,0.603099476457104,-0.401201913482574,-1.71874884115345,-0.446547846350144,-0.418727671910613,-0.031470047819907
gene416,-0.329003146100521,1.43188994686191,-0.553712759748278,-0.45945412490266,-0.850561307504029,0.15222357490232,0.431099637839246,0.986999542986986,0.238294463966183,-0.493968267141391,-0.0541383568303153,-0.855671678746677,-1.00564713694508,0.636353098350582,-0.30109393151085,-0.380706215765403,0.38471531749863,-1.16235579343236,0.834270742114403,0.290586046429254
gene417,0.773108886366325,-0.666460773001561,-0.299015388471727,0.536566981405517,-0.131881693393117,-0.0078800079420086,-0.12827288276817,0.55593572406905,-0.721766722245625,-0.400387221167715,-0.762245193360251,0.143694006117375,-0.589442029021395,-2.45216170879788,1.34754801128974,-1.85775807325235,0.616057769687566,0.668616718433923,-1.3065500162514,0.213199082641661
gene418,-0.0954103005582004,0.317420040971293,-0.0542955099284189,-1.37284777985431,0.184717758722085,0.507848004766477,0.150349092753647,0.193819928602621,-0.155658735815024,-0.399997510124454,-0.640078697559041,-1.01337447226049,0.706524438481118,-0.140587152857349,0.396047653468791,1.56255793978747,-0.0610226483531285,0.515193118180492,-0.0213644978499779,-1.40095422522075
gene419,0.575341145685465,0.245199434452426,-1.04103453679813,0.135820855045786,0.599686097772627,0.653772267930695,0.220587433333881,0.623863853114883,0.442832715589527,-0.637179997215907,-0.201459678317068,0.239633158491983,-0.0884529881350273,1.14449755567075,-1.12658369661156,1.06712948818976,-0.889536851715969,0.0476416803355897,1.6874233534978,-0.0013425623742217
gene420,-0.680925873304079,1.98478301574702,1.03927150423923,-0.907049529259561,0.0521296055087294,-0.483842299865795,-0.421328400866579,0.579269091530286,0.462187233901016,0.624503743186756,-0.89217185875913,0.227802522427613,-0.262974087970394,-0.226218393154809,-1.70365879576174,-0.227144660261173,-0.436338552995325,-0.214364994404649,0.308116292761493,-0.154773335836614
gene421,0.0537515413792258,-0.127545985051137,-0.487376884823228,-0.0108283092665573,0.287341767766669,-0.360720418288441,0.398557740800555,-1.81252141544192,1.06176406351938,0.0417477527285945,0.0330393221103478,-0.143788869819478,-0.750903066292004,-0.0592792333458184,0.190262806557121,-0.0980239102289879,-0.0097052335126182,0.748535694218888,-0.79587986902094,-0.745920062286766
gene422,-0.812666332672752,0.609920789830443,0.995334314099199,0.0036388016097556,-0.438885347460206,-0.32198320295073,0.481103009571861,0.313484295810562,0.0569563138606097,-0.117564844930204,-0.675464187461898,-0.456144466097895,-0.669764362079045,1.19442200877588,0.0804116483828907,-0.784533043117126,0.0764668043586955,0.773436212444131,1.03347771929257,0.738301437076928
gene423,-0.229083999372236,0.553705746908773,-1.00193101575073,0.208258844290537,-0.548649833168282,-1.24791142451527,1.14857285051578,2.87918248903069,0.0834759009948449,0.788294532401629,0.626558012133382,0.489859956410168,-0.619802333459847,-0.0754020037378445,0.156089517515485,-0.134113611042491,-0.0810697568491976,-0.211011982442298,0.484760441335579,1.35008063484034
gene424,-1.76250351978234,0.420023761953595,0.559376047028975,0.0408472188368156,0.616215537590276,0.955407080151432,-0.997434859665328,1.13888493703294,-0.0233637747881244,-0.538532601732475,-0.145496317380321,-0.822863535281071,0.32203154862174,-0.0024655095047587,0.677691680171493,-0.412429979819444,0.312561100659286,-1.63863513249184,1.06617110268784,1.88880501934259
gene425,-0.295025888573418,0.0782267870662023,-0.476761565879658,-0.624428648290995,-0.790423621645089,1.32704718543414,0.578495458703624,0.528236664297091,-0.274616870557134,-0.236267082263342,0.509225427504913,1.19343369826533,-0.166289880578422,0.635016841115988,0.609168114197014,0.26455258237235,-0.921921378490045,-0.552636860372788,-1.15642609813958,-0.78851509273672
gene426,0.41915649948217,-0.85942589624502,-0.163127956566013,-0.215306546504607,0.693413664808529,-2.29236877475937,0.0219919711234297,-0.200332758814975,0.600649981993935,-0.370063775354159,-0.528115130592495,0.186360359547215,0.321219274869754,-0.302697992723267,-0.609337116857943,-0.735883159249765,0.341365069214451,0.211513031818136,0.174706013698192,0.629833534570657
gene427,-0.429292783317847,-0.806276984820331,-0.125573800140779,-0.875123932382309,0.376128012496013,-0.337036324632101,-1.36087004927092,0.399012050444746,0.418003761741439,-0.769346374510357,-0.063097518193231,0.566178656596568,0.0798704063709771,1.13560512987168,0.415255080633947,0.0797450446733041,0.170174465116329,0.455140880242547,0.625625271763361,-0.590162469174809
gene428,-1.13063349724997,0.0705560183185149,0.108704893549826,0.982941859980866,-0.921947768458334,-1.07710556862724,0.612555438537129,-0.141052081458229,1.06253544703834,0.630187571512868,0.0875752654076313,0.605686926726698,-0.193808940496531,0.515354737685832,-0.144791709496054,-0.217268279605419,-0.152280902122928,-0.315016021695113,0.787172879696534,-0.319740965017108
gene429,0.516488173802028,-0.722434302642612,-0.31328194059518,0.173828376902655,0.379816436382296,0.345886082373999,0.282352542161888,0.0327769645790088,0.659128756252113,1.12757985363415,-0.946417380510303,1.25366011865275,0.1003639427259,-0.608919586059964,-0.0189230867946969,0.0846098584375286,-0.171902589252255,0.0545913466639628,-0.265370954887777,0.28405570888087
gene430,0.455819937558424,1.03958567716465,0.347955001843016,-0.285583470812457,-0.428447416114134,0.496103463940878,-0.877569079419512,0.0913673112655568,0.166852873478151,0.040944372849523,-0.57892442877184,2.80247778390731,-0.777712275777707,-0.740061965286746,-0.813391638321679,0.86367557509336,0.830691086433746,0.381556808055687,0.144508905177176,0.0572067928969092
gene431,0.0041920014558308,-0.350127735388933,-0.0876248923855691,-0.563996791931982,-0.0160306799717098,-0.251779810669621,-0.573303918514023,0.404088986554448,0.27926573496044,1.20585749159043,0.401333239906749,-0.382859012372786,-0.729760230973633,0.65459080425019,-0.0988047666769359,0.0036115762180876,0.356564084868627,0.564250060524613,-0.912896487976713,0.854885842520448
gene432,1.3646274972612,0.378675258266531,1.2999062388947,0.006723795422654,-0.138872736486736,-1.75759939959169,-1.04552959946277,-0.107713185871806,-1.63002491806996,-0.897503638628984,0.530891146213482,-0.621590018613961,-0.277884417295861,-0.163646027457876,-0.192435757220218,-0.587668936199122,-0.3469413019115,-0.266018210127253,1.25123599267863,0.0658534455165048
gene433,-1.18468204296629,0.745674682417725,-0.0911909660410962,-0.655413029474804,-0.118796704095895,0.300408750589377,-0.703994807746673,-0.0468015890528745,1.04380349346108,1.04133819846698,0.725106234058624,0.45368260662766,-0.828559053368924,-0.400428646468943,0.81865193553794,-0.0435933777135496,0.712245470748694,-0.0331682002309695,-0.274731689476794,0.725250160106296
gene434,0.0484874480109244,-0.257268977280159,-0.103484945580683,-0.811006288362422,0.288421959664404,-0.0674058331137003,-1.36899492453052,0.514572562619465,1.46716563521546,-0.680387947259397,0.889250700236984,0.0798404605916301,0.801186675501451,-0.495395204713087,0.458758166004967,0.636228656021937,-0.379976322684374,-0.720901906718543,0.892124450815098,-0.180078409404549
gene435,-0.899873544650513,1.17542247018896,-0.213877883465507,-0.295193863720683,0.335099964131999,-0.247239524685368,-0.0133009554515187,-0.154239193877429,0.357308929491726,0.353916982222243,-0.0248302133207873,-1.32132424325034,2.49456475951651,1.54924614823587,-0.17941464437605,1.52269139794636,0.126917546785686,0.267524251311594,-0.293056559743517,0.235140289138055
gene436,-0.0893536861719272,-0.214189750304896,-0.406333737181746,-0.0844011061625324,-1.5624823674592,0.734993668829941,1.49949020969642,1.53844941784321,0.443011892963579,0.415832436287744,-1.43784007469526,-0.563426944103067,1.28074930343581,-0.159208885297662,-0.742189329420645,-0.335701871607389,0.394167896090536,-1.82398122155718,0.0214463235414331,-0.719169330145421
gene437,-1.01484944097151,-0.796996240678137,-1.38221831743832,0.834635025875652,-0.198365575078509,0.374661201175164,-0.431342129828404,0.579045830859806,1.19852112756442,-0.697557235907512,0.0108337240882822,0.563774960977439,0.103564854287996,-0.285600687036645,0.360977978073621,-0.675708120820917,0.911884970754705,0.123598850624826,-0.801664449274339,-0.285642509194471
gene438,0.11352750482465,0.924137118064659,-0.137980822791874,-0.0718143486656906,-0.898577841223825,0.216206306929697,0.430468016831015,0.593011335927322,1.65571971684426,1.01237509783254,0.179005010556346,0.358548018496515,-1.20165630132956,-0.20762632283168,-1.09787831389091,0.357869269400192,-0.126832873492918,-0.964461827653645,0.362694519241465,0.403073725778707
gene439,0.219817968567944,-0.0017173268504024,0.610702624165242,0.446310102658315,-0.621040963820031,-1.84725349955367,0.950900007965159,0.57812484472954,-0.818199319032479,-0.27617237608299,0.149788368030008,-0.57827221977896,-0.480119610402717,0.395922827629638,-0.299303428872007,0.465274361063585,0.616092317763365,-0.358878890400783,-0.494142733925365,0.385215162678685
gene440,-0.665860225483245,0.309826988897107,-0.290147034638082,0.0076102246652361,-0.325519128397057,0.534319416380347,0.818340419460305,0.0886735348564122,0.508383306303304,0.471929060907397,-1.19775121467808,-0.685040648058879,-0.684285189423407,0.342217222941742,0.203429195598535,0.219486052374574,-0.542421122308545,-0.36780820970118,0.893195846137403,-1.29709243780575
gene441,0.818659353001784,0.106220912994937,-0.137956126914196,0.699635312087148,0.695685537220987,1.3251732370506,-0.448072363803214,-0.856844763388736,0.0268222515108936,-0.604266774932549,0.822008565225412,-0.394011807238517,0.0529441452600697,0.11401416132042,-0.243875326945886,0.431803889840143,0.729916472122784,-0.41824073537444,-0.381755141011621,-1.09424991888379
gene442,-0.804753515399449,-0.965717098597785,0.538385603599398,0.524397841033229,-0.0288157910322491,-1.1190039270744,0.337338033675746,0.532008277440084,-0.426457615595173,-0.257433135916554,-1.44073290338866,-0.62686164175613,1.26502527241581,-0.440766329180798,0.108630222669489,0.727393092374205,0.990830995289911,0.233227435204014,1.62745904063605,1.00781880676303
gene443,0.558079271196247,0.459276780127712,-0.247439862471669,-0.410798437834585,-0.580952092436589,0.139304583309781,1.02773856507445,-0.80282598179035,-0.503886432766156,-0.185564422707547,0.755277488213576,-1.05539038477781,0.846703786037472,0.356792886262119,-0.0062747108175598,0.913987337534386,0.304851574002,0.907625034652194,-0.308667811682682,-0.0635711223422038
gene444,-1.04880439933993,-0.0975816454471927,-0.685705662786449,1.01610398969931,-0.437037080088757,-0.332481449689587,0.510946990172196,0.833836861601484,1.04342202897026,1.50657085344144,-0.0290676479639107,0.490201218754038,-0.959960377333328,-0.924523528807783,0.437658670182782,0.289054980271867,-0.323085525852588,0.716469416289079,1.57099106808915,0.40665425549967
gene445,-1.19472149104255,-0.21599742473888,-0.0899430704353718,0.528519540268223,0.424812513190613,0.15584578363488,1.11751252211653,0.524688905392172,-1.0078022146465,-0.965946416427113,-0.320764527177833,-1.25080354721136,-1.01939683469819,0.270684555687967,-0.655590501898438,0.609223542966301,-0.995958277539226,-0.871263905254166,1.31637603934068,-0.778524728709144
gene446,0.76384458603421,-1.12712678331097,0.883889268183238,0.222253412421905,-0.236500094374285,-0.843952060976994,-0.0928431679447519,-0.71812091121606,-0.414651935675822,-0.7998583611468,-0.0211737365550447,-0.865066155547206,0.597397588874832,1.12208769005179,-0.283696526546038,0.289627790468924,0.622136805258614,1.02596628947688,0.563955465534541,1.4728134700349
gene447,-0.192352956173416,-0.610390804794995,-0.0336309884044092,0.244593517705483,0.245210149200594,-0.111418626227285,-0.652340816821962,0.747434828735975,-0.536320513262183,-0.952933973624397,-2.08377807186679,0.941195756978755,1.44079094800927,-0.649792294285032,0.748737803533643,0.521472802226853,0.550453184101151,1.11928450115474,0.0435045237028088,-0.247513197722359
gene448,0.272748660584795,-1.20821832054114,-0.974869044236248,-0.119197482748099,-1.18609690387223,0.499617978808374,-1.03958651375837,-0.0704529577882829,0.898980753516255,-0.19897739344347,-1.96996047437744,0.652281087768003,0.454829002873571,0.414139924875156,0.894857873268888,-1.05722490527342,-0.774913410340029,-0.340122406346565,-0.176950755000269,1.51429080210058
gene449,-0.584167126678518,0.280043949978906,-0.680586048241681,-0.480331839064291,0.803472827713137,0.437553266079659,-1.38594816922793,-0.242292563388495,0.516749650126035,-0.243385089346227,-0.16411782921226,-0.266745979153165,-0.75011734769396,-0.444146290646367,1.26557302661501,-0.377528383911759,-0.300873430984108,-0.317306407217071,0.267326552044975,-0.501846713928384
gene450,0.80703757997322,-0.453766196959485,0.0397640940978258,0.557647167173591,-0.436855023794207,-0.963122780293843,0.662706631779526,-0.634241663958783,-1.08707991568935,-1.38255000556946,-0.142289924759238,-0.659822972257974,0.446298204531822,-0.388443498099015,0.864470014582587,0.979801262898516,-0.441138946976712,-0.0006148842671059,0.261586161880435,0.625751779620758
gene451,-0.216062334044858,0.723481615278821,-0.831934635999368,0.0492556644111241,0.306884977906879,0.285416154410246,1.29748575777578,0.675177744819163,-0.268717337760211,0.605225809838349,1.11739064800371,0.592364930036457,-0.693692078853337,1.09367784132828,0.0950634956295816,-0.708423184350503,-0.6495499759538,-0.896427271532905,-0.367671117737438,-0.246205282743851
gene452,0.630754515989631,-0.862780516259179,-1.25340262485876,-0.712684778624684,-0.221487029269001,0.0205882846854081,0.514662102477354,0.980565716464547,-0.0200791326124055,-0.158685357508871,0.200674224177968,0.29626095914425,-0.0781775788227755,-0.500533439083705,-0.973771768436541,0.252990940893538,0.254968760090553,-0.495029947092145,0.169708887739212,-0.278263332872622
gene453,0.0737139988812162,0.078994722962807,-0.548086095274265,-0.501111014728066,0.270916652337516,0.417744662472707,-1.63719460111182,0.961214173407859,0.356674545489992,0.0643772089429678,-0.30550309445184,0.848971159649175,0.307272044941859,0.186626982587816,0.0176846705795903,0.0895805093293277,0.898723667470469,-1.31093097316277,-0.223502612212347,0.0739912060234381
gene454,0.973096292653139,-0.0373765792974722,0.968001142705575,-0.572750745127309,-0.0582445194568942,-1.08190893357209,-0.0986052139601922,-0.374158245135988,-0.162217814926088,0.219250711157283,1.11551931892798,-0.138694387819212,0.719533498725245,-1.38490720934065,-0.0006110620095685,0.768543105642022,-0.418194079229883,-0.974374761525642,0.0604512953188572,-1.13708810917317
gene455,0.0395989573341286,0.938668422111594,0.626663323406545,0.0517240544137133,-0.309560771320459,0.0263580630372136,-0.686301903861745,0.554130820191122,0.542075118756588,-0.696030246754134,0.462641277158178,-0.226165788704262,-1.20064577196549,-0.0371924653597675,-0.0184746168091974,-1.32944459591443,-0.513504747297793,-0.40415818001826,-0.24922752043969,-1.18586274590121
gene456,0.991786655628741,-0.476165377144767,-0.215806564868836,-0.0865802805598179,0.208838843830763,0.0541929259185486,-0.422951734108826,-1.22601942001973,0.0831603859334533,0.0214029150127713,-0.0439667643068958,0.606683315706391,0.252666767754057,-0.147642053356918,-1.07826266805909,1.73259128076278,0.701585075499924,0.60199399065793,1.11964559586592,-0.123688648323708
gene457,0.201863661818704,-0.217327230528929,0.722610329987182,1.13157822010327,-0.175763908755692,0.17545179435079,0.313153912327729,0.0522049977140825,1.67848424183176,-0.922267565941574,-0.217645576095539,-0.266539589865981,0.0494367710870433,0.895556622723511,-1.4876112142796,-0.445873997844842,0.136218339914461,-0.848974514954698,0.617205266242421,-0.258702459520713
gene458,0.153107719401372,0.627402227692634,-0.252621295305075,-1.84247152870559,-0.202081400724235,1.23177509597593,-0.0452118908576086,1.29934814746523,1.14963530558296,0.695883802859998,0.104941628143555,-0.728306086587241,-0.212219023976579,-0.645438279161181,-0.111207711691212,1.42516249881634,0.616085917999904,-0.25865371957415,0.781551670922205,-0.631153072515088
gene459,0.012165434405159,-0.0161975730584624,-0.123135132412023,-0.666625300040318,-0.0861012585477268,0.105602016998663,-1.08947703524465,-0.610425492236728,0.527694980056383,-0.0411974288216905,-0.629607002789633,-0.584765970986411,-0.67768861430543,-0.384315774173533,-1.28075752762889,0.148838463359784,-0.79816662802954,-0.456460068646093,0.243716932048488,-0.64422475056792
gene460,-0.0048167198966063,0.124482207953427,0.316502270526845,-0.217308963967497,1.52603292417065,-0.0356675326694809,-0.27203689856893,-0.378986261816085,0.138248695615183,0.136939943482129,0.411550596512787,-1.53636055611028,-0.965595145561809,0.733153871565612,0.462240958435508,1.85229419061883,-0.163062865395921,0.091384001289156,-0.550880948051698,0.411469525327175
gene461,0.856725114687312,0.426140474987549,-0.913978940275674,-0.0085644443210059,-0.264692707563056,0.503056971327974,-0.0011456558216317,1.31775828329292,-0.516947328512661,-0.530217997363551,0.359245524072365,0.399195808902453,-0.726111393489252,-0.709100562404811,-0.487555512198321,0.571312056939146,-0.390178305540688,0.696620668244812,-0.265496628318165,1.17069112856167
gene462,0.979539133353182,0.0597037560662315,-0.243251748594215,0.390795419805149,-0.772845467624719,-0.159388033532601,-0.749245849746299,-0.51650286525855,-1.06972531464988,0.464600585604545,0.08692756823976,-0.687399957022334,0.312443787406502,1.01833111638481,0.0260663004750038,-0.0963136570199927,-0.137827801867027,-0.0831931589048133,-1.23088039474236,0.437666387511604
gene463,-0.298436682147912,0.717119678517707,-0.698145116352468,0.0905712198715557,-0.802166798847019,-1.15507941307106,-0.16403489472863,0.316850204307286,-0.634378604147962,-0.246775537177004,0.0645031744364368,0.329834380612862,0.963575543518973,0.245776444014345,-0.451001130758172,1.06937454104027,0.680796989433828,-0.26700135878215,0.803027162690817,0.70318707844478
gene464,0.594981726936984,0.82653839244893,0.787614305187038,0.163066934682733,0.373728268287397,0.162835866433431,-0.559642197913103,-0.799958858518536,0.71794541259291,1.40097234013924,0.342862589932207,-0.702284867311682,-1.05863448287721,-0.382388311495201,0.719342610099939,-0.107999122880615,-0.941812232937493,-1.04267320819037,-0.369044272869902,-0.0314231557032611
gene465,-0.866106048489811,0.0706879283827492,1.14960245678559,-0.767156171455309,0.190308485902251,0.241278628859008,-0.42057123348722,0.317509236372795,0.716946632142789,0.542379826856417,1.01543092312884,-0.448131103717741,-0.0710217091385199,0.480606031358511,0.151518199105136,0.0450921646627303,-0.852171703388945,1.45942098818313,0.310954771519031,0.109870138604773
gene466,-0.174277843522615,0.166489479708116,-0.0643837523361248,1.05112311578319,-0.954214654527112,-0.335130577507276,0.995889439975391,-0.848096075601577,0.269429186007395,-0.757367583148089,1.31968160537078,0.771540601176173,-1.06859599399087,0.724936105906922,1.15767725298968,0.468147994929975,0.932157497304353,-1.55780020763709,-0.362366344621969,-1.32652376587278
gene467,0.548559880616558,-0.91310254398715,0.0669052937245462,0.639961413358123,-0.337040061392563,0.48273685000245,0.0062761091923517,-1.57490393500194,0.179660405400194,0.783813104919139,0.108915183958569,-1.68685901999696,0.264480723604403,-0.820156147388838,-0.426313968932141,0.0088166337008077,0.828591167290344,0.200323427729575,-0.387625469888145,0.162322158010716
gene468,-0.432277272567746,1.79621399371084,-0.645265978326484,-0.130055028945853,0.342280365733178,0.332616566997207,-1.20014414435593,0.927073477945958,1.06637158468954,-0.239402092493932,-0.625861404207447,0.754248112951273,-0.181346220143317,-0.614055080772608,-0.191787981991232,0.471066400453611,-1.44882166510612,-0.382170785788331,0.57746892405267,0.38864881008191
gene469,-0.151688512448752,0.37097023088549,-0.641752363206178,-1.2861188348602,0.906011200449715,-0.635414531797783,0.257924839824691,0.129172438586115,0.316881959751296,-0.741175919238201,0.745881721296599,0.329932012825759,0.361388236569836,0.256977143374169,-0.293699667418226,0.488153000648131,1.33158708401423,-0.357639969688138,-1.21518426325158,-0.0994456224328534
gene470,-0.179835521392297,0.479047803954109,0.466604318921656,0.811591013031071,-0.472993023563358,-2.12874741856265,0.446279098741142,0.347896310760591,0.0394982793747594,0.951071186660304,0.26942576797947,1.33620446761348,-0.477256600238574,-0.460935907836717,0.669726808191168,-0.0874496862263338,0.679419706101266,-0.42251192972767,0.399700493700527,-0.589771140086235
gene471,0.553263836991348,-0.540552640503859,0.488145320600123,-0.363356285811937,1.56400463026182,-0.0699585597445535,-0.413628471366788,-0.821794386245109,-2.13280364637085,-0.746362398074948,-1.17165308185966,0.0029392051914023,1.31446286772805,-0.497890408809846,0.0894570622888175,0.741594506158709,-0.858624728909035,-0.264067042532777,0.165317167539535,-0.102982562564077
gene472,0.0772449095398326,-0.0982792172794256,0.270643615933592,0.678267232409845,-0.166298196306188,0.833661294747477,-0.774299203297636,-0.135360279683257,0.0621710446286455,0.103077075487372,-0.0692676121607727,0.102781355371951,-0.237739481615106,0.813236861929009,-0.353000079911904,0.890127744379637,-0.235675080821784,0.430077677992599,-0.167032206295018,0.73726854548058
gene473,-0.31782516895004,-0.960584959118106,0.0137555606427961,-0.465521989622974,-0.0399205178008457,0.965014294442133,0.453428666054547,0.368249022948029,0.435524652793113,0.7453050577246,-0.658949252475132,-0.18073176860991,-1.16331935797016,0.0501347794578091,-0.368261807701326,-0.344999161479946,1.43399365246615,0.0134757568743622,0.537770909732206,-0.294545036530465
gene474,0.562097641659247,-0.199899107508507,0.634359045121929,-0.796088755289182,-0.229211289918148,-0.730066479643522,-0.258988807496526,1.06826198217798,-0.266357882015333,-0.899102049802179,1.47059198695976,0.257642788352791,0.885442931346629,0.394879232790743,1.54510106214434,0.052959114950479,-0.15040390300282,-0.256085386184395,-1.07045292039033,-2.38699643952519
gene475,1.2776564128361,0.4078834926777,0.854461104333537,2.03706596517214,0.196535375626862,0.713940693258627,0.451945235387744,-0.231343153031179,-0.722212255645427,-1.26130107837142,-0.374976053235527,-0.474488735769703,-0.798368272948251,0.189795143029399,0.439643601770586,-0.577034390300792,-0.43114881784787,-0.129415713552974,-0.0053537921173485,1.10604170790909
gene476,0.552380419135047,0.121298156728141,0.978904668838641,0.0525312599812446,-0.773680056327501,0.426876189098992,0.30738325796752,0.396316006599803,-0.434348999109961,0.901481188233469,-0.25816487693856,-1.03275406340357,0.922420746007074,0.244214178405501,0.222398787928689,-0.57866679565884,-0.586202703409934,-0.213952113377033,-0.618633229545445,0.943769322012883
gene477,-0.123801481486614,-0.349306167632692,0.187303688028671,0.281554423761205,0.0170863721165226,0.839193487160681,0.66374243580383,1.48985930701888,0.594777898823827,-0.303845560194981,-1.09775747257767,0.369299300961275,0.177505483649788,-1.06222067080457,0.332099048954766,-0.0095194570562601,0.769482975051248,0.566166760331768,-0.264905606957585,1.71031613703236
gene478,-0.0718566242211421,-0.0307627296797073,-0.0062720660323172,-0.580124487272285,1.22958276570517,0.0874308878715602,0.710772978880002,0.14007802379103,-0.0730229076820263,0.351549343122364,0.685166464544908,0.349211684808895,0.939251567734578,0.353973068145838,0.593435531464454,-0.874552886860237,-0.394455718833731,0.20827177968365,0.862868499253842,-0.690816410344159
gene479,-0.26019034186418,-0.3655653076462,-0.175234548135911,-1.1179403140884,-0.619909663408505,1.70292833213629,0.866067916190819,1.48237790160898,-0.934150311308179,-0.752091352582009,0.94923184132309,0.439567658251896,-0.353456959780712,0.0681955037172299,-0.10140020045487,0.984252054480424,0.517561087006885,-1.08446170120909,-0.922606561997949,0.372620351831499
gene480,0.134916521778194,-0.600339623329141,0.663118950267611,-0.594555608624667,-0.431056265309733,0.925425017520548,-0.763930796122962,1.0187442098825,0.0714928946078116,0.0461200720740504,1.14362375461345,0.936490313965262,0.84719419525262,0.826167745306579,0.180930498425953,-0.317181699363003,-0.0715092107304753,-0.586241106078799,-1.5142067487341,-0.196527556058938
gene481,-1.09776678145933,-0.003970715726885,-0.210485738211438,2.03278165284253,-0.86992434284731,0.373930248357767,0.831072062467612,0.491956373813546,1.67283991033514,0.626508397710207,0.125613753788622,1.05834877027973,0.457485283983224,-0.698052877515797,-0.353360620883971,-0.455511603339528,1.12680645009922,1.3802717082192,-0.0483464952252636,0.312501197503869
gene482,0.0024023918464937,1.11654737666054,-0.167492566348787,-1.14307815510509,-0.364557305848743,-0.233114534044977,-0.580181750736894,0.483534232674036,-0.794578584119074,0.66170289197695,-0.395964697421711,0.122321401610428,0.114055121414012,0.272596535866068,0.158300804970246,0.0357179674617586,-1.35552248174628,-0.681477565178829,-0.355392478145574,0.456598079814217
gene483,0.0627238952485737,1.15550986022238,1.68249310225616,0.380144916189087,-0.829310187364428,1.23440947707686,-0.119830333166818,-2.14548631420612,0.482694945533841,0.78715425069476,-0.642554675184483,0.552587694518081,0.830414300724121,-0.577967950567507,-0.0818395975534402,-0.242196203581553,1.189977360418,-0.38716891287608,0.588246785332179,-0.529897940230413
gene484,0.612440738232327,-0.387920805373341,0.089184198615809,1.67980033005536,-0.124859168517381,-0.343504118871193,-0.159475932619228,-0.158529163641937,0.174797484034278,0.265553325583425,-1.43097134421407,0.593301633161404,0.159654824236868,-0.54992617349286,1.69448905618709,-0.364159037939686,0.65482418229173,0.0919422755440208,1.25377865765045,0.0820591979228479
gene485,-0.293526931636737,-0.0185733514614692,1.50915849168018,-0.388456781524661,0.554919004266924,0.357718755081615,-1.13670609887193,-0.469418898570107,0.0910137490383289,0.549321063245689,1.7674707557436,0.0191358399242922,-0.112459533891293,-0.159986109373396,-1.40546477428237,-0.682632474637631,1.35896928250221,-0.0377114147765878,1.04113889759828,-1.03320385866863
gene486,-1.57089725915004,-1.2319665094852,0.777191212507022,0.422094118999504,0.429607399478723,0.658772587171579,0.370117923793382,1.15299900268844,-1.41912866739309,-1.79803899343171,0.344739828490847,1.22693492776202,0.0104398178998827,-1.00650357514997,0.0777888855160068,0.122379848057348,0.112394268680834,-0.478883166438687,-0.50353859005896,-0.289323155391178
gene487,0.769575206144111,1.48668760403153,-0.479526606974275,0.413620033347452,-0.9694887588404,-0.939748138525968,0.948536920213649,-1.06199752117557,0.309610535544331,0.664208099580948,-0.856695592628616,-1.12767433216811,-0.366804312397751,-0.202038099717226,-0.705884778775536,-0.890804288114603,0.673636458024221,0.2496549523668,-0.883401787893914,-0.118101064421761
gene488,0.16092912679124,-0.378203691984785,-0.272246784889702,-1.330288148875,0.0443976055193637,0.0869250465353376,-0.787452336856329,0.312022740297641,0.879909610555352,0.927457870263612,-0.312714440732776,-0.211668224122209,0.953691199647781,0.343180636141436,-0.599377135153905,-0.32371747227364,-1.39275376809485,0.882201240767001,-0.179266284713733,-0.336662087708227
gene489,0.362697143425461,-0.878519720737766,-0.653826788647863,0.0058549584277903,-0.0404642427459747,0.0265923655448243,-0.491994296611701,-0.947564896543315,-0.557587956289542,0.0808046296766751,1.27859198725449,0.206103606476977,0.857196877498473,-0.0091816995702427,-1.56214691346927,-0.189187573377516,-0.643691339807846,-0.911825429250514,1.08551212343525,-0.544729186631321
gene490,-0.374805336470211,-0.0385497863580753,0.548186665365822,0.112030307760701,0.689417179224988,-1.2269389648209,-0.620835725159656,-0.336072311034732,0.0962561991123262,-1.29003497287284,-0.911517547411986,-0.166376549936791,-0.921078143777615,-0.33203191199519,-0.340057141368531,-0.308901651186593,-0.487271353676855,0.106279628694866,-0.573105668047909,0.0213976451526236
gene491,-0.0858809051984579,0.925528384933549,-0.205133347039352,0.768518338848384,1.42294316273666,0.101280274264374,-0.438981903377143,-0.503448304314321,-0.0175258812744268,0.588479894087155,0.237348788040687,0.771057440769613,-0.0101901884674768,-0.18811109963956,0.88000566670317,-0.531901215331356,0.361080331299158,0.333995012473325,-0.0098387399356541,0.310145409634763
gene492,-0.394061965605976,-0.235269222824622,-0.953166681939547,0.0452556731984443,-0.884599536585752,0.234661493877925,-0.112209282885217,0.918416206752311,0.169767373532364,0.601544471894708,-0.458547075583858,-0.189891053305985,0.711627793726602,-1.45089222159331,-0.346418039221472,1.29997876134622,-0.273772717190153,0.363063930460643,0.824352811456412,-0.856409668154267
gene493,0.223748866591197,0.725977244350191,-0.508988697777599,-0.117019395635575,-1.62193567987981,-0.118965731711283,0.55197785346648,0.467485853146188,-1.72848827156969,0.16914973508633,-0.566045586221074,-0.446308287509898,0.186579371337869,-1.09126598570506,0.151891745669952,0.884709178014005,0.2644722576087,0.788649089930354,-0.150052760435861,-1.24667026944557
gene494,0.0011384391931435,0.549433992842166,0.448332181279472,-1.41718499098471,-1.54234034960278,-0.228082760425773,0.311214314651373,1.22244058238453,-0.453693529006276,1.67781136074323,1.29949092798229,0.746413555889099,-0.831886151174279,-0.175034867758644,-0.46474834399153,0.516975517934017,-2.00778977057355,-0.624152948319702,0.235004151114325,0.361706899302721
gene495,0.265892310232776,0.679554499877509,-0.377059607221849,0.348027598086787,0.657422409923466,1.44503998156523,1.39740469265305,0.0415123426207604,-0.37119654322316,-0.0760739630141916,-0.900130762064468,0.158107576697055,0.462864552062228,-0.480637857438511,0.0421856530107792,0.534392742726156,0.185715632145328,0.0601167635159485,2.00314599151453,-0.0234114101543273
gene496,-0.493932053154786,-0.023781373386575,-0.452669540492353,-0.547654574025882,1.36342841911906,-1.72982666622543,-0.0292798703470402,0.425922456679015,0.753764388006965,0.30655878962312,1.11730986254075,-0.79677660981588,0.434724334230357,0.138547186069679,-0.205747386567182,-0.202199338955892,0.760172085560824,-0.815941700043813,-0.0848832871330787,0.44798119238739
gene497,-0.740207857673533,0.0357456000940351,0.504517372941424,-0.0857604981379923,-0.327930830653589,-0.229342795825932,-1.59152530411353,0.882416271626257,-0.0583065710631669,-0.211078985903464,-0.366872820997625,-0.740449702005756,-0.37432245676443,-0.618749531964508,0.259795503339623,0.30588669230672,-1.37683378103043,-0.467548145843894,-1.23731724521209,0.244302791132215
gene498,0.776964500153039,0.518286961109395,0.862719595089462,0.825012298747007,-0.22923945883905,1.61944019610085,0.298799694840281,0.314173715502287,-0.853865900124785,-0.310480500433919,1.83047463674896,0.377904297743307,-1.17807445286928,1.81775323184729,-1.07633196668242,1.63581725612092,-0.487438063772026,0.675983094870966,-1.65015281481424,0.402974545387489
gene499,-0.404440786318334,-0.871404535362079,0.330414158702558,0.318592113638846,-0.373808488896478,-0.0046831394907263,1.12928992880663,-0.237127553876027,0.216476969742179,-0.897608713423019,0.251053127251062,-1.08493586728112,0.0587747737658271,-0.251672849835573,0.162581110555757,-0.476676811498462,0.193980736975632,0.229177333002523,-0.86525663435335,0.123179990233786
gene500,1.19398313402996,1.0509626987807,1.15341463152588,-0.415175037377228,-0.676581281903218,-1.40217133422367,1.13703776014156,-0.64547199263953,-0.729538159270884,0.821660595930855,-0.084284091154343,-0.431256234705303,0.660573859519938,0.908409687514508,-0.459365061431898,-0.734642168554381,-0.271124637573615,1.39158543575771,1.41294725452057,-0.759699549840754
gene501,-0.247890964431376,0.0813173326563424,-0.620825346405475,-0.359605917155651,0.298185519972597,-0.605958306265497,0.824351550930993,-0.164553399974249,-0.704129785747178,-0.739255743105566,0.553794646445123,-0.534460575454347,1.56438059572154,-1.2787908142597,-1.09710567587737,0.471302643561836,-0.545598420805791,-0.165952581586781,0.205623511359565,0.271460441267353
gene502,-0.573067654850303,0.716387718091729,0.459108713264413,0.483778499592984,-0.126019069462032,0.470841552559524,0.927853247606172,-0.263890200960017,-0.651389242007094,-0.65116211909279,-0.822689056371275,0.863707591486783,-0.782486413871142,-0.236848088052187,0.0486836287126371,-0.858221413498134,1.04828147740489,0.287441350941928,-0.344978147768599,0.0214159885898287
gene503,-0.334926655846697,1.5990728170181,-0.913746258700276,0.236855924094535,0.247100889968043,-0.37402083642837,0.21993514501888,-0.161749641014038,0.196816160311671,-0.298679146847515,-0.969741705772994,-0.381444688438346,-0.447990576275847,-0.242958112769602,-0.378311725588839,-0.462871178940677,-1.15204077434152,0.491785278462126,1.39805450176231,-0.484746166186083
gene504,1.27092930434566,-0.861803910671719,0.611515758985725,0.218153135675024,0.606910243075574,-0.504434997992816,-0.186390857228151,-0.55222647028462,0.115019173986221,-0.46240002381158,-0.236727495747522,-0.417423632762703,0.478479670138658,1.2359384349071,-0.061449899687045,0.0758653115063489,-0.71600296532307,-1.10674562820467,0.004700728677021,-0.235682646255105
gene505,-0.658011150655244,1.58599835369273,1.15024100601463,-1.34384773107325,-0.978183511719434,2.1831791582937,0.388597151468136,1.26980261275667,0.739069409187093,0.632093771439387,-0.0355619997343942,1.55889336851041,-1.23349106867588,-0.71508201197802,0.598607371583681,-0.108354031133737,-0.678535239094766,-1.44412829420661,-0.405493835039987,-0.588078241887183
gene506,0.0534847779601133,-0.0013166843494448,1.40076218856667,0.568241792635464,1.8332613719167,-0.581651983546501,-0.66232747409302,-0.596500761967028,0.407691127211737,0.268444343141064,-0.243900283293394,-1.36372279078189,0.177983383196714,0.362240865892769,-0.808764292511474,-0.329328545985689,0.274104412560601,-0.257030848405813,0.505887117564921,0.716635948008987
gene507,1.06305041144072,-0.520405356496998,0.564861667334062,0.265183614968757,-0.0973053673430088,0.570193227643586,0.611006660160301,1.14336874948626,-0.566448141772773,0.0117350326618697,-0.452529994234474,0.0004220827977347,-0.520116028366165,0.77150830972198,0.671747022675562,-1.00578081615937,1.09753112039524,-0.768110628086217,-0.124656908909535,-0.872700265715525
gene508,0.897020013638369,-0.171555377664151,0.709075672829012,-0.547423371818241,-0.72290229173543,0.979772589692639,-1.32410241304542,-1.04102952139039,0.793538200577801,-0.764212389141305,-0.264800197342145,1.31931785705898,-1.44914504776221,0.393460375340507,0.713980554574033,-0.285360335739855,1.29016231101103,-0.0998960534675899,0.175678110937481,1.30468885766316
gene509,0.995448436541167,-0.641926980042067,-0.14951808762356,1.28213319488266,0.839479397288104,0.0344485512159227,0.197122949678098,-0.0081064438525153,1.0044477523854,-0.230723339715384,0.579842209124431,-0.0806389801561224,-1.22776826282519,0.0924497937556264,-1.24711452735426,-1.20616758170816,1.23247492391093,0.607311480282907,-0.925804875970716,0.387753982105693
gene510,-0.942334656206488,-0.493992030684535,0.100246083827798,1.28588035240255,-1.52195264977703,-0.075036592345958,-0.82058405258974,-1.2155352882382,-0.765875581843888,-0.617934422773381,-0.868088012431733,0.202124455010973,1.26084526717802,-0.591586743847853,-0.0481362149877516,0.865507871609927,0.216891330765164,-1.04828355670401,-0.415139353513546,1.23318560427491
gene511,-0.107917138979349,-1.31499044733946,1.56335074263667,0.595946713559039,-0.522767117611361,0.314289930793636,-0.0753566715246579,0.256528034087554,-0.888261110216156,-0.360875625880332,0.0887860667271546,-0.240076466725735,-0.766365527705909,-1.05482855135656,0.849362589917032,-1.2455937934966,0.884320285542136,-0.54590924653766,-0.0298541211049642,1.34308426759394
gene512,-0.458527607538714,-0.786469651536301,-1.10171547966479,-0.118678754667885,-1.05655481553987,0.211550099841551,0.63561267141119,-0.324493202978099,-1.85481708580181,-0.256159017704438,0.337852376238287,-0.186100105387098,-0.286934253350218,-0.243876304437089,0.0552502843952824,-0.423286863157145,-1.21602670905663,0.858976570641421,-1.43282022245035,0.247310956151541
gene513,-0.212012936498371,1.3546269221262,1.1509966619158,0.32637690079029,1.30181613958322,-0.797524235054671,0.174235908481787,1.00859597631238,-0.236573462905621,0.347628873033295,0.63133754286187,-0.682157476474653,-0.537986136001304,-1.23381031131766,0.627069250296094,0.122855045511307,-0.189097600190526,0.0183976274773334,-0.356865646077262,-0.237176443724273
gene514,1.22461975016,-0.44265955870361,-0.347411507577357,1.21892321030655,-0.824623870172873,-0.779052520317218,-0.463219121904235,-0.260405550501273,-0.360486398082003,-0.337336801607595,-0.559795803114589,-0.394497741802292,0.566986907206055,0.908506670929425,1.23260561285083,0.447613470692968,-0.597161347070812,-0.861511637603738,0.92033327854151,-0.536502384817024
gene515,-0.478533136032366,1.3186260552678,-0.341439525304051,-0.179231770648197,1.02518753196161,-1.18493461212362,0.354202536369338,-1.81285306751339,0.120346939567157,-1.24265218881913,-0.309868081462501,-1.65681827797381,1.81460126107896,-0.270723001544317,0.3231192837347,-0.774836385661544,0.0799228255994538,-0.348899948693776,-0.742898867672568,-0.380611793432774
gene516,0.136871907566052,0.696494950255879,-0.36376250044747,-1.43975668385071,0.845344946709581,0.661286467060387,0.550353887379233,-0.947042525238847,-0.525805729282316,-1.11110357247944,0.208300249550072,0.0848285123459798,-0.81558538603809,-0.313154844842224,0.64432121824318,-0.202864859176561,-0.85876312814771,0.28722998987225,-1.22318789719143,-0.152720786452349
gene517,0.0148366915285586,0.761289437754341,-0.278100640239418,0.585884321693298,-0.218485133728395,-0.117605124791985,-1.59818961649782,-0.164857430564397,0.35467180269692,0.173277147477818,-0.191126844205123,-0.333623420837058,-0.651800795319523,-0.185680548407478,-0.144436226281436,0.613458601237077,-0.152102193093994,-0.602427580418612,2.27493603835952,0.191306700551932
gene518,0.473118050992448,-0.535915877779843,0.995981350831094,-0.590833162470327,-1.05233265513788,-0.17526496341422,0.210022823383378,0.18066819633415,0.287464589609726,-0.201677487865955,0.178833371014555,-0.0940718048165087,0.0445646573641425,-0.49238243617824,-0.117223950198895,0.848820948629768,0.755922642754948,-0.3001318379063,-1.10972249344084,-0.608516300133654
gene519,0.65809690773592,0.559214921184392,-0.110992936289,0.412201696987142,-1.07604814979322,-1.1823324547589,-0.613843198935854,1.27108094160147,-0.904146820380832,-0.846647971203067,-0.56931048774881,-0.71575597066684,0.386481518682956,-0.0676309256456699,-0.287777564568451,-0.63214441322816,-0.611324982536993,0.614590689303272,0.513018191386943,-0.0237176552158716
gene520,0.314585908718231,0.689210831841791,0.0408184839977833,0.177612514993345,-0.886239078352502,0.944081649956498,-0.837153312574586,1.00026801093608,-1.43605669599982,-0.907136890966432,-1.26392436903703,0.183077511641443,0.747821191014688,1.27962153871364,-0.0889891093373605,0.643882500579944,0.651954576474977,0.37180160273827,1.69355186247917,-0.13350884652634
gene521,0.380502388390027,0.696108105457699,0.843241767661565,1.02507020672434,1.13004664436077,1.03009846858943,1.00453392317826,-0.162807971002031,-0.770451217727214,-0.401146533982409,-0.191203200657783,-0.637625747551781,-0.235251058643125,0.572237638207594,-0.162136764561959,0.707168024743467,0.890717895847036,-0.295419418894606,1.57684789995249,-0.39902465664949
gene522,-0.177962632699349,0.673014084729824,-0.394258643543514,0.649457793977271,0.703800139162303,0.114151465239836,0.166663629080977,1.13229103901221,0.949047871234037,-0.117629357850044,0.0389463147785126,-0.161451625809277,-0.134123141156851,-0.748687482477246,0.981115299055884,-0.261689842306745,-0.821208601506918,0.247690635061977,-0.31675248239268,0.736260194428056
gene523,0.722444576185406,-1.65822280738996,-0.491065377954632,-0.65327251089931,-1.43692432385406,-1.11257725999502,0.155472504480626,-1.38108152406292,-0.238682840554561,-0.282845729904014,0.158268972183543,1.23761967182373,-0.177611484254502,-0.194942022076123,0.617287068562964,0.77869972478701,0.838977150320927,-0.471702482637061,1.12861198512501,1.81664560860455
gene524,-0.958210882053261,0.181425913535101,0.455146315092838,-0.676966950688809,-0.218990709964632,-0.497917182677058,-0.0159392883113216,0.0133935377469241,0.0639393070023374,-0.877825444563018,-1.68076324399696,0.201559959343683,0.543450597838233,-0.575046567830102,-0.225132793620586,0.26903360976962,0.766501794999346,-0.155771618604671,-0.678485834808985,0.730154398396456
gene525,0.336144533898613,-1.3426076992166,0.191100328205609,0.452902135475071,-0.65394007855624,0.509926373985023,0.104522942109097,0.702831111788489,0.178017947013053,-0.265890578450075,-0.369265955341066,-0.579312600336926,0.0962029276906283,-0.112703015003407,-0.175249141607733,-1.71648799785498,0.0951534799981113,0.0355559469143716,2.56598455806705,-0.376290685328835
gene526,0.929663897077106,-1.49401144094478,-1.1234937972245,-0.0048696513043231,0.171721056732986,-0.284942267101951,0.0632323997465461,-0.735606410315715,-0.008850679575226,0.261673207335375,2.0348581509495,0.776997315984428,1.40546204640004,-0.821950711507372,-0.575473984557804,-0.284066282212093,-0.599156471515912,0.197307909421742,0.41110882188169,-0.0410255018211494
gene527,0.975415549522277,0.316669344842261,0.263044882726017,-0.251816255724604,-0.369329334725258,1.15479888634808,0.2721326901086,0.1484212972337,0.587740497294941,1.18037193718097,0.781403346257896,-1.42849444777025,0.362910469522982,0.447822528275794,-2.24498681768945,0.376410895038275,0.453655832233942,0.64194035535034,-0.875281221609053,1.86791628870607
gene528,0.260248353985152,-0.449148706770128,-1.31125345784185,-0.0050728609118923,-0.0344076213512667,-0.606603492829306,0.34083330787433,-0.257254306766123,-1.94264211420206,0.428329502529007,-0.584480188735481,0.0660220560374542,0.450432416805604,0.0614782074964405,-0.305970528590025,0.436648392974705,0.145173418633784,0.132407385441732,-0.87862470957667,-0.207347888347924
gene529,-0.507987759901243,0.252513126927527,-1.21487620499876,1.25415078670487,0.578328184055611,0.403195460682834,-0.695063359229913,-0.531437710132205,0.517221495795785,-0.0367179154179947,0.1130828547802,0.558727617607364,-0.652463757284287,0.531088155911363,-1.08089220685793,1.57577668025414,0.552459826329926,0.483744594983934,-1.12088931967674,0.293900808136203
gene530,-1.04980426369823,0.103204118765784,-0.358508688382405,0.0730569454472889,0.223457570045502,0.356598498431597,0.771191947289328,-0.141599075517886,0.782378028991344,0.685513968975305,-0.445735618799872,-0.0729806749108466,-0.201630545861135,0.677387615213622,-0.967198439520796,0.474642392683185,-0.247002611052238,0.266773552868785,0.59548579139,-0.103713010093472
gene531,0.685029486874695,-0.196212444934968,0.0364717369751838,0.816653597944456,-0.226583942804872,-0.623837337163395,0.0576875272199053,-0.808219867949255,-0.837753613309321,-0.232502206258062,0.819107446185199,-0.0474039390807006,0.0661366293724959,-1.19491244318075,-0.457218858343638,0.328908056292114,-0.211610830943965,0.040205565547983,-0.932929232832387,0.0710977060937003
gene532,-0.337321593231782,1.36445319777297,-0.946994163819916,-0.668435816273095,-0.0050088133815431,-0.403721510448435,0.19656971102427,-0.104775883665106,-0.463640661717097,-0.477213636879421,-0.292055873615287,-0.52969674338099,-0.260578693986736,-0.370502196738694,-0.69981518190059,0.199529556996259,-0.541697986189433,-0.118098162905106,0.121778408162735,-0.191203697058112
gene533,0.485357146497991,0.0953529680721171,-1.45052118877088,0.418310990381676,-0.371379600427242,0.449848299587982,0.414413511501053,-0.432487199910718,1.23608208867275,0.100782518915243,0.991997016599743,0.20614020703077,0.506970080030044,1.56135030809131,1.12982796281065,1.30042232190099,0.482961224566027,-0.866043284759367,-0.155766818807043,-0.647621767424976
gene534,-1.24476129402067,-0.0629293268472992,0.327590409484342,-0.0667597915006236,-0.0068801789209173,0.150308934955143,0.179525927485755,0.521236082961084,1.21314346575615,1.57720876478352,-1.11010109430489,-0.04986258050786,-0.299897597145124,-1.14024615668995,-0.614285396268438,-0.246879612245989,-1.01531985035304,-0.95762936258379,0.166726122762479,1.50983165012717
gene535,0.821648443354393,-0.0031037252266372,0.840052015509549,-0.789896881400903,-0.408175309894622,0.613628390106606,0.42382451174196,-1.56678346600654,-0.667125155403871,0.614660060350728,-0.609762099469129,0.242754929377313,-0.402402571027657,0.330982612700686,0.268875672528893,-0.265371583015547,-0.526678437830528,-0.0064311428076416,-0.6243726795806,0.304319525273288
gene536,-0.401610813898083,-0.479481578760697,-1.28094046436929,0.42487716258661,-0.501427435666477,-0.48951110157807,-0.470863884800027,0.34650010705015,-0.0415968542796959,-1.18218491103528,0.855061363424243,-0.0135178046787067,0.650662535152393,-0.0096521354771616,-1.3337504291975,-0.625449465081511,-0.362329141195403,-1.38934641515092,-0.886752891232721,-0.0181748791553806
gene537,-0.748950828309793,0.223877156996575,-1.48402315631029,-1.07207176714983,-0.319146307238813,-0.0137296415317118,0.174610981090693,0.537260398570024,0.742190319360648,0.543566019917604,-0.566132676857158,-0.888507801047685,-1.15490501500122,0.424560080139638,-0.439533932635245,-0.225787908520678,-0.553438561397423,0.0830065367457003,-1.86781766035517,0.750530655004608
gene538,-0.216912345905126,2.01317737070389,-1.23893559229257,0.174363841525521,-0.281583553576301,0.693789688770075,-0.0819474495538624,0.418115786839116,-1.00310467879506,-0.928693494519796,2.01373430303573,-0.0073606110762067,1.04934602698794,-0.120527384951036,-1.34040564580384,0.295324639483768,-0.230330915516344,0.404346266403166,-0.587195276199413,-1.09424739529128
gene539,-1.22551990122184,-0.303786743398507,1.08171348640409,0.798537932131749,1.10645034227335,0.754151645043371,-1.32082693803162,-0.100427078178372,-0.342760562318148,0.375359974568925,0.486535238168948,-0.883141573847423,0.503232977611716,0.740915422651112,0.371064169628677,0.341201442478956,-0.850797620840392,0.17436215101406,1.16879250522192,-0.499345342490692
gene540,-0.239319663477938,-0.391616377369844,-0.693541385453176,0.924532662989195,0.849562323740369,0.481573153377348,-1.3744121037637,-0.298636796124252,0.598952996441301,-0.544117039094976,-0.668844712997748,-0.105008956718359,-0.553413769883148,0.0586751746673723,-0.637008653310958,0.258662221390032,-0.797697580948071,0.117166246474894,-0.864916501125322,0.211774143821983
gene541,-0.739422539617027,-1.01271766187248,0.346404703401613,0.154395369470761,-0.209385799030416,0.216352492625956,-0.646170796177488,0.525241670337154,-0.369322676978291,-0.651231264288096,-0.407675344885106,0.160699124264428,0.519407632372074,-0.880830667055719,-0.178108083161269,0.409392640535955,0.0841403023592365,0.72699760486774,1.13373599801559,-0.952262839045404
gene542,0.376373820934414,-0.0973109077112969,0.472020812707876,0.408246902192993,-0.848422570883021,-0.247130409142597,0.135521745868857,-0.753914923793119,0.771219762732413,-0.322657446347349,-0.31905900725133,0.762446038330832,-0.652514942601875,-0.168965303164851,-0.0028503439497325,0.242309674907465,0.184825498339404,-0.433326299653636,-2.47734378547348,0.22292417186594
gene543,0.761959692775611,-0.485550280322612,0.658882602852775,0.247671374931604,0.244321269659753,1.17033985344887,-0.167344654532294,-0.397210394300854,1.64427574696495,-0.677951274243122,-0.329978298474749,1.45676865598546,2.16003990777819,1.90201946519815,1.47077762389085,0.655218367986642,-0.765885278026979,1.44950584320374,-0.0657123030970266,1.29982120852387
gene544,-1.96573542078649,0.59593935909784,0.0731691666315169,0.627745249565016,-0.859911446782956,-0.0179311901278566,-1.49841249282853,-0.809190078079548,1.05553143933006,-0.577791634018954,-0.214822955833586,-0.0169036294689792,0.412118881060746,-0.708401350138366,-0.0342131700488393,0.216384245645506,0.105005031322797,-1.07472317907347,0.789806086693386,0.597965066514404
gene545,0.488241632394898,0.811454322783179,0.831836816435092,0.793522219142679,0.632461648226715,-0.993215393050628,-0.171850314602018,-0.811514617293519,-0.224540177535754,0.0398634885617473,-0.306740711503913,1.28203537379453,-0.706767218988178,0.958987275806584,0.290965654089263,-0.502165151697433,-0.282885741880887,0.843553793834495,-0.0338450727045687,-0.60906301648197
gene546,0.708651857656539,0.0487216318582755,-1.6786054440878,-0.680861001968826,0.454489105181728,0.203495413633039,-0.481986305382578,0.888737985670951,0.730619377271097,0.252649898602992,-1.30385544367163,0.388632249961981,0.235056654549299,0.116591239983187,0.536168125040865,-0.626710640609951,-1.05718726484595,0.248489551087621,0.553385561904568,-0.0186436873183358
gene547,-0.351441665120605,-0.527923409150857,-0.0740701377789929,0.315395244592659,-0.200648450179853,-0.910129666593467,-1.07375464911968,-0.238496004727262,1.05821046993917,-0.338108144136946,-0.269969360293988,-0.79815085845961,-1.42207511818601,0.750441287993991,-0.439733043748539,1.31199637403614,0.350902638720572,-0.207136995089525,-1.08018332725195,1.502392042346
gene548,0.660693775160575,0.370885411867496,-2.52325986585199,0.945514625068042,-0.613458527325421,-0.0404463512471179,0.320894427252073,-0.113846270368595,0.0977078116616331,0.558928610198479,-0.783157876560942,-0.123330923832867,-1.08722588519791,0.009525801343744,-0.354557327216381,-0.751589543637434,0.0873173552917464,-0.278504602845433,0.761669379430821,-0.258167886799959
gene549,-1.23576357438773,-0.230367068428858,-0.475694823334772,0.156529746978744,-0.244412355442138,0.290786254747659,0.366678460264806,0.325982526209227,0.93591575929617,0.963421031208764,-0.805672226125754,-0.245682934135302,1.36803431014702,-0.56237780559282,0.0419460037890362,0.194016541394832,-0.0228188955742236,0.40611592832758,-0.0874626056438245,0.0258662263710607
gene550,0.830296539590925,0.930777877359234,0.810024467005907,0.985503089395615,1.90555520968781,-0.195067918448696,-0.0755053788797226,-2.27758799861534,0.958104830430116,-1.20908955801404,1.20257786659607,-0.464925367382912,-0.0344146313631329,-0.0034976526910517,-0.981607666147283,0.0892907469877193,0.182348129036723,-0.85448349584873,1.72221045148845,-1.11373127609221
gene551,-0.196268598713062,-1.38177887566443,0.81331278802004,0.224126456205898,0.658127660654979,0.297261304007495,-0.717370456567687,-0.696569322077617,-0.186191892363455,1.20261398331756,0.0789674854525541,-0.861985892595576,1.16930874424736,-0.211333048778024,-0.014029247294343,-1.44233525371712,-0.967288325608047,-0.577185757944956,2.60881851778052,-0.0749556137126306
gene552,0.251742875781902,1.82345469885727,-2.20759888239004,-0.477281586300813,1.07775911522928,-0.19194155782185,-1.87276423501774,-1.99643625190846,-0.172267266814764,1.52970399288479,-0.504812046808608,-0.527195499140356,0.688622593416626,-0.174008316335514,0.496265682822367,0.294137504390996,1.07633592551649,0.685305201307888,-0.755769259311811,-0.910062265260587
gene553,-0.0801325646366523,-0.566765349149656,0.404414680486359,0.801531441043124,-0.470669528447631,0.739784194276199,-1.0162593987837,-0.670770565822536,1.11733429023483,0.127550515859683,-0.46827282922608,0.0027661918961247,-0.100296323471317,-0.276935429697322,3.1744386169044,1.27855123374716,0.559276977679366,0.85463849438702,0.682334382768947,-0.628853628080343
gene554,-0.411800426915387,0.357486390009525,0.245645224346002,-0.734597949184637,0.411203206973391,-1.0204918474288,0.518535906193997,-1.38590025045987,-0.0317324775625265,-0.464194441152891,-0.0509415629069829,-0.894589486872778,-0.174506232052497,0.0270513289613956,-0.229398045549973,-0.0580870876768851,0.785156174512412,0.475891735769996,-0.249768416784455,-0.430522991033182
gene555,0.664219771217213,-0.0974811305637321,0.109144407328464,0.868067195842084,-0.81786122590613,-0.467799023474583,-0.83742115320587,-1.10588628096473,1.23428576654219,0.974751515372416,-0.431655973797566,0.349660082509407,-0.0618121326941643,0.900272904816993,-0.614689904403203,0.13854710981415,1.05993438526826,0.250444192438353,0.492437389811182,0.677293253812781
gene556,-0.701857238282382,-1.04713777609024,0.855474795504398,-0.327860122776959,1.05690251694812,-0.168165550055384,-1.53115523803788,-0.318186921986165,-0.442172269721839,-0.612464481606023,1.43847299334627,-0.649433917754403,0.0162599664824115,-0.0941023999802948,-0.0570031115828319,0.836522655405355,-0.271657510583998,-0.205796260834876,0.159144569199121,-0.393658588854797
gene557,-1.38923322657527,0.368133070594839,0.2800772928965,0.81794153089685,-0.583551481545594,-1.5854015463213,0.281879417428792,0.901631802280715,-0.449508343110628,2.37578433729581,-0.619724696588777,-0.50527784346087,-0.513332076436174,0.0092226787313693,0.52354966846696,-0.750503599106255,0.0141397164039778,0.132501362461381,-1.31478215619337,0.159115358101125
gene558,-0.994464341451391,-0.983159756768351,0.0863499729234278,-0.456545754555069,0.328134961003685,-0.552311789926507,-0.128797307793467,-0.204949717522554,0.0418200471453086,1.91628645322778,-0.429986379226171,0.543187166908061,-1.02526777086151,1.19428151398274,0.541638946194932,-0.2679311978087,0.223824100173225,0.0188974418929177,0.329034524074318,0.0719767319124361
gene559,0.482488638067588,0.937716264068471,-0.938593356418983,0.713291635867549,-0.506685300660436,-1.93002115241648,0.154013282298392,0.354799679668528,-0.0912929893722898,0.0635069315527702,0.65182034536904,-0.675263614873849,-0.0343198110579341,-1.88212768977013,-0.514541592794982,-0.107578280765184,-1.9030227933495,-0.159093614938718,-0.533793922262933,-0.530809105037742
gene560,0.0186838695549524,0.5171543725658,-0.625256433864615,-0.77512854857502,0.930053780048859,0.67536591894614,-0.0543165022718579,0.494534339967505,0.662944880584443,-1.24272844231237,-0.777662385697485,-0.418518999265598,-0.215960810885583,0.809572871209109,0.673738423263408,-0.0165793942328304,-0.691868236265371,0.136111989603433,0.930074146632759,-0.23587446994488
gene561,0.51074577074827,-0.16464087650522,0.109900298249763,-0.478043173536656,0.961565666988026,0.608325802775027,-0.0103243115198851,0.278743077200629,0.767432325068888,0.075343825733983,-0.741367683930821,-0.98324234019229,0.108522356766005,-0.0447462000748416,0.244785715941541,-0.139917600971409,0.0388062055395484,-0.0484265789721735,-0.0319697661087772,1.18112535310959
gene562,-0.839507366971635,0.379427583377854,-1.00831071042995,-0.225046233071729,0.561590951260975,-0.661476514637178,0.295920503563121,0.917826808570098,-0.17784848240809,-0.92341225921161,-0.118279016851539,0.0299830527549848,-0.0140918779706204,-0.767932741347334,-0.366543526176868,0.474623361086826,-0.240246624472004,0.476660396837699,-0.564446416036592,0.0843352797207001
gene563,0.983141065653162,-0.757288180606412,-1.39654862376483,-1.92567736307513,-0.0802621340845154,-0.0758251291133694,-2.30582284731042,-0.150211642905113,0.766333612752825,-0.352929599961298,-0.605815469666191,0.395603602248008,1.33629275864831,-0.829071595361174,-0.865300826262877,-0.614228416979858,-0.409139758193212,-0.511711558939572,0.255979251589837,0.867541480245023
gene564,-0.858543969456635,-0.588269752826168,0.948026174020522,-0.251925387035543,1.17733792377753,0.683319450008126,0.355119412541153,-0.514076311842183,-0.0790723920930248,0.300341522203451,-0.831229046317904,0.184978837540631,-0.509458831128657,0.133103312283166,-0.726449182449974,0.491147826429324,-0.199555010310396,0.459825338934648,-0.345804104447717,0.858050336432036
gene565,0.463927454590592,-0.565571924211994,1.5358617713711,0.583573446611233,0.46198089187577,-0.286677018729999,-0.471166086129924,-0.168821071377345,-0.0743017972020365,0.118175994538171,0.407324110693135,-0.0681085438578663,-0.216860503840216,-0.283119081061178,-0.0257606330510666,0.476200943288194,0.373007985805779,-0.928779313438279,0.751453335781152,0.732788134599233
gene566,0.0097093326666855,-0.555366651620348,-0.41922345786909,-0.711013747602108,-1.35370490471378,1.19991630819233,0.107127916468222,-0.325046689870674,1.11626835706676,-1.2819888199261,0.487400990872691,-0.780178704131506,-0.233187951933153,-0.07941712927886,-1.01804349406549,-0.373513855766112,1.57269865368369,0.0769382233991641,-0.0069605568376003,0.421098406258629
gene567,-0.232737817729661,-0.758060546017541,1.04938718489301,-0.007253848906261,0.803554034886997,-0.771708033438211,-1.4385248042403,-0.704668805550221,-0.509377910396888,-0.473747001774707,-0.578641593719611,0.626073793141552,-0.908262838638448,0.742058520369277,0.497670046691277,0.0552752956741154,-0.694938592134285,0.0313806961333781,-0.530454457700847,0.740249789533637
gene568,-0.917111713210782,-0.313324163050779,-0.381861995294338,0.160748969789382,0.159851815072752,0.829682694205696,0.269702947909767,-0.0458830462231744,-0.260474866089384,-0.552129560228417,-0.290458482410464,0.370711405407821,-0.612252016487723,-0.494776322508333,0.814938690969028,-0.848200474559465,0.0795874648643114,-0.099476982598212,-1.175964176662,-0.0327147285882458
gene569,-0.442125964307245,0.636710306201899,0.511682060944281,1.09987300087874,-0.777771924097945,0.515773941123151,-0.933110983643233,0.172437764723521,0.283404345287578,0.16517734990916,0.970428218699055,-0.160555914902203,-0.296014036703414,-0.161011955352598,0.516983065127312,0.124443117718686,0.276469538559743,1.05008315813584,-0.365650497374298,0.156768967504444
gene570,0.122117558327105,0.221598149631671,0.278611339464162,1.36751351939805,-0.49035854694796,-0.67933758592925,-0.951473540037098,2.3103366134892,-0.387488639189868,0.398606394824595,0.737745499054334,-0.509660516162749,-0.539859014900615,0.0108627844628179,0.565916200811211,-0.538134158520783,0.215069723357778,-0.414345321426645,-0.363035199617112,0.336424339636038
gene571,-0.224404111758478,-0.889834763087761,0.581804461029874,-0.729931398694299,0.488693455243449,-0.72332682401914,-0.313027804102584,-0.222154790188063,-1.64689806550627,-0.469235931956847,1.35910050018949,0.221319939586303,-0.987458505636926,-0.921865326500374,-0.273285952773264,-0.0668876023584322,-0.632343278815843,1.52061037157158,0.629576297458818,-1.34950261231115
gene572,-0.279680173976431,1.02200561737307,-0.492571930752145,0.274698286945833,-0.0694723776351347,-1.70074641669995,-1.00554854982244,-1.10526937734147,0.399960193233877,-0.813436183446742,0.658300282241697,0.17447045454906,0.067870456522864,0.479365126319143,-0.684688434942644,-1.32529441464378,0.476009901789651,-0.280885993411465,0.257511335741058,0.435436038259021
gene573,0.46480157325594,0.793493651914162,-0.166561568204774,-0.408492992597657,-0.396285964726007,0.764355829200359,0.45029463330512,0.750012517489768,-0.350548431627135,0.479935217664262,-0.332747251315764,-0.14948752519364,-0.566346236208948,0.594722156627014,1.26673672520911,-1.01196704860224,-0.262487679402861,-1.41049829147441,1.04829532555912,0.148297000533731
gene574,0.533946501980161,-0.369597404602841,2.10764837189764,-1.06264933539169,-0.35693344057404,-0.0703237000498993,0.302818944944729,0.729461850700481,0.136127754953986,0.0628049876791997,0.81219033406762,1.20919261789484,0.203668761133371,-0.356001472937479,0.0212606270645928,0.302007304392803,0.727596115939525,-1.5541071139502,0.471518693007298,-0.870583047117362
gene575,-0.184898393919161,-0.194001712965342,1.23214096101512,-0.0897750643137965,-0.58618662046499,-0.065540172268851,0.27020318773839,-0.051476220368942,-0.0820479782150673,1.13709958571149,0.363551020164323,-0.749054375492331,-0.961065464016946,-0.523166129552595,0.288185102497503,-0.217650681844308,-0.802532811229227,0.935571176641734,-1.14897428624559,-1.00297961048462
gene576,0.373304130821969,0.587899153214433,0.214682179407323,-0.235152555031678,0.0538608000498887,-0.744754245038098,0.198532017564217,-0.881507484135358,1.19790665980534,-0.64474516757596,0.245779321085202,0.0585165279525398,0.250301351364917,-0.599064818223743,0.953100239395257,-0.741105993817803,-0.943166322612461,-1.50282684584623,-0.245938470183569,-1.29135010913774
gene577,0.202017494106193,-0.1965139657969,0.181175778544808,-0.253321995445923,1.05453178848145,0.0707623507991909,0.195874803712317,0.995531237919192,-0.285646123897098,-1.08526364496514,-0.0736141580987727,-0.374481013191891,0.301073907297071,0.871598588449186,0.069745952814115,-0.618621810154046,-1.23803187328339,-1.66102470631592,1.07439339650202,-0.111934361434391
gene578,0.64309218680282,0.565518699626695,0.0164236825927668,0.566081829826134,0.735039583799963,0.921035174337602,-0.28971219015211,0.061228383410164,0.706316604502221,-0.197548087364704,-1.28721027161745,-0.625743275109212,0.303123613977939,1.01761816116684,1.14099612785995,-0.798244011876665,-0.661591834092909,0.340213623915895,-0.174537518034064,-0.452480651723105
gene579,1.18006943280821,-0.876687772035142,-0.54313944178116,-0.813349469604049,-0.380315595902966,0.314771534585796,-0.626101724093158,-0.945407210304016,0.0998212972613742,0.613894833976749,0.699434965672402,-0.137385938897769,-0.33786529623668,0.942441492367294,0.628392214999643,-0.862029376986311,-0.413169284775486,1.50114933887985,1.54426167650657,0.39136936853485
gene580,-0.434711614114992,-0.157492739010195,0.0766594299850338,-0.0135564260184682,-0.402284222068913,0.884443080128866,0.678186249174825,0.840245441189876,1.06064925195317,-0.332792222769021,0.281518855293069,-0.01821330185798,-0.859710014217232,0.399901380349665,-0.409718044107478,-0.199951059460888,-0.471564816316548,-0.0394366448676753,-0.0303984135246038,0.166635389939452
gene581,0.202083990564567,0.814975437519641,-0.785688800472001,0.668763368448107,-0.0833125664332555,-0.707688612271239,-1.54720714250025,-0.648092998913354,0.995287923522611,0.0684061848758913,0.451671185548523,0.585524334603233,0.0924867379550975,0.653990038371136,2.46565138387698,-1.13015215059134,-0.773564233892061,0.134532755987253,-0.395269636290263,-0.496968334258245
gene582,0.279327730494124,0.142210053313383,0.0518539722465515,-0.918366997629136,-0.581857235102518,0.316449124194626,1.1823414403771,-0.0225425109437404,-0.0628199778549155,-0.436157704504568,-0.177497052367368,-0.504832513308324,0.794188654709089,0.0883706590797857,0.308954707363886,-0.791528915343534,0.140031542403684,1.51099259493617,-0.75840221803807,1.16540883464347
gene583,-1.01966416746976,0.814383127159914,-0.239058610836467,-0.359897674342593,0.843535007856883,-0.73951223887567,-0.797162146448436,1.29039781690859,-0.134762869622471,1.30114893516141,0.600188107986149,-0.754438438165272,-0.429713246920605,0.745001610978563,0.280995209855624,1.31880194458824,-0.104517959657735,-1.77656568263754,-0.168649252355033,-0.229840363128338
gene584,0.419938479037044,-0.13358423729904,0.302334237066307,0.326063157758136,-0.278455103848809,0.694720356843367,-0.421588929865301,0.231219503940598,0.791761910288646,0.139515452080722,0.519488936709831,1.1111149238715,0.761527882992822,-0.327578132833846,-0.47272210317813,-0.737247458377085,-0.484473316685754,-0.0187732564669462,-1.15240993028249,-0.13623355491279
gene585,0.70751197376965,-0.816237831349606,-0.716880293935572,0.90445625138419,0.027332462835581,1.17482100027635,1.61200205351972,-0.88518296004416,-0.78082671196408,0.117984954172797,0.45335072094145,-0.909706259909942,0.30198573783117,1.32820152075256,0.660148591415971,-0.470933834502986,-0.523798991464011,0.880688378210301,0.155296667533914,0.794037443251184
gene586,0.189719723868869,0.837198182382876,-0.979463824957125,0.109934869880251,-0.0574836464955321,0.375470212486483,0.319399486246464,0.333060047476697,0.375859971386742,-0.267474089226938,-0.0663623721351503,0.871863449015361,0.482543805482508,-0.734159919665871,0.0392436509824975,-0.527502709129455,-1.23205776764001,-0.267911823962721,0.177501214230718,-0.652190759095537
gene587,1.66577811051232,-0.478956315347981,-0.105277420935416,-0.47867378555645,0.227430743229129,0.961685617347948,0.473294510575202,1.05061411529017,-0.40668737802924,-0.274248700060264,1.2259020672953,1.26480689285304,-0.088038622975164,-0.955316815525477,0.592577647188855,-1.24991429815147,-0.247000866661991,-0.847572635198504,-0.0490496123260837,0.656133750671391
gene588,-0.652946382123919,-0.728824806537537,-1.39888986819566,0.320095017949889,-0.481873501150872,0.0156886612498959,-0.585843074802018,0.035347292282143,-0.0438147472402725,0.0297762953335039,0.376320667060159,0.820321578530606,-0.0379858236659927,0.154647320478635,-0.109182118855782,0.111016178920527,-0.218624956490899,1.24069595917279,-0.144385422215727,-1.55219653396034
gene589,-0.234756558203179,0.514703127640175,-0.215949017692102,-0.575535196151121,0.352865385527551,0.0925850369660419,0.129106785690673,0.711177366409894,0.869759276806082,0.959041524332759,0.500587697445542,0.688790796924039,-1.07996591466938,-0.5480420228261,-1.15405352852987,-0.463069316639698,-0.617998104743041,-0.0254658011587719,-0.542404534802597,-0.534501762766298
gene590,-0.554733715713462,1.35064828248147,0.0108117871479159,1.10160640999481,-0.195497167833274,0.231345863126251,0.148113383434052,0.349641406523292,-1.49856876025326,-0.277645143911422,1.15555281497737,-0.235489287491672,-0.012262037283494,-0.25720449936112,-0.795297809318991,0.860704168265375,1.12908710708163,-1.66733341514325,-1.00863213110298,0.0563665766943611
gene591,1.22404395546035,0.669476233118528,-0.665506778735098,-0.642053525921011,0.731177186061381,0.759305536304744,-0.5287555090796,0.98542134659109,-0.159122540441157,-1.86499034097848,0.319677619519661,0.242329089024478,-0.222249120637041,0.0710850821830053,-0.0070353250959563,-0.455171031269581,-0.476209845389658,-0.799865584170779,0.141536558884014,-0.0409315214235015
gene592,0.154901277076747,0.279071127486298,0.76838376906156,-1.51012872494723,0.297949607913898,-0.2592352495632,1.71250429484175,0.303773228578338,0.0322890374896229,-0.367602908782679,1.1292408927366,-0.165870291326508,1.02466717507139,0.199323665038951,-0.541014714016137,-1.30009619673854,-0.194099142254019,-0.0839274454844021,0.33096867631835,0.856788228438256
gene593,0.626507413018046,-0.315369401718683,-0.452167195660222,-0.0278265818237915,-1.16454386368671,-0.177484822668042,-0.73329472616184,-0.293522027749072,-0.541197179934411,-0.0148649406324168,0.872454459897477,-0.722699335775864,-1.07896919096324,0.131065717647701,0.631811868222187,-0.408150901274038,-0.114663117120004,-2.09583886806794,0.823498962743171,1.40131713768608
gene594,0.139714457960361,0.234837917030213,0.965350230896748,0.210489916298305,-0.554385429304103,0.187512767959051,1.01745334094065,0.367065552400771,-0.675483742829652,-0.660443256511937,-0.532654930859435,0.238826808714059,-0.382880196288725,-1.27677039388649,0.996076353747654,1.62388612123355,0.295204683070054,-1.13659139054432,1.3665348619784,-0.617997411198833
gene595,-0.350611907386825,-0.477210905242413,-0.159913567701426,0.275544068740601,0.387910065892836,0.560872663467314,0.48896149389208,0.672385366021846,-0.15183111345859,0.861536444457799,0.114910620316099,0.240401988395494,-0.996915135704537,0.358857236204652,-0.121922968099474,-0.224674469517364,-0.36236150057554,0.834550695536747,-0.358517062963751,-0.177358742819347
gene596,0.654709823324215,0.722789236947896,-0.0057090632201859,0.547592027628443,0.695753326644683,0.650966627173033,-0.490965295155837,-0.687932305881071,-0.376189089806356,0.286528685080842,-0.79935164269283,-0.109699893927598,1.10316227826655,-0.664616233001372,2.46987685593584,-1.05872869106242,-0.913689469897281,-0.442282738803767,-0.0828159019771889,0.919514851633147
gene597,1.00026102509203,0.25754193009909,0.400130451958079,0.715763290140954,0.723388450615337,0.0674063708326783,1.43604978486571,0.303166297303149,0.322342262305905,-0.882220716982113,-0.159907633808797,0.17970094218347,0.545968836920204,-0.371696617072966,0.833223698688695,-0.664745340502914,-0.718993238258458,-0.276726217780895,0.828181790698534,-0.38105206065019
gene598,0.401319045789541,-0.47068667966811,-1.29980087248494,0.258202659437206,-1.25882386459231,-0.772144982152883,-0.205217977965328,0.275165761266441,2.55283885726937,0.936002379074253,0.739278972213254,1.34558957498481,-0.63991088238426,-1.83351006831276,-0.774025188504827,-0.457792243976647,0.877613778961659,-1.57691884795733,-0.418712964051084,1.79126838176646
gene599,0.694198997088006,0.110487885786355,-0.532212399702224,-1.05837673127529,0.652075785202345,0.87638363822637,0.0285924291762405,-0.240229937482297,0.467781477717569,1.26149739141449,0.740845535698569,1.12966335561361,0.304315386786678,0.760324867438705,-1.69117386536069,-1.67488937325405,0.965324755999197,-0.651419907934801,-1.47135748827467,-0.792618469644291
gene600,1.70344090423517,-0.6038470220717,-0.0468534914473074,0.356179748971976,-0.959545954474878,0.572797281076608,-0.768549969630581,0.199505192762615,-0.390821224650231,0.443374985252453,-0.569957697948123,-1.74921484414454,1.24130775250331,0.711047015629863,-1.58243098597466,0.909603430465246,-0.736202225621544,-0.837566073292014,1.99641664067408,-0.271873368465049
gene601,0.4101594058212,0.560078621991962,-0.640602413905312,0.603831210225387,0.0203143524026683,-0.176677877179208,-0.578565668963568,0.343630772591409,0.685440892456088,0.489448208252505,0.364926924231217,0.243996143829283,0.459460135486658,0.0736006783516544,-0.261877322155485,0.912425487825276,1.21488405952701,0.570816316169576,0.770805286579599,0.11494604988738
gene602,0.71211790136471,-0.605454798180587,0.462044473678891,-2.82961066000285,-0.838261101226321,0.979703369369364,-1.05877850627279,0.218164579712924,-0.246999346108631,-0.522892588691027,0.597123534866648,0.592056861595181,0.445640710414027,-0.267531417379515,-1.87782384450834,-0.207049619308058,0.0129903878484676,-0.119830539849557,-0.648023587876919,0.1481871768731
gene603,0.0539610019639173,0.181917306547624,0.569254173118705,0.140270357152039,-0.190727223524268,0.399891402113806,1.21182909704118,0.886491224237084,-0.0031911342116256,-0.837742258789007,0.899088801484864,0.160478661294042,1.47674440600954,-0.0323423034465435,1.25106266296773,1.0397576420321,-0.508180015885171,0.397940363251806,0.130802552161164,0.414833349524746
gene604,-0.233928618712187,-0.329070658505518,0.112470238145704,0.534938789512159,-1.23169303880531,0.161777163424863,-0.132301768683934,0.620507910688711,-0.564234882443213,-0.376722470273178,1.15195324100646,-0.192182902183222,-1.30581138897567,-0.408118255826313,1.72238344764114,0.117652071424553,-0.274254887150714,0.23928660491717,-0.843096916946344,0.574716139395147
gene605,-0.163254635141906,-0.390446106219634,-0.652968981833301,1.61052571704908,-0.646640907301297,1.75745647803589,-0.361264986599765,0.6872338826855,-0.478997427812887,-0.366578627368894,-2.29292224138818,0.626310309289827,1.45577271848621,0.743624689329811,-0.628288450192966,-0.44444754353709,0.0404705642226557,-0.843543745364371,0.95387412884303,-0.542182385605975
gene606,0.498558202145204,0.369973031652034,0.357981815767787,0.961808057193457,-0.771917257477941,-0.0890523118677925,0.444679699958919,-0.450542336473113,1.6295395286123,0.893485264826583,1.94908180680817,0.685526395283532,0.270303591617655,-0.973768974095665,-1.22039566124578,0.711189899454938,0.568100552286149,0.233108988405986,-0.969490987691078,-0.814048600089872
gene607,-0.858689089598409,0.298945431848774,0.0962563283146588,-0.425853324601727,-1.39540037332791,0.345786533057297,0.936070471585197,-0.794705044062602,-0.385432454270885,-0.778419109029183,-0.350276974323538,-0.761288932607172,-0.176733135175684,-0.205708323460434,-1.27086440704466,0.823097201726157,1.16131665464742,1.86480374831615,-0.214707640653625,-0.394152359625826
gene608,-0.307731870372961,0.288341602812634,2.61505065518173,-0.550234198851172,0.02928806631298,-0.733888672808196,0.481458320580993,0.446388482179556,0.137404440834223,0.171095508852971,0.541110962017343,0.558200425271825,0.415185622406379,-0.120979990999804,0.498967136914801,-0.0392930647144387,-0.665626117462081,-0.678471683427669,1.41591341641713,0.790370973643624
gene609,-0.647648772015168,0.222598441964236,0.7250404778381,0.46102471064524,-0.495327875575512,0.0591086081373165,1.70719011675435,-0.557523483806593,-1.73082413215479,-0.562378819701594,0.965692266148749,0.412236410432719,-1.51767425659638,-0.408971666472849,-0.296015236500794,1.64123775843169,1.01736440939826,-1.08541031701364,0.851654068232855,0.705442747677663
gene610,-0.251777523839114,1.64485152301301,-1.45968800186557,-0.0362195655397744,-0.265523208527166,-0.607090816397558,-1.95436754363441,0.086793939849237,-0.854772613420915,0.525057468424488,0.862016748267012,-0.177494732438381,-0.0955030944138726,-0.298383268143925,-0.145713099388039,0.480926048684339,0.39155611533949,-0.445267510602034,1.2396879942715,-1.03392059032578
gene611,0.69358448185829,0.841481740705399,0.785337754347093,0.156543255755901,-0.623796598043077,-1.18740624550087,0.653129364517909,0.151312060975984,0.16210339277894,0.402937561200174,0.383297698366578,0.0942016755020191,-0.0561502759047607,1.57163492226907,-0.325390236296737,-0.183310502716864,0.59620455433952,0.0316178441160288,-0.344220249659418,-1.11609795214933
gene612,0.750114749424004,1.31325440220321,0.555928848476759,0.772350068758321,-0.803913223589457,0.0108339311405135,0.668513545224044,-0.330839231985994,0.965662869086548,1.35397630509313,0.602229624709012,0.465786376197008,0.906461550381584,1.86896341978129,-1.75382806244065,-0.342154705089949,0.637813411915233,-1.04581429538901,0.443203541749367,0.0438380040305785
gene613,-0.0403971330752116,-1.13820513847407,-0.870267923390708,-0.864872264314387,1.20949486828836,0.0024429875359143,0.0493020587475881,-0.293041267319825,0.412043971542642,-0.477780120260121,-0.772216972496495,-0.970228269023918,-0.219536926961876,1.61926763473697,0.0449236025188389,-0.409097743304438,0.30375215435473,-0.995408243162555,-0.828651511928056,-0.159465718058644
gene614,-0.193944667690662,-0.0665460774636672,0.893976807200415,0.555683484257997,-0.771172761282408,-0.975266372127665,0.134073317210116,1.24311439612356,-0.219524147227885,0.228803378165516,0.744997695956875,0.231492228807065,-0.389131518751569,-0.906141201837656,-0.964334039029451,-0.215525441406693,1.34438360481747,0.802107924424419,-0.26560359336809,-0.188134996730361
gene615,0.0320717220650253,-1.2204248768724,-0.746747269806386,-0.397407259383524,0.229555500301855,-0.124365558317063,1.31942453121196,0.475012179138525,0.517819093728052,-0.177563952637114,0.502623395567623,-1.84416400085185,-2.06313611808917,-0.641627808613763,0.429149392133874,-0.22327497248537,0.201448209519429,-0.0072532335180778,-1.24967982692215,0.111044645859195
gene616,0.37853363770826,-0.0890369925559153,-0.76560996992016,-0.331298690307873,-0.296414575393831,-1.65873051308144,-0.0790829728006477,-0.702091324611278,-0.589164694304332,-0.169690760748591,-0.928580405995969,-1.14165189855666,0.0450561231006531,0.268606982522755,-0.786208286664753,-0.401529839603954,-0.644296818262484,0.437995432914179,0.142274516657962,0.0241194290730429
gene617,-0.177066687127536,-0.639158754522625,0.0912090197456215,0.206947238348687,1.25384561203607,0.100728114756846,1.01079622212187,-0.526385709542525,0.23956034395745,0.594549136052523,0.0575037242176152,-1.35135086070117,-1.12654741011883,1.18257113303374,0.892992325049861,-1.34492367726956,0.33394433362941,-0.248303185992055,-0.217311000049682,0.582501370008719
gene618,0.268144178716153,0.457177312275936,0.619264038532826,0.113950053723962,0.0849463359338981,0.761725404567513,0.167095711068343,-0.480112930952914,1.03475018424262,-0.11279152048282,-1.92399510342639,-0.0919276423929918,-0.140818735532013,1.85511236590818,0.862552489551814,1.14673316417062,0.746199727982386,-0.689109013332219,0.695732057123209,-0.0808220999355279
gene619,-0.588610102103292,0.464326873681498,-0.0500788936890573,-0.492688812743585,-1.48972393582127,-0.0205058593323355,0.484586101142259,-1.42749596837035,-0.517445884597751,-0.614468195215617,0.54349561607514,-0.695039157964917,-0.823291690126854,-1.84087497202548,0.011835838212676,-0.0552591237527216,-0.222174960779144,0.417406327959367,2.05668788860982,0.354567172089384
gene620,0.186004536413003,-0.727380790694232,-0.34043539801975,-0.0351499108662293,-2.07639359414882,0.075044196323011,0.880081799241145,-0.311885905058025,-0.296918834243129,-1.96807130433614,0.712162501533837,0.946878031491953,0.756978769375959,0.821162321986812,0.0540247018492252,-0.356891911528504,-0.694507784087363,-0.628698437870296,-0.281630384228662,0.924099057074728
gene621,1.04318910489019,-0.647324770433412,0.854454052655312,0.743563692205389,1.34798511095306,0.475145687763424,-0.363973546211298,0.125682370860587,-0.545964041766488,-1.58237226011931,-0.474642590037535,-0.226484619818327,-0.234760248470273,-0.457680453001668,-0.459548227681657,-0.227567385473554,-0.475052948062171,0.707678227343116,0.845051974751973,-0.244313591281541
gene622,0.0448515337687462,-0.0390706578080152,-0.537397662747291,0.0926281824013299,-0.387775894195894,-0.361439584791211,-1.21650420905023,0.551465987366233,-0.227247895776619,0.49104547453678,0.017849789719247,0.286300210054433,-0.322447972328681,-0.700013622777073,1.37333297338206,0.720449204183744,-1.28405647825954,1.29707870106311,0.342747890107757,0.514004353188928
gene623,-0.118607066640963,0.0520014452965945,1.48693083676936,-0.235719315576543,-0.806189769780789,2.36991343457129,0.0995736243310377,0.357448935357088,-0.0694948916307119,-1.77996942222421,-0.413571092964791,-0.29061001269389,0.409069933592926,-0.500475558286558,-0.233189329506047,-0.181305679323986,-0.911887094112209,0.890951273752207,-0.0448708805127574,0.186543355552609
gene624,-0.926642793178568,1.53970656599304,0.533368749916044,-0.639099450040252,-1.61799479672206,-0.368277721366115,-0.469019540816526,0.656407342813,0.155156761998896,0.0569466357491006,-1.65771819755522,0.0288644582368287,0.292932837040367,0.414299193225364,-0.596915252299677,-0.409431548805493,-0.473859147166689,-0.239717872677516,-0.320656277997862,-0.95291662058343
gene625,0.95738272328264,-0.277175018626018,0.575149597998873,0.152703590209055,0.379262319520148,0.868759741315114,0.0035496118281968,-0.556985675849889,-0.301858524158705,0.144155292700557,-0.273257912671654,-0.024476899222695,-0.169393688749069,-1.07363806556897,0.0128225449526991,-0.641394338268554,0.674162326884091,-1.18234822039783,-0.575364537663904,-1.3330908092195
gene626,-0.883312303008182,-0.570261911480251,1.25688867783478,0.253354953658739,0.200404393831205,0.292321374867713,-0.28194986661483,0.62551671341831,-0.506352078389102,0.893699003580254,1.4868928751083,-0.469706524206731,-0.914995627842273,0.318702510562043,0.14679392740513,-0.917696606842006,0.155736573674981,-0.405717070255137,-0.126942681761323,0.0455038790894289
gene627,-0.716879412106885,-0.33418667981467,0.382517525737509,-0.843403180405448,-0.483860583806761,-0.141419601311146,-0.880372569768787,0.759897349148089,-2.38273936491008,-0.40846685450327,-0.0547763592791818,0.844614920215104,0.718785172428113,0.359499958482645,0.630739346344693,0.703558132589277,-0.518267619589437,-0.265779924358488,1.11464854801253,-0.448365388800153
gene628,-1.14906913832295,-0.0896309768945752,-0.168455084748044,1.11499517981243,-0.387291930429437,1.5168996168395,-0.547755828976986,0.212541739828618,-0.388159759026608,0.643007996340187,0.0793349262902959,-0.425231888073741,-0.0818420605789125,-0.182462882962397,-0.444477808643707,-0.968680395094885,0.525289600442832,0.726630705749778,0.761965832098291,0.153557935740448
gene629,0.173486056977989,-0.558952177939485,0.792578316942579,-0.219259999140379,-0.0792794144031669,-0.337931683759222,0.46816027216053,-0.232799285582079,1.04134858091522,1.11450503307328,-0.535262350151176,-0.35307045866362,-0.0520117647954766,-0.840916678273715,-0.182499595868574,0.444037636001302,0.774715018643127,-0.691969756561864,-0.63366722897778,0.541966011760569
gene630,0.426474915450233,0.609273503619162,-0.745615431317679,-0.051905098490034,-0.179319775867953,-1.80693608107125,-0.857997356340167,-0.959064013237022,-0.403968103756352,-0.744274540813864,0.800319137155186,-0.460270055449892,0.485575167491617,0.763508154446261,0.970179815382512,0.001923634424323,-0.163205308440177,1.13366599471034,0.688092026692353,-2.20431653055469
gene631,1.4899631166474,0.179260222179709,-0.326398912596974,-1.27402384802772,0.569952326379507,0.855481696036528,0.122365213696193,-0.435023138642396,-0.474160849527345,1.479832612463,0.331219817651722,-0.068927314493722,1.46567050868317,0.642337341674627,0.310075687599097,-0.0942373430345405,0.357290604216296,-0.651084613766173,-0.846131781966192,1.08193412023492
gene632,-0.345071214089656,0.0537510434392443,-1.71100981013815,-0.383466794472464,-0.0228331242064918,-0.571919992459394,-1.53412465155469,0.378207132953721,0.699021205227578,-0.69604668411536,-0.640653391446158,-0.874468770974829,0.670702391799331,-0.468414637362971,1.35135201063414,-0.534895175695258,-0.281401410910706,0.388900574204898,-0.248928815350775,-0.580230392439561
gene633,-0.643002928009232,-0.553096386078996,0.105707063735901,0.434876545592143,-0.459105140174156,0.0012012435273303,-0.607350642734102,0.220843818852405,-0.966219410576761,-0.679670808893048,0.412985900896653,0.622249373172862,0.722976095959902,-0.147046418199904,0.523845891789641,-0.553629829130007,1.06934428785419,0.873974264750909,-1.02252079217554,-0.809930902635166
gene634,0.651854074370065,-0.452937259050613,-0.867484148821641,-0.987870770355707,-0.456718304179732,-1.33219644606114,-0.678081676648688,0.211208630072065,0.0184065107167235,-0.239487932751402,-0.123467973648855,-1.21328128042311,-0.250978768843354,0.796450504132102,-0.144556512958842,0.963719399154172,-0.592980169410233,0.348345065910937,-0.159047507430737,-0.381571014430919
gene635,0.299702341453885,-0.462347358577256,0.105624628818694,-0.796034947098811,-0.440590604055375,0.150417868519714,0.0558071888084363,-0.181366979173737,0.678301856817611,0.368645483087859,0.423794489887795,1.38379754439242,0.642387147055117,0.499204928714651,0.15272362325421,-0.631866581752211,1.12499693705172,-0.285763500820545,0.230860189079799,0.261194491306645
gene636,0.0011232112408217,-0.33837331587346,0.300669721198726,0.152161122008397,0.463520017719459,0.766047483292185,0.50216674703847,-1.28242737538715,-1.20063686204844,0.431563777509493,0.559068696205056,0.619986123620216,-0.629407046130442,-0.461581196321286,-0.378848838962245,0.156024414307603,0.76948433291336,0.218803202142211,0.10824968149412,0.0317486168589797
gene637,-0.767941146577868,-0.137343426177129,-0.174930724433858,-1.5344682524234,0.643575401786473,-0.517953130916301,0.0776097731950067,0.0785613019840341,-0.24133500783144,-0.482632512629389,0.824453335254195,0.381226732983459,-0.508579826852477,0.442953497185405,-0.626000031317073,-0.496099737279635,0.1198040185661,-0.121490095064283,0.0052142963303443,0.354871789201612
gene638,1.04071801338961,-0.227803156087569,0.137547392195248,-0.0013738220600526,-1.21448294210024,-0.959067482021673,0.719517303282437,0.1315357640799,0.0933865556220808,0.465648038071556,-0.0950649240301517,-0.0573107769946698,-0.625312377982412,-0.407750676267876,-0.294758810331337,-1.22038676071053,0.311152886487714,-0.783693435705013,0.79281713750464,-0.844655853565059
gene639,-1.01006718566597,0.969987154658242,-1.0563293796666,-1.16020847567623,-0.68553181775062,-0.180831856863782,-1.83697749458216,0.249172132182228,-0.674142340628378,-0.244528376263374,-0.87036292859631,-0.849774028913575,-0.652375488882998,-1.42105731265627,0.687924630995471,0.180542382696912,0.993491132557335,0.0559864772696133,0.462992981628772,-0.0325139758185659
gene640,1.55558166677368,0.763942423389665,-0.445479205563781,-1.30020746396649,-0.653080182279372,-0.320879453035729,-0.180116349727011,0.335579468815061,0.516770463432813,-0.795736843135472,0.0440492364710611,0.103434153245182,-0.195215695637654,-0.627457482649215,-0.590010305981637,0.577179237493339,-0.983155572750795,0.0842973282027782,0.183696023517785,-0.206175485773364
gene641,0.543283595102146,-1.20292282039231,-0.634750704651282,-0.702783606843376,0.311511736426771,0.94922281396551,0.262149842188918,0.417786266291286,0.669245441813401,0.426556101401132,-0.185922604567832,-0.518292570006348,0.564369539668512,0.805530077675945,-0.335969346112936,0.381323071129126,0.594101074306232,0.262676688272383,0.508133288753955,0.17578634063052
gene642,-0.0172499828813917,0.701029796082069,-0.497393645669523,-2.24857589652797,-1.24694364796166,-0.504509185080422,-0.699993569253646,-0.595427011661928,0.505495689082277,-0.595754243749276,-0.859696462745386,0.850008852915342,-0.469427096126598,-0.555639998067573,1.34840931040369,-0.440221629976269,0.146031772355815,0.280765794215748,0.46680453337656,0.443595012657344
gene643,-0.289445122406269,0.380725636684561,0.951825498960429,-0.862178220830209,-0.394493131980579,-0.194566494317405,-0.11383022643874,1.35567320926602,0.163155886408493,-0.694612897345773,-0.726448408253792,0.815926281495413,1.02057411649425,0.819572073195047,-1.3210254380907,-0.626330573345853,-0.0163897408030315,0.235509075100289,-0.68279376364249,0.30477143970173
gene644,0.0195735763868572,-0.203221382773194,-0.271103095546008,0.309258319734554,1.9164953696411,1.01169672991702,-0.272927213448592,-1.04362671712854,0.199306470742377,-0.574925714702857,0.547887213774289,-0.628665738269017,-0.331328166095327,1.45805689221599,0.613855964500033,0.0668800922849163,0.701698397450974,-1.03017424918463,0.28013369849323,-1.18431575723566
gene645,0.224277461940306,-0.53796173586735,-1.43031683661112,-1.39937571273404,1.95210101081227,-0.0495809479635558,-0.27267517437624,0.181245398773321,-0.263946800418672,-0.0781937226882285,0.0007470149991362,0.482896694094497,0.548842781206402,0.468229731202484,-0.115790339730647,0.14715954997853,-2.55355985250998,-0.0792135042503769,-0.755132362824954,1.11027589485714
gene646,-0.0464692441821997,0.223160649468229,-0.147139127771605,-0.32693539752213,1.25680818135239,0.594260593291092,0.20673368555848,0.0170829560923565,-1.22192514387896,-1.3407678351074,-0.205311636252833,0.352710913187656,0.234248325400618,-0.455435172289025,-0.264962651835379,1.19545681334137,0.284835162799103,0.584223660625782,-0.0150525220172348,-1.23780528000591
gene647,0.771169757720199,-0.240376954114474,0.440199955540436,0.815886672026512,1.43078687127414,-0.187264627170727,-0.52601474377728,-1.12189377765144,-0.60202745148578,1.49181884673272,0.599269278162646,0.0234307068279336,0.43448804119441,-0.0492114602965479,-0.0674961069075003,-0.8539210679623,-0.655452587091186,0.234913192415972,0.325970504182631,-0.142947438355618
gene648,0.258904537593028,-0.666329525686585,-0.481140389887465,0.571466043232527,-0.8806018418832,0.809229153998365,0.141790619308597,0.224447325845285,1.87546725836213,-0.387425655358112,0.053353953442853,-0.355100668637064,-0.39952796704435,-0.322331634716223,-1.30451324196225,0.512587155886574,-1.08312201504046,-0.501742486680286,0.0530102344854,-0.1400963894881
gene649,0.41361581349095,-0.581415471216055,-1.01225171525774,0.204677729888496,-0.793687527956425,0.761270606078866,-0.556831830601763,-0.484017466498541,0.711063626271082,-0.927270896000143,-0.802466026076885,0.166646821184846,-0.925683296664756,-0.555433330348185,-0.494254561109827,-0.329052497922463,0.378219413326923,-0.704796993224554,0.435536862911196,0.167903288238574
gene650,0.245197003713877,-0.941670579686682,-0.152756237142029,-0.347141033282787,-0.0089961899711267,-1.23315893582701,0.191251901143912,-1.53430021060796,0.173356469384838,-0.591132376972692,-0.536322767854203,-0.249715831105868,0.153926547849138,1.71759875568688,-0.486642379322453,-0.125785706541031,-0.817492984059142,-0.935253374658691,0.901400465126553,-0.510880919070194
gene651,-0.824182504613787,-0.726733335941945,-0.129448792333731,1.02976678451318,-0.996805348255794,0.734184855589887,1.32907187481348,0.102618815396126,0.16805583306452,-0.32423684629778,0.106780710272409,-0.197526838358846,-0.39992504859366,-0.715438023413017,-0.402203448001874,-0.0422334983387116,-0.160768668527188,-1.71735800107119,-0.0737535036682729,0.659546807157655
gene652,0.164436121919475,0.32774128350468,-0.300495797253759,0.628884032502702,1.91959919263892,0.432153372780296,-0.410055930256681,0.459252769097149,0.188172529620141,0.357400297651821,0.804584268903904,-0.228766328810444,1.11393998560009,-0.462605959411937,0.50876672040893,0.848514572291528,0.120052576149307,0.58890099077365,0.714557881485793,0.0185313266046652
gene653,0.144164317146719,-1.37618618198578,0.56984065886684,-0.180397419239867,0.647017030150594,-0.374651900413143,0.0707363881145383,0.0891548428281351,0.561438498114506,-0.612263045058209,0.276520539387524,0.928095078575687,0.0958242824086909,-0.279060195797283,1.18775249764764,-0.479865925388604,0.097698717008075,0.0789600490380169,-0.18933240593918,-0.70891939631612
gene654,-1.29305359292572,0.444103338512036,-0.912527674905622,-0.600877463964814,0.0075673249343353,1.12565012001212,-0.644312280455023,-0.0261500757881153,0.266136025101874,0.0900338158169891,1.28802087984964,0.484503097056393,-0.346598120390253,0.539722407074582,0.448420615858098,-0.426643021465174,-1.00316774687238,0.590780789122931,-0.272550916572208,-0.148329788051903
gene655,-0.128208316010725,0.304361569271682,0.477908848048782,-0.0295149862912447,-0.907417699487797,0.868869658386753,0.434520178123343,-0.284505610868428,-0.574430591273594,-1.06140466787415,0.025293919796069,0.437856467371809,-1.73052754163679,0.972856360367038,-0.488977289593785,1.54066576504771,0.445661168002127,0.752169229142072,-0.367143834301522,0.3687019508659
gene656,0.355925888089291,0.204734732215905,-0.0616488419919562,-0.304851792099827,0.158800990390537,-0.0813622623738633,0.903330688542266,0.217674592955703,-1.40729015279262,0.245770863046429,0.995500971259097,0.91110421019928,-0.224265013993486,-0.571501110083455,1.37132331359469,-0.383034801303453,-0.338851203786932,-1.13676896198635,-0.698479029354915,0.0994228541311628
gene657,-0.245618580881176,0.308392286299484,-0.0656515081187671,0.0890434830234812,0.249958297408862,0.368429365522388,0.751614008321123,-0.215667258883898,-0.675862665291807,0.0774948833895808,-0.265346650535642,-0.615797354012024,0.45274196833439,-0.20745044932299,-0.0819101688322164,-0.133862606023896,0.840732252327806,-0.030145796709562,0.0943870125493323,-0.210870258571844
gene658,-0.760166655698385,1.20780367063112,0.642322258505447,-0.154709844452602,-0.649490293570768,-0.746493201055617,-0.290182151127606,0.651920380585474,0.436345849794068,-0.990744751248138,-0.0517674740496249,-0.0703831269644355,1.3430349693048,-0.088382196386458,-1.1199830739391,0.9282476840812,-0.188473905805239,0.923145380474817,0.0422964468547874,0.158346800541783
gene659,-0.234964135007982,-0.750322850233258,-0.0585723724926677,0.325342899666455,2.12967411422697,-0.020009294346273,1.4524140552656,0.526318756768364,0.168259740186091,0.540817160996034,0.453143095213405,-0.10645962528867,0.087620400530937,0.753121663555921,-0.592269527306515,0.447188274588527,-0.706842327427211,0.0907712689434094,-0.0483163465804476,0.37566011085005
gene660,-0.0755214185678474,0.452181252352671,0.613365076461384,-0.428984803481164,-0.295002282746014,-0.182162370383681,-1.44044086119282,-0.500769393162242,-0.312471429508836,-1.0982114388899,0.576769170958511,-0.651124032818282,0.108093612483956,0.51899610722494,0.242083106382594,1.07443052165016,-0.386675480746012,0.303809160792003,-0.798509332469512,0.455579007506995
gene661,-0.307084363858196,-0.104165613294638,-0.682796102059908,0.722537866832788,0.464310694073655,-1.33288283105395,1.10835094868622,-0.278809203325454,-0.0591421016977807,0.378599291470427,1.01056622938852,-0.573216341612302,-0.87353754605588,-0.498225898408897,0.624317734213386,-0.898349093328398,-0.566914552938808,0.478075590956656,-0.168321619940896,-1.24389318529939
gene662,-1.08484152560088,-1.47231852272026,0.354641196416819,-0.117062909702237,-0.543119059639293,-0.358392766222233,0.602115812681644,-0.788856388015431,0.200736566496423,0.141208735041005,-0.0438598516812949,-2.21549420973805,0.856676550386182,0.0742777130475894,1.4797175922608,-0.297105449628047,0.582446231474967,0.216823903691275,0.0256265282943453,-0.403159771065531
gene663,0.440076601933198,0.0622638899738406,0.39510940695235,0.0382186238245775,-0.02775094190366,-1.04499759678603,-0.559258007718984,-0.320676802595606,-1.1554507824901,0.685582111363663,-0.349719550683746,-1.46981161796239,1.1678905774303,0.282590127594879,-0.243267421318057,0.212025070888572,-0.721699787103469,0.440285539968438,-0.980409568900914,0.188243705668222
gene664,-0.0022780707547766,0.0975965260542121,-0.216443274073276,0.901371190987773,0.432941703172325,0.456296572055085,0.919745431851664,0.345831698249637,0.542857622250308,0.525631612054918,0.0044322982835283,-0.128729799670877,-1.41066712013569,0.0862038025845226,-0.0693232848630907,-0.363452441753414,-0.358047994956835,-0.334704281382015,-0.391703197864463,0.915027229267509
gene665,0.237262597757358,-0.0697425865383319,1.13381948634223,-1.70228611853587,0.110757958736936,0.162806417958324,0.523256635054313,-0.663580595309971,-0.454606768332251,0.186690350205869,0.598121540192771,0.826082627719659,0.541761168697021,0.344150656826813,-0.161727143273053,-0.0010599075044924,1.33430778187315,0.711105433351314,1.17743223624954,-0.183388908145587
gene666,-0.206892663646692,-0.287508185802057,-0.116773137691908,0.100898627968816,0.911534896712539,-1.30856815537481,-0.612057698738108,0.752873081653453,0.595120639748146,0.521167694356521,-0.439687830539538,1.18891973338364,0.160811681645013,0.807035030099181,0.0945172314268279,-1.04443404648683,-0.349749057258876,-0.480740780261469,1.15437664674681,-0.264951626416451
gene667,0.483593878313768,0.711775135318817,2.90907119116732,1.2452972712124,-0.561892251409578,0.25471902428918,-0.154404734222792,-0.589631784733836,0.758957147160997,-0.30358772353113,0.912032022262437,-0.297413880594642,-0.979398705525553,-0.164171804629639,1.5027829818266,1.4201983578109,-0.261633470613162,-0.863166864348799,-0.140419346043107,1.10104973335424
gene668,-0.842913308450042,-1.10114698583827,0.106069440591768,-0.389674672174286,-1.36255448873788,-0.169818513032829,0.418501675098558,0.764796512574806,1.67249218274861,-0.682648294322985,0.831119645436537,0.227237505083859,1.01878298662391,0.186812160749892,-0.510072327634192,-1.05203099432293,0.241004616451049,-0.614345470185174,0.179730760184259,0.253789907080876
gene669,1.31480735276889,0.778379080742081,-0.0543840917546006,-0.366379680235379,-0.264343571842967,1.21414929473568,-0.292528977797753,-0.507735837712441,0.0857502706953585,0.539126823460042,-1.79069664421993,0.513112157702409,0.412270692684071,0.628953000193424,0.543507950024527,1.00237431234361,-0.394112697640364,-0.395349443929296,-0.245017083266553,-0.112163719178129
gene670,1.414513014645,0.162076719164741,0.815957857174576,0.809735318821312,-0.457678200446058,0.410053386337934,0.353021381626854,1.12715003102215,-1.2974448348758,-0.600772985934784,-0.531020120934563,0.017211790135063,-0.0979643966733374,0.506952680175666,-1.28042945993049,0.614098773477928,-1.17861119554562,0.188822012214508,2.11449633904126,-0.14054516650706
gene671,-0.44160453575589,1.1838721201067,0.887350641796852,-0.143185910440214,0.80443269998666,-0.0381781047926989,-1.56192680345012,1.07866801718704,0.432228517243387,-0.434424734705607,-0.538877485276393,-0.584227868853056,-0.590839559250692,-0.124288546376181,-0.098704921552864,0.658702636284059,0.290077689197071,0.0702297181115239,1.00502601562735,0.749077248611474
gene672,0.791432827820915,-1.09653854546571,1.25592845683466,-0.2815175253081,-1.27138893063426,-0.214586039905782,0.413529813520022,-0.903485309232955,-0.578627075948754,0.314138673730764,0.639151883125241,-0.812225826559943,1.83625025142109,-0.991463368343577,1.08103250547116,1.3959623833594,-0.281974746101328,1.87964733672625,1.83712602157043,-0.910157907858387
gene673,0.748433310227633,0.109708867647088,-0.0886217406228993,0.224175325917227,-0.929311968073084,0.562854305263409,0.18309371890564,0.242769316160163,0.606939641041178,-0.225573655773346,-1.39086477521043,0.0352528918378471,1.97704528963996,0.198087828150306,-0.0756415198612958,-0.17594867153818,0.673077051291376,-0.435350841225525,0.222249748324058,-0.44625646564174
gene674,1.3320169503623,0.542688088260651,-0.972224644803759,-0.913833617710518,-0.593627287325653,-0.453079510826302,-0.163614829261703,-0.168243024920245,-0.639875610052702,0.376670609099919,-0.240346653208685,0.181240291519552,-1.02077455154247,-0.134046402211758,0.330912766168803,-0.306109949938235,-0.0373598442064064,0.233659376793931,-1.50556975799672,-0.463232799231907
gene675,0.540952888236,0.397893769068383,-0.471531630619233,-0.405441391811639,-1.14375919480675,0.131966910576203,-1.49395359828592,0.247760012955451,-0.780738234714323,0.268724760515771,-0.162341032139455,1.33507848852515,0.141878049620517,0.929729475313799,-0.937104020090247,-0.0298112800239394,-0.247430570069352,0.189193192768932,-0.702310579487599,-1.0088545013273
gene676,0.267287776006242,0.353424153998079,-2.15221173709814,-0.367164313518667,-1.03783778715265,-0.0479863995445329,0.441507834607073,-0.759658101419846,-0.113326469002765,-0.268757614152245,0.931089170224534,0.883424817213836,0.296208176667993,0.310098836889363,-0.239104739728484,0.622835598644881,0.796154811162491,-0.498943301621364,1.27007169247245,1.88954071795271
gene677,-0.588647026317518,-0.268199440902022,0.835716032004391,-0.960032158156033,-0.175677177417169,1.0779576036472,0.509702485392477,-1.72473505305358,0.147740272228168,0.405812279621241,1.12106852106441,1.05570554575805,0.175134010758008,-0.828020671758834,-0.0621596995442001,0.661517283762025,-0.374837250671917,-0.18195161911762,1.32118856626316,0.249529086126502
gene678,1.52455623014997,-0.841215538875718,-0.460703233456473,0.416069702751349,-0.362444482051495,-0.647160871502188,-0.582703417935186,-1.0007149123729,-0.861550129491533,0.0860029693880269,0.557580978939434,-0.147768140957271,0.423465232415,1.90698450057886,-0.472693347591699,1.39378141564128,-0.846195636338979,0.0223477425609734,0.479054726187608,-1.75314016175024
gene679,-0.0140853688798041,0.638191186472985,0.834769225390036,1.47013877797412,1.171714761089,-0.989508820976524,-0.881458530022621,-0.981177193895368,-0.393943987272301,0.185073907864993,0.819167786181686,-1.33719008982829,0.0733871777212868,1.57894581193114,-0.127567108685852,0.61957980654733,-0.072154858714543,-0.157930917254311,0.142913681749047,0.152831580106291
gene680,0.642975885852164,-0.0623482111627128,0.759414160939789,0.553811322467977,-0.84385892323991,1.09734727532763,-0.0149745538966013,0.243401253860965,-0.265750976032877,-0.0287542054030405,0.0819032330756052,0.452639227881489,0.667858926090566,0.298079263569078,-0.152879986844218,0.156239788858418,-0.686485537718612,-0.35764958988724,-0.471703701090017,-0.31182248724997
gene681,-0.376501664110128,0.539256425888262,0.217472325921068,-0.617699480434994,0.678510999263841,0.795267533422918,-0.507526719181302,0.327364889221513,-0.272989140371697,1.34259535676414,-0.426818292749757,0.720309715143525,-0.554458983154483,-0.669966861440811,-0.699445305124919,0.864450469870739,-0.374309267875776,-0.248106368548761,0.0329415173991519,-0.312249708203292
gene682,1.7537647537133,-2.72670519529656,-0.397617692022067,-1.25154254176845,0.237189245184929,1.06046497404175,0.197883413454537,0.796385000746063,0.963954418951625,0.140994120702119,-0.298159484921033,-1.33229990751121,2.53471003748663,0.0950018050200918,0.46357501361444,1.83268235619478,-0.169040936471287,0.988268059729383,-0.362705523528445,0.826011387696057
gene683,0.176426099113631,-1.57065982672134,0.61158478349411,-1.18855191071857,-0.63092097952843,-0.898175774891306,0.496350947805722,0.444217496136944,0.478210168723122,0.0619041228182605,2.03477130007184,-0.0839942000999301,-1.55539484966721,1.25287843626981,-0.128270676972376,-0.262075880880226,-0.295969295768718,0.621944120284808,-0.187623968649043,0.112287843569479
gene684,0.287203310124892,-0.687262830173328,-1.08595177647462,-0.227468852264547,-0.32017435254511,-0.901879104460899,0.338893451261952,1.02688003160818,-0.896156696765941,0.99128142909396,0.900246769641234,0.30294164261053,0.589800540003568,-0.299406415978712,0.188371341748417,-0.496364062664443,-0.462758198174183,0.790877237851767,0.152782527150902,0.79397480094918
gene685,1.16659074390885,0.819785488492474,0.144388367425721,0.230968473241741,0.895093952208251,0.388902705852817,1.56773975527713,0.611741249736448,0.962183718309337,0.0369893694415736,-0.179934154343617,-0.177556097682002,-0.680632224205237,-0.492490782479357,-0.745237572612447,-0.987969433099046,-1.50956048938153,-0.311530019181527,0.745457257313061,0.0658443823557943
gene686,-0.276145630259903,1.50661685026124,-0.80042410173691,0.106610309661026,0.0865551522702288,-0.641274288432532,0.145715219821703,-0.410112129805706,-0.471379652093942,0.713098110225906,-0.693274439213372,0.20550931034904,-0.65175697280989,0.67906068073027,-0.295232746667116,-0.192863880440383,-0.29332201556178,-0.425902394786564,-0.821910614203875,-1.26346778711854
gene687,-0.66160670675025,0.0979675314361937,-0.120667052428878,-0.84498144072594,0.691438066487366,0.601011068454966,0.895047903896044,-1.01873395943086,-1.78267825117798,-1.31898001473197,1.55342288325257,-0.657670469983025,-0.142079638270051,1.02162511768909,-0.0255593806291572,0.0384869895523829,0.474468678415013,-0.545211273219541,-0.0577244253542199,-0.456314780816587
gene688,0.357590874825184,1.21444682843517,-0.89892388633748,-0.612559701207473,-0.81984028381273,-0.778518842030411,-0.204523596290334,-0.162316393819452,-1.64459649360701,1.02500699224956,0.725045483258771,-0.530393159311032,-0.363885143222983,-0.0270255458080012,-0.0177265792025086,-0.194104556090784,0.387353726321061,2.01252005319519,-1.33600436528834,-0.904050408036281
gene689,0.727831125384357,0.323901435742865,0.521645108115866,1.4994990742314,0.352199787821487,-1.50480463488544,0.14302112605446,-0.133407887818097,-0.451972699897756,-0.290504832969959,-0.416697421835477,0.335625576135981,0.0950933998576148,0.113360391631647,0.0013818057230322,-0.258279608562529,-2.59729093370517,0.965161767131642,0.489029972149289,-0.0839433415530953
gene690,-0.116903363887857,0.179448729730675,-0.379975269589574,0.456627225478912,-0.832847427356058,-1.03920976739714,-0.0543738136892731,-0.334624948900665,0.396420757771515,-0.0164921439496047,0.560355016418974,-0.263482629807443,0.239513783980205,-1.3744752482923,0.235128572470865,-0.935408239248946,0.60989918280871,0.424181084160918,-0.681844523256369,0.610319580447101
gene691,-0.659643142790963,0.530026557963359,0.200495811781795,0.623332368291699,-0.447857456511127,0.60558251669199,-0.0058284717865154,-0.445744342732341,-0.670754331187355,-0.433317864469928,0.0499432063893952,0.274922563242495,0.25959177932207,-1.35232058943641,-0.338493398394833,-0.404397233510619,0.904862836795494,-0.721568065281581,-0.558413468234305,0.497106951824221
gene692,0.806072734833489,0.122399745195447,0.849620202863346,-0.134481007299395,-0.513565703876964,0.558549852665914,-1.9335501443104,1.30861192956235,0.797912944060821,0.509880128211049,1.06966754827301,0.18662284768514,-0.779254187973999,-0.441039091810558,-1.20711246572272,0.350372177959353,0.189718563192348,0.003049408652965,0.537032959808988,0.596881029472742
gene693,-0.407526918510463,0.227475388219717,0.200644556443705,0.192648358870163,-1.0001661638667,-0.703239452275095,-0.563437732735609,0.072463531475409,-0.0538536960824928,0.177840218071045,0.662541425859502,1.10270682387215,0.531513240662684,1.73202259139352,0.782849259845934,-0.1879925479336,-0.791044171140231,-1.46529557853318,-0.806576002201642,-1.5461903250113
gene694,-1.00057844473298,-0.260278762329207,0.41850541623212,-0.210488908022635,0.738809404595898,-0.152862951013844,-1.47865810704222,-0.0193147478168091,-1.03144260289654,1.78741630823615,0.476653748405854,0.134269226556199,-0.774414092268283,0.767414027953693,1.45581717320483,0.114673350671612,0.264120067049728,-0.537489449990686,0.0052158322097264,0.7714159264563
gene695,0.813497742198517,0.506919841544946,0.0724651288042111,0.672755265344064,1.42153664603829,-0.266913076846943,-1.48013356918589,-1.51929114131401,0.803199558284051,-1.14714156173023,0.269308768160733,1.25422921515019,-0.485761367953446,0.453668706710585,-0.0346669932987956,0.0384807454865297,-0.116402349622538,-0.154370735731933,-0.0957849038232497,-1.24910346859716
gene696,0.866620414764187,-0.711929271747353,0.772197424920632,0.472872699848741,-0.1307450209106,0.362214099765054,0.0272837891422056,0.327336997644248,0.127481861537484,-0.994015343784822,-0.0448041762117387,0.214860558604953,0.674307536817429,0.0351946379021544,0.553211810722676,0.402888171857471,-1.51550755179414,0.343102172863373,-0.252718440591334,-0.286270643183679
gene697,-0.0878301686172121,0.682729184080997,-0.282003199723537,-0.383679927546506,-0.735615474295882,0.551835775477874,-0.275135751006623,2.28948478236774,0.810078144195664,-0.458592470938051,0.0807824875029267,-0.506782910433982,-1.01259762957286,-1.03760770951052,0.722819605987351,0.701518726830914,-0.633671070329616,-0.743009417034626,0.508384340418882,-0.389950374963687
gene698,0.274932877130774,-0.20454018261673,0.120035750305683,-0.419142455247724,0.142068225239706,0.0558914777900014,0.0716103220777719,-0.396297196852057,0.648625900664136,-0.305528003615675,0.700907641277174,1.02394667719733,0.178757004256549,1.47883335644351,-0.0173133624468798,0.100112382963552,0.307905016531506,-0.969881068079375,0.951300148487682,-0.0198277274756329
gene699,-0.533105735160845,-0.893890151275575,0.830589658925473,0.465401815459832,-0.362713692434912,0.276672911126126,-1.49960256695903,-0.117948019891559,-0.0921173771084908,0.226533000984403,-0.0426402257059012,0.546398866610673,0.233781811791731,-2.86673375160426,0.132803715277898,0.0762111893332578,-0.197393239675862,-0.644339622465586,-1.06940810476422,-0.140175975701242
gene700,0.383070687128454,-1.37835271202565,0.210090015002966,0.707452648815636,0.883280718654066,-2.19353003211256,-1.83002401122181,0.86084775442833,0.388220763653746,0.563524520630927,-1.13194182732415,0.579941431191999,1.40796635828387,1.89870048137472,0.563825829534513,1.24821427450079,-0.0356369197806493,0.294171868181655,-0.566075158339394,0.255782530154619
gene701,-0.571241373771032,0.250152075748177,0.656689954023388,0.72015038552088,-0.336537929301634,0.532456890003937,-0.0078926837122603,0.493268353354487,0.544154532246847,0.561089370465283,0.895415521620968,0.268356518718533,-0.178833612297424,-0.820336822651881,-0.327223826224975,0.874554567707069,0.839951004165826,0.0958454214440115,0.518939829953545,-2.34815655445462
gene702,0.198494691387861,1.09509862011824,-0.185562270584421,-1.22027782181845,0.597130741554888,0.0132148161062205,1.16084945670533,0.819608681445639,-1.1242486123419,-0.744924726733965,1.49215218929719,0.0315608896561701,-0.590637278664794,-0.181664242346634,0.163976411400448,-1.44157702891029,-1.82962714708778,0.99328009788948,0.033020996108727,-0.121736681021428
gene703,-0.443333372859559,0.136604879293935,1.16864657923065,0.113354629261776,0.104199041462441,1.74207079684035,-1.34905960025992,-0.440686591906608,0.406372997556962,-0.936858826880808,-0.516371722197777,0.972234599053707,-0.0476476283289818,0.829470674704009,0.637767733267025,-0.80583843359074,5.152374078332e-05,-0.100811303609382,-0.353959290421544,0.333110426841746
gene704,-0.655669408475298,-0.878464040673612,0.18348139839156,1.6336139024061,-0.173939270251758,-0.56132833368744,-0.870239832340942,-0.444684745499213,-0.51178747621005,1.19911485156208,-0.167681078432193,1.62194074360803,-0.643269062231403,0.32046647090713,-0.331884304275791,0.446026438331831,-0.485519256858699,-0.617578644509881,0.469740546270852,-0.394056646809767
gene705,1.01018818479631,-0.279875969620078,-0.792541493195012,-0.341068491041148,0.0420236681203001,0.644425625761088,0.064755242838016,-1.00067218473806,0.507202463488735,-0.472221235037831,-1.44891675270451,0.11214807289823,0.235764410336998,-0.0769278262058759,1.11649219652699,-0.409901236762841,0.479661363383625,0.474478546611729,0.299547516848364,0.306432325411881
gene706,0.491802069174543,0.587791273003696,-0.35654344089263,1.20020728040283,0.235631073161298,-1.10140957199596,0.727336347661815,0.289014056847977,0.643488502737359,-0.269811799562942,0.83527479159196,-0.226221671344336,0.61846641292248,2.00772326849067,-0.553750887230469,-0.653838572133685,-0.26261610554275,0.461790310041911,-0.643269427650129,-0.250714936469202
gene707,-0.542753870393097,-1.0875005145833,0.684202587603773,-1.01762233579674,0.161537539620393,-0.0437021542943049,-0.0296048626422425,-0.588403418456772,-0.0872168020225141,1.16388221745616,0.57569600318132,0.0783492265840383,-0.571026165482776,-0.820531265343238,-0.647207591031197,0.13564142653985,-1.56990508185822,0.752660458203222,0.550516894995288,-1.0606409496741
gene708,0.546114896745074,-0.496830518406607,0.0537064105762528,-0.436956814657799,0.472393111949075,-0.832929867427292,0.244032016297906,-1.52224423078229,-0.25512756959158,0.471842704344437,-0.743699077947349,1.38039367327437,0.460914354442782,-0.125202302055183,-0.326225692887957,0.934268489763357,-0.936585806342315,-0.0674415916224116,1.02485975498522,-1.5797325958823
gene709,1.2339552579338,0.557778205328712,-0.696888171965109,-0.80072731136813,0.0012293993848377,-0.812042068288923,0.279259310418706,1.37405602277322,-1.03247551021772,-0.36636896988889,0.214632398880675,-0.762198117809521,0.344960047556192,0.274824050488631,-0.68968728776134,-1.02509530615167,0.0556503419155289,1.89773564994608,1.62643267140661,-0.734172824490161
gene710,-0.552204279084994,-0.260322016743638,-1.37690732981191,0.306502752923917,-0.0195256068923404,0.692794973763661,0.0536577752630609,-0.427818164852534,-1.69170044083007,-0.616603533139419,1.02926261257834,-0.339652715673093,-2.1118009211865,-0.455377540850241,-0.261921426172183,-0.0489649244683655,-0.74531280122577,0.798820755176852,-0.463940141545043,-0.865709670090814
gene711,0.774056835227168,-0.909136198580378,-0.0240003996673292,0.511310229409956,-0.805287052053767,-0.769940351958319,1.030188852021,-0.759997539134776,-1.30686574195799,0.34784930330772,-2.86362906646893,0.256178294066946,0.852430259166179,-0.538403415040272,0.156959273907933,-1.07783856313347,-2.5272143149364,1.94118333920298,-0.707815260802804,-0.179613773218697
gene712,-0.1470201339697,0.0033965386011046,-1.10244738754221,0.277095538348629,0.786343559471008,-1.1816785547834,1.53023748314867,-0.196004873545883,0.87671994958823,-0.666052786271155,-0.946811886862514,0.742118158367895,0.188082925348369,-0.649806845993882,0.286028676013574,-0.629800643834735,-0.260822071214481,0.107027315176552,-0.294158440169055,0.285006202834437
gene713,-1.29794100451577,0.464885145738811,-0.264022590420206,0.199362838401566,-1.24552432468453,-1.43408328549896,-0.999406034866319,0.0335108590601009,-0.0750288792020532,1.29049933272789,0.360204734834572,0.303807804299958,1.02260635021454,0.562623159211951,0.120314874202347,-0.207596320810366,-1.28624645646059,0.784496722083664,0.614579474906729,-0.912466831281942
gene714,-0.346794092424368,-0.374809374506243,-0.232678694171066,1.49910200973755,-0.722793771035142,1.23204858755069,-0.453115988643511,-0.152811834676779,0.343875494792815,-1.14121885504112,-0.500711825814439,-0.409579395466997,-1.01223520888897,-0.0585557216648097,-0.626783695704218,0.603387081141661,-0.0625979231351113,-0.593374368125464,-1.00591464742736,-0.169432816126172
gene715,-0.125833810528001,-0.0453018902059764,0.275435836685868,0.225175159951067,1.16077873614999,-0.40040435219104,0.844705139461765,-0.913821089152407,-0.0201332049442253,-1.76691888559127,-0.329030813486601,-0.508418819119921,0.913314059498815,0.0509267564474729,-1.17190234560069,0.805746691539433,0.498578479075073,-0.569228340114745,-0.75634141139822,0.443222110838483
gene716,0.989316302935605,0.492270812788836,0.203792200589039,-1.76663492383268,-0.793888414844434,1.3325938176457,-0.235422577016039,0.0348947656042636,0.129625928887675,-1.26793860414782,0.708177940683293,-0.03573031183673,-1.63843677320799,0.525225438381947,-1.00029467070511,0.536227053587674,-0.244151765344331,-0.0810964556704398,-1.11378330175475,1.15445178720568
gene717,-0.312057956148948,-1.27632679491726,0.584120304778585,0.550551986252583,-0.62044910372205,-0.601354578423898,1.65065437285178,-0.648417049347225,0.380630235538537,-0.762913761877541,-1.32188791025338,-0.445717155492257,0.692166700758273,-0.40265308531533,-0.0257446157314428,0.398484579423518,-0.374115279385008,-0.674072081190663,-0.210526318617669,0.669823832905594
gene718,-0.222719699261938,-1.44396166434211,0.224489009387636,-0.968014225548567,-0.386225758789498,0.756351686816255,-0.509199663805648,0.436900587275736,0.0685655653018457,0.0868804954923465,0.557424298986868,0.55192043828731,1.76816198313994,-0.395198184811112,-0.617764664205124,-0.262230517251986,-0.143047482738388,-1.06361718302211,0.70272916721906,-0.0237728647684292
gene719,-0.497862036457767,2.37087866429911,-0.0329088526351952,0.0428524497896556,0.0817828520261352,-1.271682964303,-0.0657210168429359,0.33345569212165,1.07119265802198,-0.11614291842266,0.034839969538786,-1.30037782481123,0.729506059613936,0.190994571176488,0.450189689535389,-1.12035258764141,0.372013930815639,-0.177255181308008,-0.0365126431095165,-0.289798251206392
gene720,0.587618345636525,0.0931520978368317,0.957276377138588,0.841497858595276,0.198387762738679,-0.570157803274337,-0.261009130743816,-0.463860031196423,-1.53596762733866,-0.428662054457788,-1.33758963641491,-0.531645639264465,0.634840609892332,-0.13276912517198,0.416360124311308,-0.0211035219276073,0.64540230159637,-0.360062545970679,0.557699813695204,0.163000159949658
gene721,-0.228110226224434,0.0079478279634309,1.99189525987729,1.55251575101517,-0.228079011446615,-0.246274674114404,-0.23402972422713,-0.505291507572726,0.0357897118538664,-0.376598824976868,-0.732002568875991,0.351991389514589,0.316859746679741,0.368071992545757,-0.587990093951434,-0.778866287254395,0.224752959352773,0.102791742279799,-0.522959532411321,-0.563225026200144
gene722,0.222845041073718,-1.3155437813357,-1.48476471306317,-0.322107894784034,-0.229392725167084,-0.653815965992796,0.47476332682859,-0.11753358833775,0.599784431813568,0.825805832827693,-0.153644461825376,-1.60382282637478,-2.05915114633282,-0.747567041737747,0.229969243329614,-0.610031711545765,0.758086313318489,1.48927871472007,-0.162431238968585,-0.433691190239984
gene723,-0.792084722998582,0.210400625299595,1.46172814100413,-0.0805373869861862,0.135797116785044,-0.237132855390965,1.31004119846426,0.284391227342554,-1.60303297003319,-0.467677211101864,0.958955238387535,-0.0195059744467438,-0.689918011972535,0.404197603812935,0.262774916947486,0.83916780066994,0.106402774069807,0.338786183767422,-0.336318884585715,-0.585121193423851
gene724,1.21643593026613,0.0938457073514818,0.134740004768693,0.605124784753258,-1.9741421796668,-0.417978138970399,0.232862946138894,0.919150748009113,0.298224186167535,0.0781431880185786,-0.263954904349929,0.967912987513212,0.436546697911885,0.641180744460208,-0.482888190144107,-0.165922655429205,0.0307534209111501,0.662563835597781,-0.864909601544068,0.495519107290555
gene725,0.141166815224812,-0.751131266984151,-0.49798819927359,-0.67938222916619,1.62928726370077,1.76409835244979,1.01735552701657,1.69481576459352,1.20342344631396,-0.149386122123266,-0.532224741490963,0.967829714481641,-0.446904409530727,-1.19222808741153,-0.885911948944036,0.378047679404237,1.30617256275364,0.949751126233883,0.261474552230073,-0.759354596458877
gene726,-0.419407104842355,-0.488899325518251,-1.25584645399982,-0.0725133159474581,0.763445053736241,-0.327746876710421,0.453937760121312,0.0162148989332937,0.491720623018196,1.20090336613045,-0.345657131380666,-0.266688105688234,0.276155811894974,0.782534293547714,0.947325812363577,0.265965669003533,1.06623295653397,0.319610050017814,-0.0210812288996546,0.295777854756514
gene727,1.39925124187539,-0.905032776064975,-0.539953392308542,0.362129373500097,-0.113834496783186,-1.26782132361606,2.0334380364939,1.16878523678308,-0.902773967453908,-0.0667150933372684,-1.94966390106034,-0.430310043771593,-0.329456619959078,-0.704517569252359,-0.27134653009541,-0.401296712225468,-1.07923646323493,-0.136156086484834,-0.0968837124153506,0.683931665760294
gene728,0.354411028635593,-1.75365540765607,0.973459177429,0.698712560001394,-0.224247786910564,-0.460090277547129,-0.006758718678962,0.406168678953676,0.995010664480899,-1.06649040612848,0.796549547315464,0.245522916145078,-0.0333748773153943,0.403817480833297,1.38338603106908,-0.650901578168041,-0.0533543279627656,0.804661154450253,0.889410727139873,-1.14935850255137
gene729,-0.340007122488569,0.199716900297347,0.655186820755252,0.181471656653176,-0.119146869775035,0.463251839273311,-0.153315109981201,-0.295628646195889,-0.575884596562628,1.49472402152085,-0.324120763644188,-0.48413327003191,-0.138787471220515,-0.242728100999826,0.30020830401271,-0.432424885049812,0.0368641969025811,0.699151106745731,-0.720933967647617,-0.585436585121478
gene730,0.757123745784656,0.53968701594659,-0.349750027926376,0.449880054634801,-0.76200232973079,-2.10098880152338,-0.439006348056536,0.372211534372725,0.0971957464492701,-0.223320389018682,-0.740745593971411,-1.05390381549849,0.47159439059113,0.801931737156036,1.08215338107026,0.167344887572391,0.721362209856358,-1.00748408047434,0.146417144851729,-0.101649292658802
gene731,-0.547986973489158,0.511650826578392,0.933784499832404,0.386962989359387,-0.753644295508028,-0.402556684456675,-0.553625217169431,-0.81507497949608,0.18499827670764,1.03081499066105,0.0980935826698322,-0.339148108964483,0.086015201820365,1.01502289450249,-2.24696683931559,0.857221545290881,-0.252065324109066,-1.41244956456891,-0.429056752103955,0.599810272958735
gene732,1.43350548998364,0.125108286555346,0.45751810894667,1.17605643821693,1.12283594082969,-1.29706137778613,-0.891926413060408,-0.761572479480852,-1.29697001145,0.158754358134203,0.726468028485014,0.12543225413336,0.162477953923789,0.164837503240375,0.0642367816590396,0.486440841756474,0.344526149815502,0.0524086059292806,-0.125357456414035,0.154033147504879
gene733,0.707759485776532,-0.410250071375912,0.0273569267025664,1.37493082074843,1.81169809440363,0.900442125197931,0.223707785143265,-0.61335890325114,0.427035988152448,-2.01344938096148,-0.118778120057421,-0.642166506707182,-0.0679858788829331,1.08131135453587,0.300172789437239,-0.0212991202281601,0.511469926693243,0.898123844215017,-0.226565174825492,-0.14756821609936
gene734,-0.59224489799248,0.163575244708238,1.44870503421445,-0.259644767840355,0.621590742669823,-0.428155329172191,-0.389688434576112,-0.0309084001245462,0.838844546645266,0.621064027174292,-0.109781781774111,0.605374869393243,0.279855584727533,1.97074973324721,-0.0753921049111597,-1.08737510628625,-0.28304286380025,0.645376371635824,-0.0508197197318377,-1.13476158723341
gene735,0.276360342745412,0.638525546682565,-0.433331858693296,-0.211544531861028,-1.61061678802329,-0.412034497479605,1.35267861701617,0.289352161982246,-0.140928578876829,1.28013544176825,-0.112603710837723,1.37402050697936,-0.460190805831251,0.0243639949466239,0.621609230696041,-0.720515435469721,-0.504177432900332,-0.400452853249921,0.72005753980128,-0.0185515165884509
gene736,0.442090617564078,-0.912639899998167,-1.57590708785508,1.89641165572432,-0.126278819384575,-0.316277837799001,0.100982836238871,0.0636464715874688,0.323417424730437,0.567093072386545,-0.211205275357547,0.531856410458704,-0.976590083387827,1.73692006464923,0.0964460920745802,-0.0987322765783679,0.520308331954584,0.58003183158506,-1.6316510470456,0.569227382452299
gene737,1.02859103860646,-0.931353823920519,0.294960681029956,-0.456238444827534,-0.477824369568621,0.120309060730968,0.537928616133984,0.530232269176502,0.73190668296274,0.544683025484429,-0.813419362144519,-1.15062719719061,0.198884963949185,-0.266282380524608,1.29076581561156,-1.4990055360861,1.0545169563331,-0.197417113982807,0.230665062992294,-0.307255065622127
gene738,-1.11655152563071,0.249695958155686,1.00128871406721,0.106631394155424,0.236948347431409,0.485259319988133,1.62463976138171,-1.35269659905071,0.876213315255543,0.203714883111718,0.0508852964308402,0.407683447132196,0.426200852558836,-0.359256371551435,0.0060474708463372,-0.0562634678442749,-0.184232513840534,-0.46478963557045,-0.111149788198412,-0.614774720289496
gene739,1.75804768870598,1.33660840521162,-0.276545827649127,-0.719636748243689,0.760634460287537,0.290509594957378,0.516306338751374,-0.731875367061717,0.662570639092953,-0.0522061490440468,0.497805986873754,1.75251656847233,-0.619658878676634,0.0789109824996907,-0.513352780347053,-0.850555678114459,1.88738583794294,1.22948958533346,-0.122566874132235,0.343187588564725
gene740,-0.284429910650125,-0.443946237603678,0.192582841067934,-0.165479707316655,0.54943052811069,-0.407292779700856,-0.1580362138582,0.324648224863365,-0.729202023939548,-0.53912409375875,1.37555589109447,-0.263313590720022,-0.282071321015289,-0.361107927955863,-1.34935837841181,-0.348685885445552,1.50365830929383,-0.425554571886223,1.77202470063443,0.0671102466015664
gene741,0.382317087074567,-0.178539744374491,-0.237699079833523,-0.0232229887619759,-0.894894158122494,-0.92075403359317,0.547959339548587,0.306403045757117,-0.654144489279099,0.60267908987127,0.469579313215184,0.0538459651631758,-0.560385505676244,-1.14616418474025,-1.02124255421902,1.5834954783194,0.610905286804716,0.0792937422821962,0.604352531466018,0.551204702239787
gene742,-0.397367328881932,-0.0734335929408788,-0.802704725079951,1.59689859274409,0.446840686312525,0.282249620710661,-0.701278106255654,0.520637330663633,-0.516923454092765,0.215832410709719,-0.0364911696782571,-1.37754028102685,0.942256181922149,-0.206634922836658,0.794563948849157,-0.84777468854535,-0.352636289621455,0.368079869033423,0.854700779506911,-0.157174802318209
gene743,0.3599101779537,-0.740428225411011,0.844448421863122,-0.855943402397605,0.353340225271473,-0.474191177842355,1.25182981200846,1.61749049455361,0.789493619266791,-0.353927233646539,0.0719660574798452,0.223296462570512,0.48194743982756,2.19023218205684,0.123679401712043,0.248270272293701,0.897203138448761,0.585344602139733,-0.811503328028922,-0.98174071933317
gene744,-0.468674788154753,-0.0413986575734065,0.540900464743808,0.548279476687415,-0.293075216437815,0.0513793315467035,0.56502927614803,0.506375755903679,-0.1765831306595,-0.407377091706348,1.46079092044765,-0.280238704824321,0.283320158039883,-1.02044219121561,0.135631803951033,-0.122264283293321,0.70727818795886,0.904213767205692,0.0129462177808716,-0.36675906310478
gene745,-0.130002144608534,0.220604112260074,0.560852854524383,-0.526411141865477,0.517897941438803,0.747265051493393,0.822635429306844,1.65126969381989,0.264487961073571,0.456840627952931,1.06306092788899,-1.22088205844124,0.274077831693044,0.230466517596994,0.324496385587612,-0.863966869617103,0.0542806447178399,-0.087662587517802,0.134856460971088,-0.337844144534188
gene746,0.166098744014674,0.436411887806777,0.62944776633989,0.534377986500244,0.906346112509482,-0.0784350901206345,-0.215164019445125,0.640192499606283,0.933947017782842,-1.12809896758614,0.161087516384057,-1.33130170242453,0.514142836058197,-0.0939287224193039,-0.72029637476268,-1.13464759594807,-0.153850635405838,0.425259401949008,-0.320317411492375,0.300334379434812
gene747,-0.877097118844508,-0.303032991381436,0.761528342146973,0.0979021113759018,0.484573295238457,-0.0757888763150819,0.158964589080197,0.41314524411067,-0.0466068074849384,0.426726274200675,1.03415500541954,-0.703807236604135,0.0113828649171435,-0.768637105687393,-0.622364802747517,0.0394306590324642,-0.0146261187738691,0.987377605998658,0.198928890344714,0.602472638634695
gene748,-0.785154287844529,0.558063660687152,0.593610176121327,0.396607037692266,-0.949590460349118,1.23844690713339,0.633408806721661,-0.139446550769209,0.321384314868918,0.110558521083614,0.860863177135349,1.19906073635902,0.68608992199545,0.387821759360806,-0.627582897664179,-0.421230724557341,-0.683908645881983,-0.106228646769361,0.501105997215147,1.23321469870939
gene749,0.367967549691643,1.77288565130131,-0.0897995003067848,0.392630916924446,-0.308760620923296,-1.10886947226571,-0.106262529340885,-0.249362587467635,-1.6169967653277,0.950584219687057,-0.287019293361206,-0.422924329314592,-0.401651201757705,0.400381126321742,-0.611443632193123,0.0319339698384398,0.799542127679618,-0.147346083809375,-2.18109167988844,-2.07806708058924
gene750,0.222230420768001,0.320365827880405,-2.60941993094107,-1.07423708163987,0.165696204061985,-0.160697002039304,0.569981570597385,-0.32010931472051,0.952205941303947,-0.759536923069432,0.477573251473369,0.281050851626965,-1.42535497112533,0.302829315995083,-1.71820055729005,1.11567583190658,-0.131105704648436,-0.71472408112968,-0.601236342319462,0.508437292139961
gene751,-1.63469348020323,0.472944196237881,-0.428757607959329,0.563270622826514,-1.38312838035328,0.146578103259905,-0.406874452962289,-0.336221771495862,0.517134653541742,0.204598174198359,0.805444788815302,-0.452227214983115,-0.0603388384940448,1.61626041497613,-0.509128172630412,0.360430176819392,0.818531463420177,-0.924263084767952,-1.37639279108654,1.63944704193087
gene752,0.988098172910782,-1.10201914873082,-0.465056766350439,0.268273096559989,-0.407458359427744,0.905734250244362,-1.44139614340656,1.33345416372381,1.54900909944281,1.04739748864449,-0.739557867205545,-0.0610576973345624,0.681691694047096,-0.121084932328052,0.627198423237199,-0.0031044290741792,0.664805251264953,1.21471301307601,-0.0013958041321587,0.502772533945921
gene753,-0.392949067994499,-1.77819438525215,0.160355521082979,0.209128803723588,-0.873118782259253,-1.25337310280953,0.299624407491483,1.40244671904927,-0.592226811011751,-0.643289292913275,0.471913121699375,0.0280639389310504,1.1081332602117,0.978413955324738,0.115492408529375,-0.180162235354555,0.62011228094702,-0.703576633725859,0.67692368649507,0.822183677493957
gene754,-0.251307763003064,0.930979305005161,0.164528405398594,1.10690298702363,0.459641381715527,-0.807972515503125,0.438735005602474,1.20938046994525,-0.479129780800296,-0.543310146988679,0.628120656040799,-0.246450777256409,1.54678315740404,0.0004450861892757,0.721149807655194,-0.427908392444738,0.260569052265791,-0.294765270398594,1.97527045497088,-0.198201684472564
gene755,-1.05250510227123,-0.278990724681882,-0.570580813006879,0.558571550824911,-0.185787211417883,0.629114663575148,-1.55374144379472,-1.77597156428812,-0.299552961605574,0.887294736227468,0.386448490924292,-0.306791301788885,0.26951250495011,0.336420959007056,0.155076302071148,0.0933997040206047,0.0737799802941768,0.378870200452926,0.0146396502236132,-0.888329730518538
gene756,0.732364251932289,-0.225211189291942,0.264620775831404,-0.565468834764547,0.233882764051912,-0.531023464216069,0.198626601052859,-1.57865776253659,0.210993866949917,-0.625070132286548,0.350327319774962,1.96027705434987,0.0907811820537618,-1.34414291240055,0.331431825593964,-0.194914441554655,0.215916526390568,1.37002336745535,-0.379449215169839,-0.0443141637537722
gene757,-0.505861170495534,0.240784352246764,-1.71107150518158,-0.514293729682323,0.547863927680479,-0.517338268958319,1.07782896982778,0.53713489789882,-1.12988543015338,0.340331738759545,0.746217489743749,-0.746718939715069,1.55123259139957,-0.09845471583897,0.412560987867017,-1.65152675972354,-0.137494126164748,-0.746645358215173,-0.755334720094296,-1.99973526297596
gene758,0.170052726084192,-0.140350318946482,-0.485741355949229,1.72166874862715,0.243108931933788,0.093444873299329,0.288505921831048,-1.72264807929902,0.630238697297236,0.23541881085192,-0.802879736443341,-0.128942221634715,0.139948625509063,-0.126691782197578,2.06339640282951,0.315153495303416,0.34369362553706,0.589080747388321,-0.778244791368312,0.61454367867253
gene759,0.195897458268055,-0.680031316977391,-0.526835137080009,0.19272996520154,-0.731490524681314,0.291160133910844,0.0409969419460713,-0.0063207192250297,-0.460741485177362,1.65078502266334,-0.801415368465377,-1.02190405033815,-0.788194888809266,-0.991974489709098,-0.15280968633734,0.062267597601062,-0.147296866007821,-0.464015670508928,-0.923226330574369,-0.504655631743089
gene760,-0.356157420171203,0.632158148270567,0.10482639841024,1.98291861629709,-0.346951034657015,0.0240239086061239,-0.271779331272807,1.48837570256317,1.54223801163555,-0.403219818122383,-0.675669455356816,-0.26395332820658,0.496730074502488,0.227441678860314,1.02762767157763,0.105564698715705,-0.351766415976496,0.157569312274038,-0.851579069385052,-0.514209520635899
gene761,-0.0326581392172899,-0.0411144693626404,-0.458104834269649,-0.819025921398903,-0.389224773019654,0.214858389213173,0.605113918256341,0.627538335041028,0.31148296867441,0.0953743223994895,-0.612539781582672,-1.90793036533033,0.291398360510052,0.10372592416188,0.185938132796171,0.659328805016556,-0.0167972411123884,-0.407615471690202,-0.624510253701534,-0.0746482094335689
gene762,0.243124943771776,-0.0245246775626889,1.3788046187411,-0.968243864069133,0.457097047972281,-0.599047479682995,-0.0736857663030852,-0.555029741247646,0.462876024482096,0.0875268954264532,0.493704853589671,0.975763686364275,1.30112897622581,-0.425071161261901,0.0197684696299285,-0.756032305134109,-0.602089240961719,-2.57365165476945,0.0277154809025674,-0.0289657447242841
gene763,0.130581716346311,0.131433625088459,0.452270313933121,-0.570105566394108,0.024553488941442,-0.788282028245889,-0.23936887536888,0.0277362814620584,-0.904675744909465,-0.211492600980194,1.63812383595785,-0.632470257550607,0.755060709488764,-0.0680369690587865,0.111636951602724,1.11555992769724,0.186857713140893,-1.18764770716929,-0.164444723989098,-0.77129862345906
gene764,1.69736604411828,0.424285950642383,0.301738993253336,-1.40643746668911,-0.82386201355517,-1.99684715392822,1.11492231362162,0.663052259837657,0.16865612950413,0.929665663335718,1.1447496883784,0.609294488039581,-0.424595025374924,-0.97704334119545,0.54216457971115,1.27405209015133,0.0187531540038325,0.597479357683425,-0.888915138183244,-0.34167679104044
gene765,-0.235163303357785,-0.698065248200486,1.58658078367128,-0.176184172919966,-0.663515910544958,-0.333647176773617,0.143214913317947,1.36547781127454,1.45892554486631,-0.529841073074022,0.681270759825849,-0.380464826655184,0.611141429205658,0.275408798079734,0.106383442276467,0.37623516059658,0.103318213742275,-0.369677356594554,0.453562916564172,0.717344975689393
gene766,-0.377083029796531,-1.05367781266994,0.757901691652439,1.76626352228869,1.01416049067057,0.301492108609867,0.809792058125853,0.712383953896937,0.690082625228213,-0.789394497270771,-0.112944536303691,-0.290531016281269,-0.51824737932096,-0.428830733297284,1.5118548737734,1.27194518183493,-1.01059291775248,0.0276905780890208,-0.154570488644308,0.602776554577584
gene767,0.366651289829199,-0.451139862159962,0.249382069295888,1.05114895077339,-0.198576281091931,0.816049910048234,0.688990309940155,0.645575563979938,-0.747467343260226,0.252604583651789,0.0286096386036027,-0.453506228746096,0.447823257755597,-0.129799913126372,-0.571936683757797,1.15361214319808,0.204462398436866,0.494953536529884,0.225359342944067,-0.221969330177276
gene768,0.0175639013905899,-0.564435022604102,-0.319499429494981,0.237947591870728,1.08917060983397,0.571608093604185,-2.1468417205235,-0.715238295994543,0.114917919223743,0.826462314586163,-0.356075068819356,0.915967399875425,0.0548323098287677,0.229304300358836,0.936323945735361,0.279380344023556,0.286363902387894,-0.826847556214469,1.09190798187751,-0.192513939375219
gene769,0.814157273668228,-0.660911314209132,-0.390322719663923,-0.627008711267237,-0.642320204733984,0.440961095504799,-0.850517376083718,-0.829066529581716,-0.247782039257943,-1.13545412870976,2.52717520282274,0.089184733706191,0.603563069453132,-0.33125533378522,-0.604622855757416,-0.23916237230405,0.669598496487503,0.607744852044909,-0.691604604913072,0.759489405921672
gene770,0.997138508812427,-0.697239477266005,0.693748527555349,-0.347375427020181,-0.356212202097649,0.622526808532611,0.0722753148713784,0.336992111054928,0.765813625147101,0.720209105665006,0.129058706587054,-0.426684846210592,-0.822682019445513,0.475319760355807,-0.559035605252414,0.125141303766732,0.55675540974705,0.529251095859232,0.395233287647721,0.227418876081663
gene771,-0.48128421518011,-0.231188322366585,-0.58560853811971,0.849168913913559,0.298631513534627,0.401121529150557,0.577469461369054,0.483858785394832,0.515846003577376,1.29621264268906,-0.523347015918624,1.78464859316663,0.0132010878750057,0.415958183948511,0.217170240575168,-0.52122381104324,-1.21265125946599,-0.307613684031834,0.89618797627454,-0.69720297237527
gene772,-0.622174452770335,-0.476587952085664,0.702976826052263,-0.318685618780992,1.39455582129099,-1.94384105470757,0.225547940644208,-0.279507435390375,-2.04989708963854,0.190611065706923,-0.743770779560957,0.205010418299423,0.0640755768485526,1.19421080232062,-0.342833792463936,-0.684335493751613,-0.583843964426563,0.230595884668449,-0.464184024573559,0.556894085576923
gene773,-0.0967499754059579,-0.425754346572583,-0.438227456504374,-0.860925828164026,-0.170276558873436,1.13746370484573,-1.05342972424282,0.499022865438389,0.919126781601386,0.786203467377075,-0.0936300947383391,-1.1070364321929,-0.153964915304996,0.173390220687163,-0.208207423721068,0.729602487042734,-0.186894932583021,0.842832019281986,-2.30939060833093,0.533518591213933
gene774,0.266095643553873,-1.36581843397303,-0.329366748701865,0.207404040979433,-0.275768742590157,0.321917004216911,-1.25987439319892,-0.177954999493913,0.542118984235268,0.384827448011505,0.439263081880122,0.0575214944925492,0.828530671772136,1.20934587576259,0.71296544832404,-1.53641941900535,-0.0073990058201316,0.267562484998073,-0.858699945697545,-0.159367210727762
gene775,-0.751792777328147,0.0436341033417016,0.454122380320042,0.446641430205397,0.914307277700203,-0.886195754007066,-0.0929306319904208,0.679250778513952,0.462599930034905,-0.667405343713798,0.539130582780973,-0.546024569885343,-1.75519314393119,0.557540682713657,1.16888700928687,1.49781521949898,-0.357518786689861,0.586188075701303,0.533338668400153,-0.549119610414615
gene776,-0.269039802687415,-0.454997359259022,1.54389439043516,0.10548092152243,-0.581289476668459,0.578362525922261,-0.731040917775741,-0.0311573814696706,-1.32062439519465,-0.64409859837328,-0.587451078590858,0.0816741549701734,0.158376228958978,-0.385555509077876,-0.480906681413004,0.328494312726282,-0.221070496814749,-1.07402435725163,-0.228982266950897,-0.383686719217457
gene777,-0.312100098421224,-0.222062277811419,0.123803948332181,-0.522093822074447,0.280674435793153,0.614291168390588,0.102430665478525,-0.350643191658913,0.374935466145266,0.483831890267075,-0.957164844845521,0.992249323831699,-0.610575498242438,1.27953131404935,0.968277139794337,-0.739696853913341,0.642271678907218,-0.34833567704395,-0.699917119850423,1.50760566183749
gene778,-1.1459850765417,0.400016236981775,1.16660398661141,0.605171655186169,-0.0650217946983172,0.838111827425653,-0.919255716205659,-0.341186928133143,-0.489440158471897,1.03645209801091,-2.42999865454342,-0.494088151661736,-1.06552889366461,0.977002009697665,-1.80098114317876,-0.0442902088875037,-0.631440743705765,-0.0077779908171524,0.598854357128564,0.101194029487583
gene779,1.14362496743888,-0.329172372273387,0.534872401174716,0.400900696833194,-1.16907385295396,-1.55800550407609,0.78459837509243,-1.09941463928018,-0.279203761865986,-1.74363816706094,0.372914538310074,-0.0538152567231905,1.47416436210518,0.990596426363522,-0.138794668667181,-0.770154748580589,0.214233322156868,-0.533096392620439,-0.411320448042094,0.682795160006869
gene780,0.564130793766295,0.815670854674135,0.150700434639687,0.254905265830686,-0.636930703679032,0.461378970490852,-0.475678291260607,0.396873151542277,-1.02129399809665,-0.19178221687465,0.192909802357365,-0.678739996433296,-0.362139664704003,0.0866351887771173,1.30397949877408,-0.923109968326621,0.221519477352172,-1.09928125136937,0.0818213987487509,0.0773647175679146
gene781,0.57776177022053,0.686357756730937,0.485447029514806,-0.858366036816889,-1.02677698930121,-1.81688807541784,-0.798476284496444,-1.40994120166447,0.410754067553335,0.338383064522625,-0.187333883485548,0.274092960333337,1.43469941998555,-0.0101099575471015,0.502765270694816,-0.0756690777392727,-1.09864300414168,0.0227923431097016,-1.32892061746817,0.349125037821843
gene782,0.174739940880041,-0.256613689659489,-1.02015716654895,-0.366287946735279,0.376914849799462,-0.0909991880943202,0.912718337854767,0.778632772337018,-0.865919050039865,-0.484322785156433,0.225972875749906,-1.03083674283101,-0.336932616058668,-0.959110045512961,0.196218511591348,0.645041011758503,-1.05962793635916,0.303878351839186,1.49784378148691,-0.977176059985896
gene783,-0.877733979359029,0.394729784379103,0.0470051098161307,-0.244868665202573,1.17252158281786,-0.863140442732729,1.37759425852589,-0.224413747086689,-1.47850069426401,-0.305505766447198,1.23114784124373,-0.299791741217624,0.707198596116793,-0.309802384076441,-0.300320659991709,0.316661673421966,-0.0116367728942679,-0.596040271071068,0.257223794163488,-0.205549423219583
gene784,0.225581623740514,0.434089768038074,0.523681544962443,1.39235907783178,-0.448182858342132,1.84417156059886,0.973603470977692,-0.0795443268133376,0.0012696012671575,-0.410867899415149,-0.0643964585469347,-0.663713731694654,-1.00146150409487,0.492497321686961,0.625564992419992,1.74773983376349,-0.219413769897647,-0.377593832592386,0.186595768562986,-0.696722330306197
gene785,1.24303016840222,-0.500385510699355,0.624244597445716,-0.526789700701497,-0.0627618299568551,-0.727320903469566,-0.145191389784589,0.0133521111716072,0.276617447836253,-0.773445189971972,-1.11636913634005,-0.219705488510185,0.937990462779607,0.802765254847726,0.287429156708941,-0.142571936953574,0.174687975071797,-0.164053255865714,0.206784128303751,1.69233473900833
gene786,-0.299347716772942,0.507499334272807,-0.0216198980532544,-0.242662430782768,-0.160580359124206,0.19066712401477,1.0553698280493,0.251915339562114,0.7470998902938,0.125214455605251,-0.223769985381095,0.463444237870081,-0.215977605867933,0.633338407979828,-0.450653804425368,0.471037405660342,-0.907797550596533,-0.252377167285514,0.412008680625279,1.16302116023491
gene787,1.3674525660953,0.292687843697376,0.580719985402526,0.506723039630254,0.339331431957305,-0.269254123336028,-0.980616883802649,-0.265257430456923,0.302478310344349,0.822210919819518,0.481885575857196,0.663597979929984,0.877942418505946,-0.552480105408069,0.853411750187648,0.999809713264213,-0.0202761268005491,0.123649733471871,-1.98447865054694,0.180357525878288
gene788,-0.245680787160407,-0.205642923289709,0.774125741010809,0.0573004594083394,-0.586932232745434,-0.22263551960452,0.751823747278059,-0.817959747291118,-0.596433371862209,1.1406509241362,0.167289072426921,-0.108273848857285,-0.246477882117628,-0.681606433127853,-2.26154895287045,0.711639989605441,0.695170005034658,1.93823376060375,0.37175534345498,-0.337124464336995
gene789,0.135296833342563,0.390694118939918,-1.19256920260372,0.277945895432578,-0.0492038039453237,1.31427919156403,0.131112184664951,0.289474392732432,0.691425222809738,0.125025692152317,1.09277970039284,-0.824353136547816,1.16926337428958,1.10314014133967,0.038185309532597,0.663632764284508,-0.0912759828810624,0.179903326284799,-0.493865316240785,-1.43057166076347
gene790,-0.309788476489234,-1.46161028860494,-0.158217798441098,0.137208966547405,-0.527946220576164,0.967841138616503,0.497404879276032,-0.879113740761011,-0.299042853580708,-0.478884102666954,0.640964525818386,0.897888582461656,1.79883915605844,-0.257935849860552,0.135512961087638,-0.262026564078072,1.05012883948672,-0.16244702904444,0.859518959266644,-0.579023169493352
gene791,0.562673189716623,-0.895739991593592,1.06522899333126,-1.17129949357359,0.460132330320394,-0.626466058596846,0.504890507162265,0.158725451806159,-0.425965265414052,0.51375393503,0.206089741939926,-1.24437862209004,0.359141430997122,1.22947131780068,0.750587439404314,-0.688918133428043,-0.065880066417536,-1.06762923016278,0.591289438399996,-0.837061139732076
gene792,-0.764742032817576,-0.500621529407623,-0.0267563602815108,-0.137873732535086,0.421542962737747,-0.871132516677401,0.231102767859986,0.602073623696865,-0.914000510140116,-0.293554989935812,-0.0321690012421884,0.176409177055521,0.198393411264279,-0.445087798927924,-0.0382613163715707,0.271643631405042,0.539615855447121,-0.0846145779754749,0.630439450342081,-0.0759187591387115
gene793,-0.129739678864637,-0.234671916112754,1.21217468289461,-0.463220962933138,-0.805360069121987,0.396947348364959,-0.297517807243185,0.22377654604253,-1.23148398868242,1.0861733989908,0.321270384910033,-0.715574670964502,0.43856659851271,0.0555372562782108,0.592204593975843,-0.842334518441699,-0.141130815465895,-0.265371301767922,-0.941157492230613,-2.0469335520971
gene794,0.710199317300152,0.959468608699313,1.08576618446596,-0.352211205770242,-0.22854213956517,-0.574439314444163,-0.333562452883489,0.624355124592923,0.0280580002224186,0.557375952872375,-0.343959829976944,-0.661033769581906,-0.331633510383389,0.487097615837809,-0.337116228514927,-0.610121346859494,0.117420734224991,-0.051315003617726,0.332229173263564,-0.91237918410446
gene795,0.226322797457665,0.671739641494817,-0.650403501975038,-0.0557083322276436,-2.43398347917418,0.154361492691597,0.0740566162952924,0.273230485858401,0.443477642260599,1.25124904864184,-1.6452975475525,0.360742239949988,0.72823458206806,-0.627002233730741,-0.235949483305404,-0.591619629980084,-1.10664732000275,-1.22698858481665,-0.346542641203877,-0.436296632318174
gene796,0.174075290905636,-1.01597065137314,0.212205636742572,0.352862448052379,-0.865735757027553,-0.961231923522254,-1.05676819617113,0.439070575374015,0.710083200003953,-0.815319784478073,1.33463694392938,-0.216722839408919,1.98717323265135,0.70827313358158,-0.384674931904895,0.75580938947412,0.376125375506362,-0.162672374751269,-0.0134622867926573,-1.35135096545873
gene797,0.0356076980216694,0.769593567995316,-0.79218445235552,1.209927938718,-0.243829779468148,0.0868323683126009,-0.111600264634027,1.37488032621523,0.3243778022113,0.0339508878540784,-0.241730165897352,-1.09920995291849,-1.27844306594095,0.158306556518887,-0.499976457079224,0.310762467203641,0.751795869504043,-0.352339387059549,-0.186676282947344,0.598171537144281
gene798,0.559049440830602,0.552055648239201,-0.204019059452709,-0.336387774057757,0.127309228715684,0.0442014912219451,0.63986758399287,0.732901094158618,0.78378038965001,0.0288014151443282,-0.0984245814922318,-1.2714086864327,0.0996460422811506,0.02814344898343,-0.267698209285114,1.10094239656241,-1.48479002011265,-0.638967948977935,-0.779024973297999,-0.303254248454125
gene799,1.27444470375989,0.221374142107152,0.0994999491548212,-0.0715026937839514,-0.0737937113838761,-0.183049699905458,-0.0410631387785745,-0.359889467190512,1.23724983452623,-0.0560481927347081,-0.310739761025372,1.28194577068854,1.64740528395787,-0.23690509239658,-0.202895711031908,-0.407707750650285,0.676157224448535,0.146503761551465,-0.634558205299389,-1.17185340131895
gene800,-0.190965907734706,0.0244658801210193,0.0290262159995712,-0.993951697969979,0.399104371545576,0.724219742437728,0.0711533873704692,0.846636648423018,0.300165072074451,0.630285792338191,-0.0148844774239078,0.580664933885032,-0.268931699729297,-0.277708717551997,-0.619735615357263,0.416860905532941,-0.28790777173057,-0.0152283325712085,0.80443154619005,1.0364978380335
gene801,-0.373318102064906,1.09437461098876,-0.169681923566932,-0.73341798993358,-0.304906374664611,-0.118562061708672,1.70834098051076,1.56252654785822,1.15137734895032,-1.12362124047512,0.417200180548057,-1.94228583756046,-1.8587279781185,0.546752225581143,0.252625258241123,-0.827274397733175,0.733256116307028,-0.920726224851006,-1.46372482725436,0.4658689000923
gene802,1.53498632623301,1.27735435401054,-0.463762496636894,-0.443600285536124,0.365307083109028,1.24251177577644,0.699349503725081,0.926366990026726,-0.298795716818618,0.136195765198505,1.22952456939266,-1.51640180354837,1.30926458553337,-0.86760346271641,1.57203717981464,-0.475281358858703,1.03676761482774,0.626532270673475,0.9265274887216,-0.305807119515623
gene803,-0.495431060012519,0.142501190119485,-0.387388972301787,0.108935852306137,-0.31369976651005,-0.960774036657783,0.806032198572278,-0.459990817566256,0.393252478574967,-0.0300220916918218,2.63967616224538,1.44125538951588,-0.591407528604092,0.795332856783116,0.381590155289008,0.346008620528867,-0.357571100828134,0.04749821513998,1.94533921288925,-0.740136456302111
gene804,-0.530571277461744,-0.312357341686006,1.30886717345798,-0.0240551686723062,-1.27801431957936,-0.567950774522701,0.207792088958933,0.460898126477224,1.80136472217163,0.152765945548687,0.510065247377382,-0.941536195405363,1.4156420944489,-0.753901851196558,0.629391264178845,-0.0216971222235315,0.470441169473283,-0.483413596170979,0.28624051195846,-1.00773890357036
gene805,-0.0291460231480526,0.512213031304333,0.849759112566959,0.267425172750492,-0.0674459872108722,0.917873750599503,-0.485692522461478,-0.0467482007428176,0.388829766273248,0.891972522371607,-0.532778344383327,0.263987412442465,0.646294142743588,-0.485150537985016,0.861226183501527,0.339849160744215,0.163156710365273,-0.835529402092937,0.512226670211386,0.512551276029941
gene806,0.338799802075249,-0.581472154832156,-0.497401165347789,0.1591075236844,-0.906388732016353,-0.295876346032278,0.554242424576822,1.61119802186423,0.422195869127596,-0.781301791978288,-0.48421079507566,-2.11235882393217,0.104723522858321,0.831808775603647,0.222042369909486,-1.1094284035177,-0.400961164070461,-0.503295169267793,0.233876824707419,1.85956742490655
gene807,0.413707416770711,-0.402903423799392,0.638710198255478,1.3291649743905,0.494646897012536,0.111617469571593,-0.459387967811724,-0.151988804253652,-1.37876693448362,-1.1118109540454,-0.129550840799651,2.08235310010761,0.898724057106732,0.21988339677997,-0.267461014500048,-0.132288770087228,0.110989106620274,-0.296992209650284,0.885879274290788,0.469246066864469
gene808,0.644670881493716,-0.522779192255273,-0.212503562919264,-1.0451779726035,-2.80292780700659,0.771465581573394,-0.235053841186746,0.434275736136572,-1.68250798086943,1.52765090867027,0.277248117202217,0.41627911811668,-0.280047746540873,0.586894204066748,0.797209277503589,-0.329078523673403,0.254327338842374,0.284590417880549,0.134637536237711,0.398868667708382
gene809,0.854315867386745,0.0296658317077408,1.42380378497442,-0.143248337188561,-0.288925842604429,0.154876529966675,-0.066488232336992,-0.97908492282448,0.365214738248218,-0.625446684558911,0.450840641822311,-0.25053233018375,1.31426544674049,1.11580183059816,-0.305241594825641,-0.229807193774168,-0.183309460817373,-0.646980955545322,0.338502455320134,-0.0137860802165671
gene810,0.543029097668832,-0.795592452364017,0.81427014023201,-0.0956655476274902,0.277349146654644,-0.567317769548075,0.271090148365555,0.254284818603779,-0.520790530273317,-0.584856018644895,0.069688656442215,-0.0094680979727203,-0.165151378359062,-0.831381317841151,1.77523583098839,0.160143566218535,1.57216260229194,0.433094415504512,-0.645827542022178,-0.259200259096597
gene811,-0.0553632052985177,-0.416209052742834,-0.280611402708311,0.513844674627346,0.204419105828777,0.989919157499941,-0.932728010104234,0.470179319261427,2.07107148269767,-0.160022991849544,1.1475132031901,-0.385402280348777,-0.766009947792133,0.899631988635961,0.788418720234826,-0.62926026330983,-0.0797444865059188,-0.522040743739301,-0.0228601652671455,0.564663217422635
gene812,-0.60251892023032,0.939270877268941,0.49027639580351,-1.32534017386974,-0.58246313129531,-0.413805808066205,-0.248500315883033,-0.0860766438545484,0.137909592283679,-0.94727635395366,-0.537127867315882,0.208933502104854,-0.0312320732408782,0.14754187744495,0.216395092463291,0.865238345617845,-0.0917286284426099,0.765102187129279,-0.82494528057575,0.963478655953251
gene813,-0.298835854021727,0.413942665730948,0.0095754856507512,-0.69255350763917,-0.0722163368950151,0.647178929382623,-0.421888653439668,-0.0077042354865284,-0.161388323453701,0.766017055919386,0.43603053154694,0.715432559300602,0.018807465441354,-2.0772320423108,0.522541640010736,0.353678211075322,-0.163633674927104,-1.72791423135707,-0.687138856226678,-0.622915596294258
gene814,-1.09413834606862,0.458013889464415,0.200827412675096,-0.995196270687151,-0.348277475198047,0.0324121031004831,0.698589192089983,-0.596114181491986,-0.302667732978729,-1.19356263099409,-0.409849991670845,-0.55086096751634,-0.958857831370269,0.652709756837509,0.399376008012761,-0.465625406814281,-0.892036598950369,-1.30014890867992,0.504476718906969,-0.270390240001316
gene815,0.146473306614197,0.348080785672457,0.855159977468137,-0.915356172503389,-1.04289142419335,-0.398749713602799,-0.339603003384467,0.441632250257102,-0.693143664434009,-0.611538729495997,-0.695136991165987,0.68472855101319,-0.959082340424903,-0.734614495977054,0.785663854363388,-0.097777093692358,-0.206299073567487,0.918672785042113,-0.0035574626605835,0.104408786886264
gene816,0.479506702551172,-0.937406918051236,0.544581682015398,0.240669877293548,0.168250089617027,-0.669114173494376,0.0516425785150183,-0.770036834697787,0.191105644468083,0.89399817382577,0.69635055380754,0.228577285111665,0.238959929437562,0.0921150460493966,0.0388666074339522,-0.710479285079311,0.373219265579908,-0.983046323198486,0.531235367272779,0.072858913558807
gene817,-0.367810110516237,1.20282515334203,-0.939049935540322,-0.366200189306221,0.0295819199188304,-0.817961260229934,1.60227570368205,-0.875863816597806,0.630159106566578,-0.817922575633821,-0.235307884542926,0.346246042116392,-1.00282563624305,-0.465201079252565,-1.05611948705109,-0.354683370661359,-0.2579926628607,-0.0330955250432059,-0.400438352610072,-0.97904527190116
gene818,0.0020269848247446,-0.181956660580271,-0.395238753436193,-0.603437447252756,-0.228800877109933,0.0986039614057539,-0.973887490546855,0.545171802533416,0.017762081701349,-1.02364042414402,-0.975213205310497,0.520801739167736,-1.12636768224587,0.783575987570155,-2.32080856806585,0.489195351927951,1.1571175651718,0.911076476400814,-0.757272817067032,0.698154133429736
gene819,0.830272473544952,1.91926046026311,-0.0104875481458619,0.131079811109517,0.665706859388751,-1.07245246705197,0.711741259031018,0.670504858102787,0.312111117945106,0.0129422706267406,0.689425510650365,-0.656468760228355,0.0370358826998487,-0.334766375779445,-0.302518091048474,-0.059878373616963,0.0378569071848395,-1.00417613419602,0.494050640288063,0.364691617172574
gene820,0.226416260236431,0.158967727945763,0.494300491958927,1.23912024616571,0.474164347949263,0.588041735652923,0.251908255200085,-0.582819085923355,-0.543349168646157,0.0035776520787192,-0.284563044259106,0.5218234677697,-1.49838365577379,0.617607523018393,1.31470180235879,0.480775687213122,-0.851191496662072,0.615437099399218,-0.932514596931125,0.235477475170502
gene821,0.513061789537158,0.0958020594745129,1.50847576155273,0.635395447458614,-1.45747893968599,-0.26326996434703,-0.279385749124494,-0.0691091018615372,0.535960000252205,0.692448933977922,0.270697298219259,0.0235077463842289,-1.02568429582966,1.2003476888196,0.328409084002286,-0.127295515048512,0.680130958820756,-0.346358918757722,0.140924187031097,-1.86171598868357
gene822,0.902715012711111,-0.420819056615622,-0.0263674215363718,-0.363320972293728,-1.26173229658151,-1.03509679045961,0.553429815435148,-0.401119773607064,0.562556736329681,0.695740775525872,0.514821830364239,-1.00679583214728,0.768697880169505,0.264378187425115,-0.674410616066403,0.303603261732024,-0.851789569153841,-0.477676993452622,-0.889129529138169,-0.49209210274547
gene823,-0.161115374426874,-0.17214143241857,0.27434812187648,0.415301534016673,0.405094488955821,0.453646281316293,-0.106188096528284,0.510181518673029,1.12997598580209,0.922300215669646,-0.0868297873096407,-2.11669329629263,0.619305096053082,0.0029920937282347,2.39343372255757,0.103507743654677,-0.650111055655599,-0.0978624220337755,0.94377619395526,0.974919246984842
gene824,0.218892982750317,-0.91073394950231,0.384069766232202,-0.42103062566655,-0.497279839819115,1.0212305822221,-0.336361619240034,0.134655429624639,-0.30118921652297,0.477403900133844,-0.0162397262541068,-0.310283196369242,-2.02729741575247,-0.613041390431666,-1.25481130044062,0.221327264327109,0.135733076829222,-1.13488790486289,-1.17274937911405,-0.170026924448767
gene825,1.04548960259129,-0.533068312441059,0.0935385869963904,-0.670685998467066,0.0424777032591538,0.6929884375025,0.458122714029127,-1.14622014564745,0.300395280770115,0.0653748724415973,0.39666121707574,-0.795050233160004,-0.054055538845834,-1.91634921883114,0.092587811936232,1.20430544913263,-0.438995078970175,0.418228647425623,-1.82679240235615,0.081860491336124
gene826,1.33181038818944,-0.389549924589243,0.722781284086686,-0.0925818831165964,-0.236194937219585,-0.598913978663424,0.10031651016537,1.42548299068266,-0.0285855389319846,0.548549524679181,0.0877297048749744,-0.229381899003426,0.542811746871442,0.0745929823885658,0.54188344754301,-0.460192956599065,0.0923948231130474,-0.348995403300805,0.167062322334888,-0.20151436692444
gene827,-1.31810124570384,0.678013652840126,-1.10800466742863,0.464253497642387,0.328685638568674,1.03726896957521,0.151530807716706,0.284981446430578,0.0181161193537322,-0.849486813517797,-1.89173617811691,0.0375567341798264,1.13980646671047,-0.370182826544995,1.20552525806782,0.678493612691584,-0.29535730473219,1.81916150616445,0.576227567116798,-0.285411001314317
gene828,-1.11178319696422,0.743149717472337,-0.68464395766255,-1.10364951000375,-0.0132303500710734,1.09471828685991,-0.0639672163052745,-0.0992456132140083,0.302266469238115,-0.242811777729473,-0.506799957667156,0.447236276478591,0.725694149875295,1.75713526029938,-0.775365207431473,0.0612597280635886,-0.0489989059442183,-1.17422927760493,1.36432860354932,-0.479820601111015
gene829,0.718060188775097,-1.06447331277705,0.277839293075743,0.637361265948242,-1.74638023654086,-0.544963290798477,-0.68876204931122,-1.25177160401832,0.22172433342109,0.282198938339555,-0.445592560977225,-0.145905259655635,0.459649329342508,1.11744367409826,0.639631986491268,0.0197750561239281,-0.806335161923157,-0.709828696767959,-0.731037668469437,-0.395156585496606
gene830,-0.742015503699704,-0.0900213122042706,-0.494749385444367,0.103941252612069,1.21158792178599,-1.40094229945429,0.294852785737885,-0.596366316217814,-0.892392022435152,1.0873935166883,1.60722373056849,-0.164686510117313,0.0406025935549161,0.278908775903945,-1.56777677011123,0.937541207210491,-0.842063024963327,-0.143413221625813,-0.623552639816254,1.36761571335268
gene831,-0.434132627705934,-0.730642308055862,-1.31345002068924,-1.49384029496036,0.777641303371574,0.255098000439616,0.0481282095252647,-1.93427374952148,0.440375584883384,-0.289773605353419,-1.73292268409965,-0.0472597341485043,0.567464911396694,0.379150763857221,-1.00601540943929,0.96778598669006,-0.818619325548545,-0.588021942996937,-0.0830690072137052,-1.32271146997069
gene832,0.171570288321957,-0.33419529857019,0.600102094383462,-0.662728528352884,-0.188819759466934,-0.568326113929426,-0.64300164242638,-0.390979948537969,0.264030521111559,-0.845477803175083,1.39137592574068,-0.415885538924532,0.419770446867332,0.963221680639047,1.67400501824646,0.72457114002045,-1.08965733190892,0.123325700551079,0.279981303714825,1.37440751750362
gene833,-0.0109913843060426,-0.022176568532764,0.273008259347373,-0.111795424685525,0.0010788700692755,2.0707623724926,0.0802442660674462,2.05842517214783,-0.973589152793741,-0.99746472837006,-0.939604630026438,-2.23997593007948,-0.412837579666022,-0.324481062954572,-0.395007433568605,-0.641293580727734,-0.0639370178365162,-0.10459813601515,0.0919532786282857,-0.266866440453782
gene834,0.0635178846588017,1.70273358990045,-2.32030848499419,-0.86740182505703,-1.02102483254006,0.225840328037769,-0.471077747990028,0.660280234584509,-0.487683985461134,0.0735062413534486,0.775117426403361,0.397414418428549,-0.230189773214413,-0.586183965181855,0.516264107166022,-0.604525751952866,0.725125604247455,-1.78740527451229,-0.578149361950634,1.68070203869029
gene835,0.341003607387731,-1.57425371422611,-0.165837672363664,0.281475781651317,0.298298903835468,-1.0467709285442,0.812891621982271,0.838010874612085,-0.654546521321451,0.150852052938212,-0.940131150437011,-0.0830000344170108,-0.741445595284828,0.400234377174726,-0.204099671452113,0.132612296562214,0.0958414873047274,-0.734247083684979,-0.845144897266735,-0.0558523133864466
gene836,0.0929294732893843,0.455942554147488,-0.140863845007953,-0.457463940744109,0.393027166965996,0.920560900153522,0.979613721997927,0.308956492503514,0.707619309599843,0.181684505053183,-0.501221769187412,1.00172407492444,-0.302777102134441,-0.807048561341105,-0.402829876577407,0.964901028908558,0.608254395814884,0.102798023547297,-0.860356523809287,-1.05383973864884
gene837,0.598635987779526,0.684026677161843,-0.135772554841943,0.673365070950847,-0.0474811338474709,0.940348364444477,0.394585389067506,-0.361410588278974,0.934318103707393,0.658046829345061,0.617206659503763,-0.341980304534467,-1.31077485889983,-0.632530678293554,0.105565598220633,-0.899699876893393,-1.35819995775715,-0.743215869250707,0.353457567592084,-0.312445143299038
gene838,-0.728755918231166,0.843773888953578,-0.0284819031586774,-0.403199298347407,-0.514846389242113,0.584470945769174,0.367808748357283,1.30547598567495,-0.373658775787639,-0.415889351180708,0.333251540398799,-0.929977912967517,-0.792430356662941,-0.927477162568188,-0.26092706246196,0.0672007718574313,-0.249602824303176,-1.45310378598403,0.323911466124518,-0.42366501124336
gene839,0.0284036133979481,-0.616897459116415,0.390512382105422,-0.756200853109887,-0.947256286758178,-0.873364917838274,-0.351149214964437,-2.63439357622092,-0.162675665233549,-0.1313445841178,-0.215769274602672,0.191019464494898,0.834570637936032,-0.0935106417652159,-0.297041393943508,0.461736061398729,0.166144421650278,0.636159915389622,-0.564122369858687,-0.0762720529533536
gene840,-0.402256580859571,0.932081981632384,-0.0274360982156575,0.137231981904652,1.43409988454703,0.521283551365254,-0.543464005161132,0.13582871007879,0.675131262347029,-1.0410821813847,0.760777343434657,-0.201909464492021,-0.21110515990057,-0.378844500476966,0.57673501743058,0.605475465704783,1.2287985474729,0.992445854208225,0.401431335378479,-0.186189620606173
gene841,-0.817323490257526,1.17447825239433,-0.369912636180785,-0.0381964585735892,-1.15112132963423,1.40453716213004,-0.747438559205879,-0.22295289657297,0.493003738978651,-0.861913216509409,-0.496454984673532,0.523062151317353,-0.218222178543276,0.464309271630744,0.411898460766233,0.608186061116223,0.787074671482107,0.135813555707056,0.4670245463898,0.241140422729917
gene842,0.461184785570312,0.431134613692852,-0.136741047684477,0.295312047142364,-0.197781942573865,-0.287425050278216,-0.634789269792134,-0.449722511185724,-0.393088856948135,-0.452220347674822,0.10403576338488,-0.379584081624752,0.89299406828355,-0.205060801619955,-0.686579720252768,0.362840969495102,-0.680927418604977,1.02342671209728,-0.4146952919974,0.295441877026016
gene843,-0.205331807280731,-0.056739880714655,1.15070155239299,-0.0806231704544264,1.00535012897886,-0.479419384512086,0.130213573330768,-0.729280322269676,-1.05837475510134,0.0677295600306765,-0.150832448813015,0.918371130282382,0.0304997113786049,-0.13447314153972,-0.435838118263437,-0.727601929342313,-0.686031052932777,1.46247979661153,0.672817015874745,-0.695412734985529
gene844,0.79850084493032,-0.197977702322587,-1.36936104923544,1.04898489688458,-1.11447216976232,-0.631482711245791,0.916944216641269,-0.940703941391046,-0.548199953450285,-0.490972554784263,-0.235682202270234,1.21108060812033,-0.532582549632332,2.5942836677227,0.0905378973145697,0.333923195752738,-0.649514616492756,0.473646173286708,-0.322214379591337,0.247200450128232
gene845,0.0765891869929282,0.230588713742802,0.0913028307187422,0.439129066556525,-0.535232705840925,0.711657976414731,1.27958421492502,-0.322853420146936,0.0206291755069242,0.245165992087378,-0.327016771605463,-0.171877836471293,0.987878430718661,-0.357261590627392,-0.0255520484260816,0.698578201108556,0.900910398144906,-1.87645763012743,-0.158762513267492,-0.947125477984661
gene846,-1.30261109013628,0.0361005852581918,-0.659791663654163,0.272721301807341,0.0293758013049558,-0.762078963118344,0.836164336095978,-0.504447099356291,0.415486113538726,1.51111170548012,0.336930668704704,-0.487717401689738,1.41489478131659,-1.2433352959292,-1.22245040644747,0.769822896189341,-0.0403456482621433,0.220484639033428,-0.107312010148696,0.717019080132314
gene847,1.23664329655788,-0.592450688689124,-1.3335118264262,0.393755287892365,-2.22874350836986,0.754241244644885,0.890561917966069,0.127475689729691,0.560171212154018,-0.953240088421909,-0.617867326285365,-0.0972309684656356,-0.711774018499508,0.603080592540943,0.457407863898136,1.33764521752963,0.941535742373043,-0.267545017013511,-0.945613274899944,0.3914180025612
gene848,0.232035145447849,-0.0909431130711841,0.53166693728016,-1.01736776715135,-0.0692851250916155,1.60646918167741,-0.684322366986193,-0.0793404364607855,1.30747796990827,-0.621760070165422,-1.24982794589406,0.519818903642476,0.710505165913811,-0.608517314959318,0.0428551131396234,1.99894765506827,-0.10917802019426,0.806074971624476,-0.90297240073543,-0.882793077384622
gene849,1.75144828507832,0.127144373722498,-0.411740615649377,-0.518418454276024,-0.188164296033888,-0.0721609943615135,-0.305184896188179,-1.3945719938775,1.17183808716506,-0.958353454951617,-0.538981582848125,0.172973570637667,0.730123325735452,1.19435975210045,0.355238114187315,-0.247119421160128,0.631341764083527,-1.23359298222517,-1.58384010828349,0.450768448819703
gene850,-0.945508703366381,-0.0880556621112338,-0.307961502360539,0.0421694431233261,-0.103773002958894,0.113806487053556,1.0321048457664,1.05996247396757,-0.336843457013889,0.286209629064052,-0.0745162002510231,-0.12377160174968,1.49489688703718,-0.105886846040035,1.48220180664167,0.288501568422398,-0.918426229662372,-0.0918592215601413,-0.568832279041172,-0.488344874775691
gene851,-0.0439791720125927,1.33013270432997,0.0749506912210709,0.839120885205368,-0.599023507673148,-0.360122592114222,-0.985864686525245,0.8948503925106,-0.847471670029867,1.3159380844286,0.328640679205644,-0.319336218305186,-0.233908079378482,-1.01909742281165,-0.160792990201371,-0.690778843264798,0.90234364972756,-0.171349547998676,-1.13086322311856,0.367579928890318
gene852,-0.977546059414804,-0.47645420462272,-0.399789313324094,0.35635954762237,-0.37540133197398,0.486548996336467,0.770035262173865,0.51373441414137,0.0404481010924195,0.616879890815691,-0.0838539260725819,0.311997561234864,-1.0696494179761,-0.803255372615031,-0.62875205640709,0.564486104589246,2.00869732932277,-1.04640841471415,-0.266273550465018,1.25708298799448
gene853,0.346239192842391,-0.081453177287273,0.426780789035969,-0.817058550777477,-0.153022115662275,1.50561305818065,0.0199771532342578,2.34672418918372,1.76070705219113,-0.218654096223425,-0.431042688432172,-1.42785230128929,0.591575091554579,-0.168038703691552,0.174520014613805,0.520476214483529,-0.600782145740499,0.142857762015207,0.176478195242578,0.529279239433956
gene854,-0.449669645648993,0.368762646410346,-1.29909472322534,-1.0892031859811,-0.161425804497883,-0.876203287444928,-0.423666484318959,-1.16159559874295,0.349326828462046,-1.31118200086805,-0.982709107691451,0.756353893172132,0.180479309854776,-0.419784724830938,0.456295580726458,-0.891285537002182,-0.344694596764152,-0.686902362788647,-0.491528789025051,-0.217051204602174
gene855,1.02716621141551,0.183614257277825,0.892043564956174,0.50943697758347,-0.893651720776647,-0.149275829185636,1.23322879055875,0.284889355293771,0.633489568772697,0.112458996164885,-0.0156637109961198,-2.92622311917858,-0.673796267567585,0.891220458838472,-0.828170513329193,1.82535784730568,0.673648188455992,-0.142619303030545,-0.700628233551393,-0.107998048248349
gene856,-1.36400129526244,1.1579805924336,-0.754704909323772,0.0202165155695783,0.294212578941049,-0.825219600651095,-0.370519055586636,0.119224876469605,0.060948204059214,0.270256360590383,-0.10413866177947,-1.11570923633478,0.0625147528604265,-0.0723961998944945,0.622666173797195,0.318105473527914,-0.634395256363406,-0.606072333925668,0.757348546301553,0.0854510965413625
gene857,-0.0729613511715166,-0.120714905641867,-0.491901645551809,0.406110844575195,0.304720506228619,-1.11474276178846,-0.463269652217678,-1.68320249086484,0.683841584902087,-0.0065305675108846,-1.28439325501681,-0.364002879214616,0.682767796937583,-0.155111114610104,0.363217262060338,-0.0234127773587466,0.38168653171318,1.10234160517992,0.320423032401896,-0.987554520745464
gene858,0.660193826183072,0.493719027515638,-0.0152148494483252,-0.866111881271596,-1.41131340665965,-1.05010113938919,-0.464859746849696,-0.41896275251429,-1.3389979018024,0.253842617963475,-0.681254853651789,-1.23152270902323,-0.648193802984388,-0.759142361425327,0.583135767242222,-0.165947088658072,-0.778358756420708,-0.6626258961609,-0.921094908802204,0.897748354873684
gene859,0.407980111626543,-0.46405377164265,0.467165313564642,-0.21211134665403,0.100970549311929,-1.3700191102938,0.891188578786524,0.78617448604359,1.28414413617063,-1.61127165913676,-0.767369900544461,1.59508682266523,-0.485087638457924,-0.613200544856218,-0.474283061555504,-0.604348852634463,1.49889640226513,-0.525834236247303,1.46398417626048,-0.380073437973393
gene860,-0.0885565494902888,0.993110529086458,-0.13650858037424,0.865544868908319,-0.070942635687167,-1.2838298521372,0.205040013947753,0.636537484897743,-0.228768451085747,-0.541277065642612,1.73663546012136,1.23430951473363,0.415118758450461,0.137185164608456,-0.205447302608918,0.13033921526016,0.160495868917273,0.126417880463915,1.32829586296244,0.0074394681323213
gene861,-0.265759915901661,0.541384424194248,1.13890819265358,-0.312471674355445,-0.0374012729256348,0.99170761845483,1.05590236221221,-1.5476148046915,1.30486018837549,1.13717292653885,-1.47176522005246,-0.263941393201901,0.263071969160279,-0.0542756759504282,0.0576185647331469,-0.352288575002057,-0.522406111061475,-0.403313451096408,-1.02641375752625,-0.229726024322982
gene862,-0.578841060496115,0.220887337454949,1.59658083254952,0.59544786194605,-0.287585880932294,-0.875788003702772,1.37592710382572,0.411335059593807,-0.969961610880888,0.909943676731652,-0.579175943445176,-0.0271829251568166,-0.403332216804994,-0.464256616659416,1.06191943609394,-0.765689768229877,0.175762154970423,-0.266484249361225,-1.55573333335864,0.772545435503474
gene863,-0.0494253797642057,1.35174633403634,-0.32385430167394,0.568863958507726,-0.410138927026188,0.287298453953457,-0.336170145933106,1.00363460902399,0.608336881006097,-0.616248326808915,0.176765519588782,-0.302021175870538,0.407949673626237,-1.58456433407566,0.0208232902636138,-0.307149156016328,-1.13437387830239,0.618365760509922,-0.743436483622659,-0.0260433430297343
gene864,0.622246018338295,-0.184754813425206,0.546405970879382,-0.975624455429797,1.01967253156676,0.650574551429818,0.8181479854201,-0.0338102178156827,0.180843269838466,0.2245326941601,0.486866115600677,0.952063931914589,0.0205138528642073,-0.960190675129236,0.841525178349084,0.78348660079949,0.28744645703162,1.11074013510643,0.468915415018948,0.0629142769626456
gene865,-0.153044302578341,-0.0871922925916748,-0.472972538158656,-0.450677524868973,0.322963185121404,-1.67228589450951,0.440985309288953,-0.348828080102184,-0.944685761855659,-0.780855697253751,0.568156338034583,1.6326402281124,-0.677688606240669,0.933607473099363,1.08306633116368,0.605089508095317,-0.642495711531996,1.19866880586457,-1.09142337225318,-1.34484159653948
gene866,1.09228554162357,0.199293124400491,-0.0705412588615257,1.10634070342332,-0.375021985126375,-0.0071356459419318,-0.0185546429490881,-1.31453440530181,0.318145095751194,-0.0810518625209534,-0.135496380895969,-0.945862826915015,0.0226939929539248,2.24475393710198,0.0968966422952509,0.237563752672246,0.375134613573858,-0.894892923487093,0.2132719262929,-0.212242342783204
gene867,0.563713767288475,0.538403141952737,0.166610449804747,0.365402483807604,-0.618525761932951,-0.663592320655615,0.428347071890394,0.614465354806951,-0.295440600907565,-0.245198025886262,0.329511949004196,0.771453871982628,-0.35149137239541,0.808966572712338,0.495871211485697,0.145172409687917,0.381261278932186,0.603545438016578,0.0726317743925389,-0.586174738768865
gene868,0.535797248761348,0.246065482506272,-0.852122052945466,1.28862790207503,1.23230979931268,0.685973320536209,-0.302598908676806,1.16835259378462,-0.451219894278718,-1.09451639525622,1.22735173612992,0.573702057984095,-0.342337661823293,-1.96788177087765,0.156413419588185,0.902840930395099,0.241261505050052,-0.146344388538799,-0.183432012328738,0.79276158880114
gene869,0.0324745190747093,0.842433727684238,0.0779880637199275,-0.195303316583821,-0.015902363495061,-0.02175862304806,0.887511632892389,-1.7327311576026,1.05144723490063,-0.381198291041155,-0.636431257859268,-0.390916602257096,1.29593135292603,-0.699594460533498,0.315037641953576,-1.23920257226112,0.963111312240329,-0.43107558362372,0.396324758253869,-0.742101044667633
gene870,0.473625430448306,0.225515966445789,0.663712669251916,0.234466112278552,-0.266133226100082,0.661202075124372,0.486537390992355,0.466922695577125,1.00010605439747,-0.495572943443997,-2.17288809011627,-0.246068570381515,1.4195039313839,-0.578466509303689,-0.463203832561284,2.40359147870137,0.0262045837278237,0.176643144754096,0.239333704237561,-1.10496252427317
gene871,0.0510925187035048,0.418583461133001,0.022086178585673,0.570393132426187,-0.826899633986385,-0.18066785293909,-1.48070955381229,-0.713823179058931,-1.33812512101254,1.75968266010783,0.0049656081901386,0.6532487288154,0.779635953610623,0.131285133201739,0.211599400586257,1.31742353394768,0.328706936578352,0.477746932607902,0.442944219610534,0.441903272288072
gene872,-1.49028514661359,0.456836972234297,0.684017757000133,-1.14785186990105,-0.262789728579839,-0.597139584970772,-0.143504344177496,-0.642737099959565,-0.603972343439384,0.619975418624138,-0.582332806791482,-0.725203975714181,1.14433455994745,-2.25293533456835,0.354424630434598,0.76288337200401,-0.100449881562486,-0.140156441884767,-0.792775572337178,0.590450409859356
gene873,0.994013201613895,-0.109235861493629,0.636143031750338,0.435032566428667,-0.696791662254289,0.0047475018415532,0.288120601934192,-3.13779973049806,0.633238741991398,0.822984509004278,-0.977410241768982,-0.617219821609115,0.378242233262078,1.11561750812918,-0.199488210414822,0.330519136266678,1.10734157939094,0.819325854663832,-0.0743008224799258,-0.471808214149424
gene874,0.526264923887727,-0.9932131317316,1.19405368069171,-0.108944348419837,0.982879435129135,0.873426868516846,-0.54353559211516,0.0951223304367321,1.13545571912683,-0.222874700165459,0.657457470269046,-0.760032997317727,0.262531570130603,-0.224988371882263,0.979998398873348,0.480020580312569,0.224179837466864,0.184088496276968,0.364609050284448,-0.310851858851651
gene875,-1.6941135234479,0.152339314242739,0.0645068443036532,0.0014146723010533,0.134282760106138,0.890029832519142,0.295365406205892,-0.54449127590638,-0.123804503972848,0.191247911115955,-0.64021813104332,2.26126343035609,1.22561065115391,0.509662879366253,-0.625295787660793,1.23746148316224,0.295196919600826,-0.131699552092712,0.576586632768335,0.452195945518619
gene876,0.727759827620057,-1.18696025885001,-2.94977117745612,2.46914886033016,0.856355371838444,0.0893089548838765,0.383537981943728,0.780986000847732,1.47927670296062,0.659929052688494,0.412104758630043,0.22613998135264,0.259527931243898,0.509878655797273,0.630714600513081,-0.733487453006019,0.47745069535207,-0.465655716534958,0.933679211113344,1.07884711327935
gene877,-0.311659161426952,-1.10545231971565,0.393605313628588,-0.616519019596962,0.136988604740277,1.01484883782179,-0.739656194845736,1.63956669921628,0.0969999364298023,-0.659268599681665,-0.812059871625015,0.471859046424793,-0.385542004864992,-0.960500608995828,-0.221065879302408,-0.0708079202086538,0.374990263186388,-0.498665110774252,-0.669070689935857,0.484932630979242
gene878,0.14678337465661,0.513458236975702,-1.28259893488861,0.382539004562054,-0.0938428349333519,-0.918725664811484,0.0797142408836633,0.0188166175005032,0.612608375725849,0.450961531527656,-2.24691270861001,-0.282898449466503,-0.167775650047939,-0.474693624204775,-0.950391019496936,-0.258885956186826,-0.154571625640433,-0.440762085528473,0.105306668452738,0.45831650280312
gene879,0.761698674248339,-0.529062454931741,-0.0515109097655616,-0.313775935822524,0.244130254055353,-0.375179897517253,0.472676459329414,-0.794243647990823,-0.0468010582857813,0.520888272048627,-0.0898731528988525,-0.378460645962315,-0.351588204544917,-0.263031550991606,0.946304786990685,0.38064346934034,1.28912362436924,0.365316285250271,-0.960006684447782,0.153004456483314
gene880,-1.04989865539472,0.693672686936299,-0.0887482298058521,-0.830079359022055,0.895840379752296,0.965005834583547,0.19142957259092,-0.697797158849052,0.527960837998105,0.636191766130487,0.0497169914291421,-0.390615128507701,0.263463703830294,-1.08024458884469,1.8975374127817,-0.393426825705274,0.588130723916538,0.461406474025277,0.410336105743943,1.35607521361047
gene881,0.575491339439219,-0.181650499771384,-0.22035072620896,0.705216085111223,-0.779997154592075,-0.0769279397090153,-0.951127913421472,0.403540356946051,1.63376723898887,-0.369080847613086,-0.367312176088873,0.774983201430188,-0.096286257933965,-0.18671711412639,0.638624657811208,2.09599597583818,0.780962844859582,-0.136425271911873,0.382134089998651,-0.140284142827272
gene882,-0.291619828818635,-0.030512264583183,0.907712062605233,0.253781777458098,-1.2277353278465,-0.633236738925922,-1.77946342721881,0.394019102132051,0.187172749769213,0.595310796018682,-0.441045440699062,1.6358832397885,0.36239712500787,-0.285157470952669,-0.996075757172361,1.63708199106729,0.340531687478228,0.148715134612387,-0.275269062831628,0.612921156227019
gene883,-0.114811659332834,-0.891680870121825,-0.517923877152908,-0.491307426019751,-1.64332777536941,0.52021649500553,0.205206502156754,-0.550959120246179,0.774728157447406,-0.291602274373076,0.62685116853964,0.41413713177158,-0.445180928846924,0.407751053329749,-0.47878999809372,0.769993364785103,-1.47395100308577,-0.0158390895462323,0.266414421904716,0.207807091567132
gene884,0.628991172810542,-0.581257338225258,0.604757773801896,-0.982131604597296,0.351106966665848,0.275529745382816,-1.04730542928525,-0.349579062782713,0.581505253102752,0.608090979592014,0.274195970226955,-0.733849071650271,-0.047067730348162,0.175939008097756,-0.628201416234701,0.763966232940956,-0.152609423556712,-0.0520416905921537,-0.233238840876683,-0.44140800107997
gene885,0.872744835696149,-0.359819553187529,-0.564521384115044,-0.219689945414404,0.0647789837348875,0.109413034272315,0.0018550463676408,1.10551684376808,0.676297670923994,-0.814506213361786,-0.349977350909477,0.907789547954028,-0.666784557832491,-0.0523463681130676,-1.22733842255349,0.326552864597791,-1.48741657502432,-1.32298736592865,0.628397258517665,-0.986106339909746
gene886,1.36236383894915,0.543129549100635,0.0554683793983549,-0.69319293758557,-1.30322342199876,-2.30255172680065,1.1485411353747,1.78229242668902,0.0802608068655397,1.80023770625133,0.0909855180121597,1.08751297636798,0.806639587878592,-0.954364742059017,-2.109278997104,-1.00040892326275,0.397131533014095,0.453642744084289,-0.573475326915261,0.757046567287196
gene887,0.320491744041502,-0.248111171274684,-0.19826351373774,0.298471248300873,-1.73136565853237,-0.0619853084752893,-0.26935601384298,-0.225764019173088,0.927646185540949,0.804018467851204,-0.115296854934314,0.588968282828437,0.318062377514531,0.875859293877595,1.1240299947903,-0.117861442519827,1.37419763170632,0.159653581562681,-0.148898261143783,-0.449458755678918
gene888,1.3562333269469,0.659413679759868,-1.19817136079509,0.656453936849838,-0.296455459896633,0.199557226444064,0.036865512241036,0.926593836870227,-1.2344197832285,-0.136444176190033,-1.18686630983483,0.720320335868171,-0.978204576032272,0.74826922566457,0.357994637317884,0.423438826689432,0.343519894641019,1.62901196704863,0.686730288657765,1.03744894538575
gene889,0.299043099025469,0.490074603507442,0.299497054799887,0.72644997309907,0.923625360299989,-0.104855333553714,-0.144431120503721,-0.0781375125349938,-0.346010238760601,-2.09586805448623,1.00351988693962,0.658733652880954,-0.139624133473509,0.494695773622589,0.158914564221426,0.791955555509348,0.0744655653293924,-1.02324126026739,-0.277697327154085,0.129287718197259
gene890,0.506570025015508,-1.1283106023134,-0.124671444207207,-1.03948666155186,0.0163556087210786,-0.574664322658618,0.0287917626042028,-0.13105487357944,0.413644686679278,-0.863304895420702,1.58959359717696,1.01417279656352,-0.678810746217462,1.41348855044633,0.102310515997525,-0.227116677532879,0.0149540246346924,-0.186689359455924,0.114711956133809,0.576637577864466
gene891,-0.9607266373489,-0.0511394134599585,-0.35802508374205,0.399696507685072,-1.69655465029452,-0.573171270836723,-1.40965629362315,0.0797579770789557,-1.14432343187027,-0.255675431193793,-1.5755116978028,0.143826477761525,-0.0788065083870932,0.303334587616762,-0.409864091192445,0.305779196552272,-0.859718178640412,0.713607001959432,0.0229462112196477,-0.236293294345905
gene892,0.198240144342529,-0.576312023995497,-0.283441067835553,-0.376356051187525,1.63339313252053,-0.91375515442352,0.371688218467228,-0.130212711580554,-1.01962930626355,-0.0536949833106581,0.985017559573679,1.09211465019164,-1.06410917908471,-0.418514257489303,0.322419667504384,0.915249220446258,0.623288557625864,0.0073761627739888,-0.462577716777128,1.37642532050783
gene893,1.50044621487177,1.85323293435785,-0.372442182629457,-0.105382502344226,1.13547320743918,-1.12302110084887,0.625080510540332,2.12033146024049,-0.451469357530875,-0.275407314127609,0.773025419024204,0.148436972346702,-0.571717427582753,-0.116755696251854,0.326622678992007,1.29879349658799,1.42223947375565,0.0892217979763026,-0.691314399301907,-1.16723146121688
gene894,0.697299799122008,-0.22962655216055,-0.505079353222312,0.964618834770784,-0.714703681786802,-0.0355147478538406,0.28347948255879,0.238227477472211,0.554431486274113,1.26808152188376,0.215309398303626,0.923822838904957,0.270942346536738,0.0612240920580641,1.2660773895447,1.03818784388572,0.109613006676817,-0.523442453918454,-0.244929786051567,-0.104458719871891
gene895,-0.793766050678094,0.846970494781584,-0.179608752259191,1.15452793717829,0.530210718898032,-0.67053523880874,-0.819092817622988,-0.994372297190221,-0.83311424742703,0.579529476479373,0.39414382188074,-0.898011474454231,-0.171733737320376,-0.158670540739461,-0.502834554737224,-0.19193304355592,-0.733186858799513,0.597516548716246,1.67217885246492,-0.157469647662985
gene896,-1.44554378681247,-0.946013247967163,0.218877960595521,0.016118013201205,-0.462733063805442,-0.878029422361697,1.17572280685888,-1.28993178782637,-0.695710951644822,0.652615062627696,0.212083055010327,-0.430004234050546,-0.21004536046131,-0.335472307764501,-0.741090148493992,0.526684470815827,0.972855629005763,-0.141870116287156,-0.428287439579253,-0.175841189332717
gene897,0.0833167117382687,1.89593411255689,-0.406676094030597,-1.20223878119452,0.425157365415746,0.381462201715171,-0.51912741421286,-0.832142909936408,0.01980665314473,-0.650610880506627,0.753537908949596,0.634540590218062,-0.455850823864878,-1.17929839536527,0.253153402058148,-0.757073427091518,-0.794283549824326,1.3097040507576,-0.128233798010549,-0.798881040691703
gene898,-0.188816900987394,0.277678744999612,-0.135217544857893,1.16488594669243,-0.285209820201705,0.893735731319959,0.176028429855844,0.603477236977463,0.668062493176312,0.0633132566781423,0.203469693805353,0.750160452625879,0.634323510965774,0.915611997067606,-0.0183865261693311,-0.243686741471115,-1.24604086847074,0.141304859247318,-0.65901974860894,-0.570340792244586
gene899,0.628894430732837,1.54830067841058,0.517654168230449,0.589687943787999,-0.251231309360736,0.775507382693083,-0.441789844947846,-0.0748954472906301,0.122768747085033,0.0461207198970723,0.165697721601837,-0.0872058981196937,-0.834411712189644,0.61713172750446,-0.210198604872975,-0.16860100919391,0.189560107866588,-0.472204196604498,0.0369324492095712,-0.590129105759425
gene900,-0.127384336790842,0.686734310253962,0.732590237695105,0.699051375330222,-0.374102224649257,-0.105181187180031,1.74912581135668,0.464582904303168,0.496948397391408,-0.128257965826737,-1.50004688712604,0.89822629704082,-1.06640342308159,-0.606339695844454,0.123321443887541,-0.111214119812682,-0.500122151208091,0.0940646311690548,0.252114767030337,1.10322357152973
gene901,-0.0214547896628007,-0.982569465741845,-1.03693829043305,0.401857067521078,0.259743979846785,-0.0188529577355935,1.26674194853247,-1.33901001627499,-0.102872062278181,-0.140747500853869,0.63170288197704,-1.00006514923112,-0.140999325446495,0.72388092440465,0.0123537701565738,-0.995653306000851,0.614197547789515,0.494743218126964,0.635330537215601,0.430104429692501
gene902,-0.232080293558597,-0.0479944735729841,1.39092695097555,-1.52692760103065,-0.0240957126249843,0.549351872595722,0.300979713294558,-0.282941832147597,-0.289619237514937,-0.210834165970525,-0.812058315297402,-0.558099092192229,-0.0870613825726125,-0.479926398433025,1.33418320157785,-0.386974813227911,1.02587815052636,-1.15460582604184,-0.166813479926913,-0.956257596625433
gene903,0.937928067517425,0.714418277027726,0.757574601962923,0.767855813669777,0.152362730884154,-0.379913641902807,-0.692462733290382,0.196734121858997,0.747624858630743,0.66671510702145,-0.675613051159858,-1.19447240796533,-0.176328620809404,0.986999016722069,-0.626191578444003,0.619326874758864,0.227879797583642,-0.746640834714555,-0.765793571598112,-0.662420016497065
gene904,0.303495392298021,-0.358243704644953,0.550040135458437,-0.189202857261645,1.07101145107081,0.202066383164813,0.0982261636299054,0.306923282546694,0.946818795190251,0.487669329087543,1.0279707976891,-0.139430170212333,-0.0178498368826089,1.61249205142267,-0.480837264521795,0.104856037221039,0.894116569954853,-0.69574209658391,0.182399521325069,0.36149149700816
gene905,-0.265656537261416,-1.48386747262735,-0.530446373472737,0.5134124888202,0.205526519910896,-0.290259391551386,-0.187566432163532,-0.487286817764876,-1.38777759770571,-0.210257253682212,0.460134969028319,-0.279206302207831,0.237811072347161,-0.188736493522518,-0.246554473999033,0.0152402377848272,0.565282309351567,-0.699793552368152,-0.0613762797055199,1.63574582626575
gene906,0.1942737416151,0.690369175575557,0.693215271770836,-0.339976405447583,0.721119217374039,-1.49528308485923,-0.654679525099559,0.208656651938979,0.486452866041671,-0.576324183363446,0.770902992071364,-0.973496394417078,0.679187731538901,0.826270239494742,-0.217577477258672,-1.42483437939795,-0.0247419958613258,1.26893112102561,-0.961023092228356,-0.625452968319092
gene907,-0.913701040737064,1.07418736584682,0.642925372781246,-0.635857826677488,-1.78813660749961,0.453210835064163,0.419948770279943,0.959269221395466,0.430636182175014,1.06155788725994,-0.360792399314184,0.01682306048442,1.24673884768085,-0.0126790235353162,0.272354883586675,0.141516666339307,0.511719018362818,-0.900541898230295,1.26203442437699,0.158897395806515
gene908,-0.287502224302208,-0.610189284492495,-0.209091735351005,0.22179484409525,2.25438190202033,-0.353519127597453,0.772801883146429,-0.713141635983402,-0.337949936322882,-2.10740145564352,0.134554245734207,-0.593407857127119,0.422079484874829,-0.0346504062481229,0.276410849554808,0.100747814736135,0.943690792687948,-1.43156995580816,0.485035723138336,-0.0741104406640582
gene909,0.241694313139795,0.891556689834626,0.826768161607155,-1.14428327290161,-0.617674728152135,-1.00041302373237,0.806023928776511,0.0280928476125362,0.711162455379609,-1.53657486259323,1.60110057890476,0.271522862481515,0.303418363348648,-1.18318678942095,-0.43270908325141,1.20697899720965,-0.317688336903574,-0.205785497387387,-0.296431401045379,-0.0241650160121029
gene910,-0.486659985790134,1.04575948196374,-0.847509990726652,0.423628193004972,-0.644981982282444,0.998713461802293,-0.706107346707021,0.0955732607802512,0.141920319772372,-0.411744512686266,-0.625273935636408,0.264037951339497,0.26668811982703,-0.584182250128757,0.361908049725513,0.555553043245692,-1.42884432395114,0.281727034549079,-0.0338954335483783,-0.382635438990912
gene911,0.663283399837938,0.585982384095794,-0.847916767841139,-1.00104038077153,0.307893001974027,0.581861545211646,0.465378723525018,-1.52240075097896,1.93616022323551,-0.100833891154229,0.0735483954747922,0.0165743635755156,-0.114833305630318,0.448395036123962,-1.2037735740519,0.72921074227807,-0.656878042250087,-0.915616307065702,-0.161503766724233,0.0060453537078209
gene912,0.319293791741184,0.389212648536741,0.346697274668623,0.790423385119959,0.0067497130530002,-0.0756715736961982,-0.375202852876513,0.116278419961783,0.930814207984292,-0.11941802580602,-0.119336093073252,0.466946577797559,-0.665162332617625,-0.659721151249859,0.178085827890168,0.108387006499561,-1.40130154918225,-0.655027160797651,-1.17797956080342,-0.718510860979148
gene913,0.183285513785882,-0.16084665587473,-1.04282132780764,-0.331980834961177,0.345749126010848,0.685137075139994,-1.43211341188226,1.05035539113001,-0.151028062155112,0.560802667959185,0.127790004768861,-1.8371745858056,0.524508421121236,0.683239560740037,-0.970991174918654,0.570600801557288,1.01847332635945,-0.223674386308126,-0.658095179988425,0.828647172706078
gene914,0.295335464283886,-0.256620124966707,-0.504689367313152,-0.549048538932288,0.638861608218598,-0.358629927356492,-0.808624874847619,-0.539630101484015,-1.35874959386864,-0.875955135070054,-0.571099873138005,0.855730302322346,0.783591005930864,0.183320831047527,0.0941910821096252,-0.138854953702059,-0.86641308963169,-0.27960114755464,1.02321203713827,0.50292952793107
gene915,-0.0639396222881174,-0.724581486458714,0.488303056841654,-0.717590803300812,0.384003958731,-0.155008148866552,-0.367483748379495,-1.00835937457352,-0.45326909622982,-1.39957104990153,-0.574583469912707,0.373433538283435,-0.109464671219694,-1.37438939414615,-0.0356659685253406,1.01518976265218,-0.385236128528647,-0.397126799189944,0.313342605110912,0.542151337128134
gene916,-0.609879381459067,0.407232921584314,0.26288763672807,0.472243509842449,-0.627735376251714,0.0249344051910353,-0.138553357332778,-0.608174845995023,0.511791294736911,-0.562229218657367,0.629315303888872,-0.30856218141487,0.730105096028414,-0.8598797079009,0.868927974473908,2.40447137025192,-0.487766619057706,0.0251810616396821,0.670337627823007,1.04938027707915
gene917,0.575480744258495,0.928113318348099,-0.318317664253982,-0.267734291298093,0.920700432660876,0.310557377295917,-0.455003992805708,1.07909733950687,0.450508814171407,0.330576996346871,0.59217361519804,0.414400587366179,-0.317563356642847,2.02446515007386,-1.24678178725005,0.764111725598521,0.827972713711134,0.592037791368324,0.644293062917072,1.94184845025537
gene918,0.237485269269558,0.27231731032189,-0.278902470313947,0.0332064635853879,0.301609095800993,0.280128515065952,-0.578090917296635,-0.337103402095873,0.230230557965263,-0.271936636831119,-0.210522952618322,1.35958054967196,-0.278347850853239,0.721689842747372,0.443768455236057,0.597397550203876,0.437471822351257,0.693007345781726,2.46065396519023,-0.830869653406336
gene919,-1.09150018573251,-0.558155731613614,-0.059093883481908,-0.47701899980547,0.219113159733306,0.762015095420303,0.64389302094551,-0.0179913855503144,-0.132331676563927,0.132806176924889,1.16897473275459,-1.48435043853989,1.18136631632679,0.463607049516229,0.241299026429044,0.51853702927739,-0.0615179854017005,-0.325529897951814,-0.271446257385054,0.352690429241745
gene920,-0.0429342243055501,0.379888954481301,0.581084381926416,0.305208879442339,0.134594747737896,0.438401385591787,0.716070427158379,2.13056841069779,0.388346825029427,0.983043618620677,1.40787872718822,-1.28384548306558,-0.749298520340243,1.56120433572925,-0.291810791162607,0.26055416369097,1.16177412540418,0.0671759520742444,0.0283861817961805,0.266800202505714
gene921,-0.704922535693116,-0.751349289618936,-0.0306150877595049,-1.28155131922596,-0.8153925851753,-0.217995150705613,-1.58835493448583,-0.102184587438267,0.66822820218188,0.20969628449155,-0.329186012012188,1.04594047166275,0.469098905388026,0.5217054375966,-1.01711134828048,0.631742343788766,-0.438804818802845,0.0891233458209811,1.49822074115412,-0.610710473296173
gene922,0.906392746774783,-0.282515378242414,-0.956819776786384,0.399179673450429,-0.212469178312896,-2.12487490393816,-0.820955731924242,0.439021807100282,-0.700001074496344,0.113271914083107,-0.42640820944433,0.257654584392705,-0.174855183421558,-0.0177465834254303,0.297422071087253,-0.629012754380888,0.968810927212919,-0.164823456597125,0.0777789763673835,-1.04167011925782
gene923,0.0304411621579538,-0.412706788757248,-1.46155840240664,-0.0754824617646263,0.0039747099340317,-0.220895338852404,-1.07288120607354,1.10418472412464,0.157530828436318,0.835591789356596,-1.63058819183682,0.876002846561016,1.1388149094053,0.122404247388985,-0.433832086339172,1.12834192072436,0.284265675089107,1.05662772702587,0.0010723663377262,-1.42543303560363
gene924,-1.26401693757407,-0.956193983850962,0.683127386416932,-0.391409732156989,0.0457252923677446,-0.539976114973603,0.248245235947073,0.358101586703563,0.924055114275043,-0.776742874341699,-0.213134670879816,-0.769704862091955,-0.550450350125535,-0.20638109921076,0.428308888004963,0.334167584999629,0.695188809708379,-0.590684264100621,-0.218436033716944,0.140337832650183
gene925,0.729944120846568,-0.167397550459608,-0.0477093640459302,0.227911261405661,1.49379547779568,2.01290796942128,-0.427889867655393,0.490833253950332,0.300454076436039,-0.743274683764539,-0.329025340794436,-0.539072510062879,-0.46037222189659,0.902002552315636,-1.15480715705356,0.246906947151374,-0.358267615923047,0.305568883148408,0.717245869012362,-0.0662100501983501
gene926,-0.479171886913053,-0.279064834308317,1.23761016816279,0.291449956287356,0.740726704841719,-0.975761415466171,-0.438732694016515,-0.424855882360093,-1.09019960029501,0.323396647995006,-0.550130233098425,0.497670201995477,0.622443348295169,-0.737212615540804,-0.336690215459443,-1.99055365414187,-0.319520897419413,1.00377892203708,-0.868539907104569,0.865340540590029
gene927,-0.330579166293134,0.71174610948189,-0.264422420340154,-0.0498038717439099,-1.00663331506322,0.873340440519529,0.652828472048362,0.0628300191276366,0.768617073934298,1.26384055369219,0.554678880910248,-0.291615275266251,-0.127347256806573,0.605998545647261,-0.129965016987903,0.426924401471858,-0.550029800296685,0.196301094558053,0.0628629188440315,1.36370125340905
gene928,0.375669111295368,0.059322800760464,0.225390813334312,-0.166320924426174,-1.00218803930593,-0.170481456219612,1.81403313646717,-0.832322663980322,-0.325584109648844,0.236566780967885,-1.2825988427056,0.163639278311891,0.347929047740998,1.98555735178765,-0.790448433375215,-0.998825865922692,0.697382449238997,-0.450189139662333,-0.596796328776824,0.746100037842539
gene929,0.0035905369002042,1.56690942656009,0.0518229325409856,-0.541607841043738,0.347702024047825,0.681852508767947,-0.111800688138074,-0.763793277996326,1.40634523062193,-0.686928524648635,-0.136920907414399,-0.965172163616647,0.108007678454517,-0.113714289380662,0.0579380876440777,-0.165397251397426,-1.07495784270268,0.133200810379379,0.169685025581611,0.454598869657714
gene930,-0.470574623240014,0.398047024260343,0.48536380105444,-0.862620460385691,1.83887587668817,0.0997412058732943,-0.203156305559217,0.707679392843647,0.417447323744418,1.10992001437403,-2.03189358635493,-0.163104206349348,-0.276986460767624,-0.236344046376013,1.09472202615619,-0.109102647315043,-0.533051635639434,-0.500047648951956,-1.67745540764267,0.835436759437643
gene931,-0.17193009375626,1.33608178570373,0.370623062596115,0.0955880976845087,0.745616161699653,0.334471450325687,-0.207057120336102,0.244216052094573,1.03828438245637,0.434566472229752,0.392822306037576,0.0737709972991129,1.00034637730429,0.756220959633797,-0.384442751875115,1.16341828354839,0.322768622460561,-0.26657589524074,0.197699076801189,0.264940121543615
gene932,0.0696566807407387,1.47170160583944,-0.686516999921686,0.35147378650782,-1.0833402299979,-0.737290413549794,-0.845297171131295,-1.16321360694172,-1.19403680972054,-0.0399181842400085,-0.760837749457119,-0.0114172187222704,-0.0970672773396668,1.07798273052156,0.356230396682493,-0.280875143547807,-0.578379777783869,-0.638211537882628,0.666689408334209,0.663962408837141
gene933,-0.328109602074368,0.0990097000284818,-1.53226273324065,0.783689984538126,-0.568272401831823,0.834006643287999,-0.356941049619537,0.458320766657455,-2.5368344308637,-1.94015590005279,0.0968788236512416,-0.294086944054196,-1.43178560798282,-0.745940901240944,0.868576967359499,-0.14213975201804,-0.225049448096516,-0.331760341939993,-0.345416527511912,0.364135869740921
gene934,0.702456767311048,0.409586293104861,-0.497660176717229,0.827441191925343,-1.19926193076727,0.780976260586214,0.0782794140037362,-0.973715106302838,-0.007362970926499,0.041857851379924,1.00060859905096,0.353874227333663,1.70920927185994,-0.15833965118323,0.185403977991236,0.179585409334505,0.94801163518235,-0.463353799275955,-1.49966895320953,0.714018399170876
gene935,0.0392436671233998,2.01592199139978,-0.220915021696741,0.669860882119988,0.171982386191007,-0.297303510278278,-1.31169334144391,-0.083909380969717,-0.245424143230912,0.0759579250942145,0.0823122883906181,0.511229511394246,-0.29315092582981,-0.162161565020202,0.279505918606571,0.958991300788506,-0.521020081718415,-0.927661956029429,0.121244331220653,0.703920211244396
gene936,0.335821768213926,-0.0543631730459251,0.988982161357833,0.707727998737261,0.802079439646119,-0.287891558296786,-0.211223695895485,-0.743062422771112,-0.558021545348423,-0.969939582124938,-0.293419087657467,-1.39269001873309,-0.4747187280233,0.280254988845548,0.64251250349381,0.827894254524789,0.865652510706092,0.822430943583872,-0.581502833832269,0.451582320255098
gene937,-0.412643277579155,-0.428839955615477,-0.176783384178673,-0.180676877040059,0.244280031431199,1.08500447955777,-0.270230968339026,-0.342060974411292,0.745450469337617,0.121402337056676,0.192913789427124,-1.30583992306172,-0.181297053493985,-0.488311083354894,-0.731952700713216,-0.423413627761116,0.905261931881019,0.3255045767492,0.963184515971532,-0.792687820083141
gene938,-0.988652800912813,1.51249794905555,-0.875844144439968,-0.963702154887689,0.373981735333394,1.22818441075605,0.311194368053901,-0.41001732602781,0.937559312626057,-0.493428453780209,-0.558847289759544,-0.851870717098337,1.01371264686005,-0.26248821146125,-0.357829697202812,-1.16172477370884,0.634081849389989,0.886198484362451,-0.866010813102821,-0.0835052404149765
gene939,-0.72950041200623,0.320758786866644,-0.517070877234345,0.121749149227875,0.663634447661727,-0.856278730377182,0.454258712096601,-0.227525502135076,-0.339128135615955,1.87672348304238,0.759769195724857,-0.294267377742992,-0.417691381699318,-0.842915216366055,0.115340819463604,-0.0300721637709244,-0.351427155874449,0.343293861922163,0.0565951988327876,0.540200649804204
gene940,-1.15018946392047,-0.584156727735961,1.17541643669055,-0.0837577906359732,-1.37764601244542,-0.0674159124709827,-0.235204808143755,0.798555426786714,-0.0528260888934076,0.258061574634426,0.0102707869946124,0.35771703248179,-0.362421374365438,-1.83460237734269,1.26802296680203,1.06644758307827,0.510196787003377,2.26970300118213,0.100476484026233,-0.379899310709178
gene941,-0.633913227369569,1.20948232919494,-0.352813476716049,1.0573318169084,1.24232129721717,-0.150834656433999,0.068388700568145,-0.951570159804366,-1.70908754505739,-0.659214023554611,0.377952541650969,-1.07299059685174,-0.710058950849582,-0.171320019563728,0.925328040613893,-0.177629380544856,-1.20064185965368,0.0929740143085494,-0.182805854291966,-0.334191345613049
gene942,1.36684537315143,0.215278796193851,0.566977640088463,0.124706826599611,-0.447461205389982,0.744550707338348,-0.999273169650926,-0.272888065510172,-0.610114653013503,0.2273979729449,-0.812976013549946,1.06611945861153,0.553601918558755,0.142551425332043,-0.911068548575528,0.220304870323705,-0.442573857233903,0.117908615866316,0.323766973916723,-0.501328125468895
gene943,0.592307939433237,0.495463007689671,-0.394201576485687,0.937882399092576,-0.172944265432002,0.519345341530656,-0.476974728429942,0.302395977078698,0.173049708641907,-0.485194217487305,0.788251300846929,0.431786805783428,0.0365513448448535,-0.156120717274431,-0.0007969218191417,-0.194713549474097,0.264969678011363,-0.273205782577477,0.220939622956559,1.10241417766762
gene944,-0.697975631622305,0.398834041068867,0.485771791266396,-0.605716803935205,0.246068523729595,0.0403491539599431,-0.306870196190052,0.205880206683073,0.675261981100052,-0.844833732471884,-0.129535350261845,-0.115122723527371,-0.537866012622194,-0.171466438563099,-0.296496896676839,-0.398623920519927,-0.370259905568991,-0.531794619936653,0.577360714164457,-2.18866196443381
gene945,-0.53554794697383,-1.95037244158238,0.500431339302055,0.596464937396675,0.338538771353364,0.907159733810289,-0.350610962586971,0.785122243141163,-0.0080989061748586,0.488327459998235,0.130074022329243,-0.659030371336531,-0.493387691973876,-0.273474491927463,0.617244075549626,-1.01500617753225,0.553772039522157,0.13627284566746,0.240137266113375,-1.05242591713658
gene946,0.286372093662555,-0.365108995044019,-0.0460218978067382,-1.35127245019937,-0.182335659589418,-0.968113336789592,0.774258563413292,0.208788824916315,-0.277724394011061,0.389100711635878,-0.363910738136226,0.435546762954376,0.688669334492512,-0.667100013042379,-0.180629701717596,1.8603368993747,-1.16506796933729,0.176014451543603,-0.220765208320919,-0.693662103080525
gene947,0.512140841827379,-0.259229235509903,0.747669937211389,0.154621008168067,0.456366779951587,0.0944238922723752,0.0580848837717359,-0.37351271977214,-1.02643721396808,0.402823464526593,-0.722970525807923,-0.118362926141364,-0.131170762847404,0.933621530723418,0.314469365673492,-0.793294849855454,0.793586299753983,-0.765678137186465,0.589111111239041,-1.04237629107896
gene948,-0.213750846590678,-0.929066460610401,0.168363515352303,-0.226403763829665,1.4768410455783,-0.169786059765563,0.573677294728146,-1.31534230437324,-0.518155378124532,0.800899603972804,-0.0416471189607929,-0.0595915815440897,0.691004240005025,-0.340747705514535,-0.490095284281,-0.213818162384544,-0.446843692686459,0.0789936012940926,0.820659001001709,0.652118669566877
gene949,0.864908101037848,0.317860418964718,0.567476890427894,-0.706739347306571,-1.1016352329201,0.0088135231707195,0.64307706403316,0.920257057868451,1.03481449769636,-0.268450066464998,-0.100327509804839,-0.759335997848666,-0.771866460452683,0.227197590221646,-0.0343013988182723,-0.840036656525324,1.00146961038443,-0.224572156929987,1.20284583560022,-1.15604148405088
gene950,0.524088606562407,0.111577636083017,0.65942082241278,-0.421845016966261,1.01063414138563,-0.294288795959005,0.0282963081879364,-0.65250133834274,-0.391231318750714,-0.252165991104497,0.862978028400288,-0.705653745227182,0.216385207731257,-0.113330900337641,-1.35401210753644,0.588067345659268,-0.802208273977681,-0.993681553425848,-0.0886466628545246,0.138620906637579
gene951,0.578738772587522,0.183759910026038,-0.0428984867093537,0.891331886709027,0.523610742852504,0.126238892617563,0.524400383183595,0.0126011184832897,1.05550654977504,-0.141037088000718,-0.0671825110768151,0.152610850152661,-0.958046517460689,0.541101040832789,-0.0619902387184072,-0.309317014910503,1.08409640969527,0.0237424208887282,-0.944948309526757,-0.508609279096049
gene952,-0.758448310566659,0.224104770808266,0.624532573273408,-0.150840364983829,-0.601840032443286,0.529864501107521,0.788583719846333,-0.238842076008726,-0.31135259970333,0.681973060526493,0.993721491015867,-0.499583043541199,1.06763425311616,-0.978409220329845,0.119266197448101,0.687875714170806,0.388038056482197,-0.108269478225289,0.750523650969932,-0.84319275936684
gene953,-0.756350512484498,0.436673762702087,0.313465653489225,0.359216580044621,0.714235754611854,-1.27953738465782,0.814401875473635,1.2834205259656,0.34266207285558,0.817788384483612,-0.825209845549115,-0.9556559899095,0.207683910332299,-1.0095801621309,-1.74292947733972,-0.144057593872199,-0.0392814827170576,0.165958487919931,0.0294479312107445,0.0449735651903405
gene954,-1.73505612798394,0.696115686654103,0.590131310232001,0.719745244815436,-0.229827225633133,-0.292141347536721,0.840774133684255,0.688641309408256,-0.35828558624386,0.492681348449581,-0.876103744851293,-0.916934342860012,0.293569074304148,0.446446853087796,-0.595381096076263,-0.247163569368769,1.03305641498561,0.464507041365112,-0.453043933638111,0.979417406243016
gene955,-0.948376274638753,-1.12021344740896,0.353117916322666,-0.0281403241340757,-0.0976373099761355,0.735555995918616,-0.3836241771045,-0.484489153538166,-0.639061054310254,-1.24573871830789,0.038924207894359,0.555267218206104,0.809075700808316,-0.639810508486093,0.579521703390561,0.11705113331547,-0.809865639525016,-0.395203607901521,-0.0242408450872725,-0.574038046463367
gene956,-0.826682649583806,-1.43468764661512,-0.502411087003926,0.177320988591332,1.50082427484686,0.906804413415754,0.90125962373367,-0.32002902965261,-1.21441463814643,0.957930150513518,-0.65614021548583,-0.0483299119743166,-0.834547092252468,-0.319851133371287,0.448533677527255,1.25639224425534,0.344945244308977,-0.406846175903601,0.243417431403659,-0.287885772880653
gene957,-0.837973623550899,-0.794687487486087,-0.359345916812484,-1.66787072606081,-0.39304063517689,-1.22743657979138,-0.227548081687378,0.0552927663272249,-0.750977532533145,1.70971665408724,0.194435132061878,-0.915363846436637,0.078266237509484,0.201089080305256,-0.354775764210772,0.870576518256627,0.369026841011449,-0.120073100425623,-2.17383696448195,0.136277197606008
gene958,-0.191415493762735,-0.292012704004583,0.0584927012758252,-0.327843091840409,-0.837708707426476,0.679646910769075,0.521637158338693,0.0680824230661333,-0.668331800292217,-0.329374599379479,-0.588955070274838,0.249850154433312,-1.01646610317112,-0.62312609409736,-0.513762970209752,0.423015046751013,0.672955728908282,-0.727002571317659,-0.229185591440881,-1.05484406901907
gene959,-0.0908690846245069,0.914012280434093,0.0802589113265123,-0.189400388938592,0.0997927040040309,0.11354695965743,-0.993237255251715,0.695423187920173,-0.202070079705113,1.4562832799571,-0.28834687582988,-0.358776030478826,-1.03710222118739,-0.679896433658713,0.621105916623629,-0.179087761652717,-0.495348300371965,-0.62117531904441,0.0140374542046655,-0.0101238366550719
gene960,0.440796987654217,-1.61415113210158,0.450292487672344,0.636149420253015,0.811733450239411,0.587271727568141,-3.03641400785048,0.807129984907311,-0.192527341007995,-0.151341561050737,0.944777396529399,-0.114184737173988,0.155975560471079,-0.738709408308214,-0.216767006535196,-0.0949485705368724,0.389199868916838,-0.0337759505150876,-0.406840974965111,-0.446721259185778
gene961,0.828695151428793,0.467196464167978,1.1221580849936,-0.0855509673137611,0.741172610257347,0.367414888637284,0.25991798216007,-1.61363296562929,1.0562955745514,-0.17817553936316,0.694942590526278,0.0386881295339908,0.532073167321783,-0.307928423597094,1.15272388058487,1.43449869332358,-0.39743734902057,0.0385895900513678,0.734176978669704,-1.44151860183521
gene962,0.702319303621222,-0.910399905118121,-0.549975471996273,-0.0554571747118422,-0.950141898308861,-0.176408926783296,0.91812156807753,-0.365694208450097,-0.794667598888242,0.0499887485892386,1.10551910170064,0.85779991680262,-0.167810835277238,-0.572042098698078,-0.673271173126788,-0.823565670853907,-0.469017296309793,-1.53259354897878,-0.182496425442265,-0.176274615790246
gene963,1.2923521085694,0.0455072761129305,1.47783434610578,-1.11239717386418,-0.273059876802295,0.244667971392123,-1.18604649268679,0.756404563080907,-0.669451015669204,-0.0779928634942212,-0.0741995722380763,0.636856688454148,0.0994101700782869,-0.896003448283501,0.398339909071592,1.14848339753489,0.426385838568225,-0.358470462808691,0.587650772173256,0.0232097948808662
gene964,1.58419273379876,0.669399884771522,-0.0662761657582472,-0.0988087985951995,0.133551219816464,1.67962440151485,0.0831087319907322,0.396176094678186,0.86680014384854,0.174022893449619,0.464933236311903,1.69404875837059,-0.281874970800142,0.194998928415566,-1.18342299944128,-0.193081067578381,0.79646663978342,0.432544623246585,-0.384173304704405,0.748975042746334
gene965,-0.969662663915327,0.568335154602834,1.59418218727188,0.397877293612031,-1.37563644003977,0.530386235452717,0.408537906702106,-1.05055697619201,-2.7235754787067,-0.430496602529482,1.56747288954897,-0.384037378346007,-1.4839689522352,0.279190957561074,0.162631339802492,-0.543777025351221,0.56999430916307,0.978873561096493,1.40612707767208,0.55369687452099
gene966,0.322108517318847,1.48885860038651,-0.194515590090651,1.71313442836635,-0.405622630296588,-0.259377994793609,-0.17520405480765,-0.0396596689855531,-0.68873304382487,-0.576566499309224,-0.171197211639592,1.06483489303351,-0.336496688520879,-0.365638288060159,-0.389611454666603,0.617241057206968,0.405821290421879,-0.289698091451274,-0.303030768034921,0.521180863077952
gene967,-0.274986644365935,0.121073229563582,1.00205758151729,-1.05457947620738,-0.643857058202022,-1.37621231589013,-0.165507939026318,-0.277900200661973,-0.871604111006538,-0.0714635695786857,-0.583389437334227,0.0670273724950528,-1.26096975395764,0.0153652194935945,0.0670008089186892,-0.741853173139933,0.768095404812712,0.984964188337049,0.959582838854049,-0.426621616339407
gene968,0.654111859828247,-0.0083162491247172,-0.254798517448272,0.250992917017538,0.0881576326934609,-0.72442208886735,1.47254621525518,0.645796403715351,1.12506255966558,-2.48219578340293,0.240419703144197,1.19296653177912,0.683497158082676,0.498992374300873,0.280453360988422,-0.678694188494895,0.396607347774939,-0.226233732767419,-0.338476362025674,0.138212309745293
gene969,0.428470369807122,0.141951763039483,-0.273564820831536,0.206928196345517,0.141735951280729,0.484058534835425,0.558983352568642,0.125219857036256,0.0384148074122344,0.905689226043843,0.419521418369032,-0.684349005972896,-0.586000640081035,-0.532837566535253,0.133057786508415,0.0935768092946082,-0.451348130426632,-0.597807067710702,-0.572049436125726,-0.41668656202936
gene970,-0.482531571099923,0.0363154487304014,-0.189125018350049,-0.444199082170208,-0.0920263113817726,0.145215533777159,0.0829254463236217,0.964454704670306,-0.277302164828813,-0.10524854305587,0.281759728525414,0.149204805366676,-1.03143889516371,-0.239103509017207,-0.237538699447791,-0.138313834367157,-0.166415558998207,0.442371145695902,-1.41826081811786,0.414120336891186
gene971,-0.18785114006495,-1.65034627712452,-0.348402130620075,0.600396960410983,0.471065305312227,-0.228849982228969,0.41998627772181,-1.79095660633818,-0.85137502625477,-0.404499339063743,-0.136559136045182,-0.846081182140755,-0.0363627407460687,1.05702176278059,-1.00158639201342,-2.32679137819783,-0.713181386329878,0.922832586419112,-0.739429904893018,-0.352683859312672
gene972,-1.15478434611452,-1.16325940292887,-1.05942350905907,-0.486194872531294,-0.0913508920047653,0.013332146509861,0.343654048625639,0.512585041749088,0.435570598838663,-0.943064676380763,-2.09044177570618,-1.62824020996573,-0.475754891313982,0.791918095271299,-0.792425532375184,0.254398997252867,-0.217454762799054,0.221378573644837,0.582745233527192,-0.693715263533198
gene973,0.602625777079638,-1.20290534119714,-1.19430950726907,1.79404606864065,-0.635425415854247,-0.332942493039048,-1.88061833911766,-0.240755315129809,0.588854625276639,1.10876552653904,-0.796260204410621,-0.152105981484816,0.998889527916397,-0.32605838924925,-1.08743174260195,-0.252548869301562,-0.848573481627913,-0.691203418241498,0.237281668253219,0.630351439694639
gene974,-0.699581866558366,-0.806294302329398,0.0757868373280837,0.0933865131692403,0.508946253294728,-0.785862813276476,-1.44915937836168,-0.376523228926773,0.546395256654174,0.0786175412732312,0.361682592586292,-0.311454087277192,1.04518559825827,0.420770243730294,0.237603970265804,0.778172701702348,0.26497204519532,-0.370799330989683,0.860041081356321,0.186569593406509
gene975,-0.671313415276847,0.0032718788695134,0.524789125870929,0.54406534595033,-0.05170272719324,-0.0749361169470592,-0.694821119761205,-0.0016511786120878,0.770122222370802,-0.654580746203607,-0.245527390985436,0.314625229617968,-2.17528710463489,-1.03446749532863,-0.204494984778675,-1.05772470851003,1.10203920268381,-1.82189792037993,0.0790125840105733,1.53839660250734
gene976,0.77387914188377,-0.107464935996209,0.909426789375163,-1.26895149428086,-0.904148859964351,-0.110593419663639,1.3640261055213,-0.320755015830724,0.940040295879748,0.422957430673158,-0.0556655863171175,-1.20908758471568,0.109119583921684,0.602900510939792,-0.65097008111452,-0.543482444249015,0.228084728189207,2.17390479752182,0.128141162655234,-1.17033706945677
gene977,0.721915741404603,-1.05551355085993,1.14041614284075,0.362617704435778,-1.34803479409845,0.902404107264143,0.731100016183238,1.48080785276684,0.771729059005736,0.0521245934084529,-1.18250375453553,-0.345587901951089,-0.471231547584003,0.632987442804985,0.496809308657277,-0.72662646645157,-0.424236796764229,-2.01007042502357,-0.21530177562715,0.990063600426887
gene978,-2.03880794413377,1.09653101544772,-0.470295848849119,1.09140096181025,1.04456335327236,1.29532253131324,-1.79928289896301,0.414239728111826,1.09092725034465,-0.827475111423018,0.682189595686664,-0.818780607761801,-0.683292092886103,-0.328875679538076,2.73402203812139,1.10810641118972,-0.607266248447994,0.16649695596764,0.528993729094452,0.385601454196528
gene979,1.14949592495256,0.205225131989224,-0.785124573003133,0.771288179195909,-1.23407468003635,0.64520993276693,-0.597519777803076,0.624581537078132,-0.111174936411039,0.235905369464906,-0.580279040222354,0.108049723852637,-1.51810937950348,0.546998091270625,-1.19441552883561,-0.723644882171379,-1.20016195242914,0.483988550071621,-0.221173880004846,0.119313743070954
gene980,1.38201841229355,2.50025122192592,-0.348399183445196,-0.461033491020213,0.444997950306492,-2.08896784719667,0.511618455695994,0.0987933766445318,-1.08768186463807,0.712642916162569,-0.0079175059107343,0.497286753450406,1.26726889962114,0.548143536939735,-0.656583828647954,0.330259426035462,-1.73319328517019,-0.0940931917390312,-0.0728637617452794,-0.0844201226117007
gene981,0.0427935702773264,-0.0467998439517666,0.179899451933474,0.387399175939043,-0.0932496055403186,0.183081298642552,1.01443546974434,-0.196562581986645,-0.220998290101542,-0.94606283991126,0.540972296918666,0.322690976357563,0.858629229838637,0.341234853213461,0.723780629192546,0.373393414628484,0.0527545322214142,-0.478381906400175,-0.521274938955081,-0.0147888101772794
gene982,0.0846805823475904,-0.05041013768124,-0.674507866671762,0.735718703491345,-0.881991981498336,0.54883736272175,0.0045578817448927,-0.0521697417104457,0.145180258728707,0.955814530429129,0.233549850182141,0.240027007852725,-0.674790589025772,-0.719068658374637,0.943821566061143,0.285448716727015,-0.348347358781507,0.694347711386304,0.164439079645295,-1.44036975028254
gene983,-0.148352672748145,-0.434686751881845,0.119805025356137,0.77854315024303,-0.811374819531008,-0.657579975500453,-0.509548920175372,0.811756163051674,-1.13895182202599,0.640487058078949,-0.622603187867032,-1.11039668221597,0.716445806713866,1.29784293330992,-1.04957896259112,0.117581242889922,-0.619800614951012,-0.819341322283045,0.508050770753066,0.36831201701014
gene984,-1.29508281315108,0.64820283314196,-0.250830034441548,-1.44235773654859,0.527668622742528,0.742853084765006,0.866928739994537,-0.48514734635395,1.67260942850386,-0.691149965774513,0.233668528220619,-1.38822017797235,-0.429624403057431,0.762640502977965,0.77339616504086,0.384830694132756,0.752628035315207,0.521283045193308,-0.170422045301553,0.748006862805521
gene985,-0.476777802594744,-0.823515017544239,-1.44026970392804,0.99982834396624,0.267812905786493,-0.405270337521891,0.244706559053519,1.09024196756006,-0.704055309033457,1.09971211484806,0.827990585967554,-0.603111061438984,-0.120257377066423,0.153611678632061,-0.875994109353319,-1.0783440437755,-0.323952944855368,1.28991718697194,-0.742144482641407,-0.322518370569784
gene986,0.195158660021538,1.61646729702531,0.680507345271355,0.69848732875651,1.70920905967797,-0.223407748104102,-0.20403603704397,0.272879963308071,-0.0428937761696914,1.14743454889712,0.395003874083472,0.487304922878316,0.451503307870282,-0.0516147563432182,0.868827221184325,0.906523057108366,-0.13584134814617,0.174871527055314,2.68540478938216,-0.226954782852874
gene987,-0.966200183979517,-0.569820873518576,0.393169333884717,0.232845976708409,1.0970980742768,0.287732264611761,0.0146886302429636,0.756434632698937,0.0536931266815345,0.654112394383844,0.329415705984956,-1.85913068846802,0.575812913487185,-0.281347491650096,1.09831375834109,0.29717202897791,0.0841315667085589,0.448801494305809,-1.04135223551254,-0.763998522704442
gene988,0.479846837589183,0.465854538344038,0.196279531362596,-1.10609076976118,0.138572032068122,-0.487590618747769,0.131188322298306,0.0948437002238905,-1.24936769368366,-0.226887124171792,-1.65035828431599,0.608261566774903,0.189460508664431,0.338298625021762,0.390978527913186,0.917893752907361,0.522457398113441,-0.10017007425753,-0.390085533860122,-1.07871810965493
gene989,0.120431268358989,0.257583937746995,0.569726818012267,0.702100734192544,-0.145963623629994,-0.0687980235357273,0.250217729797392,-0.317405453956316,0.0488873439872626,-0.855848049705817,0.464403634142545,0.0765770020256277,-0.505535910096823,-0.287757600271904,0.0749293943470521,-0.591871210646967,0.664888852424304,1.15529269362905,0.0146940769987536,2.21948607834298
gene990,-0.890724688477193,1.00430140377313,-0.881931072971174,0.199313715285195,-0.287547002339905,-0.54700671861945,0.517335541358104,-1.10394081592415,0.621697183037575,0.811067001219004,0.311071376085365,-0.334353831539881,0.450936241164746,-0.169212990462656,1.15012915469341,-0.397309212739278,0.0834218520708222,0.151277689145964,-0.181114322233518,-0.26345261621663
gene991,-0.438402784940817,-0.52847223228036,2.49218377833038,-0.174541718706868,1.31679601407354,-1.21844970848786,0.467295450735546,-0.719749778428383,0.0819161854282898,-0.284906325795017,0.544842520913678,0.705970741274879,1.03291137068171,0.575356648756323,-0.354356190449419,0.438560664959711,-0.609663761924322,-1.34337127906406,-0.232886343056252,-0.0570241371895292
gene992,-0.0384466035261577,0.974632193285962,-0.254538627971914,0.069091559918152,-1.28355085900058,0.38490526064897,-0.722195320180228,0.532659636534853,0.390391439947336,0.473926589933679,1.47496333208756,0.531181633831821,1.01228122076044,0.0840776845060357,0.640976465945699,0.714084412663916,0.233022632974653,0.470412594762731,0.0338439720524669,-0.0116658567319645
gene993,-0.0751754287339002,-0.499488060792515,-0.423205350055126,0.657759482183905,0.036370556885194,-0.706524956232061,0.856949176821294,0.0284181279518966,-1.01023410099568,0.279657623177599,-0.115884654797021,-0.455127820226684,0.339029676270201,2.1799382083152,0.0022039731467643,-0.662576300177173,0.426250297149082,1.34934657265606,-1.9773812669626,-0.362596429530449
gene994,-0.434978969080003,0.0622460198728198,0.557441160245855,-0.258995619726647,-0.743030947905754,-0.40642396857626,-0.283351299739216,0.532527409779411,0.858280128257205,0.640298800648205,2.62386561772663,-0.21270793063444,-0.315855015179044,0.487147303207394,0.331143754358414,-0.632130710326919,-0.828715296849964,1.00258981319137,-0.616540070077916,-0.610745238091851
gene995,1.27687987784406,1.24713958763034,-0.0701354579988419,1.99151980093378,-1.63261125935231,-0.0210554702217973,-0.154462649442283,-0.574238654169985,-0.889582582314422,0.601558164329139,-0.0447516685381479,1.43169959259218,-0.519977715141801,-0.381634430001075,0.393149449608337,-0.132319643357131,1.26420643830136,-0.329157318258678,-0.0339852834025987,-0.516229171829572
gene996,0.33199853930996,0.463272073018216,-0.0809334082819734,-0.615972403047941,1.11184032167359,-0.105824576349946,1.49935945429074,0.502480153450728,0.156154037097148,0.508586820257696,-0.431609036447095,-0.220816246344723,-0.500438675525321,0.304242981158368,0.828636723068177,-0.949035605841014,0.549712027727659,-0.161693227012012,-0.12903060147377,1.06162857723644
gene997,0.86056615706308,0.434573976021309,1.33161888510304,-0.244836809704515,-0.673336925024992,0.565924838861371,0.201067731385355,-0.179426093337894,0.203581747966401,-1.03340689778542,0.140786540994766,0.149060150522409,-2.18369090595069,-0.243732802149203,-0.479437946068682,2.25376139774921,0.032243037095589,-0.848479532951967,-0.821760581428476,0.430743218129161
gene998,0.767870870826297,-0.326341690390423,0.78316823931032,0.145770636998611,-1.11816501654421,0.724467716288808,-1.02278027964768,-0.535793698845583,1.03618330111936,-0.485748112053803,0.891626396658594,0.173509490543108,0.2335585066669,1.18509686340872,-1.69503291248508,-0.432253152282943,-1.00553228567676,0.417656808183384,1.25256188268829,0.155747670130018
gene999,-0.28310161241468,-0.661128026729386,-0.547906220226144,-0.515941135327544,-1.10909606655384,-0.409914543493912,0.0987607338477148,-2.13615214499316,-0.69076638821267,0.121356178075026,-0.483941643580377,0.0952344662306621,-0.176342346515649,0.308288925026248,-0.3047133735977,0.190994305580191,0.129961769634121,0.0371922525422303,-0.869507977071738,-0.112454576052799
